poll_iteration,poll_start_ns,poll_end_ns,poll_interval_ns,interface,operstate,t_ns,kind,bytes,packets,drops,overlimits,requeues,backlog_bytes,qlen,rx_bytes,rx_packets,rx_dropped,tx_bytes,tx_packets,tx_dropped
0,3864567836591083,3864567837635039,0,sA-eth3,up,3864567837468558,netem,474,7,0,0,0,0,0,480,6,0,740,10,0
1,3864567856658952,3864567857501596,20067869,sA-eth3,up,3864567857401916,netem,474,7,0,0,0,0,0,480,6,0,740,10,0
2,3864567876652540,3864567877483464,19993588,sA-eth3,up,3864567877398094,netem,688,10,0,0,0,0,0,13948,12,0,954,13,0
3,3864567896647728,3864567897335282,19995188,sA-eth3,up,3864567897250681,netem,1678,25,0,0,0,0,0,232138,27,0,1944,28,0
4,3864567916648287,3864567917366550,20000559,sA-eth3,up,3864567917291010,netem,2758,41,0,0,0,66,1,489556,44,0,3090,45,0
5,3864567936648255,3864567937373249,19999968,sA-eth3,up,3864567937297928,netem,3748,56,0,0,0,0,0,738088,58,0,4014,59,0
6,3864567956648203,3864567957326217,19999948,sA-eth3,up,3864567957244286,netem,4540,68,0,0,0,0,0,985192,72,0,4806,71,0
7,3864567976649312,3864567977348525,20001109,sA-eth3,up,3864567977240965,netem,5398,81,0,0,0,66,1,1240898,85,0,5664,84,0
8,3864567996647950,3864567997306773,19998638,sA-eth3,up,3864567997227963,netem,6388,96,0,0,0,0,0,1486798,103,0,6654,99,0
9,3864568016649638,3864568017338262,20001688,sA-eth3,up,3864568017233781,netem,7444,112,0,0,0,132,2,1748560,120,0,7776,116,0
10,3864568036646796,3864568037296370,19997158,sA-eth3,up,3864568037211799,netem,8500,128,0,0,0,66,1,1987088,136,0,8766,131,0
11,3864568056657145,3864568057480629,20010349,sA-eth3,up,3864568057374779,netem,9490,143,0,0,0,66,1,2106734,143,0,9822,147,0
12,3864568076647823,3864568077372577,19990678,sA-eth3,up,3864568077258546,netem,197382,269,0,0,0,52990,3,2107724,158,0,190388,162,0
13,3864568096647861,3864568097298755,20000038,sA-eth3,up,3864568097227784,netem,453248,438,0,0,0,34822,2,2108780,174,0,436156,178,0
14,3864568116645850,3864568117289583,19997989,sA-eth3,up,3864568117201523,netem,700116,602,0,0,0,59046,3,2109704,188,0,673190,193,0
15,3864568136646158,3864568137411512,20000308,sA-eth3,up,3864568137330662,netem,945384,764,0,0,0,89326,5,2110496,200,0,908558,205,0
16,3864568156646096,3864568157245070,19999938,sA-eth3,up,3864568157163879,netem,1204278,935,0,0,0,72672,3,2111420,214,0,1157090,219,0
17,3864568176646895,3864568177301348,20000799,sA-eth3,up,3864568177247218,netem,1441976,1092,0,0,0,115064,8,2112344,228,0,1385350,233,0
18,3864568196645553,3864568197250226,19998658,sA-eth3,up,3864568197172676,netem,1708440,1268,0,0,0,96896,6,2113532,246,0,1641386,251,0
19,3864568216645861,3864568217293975,20000308,sA-eth3,up,3864568217226614,netem,1938568,1420,0,0,0,139288,9,2114456,260,0,1862406,265,0
20,3864568236645240,3864568237275283,19999379,sA-eth3,up,3864568237198833,netem,2202518,1595,0,0,0,0,0,2115512,276,0,2115862,281,0
21,3864568256646288,3864568257240441,20001048,sA-eth3,up,3864568257180971,netem,2203244,1606,0,0,0,66,1,2458386,293,0,2116588,292,0
22,3864568276645076,3864568277335630,19998788,sA-eth3,up,3864568277275140,netem,2203904,1616,0,0,0,66,1,2721464,308,0,2117248,302,0
23,3864568296644955,3864568297237458,19999879,sA-eth3,up,3864568297177818,netem,2204894,1631,0,0,0,0,0,2975854,323,0,2118238,317,0
24,3864568316645283,3864568317319167,20000328,sA-eth3,up,3864568317262526,netem,2205884,1646,0,0,0,66,1,3224650,341,0,2119228,332,0
25,3864568336645401,3864568337305445,20000118,sA-eth3,up,3864568337221184,netem,2207072,1664,0,0,0,0,0,3482134,359,0,2120416,350,0
26,3864568356648010,3864568357241703,20002609,sA-eth3,up,3864568357179082,netem,2208128,1680,0,0,0,66,1,3726454,375,0,2121472,366,0
27,3864568376645488,3864568377242091,19997478,sA-eth3,up,3864568377170171,netem,2209184,1696,0,0,0,0,0,3983806,391,0,2122528,382,0
28,3864568396645166,3864568397365640,19999678,sA-eth3,up,3864568397292320,netem,2210108,1710,0,0,0,66,1,4221202,405,0,2123452,396,0
29,3864568416648694,3864568417290408,20003528,sA-eth3,up,3864568417232138,netem,2211122,1725,0,0,0,151400,7,4221268,406,0,2124466,411,0
30,3864568436644803,3864568437321276,19996109,sA-eth3,up,3864568437227866,netem,2465474,1893,0,0,0,128690,5,4222060,418,0,2368522,423,0
31,3864568456647011,3864568457340835,20002208,sA-eth3,up,3864568457285165,netem,2712256,2056,0,0,0,149886,9,4222786,429,0,2605272,434,0
32,3864568476646289,3864568477304923,19999278,sA-eth3,up,3864568477243203,netem,2946926,2211,0,0,0,189250,11,4223820,444,0,2830636,448,0
33,3864568496645668,3864568497285991,19999379,sA-eth3,up,3864568497238641,netem,3217932,2390,0,0,0,175624,12,4224942,461,0,3090950,465,0
34,3864568516644206,3864568517256059,19998538,sA-eth3,up,3864568517198549,netem,3448060,2542,0,0,0,214988,14,4225998,477,0,3312102,481,0
35,3864568536645194,3864568537285468,20000988,sA-eth3,up,3864568537206668,netem,3716038,2719,0,0,0,202876,13,4227120,494,0,3569520,498,0
36,3864568556645273,3864568557237666,20000079,sA-eth3,up,3864568557167036,netem,3959792,2880,0,0,0,221044,13,4228110,509,0,3803638,513,0
37,3864568576645641,3864568577250154,20000368,sA-eth3,up,3864568577176774,netem,4200518,3039,0,0,0,203390,12,4229034,523,0,4034794,527,0
38,3864568596646559,3864568597268263,20000918,sA-eth3,up,3864568597198442,netem,4404060,3176,0,0,0,66,1,4505894,549,0,4230284,542,0
39,3864568616645368,3864568617339301,19998809,sA-eth3,up,3864568617282721,netem,4404852,3188,0,0,0,0,0,4745474,559,0,4231010,553,0
40,3864568636646116,3864568637216669,20000748,sA-eth3,up,3864568637162069,netem,4405512,3198,0,0,0,0,0,5004010,571,0,4231670,563,0
41,3864568656644464,3864568657336358,19998348,sA-eth3,up,3864568657259428,netem,4406348,3210,0,0,0,0,0,5256952,586,0,4232506,575,0
42,3864568676645153,3864568677315526,20000689,sA-eth3,up,3864568677269016,netem,4407206,3223,0,0,0,0,0,5508512,602,0,4233364,588,0
43,3864568696643371,3864568697239544,19998218,sA-eth3,up,3864568697169154,netem,4408196,3238,0,0,0,0,0,5762968,618,0,4234354,603,0
44,3864568716645659,3864568717271903,20002288,sA-eth3,up,3864568717201272,netem,4408988,3250,0,0,0,66,1,5992676,632,0,4235146,615,0
45,3864568736644558,3864568737263121,19998899,sA-eth3,up,3864568737194711,netem,4410130,3267,0,0,0,0,0,6258782,649,0,4236288,632,0
46,3864568756645196,3864568757277009,20000638,sA-eth3,up,3864568757204969,netem,4411054,3281,0,0,0,66,1,6334988,656,0,4237212,646,0
47,3864568776646524,3864568777252908,20001328,sA-eth3,up,3864568777182187,netem,4460516,3328,0,0,0,264950,12,6335186,659,0,4284694,663,0
48,3864568796645803,3864568797236056,19999279,sA-eth3,up,3864568797179625,netem,4725466,3503,0,0,0,250080,13,6335978,671,0,4538886,675,0
49,3864568816645261,3864568817262784,19999458,sA-eth3,up,3864568817217044,netem,4975546,3671,0,0,0,263436,12,6336638,681,0,4778736,688,0
50,3864568836643429,3864568837238512,19998168,sA-eth3,up,3864568837166342,netem,5219300,3832,0,0,0,287660,16,6337364,692,0,5012590,699,0
51,3864568856645437,3864568857237251,20002008,sA-eth3,up,3864568857182780,netem,5456998,3989,0,0,0,314912,20,6338222,705,0,5240784,712,0
52,3864568876645046,3864568877229819,19999609,sA-eth3,up,3864568877158749,netem,5718920,4162,0,0,0,313398,19,6339212,720,0,5492344,728,0
53,3864568896646084,3864568897210417,20001038,sA-eth3,up,3864568897155557,netem,5953590,4317,0,0,0,339136,20,6340070,733,0,5740942,743,0
54,3864568916644322,3864568917222996,19998238,sA-eth3,up,3864568917163285,netem,6226110,4497,0,0,0,323996,20,6341126,749,0,5979470,759,0
55,3864568936645161,3864568937264174,20000839,sA-eth3,up,3864568937186164,netem,6475920,4662,0,0,0,129204,10,6342116,764,0,6219380,774,0
56,3864568956646729,3864568957540744,20001568,sA-eth3,up,3864568957477064,netem,6605388,4752,0,0,0,0,0,6772794,795,0,6343832,788,0
57,3864568976645837,3864568977282281,19999108,sA-eth3,up,3864568977208300,netem,6606048,4762,0,0,0,0,0,7016878,807,0,6344492,798,0
58,3864568996645556,3864568997263839,19999719,sA-eth3,up,3864568997193749,netem,6606774,4773,0,0,0,66,1,7252114,817,0,6345218,809,0
59,3864569016644664,3864569017294878,19999108,sA-eth3,up,3864569017222777,netem,6607434,4783,0,0,0,66,1,7512230,831,0,6345878,819,0
60,3864569036644742,3864569037218545,20000078,sA-eth3,up,3864569037148425,netem,6608160,4794,0,0,0,0,0,7766752,848,0,6346604,830,0
61,3864569056645421,3864569057298294,20000679,sA-eth3,up,3864569057222764,netem,6609084,4808,0,0,0,66,1,8032924,866,0,6347594,845,0
62,3864569076645349,3864569077226392,19999928,sA-eth3,up,3864569077156402,netem,6609876,4820,0,0,0,0,0,8272834,881,0,6348320,856,0
63,3864569096645777,3864569097246161,20000428,sA-eth3,up,3864569097189600,netem,6610998,4837,0,0,0,66,1,8447966,895,0,6349442,873,0
64,3864569116647136,3864569117290819,20001359,sA-eth3,up,3864569117234629,netem,6611922,4851,0,0,0,198,3,8447966,895,0,6350432,888,0
65,3864569136646254,3864569137217117,19999118,sA-eth3,up,3864569137155967,netem,6709700,4928,0,0,0,351248,16,8448296,900,0,6444184,904,0
66,3864569156644862,3864569157326376,19998608,sA-eth3,up,3864569157271176,netem,6951940,5088,0,0,0,389098,17,8448956,910,0,6676524,914,0
67,3864569176644231,3864569177212204,19999369,sA-eth3,up,3864569177151773,netem,7213862,5261,0,0,0,371090,17,8449748,922,0,6927820,926,0
68,3864569196644409,3864569197258262,20000178,sA-eth3,up,3864569197187652,netem,7444150,5415,0,0,0,414836,21,8450408,932,0,7173352,938,0
69,3864569216645387,3864569217247581,20000978,sA-eth3,up,3864569217174710,netem,7695474,5581,0,0,0,425434,26,8451134,943,0,7412998,949,0
70,3864569236644836,3864569237267709,19999449,sA-eth3,up,3864569237198848,netem,7955882,5753,0,0,0,439060,27,8452058,957,0,7639876,964,0
71,3864569256645184,3864569257242397,20000348,sA-eth3,up,3864569257171147,netem,8196608,5912,0,0,0,451172,29,8452850,969,0,7894266,979,0
72,3864569276646092,3864569277263245,20000908,sA-eth3,up,3864569277193805,netem,8466100,6090,0,0,0,339650,23,8453906,985,0,8129898,995,0
73,3864569296645080,3864569297234664,19998988,sA-eth3,up,3864569297160813,netem,8712882,6253,0,0,0,92868,8,8454962,1001,0,8374218,1011,0
74,3864569316646449,3864569317336503,20001369,sA-eth3,up,3864569317267202,netem,8806146,6321,0,0,0,66,1,9032218,1037,0,8456612,1024,0
75,3864569336644117,3864569337218600,19997668,sA-eth3,up,3864569337162200,netem,8806872,6332,0,0,0,66,1,9284896,1048,0,8457338,1035,0
76,3864569356644995,3864569357300999,20000878,sA-eth3,up,3864569357254349,netem,8807598,6343,0,0,0,66,1,9543366,1059,0,8458130,1047,0
77,3864569376644334,3864569377260647,19999339,sA-eth3,up,3864569377189687,netem,8808324,6354,0,0,0,0,0,9781564,1070,0,8458790,1057,0
78,3864569396644812,3864569397237105,20000478,sA-eth3,up,3864569397157095,netem,8808984,6364,0,0,0,66,1,10036086,1087,0,8459450,1067,0
79,3864569416645340,3864569417223294,20000528,sA-eth3,up,3864569417154553,netem,8809710,6375,0,0,0,66,1,10286396,1106,0,8460176,1078,0
80,3864569436644869,3864569437277152,19999529,sA-eth3,up,3864569437195622,netem,8810766,6391,0,0,0,0,0,10552634,1125,0,8461232,1094,0
81,3864569456645027,3864569457274170,20000158,sA-eth3,up,3864569457227580,netem,8811492,6402,0,0,0,66,1,10560388,1126,0,8461958,1105,0
82,3864569476645545,3864569477278929,20000518,sA-eth3,up,3864569477221298,netem,8812350,6415,0,0,0,66,1,10560388,1126,0,8462816,1118,0
83,3864569496646524,3864569497287747,20000979,sA-eth3,up,3864569497223677,netem,8971806,6527,0,0,0,466312,22,10560916,1134,0,8615804,1132,0
84,3864569516645872,3864569517347426,19999348,sA-eth3,up,3864569517278705,netem,9221616,6692,0,0,0,478424,22,10561642,1145,0,8855450,1143,0
85,3864569536644820,3864569537320284,19998948,sA-eth3,up,3864569537260774,netem,9462342,6851,0,0,0,514760,22,10562368,1156,0,9086474,1155,0
86,3864569556645699,3864569557326252,20000879,sA-eth3,up,3864569557256272,netem,9724264,7024,0,0,0,495078,21,10563184,1168,0,9337704,1166,0
87,3864569576644477,3864569577413361,19998778,sA-eth3,up,3864569577349621,netem,9977102,7191,0,0,0,508704,28,10563910,1179,0,9580246,1177,0
88,3864569596646325,3864569597279039,20001848,sA-eth3,up,3864569597208998,netem,10219342,7351,0,0,0,526872,37,10564570,1189,0,9812586,1187,0
89,3864569616645474,3864569617263167,19999149,sA-eth3,up,3864569617198087,netem,10460068,7510,0,0,0,545714,41,10565560,1204,0,10043874,1203,0
90,3864569636646402,3864569637296566,20000928,sA-eth3,up,3864569637227715,netem,10720476,7682,0,0,0,285306,22,10566352,1216,0,10294184,1222,0
91,3864569656645140,3864569657224183,19998738,sA-eth3,up,3864569657161493,netem,10970286,7847,0,0,0,35496,5,10567276,1230,0,10534226,1239,0
92,3864569676648378,3864569677296672,20003238,sA-eth3,up,3864569677227422,netem,11006376,7882,0,0,0,0,0,11318490,1269,0,10568930,1253,0
93,3864569696645777,3864569697325381,19997399,sA-eth3,up,3864569697240350,netem,11007282,7895,0,0,0,0,0,11569720,1280,0,10569836,1266,0
94,3864569716646115,3864569717220598,20000338,sA-eth3,up,3864569717151398,netem,11007942,7905,0,0,0,66,1,11803508,1290,0,10570496,1276,0
95,3864569736645443,3864569737281457,19999328,sA-eth3,up,3864569737202537,netem,11008668,7916,0,0,0,0,0,12062044,1302,0,10571222,1287,0
96,3864569756646062,3864569757266405,20000619,sA-eth3,up,3864569757219065,netem,11009488,7928,0,0,0,66,1,12301690,1313,0,10572042,1299,0
97,3864569776644190,3864569777263274,19998128,sA-eth3,up,3864569777195233,netem,11010214,7939,0,0,0,66,1,12559240,1332,0,10572768,1310,0
98,3864569796646388,3864569797285422,20002198,sA-eth3,up,3864569797203801,netem,11010940,7950,0,0,0,66,1,12671778,1341,0,10573560,1322,0
99,3864569816645507,3864569817287890,19999119,sA-eth3,up,3864569817217810,netem,11011798,7963,0,0,0,132,2,12671778,1341,0,10574352,1334,0
100,3864569836644575,3864569837399659,19999068,sA-eth3,up,3864569837332719,netem,11013118,7983,0,0,0,66,1,12671778,1341,0,10575672,1354,0
101,3864569856645643,3864569857294987,20001068,sA-eth3,up,3864569857224626,netem,11217664,8120,0,0,0,602662,28,12672438,1351,0,10771902,1365,0
102,3864569876645062,3864569877313985,19999419,sA-eth3,up,3864569877236175,netem,11467474,8285,0,0,0,614774,28,12673164,1362,0,11011548,1376,0
103,3864569896645770,3864569897283673,20000708,sA-eth3,up,3864569897215893,netem,11724944,8456,0,0,0,602572,25,12673890,1373,0,11258590,1389,0
104,3864569916645628,3864569917268482,19999858,sA-eth3,up,3864569917192041,netem,11962642,8613,0,0,0,632852,27,12674550,1383,0,11486586,1399,0
105,3864569936646017,3864569937246410,20000389,sA-eth3,up,3864569937178350,netem,12226078,8787,0,0,0,617712,27,12675276,1394,0,11739264,1410,0
106,3864569956644315,3864569957427259,19998298,sA-eth3,up,3864569957349059,netem,12474374,8951,0,0,0,640422,36,12676002,1405,0,11977462,1421,0
107,3864569976645263,3864569977203856,20000948,sA-eth3,up,3864569977148726,netem,12724184,9116,0,0,0,481966,32,12676728,1416,0,12217108,1432,0
108,3864569996645012,3864569997257035,19999749,sA-eth3,up,3864569997182294,netem,12984592,9288,0,0,0,221558,17,12677718,1431,0,12467154,1447,0
109,3864570016658720,3864570017311334,20013708,sA-eth3,up,3864570017258983,netem,13206150,9435,0,0,0,0,0,12678840,1448,0,12680132,1464,0
110,3864570036644868,3864570037330582,19986148,sA-eth3,up,3864570037257882,netem,13206810,9445,0,0,0,66,1,13557676,1490,0,12680792,1474,0
111,3864570056645187,3864570057264210,20000319,sA-eth3,up,3864570057207030,netem,13207536,9456,0,0,0,66,1,13810354,1501,0,12681518,1485,0
112,3864570076645595,3864570077245468,20000408,sA-eth3,up,3864570077174958,netem,13208262,9467,0,0,0,66,1,14058688,1512,0,12682244,1496,0
113,3864570096646393,3864570097257326,20000798,sA-eth3,up,3864570097184396,netem,13208988,9478,0,0,0,0,0,14317158,1523,0,12682970,1507,0
114,3864570116647492,3864570117312505,20001099,sA-eth3,up,3864570117249575,netem,13209648,9488,0,0,0,66,1,14558252,1534,0,12683630,1517,0
115,3864570136644310,3864570137280473,19996818,sA-eth3,up,3864570137235893,netem,13210374,9499,0,0,0,0,0,14782484,1546,0,12684356,1528,0
116,3864570156644758,3864570157271462,20000448,sA-eth3,up,3864570157198551,netem,13211034,9509,0,0,0,0,0,14782484,1546,0,12685016,1538,0
117,3864570176644977,3864570177252070,20000219,sA-eth3,up,3864570177180629,netem,13211760,9520,0,0,0,0,0,14782484,1546,0,12685742,1549,0
118,3864570196646005,3864570197340829,20001028,sA-eth3,up,3864570197264818,netem,13212642,9533,0,0,0,700982,31,14782550,1547,0,12686624,1562,0
119,3864570216648073,3864570217291807,20002068,sA-eth3,up,3864570217215296,netem,13462452,9698,0,0,0,690384,31,14783276,1558,0,12926270,1573,0
120,3864570236645751,3864570237303675,19997678,sA-eth3,up,3864570237228095,netem,13712262,9863,0,0,0,702496,31,14784002,1569,0,13165916,1584,0
121,3864570256648330,3864570257315104,20002579,sA-eth3,up,3864570257241673,netem,13962072,10028,0,0,0,714608,30,14784728,1580,0,13405628,1596,0
122,3864570276645418,3864570277279652,19997088,sA-eth3,up,3864570277214021,netem,14223994,10201,0,0,0,720664,30,14785454,1591,0,13656858,1607,0
123,3864570296647126,3864570297259380,20001708,sA-eth3,up,3864570297196149,netem,14463206,10359,0,0,0,731262,31,14786114,1601,0,13886302,1617,0
124,3864570316644805,3864570317283498,19997679,sA-eth3,up,3864570317207698,netem,14700904,10516,0,0,0,704524,32,14786774,1611,0,14114298,1627,0
125,3864570336645913,3864570337248526,20001108,sA-eth3,up,3864570337171716,netem,14968882,10693,0,0,0,436546,21,14787500,1622,0,14371320,1638,0
126,3864570356646341,3864570357371955,20000428,sA-eth3,up,3864570357310025,netem,15217178,10857,0,0,0,188250,10,14788226,1633,0,14609518,1649,0
127,3864570376643410,3864570377335383,19997069,sA-eth3,up,3864570377261213,netem,15405560,10984,0,0,0,0,0,15590780,1682,0,14790310,1661,0
128,3864570396645758,3864570397288581,20002348,sA-eth3,up,3864570397227481,netem,15406286,10995,0,0,0,0,0,15842010,1693,0,14791036,1672,0
129,3864570416647116,3864570417252780,20001358,sA-eth3,up,3864570417179019,netem,15407012,11006,0,0,0,0,0,16093240,1704,0,14791762,1683,0
130,3864570436645055,3864570437292558,19997939,sA-eth3,up,3864570437220728,netem,15407738,11017,0,0,0,0,0,16345918,1715,0,14792488,1694,0
131,3864570456646583,3864570457293237,20001528,sA-eth3,up,3864570457223996,netem,15408464,11028,0,0,0,66,1,16573980,1726,0,14793214,1705,0
132,3864570476646581,3864570477314725,19999998,sA-eth3,up,3864570477236234,netem,15409190,11039,0,0,0,0,0,16835412,1738,0,14793940,1716,0
133,3864570496645300,3864570497233463,19998719,sA-eth3,up,3864570497164763,netem,15409850,11049,0,0,0,66,1,16892530,1741,0,14794600,1726,0
134,3864570516644528,3864570517214021,19999228,sA-eth3,up,3864570517140161,netem,15410732,11062,0,0,0,0,0,16892530,1741,0,14795482,1739,0
135,3864570536646246,3864570537255560,20001718,sA-eth3,up,3864570537197929,netem,15411392,11072,0,0,0,66,1,16892530,1741,0,14796142,1749,0
136,3864570556646715,3864570557246238,20000469,sA-eth3,up,3864570557170407,netem,15457496,11112,0,0,0,814532,37,16892728,1744,0,14862184,1762,0
137,3864570576645263,3864570577236006,19998548,sA-eth3,up,3864570577165826,netem,15707306,11277,0,0,0,826644,37,16893454,1755,0,15101830,1773,0
138,3864570596645061,3864570597213454,19999798,sA-eth3,up,3864570597141024,netem,15957116,11442,0,0,0,838756,37,16894180,1766,0,15341476,1784,0
139,3864570616646290,3864570617256373,20001229,sA-eth3,up,3864570617188282,netem,16223580,11618,0,0,0,834214,35,16895038,1779,0,15575396,1796,0
140,3864570636645078,3864570637285581,19998788,sA-eth3,up,3864570637211531,netem,16462792,11776,0,0,0,858438,37,16895698,1789,0,15804840,1806,0
141,3864570656645586,3864570657365910,20000508,sA-eth3,up,3864570657318290,netem,16724714,11949,0,0,0,843298,37,16896424,1800,0,16056070,1817,0
142,3864570676643024,3864570677256738,19997438,sA-eth3,up,3864570677185877,netem,16962412,12106,0,0,0,642450,29,16897084,1810,0,16284066,1827,0
143,3864570696644953,3864570697219816,20001929,sA-eth3,up,3864570697161056,netem,17224334,12279,0,0,0,380528,17,16897876,1822,0,16535362,1839,0
144,3864570716645381,3864570717259714,20000428,sA-eth3,up,3864570717191614,netem,17475658,12445,0,0,0,129204,6,16898602,1833,0,16776456,1850,0
145,3864570736646449,3864570737470884,20001068,sA-eth3,up,3864570737389124,netem,17605126,12535,0,0,0,66,1,17851946,1885,0,16900644,1860,0
146,3864570756646238,3864570757260261,19999789,sA-eth3,up,3864570757204691,netem,17605852,12546,0,0,0,66,1,18103176,1896,0,16901370,1871,0
147,3864570776645526,3864570777271609,19999288,sA-eth3,up,3864570777208339,netem,17606578,12557,0,0,0,66,1,18354406,1907,0,16902096,1882,0
148,3864570796645984,3864570797262128,20000458,sA-eth3,up,3864570797206587,netem,17607304,12568,0,0,0,66,1,18607084,1918,0,16902822,1893,0
149,3864570816645183,3864570817305676,19999199,sA-eth3,up,3864570817242096,netem,17608096,12580,0,0,0,66,1,18851074,1929,0,16903614,1905,0
150,3864570836645571,3864570837244634,20000388,sA-eth3,up,3864570837197174,netem,17608822,12591,0,0,0,0,0,19002576,1936,0,16904340,1916,0
151,3864570856644539,3864570857222332,19998968,sA-eth3,up,3864570857165242,netem,17609482,12601,0,0,0,66,1,19002576,1936,0,16905000,1926,0
152,3864570876644968,3864570877243781,20000429,sA-eth3,up,3864570877170181,netem,17610208,12612,0,0,0,0,0,19002576,1936,0,16905726,1937,0
153,3864570896644696,3864570897218049,19999728,sA-eth3,up,3864570897149049,netem,17610868,12622,0,0,0,66,1,19002576,1936,0,16906452,1948,0
154,3864570916645914,3864570917247348,20001218,sA-eth3,up,3864570917188957,netem,17724904,12704,0,0,0,903858,41,19002972,1942,0,17015802,1959,0
155,3864570936645663,3864570937276946,19999749,sA-eth3,up,3864570937221776,netem,17974714,12869,0,0,0,915970,41,19003698,1953,0,17255448,1970,0
156,3864570956645251,3864570957286824,19999588,sA-eth3,up,3864570957208304,netem,18224524,13034,0,0,0,928082,41,19004424,1964,0,17495094,1981,0
157,3864570976645509,3864570977386423,20000258,sA-eth3,up,3864570977331453,netem,18474334,13199,0,0,0,940194,41,19005150,1975,0,17734740,1992,0
158,3864570996643958,3864570997223161,19998449,sA-eth3,up,3864570997147640,netem,18724144,13364,0,0,0,946250,40,19005942,1987,0,17974452,2004,0
159,3864571016645056,3864571017218539,20001098,sA-eth3,up,3864571017148089,netem,18961842,13521,0,0,0,842298,36,19006602,1997,0,18202448,2014,0
160,3864571036645474,3864571037209697,20000418,sA-eth3,up,3864571037136297,netem,19223764,13694,0,0,0,580376,25,19007328,2008,0,18453678,2025,0
161,3864571056644943,3864571057200696,19999469,sA-eth3,up,3864571057129435,netem,19462976,13852,0,0,0,341164,15,19007988,2018,0,18683122,2035,0
162,3864571076645141,3864571077267924,20000198,sA-eth3,up,3864571077196174,netem,19718842,14021,0,0,0,85298,4,19008714,2029,0,18928560,2046,0
163,3864571096646869,3864571097186372,20001728,sA-eth3,up,3864571097133702,netem,19804206,14079,0,0,0,0,0,19009068,2034,0,19010426,2051,0
164,3864571116645138,3864571117222341,19998269,sA-eth3,up,3864571117146780,netem,19804338,14081,0,0,0,0,0,19052640,2036,0,19010558,2053,0
165,3864571136646746,3864571137291909,20001608,sA-eth3,up,3864571137234749,netem,19804470,14083,0,0,0,0,0,19117998,2039,0,19010690,2055,0
166,3864571156645094,3864571157211337,19998348,sA-eth3,up,3864571157131257,netem,19804602,14085,0,0,0,66,1,19161570,2041,0,19010822,2057,0
167,3864571176645393,3864571177352556,20000299,sA-eth3,up,3864571177273676,netem,19804800,14088,0,0,0,0,0,19205142,2043,0,19011020,2060,0
168,3864571196645001,3864571197209014,19999608,sA-eth3,up,3864571197134813,netem,19804932,14090,0,0,0,0,0,19248714,2045,0,19011152,2062,0
169,3864571216646039,3864571217232982,20001038,sA-eth3,up,3864571217159102,netem,19805064,14092,0,0,0,0,0,19292286,2047,0,19011284,2064,0
170,3864571236645927,3864571237178190,19999888,sA-eth3,up,3864571237102470,netem,19805196,14094,0,0,0,0,0,19357644,2050,0,19011416,2066,0
171,3864571256645186,3864571257248869,19999259,sA-eth3,up,3864571257190609,netem,19805328,14096,0,0,0,66,1,19401216,2052,0,19011548,2068,0
172,3864571276645404,3864571277268027,20000218,sA-eth3,up,3864571277211027,netem,19919100,14174,0,0,0,916036,42,19444788,2054,0,19120700,2076,0
173,3864571296644952,3864571297250146,19999548,sA-eth3,up,3864571297186515,netem,20168910,14339,0,0,0,666358,33,19488360,2056,0,19360346,2087,0
174,3864571316645731,3864571317189154,20000779,sA-eth3,up,3864571317132493,netem,20396010,14489,0,0,0,439390,25,19531932,2058,0,19599992,2098,0
175,3864571336644489,3864571337241672,19998758,sA-eth3,up,3864571337183222,netem,20668530,14669,0,0,0,167002,15,19597290,2061,0,19839638,2109,0
176,3864571356644627,3864571357326181,20000138,sA-eth3,up,3864571357257691,netem,20835664,14788,0,0,0,66,1,19640862,2063,0,20000040,2126,0
177,3864571376645006,3864571377258249,20000379,sA-eth3,up,3864571377182789,netem,20835862,14791,0,0,0,0,0,19684434,2065,0,20000238,2129,0
178,3864571396645644,3864571397267677,20000638,sA-eth3,up,3864571397199127,netem,20835994,14793,0,0,0,0,0,19728006,2067,0,20000370,2131,0
179,3864571416645742,3864571417239456,20000098,sA-eth3,up,3864571417180815,netem,20836126,14795,0,0,0,0,0,19771578,2069,0,20000502,2133,0
180,3864571436646391,3864571437226624,20000649,sA-eth3,up,3864571437156633,netem,20837772,14798,0,0,0,0,0,19836936,2072,0,20002148,2136,0
181,3864571456646259,3864571457344153,19999868,sA-eth3,up,3864571457266232,netem,20837904,14800,0,0,0,66,1,19880508,2074,0,20002280,2138,0
182,3864571476645867,3864571477267751,19999608,sA-eth3,up,3864571477220550,netem,20838102,14803,0,0,0,0,0,19924080,2076,0,20002478,2141,0
183,3864571496647385,3864571497251579,20001518,sA-eth3,up,3864571497187698,netem,20838234,14805,0,0,0,0,0,19967652,2078,0,20002610,2143,0
184,3864571516645574,3864571517246137,19998189,sA-eth3,up,3864571517143207,netem,20838498,14809,0,0,0,0,0,20021492,2082,0,20002874,2147,0
185,3864571536649092,3864571537281226,20003518,sA-eth3,up,3864571537217615,netem,20838630,14811,0,0,0,0,0,20066512,2084,0,20003006,2149,0
186,3864571556644831,3864571557200724,19995739,sA-eth3,up,3864571557138873,netem,20838762,14813,0,0,0,0,0,20112980,2086,0,20003138,2151,0
187,3864571576646249,3864571577340533,20001418,sA-eth3,up,3864571577277292,netem,20838894,14815,0,0,0,0,0,20158000,2088,0,20003270,2153,0
188,3864571596646627,3864571597313141,20000378,sA-eth3,up,3864571597239590,netem,20839026,14817,0,0,0,0,0,20204468,2090,0,20003402,2155,0
189,3864571616646206,3864571617352149,19999579,sA-eth3,up,3864571617275809,netem,20839158,14819,0,0,0,0,0,20272722,2093,0,20003534,2157,0
190,3864571636646814,3864571637223947,20000608,sA-eth3,up,3864571637153286,netem,20839290,14821,0,0,0,0,0,20314846,2095,0,20003666,2159,0
191,3864571656645382,3864571657224955,19998568,sA-eth3,up,3864571657150895,netem,20839488,14824,0,0,0,0,0,20354074,2097,0,20003864,2162,0
192,3864571676644970,3864571677239154,19999588,sA-eth3,up,3864571677166623,netem,20839686,14827,0,0,0,0,0,20407848,2100,0,20004062,2165,0
193,3864571696646719,3864571697438293,20001749,sA-eth3,up,3864571697364063,netem,21018338,14945,0,0,0,902542,90,20458932,2150,0,20175850,2179,0
194,3864571716644457,3864571717264500,19997738,sA-eth3,up,3864571717190840,netem,21259064,15104,0,0,0,662014,71,20502570,2153,0,20407534,2201,0
195,3864571736647035,3864571737223948,20002578,sA-eth3,up,3864571737166478,netem,21514930,15273,0,0,0,406412,50,20553514,2157,0,20653896,2226,0
196,3864571756644524,3864571757226477,19997489,sA-eth3,up,3864571757156206,netem,21758684,15434,0,0,0,162856,30,20605906,2161,0,20888542,2249,0
197,3864571776645962,3864571777231375,20001438,sA-eth3,up,3864571777157975,netem,21921804,15558,0,0,0,0,0,20645200,2164,0,21045722,2283,0
198,3864571796646260,3864571797192933,20000298,sA-eth3,up,3864571797138433,netem,21922002,15561,0,0,0,66,1,20697592,2168,0,21045920,2286,0
199,3864571816645259,3864571817236092,19998999,sA-eth3,up,3864571817154941,netem,21922266,15565,0,0,0,66,1,20745640,2172,0,21046250,2291,0
200,3864571836645297,3864571837199070,20000038,sA-eth3,up,3864571837129990,netem,21922596,15570,0,0,0,0,0,20792240,2176,0,21046514,2295,0
201,3864571856645305,3864571857255069,20000008,sA-eth3,up,3864571857180528,netem,21924374,15575,0,0,0,0,0,20838906,2181,0,21048292,2300,0
202,3864571876645224,3864571877236417,19999919,sA-eth3,up,3864571877189366,netem,21924638,15579,0,0,0,0,0,20897156,2186,0,21048556,2304,0
203,3864571896644022,3864571897189525,19998798,sA-eth3,up,3864571897119115,netem,21924902,15583,0,0,0,0,0,20940860,2190,0,21048820,2308,0
204,3864571916647090,3864571917411784,20003068,sA-eth3,up,3864571917338154,netem,21925232,15588,0,0,0,0,0,20986012,2194,0,21049150,2313,0
205,3864571936646149,3864571937210362,19999059,sA-eth3,up,3864571937142311,netem,21925496,15592,0,0,0,0,0,21039918,2199,0,21049414,2317,0
206,3864571956646337,3864571957218820,20000188,sA-eth3,up,3864571957141820,netem,21925826,15597,0,0,0,0,0,21080726,2203,0,21049744,2322,0
207,3864571976645375,3864571977173948,19999038,sA-eth3,up,3864571977117488,netem,21998762,15649,0,0,0,6636,2,21124964,2318,0,21126544,2338,0
208,3864571996646394,3864571997400778,20001019,sA-eth3,up,3864571997329277,netem,22005680,15660,0,0,0,0,0,21166060,2326,0,21126826,2343,0
209,3864572016647522,3864572017216245,20001128,sA-eth3,up,3864572017146054,netem,22005950,15665,0,0,0,0,0,21206868,2330,0,21127096,2348,0
210,3864572036646020,3864572037356464,19998498,sA-eth3,up,3864572037274214,netem,22006166,15669,0,0,0,54,1,21257878,2335,0,21127366,2353,0
211,3864572056645858,3864572057303552,19999838,sA-eth3,up,3864572057218602,netem,22006436,15674,0,0,0,0,0,21308888,2340,0,21127582,2357,0
212,3864572076646587,3864572077327181,20000729,sA-eth3,up,3864572077249390,netem,22006706,15679,0,0,0,0,0,21359898,2345,0,21127852,2362,0
213,3864572096645165,3864572097294509,19998578,sA-eth3,up,3864572097205068,netem,22006976,15684,0,0,0,0,0,21400706,2349,0,21128122,2367,0
214,3864572116646183,3864572117440638,20001018,sA-eth3,up,3864572117362567,netem,22007192,15688,0,0,0,54,1,21451716,2354,0,21128338,2371,0
215,3864572136645562,3864572137224985,19999379,sA-eth3,up,3864572137147114,netem,22007462,15693,0,0,0,0,0,21502726,2359,0,21128608,2376,0
216,3864572156647170,3864572157260523,20001608,sA-eth3,up,3864572157203193,netem,22007732,15698,0,0,0,0,0,21543534,2363,0,21128878,2381,0
217,3864572176645598,3864572177210682,19998428,sA-eth3,up,3864572177134971,netem,22007948,15702,0,0,0,54,1,21594544,2368,0,21129148,2386,0
218,3864572196645827,3864572197317270,20000229,sA-eth3,up,3864572197268940,netem,22008218,15707,0,0,0,0,0,21645554,2373,0,21129364,2390,0
219,3864572216644435,3864572217219468,19998608,sA-eth3,up,3864572217161598,netem,22008488,15712,0,0,0,0,0,21696564,2378,0,21129634,2395,0
220,3864572236644343,3864572237195246,19999908,sA-eth3,up,3864572237123346,netem,22008758,15717,0,0,0,0,0,21737372,2382,0,21129904,2400,0
221,3864572256645222,3864572257313425,20000879,sA-eth3,up,3864572257253955,netem,22008974,15721,0,0,0,54,1,21788382,2387,0,21130120,2404,0
222,3864572276644720,3864572277195483,19999498,sA-eth3,up,3864572277124163,netem,22009244,15726,0,0,0,0,0,21839392,2392,0,21130390,2409,0
223,3864572296645448,3864572297240621,20000728,sA-eth3,up,3864572297167531,netem,22009514,15731,0,0,0,0,0,21880200,2396,0,21130660,2414,0
224,3864572316645397,3864572317257870,19999949,sA-eth3,up,3864572317186100,netem,22009784,15736,0,0,0,0,0,21931210,2401,0,21130930,2419,0
225,3864572336645625,3864572337289598,20000228,sA-eth3,up,3864572337216918,netem,22010000,15740,0,0,0,0,0,21982220,2406,0,21131146,2423,0
226,3864572356644583,3864572357263597,19998958,sA-eth3,up,3864572357191606,netem,22010270,15745,0,0,0,0,0,22033230,2411,0,21131416,2428,0
227,3864572376644742,3864572377199515,20000159,sA-eth3,up,3864572377144284,netem,22010540,15750,0,0,0,0,0,22074038,2415,0,21131686,2433,0
228,3864572396644880,3864572397276693,20000138,sA-eth3,up,3864572397205673,netem,22010756,15754,0,0,0,54,1,22125048,2420,0,21131902,2437,0
229,3864572416644578,3864572417344302,19999698,sA-eth3,up,3864572417271232,netem,22011026,15759,0,0,0,0,0,22176058,2425,0,21132172,2442,0
230,3864572436646587,3864572437215440,20002009,sA-eth3,up,3864572437144309,netem,22011296,15764,0,0,0,108,2,22222790,2431,0,21132442,2447,0
231,3864572456646845,3864572457423649,20000258,sA-eth3,up,3864572457344789,netem,22202258,15893,0,0,0,1121874,42,22223318,2439,0,21315550,2457,0
232,3864572476646323,3864572477226246,19999478,sA-eth3,up,3864572477150026,netem,22447526,16055,0,0,0,1133986,42,22223912,2448,0,21550720,2466,0
233,3864572496645151,3864572497370575,19998828,sA-eth3,up,3864572497291555,netem,22720046,16235,0,0,0,1147682,43,22224506,2457,0,21812020,2476,0
234,3864572516648760,3864572517377164,20003609,sA-eth3,up,3864572517313263,netem,22965314,16397,0,0,0,1102262,41,22225100,2466,0,22047190,2485,0
235,3864572536644888,3864572537199921,19996128,sA-eth3,up,3864572537141391,netem,23209068,16558,0,0,0,858508,31,22225826,2477,0,22280978,2495,0
236,3864572556644946,3864572557268960,20000058,sA-eth3,up,3864572557189410,netem,23466448,16728,0,0,0,601128,22,22226354,2485,0,22527732,2504,0
237,3864572576645595,3864572577233108,20000649,sA-eth3,up,3864572577160968,netem,23696576,16880,0,0,0,371000,14,22226948,2494,0,22748356,2512,0
238,3864572596644983,3864572597223556,19999388,sA-eth3,up,3864572597148066,netem,23954026,17051,0,0,0,250324,11,22227542,2503,0,22995180,2522,0
239,3864572616645011,3864572617314025,20000028,sA-eth3,up,3864572617238565,netem,24204350,17217,0,0,0,0,0,22228268,2514,0,23235274,2533,0
240,3864572636647460,3864572637426164,20002449,sA-eth3,up,3864572637352214,netem,24204350,17217,0,0,0,0,0,22228268,2514,0,23235274,2533,0
241,3864572656645268,3864572657260311,19997808,sA-eth3,up,3864572657179451,netem,24204350,17217,0,0,0,0,0,22228268,2514,0,23235274,2533,0
242,3864572676645816,3864572677293530,20000548,sA-eth3,up,3864572677216139,netem,24204350,17217,0,0,0,0,0,22228268,2514,0,23235274,2533,0
243,3864572696645625,3864572697197418,19999809,sA-eth3,up,3864572697136667,netem,24263486,17257,0,0,0,1232396,64,22228532,2518,0,23292034,2537,0
244,3864572716645053,3864572717257746,19999428,sA-eth3,up,3864572717183406,netem,24519352,17426,0,0,0,1246022,64,22229324,2530,0,23537604,2550,0
245,3864572736644751,3864572737202754,19999698,sA-eth3,up,3864572737129574,netem,24775218,17595,0,0,0,1238452,63,22230182,2543,0,23783174,2563,0
246,3864572756645490,3864572757213493,20000739,sA-eth3,up,3864572757139172,netem,25011402,17751,0,0,0,1270246,64,22231040,2556,0,24009854,2575,0
247,3864572776645548,3864572777357092,20000058,sA-eth3,up,3864572777309972,netem,25267268,17920,0,0,0,1129958,57,22231898,2569,0,24255424,2588,0
248,3864572796643046,3864572797212359,19997498,sA-eth3,up,3864572797137869,netem,25517078,18085,0,0,0,880148,43,22232756,2582,0,24495268,2602,0
249,3864572816644625,3864572817281648,20001579,sA-eth3,up,3864572817206028,netem,25765374,18249,0,0,0,631852,31,22233614,2595,0,24733532,2614,0
250,3864572836646403,3864572837250926,20001778,sA-eth3,up,3864572837174896,netem,26013670,18413,0,0,0,383556,19,22234406,2607,0,24971796,2626,0
251,3864572856645781,3864572857232514,19999378,sA-eth3,up,3864572857170074,netem,26260452,18576,0,0,0,136774,7,22235198,2619,0,25208612,2638,0
252,3864572876645860,3864572877299663,20000079,sA-eth3,up,3864572877244183,netem,26397226,18667,0,0,0,0,0,22235660,2626,0,25339842,2645,0
253,3864572896643708,3864572897268021,19997848,sA-eth3,up,3864572897193801,netem,26397226,18667,0,0,0,0,0,22235660,2626,0,25339842,2645,0
254,3864572916645156,3864572917218179,20001448,sA-eth3,up,3864572917142459,netem,26397226,18667,0,0,0,0,0,22235660,2626,0,25339842,2645,0
255,3864572936646145,3864572937213108,20000989,sA-eth3,up,3864572937140827,netem,26397226,18667,0,0,0,0,0,22235660,2626,0,25339842,2645,0
256,3864572956645543,3864572957204716,19999398,sA-eth3,up,3864572957124155,netem,26397226,18667,0,0,0,0,0,22235660,2626,0,25339842,2645,0
257,3864572976647581,3864572977293105,20002038,sA-eth3,up,3864572977211794,netem,26397226,18667,0,0,0,0,0,22235660,2626,0,25339842,2645,0
258,3864572996645490,3864572997268723,19997909,sA-eth3,up,3864572997192502,netem,26397226,18667,0,0,0,0,0,22235660,2626,0,25339842,2645,0
259,3864573016645898,3864573017213501,20000408,sA-eth3,up,3864573017152431,netem,26397268,18668,0,0,0,0,0,22235702,2627,0,25339884,2646,0
260,3864573036644366,3864573037223379,19998468,sA-eth3,up,3864573037145029,netem,26397268,18668,0,0,0,0,0,22235702,2627,0,25339884,2646,0
261,3864573056644434,3864573057363558,20000068,sA-eth3,up,3864573057305198,netem,26397268,18668,0,0,0,0,0,22235702,2627,0,25339884,2646,0
262,3864573076645383,3864573077367387,20000949,sA-eth3,up,3864573077308416,netem,26397338,18669,0,0,0,0,0,22235702,2627,0,25339954,2647,0
263,3864573096644941,3864573097230184,19999558,sA-eth3,up,3864573097163634,netem,26397338,18669,0,0,0,0,0,22235702,2627,0,25339954,2647,0
264,3864573116645299,3864573117292963,20000358,sA-eth3,up,3864573117217032,netem,26397338,18669,0,0,0,0,0,22235702,2627,0,25339954,2647,0
265,3864573136645528,3864573137273711,20000229,sA-eth3,up,3864573137200791,netem,26397338,18669,0,0,0,0,0,22235702,2627,0,25339954,2647,0
266,3864573156645916,3864573157324850,20000388,sA-eth3,up,3864573157250839,netem,26442848,18700,0,0,0,1338376,60,22235834,2629,0,25383616,2650,0
267,3864573176644964,3864573177355288,19999048,sA-eth3,up,3864573177297338,netem,26692658,18865,0,0,0,1352002,60,22236560,2640,0,25623262,2661,0
268,3864573196644963,3864573197250156,19999999,sA-eth3,up,3864573197174006,netem,26942468,19030,0,0,0,1364114,60,22237286,2651,0,25862908,2672,0
269,3864573216645481,3864573217308215,20000518,sA-eth3,up,3864573217236864,netem,27192278,19195,0,0,0,1376226,60,22238012,2662,0,26102554,2683,0
270,3864573236645409,3864573237209522,19999928,sA-eth3,up,3864573237132752,netem,27442088,19360,0,0,0,1148126,50,22238738,2673,0,26342200,2694,0
271,3864573256645698,3864573257308051,20000289,sA-eth3,up,3864573257237301,netem,27691898,19525,0,0,0,898316,39,22239464,2684,0,26581846,2705,0
272,3864573276645486,3864573277354800,19999788,sA-eth3,up,3864573277282429,netem,27949278,19695,0,0,0,640936,27,22240256,2696,0,26828798,2717,0
273,3864573296645004,3864573297287898,19999518,sA-eth3,up,3864573297216107,netem,28186976,19852,0,0,0,403238,17,22240982,2707,0,27056794,2727,0
274,3864573316645363,3864573317248316,20000359,sA-eth3,up,3864573317174196,netem,28448898,20025,0,0,0,141316,6,22241642,2717,0,27308024,2738,0
275,3864573336646651,3864573337215414,20001288,sA-eth3,up,3864573337159144,netem,28590214,20119,0,0,0,0,0,22242104,2724,0,27443532,2744,0
276,3864573356645669,3864573357242132,19999018,sA-eth3,up,3864573357180752,netem,28590214,20119,0,0,0,0,0,22242104,2724,0,27443532,2744,0
277,3864573376644358,3864573377251721,19998689,sA-eth3,up,3864573377192071,netem,28590214,20119,0,0,0,0,0,22242104,2724,0,27443532,2744,0
278,3864573396645496,3864573397189349,20001138,sA-eth3,up,3864573397129998,netem,28590214,20119,0,0,0,0,0,22242104,2724,0,27443532,2744,0
279,3864573416644964,3864573417260408,19999468,sA-eth3,up,3864573417187357,netem,28590214,20119,0,0,0,0,0,22242104,2724,0,27443532,2744,0
280,3864573436644853,3864573437194585,19999889,sA-eth3,up,3864573437130605,netem,28590214,20119,0,0,0,0,0,22242104,2724,0,27443532,2744,0
281,3864573456646561,3864573457397615,20001708,sA-eth3,up,3864573457346075,netem,28590284,20120,0,0,0,0,0,22242104,2724,0,27443602,2745,0
282,3864573476644709,3864573477256992,19998148,sA-eth3,up,3864573477184072,netem,28590284,20120,0,0,0,0,0,22242104,2724,0,27443602,2745,0
283,3864573496647747,3864573497264461,20003038,sA-eth3,up,3864573497200180,netem,28590284,20120,0,0,0,0,0,22242104,2724,0,27443602,2745,0
284,3864573516646426,3864573517320359,19998679,sA-eth3,up,3864573517254859,netem,28681214,20181,0,0,0,1377740,61,22242104,2724,0,27530836,2750,0
285,3864573536645904,3864573537266127,19999478,sA-eth3,up,3864573537185227,netem,28931024,20346,0,0,0,1464038,64,22242306,2727,0,27770482,2761,0
286,3864573556647442,3864573557406947,20001538,sA-eth3,up,3864573557325776,netem,29180834,20511,0,0,0,1476150,64,22243098,2739,0,28010128,2772,0
287,3864573576645941,3864573577403475,19998499,sA-eth3,up,3864573577328704,netem,29430644,20676,0,0,0,1352516,59,22243824,2750,0,28249774,2783,0
288,3864573596646249,3864573597269922,20000308,sA-eth3,up,3864573597196042,netem,29680454,20841,0,0,0,1102706,48,22244484,2760,0,28489420,2794,0
289,3864573616645247,3864573617240741,19998998,sA-eth3,up,3864573617166970,netem,29930264,21006,0,0,0,852896,37,22245210,2771,0,28729066,2805,0
290,3864573636645246,3864573637291539,19999999,sA-eth3,up,3864573637233529,netem,30187644,21176,0,0,0,595516,26,22245936,2782,0,28975952,2816,0
291,3864573656645324,3864573657265297,20000078,sA-eth3,up,3864573657208527,netem,30417772,21328,0,0,0,365388,16,22246662,2793,0,29219942,2827,0
292,3864573676645402,3864573677255236,20000078,sA-eth3,up,3864573677183195,netem,30681208,21502,0,0,0,101952,5,22247322,2803,0,29449386,2837,0
293,3864573696645711,3864573697393745,20000309,sA-eth3,up,3864573697319904,netem,30783160,21570,0,0,0,0,0,22247718,2809,0,29547180,2842,0
294,3864573716645269,3864573717391543,19999558,sA-eth3,up,3864573717345363,netem,30783160,21570,0,0,0,0,0,22247718,2809,0,29547180,2842,0
295,3864573736645857,3864573737265181,20000588,sA-eth3,up,3864573737191900,netem,30783160,21570,0,0,0,0,0,22247718,2809,0,29547180,2842,0
296,3864573756645006,3864573757265189,19999149,sA-eth3,up,3864573757194819,netem,30783160,21570,0,0,0,0,0,22247718,2809,0,29547180,2842,0
297,3864573776646534,3864573777428438,20001528,sA-eth3,up,3864573777357568,netem,30783160,21570,0,0,0,0,0,22247718,2809,0,29547180,2842,0
298,3864573796644662,3864573797359006,19998128,sA-eth3,up,3864573797288876,netem,30783160,21570,0,0,0,0,0,22247718,2809,0,29547180,2842,0
299,3864573816645011,3864573817262754,20000349,sA-eth3,up,3864573817215634,netem,30783160,21570,0,0,0,0,0,22247718,2809,0,29547180,2842,0
300,3864573836644709,3864573837213862,19999698,sA-eth3,up,3864573837150892,netem,30783160,21570,0,0,0,0,0,22247718,2809,0,29547180,2842,0
301,3864573856646707,3864573857408381,20001998,sA-eth3,up,3864573857333931,netem,30783160,21570,0,0,0,0,0,22247718,2809,0,29547180,2842,0
302,3864573876646875,3864573877343189,20000168,sA-eth3,up,3864573877267359,netem,30919510,21661,0,0,0,1442842,64,22247718,2809,0,29677986,2849,0
303,3864573896647884,3864573897452078,20001009,sA-eth3,up,3864573897380358,netem,31169320,21826,0,0,0,1193032,53,22247784,2810,0,29939418,2861,0
304,3864573916646642,3864573917320086,19998758,sA-eth3,up,3864573917246995,netem,31419130,21991,0,0,0,1556906,67,22248444,2820,0,30157278,2871,0
305,3864573936646771,3864573937298074,20000129,sA-eth3,up,3864573937218164,netem,31668940,22156,0,0,0,1307096,56,22249170,2831,0,30396924,2882,0
306,3864573956646679,3864573957356163,19999908,sA-eth3,up,3864573957270472,netem,31918750,22321,0,0,0,1057286,45,22249896,2842,0,30636570,2893,0
307,3864573976648697,3864573977314861,20002018,sA-eth3,up,3864573977255750,netem,32168560,22486,0,0,0,807476,34,22250622,2853,0,30876216,2904,0
308,3864573996646505,3864573997326989,19997808,sA-eth3,up,3864573997255839,netem,32413828,22648,0,0,0,562208,23,22251348,2864,0,31136200,2916,0
309,3864574016647114,3864574017237307,20000609,sA-eth3,up,3864574017172987,netem,32671208,22818,0,0,0,304828,13,22252008,2874,0,31358338,2925,0
310,3864574036646592,3864574037288756,19999478,sA-eth3,up,3864574037210145,netem,32936158,22993,0,0,0,39878,2,22252668,2884,0,31612464,2936,0
311,3864574056648380,3864574057323544,20001788,sA-eth3,up,3864574057248134,netem,32976036,23020,0,0,0,0,0,22252866,2887,0,31650692,2938,0
312,3864574076648429,3864574077371613,20000049,sA-eth3,up,3864574077311712,netem,32976036,23020,0,0,0,0,0,22252866,2887,0,31650692,2938,0
313,3864574096645737,3864574097270740,19997308,sA-eth3,up,3864574097176950,netem,32976036,23020,0,0,0,0,0,22252866,2887,0,31650692,2938,0
314,3864574116648515,3864574117368029,20002778,sA-eth3,up,3864574117279159,netem,32976036,23020,0,0,0,0,0,22252866,2887,0,31650692,2938,0
315,3864574136646674,3864574137271327,19998159,sA-eth3,up,3864574137202377,netem,32976036,23020,0,0,0,0,0,22252866,2887,0,31650692,2938,0
316,3864574156645772,3864574157265425,19999098,sA-eth3,up,3864574157176555,netem,32976036,23020,0,0,0,0,0,22252866,2887,0,31650692,2938,0
317,3864574176648380,3864574177428715,20002608,sA-eth3,up,3864574177353284,netem,32976036,23020,0,0,0,0,0,22252866,2887,0,31650692,2938,0
318,3864574196644769,3864574197239932,19996389,sA-eth3,up,3864574197172461,netem,32976036,23020,0,0,0,0,0,22252866,2887,0,31650692,2938,0
319,3864574216646927,3864574217264910,20002158,sA-eth3,up,3864574217192350,netem,32976036,23020,0,0,0,0,0,22252866,2887,0,31650692,2938,0
320,3864574236645445,3864574237248229,19998518,sA-eth3,up,3864574237184898,netem,32976036,23020,0,0,0,0,0,22252866,2887,0,31650692,2938,0
321,3864574256646684,3864574257315797,20001239,sA-eth3,up,3864574257246957,netem,32976036,23020,0,0,0,0,0,22252866,2887,0,31650692,2938,0
322,3864574276645522,3864574277287405,19998838,sA-eth3,up,3864574277186555,netem,32976036,23020,0,0,0,0,0,22252866,2887,0,31650692,2938,0
323,3864574296646310,3864574297337894,20000788,sA-eth3,up,3864574297229893,netem,33024574,23053,0,0,0,846326,37,22252998,2889,0,31697250,2941,0
324,3864574316648578,3864574317322432,20002268,sA-eth3,up,3864574317250352,netem,33266814,23213,0,0,0,1088566,49,22253724,2900,0,31929590,2951,0
325,3864574336646387,3864574337376621,19997809,sA-eth3,up,3864574337293340,netem,33509054,23373,0,0,0,1247536,52,22254384,2910,0,32161930,2961,0
326,3864574356647555,3864574357306019,20001168,sA-eth3,up,3864574357225678,netem,33775518,23549,0,0,0,1261162,52,22255044,2920,0,32417504,2972,0
327,3864574376646053,3864574377324397,19998498,sA-eth3,up,3864574377252277,netem,34016244,23708,0,0,0,1152668,44,22256034,2935,0,32648660,2986,0
328,3864574396646542,3864574397283035,20000489,sA-eth3,up,3864574397204535,netem,34258484,23868,0,0,0,910428,34,22256694,2945,0,32881000,2996,0
329,3864574416648180,3864574417324864,20001638,sA-eth3,up,3864574417248953,netem,34500724,24028,0,0,0,668188,24,22257354,2955,0,33113340,3006,0
330,3864574436646728,3864574437382952,19998548,sA-eth3,up,3864574437306692,netem,34756590,24197,0,0,0,412322,17,22257816,2962,0,33358514,3013,0
331,3864574456645587,3864574457211850,19998859,sA-eth3,up,3864574457146259,netem,35010942,24365,0,0,0,157970,7,22258476,2972,0,33602438,3023,0
332,3864574476647355,3864574477300179,20001768,sA-eth3,up,3864574477200058,netem,35168912,24470,0,0,0,0,0,22258938,2979,0,33753940,3030,0
333,3864574496645933,3864574497479238,19998578,sA-eth3,up,3864574497367897,netem,35168912,24470,0,0,0,0,0,22258938,2979,0,33753940,3030,0
334,3864574516648702,3864574517269055,20002769,sA-eth3,up,3864574517182885,netem,35168912,24470,0,0,0,0,0,22258938,2979,0,33753940,3030,0
335,3864574536646730,3864574537360054,19998028,sA-eth3,up,3864574537283983,netem,35168912,24470,0,0,0,0,0,22258938,2979,0,33753940,3030,0
336,3864574556647808,3864574557266462,20001078,sA-eth3,up,3864574557184001,netem,35168982,24471,0,0,0,0,0,22258938,2979,0,33754010,3031,0
337,3864574576646467,3864574577253960,19998659,sA-eth3,up,3864574577186780,netem,35168982,24471,0,0,0,0,0,22258938,2979,0,33754010,3031,0
338,3864574596646745,3864574597294638,20000278,sA-eth3,up,3864574597214298,netem,35168982,24471,0,0,0,0,0,22258938,2979,0,33754010,3031,0
339,3864574616646333,3864574617216256,19999588,sA-eth3,up,3864574617154026,netem,35168982,24471,0,0,0,0,0,22258938,2979,0,33754010,3031,0
340,3864574636646232,3864574637225755,19999899,sA-eth3,up,3864574637164234,netem,35168982,24471,0,0,0,0,0,22258938,2979,0,33754010,3031,0
341,3864574656646650,3864574657251393,20000418,sA-eth3,up,3864574657185623,netem,35259912,24532,0,0,0,1264190,56,22258938,2979,0,33863030,3037,0
342,3864574676646138,3864574677280252,19999488,sA-eth3,up,3864574677215851,netem,35509722,24697,0,0,0,1014380,45,22258938,2979,0,34102676,3048,0
343,3864574696644807,3864574697281650,19998669,sA-eth3,up,3864574697203980,netem,35759532,24862,0,0,0,1170322,50,22259004,2980,0,34342322,3059,0
344,3864574716646445,3864574717269928,20001638,sA-eth3,up,3864574717208608,netem,36009342,25027,0,0,0,1352516,58,22259664,2990,0,34581968,3070,0
345,3864574736645163,3864574737357397,19998718,sA-eth3,up,3864574737280897,netem,36281862,25207,0,0,0,1079996,46,22260390,3001,0,34821614,3081,0
346,3864574756645612,3864574757259925,20000449,sA-eth3,up,3864574757185825,netem,36524102,25367,0,0,0,837756,35,22261116,3012,0,35054020,3092,0
347,3864574776646030,3864574777231323,20000418,sA-eth3,up,3864574777160073,netem,36755744,25520,0,0,0,606114,26,22261776,3022,0,35300840,3102,0
348,3864574796644888,3864574797293352,19998858,sA-eth3,up,3864574797204961,netem,37007068,25686,0,0,0,354790,16,22262436,3032,0,35541868,3112,0
349,3864574816647257,3864574817278130,20002369,sA-eth3,up,3864574817200580,netem,37264448,25856,0,0,0,97410,5,22263162,3043,0,35764072,3122,0
350,3864574836645355,3864574837226978,19998098,sA-eth3,up,3864574837156708,netem,37361858,25921,0,0,0,0,0,22263492,3048,0,35857522,3127,0
351,3864574856645353,3864574857357857,19999998,sA-eth3,up,3864574857283727,netem,37361858,25921,0,0,0,0,0,22263492,3048,0,35857522,3127,0
352,3864574876644911,3864574877247115,19999558,sA-eth3,up,3864574877185514,netem,37361858,25921,0,0,0,0,0,22263492,3048,0,35857522,3127,0
353,3864574896646430,3864574897296233,20001519,sA-eth3,up,3864574897221363,netem,37361858,25921,0,0,0,0,0,22263492,3048,0,35857522,3127,0
354,3864574916644858,3864574917239091,19998428,sA-eth3,up,3864574917168391,netem,37361858,25921,0,0,0,0,0,22263492,3048,0,35857522,3127,0
355,3864574936646276,3864574937426191,20001418,sA-eth3,up,3864574937348700,netem,37361858,25921,0,0,0,0,0,22263492,3048,0,35857522,3127,0
356,3864574956646935,3864574957274098,20000659,sA-eth3,up,3864574957215288,netem,37361858,25921,0,0,0,0,0,22263492,3048,0,35857522,3127,0
357,3864574976644513,3864574977214216,19997578,sA-eth3,up,3864574977141076,netem,37361858,25921,0,0,0,0,0,22263492,3048,0,35857522,3127,0
358,3864574996645781,3864574997302605,20001268,sA-eth3,up,3864574997230475,netem,37361858,25921,0,0,0,0,0,22263492,3048,0,35857522,3127,0
359,3864575016648370,3864575017284313,20002589,sA-eth3,up,3864575017212563,netem,37531516,26034,0,0,0,1294470,54,22263492,3048,0,36020250,3135,0
360,3864575036645248,3864575037285462,19996878,sA-eth3,up,3864575037201301,netem,37773756,26194,0,0,0,1461010,60,22263558,3049,0,36252590,3145,0
361,3864575056648646,3864575057248090,20003398,sA-eth3,up,3864575057177359,netem,38015996,26354,0,0,0,1218770,50,22263558,3049,0,36484930,3155,0
362,3864575076645035,3864575077269468,19996389,sA-eth3,up,3864575077195278,netem,38258236,26514,0,0,0,1296498,53,22264152,3058,0,36740504,3166,0
363,3864575096648813,3864575097206616,20003778,sA-eth3,up,3864575097152336,netem,38524700,26690,0,0,0,1030034,42,22264812,3068,0,36972844,3176,0
364,3864575116644941,3864575117234284,19996128,sA-eth3,up,3864575117163354,netem,38766940,26850,0,0,0,787794,32,22265538,3079,0,37205184,3186,0
365,3864575136646550,3864575137322813,20001609,sA-eth3,up,3864575137250833,netem,39006152,27008,0,0,0,548582,22,22266198,3089,0,37459310,3197,0
366,3864575156644728,3864575157260271,19998178,sA-eth3,up,3864575157198221,netem,39260504,27176,0,0,0,294230,12,22266858,3099,0,37678552,3206,0
367,3864575176645536,3864575177249199,20000808,sA-eth3,up,3864575177177299,netem,39517884,27346,0,0,0,36850,2,22267518,3109,0,37925372,3216,0
368,3864575196646005,3864575197329398,20000469,sA-eth3,up,3864575197256628,netem,39554734,27371,0,0,0,0,0,22267650,3111,0,37960704,3218,0
369,3864575216646083,3864575217259196,20000078,sA-eth3,up,3864575217190776,netem,39554734,27371,0,0,0,0,0,22267650,3111,0,37960704,3218,0
370,3864575236646571,3864575237303515,20000488,sA-eth3,up,3864575237192884,netem,39554734,27371,0,0,0,0,0,22267650,3111,0,37960704,3218,0
371,3864575256648790,3864575257241863,20002219,sA-eth3,up,3864575257171932,netem,39554734,27371,0,0,0,0,0,22267650,3111,0,37960704,3218,0
372,3864575276644578,3864575277244061,19995788,sA-eth3,up,3864575277158681,netem,39554734,27371,0,0,0,0,0,22267650,3111,0,37960704,3218,0
373,3864575296647066,3864575297418380,20002488,sA-eth3,up,3864575297346040,netem,39554734,27371,0,0,0,0,0,22267650,3111,0,37960704,3218,0
374,3864575316644824,3864575317285988,19997758,sA-eth3,up,3864575317207187,netem,39554734,27371,0,0,0,0,0,22267650,3111,0,37960704,3218,0
375,3864575336647853,3864575337510448,20003029,sA-eth3,up,3864575337430847,netem,39554734,27371,0,0,0,0,0,22267650,3111,0,37960704,3218,0
376,3864575356647911,3864575357331115,20000058,sA-eth3,up,3864575357228474,netem,39554734,27371,0,0,0,0,0,22267650,3111,0,37960704,3218,0
377,3864575376645739,3864575377440164,19997828,sA-eth3,up,3864575377354783,netem,39554734,27371,0,0,0,0,0,22267650,3111,0,37960704,3218,0
378,3864575396647458,3864575397257631,20001719,sA-eth3,up,3864575397177991,netem,39554734,27371,0,0,0,0,0,22267650,3111,0,37960704,3218,0
379,3864575416645996,3864575417249319,19998538,sA-eth3,up,3864575417187949,netem,39554734,27371,0,0,0,0,0,22267650,3111,0,37960704,3218,0
380,3864575436646994,3864575437381638,20000998,sA-eth3,up,3864575437314618,netem,39554734,27371,0,0,0,0,0,22267650,3111,0,37960704,3218,0
381,3864575456645503,3864575457310256,19998509,sA-eth3,up,3864575457263916,netem,39554734,27371,0,0,0,0,0,22267650,3111,0,37960704,3218,0
382,3864575476647021,3864575477319085,20001518,sA-eth3,up,3864575477237254,netem,39748616,27500,0,0,0,934138,43,22268244,3120,0,38146666,3227,0
383,3864575496645889,3864575497199362,19998868,sA-eth3,up,3864575497149492,netem,40015080,27676,0,0,0,1200602,50,22268904,3130,0,38402240,3238,0
384,3864575516650638,3864575517342392,20004749,sA-eth3,up,3864575517258181,netem,40257320,27836,0,0,0,1252078,50,22269630,3141,0,38634580,3248,0
385,3864575536647436,3864575537318930,19996798,sA-eth3,up,3864575537238189,netem,40513186,28005,0,0,0,1234424,45,22270554,3155,0,38880282,3263,0
386,3864575556646674,3864575557394238,19999238,sA-eth3,up,3864575557284638,netem,40731202,28149,0,0,0,1016408,36,22271214,3165,0,39125654,3273,0
387,3864575576648163,3864575577320356,20001489,sA-eth3,up,3864575577254906,netem,40973442,28309,0,0,0,774168,26,22271874,3175,0,39321728,3282,0
388,3864575596646101,3864575597239924,19997938,sA-eth3,up,3864575597171554,netem,41264130,28501,0,0,0,483480,19,22272270,3181,0,39600206,3289,0
389,3864575616646269,3864575617250913,20000168,sA-eth3,up,3864575617173622,netem,41509398,28663,0,0,0,238212,10,22272864,3190,0,39835376,3298,0
390,3864575636646928,3864575637178810,20000659,sA-eth3,up,3864575637128270,netem,41747610,28821,0,0,0,0,0,22273590,3201,0,40063820,3308,0
391,3864575656644766,3864575657322880,19997838,sA-eth3,up,3864575657229779,netem,41747610,28821,0,0,0,0,0,22273590,3201,0,40063820,3308,0
392,3864575676647924,3864575677300258,20003158,sA-eth3,up,3864575677243447,netem,41747610,28821,0,0,0,0,0,22273590,3201,0,40063820,3308,0
393,3864575696645402,3864575697276016,19997478,sA-eth3,up,3864575697212516,netem,41747610,28821,0,0,0,0,0,22273590,3201,0,40063820,3308,0
394,3864575716645881,3864575717265344,20000479,sA-eth3,up,3864575717191164,netem,41747610,28821,0,0,0,0,0,22273590,3201,0,40063820,3308,0
395,3864575736645569,3864575737213342,19999688,sA-eth3,up,3864575737153242,netem,41747610,28821,0,0,0,0,0,22273590,3201,0,40063820,3308,0
396,3864575756645558,3864575757248541,19999989,sA-eth3,up,3864575757178970,netem,41747610,28821,0,0,0,0,0,22273590,3201,0,40063820,3308,0
397,3864575776645216,3864575777364620,19999658,sA-eth3,up,3864575777297949,netem,41747610,28821,0,0,0,0,0,22273590,3201,0,40063820,3308,0
398,3864575796646424,3864575797231147,20001208,sA-eth3,up,3864575797160207,netem,41747610,28821,0,0,0,0,0,22273590,3201,0,40063820,3308,0
399,3864575816646853,3864575817228906,20000429,sA-eth3,up,3864575817165785,netem,41747700,28822,0,0,0,1350488,60,22273590,3201,0,40063910,3309,0
400,3864575836645281,3864575837340934,19998428,sA-eth3,up,3864575837269214,netem,41997510,28987,0,0,0,1100678,49,22273590,3201,0,40303556,3320,0
401,3864575856646939,3864575857283043,20001658,sA-eth3,up,3864575857215592,netem,42247320,29152,0,0,0,1353516,58,22273788,3204,0,40543202,3331,0
402,3864575876645287,3864575877239271,19998348,sA-eth3,up,3864575877180690,netem,42497130,29317,0,0,0,1365628,58,22274514,3215,0,40782848,3342,0
403,3864575896644816,3864575897292779,19999529,sA-eth3,up,3864575897210619,netem,42746940,29482,0,0,0,1193546,51,22275240,3226,0,41022494,3353,0
404,3864575916647244,3864575917428248,20002428,sA-eth3,up,3864575917314298,netem,42996750,29647,0,0,0,943736,40,22275966,3237,0,41262140,3364,0
405,3864575936647632,3864575937294366,20000388,sA-eth3,up,3864575937221935,netem,43252616,29816,0,0,0,687870,29,22276626,3247,0,41507578,3375,0
406,3864575956648301,3864575957276794,20000669,sA-eth3,up,3864575957217344,netem,43505454,29983,0,0,0,435032,19,22277286,3257,0,41750054,3385,0
407,3864575976645969,3864575977547694,19997668,sA-eth3,up,3864575977448363,netem,43744666,30141,0,0,0,195820,9,22278012,3268,0,41979498,3395,0
408,3864575996647307,3864575997302091,20001338,sA-eth3,up,3864575997234461,netem,43940486,30271,0,0,0,0,0,22278606,3277,0,42167332,3404,0
409,3864576016646376,3864576017371950,19999069,sA-eth3,up,3864576017289839,netem,43940486,30271,0,0,0,0,0,22278606,3277,0,42167332,3404,0
410,3864576036646454,3864576037252257,20000078,sA-eth3,up,3864576037186797,netem,43940486,30271,0,0,0,0,0,22278606,3277,0,42167332,3404,0
411,3864576056646352,3864576057311016,19999898,sA-eth3,up,3864576057238186,netem,43940486,30271,0,0,0,0,0,22278606,3277,0,42167332,3404,0
412,3864576076645121,3864576077260794,19998769,sA-eth3,up,3864576077215144,netem,43940486,30271,0,0,0,0,0,22278606,3277,0,42167332,3404,0
413,3864576096644739,3864576097355573,19999618,sA-eth3,up,3864576097261092,netem,43940486,30271,0,0,0,0,0,22278606,3277,0,42167332,3404,0
414,3864576116647977,3864576117345961,20003238,sA-eth3,up,3864576117274431,netem,43940486,30271,0,0,0,0,0,22278606,3277,0,42167332,3404,0
415,3864576136645146,3864576137267089,19997169,sA-eth3,up,3864576137180019,netem,43940486,30271,0,0,0,0,0,22278606,3277,0,42167332,3404,0
416,3864576156647864,3864576157266237,20002718,sA-eth3,up,3864576157208187,netem,43940486,30271,0,0,0,0,0,22278606,3277,0,42167332,3404,0
417,3864576176645532,3864576177275936,19997668,sA-eth3,up,3864576177191395,netem,44008706,30317,0,0,0,1392880,62,22278606,3277,0,42232780,3408,0
418,3864576196646931,3864576197245644,20001399,sA-eth3,up,3864576197171463,netem,44258516,30482,0,0,0,1143070,51,22278606,3277,0,42472426,3419,0
419,3864576216645999,3864576217341613,19999068,sA-eth3,up,3864576217277292,netem,44508326,30647,0,0,0,1467066,63,22279200,3286,0,42712072,3430,0
420,3864576236646707,3864576237399171,20000708,sA-eth3,up,3864576237329941,netem,44758136,30812,0,0,0,1375226,59,22279926,3297,0,42951718,3441,0
421,3864576256646195,3864576257357729,19999488,sA-eth3,up,3864576257309759,netem,45007946,30977,0,0,0,1125416,48,22280652,3308,0,43191364,3452,0
422,3864576276642604,3864576277291357,19996409,sA-eth3,up,3864576277231897,netem,45257756,31142,0,0,0,875606,37,22281378,3319,0,43431010,3463,0
423,3864576296644052,3864576297255355,20001448,sA-eth3,up,3864576297176945,netem,45504538,31305,0,0,0,628824,26,22282104,3330,0,43667760,3474,0
424,3864576316646320,3864576317252264,20002268,sA-eth3,up,3864576317181093,netem,45761918,31475,0,0,0,371444,16,22282764,3340,0,43914580,3484,0
425,3864576336645369,3864576337273702,19999049,sA-eth3,up,3864576337195562,netem,45999616,31632,0,0,0,133746,6,22283490,3351,0,44142576,3494,0
426,3864576356646937,3864576357268710,20001568,sA-eth3,up,3864576357197040,netem,46133362,31721,0,0,0,0,0,22283886,3357,0,44270844,3500,0
427,3864576376644675,3864576377225099,19997738,sA-eth3,up,3864576377162868,netem,46133362,31721,0,0,0,0,0,22283886,3357,0,44270844,3500,0
428,3864576396645774,3864576397300207,20001099,sA-eth3,up,3864576397225487,netem,46133362,31721,0,0,0,0,0,22283886,3357,0,44270844,3500,0
429,3864576416647152,3864576417277205,20001378,sA-eth3,up,3864576417202275,netem,46133362,31721,0,0,0,0,0,22283886,3357,0,44270844,3500,0
430,3864576436646790,3864576437274104,19999638,sA-eth3,up,3864576437196013,netem,46133362,31721,0,0,0,0,0,22283886,3357,0,44270844,3500,0
431,3864576456646419,3864576457289962,19999629,sA-eth3,up,3864576457222972,netem,46133362,31721,0,0,0,0,0,22283886,3357,0,44270844,3500,0
432,3864576476646857,3864576477332601,20000438,sA-eth3,up,3864576477255230,netem,46133362,31721,0,0,0,0,0,22283886,3357,0,44270844,3500,0
433,3864576496645775,3864576497228138,19998918,sA-eth3,up,3864576497163098,netem,46133362,31721,0,0,0,0,0,22283886,3357,0,44270844,3500,0
434,3864576516646054,3864576517316567,20000279,sA-eth3,up,3864576517240257,netem,46133362,31721,0,0,0,0,0,22283886,3357,0,44270844,3500,0
435,3864576536645662,3864576537236965,19999608,sA-eth3,up,3864576537173225,netem,46133362,31721,0,0,0,0,0,22283886,3357,0,44270844,3500,0
436,3864576556646030,3864576557274694,20000368,sA-eth3,up,3864576557218263,netem,46133362,31721,0,0,0,0,0,22283886,3357,0,44270844,3500,0
437,3864576576644699,3864576577262802,19998669,sA-eth3,up,3864576577199532,netem,46133362,31721,0,0,0,0,0,22283886,3357,0,44270844,3500,0
438,3864576596648947,3864576597405161,20004248,sA-eth3,up,3864576597302660,netem,46247002,31797,0,0,0,855410,42,22284216,3362,0,44379864,3506,0
439,3864576616648545,3864576617368889,19999598,sA-eth3,up,3864576617289079,netem,46496812,31962,0,0,0,1105220,50,22284942,3373,0,44619510,3517,0
440,3864576636649494,3864576637277557,20000949,sA-eth3,up,3864576637192056,netem,46746622,32127,0,0,0,1250564,50,22285668,3384,0,44859156,3528,0
441,3864576656646022,3864576657280445,19996528,sA-eth3,up,3864576657205175,netem,46985834,32285,0,0,0,1256620,48,22286592,3398,0,45088798,3541,0
442,3864576676647640,3864576677305454,20001618,sA-eth3,up,3864576677228663,netem,47238672,32452,0,0,0,1087566,39,22287450,3411,0,45331472,3554,0
443,3864576696645638,3864576697282382,19997998,sA-eth3,up,3864576697234892,netem,47465772,32602,0,0,0,860466,29,22288044,3420,0,45549332,3564,0
444,3864576716643247,3864576717271800,19997609,sA-eth3,up,3864576717203790,netem,47738292,32782,0,0,0,587946,23,22288440,3426,0,45810368,3570,0
445,3864576736646625,3864576737248688,20003378,sA-eth3,up,3864576737194868,netem,47997186,32953,0,0,0,329052,15,22288902,3433,0,46058504,3578,0
446,3864576756644483,3864576757246307,19997858,sA-eth3,up,3864576757178336,netem,48242454,33115,0,0,0,83784,4,22289628,3444,0,46293806,3589,0
447,3864576776649102,3864576777250685,20004619,sA-eth3,up,3864576777192065,netem,48326238,33171,0,0,0,0,0,22289958,3449,0,46374158,3593,0
448,3864576796646220,3864576797356124,19997118,sA-eth3,up,3864576797274453,netem,48326238,33171,0,0,0,0,0,22289958,3449,0,46374158,3593,0
449,3864576816648758,3864576817282382,20002538,sA-eth3,up,3864576817224362,netem,48326238,33171,0,0,0,0,0,22289958,3449,0,46374158,3593,0
450,3864576836645877,3864576837240930,19997119,sA-eth3,up,3864576837168459,netem,48326238,33171,0,0,0,0,0,22289958,3449,0,46374158,3593,0
451,3864576856648165,3864576857255858,20002288,sA-eth3,up,3864576857182878,netem,48326238,33171,0,0,0,0,0,22289958,3449,0,46374158,3593,0
452,3864576876645023,3864576877198006,19996858,sA-eth3,up,3864576877153466,netem,48326238,33171,0,0,0,0,0,22289958,3449,0,46374158,3593,0
453,3864576896642182,3864576897337935,19997159,sA-eth3,up,3864576897243875,netem,48326238,33171,0,0,0,0,0,22289958,3449,0,46374158,3593,0
454,3864576916651190,3864576917309984,20009008,sA-eth3,up,3864576917228003,netem,48326238,33171,0,0,0,0,0,22289958,3449,0,46374158,3593,0
455,3864576936645818,3864576937304612,19994628,sA-eth3,up,3864576937221401,netem,48326238,33171,0,0,0,0,0,22289958,3449,0,46374158,3593,0
456,3864576956649927,3864576957341030,20004109,sA-eth3,up,3864576957261300,netem,48485298,33277,0,0,0,1193032,53,22290024,3450,0,46548536,3602,0
457,3864576976647165,3864576977362989,19997238,sA-eth3,up,3864576977278398,netem,48735108,33442,0,0,0,1350488,59,22290750,3461,0,46788182,3613,0
458,3864576996648023,3864576997268477,20000858,sA-eth3,up,3864576997204126,netem,48984918,33607,0,0,0,1362600,59,22291476,3472,0,47006042,3623,0
459,3864577016645572,3864577017232135,19997549,sA-eth3,up,3864577017163314,netem,49234728,33772,0,0,0,1284386,56,22292202,3483,0,47245688,3634,0
460,3864577036647570,3864577037268013,20001998,sA-eth3,up,3864577037189703,netem,49484538,33937,0,0,0,1034576,45,22292928,3494,0,47485334,3645,0
461,3864577056645618,3864577057313732,19998048,sA-eth3,up,3864577057236331,netem,49755544,34116,0,0,0,763570,33,22293654,3505,0,47745318,3657,0
462,3864577076647786,3864577077223190,20002168,sA-eth3,up,3864577077166819,netem,49990214,34271,0,0,0,528900,23,22294380,3516,0,47970418,3667,0
463,3864577096645095,3864577097293418,19997309,sA-eth3,up,3864577097221308,netem,50252136,34444,0,0,0,266978,12,22295040,3526,0,48221648,3678,0
464,3864577116647393,3864577117214846,20002298,sA-eth3,up,3864577117158126,netem,50489834,34601,0,0,0,29280,2,22295766,3537,0,48449644,3688,0
465,3864577136648201,3864577137323685,20000808,sA-eth3,up,3864577137252375,netem,50519114,34621,0,0,0,0,0,22295898,3539,0,48477736,3690,0
466,3864577156651270,3864577157269273,20003069,sA-eth3,up,3864577157167493,netem,50519114,34621,0,0,0,0,0,22295898,3539,0,48477736,3690,0
467,3864577176647138,3864577177397832,19995868,sA-eth3,up,3864577177289422,netem,50519114,34621,0,0,0,0,0,22295898,3539,0,48477736,3690,0
468,3864577196648166,3864577197392611,20001028,sA-eth3,up,3864577197334530,netem,50519114,34621,0,0,0,0,0,22295898,3539,0,48477736,3690,0
469,3864577216645665,3864577217364739,19997499,sA-eth3,up,3864577217310838,netem,50519114,34621,0,0,0,0,0,22295898,3539,0,48477736,3690,0
470,3864577236645293,3864577237277377,19999628,sA-eth3,up,3864577237183866,netem,50519114,34621,0,0,0,0,0,22295898,3539,0,48477736,3690,0
471,3864577256647541,3864577257306035,20002248,sA-eth3,up,3864577257224745,netem,50519114,34621,0,0,0,0,0,22295898,3539,0,48477736,3690,0
472,3864577276646740,3864577277230363,19999199,sA-eth3,up,3864577277163402,netem,50519114,34621,0,0,0,0,0,22295898,3539,0,48477736,3690,0
473,3864577296646798,3864577297390852,20000058,sA-eth3,up,3864577297293002,netem,50519114,34621,0,0,0,0,0,22295898,3539,0,48477736,3690,0
474,3864577316648226,3864577317300550,20001428,sA-eth3,up,3864577317221929,netem,50746304,34772,0,0,0,1450412,64,22296426,3547,0,48695686,3701,0
475,3864577336647585,3864577337306648,19999359,sA-eth3,up,3864577337234338,netem,50996114,34937,0,0,0,1462524,64,22297152,3558,0,48935332,3712,0
476,3864577356646633,3864577357203476,19999048,sA-eth3,up,3864577357145736,netem,51245924,35102,0,0,0,1466066,64,22297878,3569,0,49174978,3723,0
477,3864577376645901,3864577377306395,19999268,sA-eth3,up,3864577377233604,netem,51495734,35267,0,0,0,1216256,53,22298604,3580,0,49414624,3734,0
478,3864577396647100,3864577397226003,20001199,sA-eth3,up,3864577397163742,netem,51745544,35432,0,0,0,966446,42,22299330,3591,0,49654270,3745,0
479,3864577416646158,3864577417263761,19999058,sA-eth3,up,3864577417210581,netem,51980214,35587,0,0,0,731776,31,22300122,3603,0,49879436,3756,0
480,3864577436644836,3864577437293080,19998678,sA-eth3,up,3864577437223289,netem,52245164,35762,0,0,0,466826,20,22300782,3613,0,50133562,3767,0
481,3864577456646085,3864577457282878,20001249,sA-eth3,up,3864577457220228,netem,52482862,35919,0,0,0,229128,10,22301508,3624,0,50361558,3777,0
482,3864577476646733,3864577477229896,20000648,sA-eth3,up,3864577477160476,netem,52711990,36071,0,0,0,0,0,22302168,3634,0,50581314,3787,0
483,3864577496648021,3864577497300185,20001288,sA-eth3,up,3864577497230824,netem,52711990,36071,0,0,0,0,0,22302168,3634,0,50581314,3787,0
484,3864577516649909,3864577517426454,20001888,sA-eth3,up,3864577517345873,netem,52711990,36071,0,0,0,0,0,22302168,3634,0,50581314,3787,0
485,3864577536646688,3864577537287921,19996779,sA-eth3,up,3864577537212431,netem,52711990,36071,0,0,0,0,0,22302168,3634,0,50581314,3787,0
486,3864577556647296,3864577557375550,20000608,sA-eth3,up,3864577557319270,netem,52711990,36071,0,0,0,0,0,22302168,3634,0,50581314,3787,0
487,3864577576645284,3864577577257908,19997988,sA-eth3,up,3864577577195468,netem,52711990,36071,0,0,0,0,0,22302168,3634,0,50581314,3787,0
488,3864577596644883,3864577597281836,19999599,sA-eth3,up,3864577597218196,netem,52711990,36071,0,0,0,0,0,22302168,3634,0,50581314,3787,0
489,3864577616646091,3864577617331345,20001208,sA-eth3,up,3864577617273434,netem,52711990,36071,0,0,0,0,0,22302168,3634,0,50581314,3787,0
490,3864577636645779,3864577637316053,19999688,sA-eth3,up,3864577637255843,netem,52711990,36071,0,0,0,0,0,22302168,3634,0,50581314,3787,0
491,3864577656646768,3864577657230351,20000989,sA-eth3,up,3864577657171101,netem,52711990,36071,0,0,0,0,0,22302168,3634,0,50581314,3787,0
492,3864577676646556,3864577677349640,19999788,sA-eth3,up,3864577677259819,netem,52802920,36132,0,0,0,1553364,70,22302498,3639,0,50668548,3792,0
493,3864577696645734,3864577697298128,19999178,sA-eth3,up,3864577697231117,netem,53052730,36297,0,0,0,1565476,70,22303224,3650,0,50908194,3803,0
494,3864577716646143,3864577717254826,20000409,sA-eth3,up,3864577717193666,netem,53302540,36462,0,0,0,1579102,70,22303950,3661,0,51147840,3814,0
495,3864577736645571,3864577737283534,19999428,sA-eth3,up,3864577737233594,netem,53552350,36627,0,0,0,1352516,61,22304676,3672,0,51387486,3825,0
496,3864577756644159,3864577757269873,19998588,sA-eth3,up,3864577757195042,netem,53802160,36792,0,0,0,1102706,50,22305402,3683,0,51627132,3836,0
497,3864577776645268,3864577777225971,20001109,sA-eth3,up,3864577777151840,netem,54051970,36957,0,0,0,852896,39,22306128,3694,0,51866778,3847,0
498,3864577796645806,3864577797350770,20000538,sA-eth3,up,3864577797278049,netem,54309350,37127,0,0,0,595516,26,22306854,3705,0,52113796,3860,0
499,3864577816644604,3864577817295388,19998798,sA-eth3,up,3864577817220017,netem,54547048,37284,0,0,0,357818,16,22307580,3716,0,52341792,3870,0
500,3864577836647053,3864577837270466,20002449,sA-eth3,up,3864577837200826,netem,54808970,37457,0,0,0,95896,5,22308240,3726,0,52593022,3881,0
501,3864577856646021,3864577857364165,19998968,sA-eth3,up,3864577857276234,netem,54904866,37521,0,0,0,0,0,22308636,3732,0,52685024,3886,0
502,3864577876647879,3864577877329893,20001858,sA-eth3,up,3864577877255293,netem,54904866,37521,0,0,0,0,0,22308636,3732,0,52685024,3886,0
503,3864577896645838,3864577897243421,19997959,sA-eth3,up,3864577897162150,netem,54904866,37521,0,0,0,0,0,22308636,3732,0,52685024,3886,0
504,3864577916647016,3864577917361800,20001178,sA-eth3,up,3864577917312410,netem,54904866,37521,0,0,0,0,0,22308636,3732,0,52685024,3886,0
505,3864577936643364,3864577937413588,19996348,sA-eth3,up,3864577937325958,netem,54904866,37521,0,0,0,0,0,22308636,3732,0,52685024,3886,0
506,3864577956648193,3864577957338426,20004829,sA-eth3,up,3864577957279006,netem,54904866,37521,0,0,0,0,0,22308636,3732,0,52685024,3886,0
507,3864577976644901,3864577977266064,19996708,sA-eth3,up,3864577977196364,netem,54904866,37521,0,0,0,0,0,22308636,3732,0,52685024,3886,0
508,3864577996646339,3864577997383493,20001438,sA-eth3,up,3864577997325463,netem,54904866,37521,0,0,0,0,0,22308636,3732,0,52685024,3886,0
509,3864578016646968,3864578017321011,20000629,sA-eth3,up,3864578017243961,netem,54904866,37521,0,0,0,0,0,22308636,3732,0,52685024,3886,0
510,3864578036648936,3864578037259479,20001968,sA-eth3,up,3864578037191479,netem,55041216,37612,0,0,0,1665400,74,22309098,3739,0,52815830,3893,0
511,3864578056645904,3864578057289608,19996968,sA-eth3,up,3864578057240097,netem,55291026,37777,0,0,0,1677512,74,22309824,3750,0,53055476,3904,0
512,3864578076643862,3864578077258436,19997958,sA-eth3,up,3864578077161225,netem,55540836,37942,0,0,0,1556906,69,22310550,3761,0,53295122,3915,0
513,3864578096647191,3864578097274964,20003329,sA-eth3,up,3864578097200544,netem,55790646,38107,0,0,0,1307096,58,22311276,3772,0,53534768,3926,0
514,3864578116646669,3864578117333783,19999478,sA-eth3,up,3864578117251682,netem,56040456,38272,0,0,0,1057286,47,22312002,3783,0,53774414,3937,0
515,3864578136645877,3864578137256641,19999208,sA-eth3,up,3864578137196690,netem,56290266,38437,0,0,0,807476,36,22312728,3794,0,54014060,3948,0
516,3864578156651696,3864578157267099,20005819,sA-eth3,up,3864578157190059,netem,56540076,38602,0,0,0,557666,25,22313454,3805,0,54253706,3959,0
517,3864578176647004,3864578177262777,19995308,sA-eth3,up,3864578177164967,netem,56801998,38775,0,0,0,295744,13,22314114,3815,0,54505002,3971,0
518,3864578196647002,3864578197258376,19999998,sA-eth3,up,3864578197181075,netem,57041210,38933,0,0,0,56532,3,22314840,3826,0,54734446,3981,0
519,3864578216647781,3864578217337274,20000779,sA-eth3,up,3864578217260514,netem,57097742,38971,0,0,0,0,0,22315038,3829,0,54788668,3984,0
520,3864578236648149,3864578237379673,20000368,sA-eth3,up,3864578237295302,netem,57097742,38971,0,0,0,0,0,22315038,3829,0,54788668,3984,0
521,3864578256646547,3864578257255401,19998398,sA-eth3,up,3864578257181870,netem,57097742,38971,0,0,0,0,0,22315038,3829,0,54788668,3984,0
522,3864578276646866,3864578277380330,20000319,sA-eth3,up,3864578277304759,netem,57097742,38971,0,0,0,0,0,22315038,3829,0,54788668,3984,0
523,3864578296646034,3864578297270957,19999168,sA-eth3,up,3864578297186197,netem,57097742,38971,0,0,0,0,0,22315038,3829,0,54788668,3984,0
524,3864578316646622,3864578317364956,20000588,sA-eth3,up,3864578317290636,netem,57097742,38971,0,0,0,0,0,22315038,3829,0,54788668,3984,0
525,3864578336645571,3864578337247444,19998949,sA-eth3,up,3864578337164044,netem,57097742,38971,0,0,0,0,0,22315038,3829,0,54788668,3984,0
526,3864578356646439,3864578357266832,20000868,sA-eth3,up,3864578357190092,netem,57097742,38971,0,0,0,0,0,22315038,3829,0,54788668,3984,0
527,3864578376645977,3864578377364391,19999538,sA-eth3,up,3864578377291361,netem,57097742,38971,0,0,0,0,0,22315038,3829,0,54788668,3984,0
528,3864578396646666,3864578397337679,20000689,sA-eth3,up,3864578397262009,netem,57302222,39107,0,0,0,1778950,79,22315632,3838,0,54984832,3994,0
529,3864578416646084,3864578417286407,19999418,sA-eth3,up,3864578417204887,netem,57552032,39272,0,0,0,1738586,77,22316358,3849,0,55224478,4005,0
530,3864578436645932,3864578437249396,19999848,sA-eth3,up,3864578437177165,netem,57801842,39437,0,0,0,1488776,66,22317084,3860,0,55464124,4016,0
531,3864578456645701,3864578457238204,19999769,sA-eth3,up,3864578457160853,netem,58051652,39602,0,0,0,1238966,55,22317810,3871,0,55703770,4027,0
532,3864578476645869,3864578477324152,20000168,sA-eth3,up,3864578477254572,netem,58301462,39767,0,0,0,989156,44,22318536,3882,0,55943416,4038,0
533,3864578496644857,3864578497215110,19998988,sA-eth3,up,3864578497140690,netem,58551272,39932,0,0,0,739346,33,22319262,3893,0,56183062,4049,0
534,3864578516645605,3864578517298789,20000748,sA-eth3,up,3864578517231419,netem,58801082,40097,0,0,0,489536,22,22319988,3904,0,56422708,4060,0
535,3864578536645434,3864578537214837,19999829,sA-eth3,up,3864578537138027,netem,59032724,40250,0,0,0,257894,11,22320714,3915,0,56644978,4071,0
536,3864578556647742,3864578557294276,20002308,sA-eth3,up,3864578557234325,netem,59290618,40421,0,0,0,0,0,22321440,3926,0,56892312,4082,0
537,3864578576646470,3864578577327554,19998728,sA-eth3,up,3864578577234244,netem,59290618,40421,0,0,0,0,0,22321440,3926,0,56892312,4082,0
538,3864578596646539,3864578597329102,20000069,sA-eth3,up,3864578597278782,netem,59290618,40421,0,0,0,0,0,22321440,3926,0,56892312,4082,0
539,3864578616644467,3864578617300081,19997928,sA-eth3,up,3864578617234760,netem,59290618,40421,0,0,0,0,0,22321440,3926,0,56892312,4082,0
540,3864578636646925,3864578637252659,20002458,sA-eth3,up,3864578637194598,netem,59290618,40421,0,0,0,0,0,22321440,3926,0,56892312,4082,0
541,3864578656646894,3864578657251857,19999969,sA-eth3,up,3864578657190937,netem,59290618,40421,0,0,0,0,0,22321440,3926,0,56892312,4082,0
542,3864578676646752,3864578677332026,19999858,sA-eth3,up,3864578677270195,netem,59290618,40421,0,0,0,0,0,22321440,3926,0,56892312,4082,0
543,3864578696645540,3864578697256814,19998788,sA-eth3,up,3864578697194163,netem,59290618,40421,0,0,0,0,0,22321440,3926,0,56892312,4082,0
544,3864578716645979,3864578717244922,20000439,sA-eth3,up,3864578717188132,netem,59290618,40421,0,0,0,0,0,22321440,3926,0,56892312,4082,0
545,3864578736647727,3864578737289530,20001748,sA-eth3,up,3864578737220330,netem,59290708,40422,0,0,0,1900070,84,22321440,3926,0,56892402,4083,0
546,3864578756646445,3864578757400579,19998718,sA-eth3,up,3864578757292959,netem,59540518,40587,0,0,0,1890986,84,22322166,3937,0,57132048,4094,0
547,3864578776648034,3864578777251027,20001589,sA-eth3,up,3864578777186187,netem,59790328,40752,0,0,0,1693166,76,22322892,3948,0,57371694,4105,0
548,3864578796645062,3864578797274015,19997028,sA-eth3,up,3864578797189455,netem,60040138,40917,0,0,0,1443356,65,22323618,3959,0,57611340,4116,0
549,3864578816646270,3864578817288764,20001208,sA-eth3,up,3864578817216833,netem,60289948,41082,0,0,0,1193546,54,22324344,3970,0,57850986,4127,0
550,3864578836645789,3864578837262972,19999519,sA-eth3,up,3864578837199152,netem,60539758,41247,0,0,0,943736,43,22325070,3981,0,58090632,4138,0
551,3864578856645587,3864578857262980,19999798,sA-eth3,up,3864578857192710,netem,60789568,41412,0,0,0,693926,32,22325796,3992,0,58330278,4149,0
552,3864578876644965,3864578877296619,19999378,sA-eth3,up,3864578877247629,netem,61039378,41577,0,0,0,444116,21,22326522,4003,0,58569924,4160,0
553,3864578896643354,3864578897291937,19998389,sA-eth3,up,3864578897184546,netem,61287674,41741,0,0,0,195820,9,22327248,4014,0,58808188,4172,0
554,3864578916649092,3864578917423606,20005738,sA-eth3,up,3864578917353446,netem,61483494,41871,0,0,0,0,0,22327908,4024,0,58996022,4181,0
555,3864578936645910,3864578937451335,19996818,sA-eth3,up,3864578937375664,netem,61483494,41871,0,0,0,0,0,22327908,4024,0,58996022,4181,0
556,3864578956646628,3864578957378302,20000718,sA-eth3,up,3864578957300372,netem,61483494,41871,0,0,0,0,0,22327908,4024,0,58996022,4181,0
557,3864578976645947,3864578977298310,19999319,sA-eth3,up,3864578977217800,netem,61483494,41871,0,0,0,0,0,22327908,4024,0,58996022,4181,0
558,3864578996646365,3864578997242368,20000418,sA-eth3,up,3864578997171128,netem,61483494,41871,0,0,0,0,0,22327908,4024,0,58996022,4181,0
559,3864579016644833,3864579017241697,19998468,sA-eth3,up,3864579017164776,netem,61483494,41871,0,0,0,0,0,22327908,4024,0,58996022,4181,0
560,3864579036644702,3864579037429856,19999869,sA-eth3,up,3864579037359076,netem,61483494,41871,0,0,0,0,0,22327908,4024,0,58996022,4181,0
561,3864579056645050,3864579057254063,20000348,sA-eth3,up,3864579057179463,netem,61483494,41871,0,0,0,0,0,22327908,4024,0,58996022,4181,0
562,3864579076645158,3864579077208751,20000108,sA-eth3,up,3864579077141391,netem,61483494,41871,0,0,0,0,0,22327908,4024,0,58996022,4181,0
563,3864579096647267,3864579097298800,20002109,sA-eth3,up,3864579097230440,netem,61529004,41902,0,0,0,1990910,89,22328106,4027,0,59039684,4184,0
564,3864579116646805,3864579117401709,19999538,sA-eth3,up,3864579117329639,netem,61778814,42067,0,0,0,1897556,85,22328832,4038,0,59279330,4195,0
565,3864579136645373,3864579137382527,19998568,sA-eth3,up,3864579137310047,netem,62028624,42232,0,0,0,1647746,74,22329558,4049,0,59518976,4206,0
566,3864579156648832,3864579157269385,20003459,sA-eth3,up,3864579157200365,netem,62278434,42397,0,0,0,1397936,63,22330284,4060,0,59758622,4217,0
567,3864579176645470,3864579177296033,19996638,sA-eth3,up,3864579177220663,netem,62528244,42562,0,0,0,1148126,52,22331010,4071,0,59998268,4228,0
568,3864579196646328,3864579197316592,20000858,sA-eth3,up,3864579197242201,netem,62778054,42727,0,0,0,898316,41,22331736,4082,0,60237914,4239,0
569,3864579216645047,3864579217274180,19998719,sA-eth3,up,3864579217197790,netem,63027864,42892,0,0,0,648506,30,22332462,4093,0,60477560,4250,0
570,3864579236646995,3864579237325239,20001948,sA-eth3,up,3864579237255938,netem,63277674,43057,0,0,0,398696,19,22333188,4104,0,60717206,4261,0
571,3864579256645333,3864579257254877,19998338,sA-eth3,up,3864579257186346,netem,63542624,43232,0,0,0,133746,6,22333914,4115,0,60971464,4274,0
572,3864579276648032,3864579277281365,20002699,sA-eth3,up,3864579277210465,netem,63676370,43321,0,0,0,0,0,22334376,4122,0,61099732,4280,0
573,3864579296644980,3864579297321124,19996948,sA-eth3,up,3864579297248113,netem,63676370,43321,0,0,0,0,0,22334376,4122,0,61099732,4280,0
574,3864579316646118,3864579317229251,20001138,sA-eth3,up,3864579317158941,netem,63676370,43321,0,0,0,0,0,22334376,4122,0,61099732,4280,0
575,3864579336645286,3864579337296330,19999168,sA-eth3,up,3864579337218180,netem,63676370,43321,0,0,0,0,0,22334376,4122,0,61099732,4280,0
576,3864579356646015,3864579357229648,20000729,sA-eth3,up,3864579357174628,netem,63676370,43321,0,0,0,0,0,22334376,4122,0,61099732,4280,0
577,3864579376644233,3864579377312547,19998218,sA-eth3,up,3864579377239566,netem,63676370,43321,0,0,0,0,0,22334376,4122,0,61099732,4280,0
578,3864579396649792,3864579397426836,20005559,sA-eth3,up,3864579397362185,netem,63676370,43321,0,0,0,0,0,22334376,4122,0,61099732,4280,0
579,3864579416644670,3864579417248053,19994878,sA-eth3,up,3864579417155203,netem,63676370,43321,0,0,0,0,0,22334376,4122,0,61099732,4280,0
580,3864579436646928,3864579437392702,20002258,sA-eth3,up,3864579437329732,netem,63676370,43321,0,0,0,0,0,22334376,4122,0,61099732,4280,0
581,3864579456647276,3864579457355690,20000348,sA-eth3,up,3864579457245860,netem,63773356,43386,0,0,0,2095890,88,22334706,4127,0,61192758,4285,0
582,3864579476647135,3864579477450069,19999859,sA-eth3,up,3864579477359519,netem,64039820,43562,0,0,0,1829426,77,22335366,4137,0,61448332,4296,0
583,3864579496646343,3864579497290617,19999208,sA-eth3,up,3864579497203166,netem,64282060,43722,0,0,0,1587186,67,22336092,4148,0,61680672,4306,0
584,3864579516647501,3864579517323985,20001158,sA-eth3,up,3864579517266745,netem,64524300,43882,0,0,0,1344946,57,22336752,4158,0,61913012,4316,0
585,3864579536645760,3864579537286373,19998259,sA-eth3,up,3864579537214483,netem,64790764,44058,0,0,0,1078482,46,22337412,4168,0,62168586,4327,0
586,3864579556646628,3864579557374252,20000868,sA-eth3,up,3864579557295022,netem,65033004,44218,0,0,0,836242,36,22338138,4179,0,62400926,4337,0
587,3864579576646656,3864579577258010,20000028,sA-eth3,up,3864579577180589,netem,65275244,44378,0,0,0,594002,26,22338798,4189,0,62633266,4347,0
588,3864579596645605,3864579597344128,19998949,sA-eth3,up,3864579597284828,netem,65541708,44554,0,0,0,327538,15,22339458,4199,0,62888840,4358,0
589,3864579616645413,3864579617311637,19999808,sA-eth3,up,3864579617261626,netem,65783948,44714,0,0,0,85298,5,22340118,4209,0,63132830,4369,0
590,3864579636645341,3864579637282335,19999928,sA-eth3,up,3864579637206384,netem,65869246,44771,0,0,0,0,0,22340514,4215,0,63203046,4373,0
591,3864579656645410,3864579657466514,20000069,sA-eth3,up,3864579657382294,netem,65869246,44771,0,0,0,0,0,22340514,4215,0,63203046,4373,0
592,3864579676647588,3864579677373272,20002178,sA-eth3,up,3864579677299512,netem,65869246,44771,0,0,0,0,0,22340514,4215,0,63203046,4373,0
593,3864579696646996,3864579697397150,19999408,sA-eth3,up,3864579697335410,netem,65869246,44771,0,0,0,0,0,22340514,4215,0,63203046,4373,0
594,3864579716645205,3864579717232058,19998209,sA-eth3,up,3864579717153227,netem,65869246,44771,0,0,0,0,0,22340514,4215,0,63203046,4373,0
595,3864579736646533,3864579737301576,20001328,sA-eth3,up,3864579737225286,netem,65869246,44771,0,0,0,0,0,22340514,4215,0,63203046,4373,0
596,3864579756645011,3864579757435455,19998478,sA-eth3,up,3864579757361765,netem,65869246,44771,0,0,0,0,0,22340514,4215,0,63203046,4373,0
597,3864579776645250,3864579777383004,20000239,sA-eth3,up,3864579777306923,netem,65869246,44771,0,0,0,0,0,22340514,4215,0,63203046,4373,0
598,3864579796645508,3864579797202911,20000258,sA-eth3,up,3864579797130710,netem,65869246,44771,0,0,0,0,0,22340514,4215,0,63203046,4373,0
599,3864579816645946,3864579817394480,20000438,sA-eth3,up,3864579817319980,netem,66014680,44868,0,0,0,2047442,85,22340976,4222,0,63342540,4380,0
600,3864579836645865,3864579837295948,19999919,sA-eth3,up,3864579837224118,netem,66281144,45044,0,0,0,1780978,74,22341636,4232,0,63598114,4391,0
601,3864579856644853,3864579857259506,19998988,sA-eth3,up,3864579857195116,netem,66523384,45204,0,0,0,1538738,64,22342296,4242,0,63830454,4401,0
602,3864579876646531,3864579877259545,20001678,sA-eth3,up,3864579877190624,netem,66765624,45364,0,0,0,1296498,54,22343022,4253,0,64062794,4411,0
603,3864579896645079,3864579897286033,19998548,sA-eth3,up,3864579897179082,netem,67007864,45524,0,0,0,1054258,44,22343682,4263,0,64318368,4422,0
604,3864579916647518,3864579917388752,20002439,sA-eth3,up,3864579917318162,netem,67274328,45700,0,0,0,787794,33,22344342,4273,0,64550708,4432,0
605,3864579936644806,3864579937271809,19997288,sA-eth3,up,3864579937205439,netem,67516568,45860,0,0,0,545554,23,22345068,4284,0,64783048,4442,0
606,3864579956645764,3864579957217177,20000958,sA-eth3,up,3864579957147757,netem,67758808,46020,0,0,0,303314,13,22345728,4294,0,65038622,4453,0
607,3864579976645383,3864579977364297,19999619,sA-eth3,up,3864579977306186,netem,68020730,46193,0,0,0,41392,2,22346454,4305,0,65266618,4463,0
608,3864579996648301,3864579997321475,20002918,sA-eth3,up,3864579997265194,netem,68062122,46221,0,0,0,0,0,22346586,4307,0,65306294,4465,0
609,3864580016644289,3864580017443104,19995988,sA-eth3,up,3864580017375443,netem,68062122,46221,0,0,0,0,0,22346586,4307,0,65306294,4465,0
610,3864580036645818,3864580037343811,20001529,sA-eth3,up,3864580037296441,netem,68062122,46221,0,0,0,0,0,22346586,4307,0,65306294,4465,0
611,3864580056644346,3864580057253119,19998528,sA-eth3,up,3864580057181519,netem,68062122,46221,0,0,0,0,0,22346586,4307,0,65306294,4465,0
612,3864580076645284,3864580077371638,20000938,sA-eth3,up,3864580077315318,netem,68062122,46221,0,0,0,0,0,22346586,4307,0,65306294,4465,0
613,3864580096644393,3864580097239396,19999109,sA-eth3,up,3864580097166575,netem,68062122,46221,0,0,0,0,0,22346586,4307,0,65306294,4465,0
614,3864580116646791,3864580117214074,20002398,sA-eth3,up,3864580117156404,netem,68062122,46221,0,0,0,0,0,22346586,4307,0,65306294,4465,0
615,3864580136645319,3864580137194812,19998528,sA-eth3,up,3864580137137292,netem,68062122,46221,0,0,0,0,0,22346586,4307,0,65306294,4465,0
616,3864580156644598,3864580157356912,19999279,sA-eth3,up,3864580157271261,netem,68062122,46221,0,0,0,0,0,22346586,4307,0,65306294,4465,0
617,3864580176649456,3864580177295919,20004858,sA-eth3,up,3864580177240149,netem,68266602,46357,0,0,0,1988466,89,22347246,4317,0,65502458,4475,0
618,3864580196643914,3864580197419188,19994458,sA-eth3,up,3864580197316008,netem,68516412,46522,0,0,0,1738656,78,22347972,4328,0,65763890,4487,0
619,3864580216646163,3864580217288976,20002249,sA-eth3,up,3864580217240666,netem,68766222,46687,0,0,0,1488846,67,22348698,4339,0,65981750,4497,0
620,3864580236643661,3864580237275804,19997498,sA-eth3,up,3864580237218994,netem,69016032,46852,0,0,0,1239036,56,22349424,4350,0,66221396,4508,0
621,3864580256643899,3864580257350393,20000238,sA-eth3,up,3864580257274203,netem,69265842,47017,0,0,0,989226,45,22350150,4361,0,66482828,4520,0
622,3864580276645068,3864580277338611,20001169,sA-eth3,up,3864580277265891,netem,69515652,47182,0,0,0,739416,34,22350876,4372,0,66722474,4531,0
623,3864580296645106,3864580297347920,20000038,sA-eth3,up,3864580297279159,netem,69765462,47347,0,0,0,489606,23,22351602,4383,0,66962120,4542,0
624,3864580316645694,3864580317251027,20000588,sA-eth3,up,3864580317190267,netem,70015272,47512,0,0,0,239796,12,22352328,4394,0,67179980,4552,0
625,3864580336646902,3864580337255876,20001208,sA-eth3,up,3864580337197245,netem,70255068,47672,0,0,0,0,0,22353054,4405,0,67410008,4564,0
626,3864580356645931,3864580357269804,19999029,sA-eth3,up,3864580357210944,netem,70255068,47672,0,0,0,0,0,22353054,4405,0,67410008,4564,0
627,3864580376645299,3864580377202042,19999368,sA-eth3,up,3864580377146502,netem,70255068,47672,0,0,0,0,0,22353054,4405,0,67410008,4564,0
628,3864580396650478,3864580397384352,20005179,sA-eth3,up,3864580397327821,netem,70255068,47672,0,0,0,0,0,22353054,4405,0,67410008,4564,0
629,3864580416644786,3864580417368460,19994308,sA-eth3,up,3864580417271129,netem,70255068,47672,0,0,0,0,0,22353054,4405,0,67410008,4564,0
630,3864580436646194,3864580437263127,20001408,sA-eth3,up,3864580437193857,netem,70255068,47672,0,0,0,0,0,22353054,4405,0,67410008,4564,0
631,3864580456644842,3864580457293236,19998648,sA-eth3,up,3864580457216966,netem,70255068,47672,0,0,0,0,0,22353054,4405,0,67410008,4564,0
632,3864580476645831,3864580477368375,20000989,sA-eth3,up,3864580477312654,netem,70255068,47672,0,0,0,0,0,22353054,4405,0,67410008,4564,0
633,3864580496644829,3864580497262142,19998998,sA-eth3,up,3864580497192332,netem,70255068,47672,0,0,0,0,0,22353054,4405,0,67410008,4564,0
634,3864580516646477,3864580517293411,20001648,sA-eth3,up,3864580517220840,netem,70279382,47689,0,0,0,2168562,90,22353120,4406,0,67433332,4566,0
635,3864580536645256,3864580537283059,19998779,sA-eth3,up,3864580537224159,netem,70521622,47849,0,0,0,1926322,80,22353780,4416,0,67665672,4576,0
636,3864580556645494,3864580557333888,20000238,sA-eth3,up,3864580557276577,netem,70763862,48009,0,0,0,1684082,70,22354506,4427,0,67898012,4586,0
637,3864580576644312,3864580577289816,19998818,sA-eth3,up,3864580577217845,netem,71006102,48169,0,0,0,1441842,60,22355166,4437,0,68153586,4597,0
638,3864580596644591,3864580597271314,20000279,sA-eth3,up,3864580597214414,netem,71272566,48345,0,0,0,1175378,49,22355826,4447,0,68385926,4607,0
639,3864580616644339,3864580617249882,19999748,sA-eth3,up,3864580617179012,netem,71514806,48505,0,0,0,933138,39,22356552,4458,0,68618266,4617,0
640,3864580636646697,3864580637218870,20002358,sA-eth3,up,3864580637163230,netem,71757046,48665,0,0,0,690898,29,22357212,4468,0,68850606,4628,0
641,3864580656644266,3864580657330889,19997569,sA-eth3,up,3864580657223039,netem,72023510,48841,0,0,0,424434,18,22357872,4478,0,69106180,4638,0
642,3864580676647394,3864580677329448,20003128,sA-eth3,up,3864580677277947,netem,72265750,49001,0,0,0,182194,8,22358598,4489,0,69338520,4648,0
643,3864580696642992,3864580697295266,19995598,sA-eth3,up,3864580697208165,netem,72448014,49123,0,0,0,0,0,22359126,4497,0,69513326,4657,0
644,3864580716646921,3864580717387795,20003929,sA-eth3,up,3864580717303754,netem,72448014,49123,0,0,0,0,0,22359126,4497,0,69513326,4657,0
645,3864580736645629,3864580737298612,19998708,sA-eth3,up,3864580737210822,netem,72448014,49123,0,0,0,0,0,22359126,4497,0,69513326,4657,0
646,3864580756647227,3864580757287491,20001598,sA-eth3,up,3864580757214140,netem,72448014,49123,0,0,0,0,0,22359126,4497,0,69513326,4657,0
647,3864580776644906,3864580777310719,19997679,sA-eth3,up,3864580777263989,netem,72448014,49123,0,0,0,0,0,22359126,4497,0,69513326,4657,0
648,3864580796644334,3864580797303617,19999428,sA-eth3,up,3864580797223337,netem,72448014,49123,0,0,0,0,0,22359126,4497,0,69513326,4657,0
649,3864580816645842,3864580817324916,20001508,sA-eth3,up,3864580817244725,netem,72448014,49123,0,0,0,0,0,22359126,4497,0,69513326,4657,0
650,3864580836645701,3864580837257634,19999859,sA-eth3,up,3864580837177763,netem,72448014,49123,0,0,0,0,0,22359126,4497,0,69513326,4657,0
651,3864580856646249,3864580857242742,20000548,sA-eth3,up,3864580857168492,netem,72448014,49123,0,0,0,0,0,22359126,4497,0,69513326,4657,0
652,3864580876647127,3864580877394301,20000878,sA-eth3,up,3864580877326971,netem,72520776,49172,0,0,0,2120114,88,22359324,4500,0,69583118,4661,0
653,3864580896645835,3864580897339459,19998708,sA-eth3,up,3864580897261319,netem,72763016,49332,0,0,0,1877874,78,22359984,4510,0,69815458,4671,0
654,3864580916646664,3864580917364138,20000829,sA-eth3,up,3864580917286487,netem,73005256,49492,0,0,0,1635634,68,22360710,4521,0,70047798,4681,0
655,3864580936647482,3864580937299606,20000818,sA-eth3,up,3864580937232405,netem,73247496,49652,0,0,0,1393394,58,22361370,4531,0,70303372,4692,0
656,3864580956646920,3864580957352394,19999438,sA-eth3,up,3864580957267164,netem,73513960,49828,0,0,0,1126930,47,22362030,4541,0,70535712,4702,0
657,3864580976645739,3864580977269712,19998819,sA-eth3,up,3864580977206922,netem,73756200,49988,0,0,0,884690,37,22362756,4552,0,70768052,4712,0
658,3864580996646097,3864580997315761,20000358,sA-eth3,up,3864580997240030,netem,73998440,50148,0,0,0,642450,27,22363416,4562,0,71000392,4722,0
659,3864581016645905,3864581017243519,19999808,sA-eth3,up,3864581017183478,netem,74264904,50324,0,0,0,375986,16,22364076,4572,0,71255966,4733,0
660,3864581036645544,3864581037378868,19999639,sA-eth3,up,3864581037305617,netem,74507144,50484,0,0,0,133746,6,22364802,4583,0,71488306,4743,0
661,3864581056645682,3864581057341756,20000138,sA-eth3,up,3864581057268735,netem,74640890,50573,0,0,0,0,0,22365198,4589,0,71616574,4749,0
662,3864581076646170,3864581077313624,20000488,sA-eth3,up,3864581077235614,netem,74640890,50573,0,0,0,0,0,22365198,4589,0,71616574,4749,0
663,3864581096646139,3864581097336472,19999969,sA-eth3,up,3864581097267402,netem,74640890,50573,0,0,0,0,0,22365198,4589,0,71616574,4749,0
664,3864581116646197,3864581117318261,20000058,sA-eth3,up,3864581117233230,netem,74640890,50573,0,0,0,0,0,22365198,4589,0,71616574,4749,0
665,3864581136647685,3864581137266819,20001488,sA-eth3,up,3864581137195358,netem,74640890,50573,0,0,0,0,0,22365198,4589,0,71616574,4749,0
666,3864581156650623,3864581157249767,20002938,sA-eth3,up,3864581157187716,netem,74640890,50573,0,0,0,0,0,22365198,4589,0,71616574,4749,0
667,3864581176647182,3864581177240755,19996559,sA-eth3,up,3864581177164905,netem,74640890,50573,0,0,0,0,0,22365198,4589,0,71616574,4749,0
668,3864581196646020,3864581197416454,19998838,sA-eth3,up,3864581197331764,netem,74640890,50573,0,0,0,0,0,22365198,4589,0,71616574,4749,0
669,3864581216647879,3864581217305602,20001859,sA-eth3,up,3864581217233192,netem,74640960,50574,0,0,0,0,0,22365198,4589,0,71616644,4750,0
670,3864581236646537,3864581237366991,19998658,sA-eth3,up,3864581237259840,netem,74762170,50655,0,0,0,2071666,86,22365528,4594,0,71732904,4756,0
671,3864581256648445,3864581257299309,20001908,sA-eth3,up,3864581257232708,netem,75004410,50815,0,0,0,1829426,76,22366254,4605,0,71965244,4766,0
672,3864581276646453,3864581277288787,19998008,sA-eth3,up,3864581277197366,netem,75246650,50975,0,0,0,1587186,66,22366914,4615,0,72197584,4776,0
673,3864581296647722,3864581297209315,20001269,sA-eth3,up,3864581297152114,netem,75513114,51151,0,0,0,1320722,55,22367574,4625,0,72453158,4787,0
674,3864581316645940,3864581317346374,19998218,sA-eth3,up,3864581317296854,netem,75755354,51311,0,0,0,1078482,45,22368300,4636,0,72685498,4797,0
675,3864581336643198,3864581337208741,19997258,sA-eth3,up,3864581337130511,netem,75997594,51471,0,0,0,836242,35,22368960,4646,0,72917838,4807,0
676,3864581356645407,3864581357240430,20002209,sA-eth3,up,3864581357184540,netem,76264058,51647,0,0,0,569778,24,22369620,4656,0,73173412,4818,0
677,3864581376645115,3864581377284568,19999708,sA-eth3,up,3864581377208198,netem,76506298,51807,0,0,0,327538,14,22370280,4666,0,73405752,4828,0
678,3864581396645203,3864581397315817,20000088,sA-eth3,up,3864581397204356,netem,76748538,51967,0,0,0,85298,4,22371006,4677,0,73638092,4838,0
679,3864581416647952,3864581417282575,20002749,sA-eth3,up,3864581417206095,netem,76833836,52024,0,0,0,0,0,22371270,4681,0,73719892,4842,0
680,3864581436644920,3864581437364434,19996968,sA-eth3,up,3864581437276933,netem,76833836,52024,0,0,0,0,0,22371270,4681,0,73719892,4842,0
681,3864581456646338,3864581457297782,20001418,sA-eth3,up,3864581457222141,netem,76833836,52024,0,0,0,0,0,22371270,4681,0,73719892,4842,0
682,3864581476645377,3864581477345750,19999039,sA-eth3,up,3864581477270360,netem,76833836,52024,0,0,0,0,0,22371270,4681,0,73719892,4842,0
683,3864581496645875,3864581497218278,20000498,sA-eth3,up,3864581497146838,netem,76833836,52024,0,0,0,0,0,22371270,4681,0,73719892,4842,0
684,3864581516644533,3864581517293697,19998658,sA-eth3,up,3864581517219796,netem,76833836,52024,0,0,0,0,0,22371270,4681,0,73719892,4842,0
685,3864581536647142,3864581537272335,20002609,sA-eth3,up,3864581537200115,netem,76833836,52024,0,0,0,0,0,22371270,4681,0,73719892,4842,0
686,3864581556646670,3864581557243313,19999528,sA-eth3,up,3864581557164993,netem,76833836,52024,0,0,0,0,0,22371270,4681,0,73719892,4842,0
687,3864581576645738,3864581577269552,19999068,sA-eth3,up,3864581577168311,netem,76833836,52024,0,0,0,0,0,22371270,4681,0,73719892,4842,0
688,3864581596647707,3864581597354260,20001969,sA-eth3,up,3864581597268100,netem,77024690,52151,0,0,0,2002022,95,22371864,4690,0,73903024,4852,0
689,3864581616647535,3864581617284728,19999828,sA-eth3,up,3864581617217218,netem,77257846,52305,0,0,0,1768866,84,22372656,4702,0,74126742,4863,0
690,3864581636645883,3864581637295917,19998348,sA-eth3,up,3864581637209666,netem,77512198,52473,0,0,0,1514514,72,22373448,4714,0,74370798,4875,0
691,3864581656645552,3864581657281505,19999669,sA-eth3,up,3864581657221655,netem,77766550,52641,0,0,0,1260162,60,22374174,4725,0,74614854,4887,0
692,3864581676644490,3864581677350734,19998938,sA-eth3,up,3864581677277453,netem,78020902,52809,0,0,0,1005810,48,22374966,4737,0,74858910,4899,0
693,3864581696646638,3864581697329882,20002148,sA-eth3,up,3864581697254411,netem,78275254,52977,0,0,0,751458,36,22375758,4749,0,75102966,4911,0
694,3864581716645356,3864581717309340,19998718,sA-eth3,up,3864581717226210,netem,78508410,53131,0,0,0,518302,25,22376620,4762,0,75326684,4922,0
695,3864581736646515,3864581737210998,20001159,sA-eth3,up,3864581737153538,netem,78762762,53299,0,0,0,263950,13,22377412,4774,0,75570740,4934,0
696,3864581756644143,3864581757371687,19997628,sA-eth3,up,3864581757259096,netem,79017114,53467,0,0,0,9598,1,22378138,4785,0,75823998,4947,0
697,3864581776648951,3864581777358115,20004808,sA-eth3,up,3864581777275505,netem,79026712,53474,0,0,0,0,0,22378270,4787,0,75823998,4947,0
698,3864581796645940,3864581797358994,19996989,sA-eth3,up,3864581797271203,netem,79026712,53474,0,0,0,0,0,22378270,4787,0,75823998,4947,0
699,3864581816647638,3864581817257891,20001698,sA-eth3,up,3864581817197401,netem,79026712,53474,0,0,0,0,0,22378270,4787,0,75823998,4947,0
700,3864581836645606,3864581837277530,19997968,sA-eth3,up,3864581837211810,netem,79026712,53474,0,0,0,0,0,22378270,4787,0,75823998,4947,0
701,3864581856647085,3864581857396039,20001479,sA-eth3,up,3864581857321878,netem,79026712,53474,0,0,0,0,0,22378270,4787,0,75823998,4947,0
702,3864581876645663,3864581877262156,19998578,sA-eth3,up,3864581877182266,netem,79026712,53474,0,0,0,0,0,22378270,4787,0,75823998,4947,0
703,3864581896647271,3864581897289815,20001608,sA-eth3,up,3864581897219014,netem,79026712,53474,0,0,0,0,0,22378270,4787,0,75823998,4947,0
704,3864581916645140,3864581917334483,19997869,sA-eth3,up,3864581917245333,netem,79026712,53474,0,0,0,0,0,22378270,4787,0,75823998,4947,0
705,3864581936648278,3864581937434852,20003138,sA-eth3,up,3864581937361442,netem,79026712,53474,0,0,0,0,0,22378270,4787,0,75823998,4947,0
706,3864581956646336,3864581957441391,19998058,sA-eth3,up,3864581957350790,netem,79253902,53625,0,0,0,1965686,87,22378930,4797,0,76041948,4958,0
707,3864581976646905,3864581977232258,20000569,sA-eth3,up,3864581977159397,netem,79481002,53775,0,0,0,1738586,77,22379656,4808,0,76281594,4969,0
708,3864581996644633,3864581997327447,19997728,sA-eth3,up,3864581997253936,netem,79730812,53940,0,0,0,1488776,66,22380382,4819,0,76521240,4980,0
709,3864582016646921,3864582017266855,20002288,sA-eth3,up,3864582017196754,netem,79980622,54105,0,0,0,1238966,55,22381108,4830,0,76760886,4991,0
710,3864582036644910,3864582037268653,19997989,sA-eth3,up,3864582037185863,netem,80230432,54270,0,0,0,989156,44,22381834,4841,0,77000532,5002,0
711,3864582056646568,3864582057230611,20001658,sA-eth3,up,3864582057176261,netem,80480242,54435,0,0,0,739346,33,22382560,4852,0,77240178,5013,0
712,3864582076644716,3864582077312860,19998148,sA-eth3,up,3864582077231309,netem,80752762,54615,0,0,0,466826,21,22383286,4863,0,77479824,5024,0
713,3864582096647055,3864582097257308,20002339,sA-eth3,up,3864582097188117,netem,81002572,54780,0,0,0,217016,10,22384012,4874,0,77719470,5035,0
714,3864582116644833,3864582117304167,19997778,sA-eth3,up,3864582117232696,netem,81219588,54924,0,0,0,0,0,22384738,4885,0,77927642,5045,0
715,3864582136646801,3864582137240624,20001968,sA-eth3,up,3864582137185854,netem,81219588,54924,0,0,0,0,0,22384738,4885,0,77927642,5045,0
716,3864582156644849,3864582157293223,19998048,sA-eth3,up,3864582157228623,netem,81219588,54924,0,0,0,0,0,22384738,4885,0,77927642,5045,0
717,3864582176646528,3864582177243901,20001679,sA-eth3,up,3864582177188621,netem,81219588,54924,0,0,0,0,0,22384738,4885,0,77927642,5045,0
718,3864582196644656,3864582197339890,19998128,sA-eth3,up,3864582197250539,netem,81219588,54924,0,0,0,0,0,22384738,4885,0,77927642,5045,0
719,3864582216648124,3864582217230178,20003468,sA-eth3,up,3864582217174797,netem,81219588,54924,0,0,0,0,0,22384738,4885,0,77927642,5045,0
720,3864582236645223,3864582237306166,19997099,sA-eth3,up,3864582237218276,netem,81219588,54924,0,0,0,0,0,22384738,4885,0,77927642,5045,0
721,3864582256647401,3864582257209644,20002178,sA-eth3,up,3864582257149594,netem,81219588,54924,0,0,0,0,0,22384738,4885,0,77927642,5045,0
722,3864582276644089,3864582277268203,19996688,sA-eth3,up,3864582277190752,netem,81219588,54924,0,0,0,0,0,22384738,4885,0,77927642,5045,0
723,3864582296648278,3864582297292991,20004189,sA-eth3,up,3864582297236511,netem,81243902,54941,0,0,0,2168562,90,22384804,4886,0,77950966,5047,0
724,3864582316645066,3864582317359350,19996788,sA-eth3,up,3864582317284880,netem,81486142,55101,0,0,0,1926322,80,22385530,4897,0,78183306,5057,0
725,3864582336648164,3864582337313038,20003098,sA-eth3,up,3864582337256828,netem,81728382,55261,0,0,0,1684082,70,22386190,4907,0,78415646,5067,0
726,3864582356644623,3864582357325756,19996459,sA-eth3,up,3864582357279276,netem,81994846,55437,0,0,0,1417618,59,22386850,4917,0,78671220,5078,0
727,3864582376643291,3864582377364045,19998668,sA-eth3,up,3864582377291794,netem,82237086,55597,0,0,0,1175378,49,22387576,4928,0,78903560,5088,0
728,3864582396647499,3864582397306513,20004208,sA-eth3,up,3864582397251303,netem,82479326,55757,0,0,0,933138,39,22388236,4938,0,79135900,5098,0
729,3864582416644298,3864582417259541,19996799,sA-eth3,up,3864582417171980,netem,82745790,55933,0,0,0,666674,28,22388896,4948,0,79391474,5109,0
730,3864582436647336,3864582437286609,20003038,sA-eth3,up,3864582437232059,netem,82988030,56093,0,0,0,424434,18,22389556,4958,0,79623814,5119,0
731,3864582456645334,3864582457244698,19997998,sA-eth3,up,3864582457199577,netem,83230270,56253,0,0,0,182194,8,22390282,4969,0,79856154,5129,0
732,3864582476644823,3864582477314526,19999489,sA-eth3,up,3864582477245516,netem,83412464,56374,0,0,0,0,0,22390810,4977,0,80030890,5137,0
733,3864582496646611,3864582497261364,20001788,sA-eth3,up,3864582497201894,netem,83412464,56374,0,0,0,0,0,22390810,4977,0,80030890,5137,0
734,3864582516646359,3864582517280543,19999748,sA-eth3,up,3864582517202292,netem,83412464,56374,0,0,0,0,0,22390810,4977,0,80030890,5137,0
735,3864582536646847,3864582537229911,20000488,sA-eth3,up,3864582537170370,netem,83412464,56374,0,0,0,0,0,22390810,4977,0,80030890,5137,0
736,3864582556645516,3864582557359840,19998669,sA-eth3,up,3864582557268919,netem,83412464,56374,0,0,0,0,0,22390810,4977,0,80030890,5137,0
737,3864582576646774,3864582577238417,20001258,sA-eth3,up,3864582577163617,netem,83412464,56374,0,0,0,0,0,22390810,4977,0,80030890,5137,0
738,3864582596645443,3864582597251596,19998669,sA-eth3,up,3864582597170355,netem,83412464,56374,0,0,0,0,0,22390810,4977,0,80030890,5137,0
739,3864582616646391,3864582617235154,20000948,sA-eth3,up,3864582617164904,netem,83412464,56374,0,0,0,0,0,22390810,4977,0,80030890,5137,0
740,3864582636645189,3864582637319353,19998798,sA-eth3,up,3864582637249002,netem,83412464,56374,0,0,0,0,0,22390810,4977,0,80030890,5137,0
741,3864582656647588,3864582657312461,20002399,sA-eth3,up,3864582657241211,netem,83485226,56423,0,0,0,2120114,88,22391074,4981,0,80100682,5141,0
742,3864582676645626,3864582677297029,19998038,sA-eth3,up,3864582677215269,netem,83727466,56583,0,0,0,1877874,78,22391734,4991,0,80333022,5151,0
743,3864582696646754,3864582697296418,20001128,sA-eth3,up,3864582697223567,netem,83993930,56759,0,0,0,1611410,67,22392394,5001,0,80588596,5162,0
744,3864582716644812,3864582717246246,19998058,sA-eth3,up,3864582717170295,netem,84236170,56919,0,0,0,1369170,57,22393120,5012,0,80820936,5172,0
745,3864582736646931,3864582737255374,20002119,sA-eth3,up,3864582737185694,netem,84478410,57079,0,0,0,1126930,47,22393780,5022,0,81053276,5182,0
746,3864582756645839,3864582757277672,19998908,sA-eth3,up,3864582757204862,netem,84744874,57255,0,0,0,860466,36,22394440,5032,0,81308850,5193,0
747,3864582776645287,3864582777273701,19999448,sA-eth3,up,3864582777202840,netem,84987114,57415,0,0,0,618226,26,22395166,5043,0,81541190,5203,0
748,3864582796644406,3864582797269499,19999119,sA-eth3,up,3864582797211989,netem,85229354,57575,0,0,0,375986,16,22395826,5053,0,81773530,5213,0
749,3864582816645644,3864582817251317,20001238,sA-eth3,up,3864582817192997,netem,85495818,57751,0,0,0,109522,5,22396486,5063,0,82029104,5224,0
750,3864582836645472,3864582837323936,19999828,sA-eth3,up,3864582837256716,netem,85605340,57824,0,0,0,0,0,22396882,5069,0,82134138,5229,0
751,3864582856647121,3864582857257574,20001649,sA-eth3,up,3864582857183424,netem,85605340,57824,0,0,0,0,0,22396882,5069,0,82134138,5229,0
752,3864582876645749,3864582877318493,19998628,sA-eth3,up,3864582877236202,netem,85605340,57824,0,0,0,0,0,22396882,5069,0,82134138,5229,0
753,3864582896646817,3864582897259651,20001068,sA-eth3,up,3864582897204370,netem,85605340,57824,0,0,0,0,0,22396882,5069,0,82134138,5229,0
754,3864582916644036,3864582917410010,19997219,sA-eth3,up,3864582917318749,netem,85605340,57824,0,0,0,0,0,22396882,5069,0,82134138,5229,0
755,3864582936649394,3864582937237027,20005358,sA-eth3,up,3864582937165807,netem,85605340,57824,0,0,0,0,0,22396882,5069,0,82134138,5229,0
756,3864582956645032,3864582957305246,19995638,sA-eth3,up,3864582957234035,netem,85605340,57824,0,0,0,0,0,22396882,5069,0,82134138,5229,0
757,3864582976646111,3864582977310954,20001079,sA-eth3,up,3864582977256304,netem,85605340,57824,0,0,0,0,0,22396882,5069,0,82134138,5229,0
758,3864582996644739,3864582997286422,19998628,sA-eth3,up,3864582997204282,netem,85605340,57824,0,0,0,0,0,22396882,5069,0,82134138,5229,0
759,3864583016648617,3864583017258760,20003878,sA-eth3,up,3864583017204720,netem,85726550,57905,0,0,0,2071666,86,22397278,5075,0,82250398,5235,0
760,3864583036644976,3864583037301479,19996359,sA-eth3,up,3864583037222359,netem,85968790,58065,0,0,0,1829426,76,22397938,5085,0,82505972,5246,0
761,3864583056648154,3864583057268607,20003178,sA-eth3,up,3864583057199217,netem,86235254,58241,0,0,0,1562962,65,22398598,5095,0,82738312,5256,0
762,3864583076645482,3864583077277576,19997328,sA-eth3,up,3864583077233875,netem,86477494,58401,0,0,0,1320722,55,22399324,5106,0,82970652,5266,0
763,3864583096642740,3864583097270674,19997258,sA-eth3,up,3864583097192093,netem,86719734,58561,0,0,0,1078482,45,22399984,5116,0,83202992,5276,0
764,3864583116647859,3864583117280572,20005119,sA-eth3,up,3864583117211062,netem,86986198,58737,0,0,0,812018,34,22400644,5126,0,83458566,5287,0
765,3864583136645177,3864583137342001,19997318,sA-eth3,up,3864583137270940,netem,87228438,58897,0,0,0,569778,24,22401370,5137,0,83690906,5297,0
766,3864583156647885,3864583157266319,20002708,sA-eth3,up,3864583157211338,netem,87470678,59057,0,0,0,327538,14,22402030,5147,0,83923246,5307,0
767,3864583176645904,3864583177241407,19998019,sA-eth3,up,3864583177186367,netem,87737142,59233,0,0,0,61074,3,22402690,5157,0,84178820,5318,0
768,3864583196644272,3864583197365676,19998368,sA-eth3,up,3864583197269735,netem,87798216,59274,0,0,0,0,0,22402954,5161,0,84237386,5321,0
769,3864583216647840,3864583217246414,20003568,sA-eth3,up,3864583217192003,netem,87798216,59274,0,0,0,0,0,22402954,5161,0,84237386,5321,0
770,3864583236644579,3864583237218202,19996739,sA-eth3,up,3864583237152461,netem,87798216,59274,0,0,0,0,0,22402954,5161,0,84237386,5321,0
771,3864583256646597,3864583257240320,20002018,sA-eth3,up,3864583257183870,netem,87798286,59275,0,0,0,0,0,22402954,5161,0,84237456,5322,0
772,3864583276644935,3864583277274419,19998338,sA-eth3,up,3864583277210568,netem,87798286,59275,0,0,0,0,0,22402954,5161,0,84237456,5322,0
773,3864583296645984,3864583297257657,20001049,sA-eth3,up,3864583297203097,netem,87798286,59275,0,0,0,0,0,22402954,5161,0,84237456,5322,0
774,3864583316645282,3864583317338436,19999298,sA-eth3,up,3864583317229955,netem,87798286,59275,0,0,0,0,0,22402954,5161,0,84237456,5322,0
775,3864583336648790,3864583337269304,20003508,sA-eth3,up,3864583337196823,netem,87798286,59275,0,0,0,0,0,22402954,5161,0,84237456,5322,0
776,3864583356645298,3864583357246572,19996508,sA-eth3,up,3864583357170421,netem,87798286,59275,0,0,0,0,0,22402954,5161,0,84237456,5322,0
777,3864583376646877,3864583377315821,20001579,sA-eth3,up,3864583377235150,netem,87992168,59404,0,0,0,1998994,83,22403482,5169,0,84423418,5331,0
778,3864583396648485,3864583397293539,20001608,sA-eth3,up,3864583397208418,netem,88234408,59564,0,0,0,1756754,73,22404142,5179,0,84655758,5341,0
779,3864583416646724,3864583417276507,19998239,sA-eth3,up,3864583417193827,netem,88476648,59724,0,0,0,1514514,63,22404868,5190,0,84888098,5351,0
780,3864583436647852,3864583437365026,20001128,sA-eth3,up,3864583437285475,netem,88718888,59884,0,0,0,1272274,53,22405528,5200,0,85143672,5362,0
781,3864583456645630,3864583457274604,19997778,sA-eth3,up,3864583457227533,netem,88985352,60060,0,0,0,1005810,42,22406188,5210,0,85376012,5372,0
782,3864583476643919,3864583477241912,19998289,sA-eth3,up,3864583477163591,netem,89227592,60220,0,0,0,763570,32,22406914,5221,0,85608352,5382,0
783,3864583496648727,3864583497266770,20004808,sA-eth3,up,3864583497193770,netem,89469832,60380,0,0,0,521330,22,22407574,5231,0,85840692,5392,0
784,3864583516645455,3864583517260878,19996728,sA-eth3,up,3864583517182368,netem,89736296,60556,0,0,0,254866,11,22408234,5241,0,86096266,5403,0
785,3864583536648773,3864583537243407,20003318,sA-eth3,up,3864583537184906,netem,89991162,60725,0,0,0,0,0,22408960,5252,0,86340704,5414,0
786,3864583556645702,3864583557487896,19996929,sA-eth3,up,3864583557386156,netem,89991162,60725,0,0,0,0,0,22409026,5253,0,86340704,5414,0
787,3864583576649080,3864583577268493,20003378,sA-eth3,up,3864583577212183,netem,89991162,60725,0,0,0,0,0,22409026,5253,0,86340704,5414,0
788,3864583596645578,3864583597307532,19996498,sA-eth3,up,3864583597239282,netem,89991162,60725,0,0,0,0,0,22409026,5253,0,86340704,5414,0
789,3864583616645497,3864583617253910,19999919,sA-eth3,up,3864583617180860,netem,89991162,60725,0,0,0,0,0,22409026,5253,0,86340704,5414,0
790,3864583636645295,3864583637272998,19999798,sA-eth3,up,3864583637228008,netem,89991162,60725,0,0,0,0,0,22409026,5253,0,86340704,5414,0
791,3864583656643523,3864583657234927,19998228,sA-eth3,up,3864583657158346,netem,89991162,60725,0,0,0,0,0,22409026,5253,0,86340704,5414,0
792,3864583676651862,3864583677342445,20008339,sA-eth3,up,3864583677271865,netem,89991162,60725,0,0,0,0,0,22409026,5253,0,86340704,5414,0
793,3864583696645510,3864583697268473,19993648,sA-eth3,up,3864583697188123,netem,89991162,60725,0,0,0,0,0,22409026,5253,0,86340704,5414,0
794,3864583716647208,3864583717284282,20001698,sA-eth3,up,3864583717212981,netem,89991162,60725,0,0,0,2192876,92,22409026,5253,0,86340704,5414,0
795,3864583736644987,3864583737387891,19997779,sA-eth3,up,3864583737302900,netem,90233492,60886,0,0,0,1950546,81,22409686,5263,0,86573134,5425,0
796,3864583756646555,3864583757296408,20001568,sA-eth3,up,3864583757223008,netem,90475732,61046,0,0,0,1708306,71,22410346,5273,0,86805474,5435,0
797,3864583776645113,3864583777291107,19998558,sA-eth3,up,3864583777213136,netem,90717972,61206,0,0,0,1466066,61,22411072,5284,0,87037814,5445,0
798,3864583796646202,3864583797253665,20001089,sA-eth3,up,3864583797180295,netem,90984436,61382,0,0,0,1199602,50,22411732,5294,0,87293388,5456,0
799,3864583816647250,3864583817238933,20001048,sA-eth3,up,3864583817163163,netem,91226676,61542,0,0,0,957362,40,22412392,5304,0,87525728,5466,0
800,3864583836645248,3864583837248982,19997998,sA-eth3,up,3864583837191101,netem,91468916,61702,0,0,0,715122,30,22413118,5315,0,87758068,5476,0
801,3864583856644877,3864583857214980,19999629,sA-eth3,up,3864583857144529,netem,91711156,61862,0,0,0,472882,20,22413778,5325,0,88013642,5487,0
802,3864583876645985,3864583877230018,20001108,sA-eth3,up,3864583877157608,netem,91977620,62038,0,0,0,206418,9,22414438,5335,0,88245982,5497,0
803,3864583896645353,3864583897346247,19999368,sA-eth3,up,3864583897255797,netem,92184038,62175,0,0,0,0,0,22415098,5345,0,88443952,5506,0
804,3864583916647231,3864583917259055,20001878,sA-eth3,up,3864583917184334,netem,92184038,62175,0,0,0,0,0,22415098,5345,0,88443952,5506,0
805,3864583936645700,3864583937242543,19998469,sA-eth3,up,3864583937168253,netem,92184038,62175,0,0,0,0,0,22415098,5345,0,88443952,5506,0
806,3864583956645508,3864583957249431,19999808,sA-eth3,up,3864583957176721,netem,92184038,62175,0,0,0,0,0,22415098,5345,0,88443952,5506,0
807,3864583976645086,3864583977262050,19999578,sA-eth3,up,3864583977191809,netem,92184038,62175,0,0,0,0,0,22415098,5345,0,88443952,5506,0
808,3864583996644855,3864583997260158,19999769,sA-eth3,up,3864583997189678,netem,92184038,62175,0,0,0,0,0,22415098,5345,0,88443952,5506,0
809,3864584016646833,3864584017336997,20001978,sA-eth3,up,3864584017267546,netem,92184038,62175,0,0,0,0,0,22415098,5345,0,88443952,5506,0
810,3864584036645011,3864584037260725,19998178,sA-eth3,up,3864584037182974,netem,92184038,62175,0,0,0,0,0,22415098,5345,0,88443952,5506,0
811,3864584056645390,3864584057313443,20000379,sA-eth3,up,3864584057241733,netem,92184038,62175,0,0,0,0,0,22415098,5345,0,88443952,5506,0
812,3864584076646788,3864584077261391,20001398,sA-eth3,up,3864584077188791,netem,92208352,62192,0,0,0,2168562,90,22415230,5347,0,88467276,5508,0
813,3864584096646156,3864584097252180,19999368,sA-eth3,up,3864584097184999,netem,92474816,62368,0,0,0,1902098,79,22415890,5357,0,88722850,5519,0
814,3864584116645845,3864584117316338,19999689,sA-eth3,up,3864584117245558,netem,92717056,62528,0,0,0,1659858,69,22416550,5367,0,88955190,5529,0
815,3864584136645093,3864584137237176,19999248,sA-eth3,up,3864584137191516,netem,92959296,62688,0,0,0,1417618,59,22417276,5378,0,89187530,5539,0
816,3864584156643311,3864584157263865,19998218,sA-eth3,up,3864584157190614,netem,93225760,62864,0,0,0,1151154,48,22417936,5388,0,89443104,5550,0
817,3864584176646070,3864584177261623,20002759,sA-eth3,up,3864584177205793,netem,93468000,63024,0,0,0,908914,38,22418596,5398,0,89675444,5560,0
818,3864584196644388,3864584197245701,19998318,sA-eth3,up,3864584197175661,netem,93710240,63184,0,0,0,666674,28,22419322,5409,0,89907784,5570,0
819,3864584216645986,3864584217274040,20001598,sA-eth3,up,3864584217217349,netem,93976704,63360,0,0,0,400210,17,22419982,5419,0,90163358,5581,0
820,3864584236645155,3864584237238978,19999169,sA-eth3,up,3864584237165317,netem,94218944,63520,0,0,0,157970,7,22420642,5429,0,90395698,5591,0
821,3864584256647403,3864584257280506,20002248,sA-eth3,up,3864584257209726,netem,94376914,63625,0,0,0,0,0,22421170,5437,0,90547200,5598,0
822,3864584276645631,3864584277332105,19998228,sA-eth3,up,3864584277253625,netem,94376914,63625,0,0,0,0,0,22421170,5437,0,90547200,5598,0
823,3864584296645940,3864584297215103,20000309,sA-eth3,up,3864584297145802,netem,94376914,63625,0,0,0,0,0,22421170,5437,0,90547200,5598,0
824,3864584316644888,3864584317334882,19998948,sA-eth3,up,3864584317258371,netem,94376914,63625,0,0,0,0,0,22421170,5437,0,90547200,5598,0
825,3864584336645996,3864584337248809,20001108,sA-eth3,up,3864584337178759,netem,94376914,63625,0,0,0,0,0,22421170,5437,0,90547200,5598,0
826,3864584356644814,3864584357287048,19998818,sA-eth3,up,3864584357218528,netem,94376914,63625,0,0,0,0,0,22421170,5437,0,90547200,5598,0
827,3864584376645743,3864584377239826,20000929,sA-eth3,up,3864584377185506,netem,94376914,63625,0,0,0,0,0,22421170,5437,0,90547200,5598,0
828,3864584396645701,3864584397226654,19999958,sA-eth3,up,3864584397158434,netem,94376914,63625,0,0,0,0,0,22421170,5437,0,90547200,5598,0
829,3864584416645459,3864584417302483,19999758,sA-eth3,up,3864584417234103,netem,94376914,63625,0,0,0,0,0,22421170,5437,0,90547200,5598,0
830,3864584436646348,3864584437259581,20000889,sA-eth3,up,3864584437185101,netem,94473900,63690,0,0,0,2095890,87,22421434,5441,0,90640226,5603,0
831,3864584456646436,3864584457264839,20000088,sA-eth3,up,3864584457190319,netem,94716140,63850,0,0,0,1853650,77,22422094,5451,0,90872566,5613,0
832,3864584476646424,3864584477209587,19999988,sA-eth3,up,3864584477144197,netem,94958380,64010,0,0,0,1611410,67,22422820,5462,0,91104906,5623,0
833,3864584496645883,3864584497340476,19999459,sA-eth3,up,3864584497269266,netem,95224844,64186,0,0,0,1344946,56,22423480,5472,0,91360480,5634,0
834,3864584516645171,3864584517254204,19999288,sA-eth3,up,3864584517192774,netem,95467084,64346,0,0,0,1102706,46,22424140,5482,0,91592820,5644,0
835,3864584536645739,3864584537315243,20000568,sA-eth3,up,3864584537240013,netem,95709324,64506,0,0,0,860466,36,22424866,5493,0,91825160,5654,0
836,3864584556645228,3864584557187391,19999489,sA-eth3,up,3864584557127490,netem,95951564,64666,0,0,0,618226,26,22425526,5503,0,92057500,5664,0
837,3864584576644776,3864584577229359,19999548,sA-eth3,up,3864584577160809,netem,96218028,64842,0,0,0,351762,15,22426186,5513,0,92313074,5675,0
838,3864584596645454,3864584597354758,20000678,sA-eth3,up,3864584597273318,netem,96460268,65002,0,0,0,109522,5,22426912,5524,0,92545414,5685,0
839,3864584616649753,3864584617375747,20004299,sA-eth3,up,3864584617301286,netem,96569790,65075,0,0,0,0,0,22427242,5529,0,92650448,5690,0
840,3864584636646541,3864584637433705,19996788,sA-eth3,up,3864584637339185,netem,96569790,65075,0,0,0,0,0,22427242,5529,0,92650448,5690,0
841,3864584656646459,3864584657253283,19999918,sA-eth3,up,3864584657183452,netem,96569790,65075,0,0,0,0,0,22427242,5529,0,92650448,5690,0
842,3864584676646088,3864584677293271,19999629,sA-eth3,up,3864584677213211,netem,96569790,65075,0,0,0,0,0,22427242,5529,0,92650448,5690,0
843,3864584696647966,3864584697329560,20001878,sA-eth3,up,3864584697267419,netem,96569790,65075,0,0,0,0,0,22427242,5529,0,92650448,5690,0
844,3864584716645344,3864584717292898,19997378,sA-eth3,up,3864584717226027,netem,96569790,65075,0,0,0,0,0,22427242,5529,0,92650448,5690,0
845,3864584736645163,3864584737307616,19999819,sA-eth3,up,3864584737234986,netem,96569790,65075,0,0,0,0,0,22427242,5529,0,92650448,5690,0
846,3864584756646891,3864584757242584,20001728,sA-eth3,up,3864584757165904,netem,96569790,65075,0,0,0,0,0,22427242,5529,0,92650448,5690,0
847,3864584776645869,3864584777277283,19998978,sA-eth3,up,3864584777200942,netem,96569790,65075,0,0,0,0,0,22427242,5529,0,92650448,5690,0
848,3864584796648378,3864584797317051,20002509,sA-eth3,up,3864584797234061,netem,96715224,65172,0,0,0,2047442,85,22427704,5536,0,92789942,5697,0
849,3864584816646006,3864584817353550,19997628,sA-eth3,up,3864584817265839,netem,96957464,65332,0,0,0,1805202,75,22428364,5546,0,93022282,5707,0
850,3864584836648094,3864584837287298,20002088,sA-eth3,up,3864584837205427,netem,97223928,65508,0,0,0,1538738,64,22429024,5556,0,93277856,5718,0
851,3864584856646183,3864584857266936,19998089,sA-eth3,up,3864584857191855,netem,97466168,65668,0,0,0,1296498,54,22429684,5566,0,93510196,5728,0
852,3864584876648511,3864584877347035,20002328,sA-eth3,up,3864584877289444,netem,97708408,65828,0,0,0,1054258,44,22430410,5577,0,93742536,5738,0
853,3864584896645959,3864584897336723,19997448,sA-eth3,up,3864584897233632,netem,97974872,66004,0,0,0,787794,33,22431070,5587,0,93998110,5749,0
854,3864584916648397,3864584917276271,20002438,sA-eth3,up,3864584917202480,netem,98217112,66164,0,0,0,545554,23,22431730,5597,0,94230450,5759,0
855,3864584936645336,3864584937269699,19996939,sA-eth3,up,3864584937170619,netem,98459352,66324,0,0,0,303314,13,22432456,5608,0,94462790,5769,0
856,3864584956646954,3864584957252957,20001618,sA-eth3,up,3864584957179957,netem,98725816,66500,0,0,0,36850,2,22433116,5618,0,94718364,5780,0
857,3864584976647322,3864584977344836,20000368,sA-eth3,up,3864584977257926,netem,98762666,66525,0,0,0,0,0,22433314,5621,0,94753696,5782,0
858,3864584996646841,3864584997414935,19999519,sA-eth3,up,3864584997335935,netem,98762666,66525,0,0,0,0,0,22433314,5621,0,94753696,5782,0
859,3864585016647799,3864585017258652,20000958,sA-eth3,up,3864585017195402,netem,98762666,66525,0,0,0,0,0,22433314,5621,0,94753696,5782,0
860,3864585036646177,3864585037269391,19998378,sA-eth3,up,3864585037199620,netem,98762666,66525,0,0,0,0,0,22433314,5621,0,94753696,5782,0
861,3864585056647206,3864585057238649,20001029,sA-eth3,up,3864585057159198,netem,98762666,66525,0,0,0,0,0,22433314,5621,0,94753696,5782,0
862,3864585076645924,3864585077241157,19998718,sA-eth3,up,3864585077171137,netem,98762666,66525,0,0,0,0,0,22433314,5621,0,94753696,5782,0
863,3864585096647662,3864585097336356,20001738,sA-eth3,up,3864585097272726,netem,98762666,66525,0,0,0,0,0,22433314,5621,0,94753696,5782,0
864,3864585116646151,3864585117286874,19998489,sA-eth3,up,3864585117205594,netem,98762666,66525,0,0,0,0,0,22433314,5621,0,94753696,5782,0
865,3864585136648179,3864585137331723,20002028,sA-eth3,up,3864585137274062,netem,98762666,66525,0,0,0,0,0,22433314,5621,0,94753696,5782,0
866,3864585156647807,3864585157298321,19999628,sA-eth3,up,3864585157218410,netem,98956548,66654,0,0,0,1998994,83,22433842,5629,0,94939658,5791,0
867,3864585176646746,3864585177285959,19998939,sA-eth3,up,3864585177216119,netem,99198788,66814,0,0,0,1756754,73,22434568,5640,0,95171998,5801,0
868,3864585196648384,3864585197409818,20001638,sA-eth3,up,3864585197315788,netem,99441028,66974,0,0,0,1514514,63,22435228,5650,0,95427572,5812,0
869,3864585216649522,3864585217391376,20001138,sA-eth3,up,3864585217322006,netem,99707492,67150,0,0,0,1248050,52,22435888,5660,0,95659912,5822,0
870,3864585236646701,3864585237314564,19997179,sA-eth3,up,3864585237257734,netem,99949732,67310,0,0,0,1005810,42,22436614,5671,0,95892252,5832,0
871,3864585256644529,3864585257153172,19997828,sA-eth3,up,3864585257101161,netem,100191972,67470,0,0,0,763570,32,22437274,5681,0,96124592,5842,0
872,3864585276648877,3864585277677373,20004348,sA-eth3,up,3864585277560042,netem,100458436,67646,0,0,0,497106,21,22437934,5691,0,96380166,5853,0
873,3864585296648526,3864585297258719,19999649,sA-eth3,up,3864585297183418,netem,100700676,67806,0,0,0,254866,11,22438660,5702,0,96612506,5863,0
874,3864585316649504,3864585317431678,20000978,sA-eth3,up,3864585317298467,netem,100955542,67975,0,0,0,0,0,22439320,5712,0,96856944,5874,0
875,3864585336644962,3864585337458787,19995458,sA-eth3,up,3864585337373746,netem,100955542,67975,0,0,0,0,0,22439386,5713,0,96856944,5874,0
876,3864585356647780,3864585357305774,20002818,sA-eth3,up,3864585357230614,netem,100955542,67975,0,0,0,0,0,22439386,5713,0,96856944,5874,0
877,3864585376646859,3864585377400363,19999079,sA-eth3,up,3864585377314992,netem,100955542,67975,0,0,0,0,0,22439386,5713,0,96856944,5874,0
878,3864585396646467,3864585397274690,19999608,sA-eth3,up,3864585397210600,netem,100955542,67975,0,0,0,0,0,22439386,5713,0,96856944,5874,0
879,3864585416645995,3864585417297809,19999528,sA-eth3,up,3864585417218579,netem,100955542,67975,0,0,0,0,0,22439386,5713,0,96856944,5874,0
880,3864585436647104,3864585437265307,20001109,sA-eth3,up,3864585437187987,netem,100955542,67975,0,0,0,0,0,22439386,5713,0,96856944,5874,0
881,3864585456645592,3864585457354606,19998488,sA-eth3,up,3864585457275645,netem,100955542,67975,0,0,0,0,0,22439386,5713,0,96856944,5874,0
882,3864585476645860,3864585477276164,20000268,sA-eth3,up,3864585477192713,netem,100955542,67975,0,0,0,0,0,22439386,5713,0,96856944,5874,0
883,3864585496648679,3864585497327642,20002819,sA-eth3,up,3864585497247252,netem,100955632,67976,0,0,0,2192786,91,22439386,5713,0,96857034,5875,0
884,3864585516647297,3864585517301591,19998618,sA-eth3,up,3864585517228660,netem,101197872,68136,0,0,0,1950546,81,22440112,5724,0,97089374,5885,0
885,3864585536645885,3864585537304009,19998588,sA-eth3,up,3864585537245709,netem,101440112,68296,0,0,0,1708306,71,22440772,5734,0,97321714,5895,0
886,3864585556646274,3864585557282687,20000389,sA-eth3,up,3864585557200377,netem,101706576,68472,0,0,0,1441842,60,22441432,5744,0,97577288,5906,0
887,3864585576646452,3864585577322956,20000178,sA-eth3,up,3864585577245895,netem,101948816,68632,0,0,0,1199602,50,22442158,5755,0,97809628,5916,0
888,3864585596644920,3864585597280164,19998468,sA-eth3,up,3864585597189383,netem,102191056,68792,0,0,0,957362,40,22442818,5765,0,98041968,5926,0
889,3864585616647539,3864585617332992,20002619,sA-eth3,up,3864585617261582,netem,102457520,68968,0,0,0,690898,29,22443478,5775,0,98297542,5937,0
890,3864585636644827,3864585637319481,19997288,sA-eth3,up,3864585637255430,netem,102699760,69128,0,0,0,448658,19,22444138,5785,0,98529882,5947,0
891,3864585656646225,3864585657290039,20001398,sA-eth3,up,3864585657218888,netem,102942000,69288,0,0,0,206418,9,22444864,5796,0,98762222,5957,0
892,3864585676646084,3864585677397438,19999859,sA-eth3,up,3864585677324537,netem,103148418,69425,0,0,0,0,0,22445458,5805,0,98960192,5966,0
893,3864585696651412,3864585697379356,20005328,sA-eth3,up,3864585697307145,netem,103148418,69425,0,0,0,0,0,22445458,5805,0,98960192,5966,0
894,3864585716645140,3864585717320384,19993728,sA-eth3,up,3864585717234053,netem,103148418,69425,0,0,0,0,0,22445458,5805,0,98960192,5966,0
895,3864585736648649,3864585737262002,20003509,sA-eth3,up,3864585737192581,netem,103148418,69425,0,0,0,0,0,22445458,5805,0,98960192,5966,0
896,3864585756645157,3864585757297530,19996508,sA-eth3,up,3864585757192600,netem,103148418,69425,0,0,0,0,0,22445458,5805,0,98960192,5966,0
897,3864585776647975,3864585777336589,20002818,sA-eth3,up,3864585777280509,netem,103148418,69425,0,0,0,0,0,22445458,5805,0,98960192,5966,0
898,3864585796644293,3864585797257957,19996318,sA-eth3,up,3864585797186016,netem,103148418,69425,0,0,0,0,0,22445458,5805,0,98960192,5966,0
899,3864585816644822,3864585817234425,20000529,sA-eth3,up,3864585817155495,netem,103148418,69425,0,0,0,0,0,22445458,5805,0,98960192,5966,0
900,3864585836646530,3864585837348264,20001708,sA-eth3,up,3864585837278294,netem,103148418,69425,0,0,0,0,0,22445458,5805,0,98960192,5966,0
901,3864585856645688,3864585857431353,19999158,sA-eth3,up,3864585857360522,netem,103196956,69458,0,0,0,2144338,89,22445590,5807,0,99006750,5969,0
902,3864585876647017,3864585877290100,20001329,sA-eth3,up,3864585877215760,netem,103439196,69618,0,0,0,1902098,79,22446316,5818,0,99239090,5979,0
903,3864585896645375,3864585897357119,19998358,sA-eth3,up,3864585897285229,netem,103705660,69794,0,0,0,1635634,68,22446976,5828,0,99494664,5990,0
904,3864585916647823,3864585917318127,20002448,sA-eth3,up,3864585917245657,netem,103947900,69954,0,0,0,1393394,58,22447636,5838,0,99727004,6000,0
905,3864585936646892,3864585937331075,19999069,sA-eth3,up,3864585937224845,netem,104190140,70114,0,0,0,1151154,48,22448362,5849,0,99959344,6010,0
906,3864585956646650,3864585957291134,19999758,sA-eth3,up,3864585957209763,netem,104432380,70274,0,0,0,908914,38,22449022,5859,0,100214918,6021,0
907,3864585976646308,3864585977290162,19999658,sA-eth3,up,3864585977207511,netem,104698844,70450,0,0,0,642450,27,22449682,5869,0,100447258,6031,0
908,3864585996645737,3864585997348841,19999429,sA-eth3,up,3864585997275500,netem,104941084,70610,0,0,0,400210,17,22450408,5880,0,100679598,6041,0
909,3864586016645885,3864586017280738,20000148,sA-eth3,up,3864586017205558,netem,105183324,70770,0,0,0,157970,7,22451068,5890,0,100911938,6051,0
910,3864586036646093,3864586037254207,20000208,sA-eth3,up,3864586037183836,netem,105341294,70875,0,0,0,0,0,22451530,5897,0,101063440,6058,0
911,3864586056645472,3864586057317785,19999379,sA-eth3,up,3864586057233785,netem,105341294,70875,0,0,0,0,0,22451530,5897,0,101063440,6058,0
912,3864586076646330,3864586077219353,20000858,sA-eth3,up,3864586077147353,netem,105341294,70875,0,0,0,0,0,22451530,5897,0,101063440,6058,0
913,3864586096645448,3864586097286982,19999118,sA-eth3,up,3864586097210541,netem,105341294,70875,0,0,0,0,0,22451530,5897,0,101063440,6058,0
914,3864586116644997,3864586117208480,19999549,sA-eth3,up,3864586117136209,netem,105341294,70875,0,0,0,0,0,22451530,5897,0,101063440,6058,0
915,3864586136646235,3864586137216208,20001238,sA-eth3,up,3864586137143628,netem,105341294,70875,0,0,0,0,0,22451530,5897,0,101063440,6058,0
916,3864586156644793,3864586157433207,19998558,sA-eth3,up,3864586157347607,netem,105341294,70875,0,0,0,0,0,22451530,5897,0,101063440,6058,0
917,3864586176647041,3864586177406136,20002248,sA-eth3,up,3864586177336455,netem,105341294,70875,0,0,0,0,0,22451530,5897,0,101063440,6058,0
918,3864586196644800,3864586197274243,19997759,sA-eth3,up,3864586197195483,netem,105341294,70875,0,0,0,0,0,22451530,5897,0,101063440,6058,0
919,3864586216648178,3864586217368892,20003378,sA-eth3,up,3864586217297562,netem,105438280,70940,0,0,0,2095890,87,22451794,5901,0,101156466,6063,0
920,3864586236646137,3864586237271740,19997959,sA-eth3,up,3864586237199240,netem,105680520,71100,0,0,0,1853650,77,22452520,5912,0,101388806,6073,0
921,3864586256646135,3864586257283098,19999998,sA-eth3,up,3864586257205088,netem,105922760,71260,0,0,0,1611410,67,22453180,5922,0,101644380,6084,0
922,3864586276645223,3864586277274347,19999088,sA-eth3,up,3864586277228076,netem,106189224,71436,0,0,0,1344946,56,22453840,5932,0,101876720,6094,0
923,3864586296643051,3864586297227985,19997828,sA-eth3,up,3864586297146394,netem,106431464,71596,0,0,0,1102706,46,22454566,5943,0,102109060,6104,0
924,3864586316646520,3864586317288273,20003469,sA-eth3,up,3864586317209683,netem,106673704,71756,0,0,0,860466,36,22455226,5953,0,102341400,6115,0
925,3864586336644778,3864586337240231,19998258,sA-eth3,up,3864586337164351,netem,106940168,71932,0,0,0,594002,25,22455886,5963,0,102596974,6125,0
926,3864586356645936,3864586357232650,20001158,sA-eth3,up,3864586357177789,netem,107182408,72092,0,0,0,351762,15,22456612,5974,0,102829314,6135,0
927,3864586376644425,3864586377296788,19998489,sA-eth3,up,3864586377222478,netem,107424648,72252,0,0,0,109522,5,22457272,5984,0,103061654,6145,0
928,3864586396646303,3864586397469407,20001878,sA-eth3,up,3864586397381247,netem,107534170,72325,0,0,0,0,0,22457602,5989,0,103166688,6150,0
929,3864586416646951,3864586417361445,20000648,sA-eth3,up,3864586417287155,netem,107534170,72325,0,0,0,0,0,22457602,5989,0,103166688,6150,0
930,3864586436644880,3864586437286233,19997929,sA-eth3,up,3864586437192823,netem,107534170,72325,0,0,0,0,0,22457602,5989,0,103166688,6150,0
931,3864586456648038,3864586457319202,20003158,sA-eth3,up,3864586457254491,netem,107534170,72325,0,0,0,0,0,22457602,5989,0,103166688,6150,0
932,3864586476646396,3864586477252500,19998358,sA-eth3,up,3864586477176819,netem,107534170,72325,0,0,0,0,0,22457602,5989,0,103166688,6150,0
933,3864586496646105,3864586497265878,19999709,sA-eth3,up,3864586497179318,netem,107534170,72325,0,0,0,0,0,22457602,5989,0,103166688,6150,0
934,3864586516648613,3864586517301817,20002508,sA-eth3,up,3864586517228286,netem,107534170,72325,0,0,0,0,0,22457602,5989,0,103166688,6150,0
935,3864586536646071,3864586537334015,19997458,sA-eth3,up,3864586537237995,netem,107534170,72325,0,0,0,0,0,22457602,5989,0,103166688,6150,0
936,3864586556647890,3864586557303403,20001819,sA-eth3,up,3864586557240223,netem,107534170,72325,0,0,0,0,0,22457602,5989,0,103166688,6150,0
937,3864586576648218,3864586577297972,20000328,sA-eth3,up,3864586577210361,netem,107679604,72422,0,0,0,2047442,85,22457998,5995,0,103306182,6157,0
938,3864586596645476,3864586597345690,19997258,sA-eth3,up,3864586597269320,netem,107921844,72582,0,0,0,1805202,75,22458724,6006,0,103538522,6167,0
939,3864586616647155,3864586617283068,20001679,sA-eth3,up,3864586617224468,netem,108188308,72758,0,0,0,1538738,64,22459384,6016,0,103794096,6178,0
940,3864586636644593,3864586637342407,19997438,sA-eth3,up,3864586637275146,netem,108430548,72918,0,0,0,1296498,54,22460044,6026,0,104026436,6188,0
941,3864586656647501,3864586657276605,20002908,sA-eth3,up,3864586657219214,netem,108672788,73078,0,0,0,1054258,44,22460770,6037,0,104258776,6198,0
942,3864586676644800,3864586677239633,19997299,sA-eth3,up,3864586677173912,netem,108939252,73254,0,0,0,787794,33,22461430,6047,0,104514350,6209,0
943,3864586696646788,3864586697236171,20001988,sA-eth3,up,3864586697176571,netem,109181492,73414,0,0,0,545554,23,22462090,6057,0,104746690,6219,0
944,3864586716645236,3864586717341980,19998448,sA-eth3,up,3864586717267240,netem,109423732,73574,0,0,0,303314,13,22462816,6068,0,104979030,6229,0
945,3864586736647434,3864586737249398,20002198,sA-eth3,up,3864586737177117,netem,109665972,73734,0,0,0,61074,3,22463476,6078,0,105234604,6240,0
946,3864586756646763,3864586757274596,19999329,sA-eth3,up,3864586757198436,netem,109727046,73775,0,0,0,0,0,22463674,6081,0,105269936,6242,0
947,3864586776646601,3864586777295815,19999838,sA-eth3,up,3864586777217544,netem,109727046,73775,0,0,0,0,0,22463674,6081,0,105269936,6242,0
948,3864586796645409,3864586797377383,19998808,sA-eth3,up,3864586797305943,netem,109727046,73775,0,0,0,0,0,22463674,6081,0,105269936,6242,0
949,3864586816647358,3864586817312441,20001949,sA-eth3,up,3864586817251411,netem,109727046,73775,0,0,0,0,0,22463674,6081,0,105269936,6242,0
950,3864586836646116,3864586837292490,19998758,sA-eth3,up,3864586837216429,netem,109727046,73775,0,0,0,0,0,22463674,6081,0,105269936,6242,0
951,3864586856645264,3864586857265068,19999148,sA-eth3,up,3864586857196858,netem,109727046,73775,0,0,0,0,0,22463674,6081,0,105269936,6242,0
952,3864586876647063,3864586877259646,20001799,sA-eth3,up,3864586877188176,netem,109727046,73775,0,0,0,0,0,22463674,6081,0,105269936,6242,0
953,3864586896645551,3864586897286684,19998488,sA-eth3,up,3864586897194504,netem,109727046,73775,0,0,0,0,0,22463674,6081,0,105269936,6242,0
954,3864586916647069,3864586917304583,20001518,sA-eth3,up,3864586917233963,netem,109727046,73775,0,0,0,0,0,22463674,6081,0,105269936,6242,0
955,3864586936647638,3864586937301731,20000569,sA-eth3,up,3864586937226971,netem,109920928,73904,0,0,0,1998994,83,22464268,6090,0,105455898,6251,0
956,3864586956646996,3864586957398190,19999358,sA-eth3,up,3864586957334850,netem,110187392,74080,0,0,0,1732530,72,22464928,6100,0,105711472,6262,0
957,3864586976644984,3864586977334518,19997988,sA-eth3,up,3864586977268178,netem,110429632,74240,0,0,0,1490290,62,22465654,6111,0,105943812,6272,0
958,3864586996646933,3864586997292776,20001949,sA-eth3,up,3864586997218526,netem,110671872,74400,0,0,0,1248050,52,22466314,6121,0,106176152,6282,0
959,3864587016645621,3864587017230154,19998688,sA-eth3,up,3864587017168394,netem,110938336,74576,0,0,0,981586,41,22466974,6131,0,106431726,6293,0
960,3864587036646549,3864587037234012,20000928,sA-eth3,up,3864587037162242,netem,111180576,74736,0,0,0,739346,31,22467634,6141,0,106664066,6303,0
961,3864587056645788,3864587057230871,19999239,sA-eth3,up,3864587057170491,netem,111422816,74896,0,0,0,497106,21,22468360,6152,0,106896406,6313,0
962,3864587076646496,3864587077229299,20000708,sA-eth3,up,3864587077156109,netem,111689280,75072,0,0,0,230642,10,22469020,6162,0,107151980,6324,0
963,3864587096674344,3864587097336428,20027848,sA-eth3,up,3864587097280648,netem,111919922,75225,0,0,0,0,0,22469746,6173,0,107373184,6334,0
964,3864587116646193,3864587117457417,19971849,sA-eth3,up,3864587117380737,netem,111919922,75225,0,0,0,0,0,22469746,6173,0,107373184,6334,0
965,3864587136646651,3864587137324405,20000458,sA-eth3,up,3864587137227784,netem,111919922,75225,0,0,0,0,0,22469746,6173,0,107373184,6334,0
966,3864587156647569,3864587157267353,20000918,sA-eth3,up,3864587157202382,netem,111919922,75225,0,0,0,0,0,22469746,6173,0,107373184,6334,0
967,3864587176646598,3864587177301311,19999029,sA-eth3,up,3864587177217311,netem,111919922,75225,0,0,0,0,0,22469746,6173,0,107373184,6334,0
968,3864587196645936,3864587197268979,19999338,sA-eth3,up,3864587197208399,netem,111919922,75225,0,0,0,0,0,22469746,6173,0,107373184,6334,0
969,3864587216646374,3864587217305578,20000438,sA-eth3,up,3864587217243697,netem,111919922,75225,0,0,0,0,0,22469746,6173,0,107373184,6334,0
970,3864587236645493,3864587237237596,19999119,sA-eth3,up,3864587237158115,netem,111919922,75225,0,0,0,0,0,22469746,6173,0,107373184,6334,0
971,3864587256646411,3864587257254194,20000918,sA-eth3,up,3864587257190464,netem,111919922,75225,0,0,0,0,0,22469746,6173,0,107373184,6334,0
972,3864587276648119,3864587277329343,20001708,sA-eth3,up,3864587277248952,netem,111920012,75226,0,0,0,2192786,91,22469812,6174,0,107373274,6335,0
973,3864587296646688,3864587297421162,19998569,sA-eth3,up,3864587297327451,netem,112162252,75386,0,0,0,1950546,81,22470472,6184,0,107605614,6345,0
974,3864587316647686,3864587317294359,20000998,sA-eth3,up,3864587317219419,netem,112428716,75562,0,0,0,1684082,70,22471132,6194,0,107861188,6356,0
975,3864587336645934,3864587337344158,19998248,sA-eth3,up,3864587337276228,netem,112670956,75722,0,0,0,1441842,60,22471792,6204,0,108093528,6366,0
976,3864587356646142,3864587357285196,20000208,sA-eth3,up,3864587357227566,netem,112913196,75882,0,0,0,1199602,50,22472518,6215,0,108325868,6376,0
977,3864587376644351,3864587377344515,19998209,sA-eth3,up,3864587377265994,netem,113179660,76058,0,0,0,933138,39,22473178,6225,0,108581442,6387,0
978,3864587396647199,3864587397289133,20002848,sA-eth3,up,3864587397218342,netem,113421900,76218,0,0,0,690898,29,22473838,6235,0,108813782,6397,0
979,3864587416645347,3864587417395611,19998148,sA-eth3,up,3864587417332431,netem,113664140,76378,0,0,0,448658,19,22474564,6246,0,109046122,6407,0
980,3864587436646016,3864587437328949,20000669,sA-eth3,up,3864587437258779,netem,113930604,76554,0,0,0,182194,8,22475224,6256,0,109301696,6418,0
981,3864587456646584,3864587457328268,20000568,sA-eth3,up,3864587457257877,netem,114112798,76675,0,0,0,0,0,22475818,6265,0,109476432,6426,0
982,3864587476646732,3864587477280336,20000148,sA-eth3,up,3864587477205035,netem,114112798,76675,0,0,0,0,0,22475818,6265,0,109476432,6426,0
983,3864587496646491,3864587497262524,19999759,sA-eth3,up,3864587497197414,netem,114112798,76675,0,0,0,0,0,22475818,6265,0,109476432,6426,0
984,3864587516646059,3864587517229352,19999568,sA-eth3,up,3864587517160612,netem,114112798,76675,0,0,0,0,0,22475818,6265,0,109476432,6426,0
985,3864587536645697,3864587537216370,19999638,sA-eth3,up,3864587537138760,netem,114112798,76675,0,0,0,0,0,22475818,6265,0,109476432,6426,0
986,3864587556646686,3864587557218139,20000989,sA-eth3,up,3864587557167278,netem,114112798,76675,0,0,0,0,0,22475818,6265,0,109476432,6426,0
987,3864587576648554,3864587577251127,20001868,sA-eth3,up,3864587577176097,netem,114112798,76675,0,0,0,0,0,22475818,6265,0,109476432,6426,0
988,3864587596645972,3864587597234975,19997418,sA-eth3,up,3864587597160335,netem,114112798,76675,0,0,0,0,0,22475818,6265,0,109476432,6426,0
989,3864587616646731,3864587617230214,20000759,sA-eth3,up,3864587617159943,netem,114112798,76675,0,0,0,0,0,22475818,6265,0,109476432,6426,0
990,3864587636646629,3864587637414883,19999898,sA-eth3,up,3864587637325493,netem,114161336,76708,0,0,0,2144338,89,22476016,6268,0,109522990,6429,0
991,3864587656647307,3864587657278551,20000678,sA-eth3,up,3864587657204940,netem,114403576,76868,0,0,0,1902098,79,22476676,6278,0,109755330,6439,0
992,3864587676646846,3864587677313119,19999539,sA-eth3,up,3864587677230279,netem,114670040,77044,0,0,0,1635634,68,22477336,6288,0,110010904,6450,0
993,3864587696646154,3864587697235617,19999308,sA-eth3,up,3864587697164787,netem,114912280,77204,0,0,0,1393394,58,22478062,6299,0,110243244,6460,0
994,3864587716645502,3864587717332616,19999348,sA-eth3,up,3864587717254596,netem,115154520,77364,0,0,0,1151154,48,22478722,6309,0,110475584,6470,0
995,3864587736645821,3864587737257724,20000319,sA-eth3,up,3864587737189333,netem,115420984,77540,0,0,0,884690,37,22479382,6319,0,110731158,6481,0
996,3864587756645359,3864587757231852,19999538,sA-eth3,up,3864587757170902,netem,115663224,77700,0,0,0,642450,27,22480108,6330,0,110963498,6491,0
997,3864587776645447,3864587777214580,20000088,sA-eth3,up,3864587777147090,netem,115905464,77860,0,0,0,400210,17,22480768,6340,0,111195838,6501,0
998,3864587796645675,3864587797227869,20000228,sA-eth3,up,3864587797165768,netem,116171928,78036,0,0,0,133746,6,22481428,6350,0,111451412,6512,0
999,3864587816648624,3864587817428228,20002949,sA-eth3,up,3864587817344248,netem,116305674,78125,0,0,0,0,0,22481890,6357,0,111579680,6518,0
1000,3864587836647042,3864587837447356,19998418,sA-eth3,up,3864587837376766,netem,116305674,78125,0,0,0,0,0,22481890,6357,0,111579680,6518,0
1001,3864587856646470,3864587857335974,19999428,sA-eth3,up,3864587857265224,netem,116305674,78125,0,0,0,0,0,22481890,6357,0,111579680,6518,0
1002,3864587876646039,3864587877428613,19999569,sA-eth3,up,3864587877317272,netem,116305674,78125,0,0,0,0,0,22481890,6357,0,111579680,6518,0
1003,3864587896648097,3864587897313931,20002058,sA-eth3,up,3864587897207490,netem,116305674,78125,0,0,0,0,0,22481890,6357,0,111579680,6518,0
1004,3864587916647675,3864587917262579,19999578,sA-eth3,up,3864587917195708,netem,116305674,78125,0,0,0,0,0,22481890,6357,0,111579680,6518,0
1005,3864587936646214,3864587937331127,19998539,sA-eth3,up,3864587937244747,netem,116305674,78125,0,0,0,0,0,22481890,6357,0,111579680,6518,0
1006,3864587956646122,3864587957246755,19999908,sA-eth3,up,3864587957166835,netem,116305674,78125,0,0,0,0,0,22481890,6357,0,111579680,6518,0
1007,3864587976646250,3864587977315944,20000128,sA-eth3,up,3864587977238154,netem,116305674,78125,0,0,0,0,0,22481890,6357,0,111579680,6518,0
1008,3864587996647019,3864587997356242,20000769,sA-eth3,up,3864587997272222,netem,116402660,78190,0,0,0,2095890,87,22482220,6362,0,111695940,6524,0
1009,3864588016646867,3864588017288780,19999848,sA-eth3,up,3864588017237460,netem,116669124,78366,0,0,0,1829426,76,22482880,6372,0,111928280,6534,0
1010,3864588036643735,3864588037260569,19996868,sA-eth3,up,3864588037183498,netem,116911364,78526,0,0,0,1587186,66,22483606,6383,0,112160620,6544,0
1011,3864588056645904,3864588057213327,20002169,sA-eth3,up,3864588057155106,netem,117153604,78686,0,0,0,1344946,56,22484266,6393,0,112392960,6554,0
1012,3864588076645492,3864588077396146,19999588,sA-eth3,up,3864588077347016,netem,117420068,78862,0,0,0,1078482,45,22484926,6403,0,112648534,6565,0
1013,3864588096645040,3864588097252864,19999548,sA-eth3,up,3864588097193103,netem,117662308,79022,0,0,0,836242,35,22485652,6414,0,112880874,6575,0
1014,3864588116645549,3864588117326322,20000509,sA-eth3,up,3864588117253862,netem,117904548,79182,0,0,0,594002,25,22486312,6424,0,113113214,6585,0
1015,3864588136645767,3864588137287760,20000218,sA-eth3,up,3864588137212360,netem,118171012,79358,0,0,0,327538,14,22486972,6434,0,113368788,6596,0
1016,3864588156645515,3864588157295759,19999748,sA-eth3,up,3864588157221098,netem,118413252,79518,0,0,0,85298,4,22487632,6445,0,113601128,6606,0
1017,3864588176646783,3864588177247267,20001268,sA-eth3,up,3864588177186916,netem,118498550,79575,0,0,0,0,0,22487962,6449,0,113682928,6610,0
1018,3864588196645842,3864588197455566,19999059,sA-eth3,up,3864588197383916,netem,118498550,79575,0,0,0,0,0,22487962,6449,0,113682928,6610,0
1019,3864588216648130,3864588217257633,20002288,sA-eth3,up,3864588217199093,netem,118498550,79575,0,0,0,0,0,22487962,6449,0,113682928,6610,0
1020,3864588236644599,3864588237387483,19996469,sA-eth3,up,3864588237323382,netem,118498550,79575,0,0,0,0,0,22487962,6449,0,113682928,6610,0
1021,3864588256646797,3864588257418711,20002198,sA-eth3,up,3864588257331891,netem,118498550,79575,0,0,0,0,0,22487962,6449,0,113682928,6610,0
1022,3864588276647075,3864588277320199,20000278,sA-eth3,up,3864588277257428,netem,118498550,79575,0,0,0,0,0,22487962,6449,0,113682928,6610,0
1023,3864588296645853,3864588297234907,19998778,sA-eth3,up,3864588297165146,netem,118498550,79575,0,0,0,0,0,22487962,6449,0,113682928,6610,0
1024,3864588316646942,3864588317249925,20001089,sA-eth3,up,3864588317186145,netem,118498550,79575,0,0,0,0,0,22487962,6449,0,113682928,6610,0
1025,3864588336646720,3864588337214983,19999778,sA-eth3,up,3864588337150633,netem,118498550,79575,0,0,0,0,0,22487962,6449,0,113682928,6610,0
1026,3864588356647398,3864588357369682,20000678,sA-eth3,up,3864588357294602,netem,118668208,79688,0,0,0,2023218,84,22488424,6456,0,113845656,6618,0
1027,3864588376646987,3864588377341470,19999589,sA-eth3,up,3864588377261930,netem,118910448,79848,0,0,0,1780978,74,22489084,6466,0,114077996,6628,0
1028,3864588396647845,3864588397463779,20000858,sA-eth3,up,3864588397355729,netem,119152688,80008,0,0,0,1538738,64,22489810,6477,0,114310336,6638,0
1029,3864588416647693,3864588417300497,19999848,sA-eth3,up,3864588417229386,netem,119394928,80168,0,0,0,1296498,54,22490470,6487,0,114565910,6649,0
1030,3864588436649992,3864588437290425,20002299,sA-eth3,up,3864588437221535,netem,119661392,80344,0,0,0,1030034,43,22491130,6497,0,114798250,6659,0
1031,3864588456646420,3864588457236183,19996428,sA-eth3,up,3864588457171293,netem,119903632,80504,0,0,0,787794,33,22491856,6508,0,115030590,6669,0
1032,3864588476646348,3864588477315182,19999928,sA-eth3,up,3864588477232322,netem,120145872,80664,0,0,0,545554,23,22492516,6518,0,115286164,6680,0
1033,3864588496632257,3864588497221800,19985909,sA-eth3,up,3864588497142619,netem,120412336,80840,0,0,0,279090,12,22493176,6528,0,115518504,6690,0
1034,3864588516645205,3864588517236208,20012948,sA-eth3,up,3864588517166748,netem,120654576,81000,0,0,0,36850,2,22493902,6539,0,115750844,6700,0
1035,3864588536647933,3864588537324967,20002728,sA-eth3,up,3864588537239237,netem,120691426,81025,0,0,0,0,0,22494034,6541,0,115786176,6702,0
1036,3864588556647382,3864588557376375,19999449,sA-eth3,up,3864588557309045,netem,120691426,81025,0,0,0,0,0,22494034,6541,0,115786176,6702,0
1037,3864588576647140,3864588577319964,19999758,sA-eth3,up,3864588577266413,netem,120691426,81025,0,0,0,0,0,22494034,6541,0,115786176,6702,0
1038,3864588596645758,3864588597345452,19998618,sA-eth3,up,3864588597255171,netem,120691426,81025,0,0,0,0,0,22494034,6541,0,115786176,6702,0
1039,3864588616646806,3864588617272320,20001048,sA-eth3,up,3864588617210600,netem,120691426,81025,0,0,0,0,0,22494034,6541,0,115786176,6702,0
1040,3864588636647125,3864588637283338,20000319,sA-eth3,up,3864588637200858,netem,120691426,81025,0,0,0,0,0,22494034,6541,0,115786176,6702,0
1041,3864588656645533,3864588657330407,19998408,sA-eth3,up,3864588657247376,netem,120691426,81025,0,0,0,0,0,22494034,6541,0,115786176,6702,0
1042,3864588676646581,3864588677284755,20001048,sA-eth3,up,3864588677236805,netem,120691426,81025,0,0,0,0,0,22494034,6541,0,115786176,6702,0
1043,3864588696645770,3864588697242653,19999189,sA-eth3,up,3864588697180603,netem,120691426,81025,0,0,0,0,0,22494034,6541,0,115786176,6702,0
1044,3864588716647238,3864588717336782,20001468,sA-eth3,up,3864588717254912,netem,120909532,81170,0,0,0,1974770,82,22494628,6550,0,115995372,6712,0
1045,3864588736648606,3864588737335400,20001368,sA-eth3,up,3864588737259590,netem,121151772,81330,0,0,0,1732530,72,22495288,6560,0,116227712,6722,0
1046,3864588756646455,3864588757270748,19997849,sA-eth3,up,3864588757207448,netem,121394012,81490,0,0,0,1490290,62,22496014,6571,0,116460052,6732,0
1047,3864588776645983,3864588777303717,19999528,sA-eth3,up,3864588777253686,netem,121636252,81650,0,0,0,1248050,52,22496674,6581,0,116715626,6743,0
1048,3864588796645101,3864588797276995,19999118,sA-eth3,up,3864588797226624,netem,121902716,81826,0,0,0,981586,41,22497334,6591,0,116947966,6753,0
1049,3864588816645400,3864588817272363,20000299,sA-eth3,up,3864588817216933,netem,122144956,81986,0,0,0,739346,31,22498060,6602,0,117180306,6763,0
1050,3864588836644768,3864588837273451,19999368,sA-eth3,up,3864588837196301,netem,122387196,82146,0,0,0,497106,21,22498720,6612,0,117435880,6774,0
1051,3864588856645576,3864588857271200,20000808,sA-eth3,up,3864588857192289,netem,122653660,82322,0,0,0,230642,10,22499380,6622,0,117668220,6784,0
1052,3864588876648805,3864588877286248,20003229,sA-eth3,up,3864588877215668,netem,122884302,82475,0,0,0,0,0,22500106,6633,0,117889424,6794,0
1053,3864588896644433,3864588897418467,19995628,sA-eth3,up,3864588897325887,netem,122884302,82475,0,0,0,0,0,22500106,6633,0,117889424,6794,0
1054,3864588916647521,3864588917328585,20003088,sA-eth3,up,3864588917278495,netem,122884302,82475,0,0,0,0,0,22500106,6633,0,117889424,6794,0
1055,3864588936644490,3864588937350313,19996969,sA-eth3,up,3864588937273683,netem,122884302,82475,0,0,0,0,0,22500106,6633,0,117889424,6794,0
1056,3864588956645418,3864588957253101,20000928,sA-eth3,up,3864588957172511,netem,122884302,82475,0,0,0,0,0,22500106,6633,0,117889424,6794,0
1057,3864588976645706,3864588977311430,20000288,sA-eth3,up,3864588977237139,netem,122884302,82475,0,0,0,0,0,22500106,6633,0,117889424,6794,0
1058,3864588996645894,3864588997273178,20000188,sA-eth3,up,3864588997194067,netem,122884302,82475,0,0,0,0,0,22500106,6633,0,117889424,6794,0
1059,3864589016645643,3864589017361407,19999749,sA-eth3,up,3864589017301686,netem,122884302,82475,0,0,0,0,0,22500106,6633,0,117889424,6794,0
1060,3864589036645411,3864589037310175,19999768,sA-eth3,up,3864589037251694,netem,122884302,82475,0,0,0,0,0,22500106,6633,0,117889424,6794,0
1061,3864589056646750,3864589057251633,20001339,sA-eth3,up,3864589057192023,netem,122884392,82476,0,0,0,2192786,91,22500172,6634,0,117889514,6795,0
1062,3864589076645588,3864589077287901,19998838,sA-eth3,up,3864589077225521,netem,123150856,82652,0,0,0,1926322,80,22500832,6644,0,118145088,6806,0
1063,3864589096645066,3864589097427200,19999478,sA-eth3,up,3864589097344810,netem,123393096,82812,0,0,0,1684082,70,22501558,6655,0,118377428,6816,0
1064,3864589116645595,3864589117264778,20000529,sA-eth3,up,3864589117189987,netem,123635336,82972,0,0,0,1441842,60,22502218,6665,0,118609768,6826,0
1065,3864589136646173,3864589137294286,20000578,sA-eth3,up,3864589137219126,netem,123901800,83148,0,0,0,1175378,49,22502878,6675,0,118865342,6837,0
1066,3864589156645481,3864589157262475,19999308,sA-eth3,up,3864589157197234,netem,124144040,83308,0,0,0,933138,39,22503538,6685,0,119097682,6847,0
1067,3864589176645619,3864589177249523,20000138,sA-eth3,up,3864589177189222,netem,124386280,83468,0,0,0,690898,29,22504264,6696,0,119330022,6857,0
1068,3864589196644998,3864589197396682,19999379,sA-eth3,up,3864589197313151,netem,124652744,83644,0,0,0,424434,18,22504924,6706,0,119585596,6868,0
1069,3864589216647996,3864589217322040,20002998,sA-eth3,up,3864589217257159,netem,124894984,83804,0,0,0,182194,8,22505584,6716,0,119817936,6878,0
1070,3864589236646724,3864589237416669,19998728,sA-eth3,up,3864589237321378,netem,125077178,83925,0,0,0,0,0,22506178,6725,0,119992672,6886,0
1071,3864589256646323,3864589257219736,19999599,sA-eth3,up,3864589257156296,netem,125077178,83925,0,0,0,0,0,22506178,6725,0,119992672,6886,0
1072,3864589276645951,3864589277365525,19999628,sA-eth3,up,3864589277284814,netem,125077178,83925,0,0,0,0,0,22506178,6725,0,119992672,6886,0
1073,3864589296647749,3864589297342863,20001798,sA-eth3,up,3864589297267763,netem,125077178,83925,0,0,0,0,0,22506178,6725,0,119992672,6886,0
1074,3864589316644938,3864589317269961,19997189,sA-eth3,up,3864589317194701,netem,125077178,83925,0,0,0,0,0,22506178,6725,0,119992672,6886,0
1075,3864589336647516,3864589337296150,20002578,sA-eth3,up,3864589337239099,netem,125077178,83925,0,0,0,0,0,22506178,6725,0,119992672,6886,0
1076,3864589356645434,3864589357266388,19997918,sA-eth3,up,3864589357207077,netem,125077178,83925,0,0,0,0,0,22506178,6725,0,119992672,6886,0
1077,3864589376644943,3864589377292696,19999509,sA-eth3,up,3864589377220296,netem,125077178,83925,0,0,0,0,0,22506178,6725,0,119992672,6886,0
1078,3864589396650061,3864589397312985,20005118,sA-eth3,up,3864589397253904,netem,125077178,83925,0,0,0,0,0,22506178,6725,0,119992672,6886,0
1079,3864589416645769,3864589417316763,19995708,sA-eth3,up,3864589417211242,netem,125125716,83958,0,0,0,2144338,89,22506376,6728,0,120039230,6889,0
1080,3864589436647398,3864589437432112,20001629,sA-eth3,up,3864589437344311,netem,125392180,84134,0,0,0,1877874,78,22507036,6738,0,120294804,6900,0
1081,3864589456648636,3864589457307989,20001238,sA-eth3,up,3864589457221509,netem,125634420,84294,0,0,0,1635634,68,22507696,6748,0,120527144,6910,0
1082,3864589476645834,3864589477290358,19997198,sA-eth3,up,3864589477210017,netem,125876660,84454,0,0,0,1393394,58,22508422,6759,0,120759484,6920,0
1083,3864589496649313,3864589497265856,20003479,sA-eth3,up,3864589497185666,netem,126118900,84614,0,0,0,1151154,48,22509082,6769,0,121015058,6931,0
1084,3864589516646481,3864589517320145,19997168,sA-eth3,up,3864589517230824,netem,126385364,84790,0,0,0,884690,37,22509742,6779,0,121247398,6941,0
1085,3864589536648139,3864589537267193,20001658,sA-eth3,up,3864589537208852,netem,126627604,84950,0,0,0,642450,27,22510468,6790,0,121479738,6951,0
1086,3864589556645738,3864589557272181,19997599,sA-eth3,up,3864589557182810,netem,126869844,85110,0,0,0,400210,17,22511128,6800,0,121712078,6961,0
1087,3864589576647946,3864589577265939,20002208,sA-eth3,up,3864589577199169,netem,127136308,85286,0,0,0,133746,6,22511788,6810,0,121967652,6972,0
1088,3864589596646654,3864589597309238,19998708,sA-eth3,up,3864589597237027,netem,127270054,85375,0,0,0,0,0,22512250,6817,0,122095920,6978,0
1089,3864589616646692,3864589617363386,20000038,sA-eth3,up,3864589617290476,netem,127270054,85375,0,0,0,0,0,22512250,6817,0,122095920,6978,0
1090,3864589636647401,3864589637352275,20000709,sA-eth3,up,3864589637269824,netem,127270054,85375,0,0,0,0,0,22512250,6817,0,122095920,6978,0
1091,3864589656646419,3864589657424223,19999018,sA-eth3,up,3864589657352693,netem,127270054,85375,0,0,0,0,0,22512250,6817,0,122095920,6978,0
1092,3864589676647977,3864589677424352,20001558,sA-eth3,up,3864589677347281,netem,127270054,85375,0,0,0,0,0,22512250,6817,0,122095920,6978,0
1093,3864589696647296,3864589697310379,19999319,sA-eth3,up,3864589697238899,netem,127270054,85375,0,0,0,0,0,22512250,6817,0,122095920,6978,0
1094,3864589716646864,3864589717397868,19999568,sA-eth3,up,3864589717310798,netem,127270054,85375,0,0,0,0,0,22512250,6817,0,122095920,6978,0
1095,3864589736646582,3864589737307876,19999718,sA-eth3,up,3864589737204585,netem,127270054,85375,0,0,0,0,0,22512250,6817,0,122095920,6978,0
1096,3864589756646911,3864589757282424,20000329,sA-eth3,up,3864589757201674,netem,127270054,85375,0,0,0,0,0,22512250,6817,0,122095920,6978,0
1097,3864589776648229,3864589777480844,20001318,sA-eth3,up,3864589777403303,netem,127367040,85440,0,0,0,2095890,87,22512580,6822,0,122212180,6984,0
1098,3864589796646667,3864589797344181,19998438,sA-eth3,up,3864589797269531,netem,127633504,85616,0,0,0,1829426,76,22513240,6832,0,122444520,6994,0
1099,3864589816647536,3864589817311489,20000869,sA-eth3,up,3864589817230619,netem,127875744,85776,0,0,0,1587186,66,22513966,6843,0,122676860,7004,0
1100,3864589836645684,3864589837296798,19998148,sA-eth3,up,3864589837218537,netem,128117984,85936,0,0,0,1344946,56,22514626,6853,0,122909200,7014,0
1101,3864589856648112,3864589857277916,20002428,sA-eth3,up,3864589857200675,netem,128384448,86112,0,0,0,1078482,45,22515286,6863,0,123164774,7025,0
1102,3864589876645211,3864589877265544,19997099,sA-eth3,up,3864589877187714,netem,128626688,86272,0,0,0,836242,35,22515946,6873,0,123397114,7035,0
1103,3864589896647839,3864589897273552,20002628,sA-eth3,up,3864589897199772,netem,128868928,86432,0,0,0,594002,25,22516672,6884,0,123629454,7045,0
1104,3864589916645127,3864589917309061,19997288,sA-eth3,up,3864589917238801,netem,129135392,86608,0,0,0,327538,14,22517332,6894,0,123885028,7056,0
1105,3864589936648566,3864589937240099,20003439,sA-eth3,up,3864589937185098,netem,129377632,86768,0,0,0,85298,4,22517992,6904,0,124117368,7066,0
1106,3864589956645434,3864589957296557,19996868,sA-eth3,up,3864589957215427,netem,129462930,86825,0,0,0,0,0,22518322,6909,0,124199168,7070,0
1107,3864589976648802,3864589977474847,20003368,sA-eth3,up,3864589977414576,netem,129462930,86825,0,0,0,0,0,22518322,6909,0,124199168,7070,0
1108,3864589996645210,3864589997327204,19996408,sA-eth3,up,3864589997280064,netem,129462930,86825,0,0,0,0,0,22518322,6909,0,124199168,7070,0
1109,3864590016643599,3864590017246972,19998389,sA-eth3,up,3864590017167922,netem,129462930,86825,0,0,0,0,0,22518322,6909,0,124199168,7070,0
1110,3864590036648217,3864590037334131,20004618,sA-eth3,up,3864590037259700,netem,129462930,86825,0,0,0,0,0,22518322,6909,0,124199168,7070,0
1111,3864590056645846,3864590057323349,19997629,sA-eth3,up,3864590057250619,netem,129462930,86825,0,0,0,0,0,22518322,6909,0,124199168,7070,0
1112,3864590076647984,3864590077336768,20002138,sA-eth3,up,3864590077266597,netem,129462930,86825,0,0,0,0,0,22518322,6909,0,124199168,7070,0
1113,3864590096644302,3864590097341286,19996318,sA-eth3,up,3864590097297436,netem,129462930,86825,0,0,0,0,0,22518322,6909,0,124199168,7070,0
1114,3864590116641431,3864590117237344,19997129,sA-eth3,up,3864590117168573,netem,129462930,86825,0,0,0,0,0,22518322,6909,0,124199168,7070,0
1115,3864590136647579,3864590137333653,20006148,sA-eth3,up,3864590137257142,netem,129632588,86938,0,0,0,2023218,84,22518784,6916,0,124361896,7078,0
1116,3864590156645307,3864590157313881,19997728,sA-eth3,up,3864590157267961,netem,129874828,87098,0,0,0,1780978,74,22519510,6927,0,124594236,7088,0
1117,3864590176643665,3864590177286909,19998358,sA-eth3,up,3864590177208518,netem,130117068,87258,0,0,0,1538738,64,22520170,6937,0,124826576,7098,0
1118,3864590196648294,3864590197323957,20004629,sA-eth3,up,3864590197254757,netem,130383532,87434,0,0,0,1272274,53,22520830,6947,0,125082150,7109,0
1119,3864590216645112,3864590217252705,19996818,sA-eth3,up,3864590217182095,netem,130625772,87594,0,0,0,1030034,43,22521490,6957,0,125314490,7119,0
1120,3864590236647980,3864590237192273,20002868,sA-eth3,up,3864590237137843,netem,130868012,87754,0,0,0,787794,33,22522216,6968,0,125546830,7129,0
1121,3864590256644859,3864590257222082,19996879,sA-eth3,up,3864590257153421,netem,131134476,87930,0,0,0,521330,22,22522876,6978,0,125802404,7140,0
1122,3864590276647507,3864590277240750,20002648,sA-eth3,up,3864590277171630,netem,131376716,88090,0,0,0,279090,12,22523536,6988,0,126034744,7150,0
1123,3864590296644915,3864590297279979,19997408,sA-eth3,up,3864590297203628,netem,131618956,88250,0,0,0,36850,2,22524262,6999,0,126267084,7160,0
1124,3864590316649534,3864590317424818,20004619,sA-eth3,up,3864590317342337,netem,131655806,88275,0,0,0,0,0,22524394,7001,0,126302416,7162,0
1125,3864590336645512,3864590337334666,19995978,sA-eth3,up,3864590337233695,netem,131655806,88275,0,0,0,0,0,22524394,7001,0,126302416,7162,0
1126,3864590356648380,3864590357326824,20002868,sA-eth3,up,3864590357265654,netem,131655806,88275,0,0,0,0,0,22524394,7001,0,126302416,7162,0
1127,3864590376645369,3864590377350482,19996989,sA-eth3,up,3864590377273392,netem,131655806,88275,0,0,0,0,0,22524394,7001,0,126302416,7162,0
1128,3864590396647457,3864590397391271,20002088,sA-eth3,up,3864590397336941,netem,131655806,88275,0,0,0,0,0,22524394,7001,0,126302416,7162,0
1129,3864590416644435,3864590417324769,19996978,sA-eth3,up,3864590417278829,netem,131655806,88275,0,0,0,0,0,22524394,7001,0,126302416,7162,0
1130,3864590436643324,3864590437260537,19998889,sA-eth3,up,3864590437186287,netem,131655806,88275,0,0,0,0,0,22524394,7001,0,126302416,7162,0
1131,3864590456646672,3864590457299405,20003348,sA-eth3,up,3864590457244155,netem,131655806,88275,0,0,0,0,0,22524394,7001,0,126302416,7162,0
1132,3864590476644740,3864590477391654,19998068,sA-eth3,up,3864590477324864,netem,131655806,88275,0,0,0,0,0,22524394,7001,0,126302416,7162,0
1133,3864590496648069,3864590497470893,20003329,sA-eth3,up,3864590497406303,netem,131849688,88404,0,0,0,1998994,83,22524988,7010,0,126488378,7171,0
1134,3864590516645057,3864590517295090,19996988,sA-eth3,up,3864590517223320,netem,132091928,88564,0,0,0,1756754,73,22525648,7020,0,126743952,7182,0
1135,3864590536646555,3864590537289799,20001498,sA-eth3,up,3864590537233208,netem,132358392,88740,0,0,0,1490290,62,22526308,7030,0,126976292,7192,0
1136,3864590556644994,3864590557239657,19998439,sA-eth3,up,3864590557162676,netem,132600632,88900,0,0,0,1248050,52,22527034,7041,0,127208632,7202,0
1137,3864590576645922,3864590577271835,20000928,sA-eth3,up,3864590577199415,netem,132842872,89060,0,0,0,1005810,42,22527694,7051,0,127440972,7212,0
1138,3864590596645600,3864590597231343,19999678,sA-eth3,up,3864590597156293,netem,133109336,89236,0,0,0,739346,31,22528354,7061,0,127696546,7223,0
1139,3864590616645648,3864590617271802,20000048,sA-eth3,up,3864590617200181,netem,133351576,89396,0,0,0,497106,21,22529080,7072,0,127928886,7233,0
1140,3864590636645197,3864590637341851,19999549,sA-eth3,up,3864590637266500,netem,133593816,89556,0,0,0,254866,11,22529740,7082,0,128161226,7243,0
1141,3864590656645975,3864590657209908,20000778,sA-eth3,up,3864590657158988,netem,133848682,89725,0,0,0,0,0,22530466,7093,0,128405664,7254,0
1142,3864590676643583,3864590677316837,19997608,sA-eth3,up,3864590677238157,netem,133848682,89725,0,0,0,0,0,22530466,7093,0,128405664,7254,0
1143,3864590696646042,3864590697239395,20002459,sA-eth3,up,3864590697167335,netem,133848682,89725,0,0,0,0,0,22530466,7093,0,128405664,7254,0
1144,3864590716645300,3864590717281213,19999258,sA-eth3,up,3864590717208453,netem,133848682,89725,0,0,0,0,0,22530466,7093,0,128405664,7254,0
1145,3864590736644508,3864590737209661,19999208,sA-eth3,up,3864590737138021,netem,133848682,89725,0,0,0,0,0,22530466,7093,0,128405664,7254,0
1146,3864590756645127,3864590757285040,20000619,sA-eth3,up,3864590757213950,netem,133848682,89725,0,0,0,0,0,22530466,7093,0,128405664,7254,0
1147,3864590776644775,3864590777234698,19999648,sA-eth3,up,3864590777165368,netem,133848682,89725,0,0,0,0,0,22530466,7093,0,128405664,7254,0
1148,3864590796645163,3864590797238226,20000388,sA-eth3,up,3864590797170216,netem,133848682,89725,0,0,0,0,0,22530466,7093,0,128405664,7254,0
1149,3864590816644652,3864590817219465,19999489,sA-eth3,up,3864590817148844,netem,133848682,89725,0,0,0,0,0,22530466,7093,0,128405664,7254,0
1150,3864590836646460,3864590837353574,20001808,sA-eth3,up,3864590837278543,netem,133848772,89726,0,0,0,2192786,91,22530532,7094,0,128405754,7255,0
1151,3864590856645278,3864590857237181,19998818,sA-eth3,up,3864590857181361,netem,134115236,89902,0,0,0,1926322,80,22531192,7104,0,128661328,7266,0
1152,3864590876646057,3864590877280080,20000779,sA-eth3,up,3864590877221340,netem,134357476,90062,0,0,0,1684082,70,22531852,7114,0,128893668,7276,0
1153,3864590896645105,3864590897242418,19999048,sA-eth3,up,3864590897163208,netem,134599716,90222,0,0,0,1441842,60,22532578,7125,0,129126008,7286,0
1154,3864590916646483,3864590917262667,20001378,sA-eth3,up,3864590917206616,netem,134866180,90398,0,0,0,1175378,49,22533238,7135,0,129381582,7297,0
1155,3864590936647462,3864590937329315,20000979,sA-eth3,up,3864590937268425,netem,135108420,90558,0,0,0,933138,39,22533898,7145,0,129613922,7307,0
1156,3864590956649180,3864590957311803,20001718,sA-eth3,up,3864590957259883,netem,135350660,90718,0,0,0,690898,29,22534624,7156,0,129846262,7317,0
1157,3864590976646628,3864590977382092,19997448,sA-eth3,up,3864590977330192,netem,135617124,90894,0,0,0,424434,18,22535284,7166,0,130101836,7328,0
1158,3864590996647996,3864590997582081,20001368,sA-eth3,up,3864590997493701,netem,135859364,91054,0,0,0,182194,8,22535944,7177,0,130334176,7338,0
1159,3864591016646945,3864591017293088,19998949,sA-eth3,up,3864591017217998,netem,136041558,91175,0,0,0,0,0,22536538,7185,0,130508912,7346,0
1160,3864591036644913,3864591037578008,19997968,sA-eth3,up,3864591037512248,netem,136041558,91175,0,0,0,0,0,22536538,7185,0,130508912,7346,0
1161,3864591056645131,3864591057235665,20000218,sA-eth3,up,3864591057163164,netem,136041558,91175,0,0,0,0,0,22536538,7185,0,130508912,7346,0
1162,3864591076645280,3864591077341994,20000149,sA-eth3,up,3864591077269743,netem,136041558,91175,0,0,0,0,0,22536538,7185,0,130508912,7346,0
1163,3864591096644208,3864591097255041,19998928,sA-eth3,up,3864591097171711,netem,136041558,91175,0,0,0,0,0,22536538,7185,0,130508912,7346,0
1164,3864591116646166,3864591117281870,20001958,sA-eth3,up,3864591117226230,netem,136041558,91175,0,0,0,0,0,22536538,7185,0,130508912,7346,0
1165,3864591136644925,3864591137234168,19998759,sA-eth3,up,3864591137162797,netem,136041558,91175,0,0,0,0,0,22536538,7185,0,130508912,7346,0
1166,3864591156645083,3864591157237046,20000158,sA-eth3,up,3864591157166356,netem,136041558,91175,0,0,0,0,0,22536538,7185,0,130508912,7346,0
1167,3864591176644051,3864591177219584,19998968,sA-eth3,up,3864591177151504,netem,136041558,91175,0,0,0,0,0,22536538,7185,0,130508912,7346,0
1168,3864591196645830,3864591197471414,20001779,sA-eth3,up,3864591197377514,netem,136090096,91208,0,0,0,2144338,89,22536736,7188,0,130555470,7349,0
1169,3864591216647938,3864591217276281,20002108,sA-eth3,up,3864591217207521,netem,136356560,91384,0,0,0,1877874,78,22537396,7198,0,130811044,7360,0
1170,3864591236645626,3864591237331130,19997688,sA-eth3,up,3864591237242810,netem,136598800,91544,0,0,0,1635634,68,22538056,7208,0,131043384,7370,0
1171,3864591256646015,3864591257304048,20000389,sA-eth3,up,3864591257242498,netem,136841040,91704,0,0,0,1393394,58,22538782,7219,0,131275724,7380,0
1172,3864591276645433,3864591277215796,19999418,sA-eth3,up,3864591277146636,netem,137107504,91880,0,0,0,1126930,47,22539442,7229,0,131531298,7391,0
1173,3864591296645081,3864591297248344,19999648,sA-eth3,up,3864591297160744,netem,137349744,92040,0,0,0,884690,37,22540102,7239,0,131763638,7401,0
1174,3864591316646730,3864591317225963,20001649,sA-eth3,up,3864591317156882,netem,137591984,92200,0,0,0,642450,27,22540828,7250,0,131995978,7411,0
1175,3864591336645768,3864591337371982,19999038,sA-eth3,up,3864591337306131,netem,137858448,92376,0,0,0,375986,16,22541488,7260,0,132251552,7422,0
1176,3864591356645726,3864591357225709,19999958,sA-eth3,up,3864591357156769,netem,138100688,92536,0,0,0,133746,6,22542148,7270,0,132483892,7432,0
1177,3864591376645805,3864591377411449,20000079,sA-eth3,up,3864591377331868,netem,138234434,92625,0,0,0,0,0,22542610,7277,0,132612160,7438,0
1178,3864591396646463,3864591397278886,20000658,sA-eth3,up,3864591397209356,netem,138234434,92625,0,0,0,0,0,22542610,7277,0,132612160,7438,0
1179,3864591416644671,3864591417293805,19998208,sA-eth3,up,3864591417226504,netem,138234434,92625,0,0,0,0,0,22542610,7277,0,132612160,7438,0
1180,3864591436646309,3864591437227303,20001638,sA-eth3,up,3864591437170222,netem,138234434,92625,0,0,0,0,0,22542610,7277,0,132612160,7438,0
1181,3864591456644728,3864591457294131,19998419,sA-eth3,up,3864591457231061,netem,138234434,92625,0,0,0,0,0,22542610,7277,0,132612160,7438,0
1182,3864591476646916,3864591477258109,20002188,sA-eth3,up,3864591477189129,netem,138234434,92625,0,0,0,0,0,22542610,7277,0,132612160,7438,0
1183,3864591496644564,3864591497208558,19997648,sA-eth3,up,3864591497148457,netem,138234434,92625,0,0,0,0,0,22542610,7277,0,132612160,7438,0
1184,3864591516646353,3864591517229126,20001789,sA-eth3,up,3864591517158816,netem,138234434,92625,0,0,0,0,0,22542610,7277,0,132612160,7438,0
1185,3864591536645161,3864591537325795,19998808,sA-eth3,up,3864591537265435,netem,138234434,92625,0,0,0,0,0,22542610,7277,0,132612160,7438,0
1186,3864591556648639,3864591557276993,20003478,sA-eth3,up,3864591557205522,netem,138331420,92690,0,0,0,2095890,87,22542940,7282,0,132705186,7443,0
1187,3864591576647048,3864591577386152,19998409,sA-eth3,up,3864591577304581,netem,138597884,92866,0,0,0,1829426,76,22543600,7292,0,132960760,7454,0
1188,3864591596647816,3864591597257219,20000768,sA-eth3,up,3864591597198999,netem,138840124,93026,0,0,0,1587186,66,22544260,7302,0,133193100,7464,0
1189,3864591616645194,3864591617347878,19997378,sA-eth3,up,3864591617274768,netem,139082364,93186,0,0,0,1344946,56,22544986,7313,0,133425440,7474,0
1190,3864591636647143,3864591637382067,20001949,sA-eth3,up,3864591637327846,netem,139348828,93362,0,0,0,1078482,45,22545646,7323,0,133681014,7485,0
1191,3864591656644821,3864591657328545,19997678,sA-eth3,up,3864591657241374,netem,139591068,93522,0,0,0,836242,35,22546306,7333,0,133913354,7495,0
1192,3864591676647269,3864591677397343,20002448,sA-eth3,up,3864591677329553,netem,139833308,93682,0,0,0,594002,25,22547032,7344,0,134145694,7505,0
1193,3864591696645348,3864591697281151,19998079,sA-eth3,up,3864591697209161,netem,140075548,93842,0,0,0,351762,15,22547692,7354,0,134401268,7516,0
1194,3864591716646786,3864591717320380,20001438,sA-eth3,up,3864591717253159,netem,140342012,94018,0,0,0,85298,4,22548352,7364,0,134633608,7526,0
1195,3864591736646984,3864591737507039,20000198,sA-eth3,up,3864591737415648,netem,140427310,94075,0,0,0,0,0,22548682,7369,0,134715408,7530,0
1196,3864591756647703,3864591757385317,20000719,sA-eth3,up,3864591757295726,netem,140427310,94075,0,0,0,0,0,22548682,7369,0,134715408,7530,0
1197,3864591776646991,3864591777301895,19999288,sA-eth3,up,3864591777192714,netem,140427310,94075,0,0,0,0,0,22548682,7369,0,134715408,7530,0
1198,3864591796647709,3864591797384693,20000718,sA-eth3,up,3864591797293743,netem,140427310,94075,0,0,0,0,0,22548682,7369,0,134715408,7530,0
1199,3864591816647367,3864591817380551,19999658,sA-eth3,up,3864591817300641,netem,140427310,94075,0,0,0,0,0,22548682,7369,0,134715408,7530,0
1200,3864591836647346,3864591837308849,19999979,sA-eth3,up,3864591837216809,netem,140427310,94075,0,0,0,0,0,22548682,7369,0,134715408,7530,0
1201,3864591856648204,3864591857369008,20000858,sA-eth3,up,3864591857302998,netem,140427310,94075,0,0,0,0,0,22548682,7369,0,134715408,7530,0
1202,3864591876646863,3864591877282646,19998659,sA-eth3,up,3864591877196766,netem,140427310,94075,0,0,0,0,0,22548682,7369,0,134715408,7530,0
1203,3864591896646131,3864591897234364,19999268,sA-eth3,up,3864591897169504,netem,140427310,94075,0,0,0,0,0,22548682,7369,0,134715408,7530,0
1204,3864591916646869,3864591917418053,20000738,sA-eth3,up,3864591917333483,netem,140596968,94188,0,0,0,2023218,84,22549144,7376,0,134878136,7538,0
1205,3864591936649498,3864591937412432,20002629,sA-eth3,up,3864591937351411,netem,140839208,94348,0,0,0,1780978,74,22549870,7387,0,135110476,7548,0
1206,3864591956647236,3864591957247689,19997738,sA-eth3,up,3864591957169389,netem,141081448,94508,0,0,0,1538738,64,22550530,7397,0,135342816,7558,0
1207,3864591976647124,3864591977317998,19999888,sA-eth3,up,3864591977248407,netem,141347912,94684,0,0,0,1272274,53,22551190,7407,0,135598390,7569,0
1208,3864591996646622,3864591997284556,19999498,sA-eth3,up,3864591997207015,netem,141590152,94844,0,0,0,1030034,43,22551916,7418,0,135830730,7579,0
1209,3864592016647721,3864592017303764,20001099,sA-eth3,up,3864592017236784,netem,141832392,95004,0,0,0,787794,33,22552576,7428,0,136063070,7589,0
1210,3864592036647059,3864592037298103,19999338,sA-eth3,up,3864592037245172,netem,142098856,95180,0,0,0,521330,22,22553236,7438,0,136318644,7600,0
1211,3864592056644417,3864592057271841,19997358,sA-eth3,up,3864592057195960,netem,142341096,95340,0,0,0,279090,12,22553896,7448,0,136550984,7610,0
1212,3864592076647286,3864592077311969,20002869,sA-eth3,up,3864592077234179,netem,142583336,95500,0,0,0,36850,2,22554622,7459,0,136783324,7620,0
1213,3864592096649794,3864592097296907,20002508,sA-eth3,up,3864592097218967,netem,142620186,95525,0,0,0,0,0,22554754,7461,0,136818656,7622,0
1214,3864592116647102,3864592117367976,19997308,sA-eth3,up,3864592117294906,netem,142620186,95525,0,0,0,0,0,22554754,7461,0,136818656,7622,0
1215,3864592136646881,3864592137427295,19999779,sA-eth3,up,3864592137359884,netem,142620186,95525,0,0,0,0,0,22554754,7461,0,136818656,7622,0
1216,3864592156646989,3864592157273812,20000108,sA-eth3,up,3864592157213362,netem,142620186,95525,0,0,0,0,0,22554754,7461,0,136818656,7622,0
1217,3864592176645957,3864592177283651,19998968,sA-eth3,up,3864592177202200,netem,142620186,95525,0,0,0,0,0,22554754,7461,0,136818656,7622,0
1218,3864592196646916,3864592197388130,20000959,sA-eth3,up,3864592197321529,netem,142620186,95525,0,0,0,0,0,22554754,7461,0,136818656,7622,0
1219,3864592216646924,3864592217284127,20000008,sA-eth3,up,3864592217231167,netem,142620186,95525,0,0,0,0,0,22554754,7461,0,136818656,7622,0
1220,3864592236644522,3864592237376936,19997598,sA-eth3,up,3864592237297816,netem,142620186,95525,0,0,0,0,0,22554754,7461,0,136818656,7622,0
1221,3864592256646291,3864592257377725,20001769,sA-eth3,up,3864592257327284,netem,142620186,95525,0,0,0,0,0,22554754,7461,0,136818656,7622,0
1222,3864592276645889,3864592277436693,19999598,sA-eth3,up,3864592277344843,netem,142838292,95670,0,0,0,1974770,82,22555348,7470,0,137027852,7632,0
1223,3864592296647327,3864592297316961,20001438,sA-eth3,up,3864592297232730,netem,143080532,95830,0,0,0,1732530,72,22556008,7480,0,137260192,7642,0
1224,3864592316647876,3864592317300779,20000549,sA-eth3,up,3864592317220829,netem,143322772,95990,0,0,0,1490290,62,22556734,7491,0,137492532,7652,0
1225,3864592336646484,3864592337358438,19998608,sA-eth3,up,3864592337280117,netem,143589236,96166,0,0,0,1223826,51,22557394,7501,0,137748106,7663,0
1226,3864592356649112,3864592357296986,20002628,sA-eth3,up,3864592357232745,netem,143831476,96326,0,0,0,981586,41,22558054,7511,0,137980446,7673,0
1227,3864592376646000,3864592377252024,19996888,sA-eth3,up,3864592377179233,netem,144073716,96486,0,0,0,739346,31,22558780,7522,0,138212786,7683,0
1228,3864592396647069,3864592397261402,20001069,sA-eth3,up,3864592397199592,netem,144340180,96662,0,0,0,472882,20,22559440,7532,0,138468360,7694,0
1229,3864592416644997,3864592417210990,19997928,sA-eth3,up,3864592417145560,netem,144582420,96822,0,0,0,230642,10,22560100,7542,0,138700700,7704,0
1230,3864592436648395,3864592437318869,20003398,sA-eth3,up,3864592437256249,netem,144813062,96975,0,0,0,0,0,22560826,7553,0,138921904,7714,0
1231,3864592456645304,3864592457341318,19996909,sA-eth3,up,3864592457252357,netem,144813062,96975,0,0,0,0,0,22560826,7553,0,138921904,7714,0
1232,3864592476646312,3864592477232275,20001008,sA-eth3,up,3864592477170985,netem,144813062,96975,0,0,0,0,0,22560826,7553,0,138921904,7714,0
1233,3864592496645360,3864592497300844,19999048,sA-eth3,up,3864592497221774,netem,144813062,96975,0,0,0,0,0,22560826,7553,0,138921904,7714,0
1234,3864592516645259,3864592517249672,19999899,sA-eth3,up,3864592517174622,netem,144813062,96975,0,0,0,0,0,22560826,7553,0,138921904,7714,0
1235,3864592536645717,3864592537235500,20000458,sA-eth3,up,3864592537180310,netem,144813062,96975,0,0,0,0,0,22560826,7553,0,138921904,7714,0
1236,3864592556644885,3864592557267009,19999168,sA-eth3,up,3864592557221708,netem,144813062,96975,0,0,0,0,0,22560826,7553,0,138921904,7714,0
1237,3864592576643314,3864592577240917,19998429,sA-eth3,up,3864592577165746,netem,144813062,96975,0,0,0,0,0,22560826,7553,0,138921904,7714,0
1238,3864592596645762,3864592597277385,20002448,sA-eth3,up,3864592597208975,netem,144813062,96975,0,0,0,0,0,22560826,7553,0,138921904,7714,0
1239,3864592616647880,3864592617252724,20002118,sA-eth3,up,3864592617178203,netem,144813152,96976,0,0,0,2192786,91,22560892,7554,0,138921994,7715,0
1240,3864592636645639,3864592637318722,19997759,sA-eth3,up,3864592637230852,netem,145079616,97152,0,0,0,1926322,80,22561552,7564,0,139177568,7726,0
1241,3864592656646977,3864592657237960,20001338,sA-eth3,up,3864592657163930,netem,145321856,97312,0,0,0,1684082,70,22562212,7574,0,139409908,7736,0
1242,3864592676646045,3864592677296279,19999068,sA-eth3,up,3864592677219788,netem,145564096,97472,0,0,0,1441842,60,22562938,7585,0,139642248,7746,0
1243,3864592696645534,3864592697215437,19999489,sA-eth3,up,3864592697157096,netem,145830560,97648,0,0,0,1175378,49,22563598,7595,0,139897822,7757,0
1244,3864592716646802,3864592717259505,20001268,sA-eth3,up,3864592717189425,netem,146072800,97808,0,0,0,933138,39,22564258,7605,0,140130162,7767,0
1245,3864592736644930,3864592737231843,19998128,sA-eth3,up,3864592737156483,netem,146315040,97968,0,0,0,690898,29,22564984,7616,0,140362502,7777,0
1246,3864592756647569,3864592757246802,20002639,sA-eth3,up,3864592757173331,netem,146581504,98144,0,0,0,424434,18,22565644,7626,0,140618076,7788,0
1247,3864592776645087,3864592777225370,19997518,sA-eth3,up,3864592777149189,netem,146823744,98304,0,0,0,182194,8,22566304,7636,0,140850416,7798,0
1248,3864592796647615,3864592797344979,20002528,sA-eth3,up,3864592797273659,netem,147005938,98425,0,0,0,0,0,22566898,7645,0,141025152,7806,0
1249,3864592816647133,3864592817283457,19999518,sA-eth3,up,3864592817208086,netem,147005938,98425,0,0,0,0,0,22566898,7645,0,141025152,7806,0
1250,3864592836646172,3864592837287375,19999039,sA-eth3,up,3864592837225575,netem,147005938,98425,0,0,0,0,0,22566898,7645,0,141025152,7806,0
1251,3864592856645040,3864592857214933,19998868,sA-eth3,up,3864592857155363,netem,147005938,98425,0,0,0,0,0,22566898,7645,0,141025152,7806,0
1252,3864592876646698,3864592877279162,20001658,sA-eth3,up,3864592877222012,netem,147005938,98425,0,0,0,0,0,22566898,7645,0,141025152,7806,0
1253,3864592896644367,3864592897255840,19997669,sA-eth3,up,3864592897206720,netem,147005938,98425,0,0,0,0,0,22566898,7645,0,141025152,7806,0
1254,3864592916643535,3864592917350229,19999168,sA-eth3,up,3864592917272118,netem,147005938,98425,0,0,0,0,0,22566898,7645,0,141025152,7806,0
1255,3864592936649323,3864592937301037,20005788,sA-eth3,up,3864592937228057,netem,147005938,98425,0,0,0,0,0,22566898,7645,0,141025152,7806,0
1256,3864592956645182,3864592957329035,19995859,sA-eth3,up,3864592957220545,netem,147005938,98425,0,0,0,0,0,22566898,7645,0,141025152,7806,0
1257,3864592976648850,3864592977416174,20003668,sA-eth3,up,3864592977348764,netem,147054476,98458,0,0,0,2144338,89,22567096,7648,0,141071710,7809,0
1258,3864592996646618,3864592997263742,19997768,sA-eth3,up,3864592997176851,netem,147320940,98634,0,0,0,1877874,78,22567756,7658,0,141327284,7820,0
1259,3864593016646547,3864593017263980,19999929,sA-eth3,up,3864593017195510,netem,147563180,98794,0,0,0,1635634,68,22568416,7668,0,141559624,7830,0
1260,3864593036645955,3864593037391429,19999408,sA-eth3,up,3864593037328059,netem,147805420,98954,0,0,0,1393394,58,22569142,7679,0,141791964,7840,0
1261,3864593056644593,3864593057317447,19998638,sA-eth3,up,3864593057240786,netem,148071884,99130,0,0,0,1126930,47,22569802,7689,0,142047538,7851,0
1262,3864593076646422,3864593077310655,20001829,sA-eth3,up,3864593077257075,netem,148314124,99290,0,0,0,884690,37,22570462,7699,0,142279878,7861,0
1263,3864593096644350,3864593097261193,19997928,sA-eth3,up,3864593097198633,netem,148556364,99450,0,0,0,642450,27,22571188,7710,0,142512218,7871,0
1264,3864593116645718,3864593117280752,20001368,sA-eth3,up,3864593117206631,netem,148798604,99610,0,0,0,400210,17,22571848,7720,0,142767792,7882,0
1265,3864593136644727,3864593137220540,19999009,sA-eth3,up,3864593137161149,netem,149065068,99786,0,0,0,133746,6,22572508,7730,0,143000132,7892,0
1266,3864593156646965,3864593157405639,20002238,sA-eth3,up,3864593157319318,netem,149198814,99875,0,0,0,0,0,22572970,7737,0,143128400,7898,0
1267,3864593176645903,3864593177294567,19998938,sA-eth3,up,3864593177215906,netem,149198814,99875,0,0,0,0,0,22572970,7737,0,143128400,7898,0
1268,3864593196647521,3864593197400435,20001618,sA-eth3,up,3864593197324575,netem,149198814,99875,0,0,0,0,0,22572970,7737,0,143128400,7898,0
1269,3864593216644840,3864593217240013,19997319,sA-eth3,up,3864593217169203,netem,149198814,99875,0,0,0,0,0,22572970,7737,0,143128400,7898,0
1270,3864593236646828,3864593237277122,20001988,sA-eth3,up,3864593237206871,netem,149198814,99875,0,0,0,0,0,22572970,7737,0,143128400,7898,0
1271,3864593256644726,3864593257394530,19997898,sA-eth3,up,3864593257348230,netem,149198814,99875,0,0,0,0,0,22572970,7737,0,143128400,7898,0
1272,3864593276646015,3864593277229068,20001289,sA-eth3,up,3864593277163328,netem,149198814,99875,0,0,0,0,0,22572970,7737,0,143128400,7898,0
1273,3864593296645763,3864593297288427,19999748,sA-eth3,up,3864593297182926,netem,149198814,99875,0,0,0,0,0,22572970,7737,0,143128400,7898,0
1274,3864593316647131,3864593317230395,20001368,sA-eth3,up,3864593317154444,netem,149198814,99875,0,0,0,0,0,22572970,7737,0,143128400,7898,0
1275,3864593336647310,3864593337371144,20000179,sA-eth3,up,3864593337283383,netem,149320024,99956,0,0,0,2071666,86,22573300,7742,0,143244660,7904,0
1276,3864593356647088,3864593357268671,19999778,sA-eth3,up,3864593357196201,netem,149562264,100116,0,0,0,1829426,76,22573960,7752,0,143477000,7914,0
1277,3864593376644796,3864593377282700,19997708,sA-eth3,up,3864593377204949,netem,149804504,100276,0,0,0,1587186,66,22574686,7763,0,143709340,7924,0
1278,3864593396646115,3864593397234448,20001319,sA-eth3,up,3864593397161307,netem,150070968,100452,0,0,0,1320722,55,22575346,7773,0,143964914,7935,0
1279,3864593416645103,3864593417277496,19998988,sA-eth3,up,3864593417202296,netem,150313208,100612,0,0,0,1078482,45,22576006,7783,0,144197254,7945,0
1280,3864593436646141,3864593437331265,20001038,sA-eth3,up,3864593437262445,netem,150555448,100772,0,0,0,836242,35,22576732,7794,0,144429594,7955,0
1281,3864593456645520,3864593457236513,19999379,sA-eth3,up,3864593457162343,netem,150821912,100948,0,0,0,569778,24,22577392,7804,0,144685168,7966,0
1282,3864593476645158,3864593477317002,19999638,sA-eth3,up,3864593477207531,netem,151064152,101108,0,0,0,327538,14,22578052,7814,0,144917508,7976,0
1283,3864593496648166,3864593497278420,20003008,sA-eth3,up,3864593497205299,netem,151306392,101268,0,0,0,85298,4,22578778,7825,0,145149848,7986,0
1284,3864593516646535,3864593517380879,19998369,sA-eth3,up,3864593517308898,netem,151391690,101325,0,0,0,0,0,22579042,7829,0,145231648,7990,0
1285,3864593536646123,3864593537368297,19999588,sA-eth3,up,3864593537287786,netem,151391690,101325,0,0,0,0,0,22579042,7829,0,145231648,7990,0
1286,3864593556645111,3864593557227374,19998988,sA-eth3,up,3864593557148174,netem,151391690,101325,0,0,0,0,0,22579042,7829,0,145231648,7990,0
1287,3864593576647330,3864593577375213,20002219,sA-eth3,up,3864593577315993,netem,151391690,101325,0,0,0,0,0,22579042,7829,0,145231648,7990,0
1288,3864593596647738,3864593597318472,20000408,sA-eth3,up,3864593597251021,netem,151391690,101325,0,0,0,0,0,22579042,7829,0,145231648,7990,0
1289,3864593616646116,3864593617260219,19998378,sA-eth3,up,3864593617194129,netem,151391690,101325,0,0,0,0,0,22579042,7829,0,145231648,7990,0
1290,3864593636645244,3864593637360158,19999128,sA-eth3,up,3864593637300678,netem,151391690,101325,0,0,0,0,0,22579042,7829,0,145231648,7990,0
1291,3864593656645063,3864593657305576,19999819,sA-eth3,up,3864593657230816,netem,151391690,101325,0,0,0,0,0,22579042,7829,0,145231648,7990,0
1292,3864593676645001,3864593677343735,19999938,sA-eth3,up,3864593677270024,netem,151391690,101325,0,0,0,0,0,22579042,7829,0,145231648,7990,0
1293,3864593696648629,3864593697417934,20003628,sA-eth3,up,3864593697353523,netem,151537124,101422,0,0,0,2047442,85,22579504,7836,0,145371142,7997,0
1294,3864593716646028,3864593717276051,19997399,sA-eth3,up,3864593717227801,netem,151803588,101598,0,0,0,1780978,74,22580164,7846,0,145626716,8008,0
1295,3864593736646336,3864593737309700,20000308,sA-eth3,up,3864593737233239,netem,152045828,101758,0,0,0,1538738,64,22580824,7856,0,145859056,8018,0
1296,3864593756648014,3864593757323128,20001678,sA-eth3,up,3864593757215207,netem,152288068,101918,0,0,0,1296498,54,22581550,7867,0,146091396,8028,0
1297,3864593776647343,3864593777327656,19999329,sA-eth3,up,3864593777218116,netem,152554532,102094,0,0,0,1030034,43,22582210,7877,0,146346970,8039,0
1298,3864593796647631,3864593797308385,20000288,sA-eth3,up,3864593797225154,netem,152796772,102254,0,0,0,787794,33,22582870,7887,0,146579310,8049,0
1299,3864593816645339,3864593817231842,19997708,sA-eth3,up,3864593817147202,netem,153039012,102414,0,0,0,545554,23,22583596,7898,0,146811650,8059,0
1300,3864593836645848,3864593837423002,20000509,sA-eth3,up,3864593837343752,netem,153305476,102590,0,0,0,279090,12,22584256,7908,0,147067224,8070,0
1301,3864593856645816,3864593857238029,19999968,sA-eth3,up,3864593857160469,netem,153547716,102750,0,0,0,36850,2,22584916,7918,0,147299564,8080,0
1302,3864593876646864,3864593877456269,20001048,sA-eth3,up,3864593877375558,netem,153584566,102775,0,0,0,0,0,22585114,7921,0,147334896,8082,0
1303,3864593896647663,3864593897250656,20000799,sA-eth3,up,3864593897175896,netem,153584566,102775,0,0,0,0,0,22585114,7921,0,147334896,8082,0
1304,3864593916645701,3864593917259474,19998038,sA-eth3,up,3864593917184404,netem,153584566,102775,0,0,0,0,0,22585114,7921,0,147334896,8082,0
1305,3864593936645169,3864593937418314,19999468,sA-eth3,up,3864593937341313,netem,153584566,102775,0,0,0,0,0,22585114,7921,0,147334896,8082,0
1306,3864593956646208,3864593957334381,20001039,sA-eth3,up,3864593957285081,netem,153584566,102775,0,0,0,0,0,22585114,7921,0,147334896,8082,0
1307,3864593976645296,3864593977348300,19999088,sA-eth3,up,3864593977280329,netem,153584566,102775,0,0,0,0,0,22585114,7921,0,147334896,8082,0
1308,3864593996646084,3864593997354448,20000788,sA-eth3,up,3864593997285668,netem,153584566,102775,0,0,0,0,0,22585114,7921,0,147334896,8082,0
1309,3864594016645172,3864594017288686,19999088,sA-eth3,up,3864594017212186,netem,153584566,102775,0,0,0,0,0,22585114,7921,0,147334896,8082,0
1310,3864594036645941,3864594037310385,20000769,sA-eth3,up,3864594037241404,netem,153584566,102775,0,0,0,0,0,22585114,7921,0,147334896,8082,0
1311,3864594056646779,3864594057266402,20000838,sA-eth3,up,3864594057203942,netem,153778448,102904,0,0,0,1998994,83,22585708,7930,0,147520858,8091,0
1312,3864594076646118,3864594077282551,19999339,sA-eth3,up,3864594077226581,netem,154044912,103080,0,0,0,1732530,72,22586368,7940,0,147776432,8102,0
1313,3864594096645196,3864594097270249,19999078,sA-eth3,up,3864594097212129,netem,154287152,103240,0,0,0,1490290,62,22587094,7951,0,148008772,8112,0
1314,3864594116644834,3864594117215597,19999638,sA-eth3,up,3864594117155257,netem,154529392,103400,0,0,0,1248050,52,22587754,7961,0,148241112,8122,0
1315,3864594136645423,3864594137294156,20000589,sA-eth3,up,3864594137221606,netem,154795856,103576,0,0,0,981586,41,22588414,7971,0,148496686,8133,0
1316,3864594156645531,3864594157361285,20000108,sA-eth3,up,3864594157304604,netem,155038096,103736,0,0,0,739346,31,22589140,7982,0,148729026,8143,0
1317,3864594176645449,3864594177228292,19999918,sA-eth3,up,3864594177153802,netem,155280336,103896,0,0,0,497106,21,22589800,7992,0,148961366,8153,0
1318,3864594196649177,3864594197302471,20003728,sA-eth3,up,3864594197228971,netem,155546800,104072,0,0,0,230642,10,22590460,8002,0,149216940,8164,0
1319,3864594216648026,3864594217225909,19998849,sA-eth3,up,3864594217173579,netem,155777442,104225,0,0,0,0,0,22591186,8013,0,149438144,8174,0
1320,3864594236643774,3864594237308968,19995748,sA-eth3,up,3864594237204107,netem,155777442,104225,0,0,0,0,0,22591186,8013,0,149438144,8174,0
1321,3864594256648072,3864594257264486,20004298,sA-eth3,up,3864594257208935,netem,155777442,104225,0,0,0,0,0,22591186,8013,0,149438144,8174,0
1322,3864594276644751,3864594277391445,19996679,sA-eth3,up,3864594277312734,netem,155777442,104225,0,0,0,0,0,22591186,8013,0,149438144,8174,0
1323,3864594296646449,3864594297306063,20001698,sA-eth3,up,3864594297236962,netem,155777442,104225,0,0,0,0,0,22591186,8013,0,149438144,8174,0
1324,3864594316644797,3864594317471992,19998348,sA-eth3,up,3864594317372801,netem,155777442,104225,0,0,0,0,0,22591186,8013,0,149438144,8174,0
1325,3864594336647146,3864594337293229,20002349,sA-eth3,up,3864594337218329,netem,155777442,104225,0,0,0,0,0,22591186,8013,0,149438144,8174,0
1326,3864594356645314,3864594357273627,19998168,sA-eth3,up,3864594357193277,netem,155777442,104225,0,0,0,0,0,22591186,8013,0,149438144,8174,0
1327,3864594376646172,3864594377238126,20000858,sA-eth3,up,3864594377168695,netem,155777442,104225,0,0,0,0,0,22591186,8013,0,149438144,8174,0
1328,3864594396646021,3864594397299674,19999849,sA-eth3,up,3864594397212014,netem,155777532,104226,0,0,0,2192786,91,22591252,8014,0,149438234,8175,0
1329,3864594416645859,3864594417338633,19999838,sA-eth3,up,3864594417290802,netem,156043996,104402,0,0,0,1926322,80,22591912,8024,0,149693808,8186,0
1330,3864594436642757,3864594437200200,19996898,sA-eth3,up,3864594437144070,netem,156286236,104562,0,0,0,1684082,70,22592572,8034,0,149926148,8196,0
1331,3864594456644366,3864594457245599,20001609,sA-eth3,up,3864594457168588,netem,156528476,104722,0,0,0,1441842,60,22593298,8045,0,150158488,8206,0
1332,3864594476645564,3864594477272217,20001198,sA-eth3,up,3864594477214347,netem,156794940,104898,0,0,0,1175378,49,22593958,8055,0,150414062,8217,0
1333,3864594496644602,3864594497275796,19999038,sA-eth3,up,3864594497202725,netem,157037180,105058,0,0,0,933138,39,22594618,8065,0,150646402,8227,0
1334,3864594516645171,3864594517270124,20000569,sA-eth3,up,3864594517200474,netem,157279420,105218,0,0,0,690968,30,22595344,8076,0,150878742,8237,0
1335,3864594536645039,3864594537305482,19999868,sA-eth3,up,3864594537215502,netem,157545884,105394,0,0,0,424504,19,22596004,8086,0,151134316,8248,0
1336,3864594556646197,3864594557253411,20001158,sA-eth3,up,3864594557183860,netem,157788124,105554,0,0,0,182264,9,22596664,8096,0,151366656,8258,0
