poll_iteration,poll_start_ns,poll_end_ns,poll_interval_ns,interface,operstate,t_ns,kind,bytes,packets,drops,overlimits,requeues,backlog_bytes,qlen,rx_bytes,rx_packets,rx_dropped,tx_bytes,tx_packets,tx_dropped
0,42213473060915,42213475827575,0,sA-eth3,up,42213475385010,netem,364,6,0,0,0,110,1,590,7,0,654,9,0
1,42213493171188,42213495475283,20110273,sA-eth3,up,42213495263501,netem,474,7,0,0,0,0,0,590,7,0,654,9,0
2,42213513136310,42213514959210,19965122,sA-eth3,up,42213514783528,netem,474,7,0,0,0,0,0,590,7,0,654,9,0
3,42213533139012,42213535197186,20002702,sA-eth3,up,42213535034974,netem,668,10,0,0,0,0,0,738,9,0,848,12,0
4,42213553158615,42213555028096,20019603,sA-eth3,up,42213554819044,netem,668,10,0,0,0,0,0,738,9,0,848,12,0
5,42213573139707,42213575240800,19981092,sA-eth3,up,42213574869186,netem,742,11,0,0,0,0,0,878,11,0,922,13,0
6,42213593161250,42213595515755,20021543,sA-eth3,up,42213595287113,netem,742,11,0,0,0,110,1,14132,14,0,1032,14,0
7,42213613144161,42213615222135,19982911,sA-eth3,up,42213615039052,netem,1776,26,0,0,0,132,2,298996,30,0,2022,29,0
8,42213633141784,42213635349668,19997623,sA-eth3,up,42213635060035,netem,2304,34,0,0,0,0,0,596496,40,0,2484,36,0
9,42213653182927,42213655542392,20041143,sA-eth3,up,42213655305470,netem,2898,43,0,0,0,0,0,766440,48,0,3078,45,0
10,42213673157518,42213675169091,19974591,sA-eth3,up,42213674928558,netem,4020,60,0,0,0,132,2,944086,63,0,4266,63,0
11,42213693145760,42213695094162,19988242,sA-eth3,up,42213694881979,netem,5384,80,0,0,0,66,1,1185642,81,0,5564,82,0
12,42213713159233,42213715193235,20013473,sA-eth3,up,42213714975553,netem,6572,98,0,0,0,66,1,1425836,100,0,6818,101,0
13,42213733151325,42213735140408,19992092,sA-eth3,up,42213734900545,netem,7760,116,0,0,0,66,1,1673184,118,0,7940,118,0
14,42213753145927,42213755119349,19994602,sA-eth3,up,42213754900986,netem,8816,132,0,0,0,66,1,1920532,136,0,9062,135,0
15,42213773143079,42213775087951,19997152,sA-eth3,up,42213774882759,netem,10070,151,0,0,0,132,2,2107314,151,0,10250,154,0
16,42213793149582,42213795312645,20006503,sA-eth3,up,42213795067343,netem,173804,262,0,0,0,109008,4,2108238,165,0,167714,169,0
17,42213813157785,42213815583661,20008203,sA-eth3,up,42213815396650,netem,434212,434,0,0,0,143830,5,2108766,173,0,417298,177,0
18,42213833137816,42213835477723,19980031,sA-eth3,up,42213835297271,netem,684022,599,0,0,0,109008,4,2109360,182,0,656812,186,0
19,42213853138568,42213855387513,20000752,sA-eth3,up,42213855211891,netem,924748,758,0,0,0,49962,3,2110416,198,0,888100,202,0
20,42213873152931,42213875310155,20014363,sA-eth3,up,42213875136883,netem,1176072,924,0,0,0,48448,3,2111604,216,0,1129656,220,0
21,42213893151063,42213895310247,19998132,sA-eth3,up,42213895110465,netem,1425882,1089,0,0,0,37850,3,2112858,235,0,1377070,239,0
22,42213913148215,42213915543612,19997152,sA-eth3,up,42213915360070,netem,1683262,1259,0,0,0,37850,3,2114046,253,0,1617178,257,0
23,42213933144338,42213935162450,19996123,sA-eth3,up,42213934953597,netem,1925502,1419,0,0,0,45420,3,2115234,271,0,1850046,275,0
24,42213953141530,42213955163453,19997192,sA-eth3,up,42213954961060,netem,2175312,1584,0,0,0,27766,3,2116488,290,0,2097460,294,0
25,42213973146792,42213975555939,20005262,sA-eth3,up,42213975376237,netem,2203870,1615,0,0,0,66,1,2305874,307,0,2117722,309,0
26,42213993156345,42213995496620,20009553,sA-eth3,up,42213995301419,netem,2204992,1632,0,0,0,66,1,2553222,325,0,2118844,326,0
27,42214013141907,42214015368941,19985562,sA-eth3,up,42214015193719,netem,2206290,1651,0,0,0,0,0,2800636,344,0,2120076,344,0
28,42214033144368,42214034966130,20002461,sA-eth3,up,42214034781417,netem,2207412,1668,0,0,0,66,1,3037848,362,0,2121198,361,0
29,42214053158391,42214055042372,20014023,sA-eth3,up,42214054836590,netem,2208534,1685,0,0,0,66,1,3279404,380,0,2122386,379,0
30,42214073141453,42214075040584,19983062,sA-eth3,up,42214074833053,netem,2209808,1704,0,0,0,66,1,3523856,398,0,2123594,397,0
31,42214093141446,42214094983566,19999993,sA-eth3,up,42214094795423,netem,2210996,1722,0,0,0,66,1,3763964,416,0,2124782,415,0
32,42214113138537,42214114920367,19997091,sA-eth3,up,42214114742286,netem,2212118,1739,0,0,0,66,1,3993936,434,0,2125904,432,0
33,42214133166580,42214135154572,20028043,sA-eth3,up,42214134885520,netem,2213240,1756,0,0,0,66,1,4224290,451,0,2127092,450,0
34,42214153151832,42214155478038,19985252,sA-eth3,up,42214155290896,netem,2364994,1861,0,0,0,36336,3,4225016,462,0,2284424,464,0
35,42214173138614,42214175618292,19986782,sA-eth3,up,42214175443080,netem,2620860,2030,0,0,0,46934,3,4226204,480,0,2518740,482,0
36,42214193137097,42214195268591,19998483,sA-eth3,up,42214194967697,netem,2872184,2196,0,0,0,33394,3,4227392,498,0,2760296,500,0
37,42214213140879,42214215120201,20003782,sA-eth3,up,42214214901619,netem,3114510,2357,0,0,0,45420,3,4228580,516,0,2993250,519,0
38,42214233138712,42214235430297,19997833,sA-eth3,up,42214235249095,netem,3364320,2522,0,0,0,52990,4,4229834,535,0,3247904,538,0
39,42214253140063,42214255126125,20001351,sA-eth3,up,42214254930744,netem,3621700,2692,0,0,0,30280,2,4231022,553,0,3480772,556,0
40,42214273138116,42214275065478,19998053,sA-eth3,up,42214274869655,netem,3864026,2853,0,0,0,45420,3,4232144,570,0,3713726,575,0
41,42214293108338,42214295087240,19970222,sA-eth3,up,42214294894318,netem,4113836,3018,0,0,0,52990,4,4233332,588,0,3953834,593,0
42,42214313137530,42214315211713,20029192,sA-eth3,up,42214315040242,netem,4371216,3188,0,0,0,35336,3,4234586,607,0,4201248,612,0
43,42214333135902,42214335358807,19998372,sA-eth3,up,42214335169945,netem,4407212,3222,0,0,0,66,1,4421076,624,0,4235924,626,0
44,42214353109545,42214355062687,19973643,sA-eth3,up,42214354860714,netem,4408400,3240,0,0,0,66,1,4677178,643,0,4237046,643,0
45,42214373138018,42214375119339,20028473,sA-eth3,up,42214374909747,netem,4409588,3258,0,0,0,0,0,4896948,660,0,4238234,661,0
46,42214393140489,42214395473506,20002471,sA-eth3,up,42214395298713,netem,4410710,3275,0,0,0,66,1,5144362,679,0,4239422,679,0
47,42214413145352,42214415073223,20004863,sA-eth3,up,42214414865151,netem,4411832,3292,0,0,0,66,1,5377230,697,0,4240478,695,0
48,42214433156424,42214435126996,20011072,sA-eth3,up,42214434875283,netem,4413020,3310,0,0,0,0,0,5617272,714,0,4241666,713,0
49,42214453146926,42214455563943,19990502,sA-eth3,up,42214455389212,netem,4414208,3328,0,0,0,66,1,5873440,734,0,4242854,731,0
50,42214473147948,42214475366903,20001022,sA-eth3,up,42214475194411,netem,4415330,3345,0,0,0,66,1,6133820,752,0,4243976,748,0
51,42214493155701,42214495156283,20007753,sA-eth3,up,42214494885790,netem,4416254,3359,0,0,0,66,1,6342388,768,0,4244900,763,0
52,42214513150023,42214515131035,19994322,sA-eth3,up,42214514907463,netem,4568008,3464,0,0,0,42392,3,6343114,779,0,4390714,777,0
53,42214533144425,42214534981426,19994402,sA-eth3,up,42214534793094,netem,4820846,3631,0,0,0,56018,4,6344302,797,0,4633718,795,0
54,42214553142837,42214555555894,19998412,sA-eth3,up,42214555356172,netem,5075198,3799,0,0,0,37850,3,6345490,815,0,4878236,814,0
55,42214573145270,42214575322144,20002433,sA-eth3,up,42214575109852,netem,5317438,3959,0,0,0,45420,3,6346612,832,0,5125650,833,0
56,42214593179453,42214595110854,20034183,sA-eth3,up,42214594894222,netem,5567248,4124,0,0,0,37850,3,6347800,850,0,5351212,850,0
57,42214613144304,42214615039456,19964851,sA-eth3,up,42214614812553,netem,5809488,4284,0,0,0,45420,3,6348988,868,0,5598626,869,0
58,42214633141876,42214635631814,19997572,sA-eth3,up,42214635421122,netem,6078980,4462,0,0,0,42392,3,6350242,887,0,5843144,888,0
59,42214653151559,42214655107491,20009683,sA-eth3,up,42214654908288,netem,6322734,4623,0,0,0,49962,3,6351364,904,0,6077394,905,0
60,42214673144730,42214675227674,19993171,sA-eth3,up,42214675000191,netem,6560432,4780,0,0,0,48962,3,6352420,920,0,6321846,923,0
61,42214693146463,42214695544730,20001733,sA-eth3,up,42214695359378,netem,6609856,4820,0,0,0,66,1,6531472,934,0,6353296,933,0
62,42214713108986,42214715171308,19962523,sA-eth3,up,42214714979296,netem,6611072,4838,0,0,0,0,0,6761444,953,0,6354512,950,0
63,42214733139878,42214735155330,20030892,sA-eth3,up,42214734955658,netem,6612218,4855,0,0,0,66,1,7016098,971,0,6355658,967,0
64,42214753138530,42214755169313,19998652,sA-eth3,up,42214754963600,netem,6613406,4873,0,0,0,66,1,7266408,990,0,6356912,986,0
65,42214773142682,42214775081424,20004152,sA-eth3,up,42214774880952,netem,6614660,4892,0,0,0,66,1,7499436,1010,0,6358100,1004,0
66,42214793141945,42214795087587,19999263,sA-eth3,up,42214794887404,netem,6615848,4910,0,0,0,66,1,7736648,1028,0,6359288,1022,0
67,42214813142027,42214815057618,20000082,sA-eth3,up,42214814868007,netem,6617036,4928,0,0,0,66,1,7969516,1046,0,6360542,1041,0
68,42214833144519,42214835429585,20002492,sA-eth3,up,42214835039450,netem,6618290,4947,0,0,0,66,1,8216930,1065,0,6361796,1060,0
69,42214853176091,42214855800661,20031572,sA-eth3,up,42214855503958,netem,6619478,4965,0,0,0,132,2,8457038,1083,0,6362984,1078,0
70,42214873148024,42214875652181,19971933,sA-eth3,up,42214875394649,netem,6744178,5055,0,0,0,62074,4,8460976,1092,0,6482668,1092,0
71,42214893162986,42214896091388,20014962,sA-eth3,up,42214895814785,netem,6993988,5220,0,0,0,69644,4,8462164,1110,0,6738770,1111,0
72,42214913154548,42214915668066,19991562,sA-eth3,up,42214915432713,netem,7249854,5389,0,0,0,60560,4,8463286,1127,0,6968676,1128,0
73,42214933166051,42214935653718,20011503,sA-eth3,up,42214935401315,netem,7499664,5554,0,0,0,52990,4,8464474,1145,0,7208784,1146,0
74,42214953163993,42214955729541,19997942,sA-eth3,up,42214955487948,netem,7741904,5714,0,0,0,68130,5,8465728,1164,0,7456198,1165,0
75,42214973177755,42214975948496,20013762,sA-eth3,up,42214975684874,netem,7999284,5884,0,0,0,60560,4,8466916,1182,0,7689066,1183,0
76,42214993167087,42214996044300,19989332,sA-eth3,up,42214995753827,netem,8249094,6049,0,0,0,52990,4,8468104,1200,0,7929174,1201,0
77,42215013143520,42215015594197,19976433,sA-eth3,up,42215015400725,netem,8491334,6209,0,0,0,52990,4,8469292,1219,0,8176588,1220,0
78,42215033138881,42215035544038,19995361,sA-eth3,up,42215035363356,netem,8748714,6379,0,0,0,45420,3,8470546,1237,0,8409456,1238,0
79,42215053125113,42215055638691,19986232,sA-eth3,up,42215055442169,netem,8813278,6429,0,0,0,66,1,8639660,1254,0,8471578,1251,0
80,42215073145226,42215075587824,20020113,sA-eth3,up,42215075396071,netem,8814466,6447,0,0,0,66,1,8878320,1272,0,8472766,1269,0
81,42215093140069,42215095583865,19994843,sA-eth3,up,42215095400694,netem,8815748,6466,0,0,0,132,2,9118428,1290,0,8474048,1288,0
82,42215113139130,42215115540237,19999061,sA-eth3,up,42215115305044,netem,8817002,6485,0,0,0,0,0,9365842,1309,0,8475236,1306,0
83,42215133142763,42215135721032,20003633,sA-eth3,up,42215135446348,netem,8818190,6503,0,0,0,66,1,9598710,1327,0,8476490,1325,0
84,42215153146805,42215155719624,20004042,sA-eth3,up,42215155521491,netem,8819378,6521,0,0,0,132,2,9838818,1345,0,8477678,1343,0
85,42215173144237,42215175676376,19997432,sA-eth3,up,42215175447393,netem,8820632,6540,0,0,0,66,1,10071686,1364,0,8478866,1361,0
86,42215193158840,42215195773079,20014603,sA-eth3,up,42215195476606,netem,8821820,6558,0,0,0,66,1,10311794,1382,0,8480120,1380,0
87,42215213142862,42215215548749,19984022,sA-eth3,up,42215215328436,netem,8823008,6576,0,0,0,132,2,10559208,1400,0,8481308,1398,0
88,42215233142565,42215235541241,19999703,sA-eth3,up,42215235316958,netem,8884280,6626,0,0,0,15140,1,10578612,1402,0,8540138,1411,0
89,42215253144286,42215255284570,20001721,sA-eth3,up,42215255094208,netem,9111380,6776,0,0,0,45420,3,10579734,1419,0,8772940,1428,0
90,42215273134668,42215275163631,19990382,sA-eth3,up,42215274919748,netem,9358162,6939,0,0,0,56018,4,10580922,1437,0,9010152,1446,0
91,42215293141911,42215295628019,20007243,sA-eth3,up,42215295418976,netem,9618730,7113,0,0,0,37850,3,10582110,1455,0,9257726,1467,0
92,42215313144594,42215315243226,20002683,sA-eth3,up,42215315040094,netem,9860970,7273,0,0,0,48448,3,10583232,1472,0,9478944,1484,0
93,42215333142635,42215335562632,19998041,sA-eth3,up,42215335366500,netem,10110780,7438,0,0,0,52990,4,10584486,1491,0,9736494,1503,0
94,42215353138218,42215355527325,19995583,sA-eth3,up,42215355347572,netem,10368160,7608,0,0,0,56018,4,10585674,1509,0,9966466,1521,0
95,42215373139900,42215375415045,20001682,sA-eth3,up,42215375243993,netem,10625540,7778,0,0,0,30280,2,10586928,1528,0,10213880,1540,0
96,42215393139952,42215395115954,20000052,sA-eth3,up,42215394885372,netem,10860210,7933,0,0,0,52990,4,10588050,1546,0,10453988,1558,0
97,42215413139234,42215415556401,19999282,sA-eth3,up,42215415376459,netem,11016666,8037,0,0,0,0,0,10661752,1564,0,10589826,1569,0
98,42215433140067,42215436147630,20000833,sA-eth3,up,42215435922418,netem,11017746,8053,0,0,0,66,1,10923646,1583,0,10590972,1586,0
99,42215453143309,42215455231382,20003242,sA-eth3,up,42215454983689,netem,11018934,8071,0,0,0,66,1,11141968,1600,0,10592094,1603,0
100,42215473143511,42215475064802,20000202,sA-eth3,up,42215474828660,netem,11020122,8089,0,0,0,66,1,11379180,1618,0,10593282,1621,0
101,42215493161664,42215495098865,20018153,sA-eth3,up,42215494895503,netem,11021310,8107,0,0,0,132,2,11626594,1637,0,10594470,1639,0
102,42215513139436,42215515168099,19977772,sA-eth3,up,42215514930616,netem,11022498,8125,0,0,0,66,1,11865254,1655,0,10595658,1657,0
103,42215533145629,42215535051779,20006193,sA-eth3,up,42215534840157,netem,11023554,8141,0,0,0,66,1,12125766,1675,0,10596714,1673,0
104,42215553140160,42215555213434,19994531,sA-eth3,up,42215554994591,netem,11024610,8157,0,0,0,66,1,12387660,1694,0,10597770,1689,0
105,42215573146423,42215575086774,20006263,sA-eth3,up,42215574871362,netem,11025666,8173,0,0,0,0,0,12633560,1712,0,10598826,1705,0
106,42215593109064,42215595446801,19962641,sA-eth3,up,42215595265498,netem,11139966,8259,0,0,0,33308,2,12697130,1725,0,10708704,1724,0
107,42215613099336,42215615139239,19990272,sA-eth3,up,42215614942288,netem,11382206,8419,0,0,0,45420,3,12698318,1743,0,10956052,1742,0
108,42215633144649,42215635044220,20045313,sA-eth3,up,42215634816968,netem,11632016,8584,0,0,0,52990,4,12699374,1760,0,11196160,1760,0
109,42215653146772,42215655030442,20002123,sA-eth3,up,42215654818581,netem,11889396,8754,0,0,0,52990,4,12700628,1778,0,11429028,1778,0
110,42215673144984,42215675366339,19998212,sA-eth3,up,42215675184677,netem,12146776,8924,0,0,0,45420,3,12701882,1797,0,11676442,1797,0
111,42215693144966,42215695366991,19999982,sA-eth3,up,42215695186820,netem,12393558,9087,0,0,0,40878,3,12703070,1815,0,11913654,1815,0
112,42215713142638,42215715455204,19997672,sA-eth3,up,42215715256782,netem,12638826,9249,0,0,0,52990,4,12704324,1834,0,12161068,1834,0
113,42215733141951,42215735472196,19999313,sA-eth3,up,42215735290914,netem,12881066,9409,0,0,0,60560,4,12705512,1852,0,12399728,1852,0
114,42215753141423,42215755070904,19999472,sA-eth3,up,42215754848591,netem,13130876,9574,0,0,0,52990,4,12706634,1869,0,12622394,1869,0
115,42215773150365,42215775055027,20008942,sA-eth3,up,42215774859574,netem,13219202,9633,0,0,0,0,0,12707096,1876,0,12707288,1876,0
116,42215793146478,42215795698746,19996113,sA-eth3,up,42215795517903,netem,13220018,9645,0,0,0,66,1,12948610,1893,0,12708170,1889,0
117,42215813136990,42215815207873,19990512,sA-eth3,up,42215815036911,netem,13221140,9662,0,0,0,66,1,13181478,1911,0,12709292,1906,0
118,42215833144962,42215835082854,20007972,sA-eth3,up,42215834891131,netem,13222328,9680,0,0,0,66,1,13401248,1928,0,12710414,1923,0
119,42215853153994,42215855059016,20009032,sA-eth3,up,42215854859983,netem,13223582,9699,0,0,0,0,0,13639908,1946,0,12711668,1942,0
120,42215873147997,42215874967217,19994003,sA-eth3,up,42215874777954,netem,13224770,9717,0,0,0,66,1,13888704,1964,0,12712922,1961,0
121,42215893144928,42215895034579,19996931,sA-eth3,up,42215894827777,netem,13225892,9734,0,0,0,66,1,14130326,1983,0,12714044,1978,0
122,42215913141501,42215915138843,19996573,sA-eth3,up,42215914936430,netem,13227080,9752,0,0,0,66,1,14360298,2001,0,12715166,1995,0
123,42215933144343,42215935539030,20002842,sA-eth3,up,42215935361768,netem,13228268,9770,0,0,0,66,1,14614886,2019,0,12716354,2013,0
124,42215953141446,42215955454001,19997103,sA-eth3,up,42215955254009,netem,13229390,9787,0,0,0,0,0,14814766,2035,0,12717476,2030,0
125,42215973145967,42215975353542,20004521,sA-eth3,up,42215975153509,netem,13399180,9902,0,0,0,49962,3,14815624,2048,0,12880666,2045,0
126,42215993147860,42215995050081,20001893,sA-eth3,up,42215994856869,netem,13653532,10070,0,0,0,30280,2,14816812,2066,0,13125118,2063,0
127,42216013150153,42216015074324,20002293,sA-eth3,up,42216014850791,netem,13903342,10235,0,0,0,37850,3,14817934,2083,0,13365226,2081,0
128,42216033155405,42216035178727,20005252,sA-eth3,up,42216034892364,netem,14145582,10395,0,0,0,45420,3,14819122,2101,0,13612640,2100,0
129,42216053125806,42216055126368,19970401,sA-eth3,up,42216054871386,netem,14402962,10565,0,0,0,45420,3,14820376,2120,0,13845508,2118,0
130,42216073174259,42216075299383,20048453,sA-eth3,up,42216075077121,netem,14652772,10730,0,0,0,37850,3,14821564,2138,0,14085616,2136,0
131,42216093173702,42216095380486,19999443,sA-eth3,up,42216095133493,netem,14910152,10900,0,0,0,37850,3,14822818,2157,0,14333030,2155,0
132,42216113157713,42216115361258,19984011,sA-eth3,up,42216115067394,netem,15152392,11060,0,0,0,45510,4,14824006,2175,0,14565898,2173,0
133,42216133156635,42216135368920,19998922,sA-eth3,up,42216135121408,netem,15399264,11224,0,0,0,23224,2,14825260,2194,0,14817746,2193,0
134,42216153152828,42216155611736,19996193,sA-eth3,up,42216155367713,netem,15423280,11252,0,0,0,0,0,15047950,2211,0,14826292,2206,0
135,42216173151320,42216175803530,19998492,sA-eth3,up,42216175567727,netem,15424402,11269,0,0,0,66,1,15282266,2229,0,14827480,2224,0
136,42216193149892,42216195715211,19998572,sA-eth3,up,42216195445888,netem,15425524,11286,0,0,0,66,1,15523822,2247,0,14828602,2241,0
137,42216213146495,42216215519322,19996603,sA-eth3,up,42216215338480,netem,15426778,11305,0,0,0,66,1,15771236,2266,0,14829790,2259,0
138,42216233141657,42216235232470,19995162,sA-eth3,up,42216235036887,netem,15427966,11323,0,0,0,66,1,15996798,2283,0,14830978,2277,0
139,42216253143699,42216255164052,20002042,sA-eth3,up,42216254965780,netem,15429088,11340,0,0,0,66,1,16244212,2302,0,14832100,2294,0
140,42216273148541,42216275058693,20004842,sA-eth3,up,42216274837381,netem,15430210,11357,0,0,0,66,1,16469774,2319,0,14833288,2312,0
141,42216293146214,42216295328458,19997673,sA-eth3,up,42216295155406,netem,15431398,11375,0,0,0,66,1,16717188,2338,0,14834476,2330,0
142,42216313144127,42216315451952,19997913,sA-eth3,up,42216315283579,netem,15432586,11393,0,0,0,66,1,16933062,2355,0,14835598,2348,0
143,42216333150718,42216335436334,20006591,sA-eth3,up,42216335255162,netem,15620610,11521,0,0,0,49962,3,16933986,2369,0,15016296,2364,0
144,42216353149510,42216355052272,19998792,sA-eth3,up,42216354858859,netem,15856794,11677,0,0,0,45420,3,16935174,2387,0,15257852,2382,0
145,42216373141633,42216374940013,19992123,sA-eth3,up,42216374756491,netem,16106604,11842,0,0,0,52990,4,16936362,2405,0,15497960,2400,0
146,42216393140444,42216394933805,19998811,sA-eth3,up,42216394738343,netem,16363984,12012,0,0,0,52990,4,16937550,2423,0,15730828,2418,0
147,42216413147917,42216415000868,20007473,sA-eth3,up,42216414814656,netem,16606224,12172,0,0,0,60560,4,16938804,2442,0,15978242,2437,0
148,42216433138160,42216435088371,19990243,sA-eth3,up,42216434892299,netem,16871174,12347,0,0,0,52990,4,16939992,2460,0,16218350,2455,0
149,42216453143012,42216454941062,20004852,sA-eth3,up,42216454733500,netem,17113414,12507,0,0,0,52990,4,16941180,2478,0,16451218,2473,0
150,42216473160294,42216474952354,20017282,sA-eth3,up,42216474759502,netem,17355654,12667,0,0,0,60560,4,16942434,2497,0,16698632,2492,0
151,42216493155616,42216494969386,19995322,sA-eth3,up,42216494785295,netem,17620604,12842,0,0,0,5056,1,16943622,2515,0,16938740,2511,0
152,42216513147989,42216515403734,19992373,sA-eth3,up,42216515223412,netem,17626518,12859,0,0,0,66,1,17154728,2532,0,16944456,2524,0
153,42216533135901,42216535204464,19987912,sA-eth3,up,42216534983072,netem,17627640,12876,0,0,0,66,1,17394836,2550,0,16945644,2542,0
154,42216553144563,42216555103355,20008662,sA-eth3,up,42216554885222,netem,17628762,12893,0,0,0,66,1,17642184,2568,0,16946766,2559,0
155,42216573144625,42216575254608,20000062,sA-eth3,up,42216575079077,netem,17630016,12912,0,0,0,66,1,17889598,2587,0,16947954,2577,0
156,42216593153018,42216595565284,20008393,sA-eth3,up,42216595381953,netem,17631270,12931,0,0,0,66,1,18129706,2605,0,16949208,2596,0
157,42216613158649,42216615365474,20005631,sA-eth3,up,42216615122402,netem,17632458,12949,0,0,0,66,1,18362574,2623,0,16950396,2614,0
158,42216633149172,42216635329046,19990523,sA-eth3,up,42216635118424,netem,17633580,12966,0,0,0,66,1,18609922,2641,0,16951584,2632,0
159,42216653138084,42216655024185,19988912,sA-eth3,up,42216654825633,netem,17634702,12983,0,0,0,66,1,18844172,2658,0,16952706,2649,0
160,42216673144136,42216675135449,20006052,sA-eth3,up,42216674933627,netem,17635890,13001,0,0,0,66,1,19051226,2673,0,16953828,2666,0
161,42216693144149,42216695179201,20000013,sA-eth3,up,42216694982590,netem,17805680,13116,0,0,0,36336,2,19052084,2686,0,17117018,2681,0
162,42216713143471,42216715500087,19999322,sA-eth3,up,42216715320375,netem,18060032,13284,0,0,0,45420,3,19053272,2704,0,17361470,2699,0
163,42216733143594,42216735300617,20000123,sA-eth3,up,42216735074995,netem,18309842,13449,0,0,0,37850,3,19054460,2722,0,17601578,2717,0
164,42216753143355,42216755338170,19999761,sA-eth3,up,42216755159468,netem,18552082,13609,0,0,0,45420,3,19055648,2740,0,17848992,2736,0
165,42216773138347,42216775181340,19994992,sA-eth3,up,42216774952178,netem,18809462,13779,0,0,0,30280,2,19056902,2759,0,18081860,2754,0
166,42216793132730,42216795064082,19994383,sA-eth3,up,42216794850760,netem,19044132,13934,0,0,0,52990,4,19058090,2777,0,18321968,2772,0
167,42216813138603,42216815090853,20005873,sA-eth3,up,42216814877862,netem,19301512,14104,0,0,0,45420,3,19059278,2795,0,18554836,2790,0
168,42216833135124,42216835551621,19996521,sA-eth3,up,42216835370919,netem,19558892,14274,0,0,0,42392,3,19060532,2814,0,18802250,2809,0
169,42216853136537,42216855190569,20001413,sA-eth3,up,42216855020318,netem,19796590,14431,0,0,0,32308,2,19061720,2832,0,19048150,2827,0
170,42216873181870,42216875216512,20045333,sA-eth3,up,42216874986290,netem,19828898,14453,0,0,0,0,0,19061786,2833,0,19061696,2828,0
171,42216893139631,42216895650920,19957761,sA-eth3,up,42216895472747,netem,19829714,14465,0,0,0,78,1,19264138,2849,0,19062590,2841,0
172,42216913140543,42216915158805,20000912,sA-eth3,up,42216914956255,netem,19830972,14482,0,0,0,78,1,19454948,2866,0,19063770,2858,0
173,42216933139356,42216935335700,19998813,sA-eth3,up,42216935162778,netem,19832196,14498,0,0,0,0,0,19644178,2881,0,19064994,2873,0
174,42216953153508,42216955042219,20014152,sA-eth3,up,42216954835417,netem,19833074,14509,0,0,0,0,0,19749028,2890,0,19065872,2884,0
175,42216973147220,42216974948981,19993712,sA-eth3,up,42216974767178,netem,19834070,14523,0,0,0,66,1,19913708,2906,0,19066934,2899,0
176,42216993141733,42216994990132,19994513,sA-eth3,up,42216994798471,netem,19835196,14538,0,0,0,78,1,20120446,2923,0,19067994,2913,0
177,42217013146645,42217015059635,20004912,sA-eth3,up,42217014857634,netem,19836342,14553,0,0,0,78,1,20284994,2937,0,19069140,2929,0
178,42217033142368,42217035447133,19995723,sA-eth3,up,42217035279961,netem,19837374,14565,0,0,0,0,0,20446646,2951,0,19070172,2940,0
179,42217053143419,42217055423434,20001051,sA-eth3,up,42217055249583,netem,19838572,14580,0,0,0,78,1,20622910,2967,0,19071448,2956,0
180,42217073164292,42217075662739,20020873,sA-eth3,up,42217075401826,netem,20051682,14735,0,0,0,24224,2,20779430,2991,0,19283536,2986,0
181,42217093148364,42217095099206,19984072,sA-eth3,up,42217094900294,netem,20297734,14907,0,0,0,34822,3,20882440,3016,0,19512712,3012,0
182,42217113139816,42217114941746,19991452,sA-eth3,up,42217114750274,netem,20537556,15072,0,0,0,66826,7,20979592,3040,0,19743228,3036,0
183,42217133141399,42217134938968,20001583,sA-eth3,up,42217134741446,netem,20789680,15248,0,0,0,87992,8,21059038,3059,0,19985518,3063,0
184,42217153143361,42217154989691,20001962,sA-eth3,up,42217154809549,netem,21035778,15419,0,0,0,95804,12,21163680,3080,0,20222112,3090,0
185,42217173117102,42217175455599,19973741,sA-eth3,up,42217175269187,netem,21289104,15592,0,0,0,66616,4,21176188,3094,0,20481664,3116,0
186,42217193145435,42217195066177,20028333,sA-eth3,up,42217194838184,netem,21543456,15760,0,0,0,68130,5,21177046,3107,0,20710122,3133,0
187,42217213140187,42217214997537,19994752,sA-eth3,up,42217214780576,netem,21782668,15918,0,0,0,84784,6,21177970,3121,0,20956022,3151,0
188,42217233143890,42217234986140,20003703,sA-eth3,up,42217234801038,netem,22036020,16086,0,0,0,0,0,21178630,3131,0,21183480,3168,0
189,42217253140932,42217255524688,19997042,sA-eth3,up,42217255339346,netem,22036664,16094,0,0,0,78,1,21267642,3141,0,21184124,3176,0
190,42217273136544,42217275414509,19995612,sA-eth3,up,42217275237678,netem,22037636,16106,0,0,0,0,0,21398754,3153,0,21185096,3188,0
191,42217293140597,42217295470972,20004053,sA-eth3,up,42217295297551,netem,22038380,16116,0,0,0,0,0,21553298,3169,0,21185840,3198,0
192,42217313143899,42217315221022,20003302,sA-eth3,up,42217314977599,netem,22038788,16122,0,0,0,0,0,21618854,3175,0,21186248,3204,0
193,42217333146081,42217335469207,20002182,sA-eth3,up,42217335288355,netem,22039038,16125,0,0,0,0,0,21630504,3176,0,21186498,3207,0
194,42217353148413,42217355339938,20002332,sA-eth3,up,42217355152356,netem,22039038,16125,0,0,0,0,0,21630504,3176,0,21186498,3207,0
195,42217373143236,42217375125788,19994823,sA-eth3,up,42217374938736,netem,22039038,16125,0,0,0,0,0,21630504,3176,0,21186498,3207,0
196,42217393142397,42217395111229,19999161,sA-eth3,up,42217394916518,netem,22039038,16125,0,0,0,0,0,21630504,3176,0,21186498,3207,0
197,42217413139260,42217415038641,19996863,sA-eth3,up,42217414838099,netem,22039038,16125,0,0,0,0,0,21630504,3176,0,21186498,3207,0
198,42217433141162,42217435075244,20001902,sA-eth3,up,42217434866872,netem,22039038,16125,0,0,0,0,0,21630504,3176,0,21186498,3207,0
199,42217453159855,42217455152277,20018693,sA-eth3,up,42217454936135,netem,22039038,16125,0,0,0,0,0,21630504,3176,0,21186498,3207,0
200,42217473141806,42217475072258,19981951,sA-eth3,up,42217474861505,netem,22039038,16125,0,0,0,0,0,21630504,3176,0,21186498,3207,0
201,42217493147459,42217495640416,20005653,sA-eth3,up,42217495454604,netem,22039038,16125,0,0,0,0,0,21630504,3176,0,21186498,3207,0
202,42217513141211,42217515276185,19993752,sA-eth3,up,42217515085783,netem,22039038,16125,0,0,0,0,0,21630504,3176,0,21186498,3207,0
203,42217533142673,42217535178827,20001462,sA-eth3,up,42217534983634,netem,22123912,16182,0,0,0,33308,2,21630702,3179,0,21284066,3215,0
204,42217553145766,42217555092347,20003093,sA-eth3,up,42217554888715,netem,22373722,16347,0,0,0,37850,3,21631164,3186,0,21522726,3233,0
205,42217573138318,42217575073790,19992552,sA-eth3,up,42217574877327,netem,22413086,16373,0,0,0,0,0,21631164,3186,0,21546092,3236,0
206,42217593163651,42217595112343,20025333,sA-eth3,up,42217594906520,netem,22479702,16417,0,0,0,30280,2,21631230,3187,0,21610134,3241,0
207,42217613148822,42217615102444,19985171,sA-eth3,up,42217614831401,netem,22578112,16482,0,0,0,0,0,21631230,3187,0,21704716,3248,0
208,42217633140045,42217634998986,19991223,sA-eth3,up,42217634782223,netem,22585474,16487,0,0,0,0,0,21631296,3188,0,21711814,3249,0
209,42217653166077,42217655122019,20026032,sA-eth3,up,42217654906197,netem,22585474,16487,0,0,0,0,0,21631296,3188,0,21711814,3249,0
210,42217673157360,42217675113742,19991283,sA-eth3,up,42217674905169,netem,22585474,16487,0,0,0,0,0,21631296,3188,0,21711814,3249,0
211,42217693141471,42217695466448,19984111,sA-eth3,up,42217695286115,netem,22585474,16487,0,0,0,0,0,21631296,3188,0,21711814,3249,0
212,42217713142504,42217715739262,20001033,sA-eth3,up,42217715552751,netem,22585474,16487,0,0,0,0,0,21631296,3188,0,21711814,3249,0
213,42217733141576,42217735629644,19999072,sA-eth3,up,42217735437972,netem,22585474,16487,0,0,0,0,0,21631296,3188,0,21711814,3249,0
214,42217753148658,42217755515775,20007082,sA-eth3,up,42217755338532,netem,22585474,16487,0,0,0,0,0,21631296,3188,0,21711814,3249,0
215,42217773146860,42217775154973,19998202,sA-eth3,up,42217774958020,netem,22585474,16487,0,0,0,0,0,21631296,3188,0,21711814,3249,0
216,42217793143273,42217795320207,19996413,sA-eth3,up,42217795152635,netem,22585474,16487,0,0,0,0,0,21631296,3188,0,21711814,3249,0
217,42217813135135,42217815433431,19991862,sA-eth3,up,42217815265589,netem,22585474,16487,0,0,0,0,0,21631296,3188,0,21711814,3249,0
218,42217833136147,42217835564594,20001012,sA-eth3,up,42217835398142,netem,22585474,16487,0,0,0,0,0,21631296,3188,0,21711814,3249,0
219,42217853139469,42217855447685,20003322,sA-eth3,up,42217855280274,netem,22585540,16488,0,0,0,0,0,21631362,3189,0,21711880,3250,0
220,42217873144662,42217875478637,20005193,sA-eth3,up,42217875308955,netem,22585540,16488,0,0,0,0,0,21631362,3189,0,21711880,3250,0
221,42217893140953,42217894952574,19996291,sA-eth3,up,42217894767452,netem,22585540,16488,0,0,0,0,0,21631362,3189,0,21711880,3250,0
222,42217913134646,42217914923196,19993693,sA-eth3,up,42217914745544,netem,22585540,16488,0,0,0,0,0,21631362,3189,0,21711880,3250,0
223,42217933139438,42217935039599,20004792,sA-eth3,up,42217934828838,netem,22585540,16488,0,0,0,0,0,21631362,3189,0,21711880,3250,0
224,42217953145501,42217954990241,20006063,sA-eth3,up,42217954803979,netem,22585790,16491,0,0,0,0,0,21649068,3194,0,21712130,3253,0
225,42217973142903,42217975022684,19997402,sA-eth3,up,42217974827692,netem,22586650,16501,0,0,0,0,0,21681518,3203,0,21712990,3263,0
226,42217993150535,42217995057517,20007632,sA-eth3,up,42217994835874,netem,22587348,16510,0,0,0,78,1,21729962,3213,0,21713766,3273,0
227,42218013147248,42218015094900,19996713,sA-eth3,up,42218014901207,netem,22588474,16525,0,0,0,156,2,21839618,3229,0,21714892,3288,0
228,42218033140779,42218034993911,19993531,sA-eth3,up,42218034818398,netem,22771256,16656,0,0,0,30452,4,21924856,3248,0,21890534,3311,0
229,42218053140472,42218054947322,19999693,sA-eth3,up,42218054756230,netem,23014394,16827,0,0,0,30436,4,22058208,3272,0,22124300,3340,0
230,42218073136264,42218075049526,19995792,sA-eth3,up,42218074858224,netem,23269744,17008,0,0,0,51710,7,22177146,3297,0,22369750,3371,0
231,42218093145457,42218095040717,20009193,sA-eth3,up,42218094831725,netem,23513038,17181,0,0,0,82152,12,22326954,3329,0,22616770,3403,0
232,42218113172769,42218115165081,20027312,sA-eth3,up,42218114928498,netem,23766848,17362,0,0,0,95554,8,22441614,3355,0,22847648,3434,0
233,42218133145451,42218135347296,19972682,sA-eth3,up,42218135176033,netem,24021958,17539,0,0,0,126092,13,22523956,3374,0,23092792,3460,0
234,42218153143954,42218154961724,19998503,sA-eth3,up,42218154783531,netem,24241570,17697,0,0,0,94,1,22609392,3396,0,23303758,3487,0
235,42218173140455,42218175060347,19996501,sA-eth3,up,42218174870615,netem,24242818,17711,0,0,0,78,1,22727670,3411,0,23305084,3502,0
236,42218193139178,42218194937137,19998723,sA-eth3,up,42218194763426,netem,24244012,17728,0,0,0,0,0,22885110,3427,0,23306200,3518,0
237,42218213134340,42218215064942,19995162,sA-eth3,up,42218214875220,netem,24244948,17740,0,0,0,0,0,22976994,3437,0,23307136,3530,0
238,42218233144533,42218234936942,20010193,sA-eth3,up,42218234751810,netem,24244948,17740,0,0,0,0,0,22976994,3437,0,23307136,3530,0
239,42218253140304,42218254938315,19995771,sA-eth3,up,42218254757453,netem,24244948,17740,0,0,0,0,0,22976994,3437,0,23307136,3530,0
240,42218273142347,42218275068249,20002043,sA-eth3,up,42218274863546,netem,24244948,17740,0,0,0,0,0,22976994,3437,0,23307136,3530,0
241,42218293132939,42218294963959,19990592,sA-eth3,up,42218294787057,netem,24244948,17740,0,0,0,0,0,22976994,3437,0,23307136,3530,0
242,42218313137142,42218314883920,20004203,sA-eth3,up,42218314710139,netem,24244948,17740,0,0,0,0,0,22976994,3437,0,23307136,3530,0
243,42218333141723,42218335042975,20004581,sA-eth3,up,42218334856473,netem,24244948,17740,0,0,0,0,0,22976994,3437,0,23307136,3530,0
244,42218353163506,42218355032417,20021783,sA-eth3,up,42218354830014,netem,24244948,17740,0,0,0,0,0,22976994,3437,0,23307136,3530,0
245,42218373150909,42218374941718,19987403,sA-eth3,up,42218374760766,netem,24244948,17740,0,0,0,0,0,22976994,3437,0,23307136,3530,0
246,42218393145420,42218395534567,19994511,sA-eth3,up,42218395362405,netem,24244948,17740,0,0,0,0,0,22976994,3437,0,23307136,3530,0
247,42218413134863,42218414975182,19989443,sA-eth3,up,42218414798151,netem,24244948,17740,0,0,0,0,0,22976994,3437,0,23307136,3530,0
248,42218433156165,42218435049956,20021302,sA-eth3,up,42218434835984,netem,24245182,17743,0,0,0,0,0,22990356,3442,0,23307370,3533,0
249,42218453137368,42218455033988,19981203,sA-eth3,up,42218454810006,netem,24246086,17755,0,0,0,0,0,23036036,3454,0,23308274,3545,0
250,42218473150469,42218475024450,20013101,sA-eth3,up,42218474810868,netem,24246870,17765,0,0,0,86,1,23122062,3463,0,23309144,3556,0
251,42218493138352,42218494968032,19987883,sA-eth3,up,42218494783491,netem,24247994,17779,0,0,0,0,0,23253438,3479,0,23310182,3569,0
252,42218513158594,42218515085895,20020242,sA-eth3,up,42218514885594,netem,24248684,17788,0,0,0,86,1,23319126,3487,0,23310872,3578,0
253,42218533137146,42218535304320,19978552,sA-eth3,up,42218535128718,netem,24249422,17797,0,0,0,0,0,23390804,3498,0,23311610,3587,0
254,42218553141868,42218555475835,20004722,sA-eth3,up,42218555262872,netem,24249722,17801,0,0,0,0,0,23456492,3506,0,23311910,3591,0
255,42218573143931,42218574972901,20002063,sA-eth3,up,42218574762099,netem,24249722,17801,0,0,0,0,0,23458006,3507,0,23311910,3591,0
256,42218593159514,42218595288387,20015583,sA-eth3,up,42218595082304,netem,24250022,17805,0,0,0,66,1,23501842,3513,0,23312276,3596,0
257,42218613141005,42218614987496,19981491,sA-eth3,up,42218614805464,netem,24250866,17817,0,0,0,66,1,23580694,3523,0,23313054,3607,0
258,42218633137487,42218634914567,19996482,sA-eth3,up,42218634733805,netem,24251570,17827,0,0,0,0,0,23650792,3532,0,23313758,3617,0
259,42218653140180,42218654948340,20002693,sA-eth3,up,42218654764948,netem,24252104,17834,0,0,0,0,0,23703316,3538,0,23314292,3624,0
260,42218673139842,42218675021173,19999662,sA-eth3,up,42218674822830,netem,24252692,17842,0,0,0,0,0,23785196,3550,0,23314880,3632,0
261,42218693142884,42218694980945,20003042,sA-eth3,up,42218694795763,netem,24253376,17852,0,0,0,78,1,23859638,3559,0,23315642,3643,0
262,42218713137207,42218715447692,19994323,sA-eth3,up,42218715269020,netem,24253964,17860,0,0,0,0,0,23920982,3567,0,23316152,3650,0
263,42218733134698,42218735145821,19997491,sA-eth3,up,42218734961549,netem,24254492,17868,0,0,0,66,1,23999768,3576,0,23316746,3659,0
264,42218753139621,42218755229374,20004923,sA-eth3,up,42218755059102,netem,24255224,17878,0,0,0,66,1,24069866,3585,0,23317478,3669,0
265,42218773144383,42218775295877,20004762,sA-eth3,up,42218775122565,netem,24255932,17888,0,0,0,66,1,24161816,3596,0,23318120,3678,0
266,42218793150476,42218795307739,20006093,sA-eth3,up,42218795132188,netem,24256586,17897,0,0,0,78,1,24236258,3605,0,23318774,3687,0
267,42218813143077,42218815235171,19992601,sA-eth3,up,42218815067579,netem,24257354,17907,0,0,0,78,1,24315110,3615,0,23319620,3698,0
268,42218833134900,42218835316184,19991823,sA-eth3,up,42218835150392,netem,24258106,17917,0,0,0,0,0,24376520,3624,0,23320294,3707,0
269,42218853143262,42218855427668,20008362,sA-eth3,up,42218855227035,netem,24258922,17929,0,0,0,0,0,24481634,3637,0,23321110,3719,0
270,42218873138855,42218875195107,19995593,sA-eth3,up,42218875023935,netem,24259708,17940,0,0,0,0,0,24563382,3647,0,23321896,3730,0
271,42218893139477,42218895651324,20000622,sA-eth3,up,42218895470813,netem,24260556,17950,0,0,0,33472,4,24649540,3658,0,23322744,3740,0
272,42218913140999,42218915230442,20001522,sA-eth3,up,42218915062481,netem,24499152,18118,0,0,0,49962,3,24706016,3680,0,23568094,3769,0
273,42218933138092,42218935322836,19997093,sA-eth3,up,42218935155414,netem,24755756,18296,0,0,0,66748,6,24797508,3706,0,23798804,3796,0
274,42218953141993,42218955323808,20003901,sA-eth3,up,42218955061815,netem,25007578,18469,0,0,0,71338,7,24848126,3727,0,24040792,3820,0
275,42218973150576,42218975184138,20008583,sA-eth3,up,42218974992687,netem,25250512,18638,0,0,0,95514,8,24916252,3750,0,24290348,3848,0
276,42218993146628,42218995181981,19996052,sA-eth3,up,42218994994918,netem,25507344,18820,0,0,0,84870,7,25003268,3774,0,24521220,3878,0
277,42219013149751,42219015159753,20003123,sA-eth3,up,42219014948060,netem,25762244,18994,0,0,0,85066,9,25033680,3796,0,24766154,3901,0
278,42219033139812,42219035197125,19990061,sA-eth3,up,42219035020214,netem,26002090,19159,0,0,0,85006,9,25080020,3818,0,25012700,3926,0
279,42219053136465,42219054931404,19996653,sA-eth3,up,42219054743483,netem,26258700,19338,0,0,0,84850,7,25120304,3836,0,25243272,3952,0
280,42219073135427,42219074990717,19998962,sA-eth3,up,42219074804675,netem,26459818,19481,0,0,0,66,1,25176850,3859,0,25436536,3976,0
281,42219093144719,42219095097150,20009292,sA-eth3,up,42219094828258,netem,26460370,19489,0,0,0,66,1,25235298,3867,0,25437154,3985,0
282,42219113143331,42219115144544,19998612,sA-eth3,up,42219114951231,netem,26460964,19498,0,0,0,0,0,25286440,3874,0,25437682,3993,0
283,42219133156654,42219135123836,20013323,sA-eth3,up,42219134867953,netem,26461524,19506,0,0,0,66,1,25337582,3881,0,25438242,4001,0
284,42219153160607,42219155044107,20003953,sA-eth3,up,42219154839065,netem,26461956,19512,0,0,0,66,1,25381418,3887,0,25438674,4007,0
285,42219173138458,42219175576325,19977851,sA-eth3,up,42219175392933,netem,26462466,19519,0,0,0,0,0,25423278,3893,0,25439184,4014,0
286,42219193147320,42219195081352,20008862,sA-eth3,up,42219194877760,netem,26462466,19519,0,0,0,0,0,25423278,3893,0,25439184,4014,0
287,42219213141503,42219214956403,19994183,sA-eth3,up,42219214770120,netem,26462466,19519,0,0,0,0,0,25423278,3893,0,25439184,4014,0
288,42219233140376,42219234966476,19998873,sA-eth3,up,42219234767293,netem,26462466,19519,0,0,0,0,0,25423278,3893,0,25439184,4014,0
289,42219253155107,42219255362752,20014731,sA-eth3,up,42219255186830,netem,26462466,19519,0,0,0,0,0,25423278,3893,0,25439184,4014,0
290,42219273147180,42219275241613,19992073,sA-eth3,up,42219275048631,netem,26462466,19519,0,0,0,0,0,25423278,3893,0,25439184,4014,0
291,42219293161002,42219295233925,20013822,sA-eth3,up,42219295046083,netem,26462466,19519,0,0,0,0,0,25423278,3893,0,25439184,4014,0
292,42219313147224,42219314945534,19986222,sA-eth3,up,42219314753742,netem,26462466,19519,0,0,0,0,0,25423278,3893,0,25439184,4014,0
293,42219333140756,42219334939976,19993532,sA-eth3,up,42219334753275,netem,26462466,19519,0,0,0,0,0,25423278,3893,0,25439184,4014,0
294,42219353430312,42219355949009,20289556,sA-eth3,up,42219355747507,netem,26462466,19519,0,0,0,0,0,25423278,3893,0,25439184,4014,0
295,42219373139271,42219375299254,19708959,sA-eth3,up,42219375123613,netem,26463028,19526,0,0,0,0,0,25446932,3900,0,25439746,4021,0
296,42219393145943,42219395053964,20006672,sA-eth3,up,42219394854712,netem,26463550,19533,0,0,0,78,1,25489452,3908,0,25440268,4028,0
297,42219413147325,42219415126297,20001382,sA-eth3,up,42219414937125,netem,26463994,19539,0,0,0,0,0,25525982,3913,0,25440712,4034,0
298,42219433146848,42219435486493,19999523,sA-eth3,up,42219435311671,netem,26463994,19539,0,0,0,0,0,25525982,3913,0,25440712,4034,0
299,42219453148439,42219455142271,20001591,sA-eth3,up,42219454936640,netem,26463994,19539,0,0,0,0,0,25525982,3913,0,25440712,4034,0
300,42219473155082,42219475106114,20006643,sA-eth3,up,42219474905921,netem,26463994,19539,0,0,0,0,0,25525982,3913,0,25440712,4034,0
301,42219493153694,42219495066716,19998612,sA-eth3,up,42219494854753,netem,26463994,19539,0,0,0,0,0,25525982,3913,0,25440712,4034,0
302,42219513151747,42219515000757,19998053,sA-eth3,up,42219514811015,netem,26463994,19539,0,0,0,0,0,25525982,3913,0,25440712,4034,0
303,42219533139389,42219535614386,19987642,sA-eth3,up,42219535422474,netem,26463994,19539,0,0,0,15230,2,25525982,3913,0,25440712,4034,0
304,42219553152471,42219555213714,20013082,sA-eth3,up,42219555041323,netem,26698754,19695,0,0,0,30280,2,25526774,3925,0,25666364,4052,0
305,42219573161434,42219575530719,20008963,sA-eth3,up,42219575343148,netem,26812304,19770,0,0,0,0,0,25526774,3925,0,25775492,4060,0
306,42219593139905,42219595101227,19978471,sA-eth3,up,42219594900296,netem,26818360,19774,0,0,0,0,0,25526774,3925,0,25781350,4061,0
307,42219613144038,42219615350303,20004133,sA-eth3,up,42219615173640,netem,27024264,19910,0,0,0,15140,1,25526840,3926,0,25979334,4077,0
308,42219633142440,42219634925190,19998402,sA-eth3,up,42219634740598,netem,27039680,19924,0,0,0,0,0,25548890,3931,0,25994156,4082,0
309,42219653139483,42219654937322,19997043,sA-eth3,up,42219654753440,netem,27191722,20033,0,0,0,30280,2,25614710,3941,0,26140324,4102,0
310,42219673145764,42219674934175,20006281,sA-eth3,up,42219674755963,netem,27343566,20139,0,0,0,78,1,25665852,3948,0,26286294,4119,0
311,42219693141667,42219695022538,19995903,sA-eth3,up,42219694820006,netem,27435006,20207,0,0,0,68196,5,25717126,3957,0,26391678,4135,0
312,42219713142539,42219715460665,20000872,sA-eth3,up,42219715277253,netem,27694512,20386,0,0,0,50118,5,25772744,3966,0,26636478,4157,0
313,42219733154471,42219735001052,20011932,sA-eth3,up,42219734807560,netem,27869534,20513,0,0,0,24224,2,25837182,3977,0,26803386,4183,0
314,42219753152004,42219755022755,19997533,sA-eth3,up,42219754820922,netem,28062428,20648,0,0,0,12178,2,25891484,3988,0,26977370,4207,0
315,42219773149106,42219775060968,19997102,sA-eth3,up,42219774862725,netem,28300668,20812,0,0,0,22796,3,25931174,3997,0,27206370,4231,0
316,42219793145738,42219794981299,19996632,sA-eth3,up,42219794797456,netem,28543768,20984,0,0,0,30358,3,25999956,4008,0,27454644,4262,0
317,42219813146770,42219814954881,20001032,sA-eth3,up,42219814765868,netem,28663126,21073,0,0,0,0,0,26061432,4018,0,27554836,4280,0
318,42219833139542,42219835336037,19992772,sA-eth3,up,42219835171515,netem,28663858,21083,0,0,0,0,0,26120078,4029,0,27555568,4290,0
319,42219853148085,42219855062236,20008543,sA-eth3,up,42219854871504,netem,28664500,21092,0,0,0,0,0,26168456,4038,0,27556210,4299,0
320,42219873144428,42219875092688,19996343,sA-eth3,up,42219874886007,netem,28664758,21095,0,0,0,86,1,26191888,4042,0,27556468,4302,0
321,42219893148419,42219894946770,20003991,sA-eth3,up,42219894766437,netem,28664844,21096,0,0,0,0,0,26191888,4042,0,27556554,4303,0
322,42219913148602,42219915432477,20000183,sA-eth3,up,42219915266776,netem,28664844,21096,0,0,0,0,0,26191888,4042,0,27556554,4303,0
323,42219933150124,42219935167387,20001522,sA-eth3,up,42219934973374,netem,28664844,21096,0,0,0,0,0,26191888,4042,0,27556554,4303,0
324,42219953152196,42219955093058,20002072,sA-eth3,up,42219954897125,netem,28664844,21096,0,0,0,0,0,26191888,4042,0,27556554,4303,0
325,42219973146618,42219975069670,19994422,sA-eth3,up,42219974868357,netem,28664844,21096,0,0,0,0,0,26191888,4042,0,27556554,4303,0
326,42219993148341,42219995372166,20001723,sA-eth3,up,42219995205543,netem,28664844,21096,0,0,0,0,0,26191888,4042,0,27556554,4303,0
327,42220013143103,42220015440458,19994762,sA-eth3,up,42220015266616,netem,28664844,21096,0,0,0,0,0,26191888,4042,0,27556554,4303,0
328,42220033150445,42220035081956,20007342,sA-eth3,up,42220034885134,netem,28664844,21096,0,0,0,0,0,26191888,4042,0,27556554,4303,0
329,42220053144147,42220054956407,19993702,sA-eth3,up,42220054768346,netem,28664844,21096,0,0,0,0,0,26191888,4042,0,27556554,4303,0
330,42220073147570,42220074973750,20003423,sA-eth3,up,42220074789498,netem,28664844,21096,0,0,0,0,0,26191888,4042,0,27556554,4303,0
331,42220093158882,42220094986513,20011312,sA-eth3,up,42220094798190,netem,28664914,21097,0,0,0,0,0,26191888,4042,0,27556624,4304,0
332,42220113155824,42220115055016,19996942,sA-eth3,up,42220114862143,netem,28664914,21097,0,0,0,0,0,26191888,4042,0,27556624,4304,0
333,42220133149206,42220134951717,19993382,sA-eth3,up,42220134771925,netem,28664914,21097,0,0,0,0,0,26191888,4042,0,27556624,4304,0
334,42220153145959,42220154922379,19996753,sA-eth3,up,42220154745297,netem,28664914,21097,0,0,0,0,0,26191888,4042,0,27556624,4304,0
335,42220173151442,42220174969631,20005483,sA-eth3,up,42220174788680,netem,28664914,21097,0,0,0,0,0,26191888,4042,0,27556624,4304,0
336,42220193156044,42220195068165,20004602,sA-eth3,up,42220194868703,netem,28664914,21097,0,0,0,0,0,26191888,4042,0,27556624,4304,0
337,42220213143276,42220215072608,19987232,sA-eth3,up,42220214877815,netem,28664914,21097,0,0,0,0,0,26191888,4042,0,27556624,4304,0
338,42220233145308,42220234946068,20002032,sA-eth3,up,42220234763356,netem,28664914,21097,0,0,0,0,0,26191888,4042,0,27556624,4304,0
339,42220253151030,42220254965651,20005722,sA-eth3,up,42220254787379,netem,28664914,21097,0,0,0,0,0,26191888,4042,0,27556624,4304,0
340,42220273156453,42220275110144,20005423,sA-eth3,up,42220274896702,netem,28664914,21097,0,0,0,0,0,26191888,4042,0,27556624,4304,0
341,42220293149555,42220295384320,19993102,sA-eth3,up,42220295213738,netem,28664914,21097,0,0,0,0,0,26191888,4042,0,27556624,4304,0
342,42220313143317,42220314911297,19993762,sA-eth3,up,42220314727344,netem,28664914,21097,0,0,0,0,0,26191888,4042,0,27556624,4304,0
343,42220333146059,42220335099181,20002742,sA-eth3,up,42220334884419,netem,28664914,21097,0,0,0,0,0,26191888,4042,0,27556624,4304,0
344,42220353158131,42220354991661,20012072,sA-eth3,up,42220354798220,netem,28664914,21097,0,0,0,0,0,26191888,4042,0,27556624,4304,0
345,42220373154944,42220375019924,19996813,sA-eth3,up,42220374816772,netem,28664914,21097,0,0,0,0,0,26191888,4042,0,27556624,4304,0
346,42220393141255,42220395421262,19986311,sA-eth3,up,42220395249460,netem,28664914,21097,0,0,0,0,0,26191888,4042,0,27556624,4304,0
347,42220413144558,42220415158860,20003303,sA-eth3,up,42220414968178,netem,28664914,21097,0,0,0,0,0,26191888,4042,0,27556624,4304,0
348,42220433148620,42220434990261,20004062,sA-eth3,up,42220434799479,netem,28664914,21097,0,0,0,0,0,26191888,4042,0,27556624,4304,0
349,42220453147593,42220454970133,19998973,sA-eth3,up,42220454788051,netem,28664914,21097,0,0,0,0,0,26191888,4042,0,27556624,4304,0
350,42220473151015,42220475187478,20003422,sA-eth3,up,42220474948565,netem,28664914,21097,0,0,0,0,0,26191888,4042,0,27556624,4304,0
351,42220493144267,42220495083719,19993252,sA-eth3,up,42220494888697,netem,28664914,21097,0,0,0,0,0,26191888,4042,0,27556624,4304,0
352,42220513147110,42220515483826,20002843,sA-eth3,up,42220515306673,netem,28665592,21106,0,0,0,66,1,26228814,4053,0,27557368,4314,0
353,42220533150422,42220535076823,20003312,sA-eth3,up,42220534873620,netem,28666122,21113,0,0,0,0,0,26263962,4059,0,27557832,4320,0
354,42220553147444,42220555247017,19997022,sA-eth3,up,42220555069055,netem,28666614,21119,0,0,0,86,1,26300624,4066,0,27558410,4327,0
355,42220573144427,42220575163158,19996983,sA-eth3,up,42220574958156,netem,28667114,21125,0,0,0,0,0,26329914,4071,0,27558824,4332,0
356,42220593141499,42220595052099,19997072,sA-eth3,up,42220594858257,netem,28667718,21133,0,0,0,0,0,26368090,4079,0,27559428,4340,0
357,42220613148620,42220615089172,20007121,sA-eth3,up,42220614901220,netem,28668412,21142,0,0,0,0,0,26397644,4088,0,27560122,4349,0
358,42220633136393,42220635079445,19987773,sA-eth3,up,42220634884682,netem,28669066,21151,0,0,0,0,0,26438716,4096,0,27560776,4358,0
359,42220653152465,42220655141238,20016072,sA-eth3,up,42220654930915,netem,28669538,21157,0,0,0,78,1,26487094,4105,0,27561326,4365,0
360,42220673157577,42220675097809,20005112,sA-eth3,up,42220674899256,netem,28670336,21168,0,0,0,0,0,26535472,4114,0,27562046,4375,0
361,42220693147680,42220695124752,19990103,sA-eth3,up,42220694919679,netem,28670930,21177,0,0,0,0,0,26582336,4122,0,27562640,4384,0
362,42220713146362,42220715048312,19998682,sA-eth3,up,42220714838311,netem,28671500,21184,0,0,0,86,1,26623474,4131,0,27563210,4391,0
363,42220733160815,42220735000645,20014453,sA-eth3,up,42220734802072,netem,28671874,21189,0,0,0,0,0,26642496,4134,0,27563584,4396,0
364,42220753145256,42220754977037,19984441,sA-eth3,up,42220754783935,netem,28671874,21189,0,0,0,0,0,26642496,4134,0,27563584,4396,0
365,42220773155059,42220775000099,20009803,sA-eth3,up,42220774815708,netem,28671874,21189,0,0,0,0,0,26642496,4134,0,27563584,4396,0
366,42220793147201,42220795046441,19992142,sA-eth3,up,42220794837550,netem,28671874,21189,0,0,0,0,0,26642496,4134,0,27563584,4396,0
367,42220813146643,42220815001314,19999442,sA-eth3,up,42220814786681,netem,28671874,21189,0,0,0,0,0,26642496,4134,0,27563584,4396,0
368,42220833152905,42220835000946,20006262,sA-eth3,up,42220834804804,netem,28671874,21189,0,0,0,0,0,26642496,4134,0,27563584,4396,0
369,42220853152008,42220854990898,19999103,sA-eth3,up,42220854808897,netem,28671874,21189,0,0,0,0,0,26642496,4134,0,27563584,4396,0
370,42220873150251,42220875067551,19998243,sA-eth3,up,42220874871649,netem,28671874,21189,0,0,0,0,0,26642496,4134,0,27563584,4396,0
371,42220893149222,42220895030713,19998971,sA-eth3,up,42220894805150,netem,28671874,21189,0,0,0,0,0,26642496,4134,0,27563584,4396,0
372,42220913149114,42220915325469,19999892,sA-eth3,up,42220915156127,netem,28671874,21189,0,0,0,0,0,26642496,4134,0,27563584,4396,0
373,42220933149557,42220934991507,20000443,sA-eth3,up,42220934815265,netem,28671952,21190,0,0,0,0,0,26644010,4135,0,27563662,4397,0
374,42220953145379,42220954988490,19995822,sA-eth3,up,42220954808828,netem,28672474,21197,0,0,0,0,0,26676460,4144,0,27564184,4404,0
375,42220973144221,42220975045362,19998842,sA-eth3,up,42220974852400,netem,28673338,21209,0,0,0,66,1,26751100,4156,0,27565048,4416,0
376,42220993145704,42220994966964,20001483,sA-eth3,up,42220994783931,netem,28674178,21221,0,0,0,0,0,26824292,4168,0,27565888,4428,0
377,42221013149716,42221014927326,20004012,sA-eth3,up,42221014750614,netem,28674898,21231,0,0,0,78,1,26900248,4178,0,27566686,4439,0
378,42221033151278,42221035031359,20001562,sA-eth3,up,42221034828617,netem,28675726,21241,0,0,0,78,1,26976270,4189,0,27567436,4448,0
379,42221053145970,42221054938510,19994692,sA-eth3,up,42221054755148,netem,28676392,21250,0,0,0,0,0,27031888,4198,0,27568102,4457,0
380,42221073145213,42221074991403,19999243,sA-eth3,up,42221074810681,netem,28677268,21262,0,0,0,0,0,27113702,4209,0,27568978,4469,0
381,42221093146144,42221094928365,20000931,sA-eth3,up,42221094745463,netem,28677880,21270,0,0,0,0,0,27164910,4217,0,27569590,4477,0
382,42221113153097,42221114984877,20006953,sA-eth3,up,42221114798686,netem,28678278,21275,0,0,0,0,0,27201440,4222,0,27569988,4482,0
383,42221133146930,42221135441135,19993833,sA-eth3,up,42221135273702,netem,28678948,21284,0,0,0,66,1,27265812,4232,0,27570658,4491,0
384,42221153138851,42221154910120,19991921,sA-eth3,up,42221154733579,netem,28679368,21290,0,0,0,0,0,27296550,4237,0,27571078,4497,0
385,42221173147113,42221175539290,20008262,sA-eth3,up,42221175373158,netem,28680130,21301,0,0,0,66,1,27365332,4248,0,27571840,4508,0
386,42221193150116,42221195223899,20003003,sA-eth3,up,42221195051247,netem,28680718,21309,0,0,0,0,0,27423780,4256,0,27572428,4516,0
387,42221213151389,42221215129030,20001273,sA-eth3,up,42221214937278,netem,28681060,21314,0,0,0,78,1,27460310,4261,0,27572770,4521,0
388,42221233143790,42221235304114,19992401,sA-eth3,up,42221235140702,netem,28681612,21322,0,0,0,78,1,27526064,4270,0,27573322,4529,0
389,42221253145583,42221255178845,20001793,sA-eth3,up,42221254988603,netem,28681990,21327,0,0,0,0,0,27547982,4273,0,27573700,4534,0
390,42221273141995,42221275134477,19996412,sA-eth3,up,42221274953105,netem,28682278,21331,0,0,0,78,1,27584512,4278,0,27573988,4538,0
391,42221293157577,42221295491583,20015582,sA-eth3,up,42221295238171,netem,28682812,21338,0,0,0,0,0,27642960,4286,0,27574522,4545,0
392,42221313150739,42221315044651,19993162,sA-eth3,up,42221314832718,netem,28683198,21343,0,0,0,86,1,27686796,4292,0,27574908,4550,0
393,42221333141012,42221335468677,19990273,sA-eth3,up,42221335298355,netem,28683716,21350,0,0,0,0,0,27737938,4299,0,27575426,4557,0
394,42221353160144,42221355329528,20019132,sA-eth3,up,42221355149807,netem,28683880,21352,0,0,0,0,0,27745244,4300,0,27575590,4559,0
395,42221373150796,42221375093708,19990652,sA-eth3,up,42221374895805,netem,28683880,21352,0,0,0,0,0,27745244,4300,0,27575590,4559,0
396,42221393140468,42221394928978,19989672,sA-eth3,up,42221394746446,netem,28683880,21352,0,0,0,0,0,27745244,4300,0,27575590,4559,0
397,42221413144121,42221414917850,20003653,sA-eth3,up,42221414727058,netem,28683880,21352,0,0,0,0,0,27745244,4300,0,27575590,4559,0
398,42221433142842,42221434923093,19998721,sA-eth3,up,42221434742821,netem,28683880,21352,0,0,0,0,0,27745244,4300,0,27575590,4559,0
399,42221453135385,42221455032627,19992543,sA-eth3,up,42221454831644,netem,28683880,21352,0,0,0,0,0,27745244,4300,0,27575590,4559,0
400,42221473144697,42221474995658,20009312,sA-eth3,up,42221474815916,netem,28683880,21352,0,0,0,0,0,27745244,4300,0,27575590,4559,0
401,42221493144229,42221494946510,19999532,sA-eth3,up,42221494762847,netem,28683880,21352,0,0,0,0,0,27745244,4300,0,27575590,4559,0
402,42221513146082,42221514941601,20001853,sA-eth3,up,42221514762120,netem,28683880,21352,0,0,0,0,0,27745244,4300,0,27575590,4559,0
403,42221533146914,42221534997594,20000832,sA-eth3,up,42221534819573,netem,28683880,21352,0,0,0,0,0,27745244,4300,0,27575590,4559,0
404,42221553147117,42221554951356,20000203,sA-eth3,up,42221554775224,netem,28683880,21352,0,0,0,0,0,27745244,4300,0,27575590,4559,0
405,42221573136158,42221575473255,19989041,sA-eth3,up,42221575303012,netem,28684364,21358,0,0,0,78,1,27779010,4307,0,27576074,4565,0
406,42221593144891,42221595242545,20008733,sA-eth3,up,42221595024652,netem,28685240,21370,0,0,0,66,1,27846476,4320,0,27577016,4578,0
407,42221613145143,42221615139785,20000252,sA-eth3,up,42221614940713,netem,28685912,21380,0,0,0,0,0,27913744,4330,0,27577622,4587,0
408,42221633143305,42221635282129,19998162,sA-eth3,up,42221635110376,netem,28701940,21402,0,0,0,15206,2,27995690,4343,0,27593056,4600,0
409,42221653149577,42221655516044,20006272,sA-eth3,up,42221655337132,netem,28943308,21570,0,0,0,43984,5,28053284,4360,0,27824986,4625,0
410,42221673139640,42221675167702,19990063,sA-eth3,up,42221674981860,netem,29148286,21713,0,0,0,24302,3,28126344,4370,0,28033970,4653,0
411,42221693150553,42221695181385,20010913,sA-eth3,up,42221694983173,netem,29362450,21863,0,0,0,22710,2,28184858,4379,0,28228222,4677,0
412,42221713143294,42221715344188,19992741,sA-eth3,up,42221715176737,netem,29605344,22032,0,0,0,30280,2,28241858,4387,0,28461744,4704,0
413,42221733135456,42221735246990,19992162,sA-eth3,up,42221735073818,netem,29704706,22109,0,0,0,0,0,28317946,4399,0,28557278,4723,0
414,42221753144389,42221755059739,20008933,sA-eth3,up,42221754869018,netem,29715900,22124,0,0,0,78,1,28377908,4408,0,28568076,4732,0
415,42221773141271,42221775051222,19996882,sA-eth3,up,42221774857809,netem,29716696,22134,0,0,0,0,0,28432078,4417,0,28568872,4742,0
416,42221793143413,42221795284867,20002142,sA-eth3,up,42221795117205,netem,29717194,22141,0,0,0,0,0,28477428,4424,0,28569370,4749,0
417,42221813136366,42221814962666,19992953,sA-eth3,up,42221814776394,netem,29717704,22148,0,0,0,0,0,28528570,4431,0,28569880,4756,0
418,42221833148988,42221834954258,20012622,sA-eth3,up,42221834771506,netem,29718256,22156,0,0,0,0,0,28587018,4439,0,28570432,4764,0
419,42221853148159,42221854964511,19999171,sA-eth3,up,42221854778308,netem,29718754,22163,0,0,0,78,1,28638160,4446,0,28570930,4771,0
420,42221873148702,42221875050194,20000543,sA-eth3,up,42221874858071,netem,29719306,22171,0,0,0,0,0,28689302,4453,0,28571482,4779,0
421,42221893146505,42221894919164,19997803,sA-eth3,up,42221894735102,netem,29719618,22175,0,0,0,0,0,28725832,4458,0,28571794,4783,0
422,42221913144106,42221914946617,19997601,sA-eth3,up,42221914759615,netem,29719774,22177,0,0,0,0,0,28733138,4459,0,28571950,4785,0
423,42221933137648,42221934921828,19993542,sA-eth3,up,42221934746207,netem,29719774,22177,0,0,0,0,0,28733138,4459,0,28571950,4785,0
424,42221953169751,42221955555318,20032103,sA-eth3,up,42221955366846,netem,29719774,22177,0,0,0,0,0,28733138,4459,0,28571950,4785,0
425,42221973164534,42221975125666,19994783,sA-eth3,up,42221974917213,netem,29721288,22178,0,0,0,27252,2,28733216,4460,0,28573464,4786,0
426,42221993166825,42221995207579,20002291,sA-eth3,up,42221994932346,netem,29971098,22343,0,0,0,30280,2,28734206,4475,0,28813572,4804,0
427,42222013161528,42222015047450,19994703,sA-eth3,up,42222014832867,netem,30210310,22501,0,0,0,36336,2,28735064,4488,0,29043544,4822,0
428,42222033160221,42222035155283,19998693,sA-eth3,up,42222034949500,netem,30460120,22666,0,0,0,37850,3,28736120,4504,0,29298198,4841,0
429,42222053147322,42222055152745,19987101,sA-eth3,up,42222054954843,netem,30717500,22836,0,0,0,15140,1,28736846,4515,0,29531132,4860,0
430,42222073142375,42222075458481,19995053,sA-eth3,up,42222075284308,netem,30889096,22950,0,0,0,0,0,28737572,4526,0,29696062,4873,0
431,42222093152047,42222095189510,20009672,sA-eth3,up,42222094891886,netem,30889096,22950,0,0,0,0,0,28737572,4526,0,29696062,4873,0
432,42222113173090,42222115431965,20021043,sA-eth3,up,42222115231772,netem,30889096,22950,0,0,0,0,0,28739086,4527,0,29696062,4873,0
433,42222133155761,42222135643299,19982671,sA-eth3,up,42222135457697,netem,30889570,22957,0,0,0,66,1,28793190,4535,0,29696602,4881,0
434,42222153165664,42222155348018,20009903,sA-eth3,up,42222155156636,netem,30889978,22963,0,0,0,0,0,28832682,4541,0,29696944,4886,0
435,42222173148716,42222175246229,19983052,sA-eth3,up,42222175068527,netem,30890608,22972,0,0,0,66,1,28898436,4550,0,29697574,4895,0
436,42222193148988,42222195415464,20000272,sA-eth3,up,42222195240521,netem,30891016,22978,0,0,0,0,0,28927660,4554,0,29697982,4901,0
437,42222213150750,42222215156212,20001762,sA-eth3,up,42222214958981,netem,30891016,22978,0,0,0,0,0,28927660,4554,0,29697982,4901,0
438,42222233146423,42222235468178,19995673,sA-eth3,up,42222235300697,netem,30891016,22978,0,0,0,0,0,28927660,4554,0,29697982,4901,0
439,42222253140136,42222255043536,19993713,sA-eth3,up,42222254857614,netem,30891016,22978,0,0,0,0,0,28927660,4554,0,29697982,4901,0
440,42222273143727,42222275482643,20003591,sA-eth3,up,42222275298431,netem,30891016,22978,0,0,0,0,0,28927660,4554,0,29697982,4901,0
441,42222293145799,42222295481945,20002072,sA-eth3,up,42222295304244,netem,30891016,22978,0,0,0,0,0,28927660,4554,0,29697982,4901,0
442,42222313139562,42222314954072,19993763,sA-eth3,up,42222314770420,netem,30891016,22978,0,0,0,0,0,28927660,4554,0,29697982,4901,0
443,42222333147974,42222335486520,20008412,sA-eth3,up,42222335306998,netem,30891016,22978,0,0,0,0,0,28927660,4554,0,29697982,4901,0
444,42222353149696,42222355342921,20001722,sA-eth3,up,42222355170258,netem,30891016,22978,0,0,0,0,0,28927660,4554,0,29697982,4901,0
445,42222373152599,42222375140491,20002903,sA-eth3,up,42222374949098,netem,30891016,22978,0,0,0,0,0,28927660,4554,0,29697982,4901,0
446,42222393152811,42222395517947,20000212,sA-eth3,up,42222395265504,netem,30891016,22978,0,0,0,0,0,28927660,4554,0,29697982,4901,0
447,42222413150673,42222415127004,19997862,sA-eth3,up,42222414924213,netem,30891316,22982,0,0,0,0,0,28942470,4559,0,29698282,4905,0
448,42222433139165,42222434909984,19988492,sA-eth3,up,42222434728922,netem,30891994,22991,0,0,0,66,1,28990848,4568,0,29698960,4914,0
449,42222453151608,42222455049258,20012443,sA-eth3,up,42222454858867,netem,30892664,23000,0,0,0,0,0,29040674,4577,0,29699630,4923,0
450,42222473154849,42222475063861,20003241,sA-eth3,up,42222474872188,netem,30893342,23009,0,0,0,78,1,29099254,4587,0,29700386,4933,0
451,42222493145952,42222494929001,19991103,sA-eth3,up,42222494737310,netem,30894114,23019,0,0,0,66,1,29143354,4597,0,29701080,4942,0
452,42222513148334,42222515115276,20002382,sA-eth3,up,42222514901844,netem,30894480,23024,0,0,0,86,1,29166786,4601,0,29701532,4948,0
453,42222533143827,42222534933926,19995493,sA-eth3,up,42222534752294,netem,30895022,23031,0,0,0,0,0,29203448,4608,0,29701988,4954,0
454,42222553145678,42222555062680,20001851,sA-eth3,up,42222554877978,netem,30895532,23038,0,0,0,0,0,29238596,4614,0,29702498,4961,0
455,42222573144441,42222575072142,19998763,sA-eth3,up,42222574884920,netem,30896186,23047,0,0,0,0,0,29285592,4624,0,29703152,4970,0
456,42222593146684,42222594933653,20002243,sA-eth3,up,42222594750741,netem,30896606,23053,0,0,0,0,0,29320740,4630,0,29703572,4976,0
457,42222613142746,42222615395411,19996062,sA-eth3,up,42222615224279,netem,30897178,23061,0,0,0,66,1,29367670,4639,0,29704210,4985,0
458,42222633144918,42222635118079,20002172,sA-eth3,up,42222634926738,netem,30897730,23069,0,0,0,66,1,29414600,4648,0,29704762,4993,0
459,42222653145660,42222655159552,20000742,sA-eth3,up,42222654974510,netem,30898138,23075,0,0,0,0,0,29438032,4652,0,29705104,4998,0
460,42222673144582,42222675202875,19998922,sA-eth3,up,42222675035343,netem,30898138,23075,0,0,0,0,0,29438032,4652,0,29705104,4998,0
461,42222693133354,42222695116126,19988772,sA-eth3,up,42222694927154,netem,30898138,23075,0,0,0,0,0,29438032,4652,0,29705104,4998,0
462,42222713149596,42222715029348,20016242,sA-eth3,up,42222714832765,netem,30898138,23075,0,0,0,0,0,29438032,4652,0,29705104,4998,0
463,42222733134279,42222734989999,19984683,sA-eth3,up,42222734803458,netem,30898138,23075,0,0,0,0,0,29438032,4652,0,29705104,4998,0
464,42222753143512,42222755356176,20009233,sA-eth3,up,42222755187174,netem,30898138,23075,0,0,0,0,0,29438032,4652,0,29705104,4998,0
465,42222773141823,42222775023985,19998311,sA-eth3,up,42222774836202,netem,30898138,23075,0,0,0,0,0,29438032,4652,0,29705104,4998,0
466,42222793137946,42222795291910,19996123,sA-eth3,up,42222795120668,netem,30898138,23075,0,0,0,0,0,29438032,4652,0,29705104,4998,0
467,42222813142068,42222814958428,20004122,sA-eth3,up,42222814783526,netem,30898138,23075,0,0,0,0,0,29438032,4652,0,29705104,4998,0
468,42222833139751,42222835338314,19997683,sA-eth3,up,42222835144913,netem,30898138,23075,0,0,0,0,0,29438032,4652,0,29705104,4998,0
469,42222853144332,42222855063344,20004581,sA-eth3,up,42222854874712,netem,30898138,23075,0,0,0,0,0,29438032,4652,0,29705104,4998,0
470,42222873146215,42222875510401,20001883,sA-eth3,up,42222875337730,netem,30898302,23077,0,0,0,0,0,29442574,4655,0,29705268,5000,0
471,42222893139528,42222895110169,19993313,sA-eth3,up,42222894930047,netem,30899012,23086,0,0,0,78,1,29473576,4665,0,29705978,5009,0
472,42222913133429,42222915314863,19993901,sA-eth3,up,42222915115921,netem,30899654,23095,0,0,0,0,0,29521954,4673,0,29706620,5018,0
473,42222933138871,42222935196674,20005442,sA-eth3,up,42222934986332,netem,30900272,23104,0,0,0,0,0,29568884,4682,0,29707238,5027,0
474,42222953151754,42222955065916,20012883,sA-eth3,up,42222954855883,netem,30900956,23114,0,0,0,66,1,29624568,4692,0,29707988,5038,0
475,42222973148316,42222975101718,19996562,sA-eth3,up,42222974890346,netem,30901494,23121,0,0,0,0,0,29672814,4699,0,29708460,5044,0
476,42222993141118,42222995203512,19992802,sA-eth3,up,42222995000079,netem,30902060,23128,0,0,0,0,0,29734290,4709,0,29709026,5051,0
477,42223013140370,42223014996771,19999252,sA-eth3,up,42223014809819,netem,30902676,23136,0,0,0,78,1,29778324,4718,0,29709642,5059,0
478,42223033143923,42223035115075,20003553,sA-eth3,up,42223034922223,netem,30903354,23145,0,0,0,0,0,29845658,4729,0,29710320,5068,0
479,42223053131854,42223055132907,19987931,sA-eth3,up,42223054942715,netem,30903814,23151,0,0,0,0,0,29892522,4737,0,29710780,5074,0
480,42223073139987,42223074956357,20008133,sA-eth3,up,42223074782726,netem,30904366,23159,0,0,0,0,0,29940900,4746,0,29711332,5082,0
481,42223093142650,42223094998310,20002663,sA-eth3,up,42223094813059,netem,30904894,23167,0,0,0,0,0,29983420,4754,0,29711860,5090,0
482,42223113132441,42223115088563,19989791,sA-eth3,up,42223114890212,netem,30905416,23174,0,0,0,78,1,30036142,4763,0,29712460,5098,0
483,42223133199814,42223135220597,20067373,sA-eth3,up,42223135029505,netem,30906004,23182,0,0,0,0,0,30066946,4769,0,29712970,5105,0
484,42223153145516,42223155042428,19945702,sA-eth3,up,42223154823285,netem,30906004,23182,0,0,0,0,0,30066946,4769,0,29712970,5105,0
485,42223173144279,42223175072609,19998763,sA-eth3,up,42223174865968,netem,30906004,23182,0,0,0,0,0,30066946,4769,0,29712970,5105,0
486,42223193145610,42223194981932,20001331,sA-eth3,up,42223194796949,netem,30906004,23182,0,0,0,0,0,30066946,4769,0,29712970,5105,0
487,42223213146463,42223214965173,20000853,sA-eth3,up,42223214778441,netem,30906004,23182,0,0,0,0,0,30066946,4769,0,29712970,5105,0
488,42223233142285,42223234932755,19995822,sA-eth3,up,42223234744733,netem,30906004,23182,0,0,0,0,0,30066946,4769,0,29712970,5105,0
489,42223253148768,42223255114139,20006483,sA-eth3,up,42223254895497,netem,30906004,23182,0,0,0,0,0,30066946,4769,0,29712970,5105,0
490,42223273149170,42223275108612,20000402,sA-eth3,up,42223274885829,netem,30906004,23182,0,0,0,0,0,30066946,4769,0,29712970,5105,0
491,42223293155042,42223295048223,20005872,sA-eth3,up,42223294824611,netem,30906004,23182,0,0,0,0,0,30066946,4769,0,29712970,5105,0
492,42223313155465,42223314971084,20000423,sA-eth3,up,42223314781842,netem,30906004,23182,0,0,0,0,0,30066946,4769,0,29712970,5105,0
493,42223333167596,42223335033438,20012131,sA-eth3,up,42223334816045,netem,30906004,23182,0,0,0,0,0,30066946,4769,0,29712970,5105,0
494,42223353139259,42223355129401,19971663,sA-eth3,up,42223354920628,netem,31001554,23247,0,0,0,24290,3,30073134,4775,0,29816540,5116,0
495,42223373141471,42223374994621,20002212,sA-eth3,up,42223374808410,netem,31254622,23417,0,0,0,22710,2,30081298,4789,0,30048124,5136,0
496,42223393141923,42223394990024,20000452,sA-eth3,up,42223394804761,netem,31496862,23577,0,0,0,30280,2,30082156,4802,0,30280992,5154,0
497,42223413142645,42223414910725,20000722,sA-eth3,up,42223414714753,netem,31739102,23737,0,0,0,30280,2,30083014,4815,0,30528340,5172,0
498,42223433146328,42223434927798,20003683,sA-eth3,up,42223434748055,netem,31988912,23902,0,0,0,40878,3,30083740,4826,0,30771344,5190,0
499,42223453144810,42223454949900,19998482,sA-eth3,up,42223454762358,netem,32246292,24072,0,0,0,33308,2,30084796,4842,0,31001316,5208,0
500,42223473149892,42223475144924,20005082,sA-eth3,up,42223474918203,netem,32488532,24232,0,0,0,45420,3,30085786,4857,0,31248730,5227,0
501,42223493143235,42223495053806,19993343,sA-eth3,up,42223494833534,netem,32738342,24397,0,0,0,37850,3,30086644,4870,0,31488838,5245,0
502,42223513144627,42223515036228,20001392,sA-eth3,up,42223514819886,netem,32995722,24567,0,0,0,30280,2,30087700,4886,0,31721706,5263,0
503,42223533136680,42223534980279,19992053,sA-eth3,up,42223534798317,netem,33099188,24636,0,0,0,0,0,30088228,4894,0,31821146,5271,0
504,42223553148241,42223555125863,20011561,sA-eth3,up,42223554913171,netem,33099188,24636,0,0,0,0,0,30088228,4894,0,31821146,5271,0
505,42223573146804,42223575064865,19998563,sA-eth3,up,42223574855733,netem,33099266,24637,0,0,0,0,0,30094152,4896,0,31821224,5272,0
506,42223593141156,42223595082577,19994352,sA-eth3,up,42223594889136,netem,33100022,24647,0,0,0,66,1,30136936,4908,0,31821980,5282,0
507,42223613144288,42223614934118,20003132,sA-eth3,up,42223614756926,netem,33100586,24655,0,0,0,0,0,30172084,4914,0,31822544,5290,0
508,42223633141780,42223634966060,19997492,sA-eth3,up,42223634784369,netem,33101084,24662,0,0,0,0,0,30213090,4921,0,31823042,5297,0
509,42223653142133,42223655087445,20000353,sA-eth3,up,42223654872712,netem,33101726,24671,0,0,0,78,1,30261468,4930,0,31823684,5306,0
510,42223673143845,42223675530931,20001712,sA-eth3,up,42223675358209,netem,33102112,24676,0,0,0,66,1,30286414,4935,0,31824136,5312,0
511,42223693137157,42223694940117,19993312,sA-eth3,up,42223694756925,netem,33102256,24678,0,0,0,0,0,30292272,4936,0,31824214,5313,0
512,42223713151970,42223715055581,20014813,sA-eth3,up,42223714858238,netem,33102256,24678,0,0,0,0,0,30292272,4936,0,31824214,5313,0
513,42223733139202,42223735337447,19987232,sA-eth3,up,42223735171064,netem,33102256,24678,0,0,0,0,0,30292272,4936,0,31824214,5313,0
514,42223753147564,42223755146517,20008362,sA-eth3,up,42223754954794,netem,33102256,24678,0,0,0,0,0,30292272,4936,0,31824214,5313,0
515,42223773144796,42223775136178,19997232,sA-eth3,up,42223774950656,netem,33102256,24678,0,0,0,0,0,30292272,4936,0,31824214,5313,0
516,42223793148849,42223794983898,20004053,sA-eth3,up,42223794809087,netem,33102256,24678,0,0,0,0,0,30292272,4936,0,31824214,5313,0
517,42223813147601,42223815326164,19998752,sA-eth3,up,42223815144953,netem,33102256,24678,0,0,0,0,0,30292272,4936,0,31824214,5313,0
518,42223833147653,42223835139464,20000052,sA-eth3,up,42223834953363,netem,33102256,24678,0,0,0,0,0,30292272,4936,0,31824214,5313,0
519,42223853146225,42223854954255,19998572,sA-eth3,up,42223854779574,netem,33102256,24678,0,0,0,0,0,30292272,4936,0,31824214,5313,0
520,42223873146367,42223875252300,20000142,sA-eth3,up,42223875089649,netem,33102256,24678,0,0,0,0,0,30292272,4936,0,31824214,5313,0
521,42223893154019,42223895235603,20007652,sA-eth3,up,42223895064331,netem,33102334,24679,0,0,0,0,0,30298196,4938,0,31824292,5314,0
522,42223913151522,42223914991153,19997503,sA-eth3,up,42223914807030,netem,33102832,24686,0,0,0,0,0,30321760,4944,0,31824790,5321,0
523,42223933144343,42223934914743,19992821,sA-eth3,up,42223934736672,netem,33102832,24686,0,0,0,0,0,30321760,4944,0,31824790,5321,0
524,42223953145846,42223955432772,20001503,sA-eth3,up,42223955240399,netem,33102832,24686,0,0,0,0,0,30321760,4944,0,31824790,5321,0
525,42223973158398,42223975259572,20012552,sA-eth3,up,42223975085650,netem,33102832,24686,0,0,0,0,0,30321760,4944,0,31824790,5321,0
526,42223993144601,42223994916051,19986203,sA-eth3,up,42223994737358,netem,33102832,24686,0,0,0,0,0,30321760,4944,0,31824790,5321,0
527,42224013154184,42224015122025,20009583,sA-eth3,up,42224014900733,netem,33102832,24686,0,0,0,0,0,30321760,4944,0,31824790,5321,0
528,42224033159696,42224035074157,20005512,sA-eth3,up,42224034865644,netem,33102832,24686,0,0,0,0,0,30321760,4944,0,31824790,5321,0
529,42224053152847,42224055093899,19993151,sA-eth3,up,42224054879397,netem,33102832,24686,0,0,0,0,0,30321760,4944,0,31824790,5321,0
530,42224073149030,42224075105682,19996183,sA-eth3,up,42224074893809,netem,33102832,24686,0,0,0,0,0,30321760,4944,0,31824790,5321,0
531,42224093151052,42224095033843,20002022,sA-eth3,up,42224094820250,netem,33102832,24686,0,0,0,0,0,30321760,4944,0,31824790,5321,0
532,42224113157774,42224114985325,20006722,sA-eth3,up,42224114791393,netem,33102832,24686,0,0,0,0,0,30321760,4944,0,31824790,5321,0
533,42224133158797,42224135151819,20001023,sA-eth3,up,42224134949056,netem,33103144,24690,0,0,0,0,0,30336570,4949,0,31825102,5325,0
534,42224153146179,42224155141341,19987382,sA-eth3,up,42224154932189,netem,33103852,24700,0,0,0,66,1,30387976,4960,0,31825810,5335,0
535,42224173153411,42224174983401,20007232,sA-eth3,up,42224174791559,netem,33104214,24705,0,0,0,0,0,30405550,4963,0,31826172,5340,0
536,42224193142113,42224195078195,19988702,sA-eth3,up,42224194866033,netem,33104214,24705,0,0,0,0,0,30405550,4963,0,31826172,5340,0
537,42224213144256,42224215084367,20002143,sA-eth3,up,42224214872435,netem,33104214,24705,0,0,0,0,0,30405550,4963,0,31826172,5340,0
538,42224233149007,42224235025879,20004751,sA-eth3,up,42224234827636,netem,33104214,24705,0,0,0,0,0,30405550,4963,0,31826172,5340,0
539,42224253137760,42224254886899,19988753,sA-eth3,up,42224254715038,netem,33104214,24705,0,0,0,0,0,30405550,4963,0,31826172,5340,0
540,42224273148152,42224275035934,20010392,sA-eth3,up,42224274847162,netem,33104214,24705,0,0,0,0,0,30405550,4963,0,31826172,5340,0
541,42224293150025,42224294941094,20001873,sA-eth3,up,42224294764152,netem,33104214,24705,0,0,0,0,0,30405550,4963,0,31826172,5340,0
542,42224313148047,42224314995757,19998022,sA-eth3,up,42224314820265,netem,33104214,24705,0,0,0,0,0,30405550,4963,0,31826172,5340,0
543,42224333140719,42224335365054,19992672,sA-eth3,up,42224335197482,netem,33104214,24705,0,0,0,0,0,30405550,4963,0,31826172,5340,0
544,42224353140842,42224354909051,20000123,sA-eth3,up,42224354735359,netem,33104214,24705,0,0,0,0,0,30405550,4963,0,31826172,5340,0
545,42224373145984,42224374957164,20005142,sA-eth3,up,42224374776092,netem,33104214,24705,0,0,0,0,0,30405550,4963,0,31826172,5340,0
546,42224393137895,42224394998627,19991911,sA-eth3,up,42224394820434,netem,33104600,24710,0,0,0,0,0,30423256,4968,0,31826558,5345,0
547,42224413138508,42224415063960,20000613,sA-eth3,up,42224414850447,netem,33105176,24718,0,0,0,78,1,30465908,4978,0,31827134,5353,0
548,42224433140741,42224435034301,20002233,sA-eth3,up,42224434814208,netem,33106064,24730,0,0,0,66,1,30534756,4990,0,31828022,5365,0
549,42224453138862,42224455056944,19998121,sA-eth3,up,42224454852021,netem,33106702,24739,0,0,0,66,1,30593204,4998,0,31828660,5374,0
550,42224473140314,42224475108967,20001452,sA-eth3,up,42224474901254,netem,33107544,24750,0,0,0,0,0,30659090,5009,0,31829502,5385,0
551,42224493157668,42224495083329,20017354,sA-eth3,up,42224494871537,netem,33108194,24759,0,0,0,0,0,30713194,5017,0,31830152,5394,0
552,42224513140840,42224514994410,19983172,sA-eth3,up,42224514807798,netem,33108848,24768,0,0,0,78,1,30779080,5028,0,31830806,5403,0
553,42224533142161,42224534933092,20001321,sA-eth3,up,42224534755199,netem,33109568,24778,0,0,0,0,0,30823048,5036,0,31831526,5413,0
554,42224553145714,42224554923204,20003553,sA-eth3,up,42224554746342,netem,33109880,24782,0,0,0,66,1,30863988,5042,0,31831838,5417,0
555,42224573138016,42224574989617,19992302,sA-eth3,up,42224574819625,netem,33110498,24791,0,0,0,0,0,30922436,5050,0,31832456,5426,0
556,42224593139248,42224594921409,20001232,sA-eth3,up,42224594744676,netem,33111092,24800,0,0,0,0,0,30980884,5058,0,31833050,5435,0
557,42224613137001,42224614905580,19997753,sA-eth3,up,42224614734579,netem,33111536,24806,0,0,0,0,0,31032026,5065,0,31833494,5441,0
558,42224633135743,42224635095275,19998742,sA-eth3,up,42224634902262,netem,33112034,24813,0,0,0,0,0,31083168,5072,0,31833992,5448,0
559,42224653144865,42224655089846,20009122,sA-eth3,up,42224654906675,netem,33112442,24819,0,0,0,0,0,31119698,5077,0,31834400,5454,0
560,42224673133657,42224674891186,19988792,sA-eth3,up,42224674714055,netem,33112442,24819,0,0,0,0,0,31119698,5077,0,31834400,5454,0
561,42224693141490,42224695408595,20007833,sA-eth3,up,42224695245383,netem,33112442,24819,0,0,0,0,0,31119698,5077,0,31834400,5454,0
562,42224713139432,42224714955502,19997942,sA-eth3,up,42224714775399,netem,33112442,24819,0,0,0,0,0,31119698,5077,0,31834400,5454,0
563,42224733133194,42224734997885,19993762,sA-eth3,up,42224734820753,netem,33112442,24819,0,0,0,0,0,31119698,5077,0,31834400,5454,0
564,42224753142076,42224755319381,20008882,sA-eth3,up,42224755155368,netem,33112442,24819,0,0,0,0,0,31119698,5077,0,31834400,5454,0
565,42224773139848,42224774895898,19997772,sA-eth3,up,42224774715316,netem,33112442,24819,0,0,0,0,0,31119698,5077,0,31834400,5454,0
566,42224793136581,42224795270594,19996733,sA-eth3,up,42224795096722,netem,33112442,24819,0,0,0,0,0,31119698,5077,0,31834400,5454,0
567,42224813146833,42224815029484,20010252,sA-eth3,up,42224814820242,netem,33112442,24819,0,0,0,0,0,31119698,5077,0,31834400,5454,0
568,42224833139785,42224835227338,19992952,sA-eth3,up,42224835066727,netem,33112442,24819,0,0,0,0,0,31119698,5077,0,31834400,5454,0
569,42224853135858,42224854873327,19996073,sA-eth3,up,42224854703505,netem,33112442,24819,0,0,0,0,0,31119698,5077,0,31834400,5454,0
570,42224873142679,42224874921520,20006821,sA-eth3,up,42224874750608,netem,33112442,24819,0,0,0,0,0,31119698,5077,0,31834400,5454,0
571,42224893155592,42224895577469,20012913,sA-eth3,up,42224895382457,netem,33112758,24823,0,0,0,0,0,31133060,5082,0,31834716,5458,0
572,42224913142145,42224915226717,19986553,sA-eth3,up,42224915051166,netem,33113570,24833,0,0,0,156,2,31169986,5093,0,31835528,5468,0
573,42224933140627,42224934935347,19998482,sA-eth3,up,42224934754175,netem,33114140,24840,0,0,0,0,0,31208030,5099,0,31836098,5475,0
574,42224953138829,42224954927749,19998202,sA-eth3,up,42224954756297,netem,33114814,24849,0,0,0,0,0,31250616,5108,0,31836772,5484,0
575,42224973149881,42224975051242,20011052,sA-eth3,up,42224974861290,netem,33115234,24855,0,0,0,0,0,31288660,5114,0,31837192,5490,0
576,42224993140013,42224994956244,19990132,sA-eth3,up,42224994778671,netem,33115886,24863,0,0,0,0,0,31321044,5122,0,31837844,5498,0
577,42225013134045,42225014959636,19994032,sA-eth3,up,42225014783854,netem,33116506,24871,0,0,0,0,0,31363498,5129,0,31838464,5506,0
578,42225033137048,42225034898217,20003003,sA-eth3,up,42225034724526,netem,33116872,24876,0,0,0,78,1,31397198,5135,0,31838830,5511,0
579,42225053140320,42225054958690,20003272,sA-eth3,up,42225054783338,netem,33117328,24882,0,0,0,0,0,31417800,5140,0,31839286,5517,0
580,42225073166943,42225075087843,20026623,sA-eth3,up,42225074878022,netem,33117328,24882,0,0,0,0,0,31417800,5140,0,31839286,5517,0
581,42225093161424,42225094965355,19994481,sA-eth3,up,42225094766933,netem,33117328,24882,0,0,0,0,0,31417800,5140,0,31839286,5517,0
582,42225113155377,42225115469832,19993953,sA-eth3,up,42225115291861,netem,33117328,24882,0,0,0,0,0,31417800,5140,0,31839286,5517,0
583,42225133150039,42225135251532,19994662,sA-eth3,up,42225135070441,netem,33117328,24882,0,0,0,0,0,31417800,5140,0,31839286,5517,0
584,42225153150592,42225155217404,20000553,sA-eth3,up,42225155040872,netem,33117328,24882,0,0,0,0,0,31417800,5140,0,31839286,5517,0
585,42225173145994,42225174939973,19995402,sA-eth3,up,42225174756752,netem,33117328,24882,0,0,0,0,0,31417800,5140,0,31839286,5517,0
586,42225193143586,42225194915975,19997592,sA-eth3,up,42225194731453,netem,33117328,24882,0,0,0,0,0,31417800,5140,0,31839286,5517,0
587,42225213145138,42225215361023,20001552,sA-eth3,up,42225215193121,netem,33117328,24882,0,0,0,0,0,31417800,5140,0,31839286,5517,0
588,42225233151140,42225235163812,20006002,sA-eth3,up,42225234942280,netem,33117328,24882,0,0,0,0,0,31417800,5140,0,31839286,5517,0
589,42225253143153,42225255334157,19992013,sA-eth3,up,42225255164055,netem,33117328,24882,0,0,0,0,0,31417800,5140,0,31839286,5517,0
590,42225273141155,42225275187558,19998002,sA-eth3,up,42225274977485,netem,33117856,24890,0,0,0,0,0,31437152,5148,0,31839814,5525,0
591,42225293150648,42225295025848,20009493,sA-eth3,up,42225294833765,netem,33117934,24891,0,0,0,0,0,31438666,5149,0,31839892,5526,0
592,42225313149759,42225315047241,19999111,sA-eth3,up,42225314863159,netem,33117934,24891,0,0,0,0,0,31438666,5149,0,31839892,5526,0
593,42225333148172,42225335464237,19998413,sA-eth3,up,42225335289395,netem,33117934,24891,0,0,0,0,0,31438666,5149,0,31839892,5526,0
594,42225353142414,42225355195327,19994242,sA-eth3,up,42225354987654,netem,33117934,24891,0,0,0,0,0,31438666,5149,0,31839892,5526,0
595,42225373143636,42225375040427,20001222,sA-eth3,up,42225374827235,netem,33117934,24891,0,0,0,0,0,31438666,5149,0,31839892,5526,0
596,42225393156368,42225395104490,20012732,sA-eth3,up,42225394891738,netem,33117934,24891,0,0,0,0,0,31438666,5149,0,31839892,5526,0
597,42225413144291,42225414966081,19987923,sA-eth3,up,42225414782658,netem,33117934,24891,0,0,0,0,0,31438666,5149,0,31839892,5526,0
598,42225433143183,42225434996024,19998892,sA-eth3,up,42225434803031,netem,33117934,24891,0,0,0,0,0,31438666,5149,0,31839892,5526,0
599,42225453148365,42225455043786,20005182,sA-eth3,up,42225454832804,netem,33117934,24891,0,0,0,0,0,31438666,5149,0,31839892,5526,0
600,42225473155507,42225475120790,20007142,sA-eth3,up,42225474905327,netem,33117934,24891,0,0,0,0,0,31438666,5149,0,31839892,5526,0
601,42225493148800,42225495334735,19993293,sA-eth3,up,42225495162312,netem,33117934,24891,0,0,0,0,0,31438666,5149,0,31839892,5526,0
602,42225513139581,42225514929402,19990781,sA-eth3,up,42225514725220,netem,33118312,24896,0,0,0,78,1,31459334,5155,0,31840348,5532,0
603,42225533142314,42225535020945,20002733,sA-eth3,up,42225534829173,netem,33118996,24906,0,0,0,66,1,31509292,5166,0,31840954,5541,0
604,42225553155827,42225554980757,20013513,sA-eth3,up,42225554807946,netem,33119846,24917,0,0,0,0,0,31573730,5177,0,31841804,5552,0
605,42225573143368,42225575044050,19987541,sA-eth3,up,42225574859417,netem,33120422,24925,0,0,0,0,0,31611774,5183,0,31842380,5560,0
606,42225593141111,42225595055242,19997743,sA-eth3,up,42225594798649,netem,33121104,24934,0,0,0,0,0,31663048,5192,0,31843062,5569,0
607,42225613148453,42225614982373,20007342,sA-eth3,up,42225614792941,netem,33121654,24941,0,0,0,0,0,31704120,5200,0,31843612,5576,0
608,42225633141215,42225634936916,19992762,sA-eth3,up,42225634755243,netem,33122062,24947,0,0,0,66,1,31739334,5207,0,31844020,5582,0
609,42225653141357,42225655052739,20000142,sA-eth3,up,42225654823286,netem,33122572,24954,0,0,0,66,1,31777444,5214,0,31844596,5590,0
610,42225673143780,42225675120382,20002423,sA-eth3,up,42225674894019,netem,33123058,24961,0,0,0,0,0,31802334,5219,0,31845016,5596,0
611,42225693145392,42225694982762,20001612,sA-eth3,up,42225694798380,netem,33123058,24961,0,0,0,0,0,31802334,5219,0,31845016,5596,0
612,42225713142744,42225714920783,19997352,sA-eth3,up,42225714743922,netem,33123058,24961,0,0,0,0,0,31802334,5219,0,31845016,5596,0
613,42225733141516,42225735019608,19998772,sA-eth3,up,42225734827826,netem,33123058,24961,0,0,0,0,0,31802334,5219,0,31845016,5596,0
614,42225753140039,42225754931979,19998523,sA-eth3,up,42225754756356,netem,33123058,24961,0,0,0,0,0,31802334,5219,0,31845016,5596,0
615,42225773139061,42225774878600,19999022,sA-eth3,up,42225774703069,netem,33123058,24961,0,0,0,0,0,31802334,5219,0,31845016,5596,0
616,42225793152043,42225795082855,20012982,sA-eth3,up,42225794888182,netem,33123058,24961,0,0,0,0,0,31802334,5219,0,31845016,5596,0
617,42225813153276,42225815053427,20001233,sA-eth3,up,42225814859875,netem,33123058,24961,0,0,0,0,0,31802334,5219,0,31845016,5596,0
618,42225833143598,42225834961578,19990322,sA-eth3,up,42225834780746,netem,33123058,24961,0,0,0,0,0,31802334,5219,0,31845016,5596,0
619,42225853134369,42225855504247,19990771,sA-eth3,up,42225855314264,netem,33123058,24961,0,0,0,0,0,31802334,5219,0,31845016,5596,0
620,42225873155072,42225875112474,20020703,sA-eth3,up,42225874884651,netem,33123490,24967,0,0,0,66,1,31843430,5227,0,31845514,5603,0
621,42225893144995,42225895070655,19989923,sA-eth3,up,42225894856924,netem,33124084,24976,0,0,0,0,0,31885950,5235,0,31846042,5611,0
622,42225913137056,42225915444203,19992061,sA-eth3,up,42225915265340,netem,33124318,24979,0,0,0,78,1,31909382,5239,0,31846354,5615,0
623,42225933141099,42225935157841,20004043,sA-eth3,up,42225934952358,netem,33124924,24988,0,0,0,0,0,31963618,5249,0,31846882,5623,0
624,42225953143452,42225954987961,20002353,sA-eth3,up,42225954787079,netem,33125146,24991,0,0,0,0,0,31975334,5251,0,31847104,5626,0
625,42225973151314,42225975041904,20007862,sA-eth3,up,42225974830962,netem,33125146,24991,0,0,0,0,0,31975334,5251,0,31847104,5626,0
626,42225993148696,42225995121067,19997382,sA-eth3,up,42225994891405,netem,33125146,24991,0,0,0,0,0,31975334,5251,0,31847104,5626,0
627,42226013144728,42226015038509,19996032,sA-eth3,up,42226014817397,netem,33125146,24991,0,0,0,0,0,31975334,5251,0,31847104,5626,0
628,42226033135350,42226035067902,19990622,sA-eth3,up,42226034855869,netem,33125236,24992,0,0,0,15140,1,31975334,5251,0,31847194,5627,0
629,42226053143812,42226055099844,20008462,sA-eth3,up,42226054893212,netem,33190338,25035,0,0,0,6056,2,31975598,5255,0,31909788,5632,0
630,42226073140524,42226075054936,19996712,sA-eth3,up,42226074834113,netem,33226674,25059,0,0,0,0,0,31976060,5262,0,31945332,5644,0
631,42226093148357,42226094961997,20007833,sA-eth3,up,42226094776374,netem,33228188,25060,0,0,0,0,0,31976060,5262,0,31946846,5645,0
632,42226113145390,42226114958679,19997033,sA-eth3,up,42226114770167,netem,33228188,25060,0,0,0,0,0,31976126,5263,0,31946846,5645,0
633,42226133151051,42226135132323,20005661,sA-eth3,up,42226134862610,netem,33234244,25064,0,0,0,0,0,31976126,5263,0,31952770,5647,0
634,42226153146834,42226155033045,19995783,sA-eth3,up,42226154821813,netem,33235758,25065,0,0,0,0,0,31976126,5263,0,31954284,5648,0
635,42226173141336,42226174975576,19994502,sA-eth3,up,42226174779854,netem,33236222,25071,0,0,0,0,0,32004166,5271,0,31954748,5654,0
636,42226193144858,42226194993979,20003522,sA-eth3,up,42226194803787,netem,33236708,25078,0,0,0,0,0,32033522,5277,0,31955234,5661,0
637,42226213151621,42226215088652,20006763,sA-eth3,up,42226214891960,netem,33237326,25087,0,0,0,0,0,32084796,5286,0,31955852,5670,0
638,42226233142213,42226235068945,19990592,sA-eth3,up,42226234865342,netem,33237758,25093,0,0,0,0,0,32119944,5293,0,31956284,5676,0
639,42226253151525,42226255024875,20009312,sA-eth3,up,42226254816943,netem,33238454,25103,0,0,0,0,0,32181486,5303,0,31956980,5686,0
640,42226273157617,42226274981208,20006092,sA-eth3,up,42226274789746,netem,33239018,25111,0,0,0,86,1,32254480,5312,0,31957544,5694,0
641,42226293146350,42226294994531,19988733,sA-eth3,up,42226294808488,netem,33239808,25120,0,0,0,0,0,32298514,5321,0,31958334,5703,0
642,42226313146672,42226315102844,20000322,sA-eth3,up,42226314854081,netem,33240662,25131,0,0,0,66,1,32370192,5332,0,31959188,5714,0
643,42226333139133,42226335095635,19992461,sA-eth3,up,42226334908594,netem,33241424,25142,0,0,0,0,0,32446082,5341,0,31959950,5725,0
644,42226353135996,42226354980437,19996863,sA-eth3,up,42226354794335,netem,33242198,25151,0,0,0,78,1,32517826,5353,0,31960724,5734,0
645,42226373165188,42226374967349,20029192,sA-eth3,up,42226374778726,netem,33244554,25163,0,0,0,0,0,32569100,5362,0,31963080,5746,0
646,42226393144351,42226394947721,19979163,sA-eth3,up,42226394760759,netem,33245214,25171,0,0,0,78,1,32614582,5371,0,31963740,5754,0
647,42226413141923,42226414960194,19997572,sA-eth3,up,42226414774631,netem,33245934,25181,0,0,0,66,1,32665856,5380,0,31964460,5764,0
648,42226433139615,42226434893584,19997692,sA-eth3,up,42226434706802,netem,33246522,25189,0,0,0,0,0,32712720,5388,0,31965048,5772,0
649,42226453143028,42226454901437,20003413,sA-eth3,up,42226454719475,netem,33247344,25200,0,0,0,0,0,32762678,5399,0,31965870,5783,0
650,42226473146279,42226474974130,20003251,sA-eth3,up,42226474780038,netem,33248104,25210,0,0,0,0,0,32809674,5409,0,31966630,5793,0
651,42226493148692,42226495191514,20002413,sA-eth3,up,42226495013663,netem,33248808,25220,0,0,0,0,0,32869768,5420,0,31967334,5803,0
652,42226513151744,42226514996884,20003052,sA-eth3,up,42226514804513,netem,33249372,25228,0,0,0,78,1,32922490,5429,0,31967898,5811,0
653,42226533150947,42226534975947,19999203,sA-eth3,up,42226534778804,netem,33250122,25239,0,0,0,0,0,32975278,5439,0,31968648,5822,0
654,42226553167449,42226555183371,20016502,sA-eth3,up,42226554909748,netem,33250866,25249,0,0,0,66,1,33033990,5451,0,31969458,5833,0
655,42226573168261,42226575321635,20000812,sA-eth3,up,42226575134803,netem,33251552,25258,0,0,0,0,0,33076576,5460,0,31970078,5841,0
656,42226593147143,42226595144725,19978882,sA-eth3,up,42226594946983,netem,33252386,25269,0,0,0,0,0,33127916,5470,0,31970912,5852,0
657,42226613144515,42226614946346,19997372,sA-eth3,up,42226614743013,netem,33253130,25279,0,0,0,78,1,33177808,5480,0,31971656,5862,0
658,42226633153037,42226635214071,20008522,sA-eth3,up,42226634937577,netem,33253826,25289,0,0,0,78,1,33234940,5490,0,31972430,5873,0
659,42226653147960,42226655025780,19994923,sA-eth3,up,42226654823709,netem,33254504,25298,0,0,0,0,0,33284766,5500,0,31973030,5881,0
660,42226673146623,42226675019913,19998663,sA-eth3,up,42226674778050,netem,33255026,25305,0,0,0,0,0,33338936,5508,0,31973552,5888,0
661,42226693142934,42226695191087,19996311,sA-eth3,up,42226694990485,netem,33255944,25318,0,0,0,0,0,33426608,5520,0,31974470,5901,0
662,42226713148366,42226715075458,20005432,sA-eth3,up,42226714879176,netem,33256802,25329,0,0,0,78,1,33509936,5532,0,31975328,5912,0
663,42226733143859,42226735086190,19995493,sA-eth3,up,42226734888158,netem,33257754,25341,0,0,0,78,1,33597608,5544,0,31976280,5924,0
664,42226753144770,42226755171853,20000911,sA-eth3,up,42226754976082,netem,33258596,25352,0,0,0,78,1,33663362,5553,0,31977200,5936,0
665,42226773143273,42226775042425,19998503,sA-eth3,up,42226774846362,netem,33259358,25363,0,0,0,78,1,33734974,5563,0,31977884,5946,0
666,42226793145026,42226795051476,20001753,sA-eth3,up,42226794860475,netem,33261370,25371,0,0,0,66,1,33793422,5571,0,31979896,5955,0
667,42226813148288,42226815115419,20003262,sA-eth3,up,42226814921178,netem,33262008,25380,0,0,0,66,1,33859176,5580,0,31980600,5964,0
668,42226833142590,42226835227213,19994302,sA-eth3,up,42226835055281,netem,33262770,25391,0,0,0,0,0,33923930,5589,0,31981296,5974,0
669,42226853135022,42226854969073,19992432,sA-eth3,up,42226854787571,netem,33262770,25391,0,0,0,0,0,33923930,5589,0,31981296,5974,0
670,42226873142525,42226874953524,20007503,sA-eth3,up,42226874759142,netem,33262770,25391,0,0,0,0,0,33923930,5589,0,31981296,5974,0
671,42226893151396,42226894984217,20008871,sA-eth3,up,42226894802385,netem,33262770,25391,0,0,0,0,0,33923930,5589,0,31981296,5974,0
672,42226913148969,42226915020250,19997573,sA-eth3,up,42226914812128,netem,33262770,25391,0,0,0,0,0,33923930,5589,0,31981296,5974,0
673,42226933140521,42226934957181,19991552,sA-eth3,up,42226934772029,netem,33262770,25391,0,0,0,0,0,33923930,5589,0,31981296,5974,0
674,42226953141343,42226954907464,20000822,sA-eth3,up,42226954727271,netem,33262770,25391,0,0,0,0,0,33923930,5589,0,31981296,5974,0
675,42226973145666,42226975044907,20004323,sA-eth3,up,42226974774134,netem,33262770,25391,0,0,0,0,0,33923930,5589,0,31981296,5974,0
676,42226993143618,42226994989778,19997952,sA-eth3,up,42226994803977,netem,33262770,25391,0,0,0,0,0,33923930,5589,0,31981296,5974,0
677,42227013140019,42227014991851,19996401,sA-eth3,up,42227014809379,netem,33262770,25391,0,0,0,0,0,33923930,5589,0,31981296,5974,0
678,42227033145042,42227034938282,20005023,sA-eth3,up,42227034749330,netem,33262770,25391,0,0,0,0,0,33923930,5589,0,31981296,5974,0
679,42227053142715,42227054918994,19997673,sA-eth3,up,42227054742962,netem,33262770,25391,0,0,0,0,0,33923930,5589,0,31981296,5974,0
680,42227073144117,42227075062648,20001402,sA-eth3,up,42227074786165,netem,33262770,25391,0,0,0,0,0,33923930,5589,0,31981296,5974,0
681,42227093148899,42227094942759,20004782,sA-eth3,up,42227094757957,netem,33262770,25391,0,0,0,0,0,33923930,5589,0,31981296,5974,0
682,42227113145131,42227114916551,19996232,sA-eth3,up,42227114733468,netem,33262770,25391,0,0,0,0,0,33923930,5589,0,31981296,5974,0
683,42227133146274,42227135133716,20001143,sA-eth3,up,42227134877313,netem,33262770,25391,0,0,0,0,0,33923930,5589,0,31981296,5974,0
684,42227153163576,42227155072667,20017302,sA-eth3,up,42227154868736,netem,33262770,25391,0,0,0,0,0,33923930,5589,0,31981296,5974,0
685,42227173141868,42227175029679,19978292,sA-eth3,up,42227174833827,netem,33262770,25391,0,0,0,0,0,33923930,5589,0,31981296,5974,0
686,42227193143500,42227194929790,20001632,sA-eth3,up,42227194740218,netem,33262770,25391,0,0,0,0,0,33923930,5589,0,31981296,5974,0
687,42227213149113,42227215115365,20005613,sA-eth3,up,42227214925373,netem,33262770,25391,0,0,0,0,0,33923930,5589,0,31981296,5974,0
688,42227233150355,42227235046086,20001242,sA-eth3,up,42227234857544,netem,33262770,25391,0,0,0,0,0,33923930,5589,0,31981296,5974,0
689,42227253141357,42227255083789,19991002,sA-eth3,up,42227254858296,netem,33262770,25391,0,0,0,0,0,33923930,5589,0,31981296,5974,0
690,42227273147260,42227275085382,20005903,sA-eth3,up,42227274893949,netem,33262770,25391,0,0,0,0,0,33923930,5589,0,31981296,5974,0
691,42227293142291,42227294990572,19995031,sA-eth3,up,42227294809540,netem,33262770,25391,0,0,0,0,0,33923930,5589,0,31981296,5974,0
692,42227313150854,42227315018735,20008563,sA-eth3,up,42227314826183,netem,33262770,25391,0,0,0,0,0,33923930,5589,0,31981296,5974,0
693,42227333139046,42227335055018,19988192,sA-eth3,up,42227334870825,netem,33262770,25391,0,0,0,0,0,33923930,5589,0,31981296,5974,0
694,42227353152809,42227354937968,20013763,sA-eth3,up,42227354743676,netem,33262770,25391,0,0,0,0,0,33923930,5589,0,31981296,5974,0
695,42227373144740,42227374959791,19991931,sA-eth3,up,42227374786079,netem,33262770,25391,0,0,0,0,0,33923930,5589,0,31981296,5974,0
696,42227393153653,42227395508739,20008913,sA-eth3,up,42227395321787,netem,33262770,25391,0,0,0,0,0,33923930,5589,0,31981296,5974,0
697,42227413151225,42227415078777,19997572,sA-eth3,up,42227414880875,netem,33262770,25391,0,0,0,0,0,33923930,5589,0,31981296,5974,0
698,42227433145658,42227434970408,19994433,sA-eth3,up,42227434787785,netem,33262770,25391,0,0,0,0,0,33923930,5589,0,31981296,5974,0
699,42227453145320,42227454974240,19999662,sA-eth3,up,42227454787368,netem,33262770,25391,0,0,0,0,0,33923930,5589,0,31981296,5974,0
700,42227473146842,42227474994142,20001522,sA-eth3,up,42227474809101,netem,33262770,25391,0,0,0,0,0,33923930,5589,0,31981296,5974,0
701,42227493156224,42227495127656,20009382,sA-eth3,up,42227494929194,netem,33262770,25391,0,0,0,0,0,33923930,5589,0,31981296,5974,0
702,42227513153106,42227515142058,19996882,sA-eth3,up,42227514944867,netem,33262770,25391,0,0,0,0,0,33923930,5589,0,31981296,5974,0
703,42227533154038,42227535396324,20000932,sA-eth3,up,42227535229451,netem,33262770,25391,0,0,0,0,0,33923930,5589,0,31981296,5974,0
704,42227553139901,42227554933581,19985863,sA-eth3,up,42227554755049,netem,33262770,25391,0,0,0,0,0,33923930,5589,0,31981296,5974,0
705,42227573158524,42227575054064,20018623,sA-eth3,up,42227574867262,netem,33262770,25391,0,0,0,0,0,33923930,5589,0,31981296,5974,0
706,42227593142475,42227594929535,19983951,sA-eth3,up,42227594754403,netem,33262770,25391,0,0,0,0,0,33923930,5589,0,31981296,5974,0
707,42227613147548,42227614906447,20005073,sA-eth3,up,42227614708825,netem,33262770,25391,0,0,0,0,0,33923930,5589,0,31981296,5974,0
708,42227633149281,42227634987781,20001733,sA-eth3,up,42227634815298,netem,33262770,25391,0,0,0,1514,1,33923930,5589,0,31981296,5974,0
709,42227653152732,42227655182455,20003451,sA-eth3,up,42227654985933,netem,33456562,25519,0,0,0,30280,2,33924800,5602,0,32182176,5990,0
710,42227673134364,42227675154446,19981632,sA-eth3,up,42227674950214,netem,33713942,25689,0,0,0,30280,2,33925592,5614,0,32415044,6008,0
711,42227693144467,42227694952236,20010103,sA-eth3,up,42227694766925,netem,33954668,25848,0,0,0,56018,4,33926450,5627,0,32646398,6025,0
712,42227713139469,42227714964689,19995002,sA-eth3,up,42227714754867,netem,34205992,26014,0,0,0,45420,3,33927308,5640,0,32902566,6045,0
713,42227733147701,42227734965302,20008232,sA-eth3,up,42227734790010,netem,34463372,26184,0,0,0,39364,3,33928364,5656,0,33135368,6062,0
714,42227753137683,42227755062285,19989982,sA-eth3,up,42227754859853,netem,34713182,26349,0,0,0,37850,3,33929420,5672,0,33375476,6080,0
715,42227773138676,42227775001096,20000993,sA-eth3,up,42227774818594,netem,34955492,26510,0,0,0,45420,3,33930282,5685,0,33622960,6100,0
716,42227793143458,42227794976879,20004782,sA-eth3,up,42227794799916,netem,35212872,26680,0,0,0,30280,2,33931338,5701,0,33855828,6118,0
717,42227813142320,42227815018791,19998862,sA-eth3,up,42227814810729,netem,35462814,26847,0,0,0,22776,3,33953742,5711,0,34096068,6138,0
718,42227833148483,42227835043243,20006163,sA-eth3,up,42227834813351,netem,35519318,26891,0,0,0,78,1,34004884,5718,0,34150460,6150,0
719,42227853157405,42227855041685,20008922,sA-eth3,up,42227854817043,netem,35569976,26934,0,0,0,30358,3,34078010,5729,0,34199204,6164,0
720,42227873155777,42227874942216,19998372,sA-eth3,up,42227874742545,netem,35805378,27099,0,0,0,78,1,34143764,5738,0,34425498,6191,0
721,42227893157850,42227894934009,20002073,sA-eth3,up,42227894752086,netem,35805884,27106,0,0,0,15140,1,34187666,5745,0,34426004,6198,0
722,42227913158481,42227914977872,20000631,sA-eth3,up,42227914786479,netem,36048124,27266,0,0,0,30280,2,34187666,5745,0,34658872,6216,0
723,42227933156863,42227934957974,19998382,sA-eth3,up,42227934763292,netem,36199524,27366,0,0,0,0,0,34187666,5745,0,34804398,6227,0
724,42227953144476,42227954905625,19987613,sA-eth3,up,42227954716793,netem,36199524,27366,0,0,0,0,0,34187666,5745,0,34804398,6227,0
725,42227973150699,42227975000948,20006223,sA-eth3,up,42227974822227,netem,36202552,27368,0,0,0,0,0,34187666,5745,0,34807360,6228,0
726,42227993152350,42227995070272,20001651,sA-eth3,up,42227994873629,netem,36202552,27368,0,0,0,0,0,34187666,5745,0,34807360,6228,0
727,42228013145703,42228015031004,19993353,sA-eth3,up,42228014836741,netem,36320644,27446,0,0,0,45420,3,34187732,5746,0,34935444,6238,0
728,42228033146415,42228034898054,20000712,sA-eth3,up,42228034718252,netem,36578024,27616,0,0,0,30280,2,34187732,5746,0,35168312,6256,0
729,42228053140287,42228054904917,19993872,sA-eth3,up,42228054722225,netem,36827834,27781,0,0,0,22710,2,34187798,5747,0,35408420,6274,0
730,42228073148619,42228075103871,20008332,sA-eth3,up,42228074909759,netem,37070074,27941,0,0,0,30280,2,34187864,5748,0,35655834,6293,0
731,42228093139402,42228094940281,19990783,sA-eth3,up,42228094762339,netem,37327454,28111,0,0,0,15140,1,34187864,5748,0,35888702,6311,0
732,42228113149094,42228114931394,20009692,sA-eth3,up,42228114747941,netem,37542144,28256,0,0,0,0,0,34202608,5752,0,36094944,6328,0
733,42228133151256,42228134989977,20002162,sA-eth3,up,42228134814105,netem,37542690,28263,0,0,0,0,0,34261122,5761,0,36095490,6335,0
734,42228153151388,42228154968819,20000132,sA-eth3,up,42228154790837,netem,37543452,28274,0,0,0,78,1,34341554,5773,0,36096252,6346,0
735,42228173140331,42228175153983,19988943,sA-eth3,up,42228174933101,netem,37544118,28283,0,0,0,66,1,34407308,5782,0,36096918,6355,0
736,42228193141383,42228195072294,20001052,sA-eth3,up,42228194861451,netem,37544958,28295,0,0,0,0,0,34500772,5794,0,36097758,6367,0
737,42228213140145,42228214960335,19998762,sA-eth3,up,42228214769713,netem,37545836,28306,0,0,0,86,1,34585482,5805,0,36098636,6378,0
738,42228233141027,42228235095389,20000882,sA-eth3,up,42228234891476,netem,37546816,28320,0,0,0,0,0,34703694,5819,0,36099616,6392,0
739,42228253153120,42228255029310,20012093,sA-eth3,up,42228254835968,netem,37547784,28332,0,0,0,78,1,34804464,5832,0,36100662,6405,0
740,42228273144792,42228274995903,19991672,sA-eth3,up,42228274817170,netem,37548556,28342,0,0,0,86,1,34889042,5841,0,36101442,6415,0
741,42228293140744,42228294936274,19995952,sA-eth3,up,42228294755022,netem,37549660,28356,0,0,0,0,0,35002910,5855,0,36102460,6428,0
742,42228313145927,42228314910226,20005183,sA-eth3,up,42228314737894,netem,37550526,28367,0,0,0,78,1,35087686,5867,0,36103326,6439,0
743,42228333148948,42228335046269,20003021,sA-eth3,up,42228334853147,netem,37551068,28374,0,0,0,78,1,35148964,5874,0,36103946,6447,0
744,42228353158321,42228354945390,20009373,sA-eth3,up,42228354763609,netem,37551520,28380,0,0,0,66,1,35188390,5879,0,36104320,6452,0
745,42228373149333,42228374949843,19991012,sA-eth3,up,42228374767350,netem,37552248,28390,0,0,0,78,1,35275996,5890,0,36105126,6463,0
746,42228393148555,42228397776326,19999222,sA-eth3,up,42228397597975,netem,37552926,28399,0,0,0,78,1,35346028,5898,0,36105804,6472,0
747,42228413163207,42228414951408,20014652,sA-eth3,up,42228414775195,netem,37553604,28408,0,0,0,66,1,35420470,5907,0,36106470,6481,0
748,42228433145150,42228434957880,19981943,sA-eth3,up,42228434780818,netem,37554312,28418,0,0,0,0,0,35503666,5917,0,36107112,6490,0
749,42228453141842,42228454941572,19996692,sA-eth3,up,42228454761010,netem,37555086,28429,0,0,0,0,0,35582518,5927,0,36107886,6501,0
750,42228473152314,42228475026535,20010472,sA-eth3,up,42228474837003,netem,37555164,28430,0,0,0,0,0,35591272,5928,0,36107964,6502,0
751,42228493152646,42228494952446,20000332,sA-eth3,up,42228494778384,netem,37555164,28430,0,0,0,0,0,35591272,5928,0,36107964,6502,0
752,42228513145419,42228515043909,19992773,sA-eth3,up,42228514856388,netem,37555164,28430,0,0,0,0,0,35591272,5928,0,36107964,6502,0
753,42228533145931,42228534906081,20000512,sA-eth3,up,42228534725629,netem,37555164,28430,0,0,0,0,0,35591272,5928,0,36107964,6502,0
754,42228553142393,42228554934933,19996462,sA-eth3,up,42228554755291,netem,37555164,28430,0,0,0,0,0,35591272,5928,0,36107964,6502,0
755,42228573155705,42228575085657,20013312,sA-eth3,up,42228574891235,netem,37555164,28430,0,0,0,0,0,35591272,5928,0,36107964,6502,0
756,42228593143798,42228594988738,19988093,sA-eth3,up,42228594808195,netem,37555164,28430,0,0,0,0,0,35591272,5928,0,36107964,6502,0
757,42228613142149,42228614951230,19998351,sA-eth3,up,42228614774268,netem,37555164,28430,0,0,0,0,0,35591272,5928,0,36107964,6502,0
758,42228633147642,42228635031063,20005493,sA-eth3,up,42228634851221,netem,37555164,28430,0,0,0,0,0,35591272,5928,0,36107964,6502,0
759,42228653146354,42228654942084,19998712,sA-eth3,up,42228654766202,netem,37555164,28430,0,0,0,0,0,35591272,5928,0,36107964,6502,0
760,42228673155137,42228675050797,20008783,sA-eth3,up,42228674862065,netem,37555164,28430,0,0,0,0,0,35591272,5928,0,36107964,6502,0
761,42228693148229,42228694954989,19993092,sA-eth3,up,42228694780337,netem,37555242,28431,0,0,0,0,0,35592786,5929,0,36108042,6503,0
762,42228713144401,42228714878790,19996172,sA-eth3,up,42228714706038,netem,37555242,28431,0,0,0,0,0,35592786,5929,0,36108042,6503,0
763,42228733143824,42228735061014,19999423,sA-eth3,up,42228734875323,netem,37555242,28431,0,0,0,0,0,35592786,5929,0,36108042,6503,0
764,42228753148375,42228755024027,20004551,sA-eth3,up,42228754832124,netem,37555242,28431,0,0,0,0,0,35592786,5929,0,36108042,6503,0
765,42228773140657,42228774963818,19992282,sA-eth3,up,42228774789376,netem,37555242,28431,0,0,0,0,0,35592786,5929,0,36108042,6503,0
766,42228793139620,42228795020260,19998963,sA-eth3,up,42228794789168,netem,37555312,28432,0,0,0,0,0,35592786,5929,0,36108112,6504,0
767,42228813145083,42228814923282,20005463,sA-eth3,up,42228814747310,netem,37555312,28432,0,0,0,0,0,35592786,5929,0,36108112,6504,0
768,42228833155175,42228835058086,20010092,sA-eth3,up,42228834875303,netem,37555312,28432,0,0,0,0,0,35592786,5929,0,36108112,6504,0
769,42228853145977,42228854962957,19990802,sA-eth3,up,42228854788185,netem,37555312,28432,0,0,0,0,0,35592786,5929,0,36108112,6504,0
770,42228873141799,42228874893459,19995822,sA-eth3,up,42228874718797,netem,37555312,28432,0,0,0,0,0,35592786,5929,0,36108112,6504,0
771,42228893148241,42228895060513,20006442,sA-eth3,up,42228894865000,netem,37555390,28433,0,0,0,0,0,35594300,5930,0,36108190,6505,0
772,42228913162404,42228915039455,20014163,sA-eth3,up,42228914831342,netem,37555390,28433,0,0,0,0,0,35594300,5930,0,36108190,6505,0
773,42228933150966,42228935102898,19988562,sA-eth3,up,42228934915266,netem,37555390,28433,0,0,0,0,0,35594300,5930,0,36108190,6505,0
774,42228953144377,42228954964129,19993411,sA-eth3,up,42228954786646,netem,37555390,28433,0,0,0,0,0,35594300,5930,0,36108190,6505,0
775,42228973145520,42228974918110,20001143,sA-eth3,up,42228974744589,netem,37555390,28433,0,0,0,0,0,35594300,5930,0,36108190,6505,0
776,42228993154123,42228994923322,20008603,sA-eth3,up,42228994746980,netem,37555390,28433,0,0,0,0,0,35594300,5930,0,36108190,6505,0
777,42229013139155,42229015117217,19985032,sA-eth3,up,42229014926175,netem,37555390,28433,0,0,0,0,0,35594300,5930,0,36108190,6505,0
778,42229033147047,42229034928087,20007892,sA-eth3,up,42229034751445,netem,37555390,28433,0,0,0,0,0,35594300,5930,0,36108190,6505,0
779,42229053137799,42229055472305,19990752,sA-eth3,up,42229055304593,netem,37555390,28433,0,0,0,0,0,35594300,5930,0,36108190,6505,0
780,42229073153502,42229075143184,20015703,sA-eth3,up,42229074946491,netem,37555390,28433,0,0,0,0,0,35594300,5930,0,36108190,6505,0
781,42229093160414,42229095283178,20006912,sA-eth3,up,42229095107935,netem,37555390,28433,0,0,0,0,0,35594300,5930,0,36108190,6505,0
782,42229113149016,42229114915765,19988602,sA-eth3,up,42229114741354,netem,37555640,28436,0,0,0,0,0,35600356,5934,0,36108440,6508,0
783,42229133148618,42229135394814,19999602,sA-eth3,up,42229135224921,netem,37555804,28438,0,0,0,0,0,35601870,5935,0,36108604,6510,0
784,42229153145261,42229154958901,19996643,sA-eth3,up,42229154782029,netem,37555804,28438,0,0,0,0,0,35601870,5935,0,36108604,6510,0
785,42229173160313,42229175366057,20015052,sA-eth3,up,42229175176216,netem,37555804,28438,0,0,0,0,0,35601870,5935,0,36108604,6510,0
786,42229193151025,42229195026446,19990712,sA-eth3,up,42229194824824,netem,37555804,28438,0,0,0,0,0,35601870,5935,0,36108604,6510,0
787,42229213141936,42229214956927,19990911,sA-eth3,up,42229214773255,netem,37555804,28438,0,0,0,0,0,35601870,5935,0,36108604,6510,0
788,42229233146829,42229234937260,20004893,sA-eth3,up,42229234752347,netem,37555804,28438,0,0,0,0,0,35601870,5935,0,36108604,6510,0
789,42229253147031,42229254989022,20000202,sA-eth3,up,42229254816110,netem,37555804,28438,0,0,0,0,0,35601870,5935,0,36108604,6510,0
790,42229273147724,42229275028206,20000693,sA-eth3,up,42229274827753,netem,37555804,28438,0,0,0,0,0,35601870,5935,0,36108604,6510,0
791,42229293150647,42229294915556,20002923,sA-eth3,up,42229294730944,netem,37555804,28438,0,0,0,0,0,35601870,5935,0,36108604,6510,0
792,42229313152248,42229315001339,20001601,sA-eth3,up,42229314813647,netem,37555804,28438,0,0,0,0,0,35601870,5935,0,36108604,6510,0
793,42229333147061,42229334997072,19994813,sA-eth3,up,42229334811320,netem,37555882,28439,0,0,0,0,0,35606346,5937,0,36108682,6511,0
794,42229353167373,42229355053834,20020312,sA-eth3,up,42229354854093,netem,37556802,28451,0,0,0,66,1,35682566,5951,0,36109668,6524,0
795,42229373149175,42229375164518,19981802,sA-eth3,up,42229374975306,netem,37557606,28463,0,0,0,78,1,35775964,5962,0,36110484,6536,0
796,42229393145947,42229395041719,19996772,sA-eth3,up,42229394859417,netem,37558490,28475,0,0,0,78,1,35873838,5975,0,36111368,6548,0
797,42229413157680,42229415115362,20011733,sA-eth3,up,42229414921669,netem,37559474,28489,0,0,0,66,1,35968816,5988,0,36112274,6562,0
798,42229433136771,42229435056103,19979091,sA-eth3,up,42229434836400,netem,37560392,28502,0,0,0,0,0,36098744,6004,0,36113192,6574,0
799,42229453143864,42229455050665,20007093,sA-eth3,up,42229454827223,netem,37560470,28503,0,0,0,78,1,36125006,6007,0,36113270,6575,0
800,42229473148106,42229474955856,20004242,sA-eth3,up,42229474760614,netem,37561262,28513,0,0,0,0,0,36185166,6019,0,36114062,6585,0
801,42229493143469,42229495059869,19995363,sA-eth3,up,42229494865067,netem,37561942,28521,0,0,0,0,0,36247958,6027,0,36114742,6593,0
802,42229513149960,42229515096262,20006491,sA-eth3,up,42229514880430,netem,37562874,28533,0,0,0,78,1,36344318,6039,0,36115674,6605,0
803,42229533142003,42229535149925,19992043,sA-eth3,up,42229534932463,netem,37563780,28544,0,0,0,78,1,36447984,6052,0,36116580,6616,0
804,42229553142536,42229555119307,20000533,sA-eth3,up,42229554918435,netem,37564506,28553,0,0,0,0,0,36529600,6060,0,36117306,6625,0
805,42229573149597,42229575030728,20007061,sA-eth3,up,42229574821586,netem,37565272,28562,0,0,0,86,1,36577978,6069,0,36118072,6634,0
806,42229593161780,42229595588047,20012183,sA-eth3,up,42229595404565,netem,37566086,28573,0,0,0,66,1,36664268,6082,0,36118886,6645,0
807,42229613146852,42229615100084,19985072,sA-eth3,up,42229614902122,netem,37566818,28583,0,0,0,66,1,36737328,6092,0,36119684,6656,0
808,42229633142835,42229635048205,19995983,sA-eth3,up,42229634848603,netem,37567358,28591,0,0,0,66,1,36795776,6100,0,36120224,6664,0
809,42229653186447,42229655275130,20043612,sA-eth3,up,42229655097838,netem,37568074,28601,0,0,0,0,0,36861530,6109,0,36120874,6673,0
810,42229673141889,42229674986719,19955442,sA-eth3,up,42229674797928,netem,37568646,28609,0,0,0,0,0,36912672,6116,0,36121446,6681,0
811,42229693140692,42229695084222,19998803,sA-eth3,up,42229694877751,netem,37568958,28613,0,0,0,0,0,36956508,6122,0,36121758,6685,0
812,42229713140243,42229715066764,19999551,sA-eth3,up,42229714873382,netem,37569674,28623,0,0,0,0,0,37022262,6131,0,36122474,6695,0
813,42229733142176,42229735061237,20001933,sA-eth3,up,42229734867685,netem,37570172,28630,0,0,0,0,0,37073404,6138,0,36122972,6702,0
814,42229753158768,42229755081100,20016592,sA-eth3,up,42229754884127,netem,37570652,28636,0,0,0,66,1,37124546,6145,0,36123452,6708,0
815,42229773145500,42229774987611,19986732,sA-eth3,up,42229774795088,netem,37571192,28644,0,0,0,0,0,37168382,6151,0,36123992,6716,0
816,42229793154812,42229795032584,20009312,sA-eth3,up,42229794819571,netem,37571282,28645,0,0,0,30280,2,37168382,6151,0,36138628,6718,0
817,42229813148395,42229815144956,19993583,sA-eth3,up,42229814937354,netem,37821092,28810,0,0,0,30280,2,37169372,6166,0,36364190,6735,0
818,42229833148327,42229835089838,19999932,sA-eth3,up,42229834878067,netem,38075444,28978,0,0,0,27252,2,37170230,6179,0,36608642,6753,0
819,42229853147169,42229855088780,19998842,sA-eth3,up,42229854878038,netem,38313142,29135,0,0,0,37850,3,37171154,6193,0,36851646,6771,0
820,42229873145261,42229875028982,19998092,sA-eth3,up,42229874819580,netem,38570522,29305,0,0,0,30280,2,37172144,6208,0,37084514,6789,0
821,42229893144983,42229894986684,19999722,sA-eth3,up,42229894800901,netem,38812762,29465,0,0,0,42392,3,37173200,6224,0,37334824,6808,0
822,42229913143135,42229915042637,19998152,sA-eth3,up,42229914808784,netem,39062572,29630,0,0,0,37850,3,37173728,6232,0,37572036,6826,0
823,42229933144588,42229935167060,20001453,sA-eth3,up,42229934915927,netem,39326008,29804,0,0,0,46934,3,37174652,6246,0,37810696,6844,0
824,42229953146320,42229954995730,20001732,sA-eth3,up,42229954803489,netem,39562192,29960,0,0,0,60560,4,37175444,6258,0,38052252,6862,0
825,42229973152683,42229975071133,20006363,sA-eth3,up,42229974867262,netem,39764068,30094,0,0,0,0,0,37176104,6268,0,38231728,6876,0
826,42229993142494,42229995093946,19989811,sA-eth3,up,42229994885524,netem,39764146,30095,0,0,0,0,0,37177618,6269,0,38231806,6877,0
827,42230013147997,42230015033017,20005503,sA-eth3,up,42230014823975,netem,39764146,30095,0,0,0,0,0,37177618,6269,0,38231806,6877,0
828,42230033135489,42230035102332,19987492,sA-eth3,up,42230034874329,netem,39764146,30095,0,0,0,0,0,37177618,6269,0,38231806,6877,0
829,42230053142161,42230054978922,20006672,sA-eth3,up,42230054749359,netem,39764146,30095,0,0,0,0,0,37177618,6269,0,38231806,6877,0
830,42230073142783,42230074948894,20000622,sA-eth3,up,42230074758112,netem,39764146,30095,0,0,0,0,0,37177618,6269,0,38231806,6877,0
831,42230093157176,42230094994776,20014393,sA-eth3,up,42230094806124,netem,39764146,30095,0,0,0,0,0,37177618,6269,0,38231806,6877,0
832,42230113149289,42230115083269,19992113,sA-eth3,up,42230114873758,netem,39764146,30095,0,0,0,0,0,37177618,6269,0,38231806,6877,0
833,42230133168210,42230135147612,20018921,sA-eth3,up,42230134895629,netem,39764146,30095,0,0,0,0,0,37177618,6269,0,38231806,6877,0
834,42230153162243,42230154981913,19994033,sA-eth3,up,42230154795150,netem,39764146,30095,0,0,0,0,0,37177618,6269,0,38231806,6877,0
835,42230173155135,42230174994446,19992892,sA-eth3,up,42230174808733,netem,39764146,30095,0,0,0,0,0,37177618,6269,0,38231806,6877,0
836,42230193151697,42230195090559,19996562,sA-eth3,up,42230194887506,netem,39764146,30095,0,0,0,0,0,37177618,6269,0,38231806,6877,0
837,42230213152950,42230214977509,20001253,sA-eth3,up,42230214791008,netem,39764224,30096,0,0,0,0,0,37179132,6270,0,38231884,6878,0
838,42230233148952,42230234918441,19996002,sA-eth3,up,42230234739569,netem,39764224,30096,0,0,0,0,0,37179132,6270,0,38231884,6878,0
839,42230253160875,42230254981714,20011923,sA-eth3,up,42230254778472,netem,39764224,30096,0,0,0,0,0,37179132,6270,0,38231884,6878,0
840,42230273157606,42230275101848,19996731,sA-eth3,up,42230274874985,netem,39764224,30096,0,0,0,0,0,37179132,6270,0,38231884,6878,0
841,42230293148548,42230294928548,19990942,sA-eth3,up,42230294740936,netem,39764224,30096,0,0,0,0,0,37179132,6270,0,38231884,6878,0
842,42230313155081,42230315116633,20006533,sA-eth3,up,42230314907250,netem,39764224,30096,0,0,0,0,0,37179132,6270,0,38231884,6878,0
843,42230333149672,42230335061324,19994591,sA-eth3,up,42230334860302,netem,39764224,30096,0,0,0,0,0,37179132,6270,0,38231884,6878,0
844,42230353156695,42230355196368,20007023,sA-eth3,up,42230354987546,netem,39764224,30096,0,0,0,0,0,37179132,6270,0,38231884,6878,0
845,42230373146208,42230375039319,19989513,sA-eth3,up,42230374815046,netem,39764224,30096,0,0,0,0,0,37179132,6270,0,38231884,6878,0
846,42230393143850,42230395082151,19997642,sA-eth3,up,42230394877059,netem,39764224,30096,0,0,0,0,0,37179132,6270,0,38231884,6878,0
847,42230413154672,42230415065533,20010822,sA-eth3,up,42230414853491,netem,39764224,30096,0,0,0,0,0,37179132,6270,0,38231884,6878,0
848,42230433139964,42230435124536,19985292,sA-eth3,up,42230434910494,netem,39764224,30096,0,0,0,0,0,37179132,6270,0,38231884,6878,0
849,42230453146197,42230455064837,20006233,sA-eth3,up,42230454856826,netem,39764224,30096,0,0,0,0,0,37179132,6270,0,38231884,6878,0
850,42230473146578,42230475031100,20000381,sA-eth3,up,42230474821037,netem,39764224,30096,0,0,0,0,0,37179132,6270,0,38231884,6878,0
851,42230493146781,42230495083803,20000203,sA-eth3,up,42230494879710,netem,39764224,30096,0,0,0,0,0,37179132,6270,0,38231884,6878,0
852,42230513159013,42230515032904,20012232,sA-eth3,up,42230514830792,netem,39764224,30096,0,0,0,0,0,37179132,6270,0,38231884,6878,0
853,42230533158455,42230535020806,19999442,sA-eth3,up,42230534815764,netem,39764224,30096,0,0,0,0,0,37179132,6270,0,38231884,6878,0
854,42230553151608,42230554930297,19993153,sA-eth3,up,42230554740956,netem,39764224,30096,0,0,0,0,0,37179132,6270,0,38231884,6878,0
855,42230573156680,42230574943770,20005072,sA-eth3,up,42230574763858,netem,39764224,30096,0,0,0,0,0,37179132,6270,0,38231884,6878,0
856,42230593168653,42230595073754,20011973,sA-eth3,up,42230594881612,netem,39764224,30096,0,0,0,0,0,37179132,6270,0,38231884,6878,0
857,42230613147044,42230615054355,19978391,sA-eth3,up,42230614852603,netem,39764224,30096,0,0,0,0,0,37179132,6270,0,38231884,6878,0
858,42230633144017,42230634938616,19996973,sA-eth3,up,42230634756845,netem,39764224,30096,0,0,0,0,0,37179132,6270,0,38231884,6878,0
859,42230653146389,42230654990829,20002372,sA-eth3,up,42230654819418,netem,39764224,30096,0,0,0,0,0,37179132,6270,0,38231884,6878,0
860,42230673148992,42230674971181,20002603,sA-eth3,up,42230674794129,netem,39764224,30096,0,0,0,0,0,37179132,6270,0,38231884,6878,0
861,42230693160493,42230695042835,20011501,sA-eth3,up,42230694853452,netem,39764224,30096,0,0,0,0,0,37179132,6270,0,38231884,6878,0
862,42230713142876,42230714966225,19982383,sA-eth3,up,42230714784054,netem,39764224,30096,0,0,0,0,0,37179132,6270,0,38231884,6878,0
863,42230733152758,42230734967238,20009882,sA-eth3,up,42230734791776,netem,39764224,30096,0,0,0,0,0,37179132,6270,0,38231884,6878,0
864,42230753148951,42230754952181,19996193,sA-eth3,up,42230754768758,netem,39764224,30096,0,0,0,0,0,37179132,6270,0,38231884,6878,0
865,42230773158462,42230775128784,20009511,sA-eth3,up,42230774933112,netem,39764224,30096,0,0,0,0,0,37179132,6270,0,38231884,6878,0
866,42230793160765,42230794976795,20002303,sA-eth3,up,42230794787083,netem,39764224,30096,0,0,0,0,0,37179132,6270,0,38231884,6878,0
867,42230813161548,42230814992567,20000783,sA-eth3,up,42230814806875,netem,39764224,30096,0,0,0,0,0,37179132,6270,0,38231884,6878,0
868,42230833135849,42230834928249,19974301,sA-eth3,up,42230834741947,netem,39764224,30096,0,0,0,0,0,37179132,6270,0,38231884,6878,0
869,42230853167241,42230855149623,20031392,sA-eth3,up,42230854946651,netem,39764224,30096,0,0,0,0,0,37179132,6270,0,38231884,6878,0
870,42230873152554,42230875020894,19985313,sA-eth3,up,42230874821863,netem,39764224,30096,0,0,0,0,0,37179132,6270,0,38231884,6878,0
871,42230893143316,42230894943626,19990762,sA-eth3,up,42230894764074,netem,39764224,30096,0,0,0,0,0,37179132,6270,0,38231884,6878,0
872,42230913144718,42230914963268,20001402,sA-eth3,up,42230914782615,netem,39764224,30096,0,0,0,0,0,37179132,6270,0,38231884,6878,0
873,42230933143620,42230935078152,19998902,sA-eth3,up,42230934890020,netem,39764224,30096,0,0,0,0,0,37179132,6270,0,38231884,6878,0
874,42230953144093,42230954955413,20000473,sA-eth3,up,42230954779940,netem,39764224,30096,0,0,0,0,0,37179132,6270,0,38231884,6878,0
875,42230973143715,42230974959595,19999622,sA-eth3,up,42230974783463,netem,39764224,30096,0,0,0,0,0,37179132,6270,0,38231884,6878,0
876,42230993140107,42230994981697,19996392,sA-eth3,up,42230994805185,netem,39764224,30096,0,0,0,0,0,37179132,6270,0,38231884,6878,0
877,42231013149760,42231015050240,20009653,sA-eth3,up,42231014864299,netem,39764224,30096,0,0,0,0,0,37179132,6270,0,38231884,6878,0
878,42231033146181,42231035268415,19996421,sA-eth3,up,42231035096643,netem,39764224,30096,0,0,0,0,0,37179132,6270,0,38231884,6878,0
879,42231053142334,42231054965664,19996153,sA-eth3,up,42231054783972,netem,39764224,30096,0,0,0,0,0,37179132,6270,0,38231884,6878,0
880,42231073142436,42231074912396,20000102,sA-eth3,up,42231074737964,netem,39764224,30096,0,0,0,0,0,37179132,6270,0,38231884,6878,0
881,42231093144019,42231095046319,20001583,sA-eth3,up,42231094857127,netem,39764224,30096,0,0,0,0,0,37179132,6270,0,38231884,6878,0
882,42231113144711,42231115049042,20000692,sA-eth3,up,42231114864900,netem,39764224,30096,0,0,0,0,0,37179132,6270,0,38231884,6878,0
883,42231133133983,42231134896732,19989272,sA-eth3,up,42231134722320,netem,39764224,30096,0,0,0,0,0,37179132,6270,0,38231884,6878,0
884,42231153139545,42231154920335,20005562,sA-eth3,up,42231154747163,netem,39764224,30096,0,0,0,0,0,37179132,6270,0,38231884,6878,0
885,42231173146487,42231174944307,20006942,sA-eth3,up,42231174775436,netem,39764224,30096,0,0,0,0,0,37179132,6270,0,38231884,6878,0
886,42231193141299,42231194961869,19994812,sA-eth3,up,42231194782128,netem,39764224,30096,0,0,0,0,0,37179132,6270,0,38231884,6878,0
887,42231213143212,42231214891111,20001913,sA-eth3,up,42231214712909,netem,39764224,30096,0,0,0,0,0,37179132,6270,0,38231884,6878,0
888,42231233139965,42231234955985,19996753,sA-eth3,up,42231234782412,netem,39764224,30096,0,0,0,0,0,37179132,6270,0,38231884,6878,0
889,42231253145086,42231254899145,20005121,sA-eth3,up,42231254725564,netem,39764224,30096,0,0,0,0,0,37179132,6270,0,38231884,6878,0
890,42231273142789,42231275026600,19997703,sA-eth3,up,42231274821247,netem,39764224,30096,0,0,0,0,0,37179132,6270,0,38231884,6878,0
891,42231293142101,42231294882141,19999312,sA-eth3,up,42231294710728,netem,39764224,30096,0,0,0,0,0,37179132,6270,0,38231884,6878,0
892,42231313137943,42231314865742,19995842,sA-eth3,up,42231314688411,netem,39764224,30096,0,0,0,0,0,37179132,6270,0,38231884,6878,0
893,42231333146705,42231334877124,20008762,sA-eth3,up,42231334706552,netem,39764224,30096,0,0,0,0,0,37179132,6270,0,38231884,6878,0
894,42231353144488,42231354929667,19997783,sA-eth3,up,42231354754745,netem,39764224,30096,0,0,0,0,0,37179132,6270,0,38231884,6878,0
895,42231373137650,42231374953860,19993162,sA-eth3,up,42231374773368,netem,39764224,30096,0,0,0,0,0,37179132,6270,0,38231884,6878,0
896,42231393140202,42231394905291,20002552,sA-eth3,up,42231394730970,netem,39764224,30096,0,0,0,0,0,37179132,6270,0,38231884,6878,0
897,42231413140024,42231414919994,19999822,sA-eth3,up,42231414751112,netem,39764224,30096,0,0,0,0,0,37179132,6270,0,38231884,6878,0
898,42231433151657,42231435046277,20011633,sA-eth3,up,42231434831895,netem,39764224,30096,0,0,0,0,0,37179132,6270,0,38231884,6878,0
899,42231453141409,42231454961329,19989752,sA-eth3,up,42231454785007,netem,39764224,30096,0,0,0,0,0,37179132,6270,0,38231884,6878,0
900,42231473140521,42231474896430,19999112,sA-eth3,up,42231474718778,netem,39764224,30096,0,0,0,0,0,37179132,6270,0,38231884,6878,0
901,42231493143464,42231494948433,20002943,sA-eth3,up,42231494774351,netem,39764224,30096,0,0,0,0,0,37179132,6270,0,38231884,6878,0
902,42231513145096,42231515070577,20001632,sA-eth3,up,42231514877845,netem,39764224,30096,0,0,0,0,0,37179132,6270,0,38231884,6878,0
903,42231533135927,42231535153510,19990831,sA-eth3,up,42231534929057,netem,39764224,30096,0,0,0,0,0,37179132,6270,0,38231884,6878,0
904,42231553136550,42231555019101,20000623,sA-eth3,up,42231554813459,netem,39764224,30096,0,0,0,0,0,37179132,6270,0,38231884,6878,0
905,42231573144363,42231574988613,20007813,sA-eth3,up,42231574808390,netem,39764224,30096,0,0,0,0,0,37179132,6270,0,38231884,6878,0
906,42231593149164,42231594954185,20004801,sA-eth3,up,42231594778443,netem,39764224,30096,0,0,0,0,0,37179132,6270,0,38231884,6878,0
907,42231613142877,42231614962956,19993713,sA-eth3,up,42231614773155,netem,39764224,30096,0,0,0,0,0,37179132,6270,0,38231884,6878,0
908,42231633140029,42231634871408,19997152,sA-eth3,up,42231634694236,netem,39764224,30096,0,0,0,0,0,37179132,6270,0,38231884,6878,0
909,42231653142012,42231655112442,20001983,sA-eth3,up,42231654925111,netem,39764224,30096,0,0,0,0,0,37179132,6270,0,38231884,6878,0
910,42231673132463,42231674952174,19990451,sA-eth3,up,42231674773042,netem,39764474,30099,0,0,0,0,0,37190980,6274,0,38232134,6881,0
911,42231693136886,42231694921776,20004423,sA-eth3,up,42231694746563,netem,39765686,30115,0,0,0,78,1,37268912,6292,0,38233346,6897,0
912,42231713133928,42231714879187,19997042,sA-eth3,up,42231714704205,netem,39766406,30125,0,0,0,0,0,37344802,6301,0,38234066,6907,0
913,42231733140370,42231735053512,20006442,sA-eth3,up,42231734868309,netem,39767360,30138,0,0,0,0,0,37458670,6315,0,38235020,6920,0
914,42231753138242,42231755071204,19997872,sA-eth3,up,42231754855511,netem,39768218,30149,0,0,0,78,1,37563718,6327,0,38235878,6931,0
915,42231773144155,42231775304778,20005913,sA-eth3,up,42231775132837,netem,39769220,30162,0,0,0,66,1,37664488,6340,0,38236946,6945,0
916,42231793136588,42231795041808,19992433,sA-eth3,up,42231794823385,netem,39770060,30174,0,0,0,0,0,37743406,6351,0,38237720,6956,0
917,42231813138739,42231814944669,20002151,sA-eth3,up,42231814762838,netem,39770492,30180,0,0,0,0,0,37804684,6358,0,38238152,6962,0
918,42231833145812,42231834956741,20007073,sA-eth3,up,42231834774490,netem,39771200,30190,0,0,0,66,1,37883536,6368,0,38238860,6972,0
919,42231853150524,42231854955504,20004712,sA-eth3,up,42231854775152,netem,39771632,30196,0,0,0,0,0,37918552,6372,0,38239292,6978,0
920,42231873139446,42231874977377,19988922,sA-eth3,up,42231874806335,netem,39771632,30196,0,0,0,0,0,37918552,6372,0,38239292,6978,0
921,42231893139988,42231894947418,20000542,sA-eth3,up,42231894775146,netem,39771632,30196,0,0,0,0,0,37918552,6372,0,38239292,6978,0
922,42231913143381,42231914950951,20003393,sA-eth3,up,42231914767148,netem,39771632,30196,0,0,0,0,0,37918552,6372,0,38239292,6978,0
923,42231933146423,42231935125315,20003042,sA-eth3,up,42231934902103,netem,39771632,30196,0,0,0,0,0,37918552,6372,0,38239292,6978,0
924,42231953145055,42231955082467,19998632,sA-eth3,up,42231954873274,netem,39771632,30196,0,0,0,0,0,37918552,6372,0,38239292,6978,0
925,42231973142407,42231974995197,19997352,sA-eth3,up,42231974811006,netem,39771632,30196,0,0,0,0,0,37918552,6372,0,38239292,6978,0
926,42231993144120,42231994900950,20001713,sA-eth3,up,42231994727197,netem,39771632,30196,0,0,0,0,0,37918552,6372,0,38239292,6978,0
927,42232013141961,42232014930862,19997841,sA-eth3,up,42232014749690,netem,39771632,30196,0,0,0,0,0,37918552,6372,0,38239292,6978,0
928,42232033144694,42232034972084,20002733,sA-eth3,up,42232034797553,netem,39771632,30196,0,0,0,0,0,37918552,6372,0,38239292,6978,0
929,42232053140066,42232054878696,19995372,sA-eth3,up,42232054706443,netem,39771632,30196,0,0,0,0,0,37918552,6372,0,38239292,6978,0
930,42232073139988,42232075053320,19999922,sA-eth3,up,42232074866577,netem,39771710,30197,0,0,0,0,0,37920066,6373,0,38239370,6979,0
931,42232093144260,42232094974592,20004272,sA-eth3,up,42232094805029,netem,39771710,30197,0,0,0,0,0,37920066,6373,0,38239370,6979,0
932,42232113163323,42232115082935,20019063,sA-eth3,up,42232114895702,netem,39771710,30197,0,0,0,0,0,37920066,6373,0,38239370,6979,0
933,42232133142226,42232134928605,19978903,sA-eth3,up,42232134753403,netem,39771710,30197,0,0,0,0,0,37920066,6373,0,38239370,6979,0
934,42232153140417,42232154960348,19998191,sA-eth3,up,42232154771496,netem,39771710,30197,0,0,0,0,0,37920066,6373,0,38239370,6979,0
935,42232173140159,42232174976480,19999742,sA-eth3,up,42232174797518,netem,39771710,30197,0,0,0,0,0,37920066,6373,0,38239370,6979,0
936,42232193146802,42232195257215,20006643,sA-eth3,up,42232195074084,netem,39771710,30197,0,0,0,0,0,37920066,6373,0,38239370,6979,0
937,42232213140115,42232215093326,19993313,sA-eth3,up,42232214895574,netem,39771710,30197,0,0,0,0,0,37920066,6373,0,38239370,6979,0
938,42232233142896,42232235051118,20002781,sA-eth3,up,42232234856235,netem,39771710,30197,0,0,0,0,0,37920066,6373,0,38239370,6979,0
939,42232253145459,42232255073590,20002563,sA-eth3,up,42232254877728,netem,39771710,30197,0,0,0,0,0,37920066,6373,0,38239370,6979,0
940,42232273146831,42232274987881,20001372,sA-eth3,up,42232274810739,netem,39771710,30197,0,0,0,0,0,37920066,6373,0,38239370,6979,0
941,42232293138473,42232294969694,19991642,sA-eth3,up,42232294798222,netem,39772274,30205,0,0,0,0,0,37966996,6382,0,38239934,6987,0
942,42232313137315,42232315131238,19998842,sA-eth3,up,42232314902775,netem,39772936,30214,0,0,0,0,0,38023996,6390,0,38240596,6996,0
943,42232333147878,42232335081958,20010563,sA-eth3,up,42232334885897,netem,39773486,30221,0,0,0,78,1,38089684,6398,0,38241224,7004,0
944,42232353146850,42232355056921,19998972,sA-eth3,up,42232354870369,netem,39774074,30229,0,0,0,0,0,38155372,6406,0,38241734,7011,0
945,42232373140472,42232375207555,19993622,sA-eth3,up,42232374998763,netem,39774284,30232,0,0,0,0,0,38172352,6408,0,38241944,7014,0
946,42232393140194,42232395151667,19999722,sA-eth3,up,42232394930524,netem,39774284,30232,0,0,0,0,0,38172352,6408,0,38241944,7014,0
947,42232413141897,42232415098558,20001703,sA-eth3,up,42232414902497,netem,39774284,30232,0,0,0,0,0,38172352,6408,0,38241944,7014,0
948,42232433141719,42232435102841,19999822,sA-eth3,up,42232434906068,netem,39774284,30232,0,0,0,0,0,38172352,6408,0,38241944,7014,0
949,42232453139471,42232455056772,19997752,sA-eth3,up,42232454868680,netem,39774284,30232,0,0,0,0,0,38172352,6408,0,38241944,7014,0
950,42232473137844,42232475079995,19998373,sA-eth3,up,42232474863983,netem,39774284,30232,0,0,0,0,0,38172352,6408,0,38241944,7014,0
951,42232493135295,42232495163919,19997451,sA-eth3,up,42232494941206,netem,39774284,30232,0,0,0,0,0,38172352,6408,0,38241944,7014,0
952,42232513143418,42232515171530,20008123,sA-eth3,up,42232514961988,netem,39774284,30232,0,0,0,0,0,38172352,6408,0,38241944,7014,0
953,42232533145251,42232535126502,20001833,sA-eth3,up,42232534923220,netem,39774284,30232,0,0,0,0,0,38172352,6408,0,38241944,7014,0
954,42232553142132,42232556070705,19996881,sA-eth3,up,42232555817712,netem,39774506,30235,0,0,0,78,1,38197256,6412,0,38242166,7017,0
955,42232573143474,42232575311308,20001342,sA-eth3,up,42232575124726,netem,39774938,30241,0,0,0,0,0,38241158,6419,0,38242598,7023,0
956,42232593142017,42232595246760,19998543,sA-eth3,up,42232595051328,netem,39775622,30251,0,0,0,78,1,38317180,6430,0,38243282,7033,0
957,42232613148260,42232616072201,20006243,sA-eth3,up,42232615831829,netem,39776342,30261,0,0,0,0,0,38382934,6439,0,38244002,7043,0
958,42232633136661,42232635406006,19988401,sA-eth3,up,42232635189654,netem,39777230,30273,0,0,0,78,1,38474950,6451,0,38244968,7056,0
959,42232653144224,42232655291168,20007563,sA-eth3,up,42232655096046,netem,39777950,30283,0,0,0,164,2,38575654,6463,0,38245774,7067,0
960,42232673145296,42232675193069,20001072,sA-eth3,up,42232674979456,netem,39779080,30298,0,0,0,66,1,38676424,6476,0,38246740,7080,0
961,42232693146688,42232695248191,20001392,sA-eth3,up,42232695057269,netem,39780046,30311,0,0,0,0,0,38790226,6489,0,38247706,7093,0
962,42232713145920,42232715260964,19999232,sA-eth3,up,42232715069162,netem,39780674,30319,0,0,0,0,0,38860324,6498,0,38248334,7101,0
963,42232733157613,42232735449128,20011693,sA-eth3,up,42232735230685,netem,39845126,30373,0,0,0,37916,4,38948128,6512,0,38310278,7117,0
964,42232753146575,42232755202488,19988962,sA-eth3,up,42232754982815,netem,40086512,30542,0,0,0,68208,6,39027772,6534,0,38558286,7145,0
965,42232773141637,42232775106259,19995062,sA-eth3,up,42232774881716,netem,40343100,30720,0,0,0,87956,7,39085960,6560,0,38788980,7172,0
966,42232793148479,42232795380284,20006842,sA-eth3,up,42232795143491,netem,40597940,30894,0,0,0,103030,9,39130324,6574,0,39033854,7195,0
967,42232813148442,42232815213054,19999963,sA-eth3,up,42232814986502,netem,40837316,31054,0,0,0,133568,13,39157444,6590,0,39280062,7217,0
968,42232833147313,42232835091185,19998871,sA-eth3,up,42232834855312,netem,41093682,31229,0,0,0,153164,14,39202006,6607,0,39510390,7239,0
969,42232853142596,42232855112148,19995283,sA-eth3,up,42232854895575,netem,41337842,31395,0,0,0,130602,14,39272830,6627,0,39745046,7261,0
970,42232873145038,42232875218511,20002442,sA-eth3,up,42232875022179,netem,41588428,31570,0,0,0,136580,14,39339178,6645,0,40001924,7290,0
971,42232893140311,42232895452136,19995273,sA-eth3,up,42232895276064,netem,41844700,31744,0,0,0,134098,13,39378080,6664,0,40232302,7313,0
972,42232913145073,42232915154555,20004762,sA-eth3,up,42232914952974,netem,41979580,31846,0,0,0,0,0,39437056,6680,0,40361902,7335,0
973,42232933140765,42232935222227,19995692,sA-eth3,up,42232935040047,netem,41980144,31854,0,0,0,78,1,39515842,6689,0,40362544,7344,0
974,42232953187038,42232955312571,20046273,sA-eth3,up,42232955091198,netem,41981492,31866,0,0,0,66,1,39594772,6700,0,40363814,7355,0
975,42232973140879,42232975093561,19953841,sA-eth3,up,42232974896868,netem,41982200,31876,0,0,0,0,0,39664870,6709,0,40364522,7365,0
976,42232993143551,42232995099523,20002672,sA-eth3,up,42232994901661,netem,41982656,31882,0,0,0,66,1,39726148,6716,0,40364978,7371,0
977,42233013142014,42233015055915,19998463,sA-eth3,up,42233014860913,netem,41983418,31893,0,0,0,0,0,39818098,6727,0,40365740,7382,0
978,42233033145747,42233034988717,20003733,sA-eth3,up,42233034804734,netem,41984144,31904,0,0,0,0,0,39896950,6737,0,40366466,7393,0
979,42233053144698,42233054937669,19998951,sA-eth3,up,42233054756587,netem,41984542,31909,0,0,0,0,0,39940720,6742,0,40366864,7398,0
980,42233073135440,42233074909920,19990742,sA-eth3,up,42233074726918,netem,41985248,31918,0,0,0,0,0,40019572,6752,0,40367570,7407,0
981,42233093136073,42233094976633,20000633,sA-eth3,up,42233094796651,netem,41986106,31931,0,0,0,66,1,40172602,6767,0,40368428,7420,0
982,42233113165405,42233115132807,20029332,sA-eth3,up,42233114906414,netem,41987126,31945,0,0,0,78,1,40322670,6781,0,40369448,7434,0
983,42233133152327,42233135278331,19986922,sA-eth3,up,42233135096659,netem,41988054,31957,0,0,0,180,2,40442198,6793,0,40370376,7446,0
984,42233153136350,42233155110442,19984023,sA-eth3,up,42233154919979,netem,41989166,31971,0,0,0,0,0,40553038,6805,0,40371488,7460,0
985,42233173144341,42233175128745,20007991,sA-eth3,up,42233174938362,netem,41989966,31981,0,0,0,0,0,40692904,6818,0,40372288,7470,0
986,42233193144694,42233195067856,20000353,sA-eth3,up,42233194869193,netem,41991094,31995,0,0,0,0,0,40808220,6832,0,40373416,7484,0
987,42233213141596,42233214979867,19996902,sA-eth3,up,42233214804545,netem,41991970,32007,0,0,0,78,1,40907608,6846,0,40374292,7496,0
988,42233233144439,42233234944549,20002843,sA-eth3,up,42233234760706,netem,41992874,32019,0,0,0,0,0,41012656,6858,0,40375196,7508,0
989,42233253142371,42233254913140,19997932,sA-eth3,up,42233254735569,netem,41993566,32029,0,0,0,0,0,41100130,6867,0,40375888,7518,0
990,42233273150703,42233274981763,20008332,sA-eth3,up,42233274797172,netem,41994648,32042,0,0,0,0,0,41184972,6880,0,40376970,7531,0
991,42233293147196,42233294992836,19996493,sA-eth3,up,42233294805533,netem,41995284,32050,0,0,0,78,1,41271064,6890,0,40377684,7540,0
992,42233313169278,42233315186421,20022082,sA-eth3,up,42233314932588,netem,41996196,32062,0,0,0,0,0,41371702,6901,0,40378518,7551,0
993,42233333141740,42233334982670,19972462,sA-eth3,up,42233334791868,netem,41997038,32073,0,0,0,0,0,41472340,6912,0,40379360,7562,0
994,42233353136202,42233355023913,19994462,sA-eth3,up,42233354815941,netem,41997798,32083,0,0,0,0,0,41546848,6922,0,40380120,7572,0
995,42233373144755,42233375134747,20008553,sA-eth3,up,42233374912685,netem,41998542,32093,0,0,0,0,0,41654792,6934,0,40380864,7582,0
996,42233393143207,42233395166058,19998452,sA-eth3,up,42233394933386,netem,41999438,32105,0,0,0,0,0,41755430,6945,0,40381760,7594,0
997,42233413136509,42233415128011,19993302,sA-eth3,up,42233414906478,netem,42000396,32118,0,0,0,0,0,41866402,6959,0,40382718,7607,0
998,42233433138391,42233435231254,20001882,sA-eth3,up,42233435052012,netem,42001112,32128,0,0,0,66,1,41955456,6970,0,40383500,7618,0
999,42233453134753,42233455063415,19996362,sA-eth3,up,42233454881362,netem,42001928,32140,0,0,0,86,1,42058990,6981,0,40384250,7629,0
1000,42233473135365,42233475092317,20000612,sA-eth3,up,42233474912055,netem,42002652,32150,0,0,0,78,1,42169830,6993,0,40385052,7640,0
1001,42233493138358,42233495093460,20002993,sA-eth3,up,42233494898338,netem,42003482,32161,0,0,0,78,1,42250130,7003,0,40385882,7651,0
1002,42233513142671,42233515177583,20004313,sA-eth3,up,42233514946550,netem,42004296,32172,0,0,0,0,0,42346424,7014,0,40386618,7661,0
1003,42233533142032,42233535188734,19999361,sA-eth3,up,42233534989183,netem,42005206,32183,0,0,0,0,0,42404542,7025,0,40387528,7672,0
1004,42233553138124,42233555058426,19996092,sA-eth3,up,42233554829644,netem,42005370,32185,0,0,0,0,0,42406056,7026,0,40387692,7674,0
1005,42233573131287,42233574989457,19993163,sA-eth3,up,42233574807225,netem,42005370,32185,0,0,0,0,0,42406056,7026,0,40387692,7674,0
1006,42233593138119,42233595038070,20006832,sA-eth3,up,42233594847418,netem,42005370,32185,0,0,0,0,0,42406056,7026,0,40387692,7674,0
1007,42233613140001,42233615064813,20001882,sA-eth3,up,42233614864751,netem,42005370,32185,0,0,0,0,0,42406056,7026,0,40387692,7674,0
1008,42233633132183,42233635109236,19992182,sA-eth3,up,42233634917843,netem,42005370,32185,0,0,0,0,0,42406056,7026,0,40387692,7674,0
1009,42233653132935,42233655113797,20000752,sA-eth3,up,42233654882315,netem,42109926,32255,0,0,0,68130,4,42406188,7028,0,40506980,7682,0
1010,42233673135698,42233675063709,20002763,sA-eth3,up,42233674851817,netem,42362764,32422,0,0,0,66616,4,42406914,7039,0,40731094,7699,0
1011,42233693143990,42233695169703,20008292,sA-eth3,up,42233694951910,netem,42620144,32592,0,0,0,75700,6,42407574,7049,0,40978376,7716,0
1012,42233713136623,42233715214685,19992633,sA-eth3,up,42233714995773,netem,42872982,32759,0,0,0,87812,6,42408432,7062,0,41221446,7735,0
1013,42233733135174,42233735184807,19998551,sA-eth3,up,42233734969486,netem,43112194,32917,0,0,0,98410,7,42409224,7074,0,41465898,7753,0
1014,42233753153747,42233755275751,20018573,sA-eth3,up,42233755055629,netem,43368060,33086,0,0,0,84850,7,42411596,7088,0,41697252,7770,0
1015,42233773153920,42233775535045,20000173,sA-eth3,up,42233775352274,netem,43619450,33253,0,0,0,83270,6,42412586,7103,0,41953420,7790,0
1016,42233793132691,42233795053273,19978771,sA-eth3,up,42233794847430,netem,43861690,33413,0,0,0,98410,7,42413312,7114,0,42186288,7808,0
1017,42233813137284,42233815512890,20004593,sA-eth3,up,42233815296908,netem,44114528,33580,0,0,0,83784,7,42414368,7130,0,42433702,7827,0
1018,42233833145106,42233835863466,20007822,sA-eth3,up,42233835665294,netem,44198702,33641,0,0,0,78,1,42471524,7140,0,42495686,7837,0
1019,42233853135667,42233855652796,19990561,sA-eth3,up,42233855476634,netem,44200184,33654,0,0,0,0,0,42578020,7152,0,42497168,7850,0
1020,42233873133420,42233875432296,19997753,sA-eth3,up,42233875262364,netem,44200792,33662,0,0,0,0,0,42640812,7160,0,42497776,7858,0
1021,42233893139453,42233895725581,20006033,sA-eth3,up,42233895560620,netem,44201276,33668,0,0,0,78,1,42684648,7166,0,42498260,7864,0
1022,42233913137325,42233915328549,19997872,sA-eth3,up,42233915164277,netem,44202126,33679,0,0,0,66,1,42763632,7178,0,42499110,7875,0
1023,42233933147287,42233935478234,20009962,sA-eth3,up,42233935218271,netem,44202990,33691,0,0,0,66,1,42859926,7189,0,42499974,7887,0
1024,42233953155099,42233955420935,20007812,sA-eth3,up,42233955225762,netem,44203938,33703,0,0,0,0,0,42972280,7202,0,42500922,7899,0
1025,42233973144172,42233975290765,19989073,sA-eth3,up,42233975107404,netem,44204774,33713,0,0,0,94,1,43071536,7214,0,42501852,7910,0
1026,42233993141443,42233995180697,19997271,sA-eth3,up,42233994959204,netem,44205854,33727,0,0,0,0,0,43162038,7225,0,42502838,7923,0
1027,42234013157856,42234015219440,20016413,sA-eth3,up,42234015030727,netem,44206384,33734,0,0,0,78,1,43232136,7234,0,42503368,7930,0
1028,42234033145289,42234035152201,19987433,sA-eth3,up,42234034949448,netem,44207206,33745,0,0,0,0,0,43319742,7245,0,42504190,7941,0
1029,42234053140741,42234055162443,19995452,sA-eth3,up,42234054954651,netem,44207914,33755,0,0,0,66,1,43407282,7255,0,42504898,7951,0
1030,42234073144203,42234075165205,20003462,sA-eth3,up,42234074942263,netem,44210190,33767,0,0,0,66,1,43494966,7267,0,42507174,7963,0
1031,42234093154145,42234095139527,20009942,sA-eth3,up,42234094923634,netem,44211048,33780,0,0,0,0,0,43595670,7279,0,42508032,7976,0
1032,42234113155477,42234115381372,20001332,sA-eth3,up,42234115191820,netem,44211582,33787,0,0,0,15308,3,43652604,7286,0,42508656,7984,0
1033,42234133150699,42234135344174,19995222,sA-eth3,up,42234135146693,netem,44451644,33956,0,0,0,48580,5,43741134,7311,0,42739256,8010,0
1034,42234153149382,42234155143404,19998683,sA-eth3,up,42234154921791,netem,44687046,34121,0,0,0,68466,9,43820976,7336,0,42983070,8039,0
1035,42234173151704,42234175170036,20002322,sA-eth3,up,42234174939834,netem,44943798,34301,0,0,0,82006,9,43891800,7356,0,43225446,8067,0
1036,42234193159917,42234195178039,20008213,sA-eth3,up,42234194980117,netem,45200352,34478,0,0,0,84972,8,43947880,7372,0,43458924,8092,0
1037,42234213149639,42234215324903,19989722,sA-eth3,up,42234215147381,netem,45441924,34646,0,0,0,116930,13,44033382,7395,0,43705604,8118,0
1038,42234233147471,42234235150853,19997832,sA-eth3,up,42234234953990,netem,45695560,34822,0,0,0,123010,12,44101310,7415,0,43934860,8144,0
1039,42234253148164,42234255094945,20000693,sA-eth3,up,42234254891903,netem,45952702,35005,0,0,0,68388,8,44172002,7433,0,44181970,8175,0
1040,42234273148475,42234274995616,20000311,sA-eth3,up,42234274808864,netem,46190978,35169,0,0,0,106168,9,44239996,7454,0,44427000,8200,0
1041,42234293150707,42234295033109,20002232,sA-eth3,up,42234294831936,netem,46412202,35329,0,0,0,78,1,44328394,7477,0,44623662,8229,0
1042,42234313149550,42234315048611,19998843,sA-eth3,up,42234314848529,netem,46413054,35341,0,0,0,0,0,44421858,7489,0,44624436,8240,0
1043,42234333146752,42234335060573,19997202,sA-eth3,up,42234334856241,netem,46413972,35354,0,0,0,0,0,44531382,7503,0,44625354,8253,0
1044,42234353147354,42234355573781,20000602,sA-eth3,up,42234355360189,netem,46414236,35358,0,0,0,0,0,44536306,7505,0,44625618,8257,0
1045,42234373146897,42234375524582,19999543,sA-eth3,up,42234375324391,netem,46414236,35358,0,0,0,0,0,44536306,7505,0,44625618,8257,0
1046,42234393141129,42234395478435,19994232,sA-eth3,up,42234395308032,netem,46414236,35358,0,0,0,0,0,44536306,7505,0,44625618,8257,0
1047,42234413146191,42234415468607,20005062,sA-eth3,up,42234415286035,netem,46414236,35358,0,0,0,0,0,44536306,7505,0,44625618,8257,0
1048,42234433146293,42234435116445,20000102,sA-eth3,up,42234434888252,netem,46414236,35358,0,0,0,0,0,44536306,7505,0,44625618,8257,0
1049,42234453142575,42234455105208,19996282,sA-eth3,up,42234454910085,netem,46414236,35358,0,0,0,0,0,44536306,7505,0,44625618,8257,0
1050,42234473141527,42234475127149,19998952,sA-eth3,up,42234474915398,netem,46414236,35358,0,0,0,0,0,44536306,7505,0,44625618,8257,0
1051,42234493143030,42234495073421,20001503,sA-eth3,up,42234494857989,netem,46414236,35358,0,0,0,0,0,44536306,7505,0,44625618,8257,0
1052,42234513142302,42234515607469,19999272,sA-eth3,up,42234515436368,netem,46414236,35358,0,0,0,0,0,44536306,7505,0,44625618,8257,0
1053,42234533151705,42234535365979,20009403,sA-eth3,up,42234535136567,netem,46414524,35362,0,0,0,78,1,44575756,7510,0,44625906,8261,0
1054,42234553153866,42234555169939,20002161,sA-eth3,up,42234554967747,netem,46415360,35372,0,0,0,78,1,44643090,7521,0,44626742,8271,0
1055,42234573144869,42234575423414,19991003,sA-eth3,up,42234575230571,netem,46416182,35383,0,0,0,0,0,44729182,7531,0,44627564,8282,0
1056,42234593146542,42234595156684,20001673,sA-eth3,up,42234594967051,netem,46416946,35393,0,0,0,0,0,44796450,7541,0,44628328,8292,0
1057,42234613148083,42234615157605,20001541,sA-eth3,up,42234614930813,netem,46417684,35404,0,0,0,0,0,44873920,7552,0,44629066,8303,0
1058,42234633146906,42234635135858,19998823,sA-eth3,up,42234634937465,netem,46418158,35411,0,0,0,78,1,44932368,7560,0,44629618,8311,0
1059,42234653142468,42234654984048,19995562,sA-eth3,up,42234654799477,netem,46418314,35413,0,0,0,0,0,44932368,7560,0,44629696,8312,0
1060,42234673146841,42234674990541,20004373,sA-eth3,up,42234674804398,netem,46418314,35413,0,0,0,0,0,44932368,7560,0,44629696,8312,0
1061,42234693149372,42234695052994,20002531,sA-eth3,up,42234694826871,netem,46418314,35413,0,0,0,0,0,44932368,7560,0,44629696,8312,0
1062,42234713141195,42234715096667,19991823,sA-eth3,up,42234714889944,netem,46519842,35481,0,0,0,49962,3,44932632,7564,0,44743258,8321,0
1063,42234733147427,42234734962327,20006232,sA-eth3,up,42234734776295,netem,46775708,35650,0,0,0,27252,2,44932896,7568,0,44973098,8337,0
1064,42234753142899,42234755307773,19995472,sA-eth3,up,42234755113381,netem,46818100,35678,0,0,0,0,0,44932896,7568,0,45013906,8341,0
1065,42234773144961,42234775406486,20002062,sA-eth3,up,42234775223684,netem,47030060,35818,0,0,0,51476,4,44932962,7569,0,45217616,8356,0
1066,42234793151674,42234795501840,20006713,sA-eth3,up,42234795325478,netem,47098190,35863,0,0,0,0,0,44932962,7569,0,45283106,8361,0
1067,42234813152085,42234815410871,20000411,sA-eth3,up,42234815239589,netem,47111816,35872,0,0,0,0,0,44932962,7569,0,45296204,8362,0
1068,42234833148338,42234835402083,19996253,sA-eth3,up,42234835231501,netem,47111816,35872,0,0,0,0,0,44932962,7569,0,45296204,8362,0
1069,42234853147391,42234854975190,19999053,sA-eth3,up,42234854787989,netem,47111894,35873,0,0,0,0,0,44940334,7571,0,45296282,8363,0
1070,42234873148753,42234874993253,20001362,sA-eth3,up,42234874806201,netem,47112448,35880,0,0,0,0,0,44974100,7578,0,45296836,8370,0
1071,42234893142704,42234895084286,19993951,sA-eth3,up,42234894896594,netem,47113200,35890,0,0,0,0,0,45028336,7588,0,45297588,8380,0
1072,42234913144767,42234915114389,20002063,sA-eth3,up,42234914895226,netem,47113894,35899,0,0,0,78,1,45076714,7597,0,45298282,8389,0
1073,42234933148019,42234935437835,20003252,sA-eth3,up,42234935261663,netem,47114518,35907,0,0,0,66,1,45106202,7605,0,45298906,8397,0
1074,42234953139921,42234955046312,19991902,sA-eth3,up,42234954831770,netem,47115328,35918,0,0,0,66,1,45172088,7616,0,45299716,8408,0
1075,42234973150054,42234975000795,20010133,sA-eth3,up,42234974819633,netem,47115964,35926,0,0,0,78,1,45221914,7625,0,45300352,8416,0
1076,42234993148486,42234994933106,19998432,sA-eth3,up,42234994747703,netem,47116186,35929,0,0,0,0,0,45229220,7626,0,45300574,8419,0
1077,42235013150938,42235015023589,20002452,sA-eth3,up,42235014817437,netem,47116186,35929,0,0,0,0,0,45229220,7626,0,45300574,8419,0
1078,42235033157290,42235035091322,20006352,sA-eth3,up,42235034859290,netem,47258502,36023,0,0,0,49962,3,45229892,7636,0,45453472,8432,0
1079,42235053110792,42235055108765,19953502,sA-eth3,up,42235054912612,netem,47517396,36194,0,0,0,43906,3,45230882,7651,0,45686208,8448,0
1080,42235073141375,42235075464561,20030583,sA-eth3,up,42235075285318,netem,47771748,36362,0,0,0,43906,4,45231872,7666,0,45930660,8466,0
1081,42235093141567,42235094988058,20000192,sA-eth3,up,42235094807366,netem,48007932,36518,0,0,0,45420,3,45232796,7680,0,46172282,8485,0
1082,42235113142069,42235114984629,20000502,sA-eth3,up,42235114802898,netem,48257742,36683,0,0,0,52990,4,45233852,7696,0,46412324,8502,0
1083,42235133165162,42235135066803,20023093,sA-eth3,up,42235134868451,netem,48503010,36845,0,0,0,62074,5,45234776,7710,0,46650984,8520,0
1084,42235153148743,42235154980324,19983581,sA-eth3,up,42235154790612,netem,48617074,36921,0,0,0,0,0,45235172,7716,0,46743184,8528,0
1085,42235173146276,42235175239780,19997533,sA-eth3,up,42235175059997,netem,48617074,36921,0,0,0,0,0,45235172,7716,0,46743184,8528,0
1086,42235193142188,42235194986608,19995912,sA-eth3,up,42235194803157,netem,48617074,36921,0,0,0,0,0,45235172,7716,0,46743184,8528,0
1087,42235213151211,42235215045351,20009023,sA-eth3,up,42235214837099,netem,48617074,36921,0,0,0,0,0,45235172,7716,0,46743184,8528,0
1088,42235233152773,42235235090764,20001562,sA-eth3,up,42235234896332,netem,48617074,36921,0,0,0,0,0,45235172,7716,0,46743184,8528,0
1089,42235253148005,42235254959985,19995232,sA-eth3,up,42235254771344,netem,48617074,36921,0,0,0,0,0,45235172,7716,0,46743184,8528,0
1090,42235273148468,42235275022478,20000463,sA-eth3,up,42235274821756,netem,48617074,36921,0,0,0,0,0,45235172,7716,0,46743184,8528,0
1091,42235293154120,42235295055730,20005652,sA-eth3,up,42235294846418,netem,48617074,36921,0,0,0,0,0,45235172,7716,0,46743184,8528,0
1092,42235313147782,42235314986223,19993662,sA-eth3,up,42235314801550,netem,48617074,36921,0,0,0,0,0,45235172,7716,0,46743184,8528,0
1093,42235333144604,42235334959224,19996822,sA-eth3,up,42235334775382,netem,48617074,36921,0,0,0,0,0,45235172,7716,0,46743184,8528,0
1094,42235353150377,42235354976436,20005773,sA-eth3,up,42235354789874,netem,48617074,36921,0,0,0,0,0,45235172,7716,0,46743184,8528,0
1095,42235373155418,42235375088180,20005041,sA-eth3,up,42235374863567,netem,48617074,36921,0,0,0,0,0,45235172,7716,0,46743184,8528,0
1096,42235393149521,42235395135693,19994103,sA-eth3,up,42235394941480,netem,48617074,36921,0,0,0,0,0,45235172,7716,0,46743184,8528,0
1097,42235413145633,42235415048754,19996112,sA-eth3,up,42235414847673,netem,48617074,36921,0,0,0,0,0,45235172,7716,0,46743184,8528,0
1098,42235433153966,42235435022786,20008333,sA-eth3,up,42235434816003,netem,48617074,36921,0,0,0,0,0,45235172,7716,0,46743184,8528,0
1099,42235453156207,42235455091449,20002241,sA-eth3,up,42235454892247,netem,48617074,36921,0,0,0,0,0,45235172,7716,0,46743184,8528,0
1100,42235473149270,42235475160362,19993063,sA-eth3,up,42235474963970,netem,48617074,36921,0,0,0,0,0,45235172,7716,0,46743184,8528,0
1101,42235493143823,42235494985032,19994553,sA-eth3,up,42235494798880,netem,48617074,36921,0,0,0,0,0,45235172,7716,0,46743184,8528,0
1102,42235513144514,42235515097566,20000691,sA-eth3,up,42235514907203,netem,48617074,36921,0,0,0,0,0,45235172,7716,0,46743184,8528,0
1103,42235533148477,42235535074778,20003963,sA-eth3,up,42235534879176,netem,48617074,36921,0,0,0,0,0,45235172,7716,0,46743184,8528,0
1104,42235553148389,42235555057979,19999912,sA-eth3,up,42235554861188,netem,48617074,36921,0,0,0,0,0,45235172,7716,0,46743184,8528,0
1105,42235573144212,42235575486087,19995823,sA-eth3,up,42235575310585,netem,48617074,36921,0,0,0,0,0,45235172,7716,0,46743184,8528,0
1106,42235593144023,42235594996254,19999811,sA-eth3,up,42235594798422,netem,48617074,36921,0,0,0,0,0,45235172,7716,0,46743184,8528,0
1107,42235613139996,42235615305240,19995973,sA-eth3,up,42235615120958,netem,48617074,36921,0,0,0,0,0,45235172,7716,0,46743184,8528,0
1108,42235633160579,42235635316311,20020583,sA-eth3,up,42235635130590,netem,48617074,36921,0,0,0,0,0,45235172,7716,0,46743184,8528,0
1109,42235653145600,42235655672808,19985021,sA-eth3,up,42235655490166,netem,48617074,36921,0,0,0,0,0,45235172,7716,0,46743184,8528,0
1110,42235673139532,42235675061414,19993932,sA-eth3,up,42235674823881,netem,48617074,36921,0,0,0,0,0,45235172,7716,0,46743184,8528,0
1111,42235693143915,42235695060535,20004383,sA-eth3,up,42235694836294,netem,48617074,36921,0,0,0,0,0,45235172,7716,0,46743184,8528,0
1112,42235713148486,42235715168050,20004571,sA-eth3,up,42235714952757,netem,48617074,36921,0,0,0,0,0,45235172,7716,0,46743184,8528,0
1113,42235733147469,42235735162671,19998983,sA-eth3,up,42235734970389,netem,48617074,36921,0,0,0,0,0,45235172,7716,0,46743184,8528,0
1114,42235753145362,42235755024332,19997893,sA-eth3,up,42235754809950,netem,48617074,36921,0,0,0,0,0,45235172,7716,0,46743184,8528,0
1115,42235773143964,42235775000374,19998602,sA-eth3,up,42235774808882,netem,48617074,36921,0,0,0,0,0,45235172,7716,0,46743184,8528,0
1116,42235793149876,42235795033077,20005912,sA-eth3,up,42235794829025,netem,48617074,36921,0,0,0,0,0,45235172,7716,0,46743184,8528,0
1117,42235813145488,42235815093830,19995612,sA-eth3,up,42235814900128,netem,48617074,36921,0,0,0,0,0,45235172,7716,0,46743184,8528,0
1118,42235833147590,42235835068471,20002102,sA-eth3,up,42235834864950,netem,48617074,36921,0,0,0,0,0,45235172,7716,0,46743184,8528,0
1119,42235853143992,42235855053494,19996402,sA-eth3,up,42235854862891,netem,48617074,36921,0,0,0,0,0,45235172,7716,0,46743184,8528,0
1120,42235873149135,42235875213487,20005143,sA-eth3,up,42235874997266,netem,48617074,36921,0,0,0,0,0,45235172,7716,0,46743184,8528,0
1121,42235893145907,42235895073039,19996772,sA-eth3,up,42235894876927,netem,48617074,36921,0,0,0,0,0,45235172,7716,0,46743184,8528,0
1122,42235913141749,42235914946979,19995842,sA-eth3,up,42235914761347,netem,48617074,36921,0,0,0,0,0,45235172,7716,0,46743184,8528,0
1123,42235933140791,42235935106763,19999042,sA-eth3,up,42235934901880,netem,48617074,36921,0,0,0,0,0,45235172,7716,0,46743184,8528,0
1124,42235953150654,42235955079846,20009863,sA-eth3,up,42235954882813,netem,48617074,36921,0,0,0,0,0,45235172,7716,0,46743184,8528,0
1125,42235973149886,42235975254229,19999232,sA-eth3,up,42235975078837,netem,48617074,36921,0,0,0,0,0,45235172,7716,0,46743184,8528,0
1126,42235993143488,42235995149830,19993602,sA-eth3,up,42235994953358,netem,48617074,36921,0,0,0,0,0,45235172,7716,0,46743184,8528,0
1127,42236013144001,42236015109592,20000513,sA-eth3,up,42236014914200,netem,48617074,36921,0,0,0,0,0,45235172,7716,0,46743184,8528,0
1128,42236033146543,42236035020843,20002542,sA-eth3,up,42236034814671,netem,48617074,36921,0,0,0,0,0,45235172,7716,0,46743184,8528,0
1129,42236053150354,42236055083856,20003811,sA-eth3,up,42236054880004,netem,48617074,36921,0,0,0,0,0,45235172,7716,0,46743184,8528,0
1130,42236073143467,42236075038289,19993113,sA-eth3,up,42236074831446,netem,48617074,36921,0,0,0,0,0,45235172,7716,0,46743184,8528,0
1131,42236093144629,42236094957339,20001162,sA-eth3,up,42236094761537,netem,48617074,36921,0,0,0,0,0,45235172,7716,0,46743184,8528,0
1132,42236113146291,42236115062633,20001662,sA-eth3,up,42236114869990,netem,48617074,36921,0,0,0,0,0,45235172,7716,0,46743184,8528,0
1133,42236133148194,42236135024625,20001903,sA-eth3,up,42236134818753,netem,48617074,36921,0,0,0,0,0,45235172,7716,0,46743184,8528,0
1134,42236153146286,42236154982606,19998092,sA-eth3,up,42236154796095,netem,48617074,36921,0,0,0,0,0,45235172,7716,0,46743184,8528,0
1135,42236173142608,42236174945418,19996322,sA-eth3,up,42236174759896,netem,48617074,36921,0,0,0,0,0,45235172,7716,0,46743184,8528,0
1136,42236193152150,42236195091692,20009542,sA-eth3,up,42236194887159,netem,48617074,36921,0,0,0,0,0,45235172,7716,0,46743184,8528,0
1137,42236213149743,42236215036854,19997593,sA-eth3,up,42236214827962,netem,48617074,36921,0,0,0,0,0,45235172,7716,0,46743184,8528,0
1138,42236233145145,42236234984906,19995402,sA-eth3,up,42236234802793,netem,48617074,36921,0,0,0,0,0,45235172,7716,0,46743184,8528,0
1139,42236253144628,42236254938978,19999483,sA-eth3,up,42236254754115,netem,48617074,36921,0,0,0,0,0,45235172,7716,0,46743184,8528,0
1140,42236273151589,42236275196943,20006961,sA-eth3,up,42236275025481,netem,48617074,36921,0,0,0,0,0,45235172,7716,0,46743184,8528,0
1141,42236293148112,42236295166044,19996523,sA-eth3,up,42236294971122,netem,48617074,36921,0,0,0,0,0,45235172,7716,0,46743184,8528,0
1142,42236313148314,42236315192407,20000202,sA-eth3,up,42236315001294,netem,48617074,36921,0,0,0,0,0,45235172,7716,0,46743184,8528,0
1143,42236333144306,42236335123218,19995992,sA-eth3,up,42236334921817,netem,48617074,36921,0,0,0,0,0,45235172,7716,0,46743184,8528,0
1144,42236353145499,42236355038869,20001193,sA-eth3,up,42236354833337,netem,48617074,36921,0,0,0,0,0,45235172,7716,0,46743184,8528,0
1145,42236373149631,42236375066132,20004132,sA-eth3,up,42236374870500,netem,48617074,36921,0,0,0,0,0,45235172,7716,0,46743184,8528,0
1146,42236393142682,42236395000924,19993051,sA-eth3,up,42236394817011,netem,48617074,36921,0,0,0,0,0,45235172,7716,0,46743184,8528,0
1147,42236413144785,42236414978226,20002103,sA-eth3,up,42236414797314,netem,48617074,36921,0,0,0,0,0,45235172,7716,0,46743184,8528,0
1148,42236433140998,42236434979368,19996213,sA-eth3,up,42236434797746,netem,48617074,36921,0,0,0,0,0,45235172,7716,0,46743184,8528,0
1149,42236453146419,42236454979660,20005421,sA-eth3,up,42236454795728,netem,48617074,36921,0,0,0,0,0,45235172,7716,0,46743184,8528,0
1150,42236473149892,42236475485888,20003473,sA-eth3,up,42236475310676,netem,48617324,36924,0,0,0,0,0,45248534,7721,0,46743434,8531,0
1151,42236493134924,42236495300658,19985032,sA-eth3,up,42236495132477,netem,48618398,36939,0,0,0,0,0,45278418,7735,0,46744508,8546,0
1152,42236513153047,42236515278220,20018123,sA-eth3,up,42236515084948,netem,48618872,36946,0,0,0,66,1,45305076,7744,0,46744982,8553,0
1153,42236533146939,42236535288062,19993892,sA-eth3,up,42236535113190,netem,48619358,36953,0,0,0,0,0,45322848,7750,0,46745468,8560,0
1154,42236553150911,42236555244253,20003972,sA-eth3,up,42236555070092,netem,48619778,36959,0,0,0,0,0,45337658,7755,0,46745888,8566,0
1155,42236573137573,42236575253087,19986662,sA-eth3,up,42236575077954,netem,48620078,36963,0,0,0,78,1,45349638,7761,0,46746188,8571,0
1156,42236593147465,42236594965846,20009892,sA-eth3,up,42236594760043,netem,48620510,36969,0,0,0,0,0,45360104,7766,0,46746620,8576,0
1157,42236613145527,42236615276881,19998062,sA-eth3,up,42236615105979,netem,48620510,36969,0,0,0,0,0,45360104,7766,0,46746620,8576,0
1158,42236633154430,42236635108582,20008903,sA-eth3,up,42236634885699,netem,48620510,36969,0,0,0,0,0,45360104,7766,0,46746620,8576,0
1159,42236653147662,42236655361476,19993232,sA-eth3,up,42236655183325,netem,48620510,36969,0,0,0,0,0,45360104,7766,0,46746620,8576,0
1160,42236673139414,42236675221918,19991752,sA-eth3,up,42236675048055,netem,48620510,36969,0,0,0,0,0,45360104,7766,0,46746620,8576,0
1161,42236693145047,42236695123699,20005633,sA-eth3,up,42236694931886,netem,48620510,36969,0,0,0,0,0,45360104,7766,0,46746620,8576,0
1162,42236713136099,42236715241272,19991052,sA-eth3,up,42236715056440,netem,48620510,36969,0,0,0,0,0,45360104,7766,0,46746620,8576,0
1163,42236733140541,42236735119492,20004442,sA-eth3,up,42236734929622,netem,48620510,36969,0,0,0,0,0,45360104,7766,0,46746620,8576,0
1164,42236753146663,42236754957413,20006122,sA-eth3,up,42236754776872,netem,48620510,36969,0,0,0,0,0,45360104,7766,0,46746620,8576,0
1165,42236773161186,42236774992406,20014523,sA-eth3,up,42236774807844,netem,48620510,36969,0,0,0,0,0,45360104,7766,0,46746620,8576,0
1166,42236793154278,42236795127060,19993092,sA-eth3,up,42236794916598,netem,48620510,36969,0,0,0,0,0,45360104,7766,0,46746620,8576,0
1167,42236813150250,42236815509287,19995972,sA-eth3,up,42236815328044,netem,48621182,36979,0,0,0,66,1,45431848,7778,0,46747292,8586,0
1168,42236833147233,42236835784382,19996983,sA-eth3,up,42236835609860,netem,48621720,36986,0,0,0,0,0,45482990,7785,0,46747830,8593,0
1169,42236853141945,42236855377740,19994712,sA-eth3,up,42236855209347,netem,48622436,36996,0,0,0,66,1,45548810,7795,0,46748612,8604,0
1170,42236873148197,42236875179699,20006252,sA-eth3,up,42236874982087,netem,48623024,37004,0,0,0,78,1,45618842,7803,0,46749134,8611,0
1171,42236893156199,42236895127371,20008002,sA-eth3,up,42236894886008,netem,48623882,37015,0,0,0,0,0,45707962,7815,0,46749992,8622,0
1172,42236913147021,42236915030502,19990822,sA-eth3,up,42236914831799,netem,48624482,37023,0,0,0,0,0,45762000,7822,0,46750592,8630,0
1173,42236933147343,42236935051935,20000322,sA-eth3,up,42236934837482,netem,48625168,37032,0,0,0,0,0,45819066,7831,0,46751278,8639,0
1174,42236953149856,42236955062837,20002513,sA-eth3,up,42236954860454,netem,48625808,37040,0,0,0,66,1,45884820,7840,0,46751918,8647,0
1175,42236973153198,42236975638416,20003342,sA-eth3,up,42236975460974,netem,48626380,37048,0,0,0,66,1,45943268,7848,0,46752556,8656,0
1176,42236993138810,42236995382195,19985612,sA-eth3,up,42236995207403,netem,48626944,37056,0,0,0,0,0,45987104,7854,0,46753054,8663,0
1177,42237013151302,42237015310017,20012492,sA-eth3,up,42237015126784,netem,48627466,37063,0,0,0,66,1,46045552,7862,0,46753576,8670,0
1178,42237033153885,42237035064517,20002583,sA-eth3,up,42237034859214,netem,48627910,37069,0,0,0,86,1,46096694,7869,0,46754020,8676,0
1179,42237053164407,42237055112358,20010522,sA-eth3,up,42237054912797,netem,48628584,37078,0,0,0,0,0,46155142,7877,0,46754694,8685,0
1180,42237073150769,42237074990080,19986362,sA-eth3,up,42237074804427,netem,48629250,37087,0,0,0,0,0,46213590,7885,0,46755360,8694,0
1181,42237093145531,42237094939561,19994762,sA-eth3,up,42237094753949,netem,48629336,37088,0,0,0,0,0,46220896,7886,0,46755446,8695,0
1182,42237113148284,42237114966164,20002753,sA-eth3,up,42237114778831,netem,48629336,37088,0,0,0,0,0,46220896,7886,0,46755446,8695,0
1183,42237133159465,42237135092387,20011181,sA-eth3,up,42237134876665,netem,48629336,37088,0,0,0,0,0,46220896,7886,0,46755446,8695,0
1184,42237153153568,42237155071159,19994103,sA-eth3,up,42237154873917,netem,48629336,37088,0,0,0,0,0,46220896,7886,0,46755446,8695,0
1185,42237173143560,42237175269594,19989992,sA-eth3,up,42237175104022,netem,48629336,37088,0,0,0,0,0,46220896,7886,0,46755446,8695,0
1186,42237193153972,42237195154994,20010412,sA-eth3,up,42237194959603,netem,48629336,37088,0,0,0,0,0,46220896,7886,0,46755446,8695,0
1187,42237213153164,42237215078246,19999192,sA-eth3,up,42237214886764,netem,48629336,37088,0,0,0,0,0,46220896,7886,0,46755446,8695,0
1188,42237233153587,42237235070029,20000423,sA-eth3,up,42237234873246,netem,48629336,37088,0,0,0,0,0,46220896,7886,0,46755446,8695,0
1189,42237253147270,42237255000589,19993683,sA-eth3,up,42237254813038,netem,48629336,37088,0,0,0,0,0,46220896,7886,0,46755446,8695,0
1190,42237273147691,42237274956852,20000421,sA-eth3,up,42237274780190,netem,48629336,37088,0,0,0,0,0,46220896,7886,0,46755446,8695,0
1191,42237293148664,42237295064535,20000973,sA-eth3,up,42237294873953,netem,48629422,37089,0,0,0,0,0,46228268,7888,0,46755532,8696,0
1192,42237313149196,42237315020877,20000532,sA-eth3,up,42237314825474,netem,48630088,37098,0,0,0,0,0,46270788,7896,0,46756198,8705,0
1193,42237333146318,42237335044619,19997122,sA-eth3,up,42237334860117,netem,48630598,37105,0,0,0,78,1,46330750,7905,0,46756786,8713,0
1194,42237353146010,42237354933840,19999692,sA-eth3,up,42237354753408,netem,48631552,37118,0,0,0,78,1,46396768,7918,0,46757740,8726,0
1195,42237373143953,42237374944552,19997943,sA-eth3,up,42237374761680,netem,48632272,37128,0,0,0,66,1,46469894,7929,0,46758382,8735,0
1196,42237393154464,42237395076936,20010511,sA-eth3,up,42237394885103,netem,48632848,37136,0,0,0,0,0,46513796,7936,0,46758958,8743,0
1197,42237413145417,42237414962197,19990953,sA-eth3,up,42237414784016,netem,48633004,37138,0,0,0,0,0,46515310,7937,0,46759114,8745,0
1198,42237433145380,42237434982509,19999963,sA-eth3,up,42237434803517,netem,48633004,37138,0,0,0,0,0,46515310,7937,0,46759114,8745,0
1199,42237453148761,42237457879184,20003381,sA-eth3,up,42237457694942,netem,48633004,37138,0,0,0,0,0,46515310,7937,0,46759114,8745,0
1200,42237473145714,42237475428278,19996953,sA-eth3,up,42237475261568,netem,48633004,37138,0,0,0,0,0,46515310,7937,0,46759114,8745,0
1201,42237493141806,42237497800838,19996092,sA-eth3,up,42237497628245,netem,48633004,37138,0,0,0,0,0,46515310,7937,0,46759114,8745,0
1202,42237513145478,42237515891339,20003672,sA-eth3,up,42237515704997,netem,48633004,37138,0,0,0,0,0,46515310,7937,0,46759114,8745,0
1203,42237533155530,42237535156042,20010052,sA-eth3,up,42237534967081,netem,48633004,37138,0,0,0,0,0,46515310,7937,0,46759114,8745,0
1204,42237553154533,42237555082874,19999003,sA-eth3,up,42237554874962,netem,48633004,37138,0,0,0,0,0,46515310,7937,0,46759114,8745,0
1205,42237573145825,42237575582271,19991292,sA-eth3,up,42237575415780,netem,48633004,37138,0,0,0,0,0,46515310,7937,0,46759114,8745,0
1206,42237593139407,42237595031218,19993582,sA-eth3,up,42237594833716,netem,48633004,37138,0,0,0,0,0,46515310,7937,0,46759114,8745,0
1207,42237613160239,42237615128491,20020832,sA-eth3,up,42237614876599,netem,48633004,37138,0,0,0,0,0,46515310,7937,0,46759114,8745,0
1208,42237633160322,42237635138684,20000083,sA-eth3,up,42237634939982,netem,48633004,37138,0,0,0,0,0,46515310,7937,0,46759114,8745,0
1209,42237653153994,42237655164417,19993672,sA-eth3,up,42237654961524,netem,48633004,37138,0,0,0,0,0,46515310,7937,0,46759114,8745,0
1210,42237673146096,42237674950206,19992102,sA-eth3,up,42237674770265,netem,48633004,37138,0,0,0,0,0,46515310,7937,0,46759114,8745,0
1211,42237693146278,42237695042530,20000182,sA-eth3,up,42237694849947,netem,48633004,37138,0,0,0,0,0,46515310,7937,0,46759114,8745,0
1212,42237713145511,42237714963081,19999233,sA-eth3,up,42237714784959,netem,48633004,37138,0,0,0,0,0,46515310,7937,0,46759114,8745,0
1213,42237733175113,42237735105604,20029602,sA-eth3,up,42237734909262,netem,48633004,37138,0,0,0,0,0,46515310,7937,0,46759114,8745,0
1214,42237753147255,42237754992625,19972142,sA-eth3,up,42237754812464,netem,48633004,37138,0,0,0,0,0,46515310,7937,0,46759114,8745,0
1215,42237773144587,42237774983138,19997332,sA-eth3,up,42237774804065,netem,48633004,37138,0,0,0,0,0,46515310,7937,0,46759114,8745,0
1216,42237793144460,42237794961520,19999873,sA-eth3,up,42237794784208,netem,48633004,37138,0,0,0,0,0,46515310,7937,0,46759114,8745,0
1217,42237813147542,42237815066003,20003082,sA-eth3,up,42237814872631,netem,48633004,37138,0,0,0,0,0,46515310,7937,0,46759114,8745,0
1218,42237833148454,42237835077356,20000912,sA-eth3,up,42237834878943,netem,48633004,37138,0,0,0,0,0,46515310,7937,0,46759114,8745,0
1219,42237853153787,42237855227399,20005333,sA-eth3,up,42237855045597,netem,48633004,37138,0,0,0,0,0,46515310,7937,0,46759114,8745,0
1220,42237873160558,42237875292102,20006771,sA-eth3,up,42237875118400,netem,48633004,37138,0,0,0,0,0,46515310,7937,0,46759114,8745,0
1221,42237893162391,42237895390145,20001833,sA-eth3,up,42237895149033,netem,48633004,37138,0,0,0,0,0,46515310,7937,0,46759114,8745,0
1222,42237913175413,42237915852053,20013022,sA-eth3,up,42237915652281,netem,48633004,37138,0,0,0,0,0,46515310,7937,0,46759114,8745,0
1223,42237933147005,42237935203738,19971592,sA-eth3,up,42237935026076,netem,48633004,37138,0,0,0,0,0,46515310,7937,0,46759114,8745,0
1224,42237953143567,42237955177440,19996562,sA-eth3,up,42237954984248,netem,48633004,37138,0,0,0,0,0,46515310,7937,0,46759114,8745,0
1225,42237973155260,42237975072122,20011693,sA-eth3,up,42237974876259,netem,48633004,37138,0,0,0,0,0,46515310,7937,0,46759114,8745,0
1226,42237993164022,42237995057033,20008762,sA-eth3,up,42237994859832,netem,48633004,37138,0,0,0,0,0,46515310,7937,0,46759114,8745,0
1227,42238013144634,42238014925104,19980612,sA-eth3,up,42238014738462,netem,48633004,37138,0,0,0,0,0,46515310,7937,0,46759114,8745,0
1228,42238033149516,42238036047799,20004882,sA-eth3,up,42238035834696,netem,48633004,37138,0,0,0,0,0,46515310,7937,0,46759114,8745,0
1229,42238053157299,42238055269102,20007783,sA-eth3,up,42238055096461,netem,48633004,37138,0,0,0,0,0,46515310,7937,0,46759114,8745,0
1230,42238073152492,42238075361545,19995193,sA-eth3,up,42238075187714,netem,48633004,37138,0,0,0,0,0,46515310,7937,0,46759114,8745,0
1231,42238093146123,42238094995064,19993631,sA-eth3,up,42238094814972,netem,48633004,37138,0,0,0,0,0,46515310,7937,0,46759114,8745,0
1232,42238113144786,42238114995356,19998663,sA-eth3,up,42238114820645,netem,48633004,37138,0,0,0,0,0,46515310,7937,0,46759114,8745,0
1233,42238133169348,42238135146480,20024562,sA-eth3,up,42238134939098,netem,48633004,37138,0,0,0,0,0,46515310,7937,0,46759114,8745,0
1234,42238153155420,42238155087402,19986072,sA-eth3,up,42238154888899,netem,48633004,37138,0,0,0,0,0,46515310,7937,0,46759114,8745,0
1235,42238173145062,42238174983392,19989642,sA-eth3,up,42238174800951,netem,48633004,37138,0,0,0,0,0,46515310,7937,0,46759114,8745,0
1236,42238193148395,42238195027895,20003333,sA-eth3,up,42238194829694,netem,48633004,37138,0,0,0,0,0,46515310,7937,0,46759114,8745,0
1237,42238213148627,42238214997167,20000232,sA-eth3,up,42238214815405,netem,48633004,37138,0,0,0,0,0,46515310,7937,0,46759114,8745,0
1238,42238233154529,42238235041400,20005902,sA-eth3,up,42238234850418,netem,48633004,37138,0,0,0,0,0,46515310,7937,0,46759114,8745,0
1239,42238253145511,42238254942881,19990982,sA-eth3,up,42238254765709,netem,48633004,37138,0,0,0,0,0,46515310,7937,0,46759114,8745,0
1240,42238273148144,42238274978454,20002633,sA-eth3,up,42238274798641,netem,48633004,37138,0,0,0,0,0,46515310,7937,0,46759114,8745,0
1241,42238293138475,42238294971296,19990331,sA-eth3,up,42238294785954,netem,48633004,37138,0,0,0,0,0,46515310,7937,0,46759114,8745,0
1242,42238313156268,42238315151180,20017793,sA-eth3,up,42238314945938,netem,48633004,37138,0,0,0,0,0,46515310,7937,0,46759114,8745,0
1243,42238333149130,42238335622898,19992862,sA-eth3,up,42238335452846,netem,48633004,37138,0,0,0,0,0,46515310,7937,0,46759114,8745,0
1244,42238353153983,42238355409468,20004853,sA-eth3,up,42238355229516,netem,48633004,37138,0,0,0,0,0,46515310,7937,0,46759114,8745,0
1245,42238373160755,42238375498111,20006772,sA-eth3,up,42238375315659,netem,48633004,37138,0,0,0,0,0,46515310,7937,0,46759114,8745,0
1246,42238393166577,42238395143009,20005822,sA-eth3,up,42238394944437,netem,48633004,37138,0,0,0,0,0,46515310,7937,0,46759114,8745,0
1247,42238413157219,42238415073720,19990642,sA-eth3,up,42238414867709,netem,48633004,37138,0,0,0,0,0,46515310,7937,0,46759114,8745,0
1248,42238433153851,42238434976692,19996632,sA-eth3,up,42238434794850,netem,48633004,37138,0,0,0,0,0,46515310,7937,0,46759114,8745,0
1249,42238453157734,42238454974274,20003883,sA-eth3,up,42238454794742,netem,48633004,37138,0,0,0,0,0,46515310,7937,0,46759114,8745,0
1250,42238473177187,42238475083908,20019453,sA-eth3,up,42238474873225,netem,48633004,37138,0,0,0,0,0,46515310,7937,0,46759114,8745,0
1251,42238493160249,42238495061580,19983062,sA-eth3,up,42238494867707,netem,48633004,37138,0,0,0,0,0,46515310,7937,0,46759114,8745,0
1252,42238513151800,42238514995282,19991551,sA-eth3,up,42238514796339,netem,48633004,37138,0,0,0,0,0,46515310,7937,0,46759114,8745,0
1253,42238533151753,42238535307027,19999953,sA-eth3,up,42238535138965,netem,48633004,37138,0,0,0,0,0,46515310,7937,0,46759114,8745,0
1254,42238553153826,42238555499541,20002073,sA-eth3,up,42238555326579,netem,48633004,37138,0,0,0,0,0,46515310,7937,0,46759114,8745,0
1255,42238573148587,42238575259821,19994761,sA-eth3,up,42238575086069,netem,48633004,37138,0,0,0,0,0,46515310,7937,0,46759114,8745,0
1256,42238593150350,42238594994901,20001763,sA-eth3,up,42238594811388,netem,48633004,37138,0,0,0,0,0,46515310,7937,0,46759114,8745,0
1257,42238613143962,42238614925851,19993612,sA-eth3,up,42238614749969,netem,48633004,37138,0,0,0,0,0,46515310,7937,0,46759114,8745,0
1258,42238633147214,42238635353308,20003252,sA-eth3,up,42238635182247,netem,48633004,37138,0,0,0,0,0,46515310,7937,0,46759114,8745,0
1259,42238653159546,42238655418861,20012332,sA-eth3,up,42238655239300,netem,48633004,37138,0,0,0,0,0,46515310,7937,0,46759114,8745,0
1260,42238673144809,42238675045940,19985263,sA-eth3,up,42238674854828,netem,48633004,37138,0,0,0,0,0,46515310,7937,0,46759114,8745,0
1261,42238693148541,42238694952531,20003732,sA-eth3,up,42238694772209,netem,48633004,37138,0,0,0,0,0,46515310,7937,0,46759114,8745,0
1262,42238713147163,42238715055114,19998622,sA-eth3,up,42238714863242,netem,48633004,37138,0,0,0,0,0,46515310,7937,0,46759114,8745,0
1263,42238733153195,42238735057147,20006032,sA-eth3,up,42238734858784,netem,48633004,37138,0,0,0,0,0,46515310,7937,0,46759114,8745,0
1264,42238753149428,42238755081719,19996233,sA-eth3,up,42238754886067,netem,48633004,37138,0,0,0,0,0,46515310,7937,0,46759114,8745,0
1265,42238773144000,42238774945750,19994572,sA-eth3,up,42238774766818,netem,48633004,37138,0,0,0,0,0,46515310,7937,0,46759114,8745,0
1266,42238793147402,42238795034103,20003402,sA-eth3,up,42238794846121,netem,48633004,37138,0,0,0,0,0,46515310,7937,0,46759114,8745,0
1267,42238813157755,42238815046826,20010353,sA-eth3,up,42238814854363,netem,48633004,37138,0,0,0,0,0,46515310,7937,0,46759114,8745,0
1268,42238833154317,42238834999187,19996562,sA-eth3,up,42238834816565,netem,48633004,37138,0,0,0,0,0,46515310,7937,0,46759114,8745,0
1269,42238853158059,42238854949769,20003742,sA-eth3,up,42238854767167,netem,48633004,37138,0,0,0,0,0,46515310,7937,0,46759114,8745,0
1270,42238873155661,42238875043792,19997602,sA-eth3,up,42238874850280,netem,48633004,37138,0,0,0,0,0,46515310,7937,0,46759114,8745,0
1271,42238893156324,42238895099955,20000663,sA-eth3,up,42238894899123,netem,48633004,37138,0,0,0,0,0,46515310,7937,0,46759114,8745,0
1272,42238913151576,42238915057476,19995252,sA-eth3,up,42238914858264,netem,48633082,37139,0,0,0,0,0,46516824,7938,0,46759192,8746,0
1273,42238933148528,42238934958418,19996952,sA-eth3,up,42238934778466,netem,48633082,37139,0,0,0,0,0,46516824,7938,0,46759192,8746,0
1274,42238953144230,42238954964100,19995702,sA-eth3,up,42238954768488,netem,48633082,37139,0,0,0,0,0,46516824,7938,0,46759192,8746,0
1275,42238973158143,42238974995473,20013913,sA-eth3,up,42238974816060,netem,48633082,37139,0,0,0,0,0,46516824,7938,0,46759192,8746,0
1276,42238993163085,42238995093156,20004942,sA-eth3,up,42238994886384,netem,48633082,37139,0,0,0,0,0,46516824,7938,0,46759192,8746,0
1277,42239013153307,42239014980088,19990222,sA-eth3,up,42239014789476,netem,48633082,37139,0,0,0,0,0,46516824,7938,0,46759192,8746,0
1278,42239033146569,42239034979269,19993262,sA-eth3,up,42239034788177,netem,48633082,37139,0,0,0,0,0,46516824,7938,0,46759192,8746,0
1279,42239053154632,42239055020812,20008063,sA-eth3,up,42239054801619,netem,48633082,37139,0,0,0,0,0,46516824,7938,0,46759192,8746,0
1280,42239073158183,42239075065615,20003551,sA-eth3,up,42239074866623,netem,48633082,37139,0,0,0,0,0,46516824,7938,0,46759192,8746,0
1281,42239093145186,42239094949056,19987003,sA-eth3,up,42239094769153,netem,48633082,37139,0,0,0,0,0,46516824,7938,0,46759192,8746,0
1282,42239113145558,42239115036709,20000372,sA-eth3,up,42239114832867,netem,48633394,37143,0,0,0,0,0,46528804,7944,0,46759504,8750,0
1283,42239133170400,42239135056081,20024842,sA-eth3,up,42239134854529,netem,48634474,37157,0,0,0,0,0,46586134,7957,0,46760584,8764,0
1284,42239153154703,42239154995862,19984303,sA-eth3,up,42239154806951,netem,48635170,37167,0,0,0,66,1,46660708,7968,0,46761346,8775,0
1285,42239173138155,42239174994495,19983452,sA-eth3,up,42239174806423,netem,48635614,37173,0,0,0,0,0,46743970,7979,0,46761724,8780,0
1286,42239193144876,42239195092518,20006721,sA-eth3,up,42239194897106,netem,48635614,37173,0,0,0,0,0,46743970,7979,0,46761724,8780,0
1287,42239213137779,42239215129691,19992903,sA-eth3,up,42239214909259,netem,48635930,37177,0,0,0,0,0,46764440,7982,0,46762040,8784,0
1288,42239233142672,42239235078022,20004893,sA-eth3,up,42239234870091,netem,48636746,37187,0,0,0,164,2,46855074,7995,0,46762856,8794,0
1289,42239253145493,42239255111295,20002821,sA-eth3,up,42239254894202,netem,48637366,37195,0,0,0,0,0,46967560,8010,0,46763476,8802,0
1290,42239273153756,42239275025967,20008263,sA-eth3,up,42239274796504,netem,48638198,37205,0,0,0,78,1,47046610,8023,0,46764386,8813,0
1291,42239293150248,42239295081170,19996492,sA-eth3,up,42239294802167,netem,48639370,37219,0,0,0,0,0,47135796,8036,0,46765480,8826,0
1292,42239313160351,42239315177753,20010103,sA-eth3,up,42239314946211,netem,48640056,37228,0,0,0,0,0,47194310,8045,0,46766166,8835,0
1293,42239333156602,42239335128104,19996251,sA-eth3,up,42239334920872,netem,48640056,37228,0,0,0,0,0,47208922,8047,0,46766166,8835,0
1294,42239353148075,42239355031636,19991473,sA-eth3,up,42239354820334,netem,48640056,37228,0,0,0,0,0,47208922,8047,0,46766166,8835,0
1295,42239373147717,42239375071928,19999642,sA-eth3,up,42239374868517,netem,48640500,37234,0,0,0,0,0,47267370,8055,0,46766610,8841,0
1296,42239393152679,42239395135301,20004962,sA-eth3,up,42239394882148,netem,48640988,37240,0,0,0,0,0,47311206,8062,0,46767098,8847,0
1297,42239413152142,42239415081473,19999463,sA-eth3,up,42239414859331,netem,48641714,37251,0,0,0,0,0,47406184,8074,0,46767824,8858,0
1298,42239433148264,42239435193816,19996122,sA-eth3,up,42239434994034,netem,48642500,37262,0,0,0,78,1,47479244,8084,0,46768688,8870,0
1299,42239453141906,42239454991177,19993642,sA-eth3,up,42239454801744,netem,48642932,37268,0,0,0,66,1,47530386,8091,0,46769042,8875,0
1300,42239473143858,42239474981759,20001952,sA-eth3,up,42239474796637,netem,48643418,37275,0,0,0,0,0,47566916,8096,0,46769528,8882,0
1301,42239493146900,42239495042822,20003042,sA-eth3,up,42239494830090,netem,48643948,37282,0,0,0,78,1,47625364,8104,0,46770058,8889,0
1302,42239513143013,42239515092314,19996113,sA-eth3,up,42239514868912,netem,48644688,37292,0,0,0,66,1,47705730,8115,0,46770864,8900,0
1303,42239533147605,42239535051946,20004592,sA-eth3,up,42239534854184,netem,48645408,37302,0,0,0,78,1,47778790,8125,0,46771518,8909,0
1304,42239553151977,42239555029959,20004372,sA-eth3,up,42239554828916,netem,48646190,37313,0,0,0,0,0,47851850,8135,0,46772300,8920,0
1305,42239573155810,42239575694468,20003833,sA-eth3,up,42239575444485,netem,48646922,37323,0,0,0,0,0,47932216,8146,0,46773032,8930,0
1306,42239593168411,42239595368196,20012601,sA-eth3,up,42239595169184,netem,48647552,37332,0,0,0,78,1,47990664,8154,0,46773740,8940,0
1307,42239613135913,42239614984334,19967502,sA-eth3,up,42239614780783,netem,48647716,37334,0,0,0,0,0,47997970,8155,0,46773826,8941,0
1308,42239633093826,42239634930326,19957913,sA-eth3,up,42239634747824,netem,48647716,37334,0,0,0,0,0,47997970,8155,0,46773826,8941,0
1309,42239653157439,42239655081400,20063613,sA-eth3,up,42239654881488,netem,48647716,37334,0,0,0,0,0,47997970,8155,0,46773826,8941,0
1310,42239673138320,42239674984831,19980881,sA-eth3,up,42239674804749,netem,48647716,37334,0,0,0,0,0,47997970,8155,0,46773826,8941,0
1311,42239693149273,42239695065565,20010953,sA-eth3,up,42239694859432,netem,48678086,37355,0,0,0,30280,2,47998102,8157,0,46817554,8945,0
1312,42239713142725,42239714967576,19993452,sA-eth3,up,42239714787353,netem,48935466,37525,0,0,0,42392,3,47998828,8168,0,47050356,8962,0
1313,42239733148837,42239735062778,20006112,sA-eth3,up,42239734849446,netem,49185276,37690,0,0,0,37850,3,47999884,8184,0,47290464,8980,0
1314,42239753138129,42239755067651,19989292,sA-eth3,up,42239754868059,netem,49427516,37850,0,0,0,45420,3,48000676,8196,0,47537878,8999,0
1315,42239773151162,42239775076584,20013033,sA-eth3,up,42239774855881,netem,49684896,38020,0,0,0,54504,3,48001534,8209,0,47770746,9017,0
1316,42239793142863,42239795060005,19991701,sA-eth3,up,42239794816503,netem,49934706,38185,0,0,0,37850,3,48002326,8221,0,48010854,9035,0
1317,42239813147906,42239815647974,20005043,sA-eth3,up,42239815459842,netem,50189058,38353,0,0,0,40878,3,48003052,8232,0,48255372,9054,0
1318,42239833154309,42239835384023,20006403,sA-eth3,up,42239835152271,netem,50434326,38515,0,0,0,45420,3,48003910,8245,0,48505682,9073,0
1319,42239853150241,42239855457796,19995932,sA-eth3,up,42239855227844,netem,50684136,38680,0,0,0,52990,4,48004834,8259,0,48745790,9091,0
1320,42239873145202,42239875312367,19994961,sA-eth3,up,42239875106344,netem,50840592,38784,0,0,0,0,0,48005428,8268,0,48881628,9102,0
1321,42239893136455,42239895087067,19991253,sA-eth3,up,42239894892034,netem,50840592,38784,0,0,0,0,0,48005428,8268,0,48881628,9102,0
1322,42239913142518,42239914988138,20006063,sA-eth3,up,42239914804316,netem,50840592,38784,0,0,0,0,0,48005428,8268,0,48881628,9102,0
1323,42239933137189,42239935397074,19994671,sA-eth3,up,42239935224393,netem,50840592,38784,0,0,0,0,0,48005428,8268,0,48881628,9102,0
1324,42239953141802,42239955297256,20004613,sA-eth3,up,42239955123994,netem,50840592,38784,0,0,0,0,0,48005428,8268,0,48881628,9102,0
1325,42239973132754,42239975126636,19990952,sA-eth3,up,42239974950644,netem,50840592,38784,0,0,0,0,0,48005428,8268,0,48881628,9102,0
1326,42239993140216,42239995018217,20007462,sA-eth3,up,42239994827925,netem,50840592,38784,0,0,0,0,0,48005428,8268,0,48881628,9102,0
1327,42240013143898,42240015261102,20003682,sA-eth3,up,42240015079590,netem,50840592,38784,0,0,0,0,0,48005428,8268,0,48881628,9102,0
1328,42240033137261,42240035180363,19993363,sA-eth3,up,42240034978741,netem,50840592,38784,0,0,0,0,0,48005428,8268,0,48881628,9102,0
1329,42240053140082,42240054946773,20002821,sA-eth3,up,42240054771061,netem,50840592,38784,0,0,0,0,0,48005428,8268,0,48881628,9102,0
1330,42240073147955,42240074983206,20007873,sA-eth3,up,42240074810684,netem,50840592,38784,0,0,0,0,0,48005428,8268,0,48881628,9102,0
1331,42240093141607,42240094975107,19993652,sA-eth3,up,42240094797886,netem,50840592,38784,0,0,0,0,0,48005428,8268,0,48881628,9102,0
1332,42240113137530,42240114907100,19995923,sA-eth3,up,42240114719317,netem,50840592,38784,0,0,0,0,0,48005428,8268,0,48881628,9102,0
1333,42240133143731,42240134938182,20006201,sA-eth3,up,42240134758300,netem,50840592,38784,0,0,0,0,0,48005428,8268,0,48881628,9102,0
1334,42240153145254,42240154954954,20001523,sA-eth3,up,42240154779292,netem,50840592,38784,0,0,0,0,0,48005428,8268,0,48881628,9102,0
1335,42240173141976,42240174927186,19996722,sA-eth3,up,42240174756964,netem,50840592,38784,0,0,0,0,0,48005428,8268,0,48881628,9102,0
1336,42240193140318,42240194932899,19998342,sA-eth3,up,42240194761557,netem,50840592,38784,0,0,0,0,0,48005428,8268,0,48881628,9102,0
1337,42240213145471,42240214909110,20005153,sA-eth3,up,42240214735778,netem,50840592,38784,0,0,0,0,0,48005428,8268,0,48881628,9102,0
1338,42240233141043,42240234963323,19995572,sA-eth3,up,42240234792681,netem,50840764,38786,0,0,0,0,0,48012866,8271,0,48881800,9104,0
1339,42240253140246,42240254937845,19999203,sA-eth3,up,42240254759483,netem,50841022,38789,0,0,0,0,0,48015894,8273,0,48882058,9107,0
1340,42240273142138,42240274895017,20001892,sA-eth3,up,42240274717335,netem,50841022,38789,0,0,0,0,0,48015894,8273,0,48882058,9107,0
1341,42240293141470,42240294885489,19999332,sA-eth3,up,42240294717367,netem,50841022,38789,0,0,0,0,0,48015894,8273,0,48882058,9107,0
1342,42240313141002,42240315150405,19999532,sA-eth3,up,42240314961492,netem,50841022,38789,0,0,0,0,0,48015894,8273,0,48882058,9107,0
1343,42240333144454,42240335107966,20003452,sA-eth3,up,42240334917093,netem,50841022,38789,0,0,0,0,0,48015894,8273,0,48882058,9107,0
1344,42240353133827,42240355027158,19989373,sA-eth3,up,42240354836856,netem,50841022,38789,0,0,0,0,0,48015894,8273,0,48882058,9107,0
1345,42240373138669,42240375082791,20004842,sA-eth3,up,42240374888808,netem,50841022,38789,0,0,0,0,0,48015894,8273,0,48882058,9107,0
1346,42240393140871,42240395166794,20002202,sA-eth3,up,42240394975862,netem,50841022,38789,0,0,0,0,0,48015894,8273,0,48882058,9107,0
1347,42240413147483,42240415042965,20006612,sA-eth3,up,42240414859622,netem,50841022,38789,0,0,0,0,0,48015894,8273,0,48882058,9107,0
1348,42240433143796,42240434964946,19996313,sA-eth3,up,42240434788233,netem,50841022,38789,0,0,0,0,0,48015894,8273,0,48882058,9107,0
1349,42240453141277,42240454930248,19997481,sA-eth3,up,42240454752636,netem,50841108,38790,0,0,0,0,0,48021818,8275,0,48882144,9108,0
1350,42240473140509,42240475456756,19999232,sA-eth3,up,42240475288304,netem,50842032,38802,0,0,0,0,0,48057296,8286,0,48883068,9120,0
1351,42240493136842,42240495034224,19996333,sA-eth3,up,42240494830511,netem,50842518,38809,0,0,0,0,0,48093958,8293,0,48883554,9127,0
1352,42240513137765,42240515262768,20000923,sA-eth3,up,42240515103087,netem,50842938,38815,0,0,0,66,1,48133516,8300,0,48884040,9134,0
1353,42240533139246,42240535126798,20001481,sA-eth3,up,42240534941916,netem,50843304,38820,0,0,0,0,0,48162806,8305,0,48884340,9138,0
1354,42240553144649,42240554997909,20005403,sA-eth3,up,42240554810088,netem,50843736,38826,0,0,0,0,0,48193610,8311,0,48884772,9144,0
1355,42240573133872,42240575212144,19989223,sA-eth3,up,42240575049032,netem,50844198,38833,0,0,0,0,0,48234616,8318,0,48885234,9151,0
1356,42240593133603,42240594936303,19999731,sA-eth3,up,42240594759731,netem,50844396,38836,0,0,0,0,0,48253704,8322,0,48885432,9154,0
1357,42240613139975,42240614934535,20006372,sA-eth3,up,42240614757453,netem,50844852,38842,0,0,0,66,1,48288852,8328,0,48885954,9161,0
1358,42240633142068,42240634934238,20002093,sA-eth3,up,42240634748015,netem,50845074,38845,0,0,0,0,0,48306426,8331,0,48886110,9163,0
1359,42240653145640,42240654950210,20003572,sA-eth3,up,42240654778938,netem,50845548,38852,0,0,0,0,0,48341640,8338,0,48886584,9170,0
1360,42240673141602,42240674943502,19995962,sA-eth3,up,42240674771011,netem,50845944,38858,0,0,0,0,0,48376788,8344,0,48886980,9176,0
1361,42240693137095,42240694905574,19995493,sA-eth3,up,42240694730612,netem,50846376,38864,0,0,0,0,0,48414898,8351,0,48887412,9182,0
1362,42240713138206,42240714916577,20001111,sA-eth3,up,42240714736205,netem,50846730,38869,0,0,0,0,0,48444188,8356,0,48887766,9187,0
1363,42240733143509,42240734944178,20005303,sA-eth3,up,42240734769246,netem,50847072,38874,0,0,0,0,0,48469134,8361,0,48888108,9192,0
1364,42240753141001,42240754975501,19997492,sA-eth3,up,42240754779929,netem,50847426,38879,0,0,0,0,0,48498424,8366,0,48888462,9197,0
1365,42240773143063,42240774967294,20002062,sA-eth3,up,42240774792461,netem,50847832,38884,0,0,0,0,0,48514748,8372,0,48888868,9202,0
1366,42240793137295,42240794898915,19994232,sA-eth3,up,42240794720922,netem,50848458,38893,0,0,0,0,0,48554438,8381,0,48889494,9211,0
1367,42240813142278,42240814940107,20004983,sA-eth3,up,42240814767855,netem,50848668,38896,0,0,0,0,0,48566154,8383,0,48889704,9214,0
1368,42240833137409,42240834951420,19995131,sA-eth3,up,42240834770038,netem,50848668,38896,0,0,0,0,0,48566154,8383,0,48889704,9214,0
1369,42240853133692,42240854912061,19996283,sA-eth3,up,42240854740150,netem,50848668,38896,0,0,0,0,0,48566154,8383,0,48889704,9214,0
1370,42240873141224,42240874906234,20007532,sA-eth3,up,42240874731371,netem,50848668,38896,0,0,0,0,0,48566154,8383,0,48889704,9214,0
1371,42240893137487,42240894931447,19996263,sA-eth3,up,42240894760485,netem,50848668,38896,0,0,0,0,0,48566154,8383,0,48889704,9214,0
1372,42240913147970,42240914965219,20010483,sA-eth3,up,42240914790277,netem,50848668,38896,0,0,0,0,0,48566154,8383,0,48889704,9214,0
1373,42240933140711,42240935393556,19992741,sA-eth3,up,42240935219115,netem,50848668,38896,0,0,0,0,0,48566154,8383,0,48889704,9214,0
1374,42240953139363,42240955120175,19998652,sA-eth3,up,42240954926103,netem,50848668,38896,0,0,0,0,0,48566154,8383,0,48889704,9214,0
1375,42240973141225,42240975024697,20001862,sA-eth3,up,42240974847184,netem,50848668,38896,0,0,0,0,0,48566154,8383,0,48889704,9214,0
1376,42240993141098,42240994990529,19999873,sA-eth3,up,42240994809136,netem,50848668,38896,0,0,0,0,0,48566154,8383,0,48889704,9214,0
1377,42241013140040,42241014925900,19998942,sA-eth3,up,42241014751738,netem,50848668,38896,0,0,0,0,0,48566154,8383,0,48889704,9214,0
1378,42241033134393,42241034915732,19994353,sA-eth3,up,42241034744490,netem,50848668,38896,0,0,0,0,0,48566154,8383,0,48889704,9214,0
1379,42241053147024,42241054915844,20012631,sA-eth3,up,42241054738543,netem,50848668,38896,0,0,0,0,0,48566154,8383,0,48889704,9214,0
1380,42241073152877,42241074990648,20005853,sA-eth3,up,42241074801166,netem,50848668,38896,0,0,0,0,0,48566154,8383,0,48889704,9214,0
1381,42241093144619,42241095021259,19991742,sA-eth3,up,42241094827747,netem,50848668,38896,0,0,0,0,0,48566154,8383,0,48889704,9214,0
1382,42241113139821,42241114890080,19995202,sA-eth3,up,42241114713008,netem,50848668,38896,0,0,0,0,0,48566154,8383,0,48889704,9214,0
1383,42241133142553,42241134941383,20002732,sA-eth3,up,42241134761592,netem,50848668,38896,0,0,0,0,0,48566154,8383,0,48889704,9214,0
1384,42241153141445,42241154917845,19998892,sA-eth3,up,42241154743973,netem,50848668,38896,0,0,0,0,0,48566154,8383,0,48889704,9214,0
1385,42241173146878,42241174946808,20005433,sA-eth3,up,42241174772576,netem,50848668,38896,0,0,0,0,0,48566154,8383,0,48889704,9214,0
1386,42241193141490,42241194892119,19994612,sA-eth3,up,42241194716407,netem,50848668,38896,0,0,0,0,0,48566154,8383,0,48889704,9214,0
1387,42241213140692,42241214949982,19999202,sA-eth3,up,42241214777561,netem,50848668,38896,0,0,0,0,0,48566154,8383,0,48889704,9214,0
1388,42241233141344,42241234883113,20000652,sA-eth3,up,42241234715722,netem,50848668,38896,0,0,0,0,0,48566154,8383,0,48889704,9214,0
1389,42241253145997,42241254949987,20004653,sA-eth3,up,42241254772135,netem,50848668,38896,0,0,0,0,0,48566154,8383,0,48889704,9214,0
1390,42241273141519,42241274884528,19995522,sA-eth3,up,42241274710186,netem,50848668,38896,0,0,0,0,0,48566154,8383,0,48889704,9214,0
1391,42241293140981,42241295490217,19999462,sA-eth3,up,42241295320116,netem,50848668,38896,0,0,0,0,0,48566154,8383,0,48889704,9214,0
1392,42241313144853,42241314977964,20003872,sA-eth3,up,42241314801702,netem,50848668,38896,0,0,0,0,0,48566154,8383,0,48889704,9214,0
1393,42241333138465,42241335190138,19993612,sA-eth3,up,42241335027537,netem,50848668,38896,0,0,0,0,0,48566154,8383,0,48889704,9214,0
1394,42241353141598,42241354990308,20003133,sA-eth3,up,42241354821577,netem,50848668,38896,0,0,0,0,0,48566154,8383,0,48889704,9214,0
1395,42241373139701,42241374893790,19998103,sA-eth3,up,42241374719358,netem,50848668,38896,0,0,0,0,0,48566154,8383,0,48889704,9214,0
1396,42241393139792,42241395449037,20000091,sA-eth3,up,42241395284087,netem,50848668,38896,0,0,0,0,0,48566154,8383,0,48889704,9214,0
1397,42241413143075,42241414999615,20003283,sA-eth3,up,42241414815504,netem,50848668,38896,0,0,0,0,0,48566154,8383,0,48889704,9214,0
1398,42241433138537,42241435372112,19995462,sA-eth3,up,42241435201720,netem,50848668,38896,0,0,0,0,0,48567668,8384,0,48889704,9214,0
1399,42241453133739,42241454916359,19995202,sA-eth3,up,42241454740737,netem,50849374,38905,0,0,0,0,0,48600118,8393,0,48890410,9223,0
1400,42241473144552,42241475282996,20010813,sA-eth3,up,42241475119344,netem,50850052,38914,0,0,0,0,0,48647048,8402,0,48891088,9232,0
1401,42241493145774,42241494919943,20001222,sA-eth3,up,42241494749201,netem,50850838,38925,0,0,0,0,0,48710038,8413,0,48891874,9243,0
1402,42241513144105,42241514949506,19998331,sA-eth3,up,42241514774664,netem,50851582,38935,0,0,0,66,1,48775924,8424,0,48892618,9253,0
1403,42241533133338,42241534883377,19989233,sA-eth3,up,42241534709215,netem,50852146,38943,0,0,0,0,0,48825684,8432,0,48893182,9261,0
1404,42241553138801,42241554960271,20005463,sA-eth3,up,42241554784578,netem,50852758,38951,0,0,0,0,0,48865572,8444,0,48893794,9269,0
1405,42241573134343,42241574905363,19995542,sA-eth3,up,42241574730721,netem,50852758,38951,0,0,0,0,0,48865572,8444,0,48893794,9269,0
1406,42241593144605,42241595058806,20010262,sA-eth3,up,42241594809653,netem,50853054,38955,0,0,0,78,1,48896244,8448,0,48894168,9274,0
1407,42241613158287,42241614994877,20013682,sA-eth3,up,42241614806786,netem,50853932,38966,0,0,0,78,1,48943306,8459,0,48894968,9284,0
1408,42241633139430,42241634931919,19981143,sA-eth3,up,42241634727587,netem,50854610,38975,0,0,0,78,1,49003334,8469,0,48895646,9293,0
1409,42241653141831,42241654928212,20002401,sA-eth3,up,42241654744890,netem,50855042,38981,0,0,0,0,0,49026766,8473,0,48896078,9299,0
1410,42241673146664,42241674955774,20004833,sA-eth3,up,42241674780922,netem,50855042,38981,0,0,0,0,0,49026766,8473,0,48896078,9299,0
1411,42241693143506,42241694922016,19996842,sA-eth3,up,42241694740664,netem,50855042,38981,0,0,0,0,0,49026766,8473,0,48896078,9299,0
1412,42241713141758,42241715583025,19998252,sA-eth3,up,42241715343053,netem,50855042,38981,0,0,0,0,0,49026766,8473,0,48896078,9299,0
1413,42241733139980,42241735181413,19998222,sA-eth3,up,42241734965491,netem,50855042,38981,0,0,0,0,0,49026766,8473,0,48896078,9299,0
1414,42241753145873,42241755061005,20005893,sA-eth3,up,42241754859192,netem,50855042,38981,0,0,0,0,0,49026766,8473,0,48896078,9299,0
1415,42241773139275,42241775077336,19993402,sA-eth3,up,42241774806313,netem,50855042,38981,0,0,0,0,0,49026766,8473,0,48896078,9299,0
1416,42241793107007,42241794940838,19967732,sA-eth3,up,42241794741425,netem,50855042,38981,0,0,0,0,0,49026766,8473,0,48896078,9299,0
1417,42241813154519,42241815002390,20047512,sA-eth3,up,42241814793718,netem,50855042,38981,0,0,0,0,0,49026766,8473,0,48896078,9299,0
1418,42241833141482,42241835519798,19986963,sA-eth3,up,42241835341147,netem,50855042,38981,0,0,0,0,0,49026766,8473,0,48896078,9299,0
1419,42241853139854,42241855150566,19998372,sA-eth3,up,42241854940584,netem,50855042,38981,0,0,0,0,0,49026766,8473,0,48896078,9299,0
1420,42241873141076,42241875000767,20001222,sA-eth3,up,42241874794845,netem,50855564,38988,0,0,0,0,0,49047500,8480,0,48896600,9306,0
1421,42241893138799,42241895115981,19997723,sA-eth3,up,42241894907088,netem,50957356,39060,0,0,0,50040,4,49069814,8489,0,48994432,9318,0
1422,42241913094890,42241915029891,19956091,sA-eth3,up,42241914775199,netem,51210806,39235,0,0,0,34822,3,49101212,8504,0,49239562,9345,0
1423,42241933139913,42241934989394,20045023,sA-eth3,up,42241934800751,netem,51265970,39279,0,0,0,78,1,49130700,8512,0,49291166,9357,0
1424,42241953108545,42241954913705,19968632,sA-eth3,up,42241954691862,netem,51331636,39330,0,0,0,51554,5,49173352,8522,0,49371766,9371,0
1425,42241973121367,42241974920137,20012822,sA-eth3,up,42241974736835,netem,51571436,39496,0,0,0,0,0,49204156,8528,0,49584818,9395,0
1426,42241993143490,42241994990850,20022123,sA-eth3,up,42241994773148,netem,51588444,39512,0,0,0,33386,3,49239370,8535,0,49601166,9401,0
1427,42242013140622,42242015065393,19997132,sA-eth3,up,42242014836491,netem,51828166,39677,0,0,0,50040,4,49286234,8543,0,49847642,9427,0
1428,42242033143265,42242035360989,20002643,sA-eth3,up,42242035165657,netem,52049810,39831,0,0,0,36402,3,49328952,8554,0,50044712,9450,0
1429,42242053154006,42242055043467,20010741,sA-eth3,up,42242054793875,netem,52288036,39996,0,0,0,51542,5,49378254,8577,0,50291206,9477,0
1430,42242073139189,42242074919378,19985183,sA-eth3,up,42242074735547,netem,52544400,40172,0,0,0,34888,4,49420118,8597,0,50520030,9499,0
1431,42242093156071,42242094974151,20016882,sA-eth3,up,42242094795330,netem,52800794,40349,0,0,0,50028,4,49463364,8616,0,50766524,9526,0
1432,42242113139233,42242114952263,19983162,sA-eth3,up,42242114729471,netem,53049592,40520,0,0,0,5212,3,49506478,8633,0,51010568,9552,0
1433,42242133147555,42242135469442,20008322,sA-eth3,up,42242135284569,netem,53055330,40533,0,0,0,0,0,49534386,8639,0,51011094,9559,0
1434,42242153143638,42242155027399,19996083,sA-eth3,up,42242154811236,netem,53055922,40535,0,0,0,0,0,49540322,8641,0,51011686,9561,0
1435,42242173152880,42242175110732,20009242,sA-eth3,up,42242174900110,netem,53055922,40535,0,0,0,0,0,49540322,8641,0,51011686,9561,0
1436,42242193146812,42242195279926,19993932,sA-eth3,up,42242195110254,netem,53055922,40535,0,0,0,0,0,49540322,8641,0,51011686,9561,0
1437,42242213143424,42242215233677,19996612,sA-eth3,up,42242215061236,netem,53055922,40535,0,0,0,0,0,49540322,8641,0,51011686,9561,0
1438,42242233143627,42242235111899,20000203,sA-eth3,up,42242234927377,netem,53055922,40535,0,0,0,0,0,49540322,8641,0,51011686,9561,0
1439,42242253152259,42242255302973,20008632,sA-eth3,up,42242255134630,netem,53055922,40535,0,0,0,0,0,49540322,8641,0,51011686,9561,0
1440,42242273145911,42242275154653,19993652,sA-eth3,up,42242274970281,netem,53055922,40535,0,0,0,0,0,49540322,8641,0,51011686,9561,0
1441,42242293142184,42242294890393,19996273,sA-eth3,up,42242294716041,netem,53055922,40535,0,0,0,0,0,49540322,8641,0,51011686,9561,0
1442,42242313144906,42242314906895,20002722,sA-eth3,up,42242314734943,netem,53055922,40535,0,0,0,0,0,49540322,8641,0,51011686,9561,0
1443,42242333146718,42242334932767,20001812,sA-eth3,up,42242334753346,netem,53055922,40535,0,0,0,0,0,49540322,8641,0,51011686,9561,0
1444,42242353148110,42242354960770,20001392,sA-eth3,up,42242354777228,netem,53055922,40535,0,0,0,0,0,49540322,8641,0,51011686,9561,0
1445,42242373140953,42242374877842,19992843,sA-eth3,up,42242374704470,netem,53055922,40535,0,0,0,0,0,49540322,8641,0,51011686,9561,0
1446,42242393140834,42242395455590,19999881,sA-eth3,up,42242395291038,netem,53055922,40535,0,0,0,0,0,49540322,8641,0,51011686,9561,0
1447,42242413147007,42242415157699,20006173,sA-eth3,up,42242414974046,netem,53055922,40535,0,0,0,0,0,49540322,8641,0,51011686,9561,0
1448,42242433143119,42242435582496,19996112,sA-eth3,up,42242435412424,netem,53055922,40535,0,0,0,0,0,49540322,8641,0,51011686,9561,0
1449,42242453146182,42242455062462,20003063,sA-eth3,up,42242454877420,netem,53055922,40535,0,0,0,0,0,49540322,8641,0,51011686,9561,0
1450,42242473138163,42242474938003,19991981,sA-eth3,up,42242474760842,netem,53055922,40535,0,0,0,0,0,49540322,8641,0,51011686,9561,0
1451,42242493143576,42242495028217,20005413,sA-eth3,up,42242494823814,netem,53055922,40535,0,0,0,0,0,49540322,8641,0,51011686,9561,0
1452,42242513143229,42242515520614,19999653,sA-eth3,up,42242515347993,netem,53055922,40535,0,0,0,0,0,49540322,8641,0,51011686,9561,0
1453,42242533135370,42242535497456,19992141,sA-eth3,up,42242535327854,netem,53055922,40535,0,0,0,0,0,49540322,8641,0,51011686,9561,0
1454,42242553134753,42242554928002,19999383,sA-eth3,up,42242554744879,netem,53055922,40535,0,0,0,0,0,49540322,8641,0,51011686,9561,0
1455,42242573149675,42242574982655,20014922,sA-eth3,up,42242574794793,netem,53055922,40535,0,0,0,0,0,49540322,8641,0,51011686,9561,0
1456,42242593145547,42242595033478,19995872,sA-eth3,up,42242594835176,netem,53055922,40535,0,0,0,0,0,49540322,8641,0,51011686,9561,0
1457,42242613133959,42242615285293,19988412,sA-eth3,up,42242615121341,netem,53055992,40536,0,0,0,0,0,49540322,8641,0,51011756,9562,0
1458,42242633139012,42242634900071,20005053,sA-eth3,up,42242634724099,netem,53055992,40536,0,0,0,0,0,49540322,8641,0,51011756,9562,0
1459,42242653142894,42242654915854,20003882,sA-eth3,up,42242654739591,netem,53055992,40536,0,0,0,0,0,49540322,8641,0,51011756,9562,0
1460,42242673151075,42242674997187,20008181,sA-eth3,up,42242674813124,netem,53055992,40536,0,0,0,0,0,49540322,8641,0,51011756,9562,0
1461,42242693140358,42242694901688,19989283,sA-eth3,up,42242694726515,netem,53055992,40536,0,0,0,0,0,49540322,8641,0,51011756,9562,0
1462,42242713140199,42242714927370,19999841,sA-eth3,up,42242714755138,netem,53055992,40536,0,0,0,0,0,49540322,8641,0,51011756,9562,0
1463,42242733150832,42242734959963,20010633,sA-eth3,up,42242734773960,netem,53055992,40536,0,0,0,0,0,49540322,8641,0,51011756,9562,0
1464,42242753149975,42242754960704,19999143,sA-eth3,up,42242754785083,netem,53055992,40536,0,0,0,0,0,49540322,8641,0,51011756,9562,0
1465,42242773140217,42242774947357,19990242,sA-eth3,up,42242774754044,netem,53056070,40537,0,0,0,0,0,49544798,8643,0,51011834,9563,0
1466,42242793138519,42242794857568,19998302,sA-eth3,up,42242794680826,netem,53056890,40547,0,0,0,78,1,49574484,8654,0,51012654,9573,0
1467,42242813139151,42242814934651,20000632,sA-eth3,up,42242814751209,netem,53057732,40558,0,0,0,66,1,49634512,8664,0,51013496,9584,0
1468,42242833147264,42242834910863,20008113,sA-eth3,up,42242834735891,netem,53058374,40567,0,0,0,0,0,49697370,8673,0,51014138,9593,0
1469,42242853140056,42242855043117,19992792,sA-eth3,up,42242854852106,netem,53059016,40576,0,0,0,0,0,49758846,8683,0,51014780,9602,0
1470,42242873143918,42242874987339,20003862,sA-eth3,up,42242874804817,netem,53059776,40586,0,0,0,0,0,49805842,8693,0,51015540,9612,0
1471,42242893140640,42242895040482,19996722,sA-eth3,up,42242894846550,netem,53060348,40594,0,0,0,78,1,49854220,8702,0,51016190,9621,0
1472,42242913145593,42242915105005,20004953,sA-eth3,up,42242914908482,netem,53061122,40605,0,0,0,0,0,49912800,8712,0,51016886,9631,0
1473,42242933140284,42242935998667,19994691,sA-eth3,up,42242935779114,netem,53061752,40614,0,0,0,78,1,49962692,8722,0,51017594,9641,0
1474,42242953136057,42242955483793,19995773,sA-eth3,up,42242955289531,netem,53062574,40625,0,0,0,78,1,50016994,8733,0,51018416,9652,0
1475,42242973136670,42242975406685,20000613,sA-eth3,up,42242975235372,netem,53063060,40632,0,0,0,0,0,50046284,8738,0,51018824,9658,0
1476,42242993137362,42242995423847,20000692,sA-eth3,up,42242995255425,netem,53063570,40639,0,0,0,78,1,50093148,8746,0,51019334,9665,0
1477,42243013137124,42243015630661,19999762,sA-eth3,up,42243015460750,netem,53064202,40647,0,0,0,0,0,50137182,8755,0,51019966,9673,0
1478,42243033134616,42243035456461,19997492,sA-eth3,up,42243035251169,netem,53064830,40655,0,0,0,66,1,50178254,8763,0,51020594,9681,0
1479,42243053135649,42243055132241,20001033,sA-eth3,up,42243054941798,netem,53065402,40663,0,0,0,66,1,50225118,8771,0,51021232,9690,0
1480,42243073121730,42243075275044,19986081,sA-eth3,up,42243075110932,netem,53065900,40670,0,0,0,78,1,50257436,8778,0,51021664,9696,0
1481,42243093145443,42243094952263,20023713,sA-eth3,up,42243094768141,netem,53066664,40680,0,0,0,0,0,50298706,8789,0,51022428,9706,0
1482,42243113141736,42243114923185,19996293,sA-eth3,up,42243114747862,netem,53067054,40685,0,0,0,0,0,50307592,8792,0,51022818,9711,0
1483,42243133136017,42243135462224,19994281,sA-eth3,up,42243135293391,netem,53067054,40685,0,0,0,0,0,50307592,8792,0,51022818,9711,0
1484,42243153134989,42243155160562,19998972,sA-eth3,up,42243154948649,netem,53067054,40685,0,0,0,0,0,50307592,8792,0,51022818,9711,0
1485,42243173144232,42243175193275,20009243,sA-eth3,up,42243175026932,netem,53067054,40685,0,0,0,0,0,50307592,8792,0,51022818,9711,0
1486,42243193143564,42243194932144,19999332,sA-eth3,up,42243194754242,netem,53067054,40685,0,0,0,0,0,50307592,8792,0,51022818,9711,0
1487,42243213140726,42243215370081,19997162,sA-eth3,up,42243215201880,netem,53067054,40685,0,0,0,0,0,50307592,8792,0,51022818,9711,0
1488,42243233134258,42243234924908,19993532,sA-eth3,up,42243234752126,netem,53067054,40685,0,0,0,0,0,50307592,8792,0,51022818,9711,0
1489,42243253139181,42243255200154,20004923,sA-eth3,up,42243255033461,netem,53067054,40685,0,0,0,0,0,50307592,8792,0,51022818,9711,0
1490,42243273139542,42243275042164,20000361,sA-eth3,up,42243274856532,netem,53067054,40685,0,0,0,0,0,50307592,8792,0,51022818,9711,0
1491,42243293134615,42243295438710,19995073,sA-eth3,up,42243295271579,netem,53067054,40685,0,0,0,0,0,50307592,8792,0,51022818,9711,0
1492,42243313142347,42243314959167,20007732,sA-eth3,up,42243314779765,netem,53067054,40685,0,0,0,0,0,50307592,8792,0,51022818,9711,0
1493,42243333140189,42243334997521,19997842,sA-eth3,up,42243334818098,netem,53067696,40694,0,0,0,0,0,50343004,8802,0,51023460,9720,0
1494,42243353140692,42243355050073,20000503,sA-eth3,up,42243354859961,netem,53068326,40703,0,0,0,66,1,50405928,8812,0,51024156,9730,0
1495,42243373158494,42243375001045,20017802,sA-eth3,up,42243374827943,netem,53069100,40714,0,0,0,0,0,50480502,8823,0,51024864,9740,0
1496,42243393149937,42243395514133,19991443,sA-eth3,up,42243395327511,netem,53069916,40726,0,0,0,78,1,50579758,8835,0,51025758,9753,0
1497,42243413137298,42243414986619,19987361,sA-eth3,up,42243414792287,netem,53070688,40736,0,0,0,0,0,50635376,8844,0,51026452,9762,0
1498,42243433142841,42243435325385,20005543,sA-eth3,up,42243435150923,netem,53071390,40745,0,0,0,0,0,50709818,8853,0,51027154,9771,0
1499,42243453088402,42243454880703,19945561,sA-eth3,up,42243454704491,netem,53072306,40757,0,0,0,66,1,50794594,8865,0,51028136,9784,0
1500,42243473137095,42243474876104,20048693,sA-eth3,up,42243474698153,netem,53072684,40762,0,0,0,66,1,50851528,8872,0,51028448,9788,0
1501,42243493142177,42243495435113,20005082,sA-eth3,up,42243495266982,netem,53073482,40773,0,0,0,0,0,50918608,8880,0,51029246,9799,0
1502,42243513144150,42243515154932,20001973,sA-eth3,up,42243514954880,netem,53073482,40773,0,0,0,0,0,50918608,8880,0,51029246,9799,0
1503,42243533153533,42243534966743,20009383,sA-eth3,up,42243534788450,netem,53073482,40773,0,0,0,0,0,50918608,8880,0,51029246,9799,0
1504,42243553140044,42243555101306,19986511,sA-eth3,up,42243554914633,netem,53073482,40773,0,0,0,0,0,50918608,8880,0,51029246,9799,0
1505,42243573141647,42243574955227,20001603,sA-eth3,up,42243574779165,netem,53073482,40773,0,0,0,0,0,50918608,8880,0,51029246,9799,0
1506,42243593140029,42243594984699,19998382,sA-eth3,up,42243594808987,netem,53073482,40773,0,0,0,0,0,50918608,8880,0,51029246,9799,0
1507,42243613144151,42243615062102,20004122,sA-eth3,up,42243614868960,netem,53073482,40773,0,0,0,0,0,50918608,8880,0,51029246,9799,0
1508,42243633142553,42243635071605,19998402,sA-eth3,up,42243634867063,netem,53073482,40773,0,0,0,0,0,50918608,8880,0,51029246,9799,0
1509,42243653133266,42243655360451,19990713,sA-eth3,up,42243655199658,netem,53073482,40773,0,0,0,0,0,50918608,8880,0,51029246,9799,0
1510,42243673143457,42243674961398,20010191,sA-eth3,up,42243674786296,netem,53073482,40773,0,0,0,0,0,50918608,8880,0,51029246,9799,0
1511,42243693151770,42243695391615,20008313,sA-eth3,up,42243695192963,netem,53074124,40782,0,0,0,66,1,51004790,8891,0,51029888,9808,0
1512,42243713142852,42243715049024,19991082,sA-eth3,up,42243714823341,netem,53074852,40792,0,0,0,0,0,51092330,8901,0,51030616,9818,0
1513,42243733140335,42243734974235,19997483,sA-eth3,up,42243734788232,netem,53075788,40804,0,0,0,94,1,51201788,8914,0,51031646,9831,0
1514,42243753151986,42243755036398,20011651,sA-eth3,up,42243754821995,netem,53076406,40811,0,0,0,78,1,51225352,8920,0,51032170,9837,0
1515,42243773142889,42243775117991,19990903,sA-eth3,up,42243774868368,netem,53077162,40821,0,0,0,66,1,51283932,8930,0,51032926,9847,0
1516,42243793143252,42243794967651,20000363,sA-eth3,up,42243794783029,netem,53077828,40830,0,0,0,66,1,51343894,8939,0,51033658,9857,0
1517,42243813146733,42243814917064,20003481,sA-eth3,up,42243814728501,netem,53078358,40837,0,0,0,0,0,51402342,8947,0,51034122,9863,0
1518,42243833146276,42243834963196,19999543,sA-eth3,up,42243834749604,netem,53079042,40847,0,0,0,0,0,51468096,8956,0,51034806,9873,0
1519,42243853142078,42243854962128,19995802,sA-eth3,up,42243854771706,netem,53079564,40854,0,0,0,78,1,51526544,8964,0,51035406,9881,0
1520,42243873142030,42243874947590,19999952,sA-eth3,up,42243874761598,netem,53147026,40909,0,0,0,0,0,51592496,8976,0,51100150,9895,0
1521,42243893143262,42243894948572,20001232,sA-eth3,up,42243894734031,netem,53167284,40930,0,0,0,4542,2,51651340,8990,0,51120078,9911,0
1522,42243913150155,42243914972455,20006893,sA-eth3,up,42243914766442,netem,53181654,40949,0,0,0,66,1,51724598,9003,0,51134184,9926,0
1523,42243933148277,42243934992087,19998122,sA-eth3,up,42243934772995,netem,53183690,40957,0,0,0,66,1,51783046,9011,0,51136220,9934,0
1524,42243953148309,42243954969070,20000032,sA-eth3,up,42243954762157,netem,53184262,40965,0,0,0,0,0,51826882,9017,0,51136792,9942,0
1525,42243973152071,42243974985241,20003762,sA-eth3,up,42243974742039,netem,53184922,40975,0,0,0,66,1,51914554,9029,0,51137518,9953,0
1526,42243993140394,42243994978334,19988323,sA-eth3,up,42243994766221,netem,53185396,40982,0,0,0,78,1,51958390,9035,0,51138004,9960,0
1527,42244013141725,42244014986117,20001331,sA-eth3,up,42244014800924,netem,53185836,40988,0,0,0,86,1,52002226,9041,0,51138366,9965,0
1528,42244033141738,42244035280962,20000013,sA-eth3,up,42244035093750,netem,53186456,40996,0,0,0,0,0,52060674,9049,0,51138986,9973,0
1529,42244053139861,42244055467636,19998123,sA-eth3,up,42244055288414,netem,53187254,41007,0,0,0,0,0,52133800,9060,0,51139784,9984,0
1530,42244073147062,42244075066493,20007201,sA-eth3,up,42244074852181,netem,53187962,41017,0,0,0,66,1,52209756,9070,0,51140558,9995,0
1531,42244093139484,42244095052376,19992422,sA-eth3,up,42244094830663,netem,53188808,41028,0,0,0,78,1,52297428,9082,0,51141338,10005,0
1532,42244113143307,42244115080509,20003823,sA-eth3,up,42244114875926,netem,53189638,41039,0,0,0,0,0,52377728,9092,0,51142168,10016,0
1533,42244133141770,42244135452595,19998463,sA-eth3,up,42244135280033,netem,53191998,41051,0,0,0,0,0,52434860,9102,0,51144528,10028,0
1534,42244153139501,42244155494118,19997731,sA-eth3,up,42244155321465,netem,53192814,41061,0,0,0,66,1,52496468,9114,0,51145344,10038,0
1535,42244173143974,42244175101826,20004473,sA-eth3,up,42244174901563,netem,53193550,41071,0,0,0,0,0,52550638,9123,0,51146080,10048,0
1536,42244193146466,42244195177299,20002492,sA-eth3,up,42244194982866,netem,53194024,41078,0,0,0,0,0,52601780,9130,0,51146554,10055,0
1537,42244213143108,42244215052909,19996642,sA-eth3,up,42244214862107,netem,53194564,41086,0,0,0,86,1,52667534,9139,0,51147180,10064,0
1538,42244233145590,42244234949150,20002482,sA-eth3,up,42244234770119,netem,53195126,41093,0,0,0,0,0,52711370,9145,0,51147656,10070,0
1539,42244253142433,42244254941442,19996843,sA-eth3,up,42244254741630,netem,53195634,41099,0,0,0,66,1,52755206,9151,0,51148164,10076,0
1540,42244273148245,42244275486731,20005812,sA-eth3,up,42244275308619,netem,53196264,41108,0,0,0,78,1,52820960,9160,0,51148794,10085,0
1541,42244293143487,42244294966107,19995242,sA-eth3,up,42244294782516,netem,53196506,41111,0,0,0,0,0,52835572,9162,0,51149036,10088,0
1542,42244313141070,42244315143641,19997583,sA-eth3,up,42244314956039,netem,53196506,41111,0,0,0,0,0,52835572,9162,0,51149036,10088,0
1543,42244333138551,42244335281905,19997481,sA-eth3,up,42244335117543,netem,53196506,41111,0,0,0,0,0,52835572,9162,0,51149036,10088,0
1544,42244353137364,42244354939203,19998813,sA-eth3,up,42244354751682,netem,53196506,41111,0,0,0,0,0,52835572,9162,0,51149036,10088,0
1545,42244373140886,42244374892076,20003522,sA-eth3,up,42244374721043,netem,53196506,41111,0,0,0,0,0,52835572,9162,0,51149036,10088,0
1546,42244393139568,42244395413744,19998682,sA-eth3,up,42244395244201,netem,53196506,41111,0,0,0,0,0,52835572,9162,0,51149036,10088,0
1547,42244413139840,42244414982221,20000272,sA-eth3,up,42244414809429,netem,53196506,41111,0,0,0,0,0,52835572,9162,0,51149036,10088,0
1548,42244433144053,42244435231845,20004213,sA-eth3,up,42244435057754,netem,53196506,41111,0,0,0,0,0,52835572,9162,0,51149036,10088,0
1549,42244453134325,42244455075016,19990272,sA-eth3,up,42244454891005,netem,53196506,41111,0,0,0,0,0,52835572,9162,0,51149036,10088,0
1550,42244473141516,42244474887036,20007191,sA-eth3,up,42244474714055,netem,53196506,41111,0,0,0,0,0,52835572,9162,0,51149036,10088,0
1551,42244493141909,42244495473166,20000393,sA-eth3,up,42244495307123,netem,53196584,41112,0,0,0,0,0,52842944,9164,0,51149114,10089,0
1552,42244513148832,42244515041712,20006923,sA-eth3,up,42244514835861,netem,53196650,41113,0,0,0,0,0,52842944,9164,0,51149180,10090,0
1553,42244533141453,42244535181777,19992621,sA-eth3,up,42244535018444,netem,53196650,41113,0,0,0,0,0,52842944,9164,0,51149180,10090,0
1554,42244553141756,42244555297440,20000303,sA-eth3,up,42244555106498,netem,53249640,41148,0,0,0,33308,2,52843088,9166,0,51200190,10095,0
1555,42244573144488,42244575249201,20002732,sA-eth3,up,42244575070360,netem,53484310,41303,0,0,0,18168,1,52844144,9182,0,51425818,10113,0
1556,42244593143291,42244595268414,19998803,sA-eth3,up,42244595086431,netem,53726550,41463,0,0,0,30280,2,52844870,9193,0,51658686,10131,0
1557,42244613140643,42244615040004,19997352,sA-eth3,up,42244614852571,netem,53979388,41630,0,0,0,37850,3,52845596,9204,0,51901690,10149,0
1558,42244633141015,42244635395770,20000372,sA-eth3,up,42244635226277,netem,54233740,41798,0,0,0,30280,2,52846388,9216,0,52146208,10168,0
1559,42244653140578,42244654955297,19999563,sA-eth3,up,42244654779555,netem,54475980,41958,0,0,0,48448,3,52847048,9226,0,52379010,10185,0
1560,42244673138619,42244674957430,19998041,sA-eth3,up,42244674773757,netem,54725790,42123,0,0,0,37850,3,52848108,9242,0,52619118,10203,0
1561,42244693143832,42244695033143,20005213,sA-eth3,up,42244694834871,netem,54977114,42289,0,0,0,39364,3,52848768,9252,0,52860674,10221,0
1562,42244713136434,42244715323038,19992602,sA-eth3,up,42244715144086,netem,55225410,42453,0,0,0,45420,3,52849428,9262,0,53099400,10240,0
1563,42244733147605,42244735378451,20011171,sA-eth3,up,42244735195609,netem,55289512,42496,0,0,0,0,0,52849758,9267,0,53160994,10245,0
1564,42244753143398,42244755095450,19995793,sA-eth3,up,42244754909868,netem,55290026,42497,0,0,0,0,0,52849836,9268,0,53161508,10246,0
1565,42244773144121,42244775097872,20000723,sA-eth3,up,42244774912930,netem,55290026,42497,0,0,0,0,0,52849836,9268,0,53161508,10246,0
1566,42244793142623,42244794980683,19998502,sA-eth3,up,42244794803891,netem,55290026,42497,0,0,0,0,0,52849836,9268,0,53161508,10246,0
1567,42244813139925,42244814891214,19997302,sA-eth3,up,42244814718583,netem,55290026,42497,0,0,0,0,0,52849836,9268,0,53161508,10246,0
1568,42244833140897,42244834932857,20000972,sA-eth3,up,42244834760626,netem,55290026,42497,0,0,0,0,0,52849836,9268,0,53161508,10246,0
1569,42244853138330,42244854922309,19997433,sA-eth3,up,42244854748607,netem,55290026,42497,0,0,0,0,0,52849836,9268,0,53161508,10246,0
1570,42244873144052,42244874933922,20005722,sA-eth3,up,42244874759680,netem,55290026,42497,0,0,0,0,0,52849836,9268,0,53161508,10246,0
1571,42244893188724,42244895104386,20044672,sA-eth3,up,42244894906753,netem,55290026,42497,0,0,0,0,0,52849836,9268,0,53161508,10246,0
1572,42244913145926,42244914920086,19957202,sA-eth3,up,42244914746514,netem,55290026,42497,0,0,0,0,0,52849836,9268,0,53161508,10246,0
1573,42244933145268,42244934953099,19999342,sA-eth3,up,42244934773836,netem,55290026,42497,0,0,0,0,0,52849836,9268,0,53161508,10246,0
1574,42244953147341,42244955041982,20002073,sA-eth3,up,42244954852690,netem,55290026,42497,0,0,0,0,0,52849836,9268,0,53161508,10246,0
1575,42244973137903,42244974867362,19990562,sA-eth3,up,42244974694570,netem,55290026,42497,0,0,0,0,0,52849836,9268,0,53161508,10246,0
1576,42244993141815,42244994911395,20003912,sA-eth3,up,42244994740383,netem,55290026,42497,0,0,0,0,0,52849836,9268,0,53161508,10246,0
1577,42245013141327,42245014884707,19999512,sA-eth3,up,42245014715175,netem,55290026,42497,0,0,0,0,0,52849836,9268,0,53161508,10246,0
1578,42245033147890,42245034938029,20006563,sA-eth3,up,42245034760278,netem,55290026,42497,0,0,0,0,0,52849836,9268,0,53161508,10246,0
1579,42245053142652,42245054860881,19994762,sA-eth3,up,42245054690559,netem,55290026,42497,0,0,0,0,0,52849836,9268,0,53161508,10246,0
1580,42245073140814,42245075571111,19998162,sA-eth3,up,42245075403000,netem,55290026,42497,0,0,0,0,0,52849836,9268,0,53161508,10246,0
1581,42245093134616,42245095029638,19993802,sA-eth3,up,42245094846735,netem,55290026,42497,0,0,0,0,0,52849836,9268,0,53161508,10246,0
1582,42245113148949,42245115066541,20014333,sA-eth3,up,42245114884068,netem,55290026,42497,0,0,0,0,0,52849836,9268,0,53161508,10246,0
1583,42245133133211,42245134872441,19984262,sA-eth3,up,42245134698128,netem,55290026,42497,0,0,0,0,0,52849836,9268,0,53161508,10246,0
1584,42245153140093,42245155431528,20006882,sA-eth3,up,42245155266117,netem,55290026,42497,0,0,0,0,0,52849836,9268,0,53161508,10246,0
1585,42245173138746,42245175037787,19998653,sA-eth3,up,42245174828704,netem,55290096,42498,0,0,0,0,0,52849836,9268,0,53161578,10247,0
1586,42245193148388,42245195057488,20009642,sA-eth3,up,42245194867767,netem,55290096,42498,0,0,0,0,0,52849836,9268,0,53161578,10247,0
1587,42245213138800,42245215483786,19990412,sA-eth3,up,42245215307564,netem,55290096,42498,0,0,0,0,0,52849836,9268,0,53161578,10247,0
1588,42245233141372,42245234968762,20002572,sA-eth3,up,42245234779451,netem,55290096,42498,0,0,0,0,0,52849836,9268,0,53161578,10247,0
1589,42245253135925,42245255269498,19994553,sA-eth3,up,42245255100937,netem,55290096,42498,0,0,0,0,0,52849836,9268,0,53161578,10247,0
1590,42245273151187,42245275035067,20015262,sA-eth3,up,42245274833505,netem,55290096,42498,0,0,0,0,0,52849836,9268,0,53161578,10247,0
1591,42245293138999,42245295400824,19987812,sA-eth3,up,42245295238642,netem,55290096,42498,0,0,0,0,0,52849836,9268,0,53161578,10247,0
1592,42245313140951,42245315146263,20001952,sA-eth3,up,42245314952951,netem,55290096,42498,0,0,0,0,0,52849836,9268,0,53161578,10247,0
1593,42245333148504,42245335259827,20007553,sA-eth3,up,42245335092814,netem,55290096,42498,0,0,0,0,0,52849836,9268,0,53161578,10247,0
1594,42245353144515,42245355163677,19996011,sA-eth3,up,42245354978036,netem,55290096,42498,0,0,0,0,0,52849836,9268,0,53161578,10247,0
1595,42245373147968,42245375500573,20003453,sA-eth3,up,42245375333442,netem,55290096,42498,0,0,0,0,0,52849836,9268,0,53161578,10247,0
1596,42245393132090,42245394909110,19984122,sA-eth3,up,42245394732757,netem,55290096,42498,0,0,0,0,0,52849836,9268,0,53161578,10247,0
1597,42245413140472,42245414962422,20008382,sA-eth3,up,42245414779791,netem,55290096,42498,0,0,0,0,0,52849836,9268,0,53161578,10247,0
1598,42245433145704,42245435340269,20005232,sA-eth3,up,42245435181407,netem,55290096,42498,0,0,0,0,0,52849836,9268,0,53161578,10247,0
1599,42245453138127,42245454944257,19992423,sA-eth3,up,42245454767464,netem,55290096,42498,0,0,0,0,0,52849836,9268,0,53161578,10247,0
1600,42245473144579,42245474884059,20006452,sA-eth3,up,42245474710587,netem,55290096,42498,0,0,0,0,0,52849836,9268,0,53161578,10247,0
1601,42245493135301,42245495416376,19990722,sA-eth3,up,42245495251755,netem,55290096,42498,0,0,0,0,0,52849836,9268,0,53161578,10247,0
1602,42245513143193,42245515425969,20007892,sA-eth3,up,42245515259776,netem,55290096,42498,0,0,0,0,0,52849836,9268,0,53161578,10247,0
1603,42245533146785,42245535055156,20003592,sA-eth3,up,42245534855504,netem,55290096,42498,0,0,0,0,0,52849836,9268,0,53161578,10247,0
1604,42245553141717,42245555134899,19994932,sA-eth3,up,42245554947688,netem,55290096,42498,0,0,0,0,0,52849836,9268,0,53161578,10247,0
1605,42245573143940,42245575043681,20002223,sA-eth3,up,42245574829199,netem,55290096,42498,0,0,0,0,0,52849836,9268,0,53161578,10247,0
1606,42245593146813,42245595036443,20002873,sA-eth3,up,42245594825090,netem,55290096,42498,0,0,0,0,0,52849836,9268,0,53161578,10247,0
1607,42245613149024,42245615095656,20002211,sA-eth3,up,42245614885094,netem,55290096,42498,0,0,0,0,0,52849836,9268,0,53161578,10247,0
1608,42245633146927,42245635531313,19997903,sA-eth3,up,42245635336531,netem,55290096,42498,0,0,0,0,0,52849836,9268,0,53161578,10247,0
1609,42245653145320,42245654985669,19998393,sA-eth3,up,42245654785157,netem,55290096,42498,0,0,0,0,0,52849836,9268,0,53161578,10247,0
1610,42245673147152,42245675026442,20001832,sA-eth3,up,42245674817050,netem,55290096,42498,0,0,0,0,0,52849836,9268,0,53161578,10247,0
1611,42245693150093,42245695850124,20002941,sA-eth3,up,42245695664411,netem,55290096,42498,0,0,0,0,0,52849836,9268,0,53161578,10247,0
1612,42245713143756,42245715194729,19993663,sA-eth3,up,42245714999926,netem,55290096,42498,0,0,0,0,0,52849836,9268,0,53161578,10247,0
1613,42245733150059,42245734990658,20006303,sA-eth3,up,42245734793956,netem,55290096,42498,0,0,0,0,0,52849836,9268,0,53161578,10247,0
1614,42245753149710,42245755812250,19999651,sA-eth3,up,42245755623687,netem,55290096,42498,0,0,0,0,0,52849836,9268,0,53161578,10247,0
1615,42245773154143,42245775121755,20004433,sA-eth3,up,42245774915452,netem,55290096,42498,0,0,0,0,0,52849836,9268,0,53161578,10247,0
1616,42245793152635,42245795385390,19998492,sA-eth3,up,42245795204538,netem,55290096,42498,0,0,0,0,0,52849836,9268,0,53161578,10247,0
1617,42245813143476,42245815025988,19990841,sA-eth3,up,42245814809885,netem,55290096,42498,0,0,0,0,0,52849836,9268,0,53161578,10247,0
1618,42245833149589,42245835001030,20006113,sA-eth3,up,42245834808298,netem,55290096,42498,0,0,0,0,0,52849836,9268,0,53161578,10247,0
1619,42245853152302,42245855055663,20002713,sA-eth3,up,42245854832261,netem,55290096,42498,0,0,0,0,0,52849836,9268,0,53161578,10247,0
1620,42245873149624,42245875093375,19997322,sA-eth3,up,42245874885373,netem,55290096,42498,0,0,0,0,0,52849836,9268,0,53161578,10247,0
1621,42245893145686,42245894970587,19996062,sA-eth3,up,42245894778524,netem,55290096,42498,0,0,0,0,0,52849836,9268,0,53161578,10247,0
1622,42245913163068,42245914992928,20017382,sA-eth3,up,42245914805877,netem,55290096,42498,0,0,0,0,0,52849836,9268,0,53161578,10247,0
1623,42245933146481,42245935001291,19983413,sA-eth3,up,42245934807518,netem,55290096,42498,0,0,0,0,0,52849836,9268,0,53161578,10247,0
1624,42245953169192,42245955558249,20022711,sA-eth3,up,42245955356037,netem,55290096,42498,0,0,0,0,0,52849836,9268,0,53161578,10247,0
1625,42245973147375,42245975445940,19978183,sA-eth3,up,42245975265118,netem,55290096,42498,0,0,0,0,0,52849836,9268,0,53161578,10247,0
1626,42245993151037,42245995573895,20003662,sA-eth3,up,42245995358972,netem,55290096,42498,0,0,0,0,0,52849836,9268,0,53161578,10247,0
1627,42246013149969,42246015483005,19998932,sA-eth3,up,42246015303483,netem,55290326,42501,0,0,0,0,0,52857274,9271,0,53161808,10250,0
1628,42246033142862,42246035131964,19992893,sA-eth3,up,42246034943691,netem,55290326,42501,0,0,0,0,0,52857274,9271,0,53161808,10250,0
1629,42246053174804,42246055367729,20031942,sA-eth3,up,42246055204096,netem,55290326,42501,0,0,0,0,0,52857274,9271,0,53161808,10250,0
1630,42246073136427,42246075698835,19961623,sA-eth3,up,42246075517602,netem,55290326,42501,0,0,0,0,0,52857274,9271,0,53161808,10250,0
1631,42246093144438,42246095626806,20008011,sA-eth3,up,42246095463824,netem,55290326,42501,0,0,0,0,0,52857274,9271,0,53161808,10250,0
1632,42246113137210,42246115546948,19992772,sA-eth3,up,42246115370435,netem,55290326,42501,0,0,0,0,0,52857274,9271,0,53161808,10250,0
1633,42246133135093,42246135502229,19997883,sA-eth3,up,42246135338506,netem,55290326,42501,0,0,0,0,0,52857274,9271,0,53161808,10250,0
1634,42246153132845,42246155462351,19997752,sA-eth3,up,42246155297579,netem,55290326,42501,0,0,0,0,0,52857274,9271,0,53161808,10250,0
1635,42246173140367,42246175474853,20007522,sA-eth3,up,42246175314172,netem,55290326,42501,0,0,0,0,0,52857274,9271,0,53161808,10250,0
1636,42246193137160,42246195191502,19996793,sA-eth3,up,42246195022690,netem,55290326,42501,0,0,0,70,1,52857274,9271,0,53161878,10251,0
1637,42246213133161,42246215814501,19996001,sA-eth3,up,42246215649570,netem,55290396,42502,0,0,0,0,0,52857274,9271,0,53161878,10251,0
1638,42246233138004,42246235637912,20004843,sA-eth3,up,42246235362258,netem,55290396,42502,0,0,0,0,0,52857274,9271,0,53161878,10251,0
1639,42246253142667,42246255471702,20004663,sA-eth3,up,42246255300341,netem,55290396,42502,0,0,0,0,0,52857274,9271,0,53161878,10251,0
1640,42246273160199,42246275430284,20017532,sA-eth3,up,42246275252272,netem,55290396,42502,0,0,0,0,0,52857274,9271,0,53161878,10251,0
1641,42246293158410,42246295544767,19998211,sA-eth3,up,42246295363905,netem,55290396,42502,0,0,0,0,0,52857274,9271,0,53161878,10251,0
1642,42246313147333,42246315479938,19988923,sA-eth3,up,42246315299277,netem,55290396,42502,0,0,0,0,0,52857274,9271,0,53161878,10251,0
1643,42246333157156,42246334997986,20009823,sA-eth3,up,42246334807323,netem,55290396,42502,0,0,0,0,0,52857274,9271,0,53161878,10251,0
1644,42246353153567,42246354999658,19996411,sA-eth3,up,42246354810656,netem,55290396,42502,0,0,0,0,0,52857274,9271,0,53161878,10251,0
1645,42246373153940,42246375024471,20000373,sA-eth3,up,42246374820328,netem,55290396,42502,0,0,0,0,0,52857274,9271,0,53161878,10251,0
1646,42246393159751,42246395484788,20005811,sA-eth3,up,42246395307475,netem,55290396,42502,0,0,0,0,0,52857274,9271,0,53161878,10251,0
1647,42246413141944,42246414923024,19982193,sA-eth3,up,42246414735882,netem,55290396,42502,0,0,0,0,0,52857274,9271,0,53161878,10251,0
1648,42246433162187,42246435332771,20020243,sA-eth3,up,42246435149089,netem,55290396,42502,0,0,0,0,0,52857274,9271,0,53161878,10251,0
1649,42246453154649,42246455258932,19992462,sA-eth3,up,42246455077530,netem,55290396,42502,0,0,0,0,0,52857274,9271,0,53161878,10251,0
1650,42246473152611,42246475048062,19997962,sA-eth3,up,42246474835059,netem,55290396,42502,0,0,0,0,0,52857274,9271,0,53161878,10251,0
1651,42246493143763,42246494988014,19991152,sA-eth3,up,42246494793482,netem,55290396,42502,0,0,0,0,0,52857274,9271,0,53161878,10251,0
1652,42246513146885,42246515099497,20003122,sA-eth3,up,42246514886935,netem,55290396,42502,0,0,0,0,0,52857274,9271,0,53161878,10251,0
1653,42246533176208,42246535542124,20029323,sA-eth3,up,42246535356302,netem,55290396,42502,0,0,0,0,0,52857274,9271,0,53161878,10251,0
1654,42246553146040,42246555314604,19969832,sA-eth3,up,42246555142672,netem,55290396,42502,0,0,0,0,0,52857274,9271,0,53161878,10251,0
1655,42246573157292,42246575126174,20011252,sA-eth3,up,42246574916831,netem,55290396,42502,0,0,0,0,0,52857274,9271,0,53161878,10251,0
1656,42246593159744,42246595170207,20002452,sA-eth3,up,42246594914764,netem,55290396,42502,0,0,0,0,0,52857274,9271,0,53161878,10251,0
1657,42246613163767,42246615065088,20004023,sA-eth3,up,42246614860785,netem,55290396,42502,0,0,0,0,0,52857274,9271,0,53161878,10251,0
1658,42246633166198,42246635050160,20002431,sA-eth3,up,42246634834977,netem,55290396,42502,0,0,0,0,0,52857274,9271,0,53161878,10251,0
1659,42246653149421,42246654934951,19983223,sA-eth3,up,42246654747689,netem,55291068,42510,0,0,0,0,0,52869386,9279,0,53162550,10259,0
1660,42246673142963,42246674936483,19993542,sA-eth3,up,42246674754491,netem,55291068,42510,0,0,0,0,0,52869386,9279,0,53162550,10259,0
1661,42246693165875,42246695561512,20022912,sA-eth3,up,42246695327719,netem,55291068,42510,0,0,0,0,0,52869386,9279,0,53162550,10259,0
1662,42246713144758,42246715238841,19978883,sA-eth3,up,42246715059269,netem,55291068,42510,0,0,0,0,0,52869386,9279,0,53162550,10259,0
1663,42246733161521,42246735047631,20016763,sA-eth3,up,42246734851299,netem,55291068,42510,0,0,0,0,0,52869386,9279,0,53162550,10259,0
1664,42246753153192,42246754977832,19991671,sA-eth3,up,42246754790010,netem,55291068,42510,0,0,0,0,0,52869386,9279,0,53162550,10259,0
1665,42246773149024,42246775422049,19995832,sA-eth3,up,42246775251778,netem,55291068,42510,0,0,0,0,0,52869386,9279,0,53162550,10259,0
1666,42246793156397,42246795254510,20007373,sA-eth3,up,42246795075409,netem,55291068,42510,0,0,0,0,0,52869386,9279,0,53162550,10259,0
1667,42246813147609,42246815057750,19991212,sA-eth3,up,42246814856838,netem,55291068,42510,0,0,0,0,0,52869386,9279,0,53162550,10259,0
1668,42246833159201,42246834973821,20011592,sA-eth3,up,42246834782199,netem,55291068,42510,0,0,0,0,0,52869386,9279,0,53162550,10259,0
1669,42246853147774,42246855032084,19988573,sA-eth3,up,42246854823932,netem,55291068,42510,0,0,0,0,0,52869386,9279,0,53162550,10259,0
1670,42246873143546,42246875713264,19995772,sA-eth3,up,42246875500162,netem,55291410,42515,0,0,0,66,1,52887224,9286,0,53162958,10265,0
1671,42246893155338,42246895079429,20011792,sA-eth3,up,42246894875737,netem,55291884,42522,0,0,0,66,1,52907958,9293,0,53163432,10272,0
1672,42246913153460,42246915282024,19998122,sA-eth3,up,42246915094692,netem,55292424,42530,0,0,0,0,0,52925796,9300,0,53163906,10279,0
1673,42246933166823,42246935261446,20013363,sA-eth3,up,42246935079423,netem,55292964,42538,0,0,0,66,1,52952454,9309,0,53164446,10287,0
1674,42246953141584,42246955053815,19974761,sA-eth3,up,42246954834133,netem,55293108,42540,0,0,0,0,0,52955416,9310,0,53164590,10289,0
1675,42246973152387,42246975302921,20010803,sA-eth3,up,42246975128659,netem,55293108,42540,0,0,0,0,0,52955416,9310,0,53164590,10289,0
1676,42246993152489,42246994970099,20000102,sA-eth3,up,42246994769576,netem,55293108,42540,0,0,0,0,0,52955416,9310,0,53164590,10289,0
1677,42247013152712,42247015021172,20000223,sA-eth3,up,42247014811420,netem,55293108,42540,0,0,0,0,0,52955416,9310,0,53164590,10289,0
1678,42247033177304,42247035095995,20024592,sA-eth3,up,42247034887403,netem,55293108,42540,0,0,0,0,0,52955416,9310,0,53164590,10289,0
1679,42247053148126,42247055077458,19970822,sA-eth3,up,42247054873985,netem,55293108,42540,0,0,0,0,0,52955416,9310,0,53164590,10289,0
1680,42247073153548,42247074991879,20005422,sA-eth3,up,42247074804586,netem,55293108,42540,0,0,0,0,0,52955416,9310,0,53164590,10289,0
1681,42247093155960,42247094980651,20002412,sA-eth3,up,42247094800048,netem,55293108,42540,0,0,0,0,0,52955416,9310,0,53164590,10289,0
1682,42247113160463,42247115057873,20004503,sA-eth3,up,42247114857061,netem,55293108,42540,0,0,0,0,0,52955416,9310,0,53164590,10289,0
1683,42247133171755,42247135257828,20011292,sA-eth3,up,42247135002365,netem,55293108,42540,0,0,0,0,0,52955416,9310,0,53164590,10289,0
1684,42247153143267,42247155027618,19971512,sA-eth3,up,42247154823646,netem,55293318,42543,0,0,0,0,0,52962854,9313,0,53164800,10292,0
1685,42247173161969,42247174956619,20018702,sA-eth3,up,42247174764207,netem,55293672,42548,0,0,0,66,1,52993658,9319,0,53165220,10298,0
1686,42247193148842,42247194954791,19986873,sA-eth3,up,42247194762369,netem,55293972,42552,0,0,0,78,1,53017090,9323,0,53165454,10301,0
1687,42247213173224,42247215086305,20024382,sA-eth3,up,42247214873652,netem,55294572,42560,0,0,0,0,0,53048092,9332,0,53166054,10309,0
1688,42247233139636,42247235442461,19966412,sA-eth3,up,42247235208928,netem,55295016,42566,0,0,0,0,0,53058492,9336,0,53166498,10315,0
1689,42247253142978,42247255106920,20003342,sA-eth3,up,42247254889697,netem,55295316,42570,0,0,0,0,0,53082056,9342,0,53166798,10319,0
1690,42247273148870,42247275036751,20005892,sA-eth3,up,42247274824398,netem,55295624,42574,0,0,0,0,0,53099696,9346,0,53167106,10323,0
1691,42247293146052,42247295193015,19997182,sA-eth3,up,42247294913191,netem,55295888,42578,0,0,0,0,0,53130566,9353,0,53167370,10327,0
1692,42247313145205,42247315050836,19999153,sA-eth3,up,42247314832554,netem,55296098,42581,0,0,0,0,0,53139386,9355,0,53167580,10330,0
1693,42247333138077,42247335436762,19992872,sA-eth3,up,42247335259270,netem,55296098,42581,0,0,0,0,0,53139386,9355,0,53167580,10330,0
1694,42247353141289,42247355037710,20003212,sA-eth3,up,42247354811708,netem,55296098,42581,0,0,0,0,0,53139386,9355,0,53167580,10330,0
1695,42247373153611,42247375302706,20012322,sA-eth3,up,42247375127894,netem,55296098,42581,0,0,0,0,0,53139386,9355,0,53167580,10330,0
1696,42247393140594,42247395054094,19986983,sA-eth3,up,42247394824061,netem,55296098,42581,0,0,0,0,0,53139386,9355,0,53167580,10330,0
1697,42247413144796,42247415173279,20004202,sA-eth3,up,42247414975386,netem,55296098,42581,0,0,0,0,0,53139386,9355,0,53167580,10330,0
1698,42247433141878,42247435355272,19997082,sA-eth3,up,42247435141370,netem,55296098,42581,0,0,0,0,0,53139386,9355,0,53167580,10330,0
1699,42247453145460,42247455185283,20003582,sA-eth3,up,42247454948310,netem,55296098,42581,0,0,0,0,0,53139386,9355,0,53167580,10330,0
1700,42247473145022,42247475156655,19999562,sA-eth3,up,42247474947163,netem,55296098,42581,0,0,0,0,0,53139386,9355,0,53167580,10330,0
1701,42247493141015,42247495106046,19995993,sA-eth3,up,42247494892604,netem,55296098,42581,0,0,0,0,0,53139386,9355,0,53167580,10330,0
1702,42247513138567,42247515055588,19997552,sA-eth3,up,42247514862456,netem,55296098,42581,0,0,0,0,0,53139386,9355,0,53167580,10330,0
1703,42247533147279,42247535453475,20008712,sA-eth3,up,42247535239602,netem,55296320,42584,0,0,0,0,0,53146890,9359,0,53167802,10333,0
1704,42247553146151,42247555073183,19998872,sA-eth3,up,42247554860450,netem,55296740,42590,0,0,0,66,1,53170454,9365,0,53168288,10340,0
1705,42247573144803,42247574958303,19998652,sA-eth3,up,42247574768551,netem,55297082,42595,0,0,0,0,0,53188094,9369,0,53168564,10344,0
1706,42247593145436,42247594955636,20000633,sA-eth3,up,42247594773224,netem,55297358,42599,0,0,0,78,1,53210144,9374,0,53168918,10349,0
1707,42247613143098,42247615545225,19997662,sA-eth3,up,42247615362832,netem,55297778,42605,0,0,0,0,0,53232194,9379,0,53169260,10354,0
1708,42247633140020,42247635237853,19996922,sA-eth3,up,42247635061642,netem,55297856,42606,0,0,0,0,0,53236604,9380,0,53169338,10355,0
1709,42247653146723,42247655076094,20006703,sA-eth3,up,42247654875442,netem,55297856,42606,0,0,0,0,0,53236604,9380,0,53169338,10355,0
1710,42247673137934,42247675070046,19991211,sA-eth3,up,42247674872973,netem,55297856,42606,0,0,0,0,0,53236604,9380,0,53169338,10355,0
1711,42247693143607,42247695139609,20005673,sA-eth3,up,42247694937257,netem,55297856,42606,0,0,0,0,0,53236604,9380,0,53169338,10355,0
1712,42247713151220,42247715096311,20007613,sA-eth3,up,42247714901589,netem,55297856,42606,0,0,0,0,0,53236604,9380,0,53169338,10355,0
1713,42247733136031,42247735080653,19984811,sA-eth3,up,42247734882041,netem,55297856,42606,0,0,0,0,0,53236604,9380,0,53169338,10355,0
1714,42247753138494,42247755431708,20002463,sA-eth3,up,42247755246327,netem,55328226,42627,0,0,0,33308,2,53236802,9383,0,53213066,10359,0
1715,42247773150646,42247774978296,20012152,sA-eth3,up,42247774795715,netem,55578036,42792,0,0,0,52990,4,53237396,9392,0,53445868,10376,0
1716,42247793152859,42247795048749,20002213,sA-eth3,up,42247794851048,netem,55699156,42872,0,0,0,0,0,53237396,9392,0,53554996,10384,0
1717,42247813139190,42247814957991,19986331,sA-eth3,up,42247814770589,netem,55700670,42873,0,0,0,36336,3,53237462,9393,0,53556510,10385,0
1718,42247833147943,42247835036014,20008753,sA-eth3,up,42247834815941,netem,55941396,43032,0,0,0,45420,3,53237462,9393,0,53802476,10404,0
1719,42247853156265,42247855147597,20008322,sA-eth3,up,42247854873705,netem,55994860,43074,0,0,0,0,0,53259644,9400,0,53839348,10414,0
1720,42247873152877,42247875064258,19996612,sA-eth3,up,42247874852176,netem,56176840,43198,0,0,0,37928,4,53281760,9406,0,54028812,10432,0
1721,42247893148909,42247894957119,19996032,sA-eth3,up,42247894768188,netem,56404348,43354,0,0,0,30346,3,53308286,9413,0,54247542,10455,0
1722,42247913153932,42247914912391,20005023,sA-eth3,up,42247914722899,netem,56654512,43524,0,0,0,37916,4,53330336,9418,0,54473458,10477,0
1723,42247933165844,42247934983134,20011912,sA-eth3,up,42247934790502,netem,56900122,43691,0,0,0,68130,4,53348042,9423,0,54726940,10500,0
1724,42247953153296,42247954958376,19987452,sA-eth3,up,42247954767055,netem,57154672,43862,0,0,0,104532,7,53365748,9428,0,54953950,10517,0
1725,42247973173389,42247975109860,20020093,sA-eth3,up,42247974858777,netem,57407720,44032,0,0,0,43906,4,53378978,9431,0,55208880,10540,0
1726,42247993149311,42247994912670,19975922,sA-eth3,up,42247994711688,netem,57493282,44093,0,0,0,78,1,53398066,9435,0,55279558,10551,0
1727,42248013153572,42248014970084,20004261,sA-eth3,up,42248014778461,netem,57493804,44100,0,0,0,0,0,53427488,9442,0,55280080,10558,0
1728,42248033183325,42248034996045,20029753,sA-eth3,up,42248034807244,netem,57494272,44106,0,0,0,0,0,53452632,9450,0,55280548,10564,0
1729,42248053157287,42248055501773,19973962,sA-eth3,up,42248055309371,netem,57494824,44114,0,0,0,66,1,53493638,9457,0,55281100,10572,0
1730,42248073143549,42248075156341,19986262,sA-eth3,up,42248074952740,netem,57495388,44122,0,0,0,0,0,53536158,9465,0,55281664,10580,0
1731,42248093148642,42248095188774,20005093,sA-eth3,up,42248094989352,netem,57495942,44129,0,0,0,78,1,53572886,9473,0,55282296,10588,0
1732,42248113144324,42248114988714,19995682,sA-eth3,up,42248114796952,netem,57496452,44136,0,0,0,0,0,53608034,9479,0,55282728,10594,0
1733,42248133161386,42248135133727,20017062,sA-eth3,up,42248134929306,netem,57496884,44142,0,0,0,78,1,53638838,9485,0,55283160,10600,0
1734,42248153150488,42248155366023,19989102,sA-eth3,up,42248155193961,netem,57497604,44152,0,0,0,0,0,53677146,9495,0,55283880,10610,0
1735,42248173141331,42248174919910,19990843,sA-eth3,up,42248174731838,netem,57498066,44159,0,0,0,0,0,53716704,9502,0,55284342,10617,0
1736,42248193151363,42248194978533,20010032,sA-eth3,up,42248194797381,netem,57498420,44164,0,0,0,66,1,53745994,9507,0,55284762,10623,0
1737,42248213144235,42248215089296,19992872,sA-eth3,up,42248214829493,netem,57498882,44171,0,0,0,0,0,53788514,9515,0,55285158,10629,0
1738,42248233157737,42248235098889,20013502,sA-eth3,up,42248234880956,netem,57499224,44176,0,0,0,0,0,53811946,9519,0,55285500,10634,0
1739,42248253145050,42248255449805,19987313,sA-eth3,up,42248255271033,netem,57499668,44182,0,0,0,0,0,53848608,9526,0,55285944,10640,0
1740,42248273142341,42248274988112,19997291,sA-eth3,up,42248274805440,netem,57500178,44189,0,0,0,0,0,53877964,9532,0,55286454,10647,0
1741,42248293141454,42248295070846,19999113,sA-eth3,up,42248294876453,netem,57500634,44195,0,0,0,0,0,53908834,9539,0,55286910,10653,0
1742,42248313141336,42248315069128,19999882,sA-eth3,up,42248314877876,netem,57501078,44201,0,0,0,0,0,53936742,9545,0,55287354,10659,0
1743,42248333141128,42248334940519,19999792,sA-eth3,up,42248334760416,netem,57501498,44207,0,0,0,0,0,53968994,9551,0,55287774,10665,0
1744,42248353140870,42248354938550,19999742,sA-eth3,up,42248354757839,netem,57501918,44213,0,0,0,0,0,54010000,9558,0,55288194,10671,0
1745,42248373142033,42248374985173,20001163,sA-eth3,up,42248374798851,netem,57502284,44218,0,0,0,0,0,54033432,9562,0,55288560,10676,0
1746,42248393143195,42248395188548,20001162,sA-eth3,up,42248394984506,netem,57502818,44225,0,0,0,66,1,54062920,9570,0,55289094,10683,0
1747,42248413142967,42248414987158,19999772,sA-eth3,up,42248414807476,netem,57503184,44230,0,0,0,66,1,54098068,9576,0,55289460,10688,0
1748,42248433153170,42248435052991,20010203,sA-eth3,up,42248434848279,netem,57503772,44238,0,0,0,78,1,54124594,9583,0,55290048,10696,0
1749,42248453140252,42248454984292,19987082,sA-eth3,up,42248454790390,netem,57504258,44245,0,0,0,0,0,54167114,9591,0,55290534,10703,0
1750,42248473150764,42248475070356,20010512,sA-eth3,up,42248474873123,netem,57504858,44253,0,0,0,66,1,54196536,9598,0,55291200,10712,0
1751,42248493148286,42248495077698,19997522,sA-eth3,up,42248494877595,netem,57505068,44256,0,0,0,0,0,54205356,9600,0,55291344,10714,0
1752,42248513154649,42248515093990,20006363,sA-eth3,up,42248514822798,netem,57505068,44256,0,0,0,0,0,54205356,9600,0,55291344,10714,0
1753,42248533145762,42248535030051,19991113,sA-eth3,up,42248534827729,netem,57505068,44256,0,0,0,0,0,54205356,9600,0,55291344,10714,0
1754,42248553147503,42248555024774,20001741,sA-eth3,up,42248554819711,netem,57505068,44256,0,0,0,0,0,54205356,9600,0,55291344,10714,0
1755,42248573144705,42248574944885,19997202,sA-eth3,up,42248574765353,netem,57505068,44256,0,0,0,0,0,54205356,9600,0,55291344,10714,0
1756,42248593142978,42248594920707,19998273,sA-eth3,up,42248594742825,netem,57505068,44256,0,0,0,0,0,54205356,9600,0,55291344,10714,0
1757,42248613144469,42248614979300,20001491,sA-eth3,up,42248614791318,netem,57505068,44256,0,0,0,0,0,54205356,9600,0,55291344,10714,0
1758,42248633150142,42248635122244,20005673,sA-eth3,up,42248634914222,netem,57505068,44256,0,0,0,0,0,54205356,9600,0,55291344,10714,0
1759,42248653142105,42248655050025,19991963,sA-eth3,up,42248654859583,netem,57505068,44256,0,0,0,0,0,54205356,9600,0,55291344,10714,0
1760,42248673137536,42248674985757,19995431,sA-eth3,up,42248674806175,netem,57505068,44256,0,0,0,0,0,54205356,9600,0,55291344,10714,0
1761,42248693136699,42248695035370,19999163,sA-eth3,up,42248694850458,netem,57505068,44256,0,0,0,0,0,54205356,9600,0,55291344,10714,0
1762,42248713138751,42248715041582,20002052,sA-eth3,up,42248714847410,netem,57505068,44256,0,0,0,0,0,54205356,9600,0,55291344,10714,0
1763,42248733140452,42248735460859,20001701,sA-eth3,up,42248735274747,netem,57505068,44256,0,0,0,0,0,54205356,9600,0,55291344,10714,0
1764,42248753143905,42248755245468,20003453,sA-eth3,up,42248755070077,netem,57505068,44256,0,0,0,0,0,54205356,9600,0,55291344,10714,0
1765,42248773135017,42248775023708,19991112,sA-eth3,up,42248774833147,netem,57505068,44256,0,0,0,0,0,54205356,9600,0,55291344,10714,0
1766,42248793145639,42248794987880,20010622,sA-eth3,up,42248794810808,netem,57505068,44256,0,0,0,0,0,54205356,9600,0,55291344,10714,0
1767,42248813143572,42248815035033,19997933,sA-eth3,up,42248814849151,netem,57505068,44256,0,0,0,0,0,54205356,9600,0,55291344,10714,0
1768,42248833142175,42248835106015,19998603,sA-eth3,up,42248834912514,netem,57505068,44256,0,0,0,0,0,54205356,9600,0,55291344,10714,0
1769,42248853141167,42248855033417,19998992,sA-eth3,up,42248854829505,netem,57505068,44256,0,0,0,0,0,54205356,9600,0,55291344,10714,0
1770,42248873147269,42248876132462,20006102,sA-eth3,up,42248875937499,netem,57505068,44256,0,0,0,0,0,54205356,9600,0,55291344,10714,0
1771,42248893135711,42248895236864,19988442,sA-eth3,up,42248895068863,netem,57505068,44256,0,0,0,0,0,54205356,9600,0,55291344,10714,0
1772,42248913138834,42248914962873,20003123,sA-eth3,up,42248914783561,netem,57505068,44256,0,0,0,0,0,54205356,9600,0,55291344,10714,0
1773,42248933142055,42248935668354,20003221,sA-eth3,up,42248935501952,netem,57505068,44256,0,0,0,0,0,54205356,9600,0,55291344,10714,0
1774,42248953142247,42248955221020,20000192,sA-eth3,up,42248955041149,netem,57505068,44256,0,0,0,0,0,54205356,9600,0,55291344,10714,0
1775,42248973148730,42248975118272,20006483,sA-eth3,up,42248974925440,netem,57505068,44256,0,0,0,0,0,54205356,9600,0,55291344,10714,0
1776,42248993142513,42248994947493,19993783,sA-eth3,up,42248994771650,netem,57505068,44256,0,0,0,0,0,54205356,9600,0,55291344,10714,0
1777,42249013135424,42249014918823,19992911,sA-eth3,up,42249014732692,netem,57505068,44256,0,0,0,0,0,54205356,9600,0,55291344,10714,0
1778,42249033147017,42249034927137,20011593,sA-eth3,up,42249034740934,netem,57505068,44256,0,0,0,0,0,54205356,9600,0,55291344,10714,0
1779,42249053143129,42249055031580,19996112,sA-eth3,up,42249054832187,netem,57505068,44256,0,0,0,0,0,54205356,9600,0,55291344,10714,0
1780,42249073140551,42249074916040,19997422,sA-eth3,up,42249074739408,netem,57505068,44256,0,0,0,0,0,54205356,9600,0,55291344,10714,0
1781,42249093141153,42249094901843,20000602,sA-eth3,up,42249094719150,netem,57505068,44256,0,0,0,0,0,54205356,9600,0,55291344,10714,0
1782,42249113139926,42249115038836,19998773,sA-eth3,up,42249114828775,netem,57505068,44256,0,0,0,0,0,54205356,9600,0,55291344,10714,0
1783,42249133151937,42249135125299,20012011,sA-eth3,up,42249134929158,netem,57505520,44262,0,0,0,0,0,54226024,9606,0,55291796,10720,0
1784,42249153142300,42249154952120,19990363,sA-eth3,up,42249154769318,netem,57505874,44267,0,0,0,0,0,54243730,9611,0,55292150,10725,0
1785,42249173136822,42249174936392,19994522,sA-eth3,up,42249174758340,netem,57505874,44267,0,0,0,0,0,54243730,9611,0,55292150,10725,0
1786,42249193139395,42249194901814,20002573,sA-eth3,up,42249194727862,netem,57505874,44267,0,0,0,0,0,54243730,9611,0,55292150,10725,0
1787,42249213138277,42249214977738,19998882,sA-eth3,up,42249214798055,netem,57505874,44267,0,0,0,0,0,54243730,9611,0,55292150,10725,0
1788,42249233146869,42249235483695,20008592,sA-eth3,up,42249235290663,netem,57505874,44267,0,0,0,0,0,54243730,9611,0,55292150,10725,0
1789,42249253149942,42249255205094,20003073,sA-eth3,up,42249255029492,netem,57505874,44267,0,0,0,0,0,54243730,9611,0,55292150,10725,0
1790,42249273140813,42249274965904,19990871,sA-eth3,up,42249274785152,netem,57505874,44267,0,0,0,0,0,54243730,9611,0,55292150,10725,0
1791,42249293146286,42249294977615,20005473,sA-eth3,up,42249294799594,netem,57505874,44267,0,0,0,0,0,54243730,9611,0,55292150,10725,0
1792,42249313144188,42249314992998,19997902,sA-eth3,up,42249314813857,netem,57505874,44267,0,0,0,0,0,54243730,9611,0,55292150,10725,0
1793,42249333143020,42249334977521,19998832,sA-eth3,up,42249334785589,netem,57505874,44267,0,0,0,0,0,54243730,9611,0,55292150,10725,0
1794,42249353140672,42249354946952,19997652,sA-eth3,up,42249354770981,netem,57505874,44267,0,0,0,0,0,54243730,9611,0,55292150,10725,0
1795,42249373153255,42249374972885,20012583,sA-eth3,up,42249374790513,netem,57506228,44272,0,0,0,0,0,54255644,9616,0,55292504,10730,0
1796,42249393139047,42249394977047,19985792,sA-eth3,up,42249394793735,netem,57506762,44279,0,0,0,0,0,54279274,9623,0,55293038,10737,0
1797,42249413140599,42249415055420,20001552,sA-eth3,up,42249414863018,netem,57507190,44285,0,0,0,0,0,54308762,9631,0,55293466,10743,0
1798,42249433149362,42249435073623,20008763,sA-eth3,up,42249434861240,netem,57507610,44291,0,0,0,66,1,54335222,9637,0,55293952,10750,0
1799,42249453145094,42249454970994,19995732,sA-eth3,up,42249454786132,netem,57508096,44298,0,0,0,0,0,54366092,9644,0,55294372,10756,0
1800,42249473167166,42249477873388,20022072,sA-eth3,up,42249477662756,netem,57508570,44305,0,0,0,0,0,54396962,9651,0,55294846,10763,0
1801,42249493147438,42249494959888,19980272,sA-eth3,up,42249494781137,netem,57508900,44310,0,0,0,0,0,54419012,9656,0,55295176,10768,0
1802,42249513145701,42249514956330,19998263,sA-eth3,up,42249514760278,netem,57509266,44315,0,0,0,0,0,54441062,9661,0,55295542,10773,0
1803,42249533166333,42249535174155,20020632,sA-eth3,up,42249534968003,netem,57509764,44322,0,0,0,66,1,54471932,9668,0,55296040,10780,0
1804,42249553154055,42249555093986,19987722,sA-eth3,up,42249554891714,netem,57510226,44329,0,0,0,66,1,54510042,9675,0,55296502,10787,0
1805,42249573148327,42249575050138,19994272,sA-eth3,up,42249574831096,netem,57510448,44332,0,0,0,0,0,54521758,9677,0,55296724,10790,0
1806,42249593148860,42249594942939,20000533,sA-eth3,up,42249594750907,netem,57510448,44332,0,0,0,0,0,54521758,9677,0,55296724,10790,0
1807,42249613156141,42249615071553,20007281,sA-eth3,up,42249614863221,netem,57510448,44332,0,0,0,0,0,54521758,9677,0,55296724,10790,0
1808,42249633150664,42249635032725,19994523,sA-eth3,up,42249634822392,netem,57510448,44332,0,0,0,0,0,54521758,9677,0,55296724,10790,0
1809,42249653143696,42249654958836,19993032,sA-eth3,up,42249654774814,netem,57510448,44332,0,0,0,0,0,54521758,9677,0,55296724,10790,0
1810,42249673141068,42249674915397,19997372,sA-eth3,up,42249674728086,netem,57510448,44332,0,0,0,0,0,54521758,9677,0,55296724,10790,0
1811,42249693139971,42249695434905,19998903,sA-eth3,up,42249695251813,netem,57510448,44332,0,0,0,0,0,54521758,9677,0,55296724,10790,0
1812,42249713150752,42249715070193,20010781,sA-eth3,up,42249714860791,netem,57510448,44332,0,0,0,0,0,54521758,9677,0,55296724,10790,0
1813,42249733145945,42249735113917,19995193,sA-eth3,up,42249734897084,netem,57510448,44332,0,0,0,0,0,54521758,9677,0,55296724,10790,0
1814,42249753144107,42249755378112,19998162,sA-eth3,up,42249755203849,netem,57510448,44332,0,0,0,0,0,54521758,9677,0,55296724,10790,0
1815,42249773139860,42249774970139,19995753,sA-eth3,up,42249774789297,netem,57510526,44333,0,0,0,0,0,54527682,9679,0,55296802,10791,0
1816,42249793141891,42249795100613,20002031,sA-eth3,up,42249794895330,netem,57511090,44341,0,0,0,66,1,54563028,9688,0,55297432,10800,0
1817,42249813147124,42249815046805,20005233,sA-eth3,up,42249814853623,netem,57511588,44348,0,0,0,78,1,54593832,9694,0,55297864,10806,0
1818,42249833144676,42249835053827,19997552,sA-eth3,up,42249834860515,netem,57512098,44355,0,0,0,0,0,54631942,9701,0,55298374,10813,0
1819,42249853140909,42249855044769,19996233,sA-eth3,up,42249854854737,netem,57512592,44362,0,0,0,0,0,54668604,9708,0,55298868,10820,0
1820,42249873142040,42249875054941,20001131,sA-eth3,up,42249874858609,netem,57512970,44367,0,0,0,66,1,54696446,9713,0,55299312,10826,0
1821,42249893144182,42249895216616,20002142,sA-eth3,up,42249895039923,netem,57513432,44374,0,0,0,66,1,54736004,9720,0,55299708,10832,0
1822,42249913142744,42249915135758,19998562,sA-eth3,up,42249914937435,netem,57513774,44379,0,0,0,0,0,54762398,9725,0,55300050,10837,0
1823,42249933145717,42249934988188,20002973,sA-eth3,up,42249934801205,netem,57514236,44386,0,0,0,0,0,54803404,9732,0,55300512,10844,0
1824,42249953139589,42249954966689,19993872,sA-eth3,up,42249954778328,netem,57514566,44391,0,0,0,0,0,54834208,9738,0,55300842,10849,0
1825,42249973148181,42249975021502,20008592,sA-eth3,up,42249974820980,netem,57514722,44393,0,0,0,0,0,54840066,9739,0,55300998,10851,0
1826,42249993138523,42249994932784,19990342,sA-eth3,up,42249994757952,netem,57514722,44393,0,0,0,0,0,54840066,9739,0,55300998,10851,0
1827,42250013137776,42250014945196,19999253,sA-eth3,up,42250014760334,netem,57514722,44393,0,0,0,0,0,54840066,9739,0,55300998,10851,0
1828,42250033150509,42250035063289,20012733,sA-eth3,up,42250034868378,netem,57514722,44393,0,0,0,0,0,54840066,9739,0,55300998,10851,0
1829,42250053145440,42250055704749,19994931,sA-eth3,up,42250055529467,netem,57514722,44393,0,0,0,0,0,54840066,9739,0,55300998,10851,0
1830,42250073134803,42250074996483,19989363,sA-eth3,up,42250074818921,netem,57514722,44393,0,0,0,0,0,54840066,9739,0,55300998,10851,0
1831,42250093136535,42250095274318,20001732,sA-eth3,up,42250095106567,netem,57514722,44393,0,0,0,0,0,54840066,9739,0,55300998,10851,0
1832,42250113139057,42250115428753,20002522,sA-eth3,up,42250115240920,netem,57514722,44393,0,0,0,0,0,54840066,9739,0,55300998,10851,0
1833,42250133161349,42250135095881,20022292,sA-eth3,up,42250134882988,netem,57514722,44393,0,0,0,0,0,54840066,9739,0,55300998,10851,0
1834,42250153138951,42250155302516,19977602,sA-eth3,up,42250155127053,netem,57514722,44393,0,0,0,0,0,54840066,9739,0,55300998,10851,0
1835,42250173139764,42250175191787,20000813,sA-eth3,up,42250174982844,netem,57514800,44394,0,0,0,0,0,54845990,9741,0,55301076,10852,0
1836,42250193137886,42250195103368,19998122,sA-eth3,up,42250194910965,netem,57515220,44400,0,0,0,66,1,54875346,9747,0,55301562,10859,0
1837,42250213144418,42250214977478,20006532,sA-eth3,up,42250214787817,netem,57515694,44407,0,0,0,0,0,54912008,9754,0,55301970,10865,0
1838,42250233155781,42250235087403,20011363,sA-eth3,up,42250234874330,netem,57516048,44412,0,0,0,0,0,54941298,9759,0,55302324,10870,0
1839,42250253146873,42250254956873,19991092,sA-eth3,up,42250254767371,netem,57516258,44415,0,0,0,0,0,54953014,9761,0,55302534,10873,0
1840,42250273151795,42250274960625,20004922,sA-eth3,up,42250274774143,netem,57516258,44415,0,0,0,0,0,54953014,9761,0,55302534,10873,0
1841,42250293144897,42250295060639,19993102,sA-eth3,up,42250294863566,netem,57516300,44416,0,0,0,0,0,54953056,9762,0,55302576,10874,0
1842,42250313156600,42250315437115,20011703,sA-eth3,up,42250315249853,netem,57516300,44416,0,0,0,0,0,54953056,9762,0,55302576,10874,0
1843,42250333144892,42250334975663,19988292,sA-eth3,up,42250334755400,netem,57516300,44416,0,0,0,0,0,54953056,9762,0,55302576,10874,0
1844,42250353155124,42250355147266,20010232,sA-eth3,up,42250354948664,netem,57516300,44416,0,0,0,0,0,54953056,9762,0,55302576,10874,0
1845,42250373147777,42250374929026,19992653,sA-eth3,up,42250374743614,netem,57516300,44416,0,0,0,0,0,54953056,9762,0,55302576,10874,0
1846,42250393150638,42250395597925,20002861,sA-eth3,up,42250395416564,netem,57516300,44416,0,0,0,0,0,54953056,9762,0,55302576,10874,0
1847,42250413139141,42250415127502,19988503,sA-eth3,up,42250414935530,netem,57516300,44416,0,0,0,0,0,54953056,9762,0,55302576,10874,0
1848,42250433147383,42250435387708,20008242,sA-eth3,up,42250435208336,netem,57516300,44416,0,0,0,0,0,54953056,9762,0,55302576,10874,0
1849,42250453146065,42250455234559,19998682,sA-eth3,up,42250455062416,netem,57516300,44416,0,0,0,0,0,54953056,9762,0,55302576,10874,0
1850,42250473143227,42250475161599,19997162,sA-eth3,up,42250474970728,netem,57516300,44416,0,0,0,0,0,54953056,9762,0,55302576,10874,0
1851,42250493151150,42250495200422,20007923,sA-eth3,up,42250495019850,netem,57516300,44416,0,0,0,0,0,54953056,9762,0,55302576,10874,0
1852,42250513144212,42250515134345,19993062,sA-eth3,up,42250514941692,netem,57516300,44416,0,0,0,0,0,54953056,9762,0,55302576,10874,0
1853,42250533147614,42250536056387,20003402,sA-eth3,up,42250535863124,netem,57516300,44416,0,0,0,0,0,54953056,9762,0,55302576,10874,0
1854,42250553144306,42250555436141,19996692,sA-eth3,up,42250555261860,netem,57516300,44416,0,0,0,0,0,54953056,9762,0,55302576,10874,0
1855,42250573141989,42250575613786,19997683,sA-eth3,up,42250575343763,netem,57516300,44416,0,0,0,0,0,54953056,9762,0,55302576,10874,0
1856,42250593150240,42250595298744,20008251,sA-eth3,up,42250595110132,netem,57516300,44416,0,0,0,0,0,54953056,9762,0,55302576,10874,0
1857,42250613150763,42250615896394,20000523,sA-eth3,up,42250615703121,netem,57516300,44416,0,0,0,0,0,54953056,9762,0,55302576,10874,0
1858,42250633147915,42250635363310,19997152,sA-eth3,up,42250635182318,netem,57516300,44416,0,0,0,0,0,54953056,9762,0,55302576,10874,0
1859,42250653145847,42250655339512,19997932,sA-eth3,up,42250655166181,netem,57516300,44416,0,0,0,0,0,54953056,9762,0,55302576,10874,0
1860,42250673146320,42250675075791,20000473,sA-eth3,up,42250674885209,netem,57516300,44416,0,0,0,0,0,54953056,9762,0,55302576,10874,0
1861,42250693144112,42250694962602,19997792,sA-eth3,up,42250694784600,netem,57516300,44416,0,0,0,0,0,54953056,9762,0,55302576,10874,0
1862,42250713142345,42250714984695,19998233,sA-eth3,up,42250714798852,netem,57516300,44416,0,0,0,0,0,54953056,9762,0,55302576,10874,0
1863,42250733164296,42250735111658,20021951,sA-eth3,up,42250734906356,netem,57516300,44416,0,0,0,0,0,54953056,9762,0,55302576,10874,0
1864,42250753143389,42250756174182,19979093,sA-eth3,up,42250755983410,netem,57516300,44416,0,0,0,0,0,54953056,9762,0,55302576,10874,0
1865,42250773133341,42250775730219,19989952,sA-eth3,up,42250775559387,netem,57516300,44416,0,0,0,0,0,54953056,9762,0,55302576,10874,0
1866,42250793135533,42250795165345,20002192,sA-eth3,up,42250794986474,netem,57516300,44416,0,0,0,0,0,54953056,9762,0,55302576,10874,0
1867,42250813138625,42250814910195,20003092,sA-eth3,up,42250814736293,netem,57516300,44416,0,0,0,0,0,54953056,9762,0,55302576,10874,0
1868,42250833142818,42250835373303,20004193,sA-eth3,up,42250835211741,netem,57516300,44416,0,0,0,0,0,54953056,9762,0,55302576,10874,0
1869,42250853143580,42250855128991,20000762,sA-eth3,up,42250854943430,netem,57516300,44416,0,0,0,0,0,54953056,9762,0,55302576,10874,0
1870,42250873142972,42250875133194,19999392,sA-eth3,up,42250874947342,netem,57516300,44416,0,0,0,0,0,54953056,9762,0,55302576,10874,0
1871,42250893153244,42250895416610,20010272,sA-eth3,up,42250895248237,netem,57516378,44417,0,0,0,0,0,54954570,9763,0,55302654,10875,0
1872,42250913145797,42250915120998,19992553,sA-eth3,up,42250914934917,netem,57516378,44417,0,0,0,0,0,54954570,9763,0,55302654,10875,0
1873,42250933146949,42250934997039,20001152,sA-eth3,up,42250934803397,netem,57516378,44417,0,0,0,0,0,54954570,9763,0,55302654,10875,0
1874,42250953139121,42250955370786,19992172,sA-eth3,up,42250955188084,netem,57516378,44417,0,0,0,0,0,54954570,9763,0,55302654,10875,0
1875,42250973152893,42250975109874,20013772,sA-eth3,up,42250974912543,netem,57516378,44417,0,0,0,0,0,54954570,9763,0,55302654,10875,0
1876,42250993139585,42250995213329,19986692,sA-eth3,up,42250995025957,netem,57516378,44417,0,0,0,0,0,54954570,9763,0,55302654,10875,0
1877,42251013143558,42251014949548,20003973,sA-eth3,up,42251014767306,netem,57516378,44417,0,0,0,0,0,54954570,9763,0,55302654,10875,0
1878,42251033142519,42251035268223,19998961,sA-eth3,up,42251035106751,netem,57516378,44417,0,0,0,0,0,54954570,9763,0,55302654,10875,0
1879,42251053145782,42251054899841,20003263,sA-eth3,up,42251054726400,netem,57516378,44417,0,0,0,0,0,54954570,9763,0,55302654,10875,0
1880,42251073144794,42251075038046,19999012,sA-eth3,up,42251074849653,netem,57516378,44417,0,0,0,0,0,54954570,9763,0,55302654,10875,0
1881,42251093142257,42251095392032,19997463,sA-eth3,up,42251095224129,netem,57516456,44418,0,0,0,0,0,54959112,9766,0,55302732,10876,0
1882,42251113142528,42251114925419,20000271,sA-eth3,up,42251114745737,netem,57517194,44429,0,0,0,0,0,54997420,9776,0,55303470,10887,0
1883,42251133142521,42251135223303,19999993,sA-eth3,up,42251135057012,netem,57517590,44435,0,0,0,0,0,55032568,9782,0,55303866,10893,0
1884,42251153145933,42251154979633,20003412,sA-eth3,up,42251154792741,netem,57518124,44442,0,0,0,0,0,55067782,9789,0,55304400,10900,0
1885,42251173142365,42251174968066,19996432,sA-eth3,up,42251174790844,netem,57518646,44449,0,0,0,0,0,55104444,9796,0,55304922,10907,0
1886,42251193136097,42251194950877,19993732,sA-eth3,up,42251194765146,netem,57519174,44457,0,0,0,78,1,55158614,9805,0,55305528,10916,0
1887,42251213141170,42251215365995,20005073,sA-eth3,up,42251215193582,netem,57519864,44466,0,0,0,0,0,55204096,9814,0,55306140,10924,0
1888,42251233138092,42251235117963,19996922,sA-eth3,up,42251234927492,netem,57520520,44474,0,0,0,0,0,55251026,9823,0,55306796,10932,0
1889,42251253136654,42251255246198,19998562,sA-eth3,up,42251255073546,netem,57520886,44479,0,0,0,78,1,55284726,9829,0,55307240,10938,0
1890,42251273143967,42251275348891,20007313,sA-eth3,up,42251275161149,netem,57521450,44487,0,0,0,0,0,55315530,9835,0,55307726,10945,0
1891,42251293135109,42251295083080,19991142,sA-eth3,up,42251294894548,netem,57521672,44490,0,0,0,0,0,55338962,9839,0,55307948,10948,0
1892,42251313151831,42251314971082,20016722,sA-eth3,up,42251314796719,netem,57522140,44496,0,0,0,0,0,55374110,9845,0,55308416,10954,0
1893,42251333136153,42251334964403,19984322,sA-eth3,up,42251334742230,netem,57522390,44499,0,0,0,86,1,55391684,9848,0,55308666,10957,0
1894,42251353138876,42251354869595,20002723,sA-eth3,up,42251354684843,netem,57522854,44505,0,0,0,0,0,55422488,9854,0,55309130,10963,0
1895,42251373138317,42251375285712,19999441,sA-eth3,up,42251374921878,netem,57523454,44513,0,0,0,0,0,55457768,9862,0,55309730,10971,0
1896,42251393160180,42251395255634,20021863,sA-eth3,up,42251394989990,netem,57523886,44519,0,0,0,0,0,55492982,9869,0,55310162,10977,0
1897,42251413116992,42251415166545,19956812,sA-eth3,up,42251414903922,netem,57524348,44526,0,0,0,66,1,55539846,9877,0,55310690,10985,0
1898,42251433160905,42251435182657,20043913,sA-eth3,up,42251434938925,netem,57524870,44533,0,0,0,0,0,55563344,9882,0,55311146,10991,0
1899,42251453151097,42251455107638,19990192,sA-eth3,up,42251454817405,netem,57525314,44539,0,0,0,66,1,55604350,9889,0,55311590,10997,0
1900,42251473152239,42251475122731,20001142,sA-eth3,up,42251474879998,netem,57525776,44546,0,0,0,0,0,55638050,9895,0,55312052,11004,0
1901,42251493148942,42251495405026,19996703,sA-eth3,up,42251495227894,netem,57526220,44552,0,0,0,66,1,55679056,9902,0,55312496,11010,0
1902,42251513148753,42251514987314,19999811,sA-eth3,up,42251514807422,netem,57526640,44558,0,0,0,0,0,55715718,9909,0,55312916,11016,0
1903,42251533153156,42251534963076,20004403,sA-eth3,up,42251534776124,netem,57527018,44563,0,0,0,66,1,55750866,9915,0,55313294,11021,0
1904,42251553143248,42251554966868,19990092,sA-eth3,up,42251554782056,netem,57527582,44571,0,0,0,0,0,55793386,9923,0,55313858,11029,0
1905,42251573145980,42251575566147,20002732,sA-eth3,up,42251575388864,netem,57528368,44582,0,0,0,30358,3,55865130,9935,0,55329268,11042,0
1906,42251593137882,42251595222745,19991902,sA-eth3,up,42251595049224,netem,57778898,44757,0,0,0,30358,3,55936086,9957,0,55555472,11068,0
1907,42251613139374,42251615155237,20001492,sA-eth3,up,42251614964105,netem,58021812,44926,0,0,0,50048,4,56004146,9979,0,55805094,11097,0
1908,42251633142376,42251635378631,20003002,sA-eth3,up,42251635199800,netem,58286064,45110,0,0,0,72758,6,56069310,10001,0,56042904,11122,0
1909,42251653141869,42251655109520,19999493,sA-eth3,up,42251654914058,netem,58516778,45269,0,0,0,101696,10,56125522,10019,0,56280702,11147,0
1910,42251673141121,42251675077263,19999252,sA-eth3,up,42251674885411,netem,58773278,45445,0,0,0,101884,12,56173178,10039,0,56524528,11174,0
1911,42251693156294,42251695037594,20015173,sA-eth3,up,42251694826522,netem,59028600,45624,0,0,0,125944,12,56220900,10060,0,56756664,11200,0
1912,42251713140785,42251714988856,19984491,sA-eth3,up,42251714805584,netem,59268650,45791,0,0,0,118468,12,56267108,10080,0,57003468,11228,0
1913,42251733143208,42251735086940,20002423,sA-eth3,up,42251734889567,netem,59525166,45967,0,0,0,115346,11,56303048,10098,0,57234024,11252,0
1914,42251753306282,42251755622698,20163074,sA-eth3,up,42251755444356,netem,59727738,46109,0,0,0,78,1,56332998,10113,0,57428754,11275,0
1915,42251773148332,42251774974693,19842050,sA-eth3,up,42251774775530,netem,59728362,46117,0,0,0,0,0,56359524,10120,0,57429300,11282,0
1916,42251793146955,42251795322889,19998623,sA-eth3,up,42251795121866,netem,59729386,46125,0,0,0,0,0,56399160,10128,0,57430324,11290,0
1917,42251813153587,42251815146869,20006632,sA-eth3,up,42251814905966,netem,59729938,46133,0,0,0,0,0,56441680,10136,0,57430876,11298,0
1918,42251833164199,42251835298873,20010612,sA-eth3,up,42251835057510,netem,59730304,46138,0,0,0,0,0,56466626,10141,0,57431242,11303,0
1919,42251853158231,42251855567618,19994032,sA-eth3,up,42251855331716,netem,59730880,46146,0,0,0,0,0,56507830,10151,0,57431818,11311,0
1920,42251873163224,42251875251747,20004993,sA-eth3,up,42251875023454,netem,59731378,46153,0,0,0,0,0,56548836,10158,0,57432316,11318,0
1921,42251893164746,42251895162988,20001522,sA-eth3,up,42251894904776,netem,59731654,46157,0,0,0,0,0,56573782,10163,0,57432592,11322,0
1922,42251913167888,42251915206190,20003142,sA-eth3,up,42251914950068,netem,59732040,46162,0,0,0,0,0,56603072,10168,0,57432978,11327,0
1923,42251933160210,42251935106702,19992322,sA-eth3,up,42251934846009,netem,59732496,46168,0,0,0,78,1,56633876,10174,0,57433434,11333,0
1924,42251953151162,42251955136085,19990952,sA-eth3,up,42251954880772,netem,59733060,46176,0,0,0,0,0,56680740,10182,0,57433998,11341,0
1925,42251973154854,42251975145727,20003692,sA-eth3,up,42251974881464,netem,59733414,46181,0,0,0,66,1,56711544,10188,0,57434418,11347,0
1926,42251993164367,42251995328181,20009513,sA-eth3,up,42251995098029,netem,59733900,46188,0,0,0,0,0,56752550,10195,0,57434838,11353,0
1927,42252013163089,42252015195982,19998722,sA-eth3,up,42252014933619,netem,59734500,46196,0,0,0,66,1,56792240,10204,0,57435438,11362,0
1928,42252033151721,42252035120053,19988632,sA-eth3,up,42252034912681,netem,59735172,46206,0,0,0,0,0,56844962,10213,0,57436110,11371,0
1929,42252053157814,42252055127085,20006093,sA-eth3,up,42252054922763,netem,59735526,46211,0,0,0,0,0,56872804,10218,0,57436464,11376,0
1930,42252073155666,42252075207039,19997852,sA-eth3,up,42252075019606,netem,59736314,46221,0,0,0,66,1,56901042,10229,0,57437252,11386,0
1931,42252093140227,42252095041509,19984561,sA-eth3,up,42252094829966,netem,59737050,46231,0,0,0,78,1,56946524,10238,0,57437988,11396,0
1932,42252113142230,42252114984040,20002003,sA-eth3,up,42252114791159,netem,59737690,46239,0,0,0,66,1,56993454,10247,0,57438694,11405,0
1933,42252133144613,42252134968513,20002383,sA-eth3,up,42252134783610,netem,59738188,46246,0,0,0,78,1,57019980,10254,0,57439126,11411,0
1934,42252153151835,42252155000185,20007222,sA-eth3,up,42252154810783,netem,59738686,46253,0,0,0,0,0,57053680,10260,0,57439624,11418,0
1935,42252173150367,42252174982678,19998532,sA-eth3,up,42252174799346,netem,59739052,46258,0,0,0,0,0,57072768,10264,0,57439990,11423,0
1936,42252193139849,42252194920679,19989482,sA-eth3,up,42252194735457,netem,59739472,46264,0,0,0,66,1,57109430,10271,0,57440476,11430,0
1937,42252213138481,42252215064513,19998632,sA-eth3,up,42252214880991,netem,59739934,46271,0,0,0,0,0,57150436,10278,0,57440872,11436,0
1938,42252233158703,42252235157856,20020222,sA-eth3,up,42252234941133,netem,59740288,46276,0,0,0,66,1,57179726,10283,0,57441226,11441,0
1939,42252253160016,42252255068878,20001313,sA-eth3,up,42252254869975,netem,59740654,46281,0,0,0,0,0,57209016,10288,0,57441592,11446,0
1940,42252273152108,42252275026019,19992092,sA-eth3,up,42252274819296,netem,59741008,46286,0,0,0,0,0,57239820,10294,0,57441946,11451,0
1941,42252293144990,42252294978801,19992882,sA-eth3,up,42252294793298,netem,59741152,46288,0,0,0,0,0,57245678,10295,0,57442090,11453,0
1942,42252313154382,42252315021543,20009392,sA-eth3,up,42252314818231,netem,59741152,46288,0,0,0,0,0,57245678,10295,0,57442090,11453,0
1943,42252333157625,42252335151917,20003243,sA-eth3,up,42252334955305,netem,59741152,46288,0,0,0,0,0,57245678,10295,0,57442090,11453,0
1944,42252353156938,42252355026428,19999313,sA-eth3,up,42252354808635,netem,59741152,46288,0,0,0,0,0,57245678,10295,0,57442090,11453,0
1945,42252373141589,42252374969630,19984651,sA-eth3,up,42252374786348,netem,59741152,46288,0,0,0,0,0,57245678,10295,0,57442090,11453,0
1946,42252393172722,42252395066603,20031133,sA-eth3,up,42252394860851,netem,59741152,46288,0,0,0,0,0,57245678,10295,0,57442090,11453,0
1947,42252413149804,42252415057135,19977082,sA-eth3,up,42252414859393,netem,59741152,46288,0,0,0,0,0,57245678,10295,0,57442090,11453,0
1948,42252433148916,42252435046507,19999112,sA-eth3,up,42252434850904,netem,59741152,46288,0,0,0,0,0,57245678,10295,0,57442090,11453,0
1949,42252453138648,42252454993459,19989732,sA-eth3,up,42252454808627,netem,59741152,46288,0,0,0,0,0,57245678,10295,0,57442090,11453,0
1950,42252473145421,42252474980061,20006773,sA-eth3,up,42252474793679,netem,59741152,46288,0,0,0,0,0,57245678,10295,0,57442090,11453,0
1951,42252493148284,42252495047213,20002863,sA-eth3,up,42252494854742,netem,59741152,46288,0,0,0,0,0,57245678,10295,0,57442090,11453,0
1952,42252513144255,42252514990325,19995971,sA-eth3,up,42252514811184,netem,59741152,46288,0,0,0,0,0,57245678,10295,0,57442090,11453,0
1953,42252533150317,42252534980228,20006062,sA-eth3,up,42252534789385,netem,59741152,46288,0,0,0,0,0,57245678,10295,0,57442090,11453,0
1954,42252553145110,42252554946690,19994793,sA-eth3,up,42252554766507,netem,59741152,46288,0,0,0,0,0,57245678,10295,0,57442090,11453,0
1955,42252573155151,42252575091903,20010041,sA-eth3,up,42252574893351,netem,59741152,46288,0,0,0,0,0,57245678,10295,0,57442090,11453,0
1956,42252593146454,42252594984584,19991303,sA-eth3,up,42252594802202,netem,59741152,46288,0,0,0,0,0,57245678,10295,0,57442090,11453,0
1957,42252613142116,42252614917336,19995662,sA-eth3,up,42252614735754,netem,59741152,46288,0,0,0,0,0,57245678,10295,0,57442090,11453,0
1958,42252633151468,42252635036049,20009352,sA-eth3,up,42252634815967,netem,59741152,46288,0,0,0,0,0,57245678,10295,0,57442090,11453,0
1959,42252653164781,42252655553908,20013313,sA-eth3,up,42252655366555,netem,59741152,46288,0,0,0,0,0,57245678,10295,0,57442090,11453,0
1960,42252673146623,42252675252576,19981842,sA-eth3,up,42252675073685,netem,59741152,46288,0,0,0,0,0,57245678,10295,0,57442090,11453,0
1961,42252693138395,42252695112137,19991772,sA-eth3,up,42252694919815,netem,59741152,46288,0,0,0,0,0,57245678,10295,0,57442090,11453,0
1962,42252713138757,42252715072239,20000362,sA-eth3,up,42252714871366,netem,59741152,46288,0,0,0,0,0,57245678,10295,0,57442090,11453,0
1963,42252733161960,42252735128822,20023203,sA-eth3,up,42252734914339,netem,59741152,46288,0,0,0,0,0,57245678,10295,0,57442090,11453,0
1964,42252753153132,42252755143683,19991172,sA-eth3,up,42252754944691,netem,59741152,46288,0,0,0,0,0,57245678,10295,0,57442090,11453,0
1965,42252773160104,42252775140736,20006972,sA-eth3,up,42252774929454,netem,59741152,46288,0,0,0,0,0,57245678,10295,0,57442090,11453,0
1966,42252793144057,42252795528952,19983953,sA-eth3,up,42252795356391,netem,59741152,46288,0,0,0,0,0,57245678,10295,0,57442090,11453,0
1967,42252813146079,42252815440014,20002022,sA-eth3,up,42252815272542,netem,59741152,46288,0,0,0,0,0,57245678,10295,0,57442090,11453,0
1968,42252833151421,42252835403046,20005342,sA-eth3,up,42252835223564,netem,59741152,46288,0,0,0,0,0,57245678,10295,0,57442090,11453,0
1969,42252853142833,42252855451758,19991412,sA-eth3,up,42252855275297,netem,59741152,46288,0,0,0,0,0,57245678,10295,0,57442090,11453,0
1970,42252873138855,42252875248678,19996022,sA-eth3,up,42252875049536,netem,59741152,46288,0,0,0,0,0,57245678,10295,0,57442090,11453,0
1971,42252893147707,42252895166620,20008852,sA-eth3,up,42252894974448,netem,59741152,46288,0,0,0,0,0,57245678,10295,0,57442090,11453,0
1972,42252913150790,42252915133172,20003083,sA-eth3,up,42252914943209,netem,59741152,46288,0,0,0,0,0,57245678,10295,0,57442090,11453,0
1973,42252933146732,42252935164195,19995942,sA-eth3,up,42252934971042,netem,59741410,46291,0,0,0,0,0,57256078,10299,0,57442348,11456,0
1974,42252953153384,42252955475770,20006652,sA-eth3,up,42252955287207,netem,59742216,46300,0,0,0,78,1,57277010,10309,0,57443232,11466,0
1975,42252973144506,42252975254160,19991122,sA-eth3,up,42252975074538,netem,59742636,46306,0,0,0,66,1,57303404,10314,0,57443574,11471,0
1976,42252993154369,42252995210861,20009863,sA-eth3,up,42252994998849,netem,59742768,46308,0,0,0,0,0,57304862,10315,0,57443706,11473,0
1977,42253013140241,42253014995221,19985872,sA-eth3,up,42253014816689,netem,59742768,46308,0,0,0,0,0,57304862,10315,0,57443706,11473,0
1978,42253033142333,42253035468369,20002092,sA-eth3,up,42253035290527,netem,59742768,46308,0,0,0,0,0,57304862,10315,0,57443706,11473,0
1979,42253053149725,42253055242108,20007392,sA-eth3,up,42253055064677,netem,59742768,46308,0,0,0,0,0,57304862,10315,0,57443706,11473,0
1980,42253073154108,42253075226161,20004383,sA-eth3,up,42253075050248,netem,59742768,46308,0,0,0,0,0,57304862,10315,0,57443706,11473,0
1981,42253093148719,42253095074401,19994611,sA-eth3,up,42253094884558,netem,59742768,46308,0,0,0,0,0,57304862,10315,0,57443706,11473,0
1982,42253113137812,42253114922531,19989093,sA-eth3,up,42253114742530,netem,59742768,46308,0,0,0,0,0,57304862,10315,0,57443706,11473,0
1983,42253133138564,42253135375019,20000752,sA-eth3,up,42253135205377,netem,59742768,46308,0,0,0,0,0,57304862,10315,0,57443706,11473,0
1984,42253153155236,42253155067648,20016672,sA-eth3,up,42253154858835,netem,59742768,46308,0,0,0,0,0,57304862,10315,0,57443706,11473,0
1985,42253173148249,42253175043270,19993013,sA-eth3,up,42253174846978,netem,59742768,46308,0,0,0,0,0,57304862,10315,0,57443706,11473,0
1986,42253193146631,42253194942371,19998382,sA-eth3,up,42253194754848,netem,59742768,46308,0,0,0,0,0,57304862,10315,0,57443706,11473,0
1987,42253213155694,42253215520279,20009063,sA-eth3,up,42253215319047,netem,59742768,46308,0,0,0,0,0,57304862,10315,0,57443706,11473,0
1988,42253233144735,42253235120337,19989041,sA-eth3,up,42253234919105,netem,59742768,46308,0,0,0,0,0,57304862,10315,0,57443706,11473,0
1989,42253253146317,42253255033958,20001582,sA-eth3,up,42253254826936,netem,59742768,46308,0,0,0,0,0,57304862,10315,0,57443706,11473,0
1990,42253273142970,42253274931300,19996653,sA-eth3,up,42253274748808,netem,59742768,46308,0,0,0,0,0,57304862,10315,0,57443706,11473,0
1991,42253293150062,42253295460328,20007092,sA-eth3,up,42253295277676,netem,59742768,46308,0,0,0,0,0,57304862,10315,0,57443706,11473,0
1992,42253313145534,42253315114086,19995472,sA-eth3,up,42253314920664,netem,59742768,46308,0,0,0,0,0,57304862,10315,0,57443706,11473,0
1993,42253333100616,42253335374621,19955082,sA-eth3,up,42253335134829,netem,59742846,46309,0,0,0,0,0,57316578,10317,0,57443784,11474,0
1994,42253353137268,42253355476405,20036652,sA-eth3,up,42253355292303,netem,59743368,46316,0,0,0,78,1,57346024,10324,0,57444306,11481,0
1995,42253373141011,42253375395606,20003743,sA-eth3,up,42253375210513,netem,59743788,46322,0,0,0,78,1,57376828,10330,0,57444804,11488,0
1996,42253393148833,42253395496529,20007822,sA-eth3,up,42253395312697,netem,59744598,46333,0,0,0,0,0,57423890,10341,0,57445536,11498,0
1997,42253413148325,42253415512012,19999492,sA-eth3,up,42253415332859,netem,59745408,46344,0,0,0,66,1,57504322,10353,0,57446346,11509,0
1998,42253433143747,42253435468174,19995422,sA-eth3,up,42253435266491,netem,59745948,46352,0,0,0,0,0,57568562,10361,0,57446886,11517,0
1999,42253453149160,42253455490376,20005413,sA-eth3,up,42253455292874,netem,59746710,46363,0,0,0,0,0,57670648,10372,0,57447648,11528,0
2000,42253473145162,42253475100283,19996002,sA-eth3,up,42253474899812,netem,59747610,46375,0,0,0,0,0,57781488,10384,0,57448548,11540,0
2001,42253493153934,42253495719653,20008772,sA-eth3,up,42253495536531,netem,59748474,46387,0,0,0,156,2,57902530,10397,0,57449490,11553,0
2002,42253513141937,42253515243769,19988003,sA-eth3,up,42253515066768,netem,59873870,46485,0,0,0,48534,4,58006658,10417,0,57569858,11575,0
2003,42253533148479,42253535349172,20006542,sA-eth3,up,42253535174801,netem,60124500,46660,0,0,0,50134,5,58092226,10441,0,57810786,11603,0
2004,42253553148170,42253555444567,19999691,sA-eth3,up,42253555270914,netem,60373624,46834,0,0,0,57766,7,58185034,10465,0,58057592,11632,0
2005,42253573141143,42253575227446,19992973,sA-eth3,up,42253575042225,netem,60619598,47005,0,0,0,74428,8,58263164,10486,0,58286678,11657,0
2006,42253593140586,42253595417261,19999443,sA-eth3,up,42253595236318,netem,60876378,47185,0,0,0,68380,8,58357618,10513,0,58533492,11686,0
2007,42253613144567,42253615646505,20003981,sA-eth3,up,42253615462534,netem,61125604,47360,0,0,0,74540,10,58446016,10536,0,58780322,11715,0
2008,42253633151280,42253635275934,20006713,sA-eth3,up,42253635093241,netem,61371656,47532,0,0,0,85026,9,58511048,10556,0,59009564,11742,0
2009,42253653156162,42253655359497,20004882,sA-eth3,up,42253655180635,netem,61611954,47703,0,0,0,118422,13,58620048,10584,0,59256550,11773,0
2010,42253673143704,42253675260948,19987542,sA-eth3,up,42253675079365,netem,61867108,47882,0,0,0,82684,11,58688174,10607,0,59485810,11801,0
2011,42253693139126,42253695928157,19995422,sA-eth3,up,42253695715375,netem,61950560,47952,0,0,0,86,1,58770450,10625,0,59566114,11823,0
2012,42253713133679,42253715230872,19994553,sA-eth3,up,42253715060450,netem,61951514,47965,0,0,0,0,0,58856674,10637,0,59566982,11835,0
2013,42253733136911,42253735338415,20003232,sA-eth3,up,42253735166604,netem,61952300,47976,0,0,0,0,0,58948624,10648,0,59567768,11846,0
2014,42253753142703,42253755281217,20005792,sA-eth3,up,42253755105715,netem,61952870,47983,0,0,0,0,0,59009968,10656,0,59568338,11853,0
2015,42253773146346,42253775385160,20003643,sA-eth3,up,42253775213808,netem,61953710,47995,0,0,0,0,0,59110672,10668,0,59569178,11865,0
2016,42253793141108,42253795101600,19994762,sA-eth3,up,42253794905937,netem,61954496,48006,0,0,0,0,0,59198278,10679,0,59569964,11876,0
2017,42253813142859,42253815166182,20001751,sA-eth3,up,42253814966331,netem,61955084,48014,0,0,0,78,1,59268310,10687,0,59570630,11885,0
2018,42253833139202,42253835248646,19996343,sA-eth3,up,42253835068804,netem,61955734,48023,0,0,0,0,0,59333998,10695,0,59571202,11893,0
2019,42253853139184,42253855122726,19999982,sA-eth3,up,42253854927904,netem,61956388,48032,0,0,0,78,1,59404096,10704,0,59571856,11902,0
2020,42253873175187,42253875647354,20036003,sA-eth3,up,42253875417552,netem,61957250,48043,0,0,0,0,0,59487358,10715,0,59572718,11913,0
2021,42253893144809,42253895117831,19969622,sA-eth3,up,42253894881448,netem,61957928,48052,0,0,0,0,0,59570554,10725,0,59573396,11922,0
2022,42253913155342,42253915153854,20010533,sA-eth3,up,42253914956191,netem,61958828,48062,0,0,0,282,3,59649604,10738,0,59574578,11935,0
2023,42253933139563,42253935319197,19984221,sA-eth3,up,42253935142515,netem,61959928,48076,0,0,0,0,0,59766368,10752,0,59575396,11946,0
2024,42253953141125,42253955239469,20001562,sA-eth3,up,42253954998577,netem,61960994,48089,0,0,0,0,0,59868652,10766,0,59576462,11959,0
2025,42253973114637,42253975086600,19973512,sA-eth3,up,42253974863907,netem,61962004,48102,0,0,0,78,1,59991208,10780,0,59577472,11972,0
2026,42253993148671,42253995082331,20034034,sA-eth3,up,42253994883820,netem,61963066,48115,0,0,0,0,0,60118042,10793,0,59578534,11985,0
2027,42254013140062,42254015350807,19991391,sA-eth3,up,42254015136994,netem,61964026,48129,0,0,0,0,0,60273902,10807,0,59579494,11999,0
2028,42254033150565,42254035666162,20010503,sA-eth3,up,42254035482450,netem,61965042,48141,0,0,0,156,2,60366050,10821,0,59580510,12011,0
2029,42254053203147,42254055329371,20052582,sA-eth3,up,42254055132919,netem,61966208,48156,0,0,0,132,2,60538036,10838,0,59581742,12027,0
2030,42254073153159,42254075303953,19950012,sA-eth3,up,42254075098520,netem,61967368,48172,0,0,0,164,2,60695410,10853,0,59582922,12043,0
2031,42254093138421,42254095087033,19985262,sA-eth3,up,42254094864390,netem,61968642,48187,0,0,0,66,1,60852718,10868,0,59584110,12057,0
2032,42254113139953,42254114942093,20001532,sA-eth3,up,42254114752811,netem,61969770,48203,0,0,0,0,0,61031812,10882,0,59585238,12073,0
2033,42254133142065,42254134903344,20002112,sA-eth3,up,42254134724564,netem,61970648,48214,0,0,0,66,1,61155750,10895,0,59586116,12084,0
2034,42254153138668,42254154950807,19996603,sA-eth3,up,42254154764796,netem,61971506,48227,0,0,0,0,0,61270868,10906,0,59586974,12097,0
2035,42254173136700,42254175092872,19998032,sA-eth3,up,42254174878839,netem,61972486,48239,0,0,0,156,2,61389014,10919,0,59588032,12110,0
2036,42254193137792,42254195090044,20001092,sA-eth3,up,42254194900762,netem,61973434,48251,0,0,0,0,0,61476620,10930,0,59588902,12121,0
2037,42254213143144,42254215557351,20005352,sA-eth3,up,42254215328469,netem,61974250,48261,0,0,0,0,0,61540398,10939,0,59589718,12131,0
2038,42254233146317,42254235258980,20003173,sA-eth3,up,42254234978317,netem,61974250,48261,0,0,0,0,0,61540398,10939,0,59589718,12131,0
2039,42254253164930,42254255567146,20018613,sA-eth3,up,42254255383544,netem,62193870,48407,0,0,0,34822,3,61541124,10950,0,59802272,12148,0
2040,42254273146021,42254275498098,19981091,sA-eth3,up,42254275278945,netem,62433082,48565,0,0,0,51476,4,61541982,10963,0,60030598,12163,0
2041,42254293164374,42254295226576,20018353,sA-eth3,up,42254294967113,netem,62672294,48723,0,0,0,68130,5,61542840,10976,0,60279394,12181,0
2042,42254313164736,42254315312789,20000362,sA-eth3,up,42254315079847,netem,62926646,48891,0,0,0,68130,5,61543698,10989,0,60522464,12200,0
2043,42254333156587,42254335467004,19991851,sA-eth3,up,42254335270661,netem,63191596,49066,0,0,0,56018,4,61544556,11002,0,60759676,12218,0
2044,42254353142560,42254355031951,19985973,sA-eth3,up,42254354831279,netem,63436864,49228,0,0,0,52990,4,61545150,11011,0,60995440,12236,0
2045,42254373137853,42254374927402,19995293,sA-eth3,up,42254374745260,netem,63686674,49393,0,0,0,52990,4,61546206,11027,0,61235548,12254,0
2046,42254393137294,42254395374999,19999441,sA-eth3,up,42254395195367,netem,63937998,49559,0,0,0,59046,4,61547130,11041,0,61477170,12273,0
2047,42254413140547,42254415190839,20003253,sA-eth3,up,42254414987038,netem,64167126,49711,0,0,0,0,0,61547856,11052,0,61697388,12290,0
2048,42254433138979,42254435273432,19998432,sA-eth3,up,42254435088681,netem,64167566,49717,0,0,0,78,1,61629562,11061,0,61697828,12296,0
2049,42254453143071,42254455187724,20004092,sA-eth3,up,42254454974492,netem,64168610,49731,0,0,0,86,1,61744812,11074,0,61698958,12311,0
2050,42254473136003,42254475186655,19992932,sA-eth3,up,42254474996044,netem,64169546,49743,0,0,0,78,1,61844068,11086,0,61699808,12322,0
2051,42254493139746,42254495127398,20003743,sA-eth3,up,42254494933595,netem,64170466,49755,0,0,0,78,1,61966492,11098,0,61700806,12335,0
2052,42254513137938,42254515041969,19998192,sA-eth3,up,42254514850876,netem,64171358,49767,0,0,0,78,1,62104976,11112,0,61701698,12347,0
2053,42254533105150,42254534960840,19967212,sA-eth3,up,42254534773089,netem,64172322,49779,0,0,0,0,0,62186790,11123,0,61702584,12358,0
2054,42254553134802,42254554985942,20029652,sA-eth3,up,42254554776350,netem,64173174,49791,0,0,0,0,0,62328104,11136,0,61703436,12370,0
2055,42254573145895,42254575175447,20011093,sA-eth3,up,42254574985275,netem,64189202,49813,0,0,0,30424,4,62450594,11149,0,61718870,12383,0
2056,42254593157566,42254595229540,20011671,sA-eth3,up,42254595047268,netem,64439834,49989,0,0,0,22788,3,62556434,11173,0,61959800,12412,0
2057,42254613158519,42254615296003,20000953,sA-eth3,up,42254615068591,netem,64683120,50162,0,0,0,47012,4,62677018,11202,0,62193714,12443,0
2058,42254633164962,42254635144664,20006443,sA-eth3,up,42254634926101,netem,64923284,50332,0,0,0,71380,8,62797404,11226,0,62442158,12475,0
2059,42254653148123,42254655023745,19983161,sA-eth3,up,42254654806372,netem,65180104,50514,0,0,0,68394,9,62930954,11253,0,62671426,12503,0
2060,42254673155676,42254675060437,20007553,sA-eth3,up,42254674857935,netem,65436924,50696,0,0,0,91230,10,63061476,11278,0,62918346,12535,0
2061,42254693133498,42254695327902,19977822,sA-eth3,up,42254695162500,netem,65692292,50876,0,0,0,103328,12,63139540,11298,0,63165262,12565,0
2062,42254713143200,42254714935411,20009702,sA-eth3,up,42254714745638,netem,65932474,51045,0,0,0,116922,12,63232216,11320,0,63394690,12593,0
2063,42254733141232,42254734918472,19998032,sA-eth3,up,42254734739620,netem,66172788,51216,0,0,0,101894,13,63329632,11348,0,63641692,12624,0
2064,42254753166005,42254755511640,20024773,sA-eth3,up,42254755330239,netem,66375980,51366,0,0,0,86,1,63403418,11369,0,63821056,12654,0
2065,42254773145357,42254775319870,19979352,sA-eth3,up,42254775143169,netem,66376898,51377,0,0,0,66,1,63496882,11381,0,63821888,12664,0
2066,42254793147579,42254794965080,20002222,sA-eth3,up,42254794780458,netem,66377804,51390,0,0,0,66,1,63601996,11394,0,63822794,12677,0
2067,42254813139111,42254814975831,19991532,sA-eth3,up,42254814793130,netem,66378530,51401,0,0,0,0,0,63668198,11403,0,63823520,12688,0
2068,42254833147694,42254835033474,20008583,sA-eth3,up,42254834830282,netem,66378530,51401,0,0,0,0,0,63668198,11403,0,63823520,12688,0
2069,42254853149115,42254854988087,20001421,sA-eth3,up,42254854810464,netem,66378530,51401,0,0,0,0,0,63668198,11403,0,63823520,12688,0
2070,42254873138308,42254874929697,19989193,sA-eth3,up,42254874742966,netem,66378530,51401,0,0,0,0,0,63668198,11403,0,63823520,12688,0
2071,42254893144151,42254894918500,20005843,sA-eth3,up,42254894735768,netem,66378530,51401,0,0,0,0,0,63668198,11403,0,63823520,12688,0
2072,42254913151032,42254915084154,20006881,sA-eth3,up,42254914847601,netem,66378530,51401,0,0,0,0,0,63668198,11403,0,63823520,12688,0
2073,42254933154195,42254935089777,20003163,sA-eth3,up,42254934878384,netem,66378530,51401,0,0,0,0,0,63668198,11403,0,63823520,12688,0
2074,42254953136167,42254954901576,19981972,sA-eth3,up,42254954717594,netem,66378530,51401,0,0,0,0,0,63668198,11403,0,63823520,12688,0
2075,42254973142460,42254974924179,20006293,sA-eth3,up,42254974740877,netem,66378530,51401,0,0,0,0,0,63668198,11403,0,63823520,12688,0
2076,42254993137951,42254995192304,19995491,sA-eth3,up,42254994988622,netem,66378530,51401,0,0,0,66,1,63668288,11404,0,63823520,12688,0
2077,42255013143924,42255015162346,20005973,sA-eth3,up,42255014934824,netem,66379266,51411,0,0,0,0,0,63755828,11414,0,63824256,12698,0
2078,42255033138536,42255035136318,19994612,sA-eth3,up,42255034929086,netem,66380146,51423,0,0,0,78,1,63860942,11427,0,63825136,12710,0
2079,42255053140898,42255055205441,20002362,sA-eth3,up,42255054988379,netem,66381000,51434,0,0,0,0,0,63922352,11436,0,63825990,12721,0
2080,42255073156040,42255075330975,20015142,sA-eth3,up,42255075095122,netem,66381000,51434,0,0,0,0,0,63922352,11436,0,63825990,12721,0
2081,42255093156573,42255095664321,20000533,sA-eth3,up,42255095426358,netem,66381000,51434,0,0,0,0,0,63922352,11436,0,63825990,12721,0
2082,42255113149555,42255115386579,19992982,sA-eth3,up,42255115174287,netem,66381000,51434,0,0,0,0,0,63922352,11436,0,63825990,12721,0
2083,42255133148397,42255135202179,19998842,sA-eth3,up,42255134997737,netem,66381000,51434,0,0,0,0,0,63922352,11436,0,63825990,12721,0
2084,42255153137539,42255155130152,19989142,sA-eth3,up,42255154929689,netem,66381000,51434,0,0,0,0,0,63922352,11436,0,63825990,12721,0
2085,42255173139391,42255175162034,20001852,sA-eth3,up,42255174961652,netem,66381000,51434,0,0,0,0,0,63922352,11436,0,63825990,12721,0
2086,42255193135713,42255195300768,19996322,sA-eth3,up,42255195108975,netem,66583966,51569,0,0,0,34822,3,63923144,11448,0,64021036,12736,0
2087,42255213138516,42255215195739,20002803,sA-eth3,up,42255214988196,netem,66771702,51693,0,0,0,0,0,63923210,11449,0,64201512,12750,0
2088,42255233140677,42255235302272,20002161,sA-eth3,up,42255235056559,netem,66782300,51700,0,0,0,0,0,63923210,11449,0,64211714,12751,0
2089,42255253155030,42255255254294,20014353,sA-eth3,up,42255254964731,netem,66962466,51819,0,0,0,87812,5,63923276,11450,0,64384752,12762,0
2090,42255273153202,42255275181045,19998172,sA-eth3,up,42255274949393,netem,67079216,51898,0,0,0,0,0,63932162,11453,0,64496882,12771,0
2091,42255293145765,42255295120487,19992563,sA-eth3,up,42255294894354,netem,67098014,51919,0,0,0,0,0,63989228,11462,0,64514954,12781,0
2092,42255313144766,42255315119219,19999001,sA-eth3,up,42255314880996,netem,67098396,51924,0,0,0,0,0,64041752,11468,0,64515336,12786,0
2093,42255333146089,42255335062241,20001323,sA-eth3,up,42255334848859,netem,67099188,51934,0,0,0,0,0,64111916,11478,0,64516128,12796,0
2094,42255353144282,42255355084552,19998193,sA-eth3,up,42255354858491,netem,67099868,51942,0,0,0,78,1,64173260,11486,0,64516808,12804,0
2095,42255373139563,42255375091135,19995281,sA-eth3,up,42255374860322,netem,67100456,51950,0,0,0,0,0,64221440,11492,0,64517396,12812,0
2096,42255393139256,42255395282970,19999693,sA-eth3,up,42255395091968,netem,67101194,51961,0,0,0,66,1,64325106,11505,0,64518200,12824,0
2097,42255413147318,42255415571095,20008062,sA-eth3,up,42255415387883,netem,67102196,51974,0,0,0,78,1,64411330,11517,0,64519136,12836,0
2098,42255433155120,42255435246644,20007802,sA-eth3,up,42255435055062,netem,67102774,51981,0,0,0,78,1,64484258,11526,0,64519714,12843,0
2099,42255453142882,42255455131085,19987762,sA-eth3,up,42255454932402,netem,67103658,51993,0,0,0,66,1,64583514,11537,0,64520598,12855,0
2100,42255473155195,42255475186458,20012313,sA-eth3,up,42255474978655,netem,67104604,52006,0,0,0,0,0,64692906,11549,0,64521544,12868,0
2101,42255493143867,42255495135089,19988672,sA-eth3,up,42255494937947,netem,67105594,52019,0,0,0,66,1,64818424,11564,0,64522600,12882,0
2102,42255513149659,42255515139261,20005792,sA-eth3,up,42255514941419,netem,67239546,52117,0,0,0,44148,6,64926710,11581,0,64651272,12900,0
2103,42255533164371,42255535171054,20014712,sA-eth3,up,42255534967082,netem,67491956,52296,0,0,0,53224,7,65058878,11609,0,64901220,12932,0
2104,42255553143954,42255555067334,19979583,sA-eth3,up,42255554844252,netem,67738088,52470,0,0,0,68364,8,65142932,11632,0,65130476,12960,0
2105,42255573145966,42255575152368,20002012,sA-eth3,up,42255574938935,netem,67994866,52651,0,0,0,87984,8,65226920,11654,0,65377354,12991,0
2106,42255593150348,42255595156570,20004382,sA-eth3,up,42255594951088,netem,68233134,52815,0,0,0,119778,11,65280368,11674,0,65623824,13016,0
2107,42255613144140,42255615180363,19993792,sA-eth3,up,42255614965221,netem,68489594,52991,0,0,0,99200,11,65359880,11694,0,65852876,13040,0
2108,42255633146092,42255635449138,20001952,sA-eth3,up,42255635256616,netem,68589586,53073,0,0,0,66,1,65465324,11712,0,65948974,13063,0
2109,42255653145545,42255655322689,19999453,sA-eth3,up,42255655135237,netem,68590826,53085,0,0,0,0,0,65548598,11723,0,65950214,13075,0
2110,42255673151707,42255675383512,20006162,sA-eth3,up,42255675179060,netem,68591600,53096,0,0,0,78,1,65644958,11735,0,65951066,13087,0
2111,42255693151409,42255695118861,19999702,sA-eth3,up,42255694902628,netem,68592056,53102,0,0,0,78,1,65688728,11740,0,65951444,13092,0
2112,42255713136742,42255715034483,19985333,sA-eth3,up,42255714821000,netem,68592866,53113,0,0,0,78,1,65776400,11752,0,65952332,13104,0
2113,42255733150134,42255735590091,20013392,sA-eth3,up,42255735405809,netem,68593548,53122,0,0,0,78,1,65864072,11764,0,65953014,13113,0
2114,42255753161307,42255755287959,20011173,sA-eth3,up,42255755101917,netem,68594070,53129,0,0,0,0,0,65960366,11775,0,65953458,13119,0
2115,42255773158038,42255776108781,19996731,sA-eth3,up,42255775897249,netem,68594070,53129,0,0,0,0,0,66001306,11781,0,65953458,13119,0
2116,42255793143850,42255795449966,19985812,sA-eth3,up,42255795257014,netem,68594346,53133,0,0,0,0,0,66027568,11784,0,65953734,13123,0
2117,42255813141522,42255815359087,19997672,sA-eth3,up,42255815169836,netem,68594736,53138,0,0,0,78,1,66074366,11791,0,65954202,13129,0
2118,42255833163655,42255835141387,20022133,sA-eth3,up,42255834935184,netem,68595402,53147,0,0,0,0,0,66140054,11799,0,65954790,13137,0
2119,42255853159997,42255855126119,19996342,sA-eth3,up,42255854926837,netem,68595854,53153,0,0,0,0,0,66192578,11805,0,65955242,13143,0
2120,42255873152760,42255874998770,19992763,sA-eth3,up,42255874811687,netem,68596638,53163,0,0,0,0,0,66267086,11815,0,65956026,13153,0
2121,42255893148941,42255894941172,19996181,sA-eth3,up,42255894754589,netem,68597456,53174,0,0,0,0,0,66354692,11826,0,65956844,13164,0
2122,42255913135193,42255915543971,19986252,sA-eth3,up,42255915337318,netem,68598218,53185,0,0,0,78,1,66452500,11838,0,65957606,13175,0
2123,42255933142346,42255935268239,20007153,sA-eth3,up,42255935041636,netem,68598990,53195,0,0,0,78,1,66529970,11849,0,65958378,13185,0
2124,42255953138328,42255955428884,19995982,sA-eth3,up,42255955253232,netem,68599878,53207,0,0,0,78,1,66639428,11862,0,65959266,13197,0
2125,42255973154640,42255975214093,20016312,sA-eth3,up,42255974979310,netem,68600598,53217,0,0,0,78,1,66697876,11870,0,65960064,13208,0
2126,42255993140673,42255995057554,19986033,sA-eth3,up,42255994855952,netem,68601030,53223,0,0,0,0,0,66734406,11875,0,65960418,13213,0
2127,42256013145024,42256015071376,20004351,sA-eth3,up,42256014875434,netem,68601726,53233,0,0,0,0,0,66814772,11886,0,65961114,13223,0
2128,42256033145117,42256035811597,20000093,sA-eth3,up,42256035631744,netem,68602358,53241,0,0,0,0,0,66873220,11894,0,65961746,13231,0
2129,42256053139269,42256055214252,19994152,sA-eth3,up,42256054987700,netem,68602962,53249,0,0,0,0,0,66938974,11903,0,65962350,13239,0
2130,42256073144921,42256075132074,20005652,sA-eth3,up,42256074937882,netem,68603628,53258,0,0,0,66,1,67004728,11912,0,65963082,13249,0
2131,42256093146553,42256095428389,20001632,sA-eth3,up,42256095240908,netem,68722518,53347,0,0,0,51608,6,67085622,11931,0,66093346,13269,0
2132,42256113140796,42256115561633,19994243,sA-eth3,up,42256115339301,netem,68979030,53525,0,0,0,50048,4,67145060,11954,0,66323832,13294,0
2133,42256133144179,42256135096129,20003383,sA-eth3,up,42256134898748,netem,69220430,53693,0,0,0,68262,6,67211606,11975,0,66570472,13322,0
2134,42256153141300,42256155093252,19997121,sA-eth3,up,42256154893940,netem,69473868,53868,0,0,0,68286,7,67278218,11997,0,66799464,13346,0
2135,42256173143553,42256175178265,20002253,sA-eth3,up,42256174953052,netem,69727326,54043,0,0,0,71314,7,67343316,12018,0,67043088,13372,0
2136,42256193145845,42256195217938,20002292,sA-eth3,up,42256195037896,netem,69968800,54212,0,0,0,106308,11,67424606,12043,0,67292784,13402,0
2137,42256213137987,42256215025668,19992142,sA-eth3,up,42256214808465,netem,70225336,54390,0,0,0,101524,8,67456136,12060,0,67521760,13426,0
2138,42256233147019,42256235653577,20009032,sA-eth3,up,42256235403625,netem,70484574,54565,0,0,0,106280,11,67495236,12082,0,67770966,13449,0
2139,42256253149252,42256255118664,20002233,sA-eth3,up,42256254886891,netem,70719988,54730,0,0,0,82492,9,67561716,12102,0,68014714,13477,0
2140,42256273140513,42256275655831,19991261,sA-eth3,up,42256275469740,netem,70803058,54795,0,0,0,0,0,67602986,12113,0,68077042,13491,0
2141,42256293140576,42256295228229,20000063,sA-eth3,up,42256295050197,netem,70804400,54808,0,0,0,66,1,67684944,12126,0,68078450,13505,0
2142,42256313145438,42256315039569,20004862,sA-eth3,up,42256314808846,netem,70805174,54819,0,0,0,0,0,67756556,12136,0,68079158,13515,0
2143,42256333098090,42256334946441,19952652,sA-eth3,up,42256334756169,netem,70805996,54830,0,0,0,66,1,67848572,12148,0,68080046,13527,0
2144,42256353215323,42256355754932,20117233,sA-eth3,up,42256355503079,netem,70806836,54842,0,0,0,0,0,67971128,12162,0,68080820,13538,0
2145,42256373142575,42256375384790,19927252,sA-eth3,up,42256375203807,netem,70807714,54853,0,0,0,0,0,68049980,12172,0,68081698,13549,0
2146,42256393144638,42256394991928,20002063,sA-eth3,up,42256394798895,netem,70808392,54862,0,0,0,78,1,68169574,12185,0,68082376,13558,0
2147,42256413143819,42256415268483,19999181,sA-eth3,up,42256415092401,netem,70809394,54875,0,0,0,0,0,68305228,12200,0,68083378,13571,0
2148,42256433107511,42256435130644,19963692,sA-eth3,up,42256434926661,netem,70810372,54888,0,0,0,78,1,68421992,12214,0,68084356,13584,0
2149,42256453141474,42256455433839,20033963,sA-eth3,up,42256455239307,netem,70811392,54902,0,0,0,0,0,68566334,12229,0,68085376,13598,0
2150,42256473144436,42256475050017,20002962,sA-eth3,up,42256474848195,netem,70812550,54917,0,0,0,0,0,68684546,12243,0,68086534,13613,0
2151,42256493145538,42256494983309,20001102,sA-eth3,up,42256494800077,netem,70813372,54928,0,0,0,0,0,68762148,12256,0,68087356,13624,0
2152,42256513152071,42256515061101,20006533,sA-eth3,up,42256514865140,netem,70814108,54938,0,0,0,0,0,68836590,12265,0,68088092,13634,0
2153,42256533181303,42256535807132,20029232,sA-eth3,up,42256535576429,netem,70814942,54949,0,0,0,86,1,68927092,12276,0,68089012,13646,0
2154,42256553146845,42256555581622,19965542,sA-eth3,up,42256555399750,netem,70815778,54961,0,0,0,66,1,69043856,12290,0,68089762,13657,0
2155,42256573145107,42256575416333,19998262,sA-eth3,up,42256575247761,netem,70816482,54971,0,0,0,0,0,69140084,12300,0,68090466,13667,0
2156,42256593152039,42256595302983,20006932,sA-eth3,up,42256595121681,netem,70817428,54984,0,0,0,0,0,69246580,12312,0,68091412,13680,0
2157,42256613141681,42256615173594,19989642,sA-eth3,up,42256614974973,netem,70818134,54993,0,0,0,0,0,69315164,12320,0,68092118,13689,0
2158,42256633143304,42256635137736,20001623,sA-eth3,up,42256634940164,netem,70818454,54997,0,0,0,86,1,69367688,12326,0,68092438,13693,0
2159,42256653135966,42256655438732,19992662,sA-eth3,up,42256655267250,netem,70819462,55009,0,0,0,0,0,69449568,12338,0,68093446,13705,0
2160,42256673149848,42256675121810,20013882,sA-eth3,up,42256674926888,netem,70820378,55021,0,0,0,0,0,69548758,12349,0,68094362,13717,0
2161,42256693137420,42256694996181,19987572,sA-eth3,up,42256694813029,netem,70821138,55031,0,0,0,0,0,69640642,12359,0,68095122,13727,0
2162,42256713147203,42256714955753,20009783,sA-eth3,up,42256714769980,netem,70821922,55041,0,0,0,86,1,69722390,12369,0,68095992,13738,0
2163,42256733136165,42256734964645,19988962,sA-eth3,up,42256734771953,netem,71044040,55200,0,0,0,33464,4,69812368,12394,0,68309312,13764,0
2164,42256753137307,42256755029879,20001142,sA-eth3,up,42256754814986,netem,71299098,55377,0,0,0,54582,5,69888918,12413,0,68554470,13791,0
2165,42256773147800,42256775106312,20010493,sA-eth3,up,42256774912199,netem,71538832,55542,0,0,0,68364,8,69986004,12436,0,68800970,13817,0
2166,42256793139001,42256795137313,19991201,sA-eth3,up,42256794853380,netem,71795412,55720,0,0,0,68196,6,70028930,12451,0,69031512,13842,0
2167,42256813114264,42256815146866,19975263,sA-eth3,up,42256814883403,netem,72049830,55889,0,0,0,84784,6,70029722,12463,0,69276030,13861,0
2168,42256833148296,42256835569122,20034032,sA-eth3,up,42256835338031,netem,72305696,56058,0,0,0,101438,7,70030514,12475,0,69521930,13879,0
2169,42256853141178,42256855144030,19992882,sA-eth3,up,42256854935298,netem,72544908,56216,0,0,0,136260,9,70031108,12484,0,69751902,13897,0
2170,42256873137151,42256875436896,19995973,sA-eth3,up,42256875248924,netem,72799260,56384,0,0,0,119606,9,70031768,12494,0,69996288,13914,0
2171,42256893139313,42256895031213,20002162,sA-eth3,up,42256894824792,netem,73017790,56529,0,0,0,0,0,70032494,12505,0,70206304,13930,0
2172,42256913143224,42256915060976,20003911,sA-eth3,up,42256914861654,netem,73017790,56529,0,0,0,0,0,70032494,12505,0,70206304,13930,0
2173,42256933162787,42256935108349,20019563,sA-eth3,up,42256934906906,netem,73017790,56529,0,0,0,0,0,70032494,12505,0,70206304,13930,0
2174,42256953142090,42256955845130,19979303,sA-eth3,up,42256955655908,netem,73017790,56529,0,0,0,0,0,70032494,12505,0,70206304,13930,0
2175,42256973144362,42256975200365,20002272,sA-eth3,up,42256974998262,netem,73017790,56529,0,0,0,0,0,70032494,12505,0,70206304,13930,0
