poll_iteration,poll_start_ns,poll_end_ns,poll_interval_ns,interface,operstate,t_ns,kind,bytes,packets,drops,overlimits,requeues,backlog_bytes,qlen,rx_bytes,rx_packets,rx_dropped,tx_bytes,tx_packets,tx_dropped
0,32925007318961,32925010408075,0,sA-eth3,up,32925009609876,netem,364,6,0,0,0,0,0,480,6,0,630,9,0
1,32925027414214,32925029443567,20095253,sA-eth3,up,32925029255915,netem,364,6,0,0,0,0,0,480,6,0,630,9,0
2,32925047400917,32925049471509,19986703,sA-eth3,up,32925049277907,netem,364,6,0,0,0,0,0,480,6,0,630,9,0
3,32925067403348,32925069492392,20002431,sA-eth3,up,32925069302170,netem,558,9,0,0,0,0,0,628,8,0,824,12,0
4,32925087423821,32925089386913,20020473,sA-eth3,up,32925089173080,netem,558,9,0,0,0,0,0,628,8,0,824,12,0
5,32925107396283,32925109336204,19972462,sA-eth3,up,32925109157383,netem,632,10,0,0,0,0,0,768,10,0,898,13,0
6,32925127396655,32925129611110,20000372,sA-eth3,up,32925129397787,netem,632,10,0,0,0,66,1,14022,13,0,898,14,0
7,32925147404797,32925149626832,20008142,sA-eth3,up,32925149430870,netem,1688,26,0,0,0,0,0,371418,31,0,1954,29,0
8,32925167417410,32925169664955,20012613,sA-eth3,up,32925169415132,netem,2150,33,0,0,0,0,0,647198,41,0,2416,36,0
9,32925187404722,32925189432034,19987312,sA-eth3,up,32925189201542,netem,2744,42,0,0,0,0,0,773636,48,0,3010,45,0
10,32925207395464,32925209493797,19990742,sA-eth3,up,32925209200684,netem,3932,60,0,0,0,66,1,974516,64,0,4264,64,0
11,32925227402186,32925229764492,20006722,sA-eth3,up,32925229583971,netem,5186,79,0,0,0,66,1,1220482,83,0,5518,83,0
12,32925247394328,32925249519662,19992142,sA-eth3,up,32925249328629,netem,6308,96,0,0,0,66,1,1447492,100,0,6574,99,0
13,32925267395891,32925269600135,20001563,sA-eth3,up,32925269327252,netem,7430,113,0,0,0,66,1,1694906,119,0,7762,117,0
14,32925287412983,32925290377576,20017092,sA-eth3,up,32925290163003,netem,8684,132,0,0,0,66,1,1949560,138,0,8950,135,0
15,32925307402695,32925309821762,19989712,sA-eth3,up,32925309520249,netem,9740,148,0,0,0,0,0,2107184,150,0,10006,151,0
16,32925327407387,32925329573671,20004692,sA-eth3,up,32925329374979,netem,173428,258,0,0,0,146858,4,2108174,165,0,202242,167,0
17,32925347429000,32925349731555,20021613,sA-eth3,up,32925349520093,netem,433836,430,0,0,0,101438,6,2108570,171,0,416942,173,0
18,32925367402152,32925369275063,19973152,sA-eth3,up,32925369077990,netem,692730,601,0,0,0,31794,2,2109890,191,0,665870,193,0
19,32925387399274,32925389278345,19997122,sA-eth3,up,32925389074673,netem,941112,766,0,0,0,37850,3,2111012,208,0,904550,211,0
20,32925407398506,32925409236626,19999232,sA-eth3,up,32925409063845,netem,1198492,936,0,0,0,45420,3,2112266,227,0,1151964,230,0
21,32925427419419,32925429365730,20020913,sA-eth3,up,32925429137057,netem,1448388,1102,0,0,0,37850,3,2113454,246,0,1399464,250,0
22,32925447398070,32925449296022,19978651,sA-eth3,up,32925449090669,netem,1690628,1262,0,0,0,52990,4,2114576,262,0,1639572,268,0
23,32925467403793,32925469272663,20005723,sA-eth3,up,32925469099812,netem,1948008,1432,0,0,0,30280,2,2115830,281,0,1872440,286,0
24,32925487398994,32925490169796,19995201,sA-eth3,up,32925489831292,netem,2202874,1601,0,0,0,0,0,2117084,300,0,2117406,305,0
25,32925507420287,32925509912255,20021293,sA-eth3,up,32925509707613,netem,2203798,1615,0,0,0,66,1,2363094,319,0,2118396,320,0
26,32925527405999,32925529506713,19985712,sA-eth3,up,32925529291250,netem,2204986,1633,0,0,0,66,1,2590170,337,0,2119518,337,0
27,32925547410991,32925549354913,20004992,sA-eth3,up,32925549172561,netem,2206108,1650,0,0,0,66,1,2844758,355,0,2120706,355,0
28,32925567397234,32925569282435,19986243,sA-eth3,up,32925569102603,netem,2207516,1670,0,0,0,66,1,3077626,373,0,2122114,375,0
29,32925587401386,32925589328048,20004152,sA-eth3,up,32925589144776,netem,2208770,1689,0,0,0,66,1,3310494,391,0,2123302,393,0
30,32925607396029,32925609340449,19994643,sA-eth3,up,32925609158868,netem,2209958,1707,0,0,0,66,1,3565148,410,0,2124556,412,0
31,32925627395720,32925629295891,19999691,sA-eth3,up,32925629094539,netem,2211212,1726,0,0,0,0,0,3798016,428,0,2125744,430,0
32,32925647403803,32925649669928,20008083,sA-eth3,up,32925649434605,netem,2212400,1744,0,0,0,66,1,4045430,447,0,2126998,449,0
33,32925667410366,32925669486678,20006563,sA-eth3,up,32925669204375,netem,2213654,1763,0,0,0,0,0,4224906,461,0,2128186,467,0
34,32925687415327,32925689939555,20004961,sA-eth3,up,32925689705362,netem,2386540,1880,0,0,0,48448,3,4225632,472,0,2294274,481,0
35,32925707403319,32925709401491,19987992,sA-eth3,up,32925709215429,netem,2621210,2035,0,0,0,68130,5,4226688,488,0,2537278,499,0
36,32925727404422,32925729325543,20001103,sA-eth3,up,32925729149532,netem,2877076,2204,0,0,0,68130,5,4227678,503,0,2765670,515,0
37,32925747407944,32925749499177,20003522,sA-eth3,up,32925749308035,netem,3131428,2372,0,0,0,68130,5,4228800,520,0,3010122,533,0
38,32925767443216,32925769585730,20035272,sA-eth3,up,32925769314567,netem,3381238,2537,0,0,0,68130,5,4230054,539,0,3257536,552,0
39,32925787432359,32925789476541,19989143,sA-eth3,up,32925789228188,netem,3623478,2697,0,0,0,68130,5,4231242,557,0,3497644,570,0
40,32925807429870,32925810041459,19997511,sA-eth3,up,32925809767857,netem,3880858,2867,0,0,0,68130,5,4232496,576,0,3745058,589,0
41,32925827428833,32925829534007,19998963,sA-eth3,up,32925829277064,netem,4133696,3034,0,0,0,65102,5,4233618,593,0,3977926,607,0
42,32925847411095,32925849374177,19982262,sA-eth3,up,32925849176125,netem,4381992,3198,0,0,0,24738,2,4234806,611,0,4212176,624,0
43,32925867407327,32925869358508,19996232,sA-eth3,up,32925869172116,netem,4407456,3226,0,0,0,66,1,4444464,628,0,4236650,637,0
44,32925887408169,32925889880457,20000842,sA-eth3,up,32925889704494,netem,4408644,3244,0,0,0,0,0,4697780,648,0,4237838,655,0
45,32925907397732,32925909439174,19989563,sA-eth3,up,32925909213492,netem,4409766,3261,0,0,0,66,1,4939336,666,0,4239026,673,0
46,32925927412033,32925929712500,20014301,sA-eth3,up,32925929538238,netem,4411020,3280,0,0,0,66,1,5183854,685,0,4240214,691,0
47,32925947403286,32925949390878,19991253,sA-eth3,up,32925949215765,netem,4412368,3300,0,0,0,66,1,5421066,703,0,4241628,712,0
48,32925967403939,32925969321459,20000653,sA-eth3,up,32925969139747,netem,4413556,3318,0,0,0,66,1,5668480,722,0,4242816,730,0
49,32925987410100,32925989387362,20006161,sA-eth3,up,32925989217841,netem,4414810,3337,0,0,0,66,1,5901348,740,0,4244004,748,0
50,32926007427803,32926009558527,20017703,sA-eth3,up,32926009297104,netem,4415998,3355,0,0,0,66,1,6141456,758,0,4245258,767,0
51,32926027434525,32926029551228,20006722,sA-eth3,up,32926029302725,netem,4417186,3373,0,0,0,66,1,6342784,774,0,4246446,785,0
52,32926047421357,32926049914105,19986832,sA-eth3,up,32926049680703,netem,4609752,3504,0,0,0,62074,4,6343576,786,0,4431422,801,0
53,32926067418299,32926069526173,19996942,sA-eth3,up,32926069305890,netem,4859562,3669,0,0,0,71158,4,6344632,802,0,4671530,819,0
54,32926087437042,32926089925439,20018743,sA-eth3,up,32926089617596,netem,5097260,3826,0,0,0,105980,8,6345688,818,0,4917430,837,0
55,32926107435455,32926109604568,19998413,sA-eth3,up,32926109336135,netem,5350098,3993,0,0,0,83270,6,6346810,835,0,5157538,855,0
56,32926127426046,32926129524230,19990591,sA-eth3,up,32926129266547,netem,5607478,4163,0,0,0,83270,6,6347998,853,0,5390406,873,0
57,32926147418628,32926149520441,19992582,sA-eth3,up,32926149272748,netem,5857288,4328,0,0,0,90840,7,6349186,871,0,5637820,892,0
58,32926167441121,32926169577904,20022493,sA-eth3,up,32926169324081,netem,6099528,4488,0,0,0,83270,6,6350440,890,0,5877928,910,0
59,32926187416223,32926189376904,19975102,sA-eth3,up,32926189194922,netem,6356908,4658,0,0,0,83270,6,6351628,908,0,6110796,928,0
60,32926207406235,32926209322947,19990012,sA-eth3,up,32926209145384,netem,6605204,4822,0,0,0,5056,1,6352882,927,0,6354314,947,0
61,32926227396606,32926229746153,19990371,sA-eth3,up,32926229574160,netem,6610788,4834,0,0,0,66,1,6527524,940,0,6354908,956,0
62,32926247394639,32926249290370,19998033,sA-eth3,up,32926249121118,netem,6611976,4852,0,0,0,66,1,6758878,957,0,6356030,973,0
63,32926267412061,32926269627076,20017422,sA-eth3,up,32926269442864,netem,6613098,4869,0,0,0,132,2,7000500,976,0,6357218,991,0
64,32926287395033,32926289297704,19982972,sA-eth3,up,32926289128442,netem,6614286,4887,0,0,0,0,0,7233368,994,0,6358340,1008,0
65,32926307394156,32926309479959,19999123,sA-eth3,up,32926309191185,netem,6615564,4906,0,0,0,66,1,7473476,1012,0,6359684,1028,0
66,32926327404238,32926329357540,20010082,sA-eth3,up,32926329181598,netem,6616686,4923,0,0,0,66,1,7720824,1030,0,6360806,1045,0
67,32926347400180,32926349407913,19995942,sA-eth3,up,32926349219981,netem,6617874,4941,0,0,0,66,1,7968238,1049,0,6361994,1063,0
68,32926367396242,32926369317553,19996062,sA-eth3,up,32926369138381,netem,6619128,4960,0,0,0,66,1,8201106,1067,0,6363182,1081,0
69,32926387405205,32926389744600,20008963,sA-eth3,up,32926389560519,netem,6620636,4982,0,0,0,132,2,8438318,1085,0,6364756,1104,0
70,32926407401567,32926409540610,19996362,sA-eth3,up,32926409303778,netem,6749878,5075,0,0,0,40878,3,8461344,1098,0,6506358,1121,0
71,32926427401229,32926429759255,19999662,sA-eth3,up,32926429556603,netem,7007258,5245,0,0,0,37850,3,8462532,1116,0,6750810,1139,0
72,32926447396561,32926449507124,19995332,sA-eth3,up,32926449316393,netem,7264638,5415,0,0,0,45420,3,8463720,1134,0,6983678,1157,0
73,32926467398984,32926469376046,20002423,sA-eth3,up,32926469169713,netem,7499468,5572,0,0,0,52990,4,8464908,1152,0,7223946,1177,0
74,32926487411885,32926489337697,20012901,sA-eth3,up,32926489151244,netem,7756848,5742,0,0,0,37850,3,8466096,1170,0,7456814,1195,0
75,32926507405388,32926509390040,19993503,sA-eth3,up,32926509208238,netem,7999088,5902,0,0,0,60560,4,8467350,1189,0,7704228,1214,0
76,32926527399790,32926529555314,19994402,sA-eth3,up,32926529327331,netem,8261010,6075,0,0,0,40878,3,8468698,1209,0,7941440,1232,0
77,32926547377752,32926549426144,19977962,sA-eth3,up,32926549209143,netem,8506278,6237,0,0,0,52990,4,8469886,1228,0,8188854,1251,0
78,32926567349864,32926569469657,19972112,sA-eth3,up,32926569278445,netem,8748518,6397,0,0,0,57532,4,8471140,1246,0,8427514,1269,0
79,32926587405677,32926589483759,20055813,sA-eth3,up,32926589269257,netem,8814794,6451,0,0,0,0,0,8634462,1263,0,8473774,1283,0
80,32926607408689,32926609378260,20003012,sA-eth3,up,32926609194449,netem,8815916,6468,0,0,0,66,1,8878914,1281,0,8474896,1300,0
81,32926627399061,32926629371983,19990372,sA-eth3,up,32926629106700,netem,8817038,6485,0,0,0,66,1,9133568,1300,0,8476084,1318,0
82,32926647403763,32926649672559,20004702,sA-eth3,up,32926649493786,netem,8818292,6504,0,0,0,66,1,9380982,1319,0,8477272,1336,0
83,32926667399705,32926669276596,19995942,sA-eth3,up,32926669107024,netem,8819480,6522,0,0,0,66,1,9613850,1337,0,8478460,1354,0
84,32926687397487,32926689307389,19997782,sA-eth3,up,32926689143087,netem,8820734,6541,0,0,0,0,0,9853958,1355,0,8479714,1373,0
85,32926707392410,32926709513413,19994923,sA-eth3,up,32926709335211,netem,8821946,6559,0,0,0,66,1,10086826,1373,0,8480926,1391,0
86,32926727391022,32926729327903,19998612,sA-eth3,up,32926729162551,netem,8823134,6577,0,0,0,66,1,10334240,1392,0,8482114,1409,0
87,32926747390414,32926749342946,19999392,sA-eth3,up,32926749175014,netem,8824388,6596,0,0,0,0,0,10571452,1410,0,8483368,1428,0
88,32926767402997,32926769893844,20012583,sA-eth3,up,32926769668582,netem,8938358,6677,0,0,0,33308,2,10579800,1420,0,8607462,1443,0
89,32926787394498,32926789615343,19991501,sA-eth3,up,32926789432612,netem,9195738,6847,0,0,0,30280,2,10580988,1438,0,8840264,1460,0
90,32926807394731,32926809188541,20000233,sA-eth3,up,32926809020418,netem,9430408,7002,0,0,0,52990,4,10582110,1455,0,9080372,1478,0
91,32926827358532,32926829222203,19963801,sA-eth3,up,32926829024731,netem,9687788,7172,0,0,0,37850,3,10583364,1474,0,9313240,1496,0
92,32926847401345,32926849269516,20042813,sA-eth3,up,32926849092494,netem,9930028,7332,0,0,0,45420,3,10584618,1493,0,9560654,1515,0
93,32926867398587,32926869253488,19997242,sA-eth3,up,32926869059086,netem,10182866,7499,0,0,0,49962,4,10585896,1512,0,9800762,1533,0
94,32926887394140,32926889199300,19995553,sA-eth3,up,32926889033308,netem,10425106,7659,0,0,0,49962,4,10587084,1530,0,10039422,1551,0
95,32926907394211,32926909161931,20000071,sA-eth3,up,32926908973740,netem,10679458,7827,0,0,0,51476,3,10588272,1549,0,10281044,1570,0
96,32926927396664,32926929212904,20002453,sA-eth3,up,32926929046473,netem,10929268,7992,0,0,0,37850,3,10589460,1566,0,10521152,1588,0
97,32926947382376,32926949512890,19985712,sA-eth3,up,32926949289357,netem,11018122,8059,0,0,0,66,1,10730996,1582,0,10591962,1601,0
98,32926967395478,32926969331500,20013102,sA-eth3,up,32926969136788,netem,11019310,8077,0,0,0,0,0,10989994,1601,0,10593150,1619,0
99,32926987395511,32926989261422,20000033,sA-eth3,up,32926989092719,netem,11020432,8094,0,0,0,66,1,11222862,1619,0,10594338,1637,0
100,32927007395973,32927009292613,20000462,sA-eth3,up,32927009123033,netem,11021686,8113,0,0,0,66,1,11470276,1638,0,10595526,1655,0
101,32927027396275,32927029271636,20000302,sA-eth3,up,32927029096074,netem,11023120,8134,0,0,0,0,0,11710384,1656,0,10596960,1676,0
102,32927047392607,32927049212057,19996332,sA-eth3,up,32927049047356,netem,11024242,8151,0,0,0,66,1,11943252,1674,0,10598148,1694,0
103,32927067383930,32927069329702,19991323,sA-eth3,up,32927069136449,netem,11025496,8170,0,0,0,66,1,12190666,1693,0,10599336,1712,0
104,32927087373431,32927089390343,19989501,sA-eth3,up,32927089212832,netem,11026750,8189,0,0,0,0,0,12427878,1711,0,10600590,1731,0
105,32927107398354,32927109756170,20024923,sA-eth3,up,32927109576688,netem,11027938,8207,0,0,0,66,1,12681084,1730,0,10601778,1749,0
106,32927127403427,32927129623201,20005073,sA-eth3,up,32927129407689,netem,11166264,8306,0,0,0,37850,3,12698186,1741,0,10734692,1766,0
107,32927147396998,32927149701334,19993571,sA-eth3,up,32927149518522,netem,11417588,8472,0,0,0,52990,3,12699374,1759,0,10976314,1785,0
108,32927167399991,32927169427413,20002993,sA-eth3,up,32927169248452,netem,11656800,8630,0,0,0,45420,3,12700562,1777,0,11220766,1803,0
109,32927187402703,32927189404235,20002712,sA-eth3,up,32927189221743,netem,11906610,8795,0,0,0,52990,4,12701750,1795,0,11460874,1821,0
110,32927207397565,32927209344606,19994862,sA-eth3,up,32927209169055,netem,12163990,8965,0,0,0,37850,3,12702938,1813,0,11693742,1839,0
111,32927227394947,32927229296188,19997382,sA-eth3,up,32927229122846,netem,12406230,9125,0,0,0,45420,3,12704192,1832,0,11941156,1858,0
112,32927247397370,32927249282720,20002423,sA-eth3,up,32927249110759,netem,12656040,9290,0,0,0,52990,4,12705380,1850,0,12181264,1876,0
113,32927267415041,32927269338243,20017671,sA-eth3,up,32927269132210,netem,12913420,9460,0,0,0,37850,3,12706568,1868,0,12414132,1894,0
114,32927287363473,32927289271385,19948432,sA-eth3,up,32927289068063,netem,13155660,9620,0,0,0,49962,3,12707624,1884,0,12662928,1912,0
115,32927307400226,32927309899474,20036753,sA-eth3,up,32927309707502,netem,13221738,9671,0,0,0,66,1,12831652,1898,0,12710438,1923,0
116,32927327395588,32927329516432,19995362,sA-eth3,up,32927329324939,netem,13222860,9688,0,0,0,66,1,13093546,1917,0,12711494,1939,0
117,32927347400980,32927349394922,20005392,sA-eth3,up,32927349214780,netem,13224048,9706,0,0,0,66,1,13326414,1935,0,12712748,1958,0
118,32927367400943,32927369425745,19999963,sA-eth3,up,32927369180132,netem,13225302,9725,0,0,0,66,1,13566522,1953,0,12713936,1976,0
119,32927387400655,32927389859971,19999712,sA-eth3,up,32927389653820,netem,13226490,9743,0,0,0,66,1,13813936,1972,0,12715124,1994,0
120,32927407403847,32927409605271,20003192,sA-eth3,up,32927409419279,netem,13227612,9760,0,0,0,66,1,14046804,1990,0,12716312,2012,0
121,32927427396859,32927429257670,19993012,sA-eth3,up,32927429089388,netem,13228866,9779,0,0,0,0,0,14284016,2008,0,12717500,2030,0
122,32927447400532,32927449413904,20003673,sA-eth3,up,32927449238522,netem,13230054,9797,0,0,0,66,1,14531430,2027,0,12718688,2048,0
123,32927467402783,32927469201623,20002251,sA-eth3,up,32927469030762,netem,13231242,9815,0,0,0,66,1,14770090,2045,0,12719942,2067,0
124,32927487393226,32927489830083,19990443,sA-eth3,up,32927489615061,netem,13316710,9881,0,0,0,39364,2,14816086,2055,0,12801978,2081,0
125,32927507397947,32927509736644,20004721,sA-eth3,up,32927509548002,netem,13554408,10038,0,0,0,68130,5,14817142,2071,0,13046298,2097,0
126,32927527400390,32927529671095,20002443,sA-eth3,up,32927529479224,netem,13808760,10206,0,0,0,52990,4,14818264,2088,0,13274822,2115,0
127,32927547399093,32927549385325,19998703,sA-eth3,up,32927549179512,netem,14058570,10371,0,0,0,52990,4,14819518,2107,0,13522236,2134,0
128,32927567397964,32927569278275,19998871,sA-eth3,up,32927569103853,netem,14300810,10531,0,0,0,68130,5,14820706,2125,0,13762344,2152,0
129,32927587416437,32927589348519,20018473,sA-eth3,up,32927589167736,netem,14558190,10701,0,0,0,52990,4,14821894,2143,0,13995212,2170,0
130,32927607399569,32927609878167,19983132,sA-eth3,up,32927609675174,netem,14815570,10871,0,0,0,60560,4,14823148,2162,0,14242626,2189,0
131,32927627394941,32927629276592,19995372,sA-eth3,up,32927629103410,netem,15056296,11030,0,0,0,62074,5,14824270,2179,0,14473980,2206,0
132,32927647399813,32927649279404,20004872,sA-eth3,up,32927649106592,netem,15310648,11198,0,0,0,49962,4,14825524,2198,0,14718498,2225,0
133,32927667399946,32927669688711,20000133,sA-eth3,up,32927669493278,netem,15425042,11279,0,0,0,132,2,14935336,2216,0,14828536,2240,0
134,32927687399547,32927689826454,19999601,sA-eth3,up,32927689631053,netem,15426230,11297,0,0,0,66,1,15197230,2235,0,14829658,2257,0
135,32927707396680,32927709343392,19997133,sA-eth3,up,32927709170119,netem,15427418,11315,0,0,0,66,1,15422792,2252,0,14830846,2276,0
136,32927727396582,32927729285023,19999902,sA-eth3,up,32927729110051,netem,15428606,11333,0,0,0,66,1,15670206,2271,0,14832100,2294,0
137,32927747398805,32927749543238,20002223,sA-eth3,up,32927749337906,netem,15429860,11352,0,0,0,66,1,15903074,2289,0,14833288,2312,0
138,32927767403206,32927769596301,20004401,sA-eth3,up,32927769399799,netem,15431048,11370,0,0,0,66,1,16150488,2308,0,14834542,2331,0
139,32927787398279,32927789265299,19995073,sA-eth3,up,32927789090198,netem,15432236,11388,0,0,0,132,2,16387700,2326,0,14835664,2348,0
140,32927807397622,32927809714267,19999343,sA-eth3,up,32927809535914,netem,15433490,11407,0,0,0,66,1,16638010,2345,0,14836918,2367,0
141,32927827403813,32927829256094,20006191,sA-eth3,up,32927829086832,netem,15434678,11425,0,0,0,66,1,16866468,2362,0,14838172,2386,0
142,32927847405466,32927849677111,20001653,sA-eth3,up,32927849436968,netem,15518698,11491,0,0,0,54504,3,16934448,2376,0,14936334,2403,0
143,32927867396608,32927869306799,19991142,sA-eth3,up,32927869110666,netem,15768508,11656,0,0,0,52990,4,16935570,2393,0,15173480,2420,0
144,32927887404939,32927889478263,20008331,sA-eth3,up,32927889269251,netem,16025888,11826,0,0,0,37850,3,16936758,2411,0,15406348,2438,0
145,32927907396952,32927909232582,19992013,sA-eth3,up,32927909061811,netem,16268128,11986,0,0,0,45420,3,16938012,2430,0,15653762,2457,0
146,32927927401225,32927929295635,20004273,sA-eth3,up,32927929124954,netem,16517938,12151,0,0,0,52990,4,16939200,2448,0,15893870,2475,0
147,32927947397986,32927949334928,19996761,sA-eth3,up,32927949140616,netem,16775318,12321,0,0,0,52990,4,16940388,2466,0,16126738,2493,0
148,32927967398219,32927969956437,20000233,sA-eth3,up,32927969680664,netem,16967596,12448,0,0,0,65102,5,16941312,2480,0,16311558,2507,0
149,32927987419931,32927989270791,20021712,sA-eth3,up,32927989097589,netem,17100828,12536,0,0,0,45420,3,16941708,2486,0,16454188,2518,0
150,32928007399603,32928009348965,19979672,sA-eth3,up,32928009176482,netem,17358208,12706,0,0,0,30280,2,16942962,2505,0,16687056,2536,0
151,32928027396655,32928030721542,19997052,sA-eth3,up,32928030428759,netem,17623158,12881,0,0,0,5056,1,16944216,2524,0,16946502,2555,0
152,32928047408948,32928049817604,20012293,sA-eth3,up,32928049641793,netem,17629006,12897,0,0,0,66,1,17155256,2540,0,16947294,2567,0
153,32928067398769,32928069705236,19989821,sA-eth3,up,32928069539834,netem,17630128,12914,0,0,0,66,1,17395364,2558,0,16948416,2584,0
154,32928087397952,32928089416275,19999183,sA-eth3,up,32928089239592,netem,17631316,12932,0,0,0,66,1,17628232,2576,0,16949670,2603,0
155,32928107411295,32928109629229,20013343,sA-eth3,up,32928109460057,netem,17632570,12951,0,0,0,66,1,17868340,2594,0,16950858,2621,0
156,32928127402816,32928129391198,19991521,sA-eth3,up,32928129215187,netem,17633758,12969,0,0,0,66,1,18101208,2612,0,16952046,2639,0
157,32928147394599,32928149707704,19991783,sA-eth3,up,32928149530513,netem,17635012,12988,0,0,0,0,0,18363168,2632,0,16953300,2658,0
158,32928167402071,32928169276781,20007472,sA-eth3,up,32928169112689,netem,17636200,13006,0,0,0,66,1,18588730,2649,0,16954488,2676,0
159,32928187411733,32928189493166,20009662,sA-eth3,up,32928189233634,netem,17637388,13024,0,0,0,66,1,18836144,2668,0,16955742,2695,0
160,32928207415306,32928209573340,20003573,sA-eth3,up,32928209311577,netem,17740104,13110,0,0,0,33374,3,19052216,2688,0,17054432,2720,0
161,32928227414498,32928229553661,19999192,sA-eth3,up,32928229283378,netem,17991692,13280,0,0,0,54504,4,19053272,2704,0,17300596,2742,0
162,32928247444330,32928249807996,20029832,sA-eth3,up,32928249620464,netem,18247558,13449,0,0,0,54504,4,19054262,2719,0,17542086,2759,0
163,32928267405632,32928269574366,19961302,sA-eth3,up,32928269279353,netem,18492826,13611,0,0,0,63588,5,19055252,2734,0,17777784,2776,0
164,32928287411595,32928289387307,20005963,sA-eth3,up,32928289198214,netem,18738094,13773,0,0,0,68130,5,19056506,2753,0,18020854,2795,0
165,32928307401956,32928309319057,19990361,sA-eth3,up,32928309125915,netem,18980334,13933,0,0,0,86298,6,19057694,2771,0,18260962,2813,0
166,32928327397538,32928329291260,19995582,sA-eth3,up,32928329082447,netem,19237714,14103,0,0,0,71158,5,19058882,2789,0,18493830,2831,0
167,32928347400341,32928349340902,20002803,sA-eth3,up,32928349153970,netem,19487524,14268,0,0,0,68130,5,19060136,2808,0,18741244,2850,0
168,32928367386012,32928369431875,19985671,sA-eth3,up,32928369245683,netem,19729764,14428,0,0,0,68130,5,19061324,2826,0,18981352,2868,0
169,32928387401205,32928389727331,20015193,sA-eth3,up,32928389530049,netem,19831716,14496,0,0,0,0,0,19061786,2833,0,19064798,2875,0
170,32928407406157,32928409330448,20004952,sA-eth3,up,32928409085935,netem,19831716,14496,0,0,0,0,0,19061786,2833,0,19064798,2875,0
171,32928427400549,32928429612324,19994392,sA-eth3,up,32928429336771,netem,19832426,14505,0,0,0,66,1,19195752,2845,0,19065508,2884,0
172,32928447409662,32928449585326,20009113,sA-eth3,up,32928449364703,netem,19833584,14520,0,0,0,0,0,19371950,2859,0,19066666,2899,0
173,32928467396084,32928469328785,19986422,sA-eth3,up,32928469152043,netem,19834684,14534,0,0,0,0,0,19536498,2873,0,19067766,2913,0
174,32928487414036,32928489283017,20017952,sA-eth3,up,32928489075744,netem,19835872,14548,0,0,0,0,0,19680774,2887,0,19068954,2927,0
175,32928507398258,32928509308140,19984222,sA-eth3,up,32928509102887,netem,19836402,14555,0,0,0,0,0,19747844,2894,0,19069484,2934,0
176,32928527420011,32928529379433,20021753,sA-eth3,up,32928529172481,netem,19837136,14564,0,0,0,0,0,19788916,2902,0,19070218,2943,0
177,32928547393472,32928549379465,19973461,sA-eth3,up,32928549182232,netem,19837850,14573,0,0,0,0,0,19831634,2913,0,19070932,2952,0
178,32928567399915,32928569225325,20006443,sA-eth3,up,32928569054063,netem,19838450,14581,0,0,0,78,1,19917660,2922,0,19071532,2960,0
179,32928587402737,32928589318628,20002822,sA-eth3,up,32928589123597,netem,19839376,14592,0,0,0,0,0,20019746,2933,0,19072458,2971,0
180,32928607410599,32928609542573,20007862,sA-eth3,up,32928609353321,netem,20052260,14744,0,0,0,22882,4,20140066,2957,0,19284398,2999,0
181,32928627402151,32928629420824,19991552,sA-eth3,up,32928629244781,netem,20295424,14916,0,0,0,38022,5,20241694,2983,0,19522534,3029,0
182,32928647396414,32928649618029,19994263,sA-eth3,up,32928649441126,netem,20554888,15094,0,0,0,71244,5,20321140,3002,0,19760316,3054,0
183,32928667396275,32928669252677,19999861,sA-eth3,up,32928669092395,netem,20793102,15257,0,0,0,85034,9,20381828,3022,0,19989224,3076,0
184,32928687411258,32928689314720,20014983,sA-eth3,up,32928689149268,netem,21049554,15433,0,0,0,84870,7,20430470,3035,0,20235710,3101,0
185,32928707400930,32928709507543,19989672,sA-eth3,up,32928709324551,netem,21289506,15601,0,0,0,129098,14,20571392,3064,0,20485378,3131,0
186,32928727398892,32928729240453,19997962,sA-eth3,up,32928729076841,netem,21544750,15781,0,0,0,106340,11,20634976,3084,0,20711700,3158,0
187,32928747397965,32928749253915,19999073,sA-eth3,up,32928749094713,netem,21801600,15962,0,0,0,101680,10,20724888,3108,0,20958518,3187,0
188,32928767397607,32928769193227,19999642,sA-eth3,up,32928769022285,netem,22039438,16133,0,0,0,0,0,20843826,3133,0,21187116,3218,0
189,32928787406679,32928789704005,20009072,sA-eth3,up,32928789531253,netem,22040402,16145,0,0,0,0,0,20957694,3147,0,21188080,3230,0
190,32928807403092,32928809206691,19996413,sA-eth3,up,32928809043020,netem,22041174,16155,0,0,0,0,0,21053856,3156,0,21188852,3240,0
191,32928827400764,32928829470726,19997672,sA-eth3,up,32928829297254,netem,22041732,16162,0,0,0,0,0,21097758,3163,0,21189410,3247,0
192,32928847399545,32928849612800,19998781,sA-eth3,up,32928849438279,netem,22042422,16171,0,0,0,78,1,21189774,3175,0,21190178,3257,0
193,32928867410748,32928869523441,20011203,sA-eth3,up,32928869341160,netem,22043268,16182,0,0,0,0,0,21328258,3189,0,21190946,3267,0
194,32928887397400,32928889233820,19986652,sA-eth3,up,32928889044888,netem,22043268,16182,0,0,0,0,0,21335564,3190,0,21190946,3267,0
195,32928907397412,32928909185663,20000012,sA-eth3,up,32928909020490,netem,22043334,16183,0,0,0,78,1,21358864,3192,0,21191090,3269,0
196,32928927398955,32928929218864,20001543,sA-eth3,up,32928929049303,netem,22043892,16190,0,0,0,0,0,21411388,3198,0,21191570,3275,0
197,32928947411507,32928949309398,20012552,sA-eth3,up,32928949140147,netem,22044416,16196,0,0,0,0,0,21450880,3204,0,21192094,3281,0
198,32928967403209,32928969236690,19991702,sA-eth3,up,32928969069397,netem,22044974,16203,0,0,0,66,1,21506432,3213,0,21192652,3288,0
199,32928987399471,32928989224921,19996262,sA-eth3,up,32928989056110,netem,22045040,16204,0,0,0,0,0,21579492,3222,0,21192718,3289,0
200,32929007402503,32929009803649,20003032,sA-eth3,up,32929009635869,netem,22045304,16208,0,0,0,0,0,21594104,3225,0,21192982,3293,0
201,32929027398905,32929029339547,19996402,sA-eth3,up,32929029172005,netem,22045460,16210,0,0,0,0,0,21608716,3226,0,21193138,3295,0
202,32929047402558,32929049773505,20003653,sA-eth3,up,32929049539362,netem,22045460,16210,0,0,0,0,0,21608716,3226,0,21193138,3295,0
203,32929067396730,32929069572913,19994172,sA-eth3,up,32929069391342,netem,22045460,16210,0,0,0,0,0,21608716,3226,0,21193138,3295,0
204,32929087395792,32929089232523,19999062,sA-eth3,up,32929089037560,netem,22045460,16210,0,0,0,0,0,21608716,3226,0,21193138,3295,0
205,32929107402065,32929109262526,20006273,sA-eth3,up,32929109086093,netem,22045460,16210,0,0,0,0,0,21608716,3226,0,21193138,3295,0
206,32929127397507,32929129293377,19995442,sA-eth3,up,32929129121006,netem,22045460,16210,0,0,0,0,0,21608716,3226,0,21193138,3295,0
207,32929147395269,32929149252580,19997762,sA-eth3,up,32929149063897,netem,22045460,16210,0,0,0,0,0,21608716,3226,0,21193138,3295,0
208,32929167394541,32929169213171,19999272,sA-eth3,up,32929169029630,netem,22045460,16210,0,0,0,0,0,21608716,3226,0,21193138,3295,0
209,32929187412653,32929189357405,20018112,sA-eth3,up,32929189121393,netem,22045460,16210,0,0,0,0,0,21608716,3226,0,21193138,3295,0
210,32929207401005,32929209343947,19988352,sA-eth3,up,32929209131014,netem,22045460,16210,0,0,0,0,0,21608716,3226,0,21193138,3295,0
211,32929227397537,32929229633442,19996532,sA-eth3,up,32929229457570,netem,22095512,16244,0,0,0,34822,2,21608848,3228,0,21241210,3299,0
212,32929247402220,32929249219900,20004683,sA-eth3,up,32929249045398,netem,22334724,16402,0,0,0,49962,3,21609376,3236,0,21471116,3316,0
213,32929267402932,32929269260653,20000712,sA-eth3,up,32929269068430,netem,22586048,16568,0,0,0,54504,4,21610234,3249,0,21712606,3333,0
214,32929287405524,32929289249714,20002592,sA-eth3,up,32929289071223,netem,22828288,16728,0,0,0,81756,5,21611026,3261,0,21964364,3352,0
215,32929307400207,32929309180746,19994683,sA-eth3,up,32929308996644,netem,23084154,16897,0,0,0,86298,6,21611686,3271,0,22191374,3369,0
216,32929327400838,32929329709804,20000631,sA-eth3,up,32929329535862,netem,23349104,17072,0,0,0,68130,5,21612412,3282,0,22446028,3388,0
217,32929347401871,32929349229500,20001033,sA-eth3,up,32929349053779,netem,23591344,17232,0,0,0,52990,4,21613468,3298,0,22678896,3406,0
218,32929367406114,32929369250414,20004243,sA-eth3,up,32929369075401,netem,23833584,17392,0,0,0,60560,4,21614524,3314,0,22926310,3425,0
219,32929387402775,32929389207185,19996661,sA-eth3,up,32929389033983,netem,24086422,17559,0,0,0,59046,5,21615382,3327,0,23154768,3442,0
220,32929407408907,32929409247178,20006132,sA-eth3,up,32929409067296,netem,24238336,17660,0,0,0,0,0,21615844,3334,0,23300808,3454,0
221,32929427402320,32929429835066,19993413,sA-eth3,up,32929429660065,netem,24238850,17661,0,0,0,0,0,21615922,3335,0,23301322,3455,0
222,32929447413501,32929449409844,20011181,sA-eth3,up,32929449235522,netem,24238850,17661,0,0,0,0,0,21615922,3335,0,23301322,3455,0
223,32929467401734,32929469626918,19988233,sA-eth3,up,32929469441136,netem,24238850,17661,0,0,0,0,0,21615922,3335,0,23301322,3455,0
224,32929487406127,32929489202066,20004393,sA-eth3,up,32929489035204,netem,24238850,17661,0,0,0,0,0,21615922,3335,0,23301322,3455,0
225,32929507397038,32929509210209,19990911,sA-eth3,up,32929509042507,netem,24238850,17661,0,0,0,0,0,21615922,3335,0,23301322,3455,0
226,32929527414360,32929529244521,20017322,sA-eth3,up,32929529076950,netem,24238850,17661,0,0,0,0,0,21615922,3335,0,23301322,3455,0
227,32929547421853,32929549409875,20007493,sA-eth3,up,32929549194023,netem,24238850,17661,0,0,0,0,0,21615922,3335,0,23301322,3455,0
228,32929567426655,32929569261826,20004802,sA-eth3,up,32929569081863,netem,24238850,17661,0,0,0,0,0,21615922,3335,0,23301322,3455,0
229,32929587421527,32929589724263,19994872,sA-eth3,up,32929589538181,netem,24238850,17661,0,0,0,0,0,21615922,3335,0,23301322,3455,0
230,32929607428469,32929609587293,20006942,sA-eth3,up,32929609334310,netem,24238850,17661,0,0,0,0,0,21615922,3335,0,23301322,3455,0
231,32929627428071,32929629563565,19999602,sA-eth3,up,32929629313683,netem,24238850,17661,0,0,0,0,0,21615922,3335,0,23301322,3455,0
232,32929647412954,32929649873711,19984883,sA-eth3,up,32929649644249,netem,24239014,17663,0,0,0,0,0,21620398,3337,0,23301486,3457,0
233,32929667421057,32929669515559,20008103,sA-eth3,up,32929669272267,netem,24239804,17674,0,0,0,0,0,21674766,3349,0,23302276,3468,0
234,32929687420628,32929689548312,19999571,sA-eth3,up,32929689303519,netem,24240014,17677,0,0,0,0,0,21689378,3351,0,23302486,3471,0
235,32929707429851,32929709811518,20009223,sA-eth3,up,32929709581995,netem,24240014,17677,0,0,0,0,0,21689378,3351,0,23302486,3471,0
236,32929727423633,32929729478636,19993782,sA-eth3,up,32929729259453,netem,24240014,17677,0,0,0,0,0,21689378,3351,0,23302486,3471,0
237,32929747416924,32929749472948,19993291,sA-eth3,up,32929749244895,netem,24240014,17677,0,0,0,0,0,21689378,3351,0,23302486,3471,0
238,32929767421127,32929769857465,20004203,sA-eth3,up,32929769640102,netem,24240014,17677,0,0,0,0,0,21689378,3351,0,23302486,3471,0
239,32929787420369,32929789418162,19999242,sA-eth3,up,32929789208200,netem,24240014,17677,0,0,0,0,0,21689378,3351,0,23302486,3471,0
240,32929807422341,32929809712097,20001972,sA-eth3,up,32929809474294,netem,24240014,17677,0,0,0,0,0,21689378,3351,0,23302486,3471,0
241,32929827402154,32929829732489,19979813,sA-eth3,up,32929829552968,netem,24240014,17677,0,0,0,0,0,21689378,3351,0,23302486,3471,0
242,32929847401275,32929849291277,19999121,sA-eth3,up,32929849111824,netem,24240014,17677,0,0,0,0,0,21689378,3351,0,23302486,3471,0
243,32929867429639,32929869375420,20028364,sA-eth3,up,32929869191998,netem,24240014,17677,0,0,0,0,0,21689378,3351,0,23302486,3471,0
244,32929887410540,32929889294632,19980901,sA-eth3,up,32929889120310,netem,24240014,17677,0,0,0,0,0,21689378,3351,0,23302486,3471,0
245,32929907400933,32929909629967,19990393,sA-eth3,up,32929909457585,netem,24240084,17678,0,0,0,0,0,21689378,3351,0,23302556,3472,0
246,32929927399934,32929929307756,19999001,sA-eth3,up,32929929141143,netem,24240084,17678,0,0,0,0,0,21689378,3351,0,23302556,3472,0
247,32929947410627,32929949305188,20010693,sA-eth3,up,32929949139876,netem,24240084,17678,0,0,0,0,0,21689378,3351,0,23302556,3472,0
248,32929967402808,32929969314100,19992181,sA-eth3,up,32929969146519,netem,24240084,17678,0,0,0,0,0,21689378,3351,0,23302556,3472,0
249,32929987399701,32929989249932,19996893,sA-eth3,up,32929989088380,netem,24240084,17678,0,0,0,0,0,21689378,3351,0,23302556,3472,0
250,32930007395683,32930009313335,19995982,sA-eth3,up,32930009148593,netem,24240084,17678,0,0,0,0,0,21689378,3351,0,23302556,3472,0
251,32930027401635,32930029296156,20005952,sA-eth3,up,32930029130724,netem,24240084,17678,0,0,0,0,0,21689378,3351,0,23302556,3472,0
252,32930047402628,32930049312219,20000993,sA-eth3,up,32930049134827,netem,24240084,17678,0,0,0,0,0,21689378,3351,0,23302556,3472,0
253,32930067409280,32930069255691,20006652,sA-eth3,up,32930069079009,netem,24240084,17678,0,0,0,0,0,21689378,3351,0,23302556,3472,0
254,32930087395923,32930089176692,19986643,sA-eth3,up,32930088994190,netem,24240084,17678,0,0,0,0,0,21689378,3351,0,23302556,3472,0
255,32930107401534,32930109196495,20005611,sA-eth3,up,32930109032942,netem,24240084,17678,0,0,0,0,0,21689378,3351,0,23302556,3472,0
256,32930127416737,32930129264418,20015203,sA-eth3,up,32930129097685,netem,24240084,17678,0,0,0,0,0,21689378,3351,0,23302556,3472,0
257,32930147394099,32930149756345,19977362,sA-eth3,up,32930149591124,netem,24240084,17678,0,0,0,0,0,21689378,3351,0,23302556,3472,0
258,32930167392581,32930169429464,19998482,sA-eth3,up,32930169266202,netem,24240154,17679,0,0,0,0,0,21689378,3351,0,23302626,3473,0
259,32930187399063,32930189692899,20006482,sA-eth3,up,32930189525227,netem,24240154,17679,0,0,0,0,0,21689378,3351,0,23302626,3473,0
260,32930207401156,32930209298206,20002093,sA-eth3,up,32930209133255,netem,24240154,17679,0,0,0,0,0,21689378,3351,0,23302626,3473,0
261,32930227396967,32930229243508,19995811,sA-eth3,up,32930229066676,netem,24240154,17679,0,0,0,0,0,21689378,3351,0,23302626,3473,0
262,32930247397630,32930249208010,20000663,sA-eth3,up,32930249042879,netem,24240154,17679,0,0,0,0,0,21689378,3351,0,23302626,3473,0
263,32930267399081,32930269186412,20001451,sA-eth3,up,32930269020910,netem,24240154,17679,0,0,0,0,0,21689378,3351,0,23302626,3473,0
264,32930287409775,32930289666280,20010694,sA-eth3,up,32930289500888,netem,24240154,17679,0,0,0,0,0,21689378,3351,0,23302626,3473,0
265,32930307399546,32930309339778,19989771,sA-eth3,up,32930309176886,netem,24240154,17679,0,0,0,78,1,21690892,3352,0,23302626,3473,0
266,32930327394329,32930329262309,19994783,sA-eth3,up,32930329097938,netem,24241160,17692,0,0,0,66,1,21743944,3366,0,23303632,3486,0
267,32930347401852,32930349185121,20007523,sA-eth3,up,32930349021259,netem,24241436,17696,0,0,0,0,0,21758556,3368,0,23303908,3490,0
268,32930367411223,32930369240783,20009371,sA-eth3,up,32930369069372,netem,24241520,17698,0,0,0,0,0,21758640,3370,0,23303992,3492,0
269,32930387402505,32930389234476,19991282,sA-eth3,up,32930389065753,netem,24241520,17698,0,0,0,0,0,21758640,3370,0,23303992,3492,0
270,32930407400788,32930409181018,19998283,sA-eth3,up,32930408999015,netem,24241520,17698,0,0,0,0,0,21758640,3370,0,23303992,3492,0
271,32930427397630,32930429713526,19996842,sA-eth3,up,32930429546414,netem,24241520,17698,0,0,0,0,0,21758640,3370,0,23303992,3492,0
272,32930447409042,32930449267982,20011412,sA-eth3,up,32930449101201,netem,24241520,17698,0,0,0,0,0,21758640,3370,0,23303992,3492,0
273,32930467405975,32930469272085,19996933,sA-eth3,up,32930469103133,netem,24241520,17698,0,0,0,0,0,21758640,3370,0,23303992,3492,0
274,32930487389896,32930489667651,19983921,sA-eth3,up,32930489502680,netem,24241520,17698,0,0,0,0,0,21758640,3370,0,23303992,3492,0
275,32930507401249,32930509395481,20011353,sA-eth3,up,32930509226799,netem,24241520,17698,0,0,0,0,0,21758640,3370,0,23303992,3492,0
276,32930527404691,32930529293891,20003442,sA-eth3,up,32930529124231,netem,24241520,17698,0,0,0,0,0,21758640,3370,0,23303992,3492,0
277,32930547403813,32930549300285,19999122,sA-eth3,up,32930549137142,netem,24241520,17698,0,0,0,78,1,21760154,3371,0,23303992,3492,0
278,32930567398545,32930569660431,19994732,sA-eth3,up,32930569495518,netem,24242096,17706,0,0,0,0,0,21814258,3379,0,23304568,3500,0
279,32930587398618,32930589602222,20000073,sA-eth3,up,32930589427330,netem,24242438,17711,0,0,0,0,0,21843482,3383,0,23304910,3505,0
280,32930607394779,32930609588794,19996161,sA-eth3,up,32930609403612,netem,24242438,17711,0,0,0,0,0,21843482,3383,0,23304910,3505,0
281,32930627396992,32930629456495,20002213,sA-eth3,up,32930629277842,netem,24242438,17711,0,0,0,0,0,21843482,3383,0,23304910,3505,0
282,32930647400185,32930649420907,20003193,sA-eth3,up,32930649247755,netem,24242438,17711,0,0,0,0,0,21843482,3383,0,23304910,3505,0
283,32930667398106,32930669356068,19997921,sA-eth3,up,32930669190085,netem,24242438,17711,0,0,0,0,0,21843482,3383,0,23304910,3505,0
284,32930687401528,32930689733024,20003422,sA-eth3,up,32930689562423,netem,24242438,17711,0,0,0,0,0,21843482,3383,0,23304910,3505,0
285,32930707401661,32930709824948,20000133,sA-eth3,up,32930709659636,netem,24242438,17711,0,0,0,0,0,21843482,3383,0,23304910,3505,0
286,32930727415073,32930729912910,20013412,sA-eth3,up,32930729739368,netem,24242438,17711,0,0,0,0,0,21843482,3383,0,23304910,3505,0
287,32930747391005,32930749564230,19975932,sA-eth3,up,32930749390517,netem,24242438,17711,0,0,0,0,0,21843482,3383,0,23304910,3505,0
288,32930767402317,32930769337548,20011312,sA-eth3,up,32930769174026,netem,24242438,17711,0,0,0,0,0,21843482,3383,0,23304910,3505,0
289,32930787408339,32930789325401,20006022,sA-eth3,up,32930789162759,netem,24242438,17711,0,0,0,0,0,21843482,3383,0,23304910,3505,0
290,32930807397722,32930809321073,19989383,sA-eth3,up,32930809158051,netem,24242438,17711,0,0,0,0,0,21843482,3383,0,23304910,3505,0
291,32930827395894,32930829258115,19998172,sA-eth3,up,32930829097422,netem,24242438,17711,0,0,0,0,0,21843482,3383,0,23304910,3505,0
292,32930847398016,32930849252106,20002122,sA-eth3,up,32930849088165,netem,24242438,17711,0,0,0,0,0,21843482,3383,0,23304910,3505,0
293,32930867403838,32930869351460,20005822,sA-eth3,up,32930869187828,netem,24242578,17713,0,0,0,0,0,21843552,3384,0,23305050,3507,0
294,32930887395850,32930889250771,19992012,sA-eth3,up,32930889085339,netem,24242578,17713,0,0,0,0,0,21843552,3384,0,23305050,3507,0
295,32930907396852,32930909715518,20001002,sA-eth3,up,32930909538676,netem,24242578,17713,0,0,0,0,0,21843552,3384,0,23305050,3507,0
296,32930927411025,32930929698570,20014173,sA-eth3,up,32930929529288,netem,24242578,17713,0,0,0,0,0,21843552,3384,0,23305050,3507,0
297,32930947401907,32930949424979,19990882,sA-eth3,up,32930949260597,netem,24242578,17713,0,0,0,0,0,21843552,3384,0,23305050,3507,0
298,32930967401069,32930969242959,19999162,sA-eth3,up,32930969076148,netem,24242578,17713,0,0,0,0,0,21843552,3384,0,23305050,3507,0
299,32930987398121,32930989206941,19997052,sA-eth3,up,32930989043939,netem,24242578,17713,0,0,0,0,0,21843552,3384,0,23305050,3507,0
300,32931007391583,32931009685578,19993462,sA-eth3,up,32931009518167,netem,24242578,17713,0,0,0,0,0,21843552,3384,0,23305050,3507,0
301,32931027412256,32931029263666,20020673,sA-eth3,up,32931029094995,netem,24242578,17713,0,0,0,0,0,21843552,3384,0,23305050,3507,0
302,32931047395648,32931049712313,19983392,sA-eth3,up,32931049540362,netem,24242578,17713,0,0,0,0,0,21843552,3384,0,23305050,3507,0
303,32931067395500,32931069225681,19999852,sA-eth3,up,32931069056488,netem,24242578,17713,0,0,0,0,0,21843552,3384,0,23305050,3507,0
304,32931087391192,32931089198682,19995692,sA-eth3,up,32931089022290,netem,24242578,17713,0,0,0,0,0,21843552,3384,0,23305050,3507,0
305,32931107394415,32931109550278,20003223,sA-eth3,up,32931109364847,netem,24242578,17713,0,0,0,0,0,21843552,3384,0,23305050,3507,0
306,32931127411947,32931129638161,20017532,sA-eth3,up,32931129467340,netem,24242578,17713,0,0,0,0,0,21843552,3384,0,23305050,3507,0
307,32931147398589,32931149197199,19986642,sA-eth3,up,32931149032927,netem,24242578,17713,0,0,0,0,0,21843552,3384,0,23305050,3507,0
308,32931167395690,32931169137130,19997101,sA-eth3,up,32931168959059,netem,24242578,17713,0,0,0,0,0,21843552,3384,0,23305050,3507,0
309,32931187400813,32931189639568,20005123,sA-eth3,up,32931189476327,netem,24242578,17713,0,0,0,0,0,21843552,3384,0,23305050,3507,0
310,32931207396345,32931209696431,19995532,sA-eth3,up,32931209524950,netem,24242578,17713,0,0,0,0,0,21843552,3384,0,23305050,3507,0
311,32931227401358,32931229301649,20005013,sA-eth3,up,32931229135167,netem,24243196,17720,0,0,0,0,0,21861390,3391,0,23305668,3514,0
312,32931247392960,32931249544474,19991602,sA-eth3,up,32931249371321,netem,24243946,17731,0,0,0,66,1,21909966,3403,0,23306418,3525,0
313,32931267398182,32931269841159,20005222,sA-eth3,up,32931269679137,netem,24244522,17739,0,0,0,78,1,21975720,3412,0,23307072,3534,0
314,32931287401705,32931289343586,20003523,sA-eth3,up,32931289180254,netem,24245290,17749,0,0,0,66,1,22037130,3421,0,23307762,3543,0
315,32931307402016,32931309219757,20000311,sA-eth3,up,32931309052865,netem,24246046,17759,0,0,0,66,1,22113152,3432,0,23308518,3553,0
316,32931327393939,32931329156398,19991923,sA-eth3,up,32931328972956,netem,24246706,17769,0,0,0,66,1,22180420,3442,0,23309178,3563,0
317,32931347399471,32931349170111,20005532,sA-eth3,up,32931348990649,netem,24247234,17777,0,0,0,78,1,22238868,3450,0,23309784,3572,0
318,32931367402153,32931369173702,20002682,sA-eth3,up,32931368991931,netem,24247390,17779,0,0,0,0,0,22238868,3450,0,23309862,3573,0
319,32931387394125,32931389727821,19991972,sA-eth3,up,32931389557740,netem,24247390,17779,0,0,0,0,0,22238868,3450,0,23309862,3573,0
320,32931407399278,32931409204347,20005153,sA-eth3,up,32931409040295,netem,24247390,17779,0,0,0,0,0,22238868,3450,0,23309862,3573,0
321,32931427399669,32931429649604,20000391,sA-eth3,up,32931429481693,netem,24247390,17779,0,0,0,0,0,22238868,3450,0,23309862,3573,0
322,32931447405162,32931449262172,20005493,sA-eth3,up,32931449088811,netem,24247390,17779,0,0,0,0,0,22238868,3450,0,23309862,3573,0
323,32931467400455,32931469253884,19995293,sA-eth3,up,32931469084812,netem,24247390,17779,0,0,0,0,0,22238868,3450,0,23309862,3573,0
324,32931487395796,32931489220847,19995341,sA-eth3,up,32931489056554,netem,24247390,17779,0,0,0,0,0,22238868,3450,0,23309862,3573,0
325,32931507399148,32931509757864,20003352,sA-eth3,up,32931509591583,netem,24247390,17779,0,0,0,0,0,22238868,3450,0,23309862,3573,0
326,32931527392941,32931529584015,19993793,sA-eth3,up,32931529412473,netem,24247390,17779,0,0,0,0,0,22238868,3450,0,23309862,3573,0
327,32931547405362,32931549256634,20012421,sA-eth3,up,32931549095332,netem,24247390,17779,0,0,0,0,0,22238868,3450,0,23309862,3573,0
328,32931567402425,32931569549878,19997063,sA-eth3,up,32931569373087,netem,24247390,17779,0,0,0,0,0,22238868,3450,0,23309862,3573,0
329,32931587390827,32931589367788,19988402,sA-eth3,up,32931589162327,netem,24247390,17779,0,0,0,0,0,22238868,3450,0,23309862,3573,0
330,32931607399849,32931609355651,20009022,sA-eth3,up,32931609187499,netem,24247390,17779,0,0,0,0,0,22238868,3450,0,23309862,3573,0
331,32931627416762,32931629392374,20016913,sA-eth3,up,32931629223742,netem,24247390,17779,0,0,0,0,0,22238868,3450,0,23309862,3573,0
332,32931647401734,32931649203354,19984972,sA-eth3,up,32931649039202,netem,24247390,17779,0,0,0,0,0,22238868,3450,0,23309862,3573,0
333,32931667397536,32931669181815,19995802,sA-eth3,up,32931669000054,netem,24247390,17779,0,0,0,0,0,22238868,3450,0,23309862,3573,0
334,32931687401358,32931689209478,20003822,sA-eth3,up,32931689047787,netem,24247390,17779,0,0,0,0,0,22238868,3450,0,23309862,3573,0
335,32931707404161,32931709192981,20002803,sA-eth3,up,32931709032748,netem,24247390,17779,0,0,0,0,0,22238868,3450,0,23309862,3573,0
336,32931727409162,32931729262644,20005001,sA-eth3,up,32931729094781,netem,24247390,17779,0,0,0,0,0,22238868,3450,0,23309862,3573,0
337,32931747398985,32931749279085,19989823,sA-eth3,up,32931749108324,netem,24247390,17779,0,0,0,0,0,22238868,3450,0,23309862,3573,0
338,32931767401908,32931769334878,20002923,sA-eth3,up,32931769152367,netem,24247390,17779,0,0,0,0,0,22238868,3450,0,23309862,3573,0
339,32931787404749,32931789381481,20002841,sA-eth3,up,32931789207379,netem,24247390,17779,0,0,0,0,0,22238868,3450,0,23309862,3573,0
340,32931807404702,32931809278362,19999953,sA-eth3,up,32931809106411,netem,24247390,17779,0,0,0,0,0,22238868,3450,0,23309862,3573,0
341,32931827403834,32931829230254,19999132,sA-eth3,up,32931829068742,netem,24247390,17779,0,0,0,0,0,22238868,3450,0,23309862,3573,0
342,32931847401586,32931849153735,19997752,sA-eth3,up,32931848974243,netem,24247390,17779,0,0,0,0,0,22238868,3450,0,23309862,3573,0
343,32931867400088,32931870215639,19998502,sA-eth3,up,32931870049728,netem,24247390,17779,0,0,0,0,0,22238868,3450,0,23309862,3573,0
344,32931887395260,32931889672526,19995172,sA-eth3,up,32931889502784,netem,24247390,17779,0,0,0,0,0,22238868,3450,0,23309862,3573,0
345,32931907394662,32931909465156,19999402,sA-eth3,up,32931909291324,netem,24247390,17779,0,0,0,0,0,22238868,3450,0,23309862,3573,0
346,32931927397824,32931929625980,20003162,sA-eth3,up,32931929458187,netem,24247390,17779,0,0,0,0,0,22238868,3450,0,23309862,3573,0
347,32931947394896,32931949212957,19997072,sA-eth3,up,32931949044915,netem,24247390,17779,0,0,0,0,0,22238868,3450,0,23309862,3573,0
348,32931967410789,32931969787786,20015893,sA-eth3,up,32931969614613,netem,24247390,17779,0,0,0,0,0,22238868,3450,0,23309862,3573,0
349,32931987398401,32931989589366,19987612,sA-eth3,up,32931989407804,netem,24247796,17784,0,0,0,66,1,22256640,3456,0,23310268,3578,0
350,32932007397823,32932009410076,19999422,sA-eth3,up,32932009233084,netem,24248318,17791,0,0,0,0,0,22287444,3462,0,23310790,3585,0
351,32932027415615,32932029541860,20017792,sA-eth3,up,32932029259876,netem,24249090,17801,0,0,0,0,0,22334506,3473,0,23311562,3595,0
352,32932047419328,32932049592212,20003713,sA-eth3,up,32932049353490,netem,24249456,17806,0,0,0,66,1,22371036,3478,0,23311994,3601,0
353,32932067419100,32932069410583,19999772,sA-eth3,up,32932069176530,netem,24249954,17813,0,0,0,0,0,22422178,3485,0,23312426,3607,0
354,32932087413372,32932089282813,19994272,sA-eth3,up,32932089099811,netem,24250476,17820,0,0,0,0,0,22466014,3491,0,23312948,3614,0
355,32932107398544,32932109174494,19985172,sA-eth3,up,32932108989792,netem,24250932,17826,0,0,0,0,0,22517156,3498,0,23313404,3620,0
356,32932127410307,32932129789563,20011763,sA-eth3,up,32932129591821,netem,24251352,17832,0,0,0,0,0,22553686,3503,0,23313824,3626,0
357,32932147403399,32932149340781,19993092,sA-eth3,up,32932149162998,netem,24251838,17839,0,0,0,0,0,22612134,3511,0,23314310,3633,0
358,32932167386731,32932169206031,19983332,sA-eth3,up,32932169037359,netem,24252258,17845,0,0,0,0,0,22663276,3518,0,23314730,3639,0
359,32932187387843,32932189576447,20001112,sA-eth3,up,32932189370885,netem,24252994,17855,0,0,0,66,1,22721856,3528,0,23315532,3650,0
360,32932207400865,32932209185505,20013022,sA-eth3,up,32932209019324,netem,24253846,17867,0,0,0,0,0,22803670,3539,0,23316318,3661,0
361,32932227412038,32932229910105,20011173,sA-eth3,up,32932229711963,netem,24254532,17876,0,0,0,66,1,22881074,3549,0,23317004,3670,0
362,32932247396390,32932249330971,19984352,sA-eth3,up,32932249115899,netem,24255264,17886,0,0,0,78,1,22957096,3560,0,23317814,3681,0
363,32932267393512,32932269391084,19997122,sA-eth3,up,32932269220952,netem,24255918,17895,0,0,0,66,1,23014096,3568,0,23318390,3689,0
364,32932287395694,32932289727320,20002182,sA-eth3,up,32932289529557,netem,24256614,17905,0,0,0,78,1,23087156,3578,0,23319086,3699,0
365,32932307403577,32932309714323,20007883,sA-eth3,up,32932309522230,netem,24257310,17915,0,0,0,0,0,23160216,3588,0,23319782,3709,0
366,32932327397409,32932329617143,19993832,sA-eth3,up,32932329433341,netem,24258006,17925,0,0,0,0,0,23225970,3597,0,23320478,3719,0
367,32932347399911,32932349245271,20002502,sA-eth3,up,32932349076940,netem,24258612,17934,0,0,0,78,1,23299030,3607,0,23321084,3728,0
368,32932367409463,32932369755919,20009552,sA-eth3,up,32932369561907,netem,24259228,17942,0,0,0,0,0,23357478,3615,0,23321700,3736,0
369,32932387412685,32932389307887,20003222,sA-eth3,up,32932389135414,netem,24259372,17944,0,0,0,0,0,23386702,3619,0,23321844,3738,0
370,32932407403208,32932409670513,19990523,sA-eth3,up,32932409489871,netem,24259372,17944,0,0,0,0,0,23386702,3619,0,23321844,3738,0
371,32932427421390,32932429703906,20018182,sA-eth3,up,32932429532103,netem,24259582,17947,0,0,0,66,1,23415926,3623,0,23322054,3741,0
372,32932447396841,32932449667186,19975451,sA-eth3,up,32932449467195,netem,24260212,17956,0,0,0,78,1,23481680,3632,0,23322684,3750,0
373,32932467389354,32932469384336,19992513,sA-eth3,up,32932469160883,netem,24260920,17966,0,0,0,0,0,23547434,3641,0,23323392,3760,0
374,32932487398016,32932489622211,20008662,sA-eth3,up,32932489418359,netem,24261532,17974,0,0,0,0,0,23605882,3649,0,23324004,3768,0
375,32932507401738,32932509187978,20003722,sA-eth3,up,32932508997056,netem,24262120,17982,0,0,0,78,1,23671636,3658,0,23324592,3776,0
376,32932527402111,32932529202460,20000373,sA-eth3,up,32932529034528,netem,24262782,17991,0,0,0,0,0,23730084,3666,0,23325254,3785,0
377,32932547382112,32932549929781,19980001,sA-eth3,up,32932549659487,netem,24263436,18000,0,0,0,78,1,23803144,3676,0,23325908,3794,0
378,32932567366115,32932569621599,19984003,sA-eth3,up,32932569430587,netem,24264078,18009,0,0,0,0,0,23861592,3684,0,23326550,3803,0
379,32932587396297,32932589384590,20030182,sA-eth3,up,32932589208497,netem,24264774,18019,0,0,0,66,1,23941958,3695,0,23327312,3814,0
380,32932607402879,32932609365761,20006582,sA-eth3,up,32932609188010,netem,24265548,18030,0,0,0,0,0,24004882,3705,0,23328020,3824,0
381,32932627396951,32932629406924,19994072,sA-eth3,up,32932629200111,netem,24266024,18036,0,0,0,78,1,24031342,3711,0,23328496,3830,0
382,32932647435594,32932649506007,20038643,sA-eth3,up,32932649300074,netem,24266696,18046,0,0,0,66,1,24097294,3723,0,23329234,3841,0
383,32932667400525,32932669692942,19964931,sA-eth3,up,32932669514760,netem,24267624,18058,0,0,0,0,0,24161732,3734,0,23330096,3852,0
384,32932687413518,32932689659693,20012993,sA-eth3,up,32932689480721,netem,24268368,18068,0,0,0,0,0,24236240,3744,0,23330840,3862,0
385,32932707402901,32932709404523,19989383,sA-eth3,up,32932709235661,netem,24269128,18078,0,0,0,0,0,24286132,3754,0,23331600,3872,0
386,32932727398742,32932729265403,19995841,sA-eth3,up,32932729091461,netem,24371208,18154,0,0,0,42548,5,24345042,3769,0,23447240,3890,0
387,32932747401045,32932749244315,20002303,sA-eth3,up,32932749054044,netem,24626238,18331,0,0,0,56084,4,24394344,3792,0,23674916,3916,0
388,32932767397977,32932769221507,19996932,sA-eth3,up,32932769045925,netem,24881306,18509,0,0,0,51632,6,24453914,3817,0,23920018,3943,0
389,32932787423419,32932789373071,20025442,sA-eth3,up,32932789183878,netem,25121196,18676,0,0,0,84948,8,24504598,3839,0,24166596,3970,0
390,32932807415081,32932809520934,19991662,sA-eth3,up,32932809315653,netem,25377656,18852,0,0,0,101712,10,24541986,3857,0,24410194,3995,0
391,32932827407524,32932829458716,19992443,sA-eth3,up,32932829253924,netem,25632892,19030,0,0,0,103342,11,24603136,3884,0,24642432,4022,0
392,32932847396545,32932849489029,19989021,sA-eth3,up,32932849278637,netem,25873270,19203,0,0,0,91012,8,24650924,3906,0,24889432,4054,0
393,32932867412008,32932869381680,20015463,sA-eth3,up,32932869194838,netem,26129958,19383,0,0,0,68274,7,24711744,3928,0,25120226,4083,0
394,32932887416160,32932889481763,20004152,sA-eth3,up,32932889268870,netem,26385108,19562,0,0,0,68216,6,24769932,3954,0,25365476,4112,0
395,32932907400152,32932909687047,19983992,sA-eth3,up,32932909506146,netem,26469642,19627,0,0,0,78,1,24808570,3969,0,25446710,4127,0
396,32932927395174,32932929712250,19995022,sA-eth3,up,32932929535917,netem,26470562,19639,0,0,0,66,1,24845496,3980,0,25447696,4140,0
397,32932947404347,32932949305198,20009173,sA-eth3,up,32932949134036,netem,26471270,19649,0,0,0,66,1,24905656,3992,0,25448404,4150,0
398,32932967410778,32932969276210,20006431,sA-eth3,up,32932969103178,netem,26471978,19659,0,0,0,0,0,24954034,4001,0,25449046,4159,0
399,32932987406861,32932989322702,19996083,sA-eth3,up,32932989146521,netem,26472780,19670,0,0,0,66,1,25012812,4014,0,25449914,4171,0
400,32933007394814,32933009220603,19987953,sA-eth3,up,32933009054361,netem,26473506,19681,0,0,0,66,1,25078764,4026,0,25450574,4181,0
401,32933027402165,32933029227486,20007351,sA-eth3,up,32933029057124,netem,26474070,19689,0,0,0,78,1,25132934,4035,0,25451216,4190,0
402,32933047410738,32933049337389,20008573,sA-eth3,up,32933049164707,netem,26474724,19698,0,0,0,0,0,25184142,4043,0,25451792,4198,0
403,32933067400279,32933069310941,19989541,sA-eth3,up,32933069140228,netem,26475562,19709,0,0,0,66,1,25248712,4056,0,25452696,4210,0
404,32933087400692,32933089227402,20000413,sA-eth3,up,32933089055920,netem,26476146,19717,0,0,0,0,0,25291100,4062,0,25453214,4217,0
405,32933107400345,32933109258125,19999653,sA-eth3,up,32933109085263,netem,26476146,19717,0,0,0,0,0,25291100,4062,0,25453214,4217,0
406,32933127402476,32933129262227,20002131,sA-eth3,up,32933129083125,netem,26476146,19717,0,0,0,0,0,25291100,4062,0,25453214,4217,0
407,32933147410528,32933149331610,20008052,sA-eth3,up,32933149143538,netem,26476146,19717,0,0,0,0,0,25291100,4062,0,25453214,4217,0
408,32933167402831,32933169242751,19992303,sA-eth3,up,32933169069759,netem,26476146,19717,0,0,0,0,0,25291100,4062,0,25453214,4217,0
409,32933187416543,32933189259394,20013712,sA-eth3,up,32933189083001,netem,26476146,19717,0,0,0,0,0,25291100,4062,0,25453214,4217,0
410,32933207401185,32933209277266,19984642,sA-eth3,up,32933209093954,netem,26476146,19717,0,0,0,0,0,25291100,4062,0,25453214,4217,0
411,32933227406798,32933230235258,20005613,sA-eth3,up,32933230057827,netem,26476146,19717,0,0,0,0,0,25291100,4062,0,25453214,4217,0
412,32933247402849,32933249388201,19996051,sA-eth3,up,32933249215440,netem,26476146,19717,0,0,0,0,0,25291100,4062,0,25453214,4217,0
413,32933267406351,32933269329533,20003502,sA-eth3,up,32933269151941,netem,26476146,19717,0,0,0,0,0,25291100,4062,0,25453214,4217,0
414,32933287414054,32933289390836,20007703,sA-eth3,up,32933289211674,netem,26476146,19717,0,0,0,0,0,25291100,4062,0,25453214,4217,0
415,32933307438347,32933309578280,20024293,sA-eth3,up,32933309313057,netem,26476146,19717,0,0,0,0,0,25291100,4062,0,25453214,4217,0
416,32933327426149,32933329833056,19987802,sA-eth3,up,32933329632413,netem,26476146,19717,0,0,0,0,0,25291100,4062,0,25453214,4217,0
417,32933347412171,32933349419853,19986022,sA-eth3,up,32933349220401,netem,26476146,19717,0,0,0,0,0,25291100,4062,0,25453214,4217,0
418,32933367408293,32933369288784,19996122,sA-eth3,up,32933369102561,netem,26476146,19717,0,0,0,0,0,25291100,4062,0,25453214,4217,0
419,32933387427575,32933389308286,20019282,sA-eth3,up,32933389129154,netem,26476146,19717,0,0,0,0,0,25291100,4062,0,25453214,4217,0
420,32933407406918,32933409292968,19979343,sA-eth3,up,32933409117377,netem,26476146,19717,0,0,0,0,0,25291100,4062,0,25453214,4217,0
421,32933427402859,32933429223280,19995941,sA-eth3,up,32933429053358,netem,26476146,19717,0,0,0,0,0,25291100,4062,0,25453214,4217,0
422,32933447403162,32933449227951,20000303,sA-eth3,up,32933449061800,netem,26476146,19717,0,0,0,0,0,25291100,4062,0,25453214,4217,0
423,32933467402564,32933469240134,19999402,sA-eth3,up,32933469074343,netem,26476146,19717,0,0,0,0,0,25291100,4062,0,25453214,4217,0
424,32933487411886,32933489278737,20009322,sA-eth3,up,32933489108364,netem,26476146,19717,0,0,0,0,0,25291100,4062,0,25453214,4217,0
425,32933507402788,32933509192128,19990902,sA-eth3,up,32933509020377,netem,26476146,19717,0,0,0,0,0,25291100,4062,0,25453214,4217,0
426,32933527403581,32933529724446,20000793,sA-eth3,up,32933529554425,netem,26476146,19717,0,0,0,0,0,25291100,4062,0,25453214,4217,0
427,32933547403203,32933549278793,19999622,sA-eth3,up,32933549109101,netem,26476146,19717,0,0,0,0,0,25291100,4062,0,25453214,4217,0
428,32933567408375,32933569311626,20005172,sA-eth3,up,32933569139424,netem,26476146,19717,0,0,0,0,0,25291100,4062,0,25453214,4217,0
429,32933587399037,32933589220817,19990662,sA-eth3,up,32933589055215,netem,26476146,19717,0,0,0,0,0,25291100,4062,0,25453214,4217,0
430,32933607405180,32933609746775,20006143,sA-eth3,up,32933609573513,netem,26476146,19717,0,0,0,0,0,25291100,4062,0,25453214,4217,0
431,32933627401041,32933629228682,19995861,sA-eth3,up,32933629060810,netem,26476146,19717,0,0,0,0,0,25291100,4062,0,25453214,4217,0
432,32933647405544,32933649276454,20004503,sA-eth3,up,32933649105813,netem,26476146,19717,0,0,0,0,0,25291100,4062,0,25453214,4217,0
433,32933667399495,32933669298637,19993951,sA-eth3,up,32933669130214,netem,26476146,19717,0,0,0,0,0,25291100,4062,0,25453214,4217,0
434,32933687399318,32933689229698,19999823,sA-eth3,up,32933689056897,netem,26476146,19717,0,0,0,0,0,25291100,4062,0,25453214,4217,0
435,32933707401451,32933709224580,20002133,sA-eth3,up,32933709057588,netem,26476146,19717,0,0,0,66,1,25292614,4063,0,25453214,4217,0
436,32933727406072,32933729274963,20004621,sA-eth3,up,32933729106501,netem,26476782,19725,0,0,0,156,2,25316376,4072,0,25453928,4226,0
437,32933747398215,32933749220564,19992143,sA-eth3,up,32933749054443,netem,26477436,19734,0,0,0,0,0,25351656,4080,0,25454504,4234,0
438,32933767396407,32933769692432,19998192,sA-eth3,up,32933769523650,netem,26478090,19743,0,0,0,0,0,25384106,4089,0,25455158,4243,0
439,32933787402589,32933789254200,20006182,sA-eth3,up,32933789091617,netem,26478642,19751,0,0,0,0,0,25428074,4097,0,25455710,4251,0
440,32933807405871,32933809729137,20003282,sA-eth3,up,32933809548485,netem,26478918,19755,0,0,0,0,0,25436904,4100,0,25455986,4255,0
441,32933827400684,32933829504066,19994813,sA-eth3,up,32933829318324,netem,26478918,19755,0,0,0,0,0,25436904,4100,0,25455986,4255,0
442,32933847398855,32933849331417,19998171,sA-eth3,up,32933849161285,netem,26478918,19755,0,0,0,0,0,25436904,4100,0,25455986,4255,0
443,32933867399828,32933869238378,20000973,sA-eth3,up,32933869070847,netem,26478918,19755,0,0,0,0,0,25436904,4100,0,25455986,4255,0
444,32933887402600,32933889258871,20002772,sA-eth3,up,32933889089889,netem,26478918,19755,0,0,0,0,0,25436904,4100,0,25455986,4255,0
445,32933907400981,32933909272983,19998381,sA-eth3,up,32933909104391,netem,26478918,19755,0,0,0,0,0,25436904,4100,0,25455986,4255,0
446,32933927396284,32933929202784,19995303,sA-eth3,up,32933929036483,netem,26478918,19755,0,0,0,0,0,25436904,4100,0,25455986,4255,0
447,32933947401027,32933949199086,20004743,sA-eth3,up,32933949031375,netem,26478918,19755,0,0,0,0,0,25436904,4100,0,25455986,4255,0
448,32933967399068,32933969217369,19998041,sA-eth3,up,32933969050737,netem,26478918,19755,0,0,0,0,0,25436904,4100,0,25455986,4255,0
449,32933987407211,32933989838468,20008143,sA-eth3,up,32933989645516,netem,26479182,19759,0,0,0,66,1,25467732,4106,0,25456316,4260,0
450,32934007398093,32934009362355,19990882,sA-eth3,up,32934009186653,netem,26480022,19771,0,0,0,0,0,25536514,4117,0,25457090,4271,0
451,32934027400485,32934029321627,20002392,sA-eth3,up,32934029146804,netem,26480730,19781,0,0,0,0,0,25615432,4128,0,25457798,4281,0
452,32934047397057,32934049373229,19996572,sA-eth3,up,32934049191627,netem,26481292,19788,0,0,0,66,1,25650646,4135,0,25458360,4288,0
453,32934067406640,32934069327691,20009583,sA-eth3,up,32934069151679,netem,26482048,19798,0,0,0,0,0,25706330,4145,0,25459116,4298,0
454,32934087400562,32934089302633,19993922,sA-eth3,up,32934089128501,netem,26482766,19807,0,0,0,66,1,25779390,4155,0,25459834,4307,0
455,32934107395664,32934109770350,19995102,sA-eth3,up,32934109572498,netem,26483528,19818,0,0,0,0,0,25853898,4165,0,25460596,4318,0
456,32934127396757,32934129340387,20001093,sA-eth3,up,32934129143366,netem,26484314,19829,0,0,0,0,0,25925708,4178,0,25461382,4329,0
457,32934147410218,32934149437740,20013461,sA-eth3,up,32934149223929,netem,26485256,19842,0,0,0,0,0,26013446,4191,0,25462324,4342,0
458,32934167399910,32934169776326,19989692,sA-eth3,up,32934169591545,netem,26570760,19908,0,0,0,46934,3,26073672,4204,0,25563352,4358,0
459,32934187398963,32934190120384,19999053,sA-eth3,up,32934189906671,netem,26825584,20082,0,0,0,34978,5,26132780,4222,0,25807050,4385,0
460,32934207401825,32934209437367,20002862,sA-eth3,up,32934209245566,netem,27065450,20249,0,0,0,50094,5,26198010,4245,0,26036006,4409,0
461,32934227423198,32934229472160,20021373,sA-eth3,up,32934229274877,netem,27321868,20426,0,0,0,45498,4,26242638,4265,0,26266464,4434,0
462,32934247403840,32934249339721,19980642,sA-eth3,up,32934249161489,netem,27575146,20599,0,0,0,31794,3,26287398,4283,0,26509908,4458,0
463,32934267402521,32934269257703,19998681,sA-eth3,up,32934269075290,netem,27814436,20758,0,0,0,48448,3,26288322,4297,0,26754504,4478,0
464,32934287403734,32934289254164,20001213,sA-eth3,up,32934289074353,netem,28071816,20928,0,0,0,45420,3,26289378,4313,0,26987372,4496,0
465,32934307399636,32934309268497,19995902,sA-eth3,up,32934309099604,netem,28318598,21091,0,0,0,25738,2,26290104,4324,0,27224650,4515,0
466,32934327400758,32934329503272,20001122,sA-eth3,up,32934329300109,netem,28566894,21255,0,0,0,48448,3,26290830,4335,0,27480752,4534,0
467,32934347400771,32934349795886,20000013,sA-eth3,up,32934349599985,netem,28680958,21331,0,0,0,0,0,26291226,4341,0,27572952,4542,0
468,32934367405722,32934369658968,20004951,sA-eth3,up,32934369481856,netem,28680958,21331,0,0,0,0,0,26291226,4341,0,27572952,4542,0
469,32934387398085,32934389286786,19992363,sA-eth3,up,32934389107954,netem,28680958,21331,0,0,0,0,0,26291226,4341,0,27572952,4542,0
470,32934407408977,32934409506750,20010892,sA-eth3,up,32934409292568,netem,28680958,21331,0,0,0,0,0,26291226,4341,0,27572952,4542,0
471,32934427407629,32934429275110,19998652,sA-eth3,up,32934429099678,netem,28680958,21331,0,0,0,0,0,26291226,4341,0,27572952,4542,0
472,32934447401541,32934449195381,19993912,sA-eth3,up,32934449025180,netem,28680958,21331,0,0,0,0,0,26291226,4341,0,27572952,4542,0
473,32934467405314,32934469226094,20003773,sA-eth3,up,32934469058112,netem,28680958,21331,0,0,0,0,0,26291226,4341,0,27572952,4542,0
474,32934487400675,32934489250556,19995361,sA-eth3,up,32934489081524,netem,28680958,21331,0,0,0,0,0,26291226,4341,0,27572952,4542,0
475,32934507404618,32934509278989,20003943,sA-eth3,up,32934509094477,netem,28680958,21331,0,0,0,0,0,26291226,4341,0,27572952,4542,0
476,32934527403481,32934529705375,19998863,sA-eth3,up,32934529524483,netem,28680958,21331,0,0,0,0,0,26291226,4341,0,27572952,4542,0
477,32934547409542,32934549766438,20006061,sA-eth3,up,32934549566656,netem,28680958,21331,0,0,0,0,0,26291226,4341,0,27572952,4542,0
478,32934567408514,32934569637099,19998972,sA-eth3,up,32934569460077,netem,28680958,21331,0,0,0,0,0,26291226,4341,0,27572952,4542,0
479,32934587399176,32934589279137,19990662,sA-eth3,up,32934589110545,netem,28680958,21331,0,0,0,0,0,26291226,4341,0,27572952,4542,0
480,32934607398758,32934609186988,19999582,sA-eth3,up,32934609024087,netem,28680958,21331,0,0,0,0,0,26291226,4341,0,27572952,4542,0
481,32934627401551,32934629204901,20002793,sA-eth3,up,32934629038038,netem,28680958,21331,0,0,0,0,0,26291226,4341,0,27572952,4542,0
482,32934647411602,32934649308374,20010051,sA-eth3,up,32934649133532,netem,28680958,21331,0,0,0,0,0,26291226,4341,0,27572952,4542,0
483,32934667407765,32934669272316,19996163,sA-eth3,up,32934669099054,netem,28680958,21331,0,0,0,0,0,26291226,4341,0,27572952,4542,0
484,32934687401518,32934689208337,19993753,sA-eth3,up,32934688997835,netem,28680958,21331,0,0,0,0,0,26291226,4341,0,27572952,4542,0
485,32934707403369,32934709212820,20001851,sA-eth3,up,32934709046038,netem,28680958,21331,0,0,0,0,0,26291226,4341,0,27572952,4542,0
486,32934727408651,32934729291613,20005282,sA-eth3,up,32934729095481,netem,28680958,21331,0,0,0,0,0,26291226,4341,0,27572952,4542,0
487,32934747396154,32934749380876,19987503,sA-eth3,up,32934749196714,netem,28680958,21331,0,0,0,0,0,26291226,4341,0,27572952,4542,0
488,32934767401775,32934769237316,20005621,sA-eth3,up,32934769057095,netem,28680958,21331,0,0,0,0,0,26291226,4341,0,27572952,4542,0
489,32934787404698,32934789272889,20002923,sA-eth3,up,32934789098047,netem,28680958,21331,0,0,0,0,0,26291226,4341,0,27572952,4542,0
490,32934807399151,32934809308501,19994453,sA-eth3,up,32934809114320,netem,28680958,21331,0,0,0,0,0,26291226,4341,0,27572952,4542,0
491,32934827407582,32934829966151,20008431,sA-eth3,up,32934829771099,netem,28680958,21331,0,0,0,0,0,26291226,4341,0,27572952,4542,0
492,32934847424685,32934849593209,20017103,sA-eth3,up,32934849396817,netem,28680958,21331,0,0,0,0,0,26291226,4341,0,27572952,4542,0
493,32934867422858,32934869585731,19998173,sA-eth3,up,32934869371720,netem,28680958,21331,0,0,0,0,0,26291226,4341,0,27572952,4542,0
494,32934887421839,32934889506782,19998981,sA-eth3,up,32934889316240,netem,28680958,21331,0,0,0,0,0,26291226,4341,0,27572952,4542,0
495,32934907411702,32934909438244,19989863,sA-eth3,up,32934909265742,netem,28680958,21331,0,0,0,0,0,26291226,4341,0,27572952,4542,0
496,32934927393964,32934929340445,19982262,sA-eth3,up,32934929171323,netem,28680958,21331,0,0,0,0,0,26291226,4341,0,27572952,4542,0
497,32934947410135,32934949386157,20016171,sA-eth3,up,32934949210636,netem,28680958,21331,0,0,0,0,0,26291226,4341,0,27572952,4542,0
498,32934967405868,32934969736414,19995733,sA-eth3,up,32934969553921,netem,28680958,21331,0,0,0,0,0,26291226,4341,0,27572952,4542,0
499,32934987422781,32934989579564,20016913,sA-eth3,up,32934989379093,netem,28680958,21331,0,0,0,0,0,26291226,4341,0,27572952,4542,0
500,32935007401612,32935009380614,19978831,sA-eth3,up,32935009205152,netem,28680958,21331,0,0,0,0,0,26291226,4341,0,27572952,4542,0
501,32935027396784,32935029253955,19995172,sA-eth3,up,32935029083144,netem,28680958,21331,0,0,0,0,0,26291226,4341,0,27572952,4542,0
502,32935047392786,32935049281217,19996002,sA-eth3,up,32935049113175,netem,28680958,21331,0,0,0,0,0,26291226,4341,0,27572952,4542,0
503,32935067396859,32935069265990,20004073,sA-eth3,up,32935069099408,netem,28680958,21331,0,0,0,0,0,26291226,4341,0,27572952,4542,0
504,32935087402241,32935089702146,20005382,sA-eth3,up,32935089531294,netem,28680958,21331,0,0,0,0,0,26291226,4341,0,27572952,4542,0
505,32935107401303,32935109218394,19999062,sA-eth3,up,32935109043931,netem,28680958,21331,0,0,0,0,0,26291226,4341,0,27572952,4542,0
506,32935127417796,32935129300257,20016493,sA-eth3,up,32935129115375,netem,28680958,21331,0,0,0,0,0,26291226,4341,0,27572952,4542,0
507,32935147412028,32935149703433,19994232,sA-eth3,up,32935149534791,netem,28680958,21331,0,0,0,0,0,26291226,4341,0,27572952,4542,0
508,32935167402140,32935169298911,19990112,sA-eth3,up,32935169121478,netem,28680958,21331,0,0,0,0,0,26291226,4341,0,27572952,4542,0
509,32935187407422,32935189789449,20005282,sA-eth3,up,32935189616117,netem,28680958,21331,0,0,0,0,0,26291226,4341,0,27572952,4542,0
510,32935207402485,32935209243394,19995063,sA-eth3,up,32935209072143,netem,28680958,21331,0,0,0,0,0,26291226,4341,0,27572952,4542,0
511,32935227403626,32935229593700,20001141,sA-eth3,up,32935229410618,netem,28680958,21331,0,0,0,0,0,26291226,4341,0,27572952,4542,0
512,32935247402409,32935249468941,19998783,sA-eth3,up,32935249277540,netem,28680958,21331,0,0,0,0,0,26291226,4341,0,27572952,4542,0
513,32935267401261,32935269237271,19998852,sA-eth3,up,32935269063889,netem,28680958,21331,0,0,0,0,0,26291226,4341,0,27572952,4542,0
514,32935287400893,32935289579887,19999632,sA-eth3,up,32935289400185,netem,28680958,21331,0,0,0,0,0,26291226,4341,0,27572952,4542,0
515,32935307400775,32935309380297,19999882,sA-eth3,up,32935309215515,netem,28680958,21331,0,0,0,0,0,26291226,4341,0,27572952,4542,0
516,32935327400978,32935329299888,20000203,sA-eth3,up,32935329118027,netem,28680958,21331,0,0,0,0,0,26291226,4341,0,27572952,4542,0
517,32935347401359,32935349232630,20000381,sA-eth3,up,32935349062198,netem,28680958,21331,0,0,0,0,0,26291226,4341,0,27572952,4542,0
518,32935367398272,32935369189312,19996913,sA-eth3,up,32935369023720,netem,28680958,21331,0,0,0,0,0,26291226,4341,0,27572952,4542,0
519,32935387396244,32935389765220,19997972,sA-eth3,up,32935389571348,netem,28680958,21331,0,0,0,0,0,26291226,4341,0,27572952,4542,0
520,32935407408346,32935409353968,20012102,sA-eth3,up,32935409174125,netem,28680958,21331,0,0,0,0,0,26291226,4341,0,27572952,4542,0
521,32935427401439,32935429775555,19993093,sA-eth3,up,32935429598263,netem,28680958,21331,0,0,0,0,0,26291226,4341,0,27572952,4542,0
522,32935447406531,32935449673286,20005092,sA-eth3,up,32935449488513,netem,28680958,21331,0,0,0,0,0,26291226,4341,0,27572952,4542,0
523,32935467406422,32935469480296,19999891,sA-eth3,up,32935469298024,netem,28680958,21331,0,0,0,0,0,26291226,4341,0,27572952,4542,0
524,32935487409065,32935489489798,20002643,sA-eth3,up,32935489288586,netem,28680958,21331,0,0,0,0,0,26291226,4341,0,27572952,4542,0
525,32935507408077,32935509752063,19999012,sA-eth3,up,32935509576521,netem,28680958,21331,0,0,0,0,0,26291226,4341,0,27572952,4542,0
526,32935527401019,32935529221380,19992942,sA-eth3,up,32935529055138,netem,28680958,21331,0,0,0,0,0,26291226,4341,0,27572952,4542,0
527,32935547412582,32935549564345,20011563,sA-eth3,up,32935549378564,netem,28680958,21331,0,0,0,0,0,26291226,4341,0,27572952,4542,0
528,32935567441355,32935569352125,20028773,sA-eth3,up,32935569165294,netem,28680958,21331,0,0,0,0,0,26291226,4341,0,27572952,4542,0
529,32935587410765,32935589304987,19969410,sA-eth3,up,32935589122625,netem,28680958,21331,0,0,0,0,0,26291226,4341,0,27572952,4542,0
530,32935607401898,32935609721064,19991133,sA-eth3,up,32935609549272,netem,28680958,21331,0,0,0,0,0,26291226,4341,0,27572952,4542,0
531,32935627411061,32935629767836,20009163,sA-eth3,up,32935629587044,netem,28680958,21331,0,0,0,0,0,26291226,4341,0,27572952,4542,0
532,32935647412712,32935649646727,20001651,sA-eth3,up,32935649461136,netem,28680958,21331,0,0,0,0,0,26291226,4341,0,27572952,4542,0
533,32935667408115,32935669362196,19995403,sA-eth3,up,32935669159054,netem,28680958,21331,0,0,0,0,0,26291226,4341,0,27572952,4542,0
534,32935687409888,32935689306578,20001773,sA-eth3,up,32935689114026,netem,28680958,21331,0,0,0,0,0,26291226,4341,0,27572952,4542,0
535,32935707404759,32935709769125,19994871,sA-eth3,up,32935709579603,netem,28680958,21331,0,0,0,0,0,26291226,4341,0,27572952,4542,0
536,32935727408102,32935729406844,20003343,sA-eth3,up,32935729234611,netem,28680958,21331,0,0,0,0,0,26291226,4341,0,27572952,4542,0
537,32935747416234,32935749349604,20008132,sA-eth3,up,32935749175323,netem,28681664,21340,0,0,0,0,0,26313606,4351,0,27573658,4551,0
538,32935767405856,32935769297937,19989622,sA-eth3,up,32935769126795,netem,28682108,21346,0,0,0,66,1,26334340,4358,0,27574102,4557,0
539,32935787399418,32935789200718,19993562,sA-eth3,up,32935789037176,netem,28682318,21349,0,0,0,0,0,26337302,4359,0,27574312,4560,0
540,32935807404649,32935809242259,20005231,sA-eth3,up,32935809074759,netem,28682318,21349,0,0,0,0,0,26337302,4359,0,27574312,4560,0
541,32935827416842,32935829283513,20012193,sA-eth3,up,32935829117691,netem,28682318,21349,0,0,0,0,0,26337302,4359,0,27574312,4560,0
542,32935847405564,32935849716950,19988722,sA-eth3,up,32935849547908,netem,28682318,21349,0,0,0,0,0,26337302,4359,0,27574312,4560,0
543,32935867400136,32935869362898,19994572,sA-eth3,up,32935869199217,netem,28682318,21349,0,0,0,0,0,26337302,4359,0,27574312,4560,0
544,32935887403629,32935889413741,20003493,sA-eth3,up,32935889237929,netem,28682318,21349,0,0,0,0,0,26337302,4359,0,27574312,4560,0
545,32935907415212,32935909353303,20011583,sA-eth3,up,32935909177901,netem,28682318,21349,0,0,0,0,0,26337302,4359,0,27574312,4560,0
546,32935927406804,32935929582807,19991592,sA-eth3,up,32935929404796,netem,28682318,21349,0,0,0,0,0,26337302,4359,0,27574312,4560,0
547,32935947406205,32935949433987,19999401,sA-eth3,up,32935949256757,netem,28682318,21349,0,0,0,0,0,26337302,4359,0,27574312,4560,0
548,32935967415818,32935969402170,20009613,sA-eth3,up,32935969234008,netem,28682318,21349,0,0,0,0,0,26337302,4359,0,27574312,4560,0
549,32935987405340,32935989286371,19989522,sA-eth3,up,32935989115879,netem,28682318,21349,0,0,0,0,0,26337302,4359,0,27574312,4560,0
550,32936007419332,32936009310883,20013992,sA-eth3,up,32936009134231,netem,28682318,21349,0,0,0,0,0,26337302,4359,0,27574312,4560,0
551,32936027416214,32936029230254,19996882,sA-eth3,up,32936029054172,netem,28682318,21349,0,0,0,0,0,26337302,4359,0,27574312,4560,0
552,32936047403826,32936049222827,19987612,sA-eth3,up,32936049050595,netem,28682318,21349,0,0,0,0,0,26337302,4359,0,27574312,4560,0
553,32936067403818,32936069231259,19999992,sA-eth3,up,32936069060977,netem,28682318,21349,0,0,0,0,0,26337302,4359,0,27574312,4560,0
554,32936087409701,32936089822847,20005883,sA-eth3,up,32936089648806,netem,28682318,21349,0,0,0,0,0,26337302,4359,0,27574312,4560,0
555,32936107407582,32936109428165,19997881,sA-eth3,up,32936109258394,netem,28682318,21349,0,0,0,0,0,26337302,4359,0,27574312,4560,0
556,32936127418545,32936129297887,20010963,sA-eth3,up,32936129114424,netem,28682318,21349,0,0,0,0,0,26337302,4359,0,27574312,4560,0
557,32936147405258,32936149604002,19986713,sA-eth3,up,32936149413360,netem,28682318,21349,0,0,0,0,0,26337302,4359,0,27574312,4560,0
558,32936167409989,32936169485943,20004731,sA-eth3,up,32936169299501,netem,28682318,21349,0,0,0,0,0,26337302,4359,0,27574312,4560,0
559,32936187401172,32936189275513,19991183,sA-eth3,up,32936189100231,netem,28682318,21349,0,0,0,0,0,26337302,4359,0,27574312,4560,0
560,32936207413474,32936209247734,20012302,sA-eth3,up,32936209069762,netem,28682318,21349,0,0,0,0,0,26337302,4359,0,27574312,4560,0
561,32936227403636,32936229230855,19990162,sA-eth3,up,32936229058244,netem,28682318,21349,0,0,0,0,0,26337302,4359,0,27574312,4560,0
562,32936247415698,32936249312839,20012062,sA-eth3,up,32936249129578,netem,28682318,21349,0,0,0,0,0,26337302,4359,0,27574312,4560,0
563,32936267455261,32936269948769,20039563,sA-eth3,up,32936269743416,netem,28682318,21349,0,0,0,0,0,26337302,4359,0,27574312,4560,0
564,32936287407033,32936289409195,19951772,sA-eth3,up,32936289231512,netem,28682318,21349,0,0,0,0,0,26337302,4359,0,27574312,4560,0
565,32936307409935,32936309287465,20002902,sA-eth3,up,32936309112624,netem,28682318,21349,0,0,0,0,0,26337302,4359,0,27574312,4560,0
566,32936327410927,32936329384328,20000992,sA-eth3,up,32936329199216,netem,28682318,21349,0,0,0,0,0,26337302,4359,0,27574312,4560,0
567,32936347394379,32936349329211,19983452,sA-eth3,up,32936349158199,netem,28682318,21349,0,0,0,0,0,26337302,4359,0,27574312,4560,0
568,32936367399641,32936369279662,20005262,sA-eth3,up,32936369111220,netem,28682318,21349,0,0,0,0,0,26337302,4359,0,27574312,4560,0
569,32936387396183,32936389214603,19996542,sA-eth3,up,32936389045382,netem,28682318,21349,0,0,0,0,0,26337302,4359,0,27574312,4560,0
570,32936407402736,32936409279826,20006553,sA-eth3,up,32936409112745,netem,28682396,21350,0,0,0,86,1,26341778,4361,0,27574476,4562,0
571,32936427404798,32936429659322,20002062,sA-eth3,up,32936429493021,netem,28682482,21351,0,0,0,0,0,26341778,4361,0,27574476,4562,0
572,32936447395279,32936449376141,19990481,sA-eth3,up,32936449204520,netem,28682482,21351,0,0,0,0,0,26341778,4361,0,27574476,4562,0
573,32936467395891,32936469191142,20000612,sA-eth3,up,32936469026410,netem,28682482,21351,0,0,0,0,0,26341778,4361,0,27574476,4562,0
574,32936487408804,32936489248265,20012913,sA-eth3,up,32936489073452,netem,28682482,21351,0,0,0,0,0,26341778,4361,0,27574476,4562,0
575,32936507416306,32936509339097,20007502,sA-eth3,up,32936509159536,netem,28682482,21351,0,0,0,0,0,26341778,4361,0,27574476,4562,0
576,32936527409909,32936529228459,19993603,sA-eth3,up,32936529055936,netem,28682482,21351,0,0,0,0,0,26341778,4361,0,27574476,4562,0
577,32936547403390,32936549575605,19993481,sA-eth3,up,32936549398242,netem,28682482,21351,0,0,0,0,0,26341778,4361,0,27574476,4562,0
578,32936567402233,32936569942831,19998843,sA-eth3,up,32936569751439,netem,28682482,21351,0,0,0,0,0,26341778,4361,0,27574476,4562,0
579,32936587412745,32936589466698,20010512,sA-eth3,up,32936589263855,netem,28682482,21351,0,0,0,0,0,26341778,4361,0,27574476,4562,0
580,32936607412588,32936609856776,19999843,sA-eth3,up,32936609679503,netem,28682482,21351,0,0,0,0,0,26341778,4361,0,27574476,4562,0
581,32936627409060,32936629707005,19996472,sA-eth3,up,32936629536934,netem,28682560,21352,0,0,0,0,0,26343292,4362,0,27574554,4563,0
582,32936647405872,32936649241402,19996812,sA-eth3,up,32936649070381,netem,28682560,21352,0,0,0,0,0,26343292,4362,0,27574554,4563,0
583,32936667408695,32936669275635,20002823,sA-eth3,up,32936669106302,netem,28682560,21352,0,0,0,0,0,26343292,4362,0,27574554,4563,0
584,32936687418376,32936689895424,20009681,sA-eth3,up,32936689716481,netem,28682560,21352,0,0,0,0,0,26343292,4362,0,27574554,4563,0
585,32936707401119,32936709365550,19982743,sA-eth3,up,32936709196928,netem,28682560,21352,0,0,0,0,0,26343292,4362,0,27574554,4563,0
586,32936727417710,32936729415652,20016591,sA-eth3,up,32936729183781,netem,28682560,21352,0,0,0,0,0,26343292,4362,0,27574554,4563,0
587,32936747427203,32936749836390,20009493,sA-eth3,up,32936749636157,netem,28682560,21352,0,0,0,0,0,26343292,4362,0,27574554,4563,0
588,32936767396194,32936769349816,19968991,sA-eth3,up,32936769176735,netem,28682560,21352,0,0,0,0,0,26343292,4362,0,27574554,4563,0
589,32936787407807,32936789363369,20011613,sA-eth3,up,32936789186696,netem,28682560,21352,0,0,0,0,0,26343292,4362,0,27574554,4563,0
590,32936807413099,32936809299480,20005292,sA-eth3,up,32936809130998,netem,28682560,21352,0,0,0,0,0,26343292,4362,0,27574554,4563,0
591,32936827410081,32936829360583,19996982,sA-eth3,up,32936829167971,netem,28682560,21352,0,0,0,78,1,26344806,4363,0,27574554,4563,0
592,32936847419993,32936849794869,20009912,sA-eth3,up,32936849613988,netem,28682848,21356,0,0,0,0,0,26353692,4366,0,27574842,4567,0
593,32936867404645,32936869228445,19984652,sA-eth3,up,32936869058523,netem,28682848,21356,0,0,0,0,0,26353692,4366,0,27574842,4567,0
594,32936887398077,32936889647392,19993432,sA-eth3,up,32936889477070,netem,28682848,21356,0,0,0,0,0,26353692,4366,0,27574842,4567,0
595,32936907408809,32936909229579,20010732,sA-eth3,up,32936909065578,netem,28682848,21356,0,0,0,0,0,26353692,4366,0,27574842,4567,0
596,32936927406112,32936929751707,19997303,sA-eth3,up,32936929575736,netem,28682848,21356,0,0,0,0,0,26353692,4366,0,27574842,4567,0
597,32936947398494,32936949658549,19992382,sA-eth3,up,32936949481867,netem,28682848,21356,0,0,0,0,0,26353692,4366,0,27574842,4567,0
598,32936967401526,32936969212115,20003032,sA-eth3,up,32936969043324,netem,28682848,21356,0,0,0,0,0,26353692,4366,0,27574842,4567,0
599,32936987399468,32936989208698,19997942,sA-eth3,up,32936989040695,netem,28682848,21356,0,0,0,0,0,26353692,4366,0,27574842,4567,0
600,32937007404251,32937009329241,20004783,sA-eth3,up,32937009150200,netem,28682848,21356,0,0,0,0,0,26353692,4366,0,27574842,4567,0
601,32937027403042,32937029213732,19998791,sA-eth3,up,32937029040501,netem,28682848,21356,0,0,0,0,0,26353692,4366,0,27574842,4567,0
602,32937047400435,32937049784672,19997393,sA-eth3,up,32937049612900,netem,28683058,21359,0,0,0,66,1,26361196,4370,0,27575118,4571,0
603,32937067398187,32937069417389,19997752,sA-eth3,up,32937069245707,netem,28683346,21363,0,0,0,0,0,26380218,4373,0,27575340,4574,0
604,32937087416070,32937089418551,20017883,sA-eth3,up,32937089244430,netem,28683346,21363,0,0,0,0,0,26380218,4373,0,27575340,4574,0
605,32937107411931,32937109833268,19995861,sA-eth3,up,32937109656047,netem,28683346,21363,0,0,0,0,0,26380218,4373,0,27575340,4574,0
606,32937127398584,32937129247874,19986653,sA-eth3,up,32937129077732,netem,28683346,21363,0,0,0,0,0,26380218,4373,0,27575340,4574,0
607,32937147404165,32937149265097,20005581,sA-eth3,up,32937149092845,netem,28683346,21363,0,0,0,0,0,26380218,4373,0,27575340,4574,0
608,32937167397528,32937169321659,19993363,sA-eth3,up,32937169154697,netem,28683346,21363,0,0,0,0,0,26380218,4373,0,27575340,4574,0
609,32937187400329,32937189710066,20002801,sA-eth3,up,32937189538254,netem,28683346,21363,0,0,0,0,0,26380218,4373,0,27575340,4574,0
610,32937207394542,32937209461596,19994213,sA-eth3,up,32937209276303,netem,28683346,21363,0,0,0,0,0,26380218,4373,0,27575340,4574,0
611,32937227396725,32937229275906,20002183,sA-eth3,up,32937229112264,netem,28683346,21363,0,0,0,0,0,26380218,4373,0,27575340,4574,0
612,32937247404767,32937249365029,20008042,sA-eth3,up,32937249198967,netem,28683346,21363,0,0,0,0,0,26380218,4373,0,27575340,4574,0
613,32937267397449,32937269316820,19992682,sA-eth3,up,32937269146628,netem,28683346,21363,0,0,0,78,1,26381732,4374,0,27575340,4574,0
614,32937287395861,32937289249281,19998412,sA-eth3,up,32937289083260,netem,28683922,21371,0,0,0,0,0,26424186,4381,0,27575916,4582,0
615,32937307395454,32937309219944,19999593,sA-eth3,up,32937309042102,netem,28684444,21378,0,0,0,66,1,26489940,4390,0,27576504,4590,0
616,32937327396155,32937329229766,20000701,sA-eth3,up,32937329060274,netem,28685074,21387,0,0,0,66,1,26555694,4399,0,27577068,4598,0
617,32937347411548,32937349797405,20015393,sA-eth3,up,32937349619473,netem,28685588,21394,0,0,0,0,0,26599530,4405,0,27577582,4605,0
618,32937367394409,32937369513773,19982861,sA-eth3,up,32937369322151,netem,28686098,21401,0,0,0,0,0,26650672,4412,0,27578092,4612,0
619,32937387393532,32937389234842,19999123,sA-eth3,up,32937389069860,netem,28686770,21411,0,0,0,0,0,26723732,4422,0,27578764,4622,0
620,32937407400504,32937409260994,20006972,sA-eth3,up,32937409091894,netem,28687312,21418,0,0,0,0,0,26774940,4430,0,27579306,4629,0
621,32937427396866,32937429270007,19996362,sA-eth3,up,32937429103105,netem,28687936,21426,0,0,0,0,0,26826082,4437,0,27579930,4637,0
622,32937447400039,32937449736655,20003173,sA-eth3,up,32937449561732,netem,28688668,21436,0,0,0,78,1,26905000,4448,0,27580662,4647,0
623,32937467393701,32937469209971,19993662,sA-eth3,up,32937469042319,netem,28689322,21445,0,0,0,0,0,26951864,4456,0,27581316,4656,0
624,32937487404782,32937489316174,20011081,sA-eth3,up,32937489148422,netem,28690136,21456,0,0,0,0,0,26994582,4467,0,27582130,4667,0
625,32937507402245,32937509361987,19997463,sA-eth3,up,32937509177914,netem,28690712,21464,0,0,0,66,1,27031310,4475,0,27582772,4676,0
626,32937527396698,32937529316279,19994453,sA-eth3,up,32937529139667,netem,28691418,21473,0,0,0,78,1,27079688,4484,0,27583412,4684,0
627,32937547413619,32937549407511,20016921,sA-eth3,up,32937549227149,netem,28691718,21477,0,0,0,0,0,27088508,4486,0,27583712,4688,0
628,32937567405372,32937569530425,19991753,sA-eth3,up,32937569328923,netem,28691718,21477,0,0,0,0,0,27088508,4486,0,27583712,4688,0
629,32937587406944,32937589801170,20001572,sA-eth3,up,32937589623058,netem,28691718,21477,0,0,0,0,0,27088508,4486,0,27583712,4688,0
630,32937607397296,32937609326918,19990352,sA-eth3,up,32937609161025,netem,28691718,21477,0,0,0,0,0,27088508,4486,0,27583712,4688,0
631,32937627401738,32937629214198,20004442,sA-eth3,up,32937629046006,netem,28691718,21477,0,0,0,0,0,27088508,4486,0,27583712,4688,0
632,32937647400160,32937649262251,19998422,sA-eth3,up,32937649093289,netem,28691718,21477,0,0,0,0,0,27088508,4486,0,27583712,4688,0
633,32937667417723,32937669297483,20017563,sA-eth3,up,32937669121641,netem,28691718,21477,0,0,0,0,0,27088508,4486,0,27583712,4688,0
634,32937687407275,32937689313406,19989552,sA-eth3,up,32937689141214,netem,28691718,21477,0,0,0,0,0,27088508,4486,0,27583712,4688,0
635,32937707402906,32937709255638,19995631,sA-eth3,up,32937709091355,netem,28691718,21477,0,0,0,0,0,27088508,4486,0,27583712,4688,0
636,32937727401499,32937729216149,19998593,sA-eth3,up,32937729053468,netem,28691718,21477,0,0,0,0,0,27088508,4486,0,27583712,4688,0
637,32937747407591,32937749400844,20006092,sA-eth3,up,32937749223651,netem,28691718,21477,0,0,0,78,1,27090022,4487,0,27583712,4689,0
638,32937767403923,32937769901721,19996332,sA-eth3,up,32937769713969,netem,28692314,21485,0,0,0,0,0,27121024,4496,0,27584308,4696,0
639,32937787410436,32937789317256,20006513,sA-eth3,up,32937789142285,netem,28692944,21494,0,0,0,78,1,27170850,4505,0,27585016,4706,0
640,32937807401967,32937809235688,19991531,sA-eth3,up,32937809067906,netem,28693622,21503,0,0,0,0,0,27216266,4513,0,27585616,4714,0
641,32937827404460,32937829306931,20002493,sA-eth3,up,32937829140269,netem,28694432,21514,0,0,0,0,0,27260366,4523,0,27586426,4725,0
642,32937847404242,32937849412764,19999782,sA-eth3,up,32937849241442,netem,28695074,21523,0,0,0,66,1,27318946,4533,0,27587068,4734,0
643,32937867404994,32937869379746,20000752,sA-eth3,up,32937869216303,netem,28695530,21529,0,0,0,0,0,27352646,4539,0,27587524,4740,0
644,32937887401156,32937889689251,19996162,sA-eth3,up,32937889524369,netem,28696240,21538,0,0,0,0,0,27399576,4548,0,27588234,4749,0
645,32937907399857,32937909276789,19998701,sA-eth3,up,32937909101207,netem,28696962,21547,0,0,0,0,0,27445058,4557,0,27588956,4758,0
646,32937927402860,32937929294682,20003003,sA-eth3,up,32937929127640,netem,28697574,21555,0,0,0,78,1,27503572,4566,0,27589568,4766,0
647,32937947399203,32937949719858,19996343,sA-eth3,up,32937949537506,netem,28698294,21565,0,0,0,66,1,27575184,4576,0,27590354,4777,0
648,32937967396935,32937969572548,19997732,sA-eth3,up,32937969394607,netem,28698868,21572,0,0,0,144,2,27622180,4586,0,27590940,4784,0
649,32937987401597,32937989294107,20004662,sA-eth3,up,32937989112516,netem,28699612,21582,0,0,0,0,0,27698334,4599,0,27591606,4793,0
650,32938007399548,32938009660605,19997951,sA-eth3,up,32938009490672,netem,28699612,21582,0,0,0,0,0,27724662,4603,0,27591606,4793,0
651,32938027402861,32938029300263,20003313,sA-eth3,up,32938029128810,netem,28699678,21583,0,0,0,0,0,27733416,4604,0,27591672,4794,0
652,32938047395434,32938049203913,19992573,sA-eth3,up,32938049039591,netem,28700358,21591,0,0,0,164,2,27789100,4614,0,27592438,4803,0
653,32938067394805,32938069237096,19999371,sA-eth3,up,32938069071784,netem,28701116,21600,0,0,0,0,0,27835898,4621,0,27593110,4811,0
654,32938087407958,32938089309189,20013153,sA-eth3,up,32938089136027,netem,28702108,21612,0,0,0,0,0,27900402,4633,0,27594102,4823,0
655,32938107402770,32938109291071,19994812,sA-eth3,up,32938109110018,netem,28702408,21616,0,0,0,78,1,27942922,4641,0,27594480,4828,0
656,32938127396362,32938129192541,19993592,sA-eth3,up,32938129030460,netem,28702552,21618,0,0,0,0,0,27960496,4644,0,27594546,4829,0
657,32938147400544,32938149213544,20004182,sA-eth3,up,32938149053082,netem,28702552,21618,0,0,0,0,0,27960496,4644,0,27594546,4829,0
658,32938167412626,32938169280727,20012082,sA-eth3,up,32938169106065,netem,28702840,21622,0,0,0,0,0,27983928,4648,0,27594834,4833,0
659,32938187408238,32938189362690,19995612,sA-eth3,up,32938189185898,netem,28703338,21629,0,0,0,78,1,28027962,4657,0,27595332,4840,0
660,32938207401641,32938209305201,19993403,sA-eth3,up,32938209139350,netem,28703980,21638,0,0,0,66,1,28077788,4666,0,27596040,4850,0
661,32938227410512,32938229975071,20008871,sA-eth3,up,32938229783659,netem,28704520,21646,0,0,0,0,0,28115898,4673,0,27596514,4857,0
662,32938247408705,32938249734540,19998193,sA-eth3,up,32938249525848,netem,28704906,21651,0,0,0,0,0,28145188,4678,0,27596900,4862,0
663,32938267396736,32938270211998,19988031,sA-eth3,up,32938269976666,netem,28705602,21661,0,0,0,66,1,28197976,4688,0,27597596,4873,0
664,32938287409659,32938290099379,20012923,sA-eth3,up,32938289896287,netem,28706046,21667,0,0,0,0,0,28227332,4694,0,27598040,4878,0
665,32938307419002,32938310253113,20009343,sA-eth3,up,32938310029850,netem,28706568,21674,0,0,0,0,0,28265442,4701,0,27598562,4885,0
666,32938327402113,32938329831260,19983111,sA-eth3,up,32938329652199,netem,28707024,21680,0,0,0,86,1,28296246,4707,0,27599018,4891,0
667,32938347398375,32938349723781,19996262,sA-eth3,up,32938349546550,netem,28707476,21686,0,0,0,0,0,28319876,4714,0,27599470,4897,0
668,32938367403448,32938369840486,20005073,sA-eth3,up,32938369645943,netem,28708052,21694,0,0,0,0,0,28362396,4722,0,27600046,4905,0
669,32938387410850,32938389777656,20007402,sA-eth3,up,32938389588484,netem,28708418,21699,0,0,0,66,1,28388790,4727,0,27600412,4910,0
670,32938407399672,32938409487555,19988822,sA-eth3,up,32938409289903,netem,28708904,21706,0,0,0,0,0,28422622,4735,0,27600898,4917,0
671,32938427410305,32938429485068,20010633,sA-eth3,up,32938429293255,netem,28709456,21714,0,0,0,0,0,28469552,4744,0,27601450,4925,0
672,32938447407686,32938449556150,19997381,sA-eth3,up,32938449358098,netem,28710008,21722,0,0,0,66,1,28525236,4754,0,27602068,4934,0
673,32938467404299,32938469445381,19996613,sA-eth3,up,32938469257499,netem,28710456,21728,0,0,0,0,0,28542876,4758,0,27602450,4939,0
674,32938487402111,32938489913549,19997812,sA-eth3,up,32938489720307,netem,28771106,21769,0,0,0,0,0,28543140,4762,0,27660724,4944,0
675,32938507441963,32938509839250,20039852,sA-eth3,up,32938509602918,netem,28772620,21770,0,0,0,0,0,28543140,4762,0,27662238,4945,0
676,32938527413076,32938529536699,19971113,sA-eth3,up,32938529306397,netem,28772620,21770,0,0,0,0,0,28543140,4762,0,27662238,4945,0
677,32938547403467,32938549631333,19990391,sA-eth3,up,32938549454390,netem,28772620,21770,0,0,0,0,0,28543140,4762,0,27662238,4945,0
678,32938567414850,32938569596034,20011383,sA-eth3,up,32938569367702,netem,28772620,21770,0,0,0,0,0,28543140,4762,0,27662238,4945,0
679,32938587419012,32938589588066,20004162,sA-eth3,up,32938589345473,netem,28772620,21770,0,0,0,0,0,28543140,4762,0,27662238,4945,0
680,32938607430705,32938609896211,20011693,sA-eth3,up,32938609653408,netem,28772620,21770,0,0,0,0,0,28543140,4762,0,27662238,4945,0
681,32938627411076,32938629286457,19980371,sA-eth3,up,32938629102815,netem,28772620,21770,0,0,0,0,0,28543140,4762,0,27662238,4945,0
682,32938647409329,32938649252418,19998253,sA-eth3,up,32938649077267,netem,28772620,21770,0,0,0,0,0,28543140,4762,0,27662238,4945,0
683,32938667424910,32938669400182,20015581,sA-eth3,up,32938669183790,netem,28772620,21770,0,0,0,0,0,28543140,4762,0,27662238,4945,0
684,32938687409503,32938689360835,19984593,sA-eth3,up,32938689176462,netem,28773198,21777,0,0,0,0,0,28572628,4770,0,27662816,4952,0
685,32938707414055,32938709267835,20004552,sA-eth3,up,32938709091433,netem,28775402,21787,0,0,0,0,0,28629772,4780,0,27665020,4962,0
686,32938727408537,32938729262248,19994482,sA-eth3,up,32938729071495,netem,28788006,21801,0,0,0,78,1,28652020,4788,0,27677360,4972,0
687,32938747411309,32938749719305,20002772,sA-eth3,up,32938749536682,netem,28788582,21809,0,0,0,0,0,28688682,4795,0,27677936,4980,0
688,32938767400370,32938769582935,19989061,sA-eth3,up,32938769386574,netem,28789146,21817,0,0,0,0,0,28738508,4804,0,27678500,4988,0
689,32938787399263,32938789267665,19998893,sA-eth3,up,32938789093342,netem,28811110,21841,0,0,0,6056,2,28810582,4821,0,27700134,5007,0
690,32938807402756,32938809845833,20003493,sA-eth3,up,32938809665771,netem,28839136,21870,0,0,0,78,1,28889830,4837,0,27727644,5028,0
691,32938827430419,32938829463331,20027663,sA-eth3,up,32938829209058,netem,28839994,21881,0,0,0,1592,2,28965918,4849,0,27729938,5039,0
692,32938847419420,32938849791897,19989001,sA-eth3,up,32938849603714,netem,28842334,21893,0,0,0,0,0,29023116,4860,0,27730764,5050,0
693,32938867406482,32938869778888,19987062,sA-eth3,up,32938869607336,netem,28842868,21900,0,0,0,78,1,29055302,4865,0,27731376,5058,0
694,32938887426004,32938889564368,20019522,sA-eth3,up,32938889308906,netem,28870708,21926,0,0,0,3114,2,29121650,4883,0,27758544,5074,0
695,32938907415286,32938909317978,19989282,sA-eth3,up,32938909141236,netem,28904180,21950,0,0,0,0,0,29122178,4891,0,27791290,5087,0
696,32938927411669,32938929353300,19996383,sA-eth3,up,32938929158419,netem,29090402,22073,0,0,0,30280,2,29122838,4901,0,27970384,5102,0
697,32938947428141,32938949485885,20016472,sA-eth3,up,32938949236861,netem,29347782,22243,0,0,0,30280,2,29123762,4915,0,28217732,5120,0
698,32938967422443,32938969429556,19994302,sA-eth3,up,32938969188103,netem,29582452,22398,0,0,0,56018,4,29124686,4929,0,28460736,5138,0
699,32938987419136,32938989398038,19996693,sA-eth3,up,32938989206715,netem,29839832,22568,0,0,0,45420,3,29125544,4942,0,28690708,5156,0
700,32939007424237,32939009435360,20005101,sA-eth3,up,32939009244177,netem,30097212,22738,0,0,0,42392,3,29126402,4955,0,28938056,5174,0
701,32939027415570,32939029435822,19991333,sA-eth3,up,32939029254020,netem,30347022,22903,0,0,0,37850,3,29127326,4969,0,29178164,5192,0
702,32939047412921,32939049419663,19997351,sA-eth3,up,32939049198742,netem,30589262,23063,0,0,0,45420,3,29128184,4982,0,29410966,5210,0
703,32939067404934,32939069715809,19992013,sA-eth3,up,32939069538088,netem,30846712,23234,0,0,0,30280,2,29129046,4995,0,29658450,5229,0
704,32939087416046,32939089783142,20011112,sA-eth3,up,32939089553349,netem,30912328,23278,0,0,0,0,0,29129310,4999,0,29721426,5233,0
705,32939107430598,32939109465102,20014552,sA-eth3,up,32939109248579,netem,30912472,23280,0,0,0,66,1,29148398,5003,0,29721570,5235,0
706,32939127417800,32939129416923,19987202,sA-eth3,up,32939129189600,netem,30912978,23287,0,0,0,0,0,29187890,5009,0,29722076,5242,0
707,32939147423363,32939149461045,20005563,sA-eth3,up,32939149211843,netem,30913530,23295,0,0,0,0,0,29246338,5017,0,29722628,5250,0
708,32939167422025,32939169829492,19998662,sA-eth3,up,32939169594079,netem,30914082,23303,0,0,0,66,1,29304786,5025,0,29723246,5259,0
709,32939187429217,32939189501600,20007192,sA-eth3,up,32939189244327,netem,30914690,23311,0,0,0,0,0,29363234,5033,0,29723788,5266,0
710,32939207419449,32939210411662,19990232,sA-eth3,up,32939210178489,netem,30915386,23321,0,0,0,0,0,29436294,5043,0,29724484,5276,0
711,32939227398921,32939229736066,19979472,sA-eth3,up,32939229555685,netem,30916016,23330,0,0,0,0,0,29502048,5052,0,29725114,5285,0
712,32939247397453,32939249968802,19998532,sA-eth3,up,32939249789679,netem,30916424,23336,0,0,0,78,1,29545884,5058,0,29725600,5292,0
713,32939267400685,32939269740922,20003232,sA-eth3,up,32939269558469,netem,30917054,23345,0,0,0,0,0,29611638,5067,0,29726152,5300,0
714,32939287398538,32939289712403,19997853,sA-eth3,up,32939289525151,netem,30917456,23350,0,0,0,78,1,29655474,5073,0,29726554,5305,0
715,32939307401700,32939309281561,20003162,sA-eth3,up,32939309082418,netem,30918032,23358,0,0,0,0,0,29721228,5082,0,29727130,5313,0
716,32939327398391,32939330180242,19996691,sA-eth3,up,32939329966950,netem,30918110,23359,0,0,0,0,0,29744660,5086,0,29727208,5314,0
717,32939347403524,32939349407737,20005133,sA-eth3,up,32939349215904,netem,30918808,23368,0,0,0,66,1,29816272,5096,0,29727972,5324,0
718,32939367411506,32939369623801,20007982,sA-eth3,up,32939369435209,netem,30919468,23376,0,0,0,78,1,29876300,5106,0,29728566,5331,0
719,32939387406498,32939389249409,19994992,sA-eth3,up,32939389072477,netem,30920260,23386,0,0,0,78,1,29933366,5115,0,29729358,5341,0
720,32939407408591,32939409720606,20002093,sA-eth3,up,32939409526104,netem,30920956,23396,0,0,0,78,1,30016562,5125,0,29730054,5351,0
721,32939427414723,32939429333614,20006132,sA-eth3,up,32939429140702,netem,30921844,23408,0,0,0,78,1,30098442,5137,0,29730942,5363,0
722,32939447409205,32939449470387,19994482,sA-eth3,up,32939449246535,netem,30922800,23420,0,0,0,0,0,30193354,5149,0,29731898,5375,0
723,32939467407317,32939469266038,19998112,sA-eth3,up,32939469060185,netem,30923456,23428,0,0,0,86,1,30240152,5156,0,29732640,5384,0
724,32939487402459,32939489761106,19995142,sA-eth3,up,32939489579993,netem,30924426,23441,0,0,0,0,0,30327956,5170,0,29733524,5396,0
725,32939507403402,32939509321183,20000943,sA-eth3,up,32939509129891,netem,30925158,23451,0,0,0,0,0,30401016,5180,0,29734256,5406,0
726,32939527398773,32939529343875,19995371,sA-eth3,up,32939529169133,netem,30925884,23462,0,0,0,78,1,30481382,5191,0,29734982,5417,0
727,32939547387345,32939549247236,19988572,sA-eth3,up,32939549073374,netem,30926550,23471,0,0,0,0,0,30547136,5200,0,29735648,5426,0
728,32939567398348,32939569294129,20011003,sA-eth3,up,32939569120227,netem,30927208,23480,0,0,0,66,1,30612890,5209,0,29736306,5435,0
729,32939587400140,32939589330081,20001792,sA-eth3,up,32939589158679,netem,30927998,23491,0,0,0,0,0,30678644,5218,0,29737096,5446,0
730,32939607407472,32939609319034,20007332,sA-eth3,up,32939609149182,netem,30928670,23501,0,0,0,0,0,30751704,5228,0,29737768,5456,0
731,32939627395244,32939629288465,19987772,sA-eth3,up,32939629119544,netem,30929390,23511,0,0,0,0,0,30824764,5238,0,29738488,5466,0
732,32939647394936,32939649256487,19999692,sA-eth3,up,32939649088975,netem,30929978,23519,0,0,0,78,1,30890518,5247,0,29739154,5475,0
733,32939667395239,32939669474932,20000303,sA-eth3,up,32939669193228,netem,30930776,23530,0,0,0,0,0,30970884,5258,0,29739874,5485,0
734,32939687420561,32939689638655,20025322,sA-eth3,up,32939689445424,netem,31150996,23684,0,0,0,39442,4,31030190,5279,0,29963242,5511,0
735,32939707410253,32939709268074,19989692,sA-eth3,up,32939709090882,netem,31401468,23858,0,0,0,37928,4,31103976,5300,0,30192284,5536,0
736,32939727398486,32939729515048,19988233,sA-eth3,up,32939729251575,netem,31644496,24028,0,0,0,53146,6,31169074,5321,0,30440420,5564,0
737,32939747406157,32939749378209,20007671,sA-eth3,up,32939749196938,netem,31902400,24204,0,0,0,45592,5,31225484,5342,0,30673812,5588,0
738,32939767411450,32939769559244,20005293,sA-eth3,up,32939769294261,netem,32152968,24378,0,0,0,37994,5,31303680,5364,0,30914678,5615,0
739,32939787401472,32939789423575,19990022,sA-eth3,up,32939789239772,netem,32399040,24552,0,0,0,62140,5,31384838,5387,0,31151246,5645,0
740,32939807408834,32939809456357,20007362,sA-eth3,up,32939809269635,netem,32653856,24726,0,0,0,49962,3,31429532,5406,0,31396228,5670,0
741,32939827396146,32939829261926,19987312,sA-eth3,up,32939829083365,netem,32899810,24897,0,0,0,43984,4,31490418,5429,0,31632678,5697,0
742,32939847404099,32939849724724,20007953,sA-eth3,up,32939849544012,netem,33129690,25059,0,0,0,86,1,31578618,5449,0,31853582,5724,0
743,32939867404080,32939869462273,19999981,sA-eth3,up,32939869267942,netem,33130454,25069,0,0,0,164,2,31657536,5460,0,31854432,5734,0
744,32939887398223,32939889212813,19994143,sA-eth3,up,32939889038350,netem,33131218,25079,0,0,0,0,0,31723224,5468,0,31855110,5743,0
745,32939907397434,32939909230675,19999211,sA-eth3,up,32939909054283,netem,33132080,25090,0,0,0,66,1,31806618,5481,0,31856038,5755,0
746,32939927419637,32939929781424,20022203,sA-eth3,up,32939929599221,netem,33132344,25094,0,0,0,0,0,31819726,5483,0,31856236,5758,0
747,32939947407099,32939949427421,19987462,sA-eth3,up,32939949247009,netem,33132344,25094,0,0,0,0,0,31819726,5483,0,31856236,5758,0
748,32939967398671,32939969266992,19991572,sA-eth3,up,32939969072910,netem,33132344,25094,0,0,0,0,0,31819726,5483,0,31856236,5758,0
749,32939987400094,32939989248924,20001423,sA-eth3,up,32939989073322,netem,33132344,25094,0,0,0,0,0,31819726,5483,0,31856236,5758,0
750,32940007405996,32940009266196,20005902,sA-eth3,up,32940009083744,netem,33132344,25094,0,0,0,0,0,31819726,5483,0,31856236,5758,0
751,32940027413197,32940029324499,20007201,sA-eth3,up,32940029144337,netem,33132344,25094,0,0,0,0,0,31819726,5483,0,31856236,5758,0
752,32940047414020,32940049364012,20000823,sA-eth3,up,32940049168100,netem,33132344,25094,0,0,0,0,0,31819726,5483,0,31856236,5758,0
753,32940067409512,32940069306443,19995492,sA-eth3,up,32940069118830,netem,33132344,25094,0,0,0,0,0,31819726,5483,0,31856236,5758,0
754,32940087403964,32940089266595,19994452,sA-eth3,up,32940089086833,netem,33132344,25094,0,0,0,0,0,31819726,5483,0,31856236,5758,0
755,32940107410987,32940109373828,20007023,sA-eth3,up,32940109191266,netem,33132594,25097,0,0,0,0,0,31853450,5489,0,31856486,5761,0
756,32940127403818,32940129290800,19992831,sA-eth3,up,32940129110247,netem,33133058,25103,0,0,0,0,0,31885636,5495,0,31856950,5767,0
757,32940147409011,32940149771996,20005193,sA-eth3,up,32940149572005,netem,33133678,25111,0,0,0,0,0,31923878,5503,0,31857570,5775,0
758,32940167407933,32940169520726,19998922,sA-eth3,up,32940169317434,netem,33134356,25120,0,0,0,0,0,31978048,5512,0,31858248,5784,0
759,32940187414305,32940189545759,20006372,sA-eth3,up,32940189349377,netem,33134984,25128,0,0,0,0,0,32023464,5520,0,31858876,5792,0
760,32940207409117,32940209351219,19994812,sA-eth3,up,32940209168037,netem,33135482,25135,0,0,0,0,0,32064536,5528,0,31859374,5799,0
761,32940227412450,32940229354930,20003333,sA-eth3,up,32940229164899,netem,33135968,25142,0,0,0,66,1,32104160,5536,0,31859926,5807,0
762,32940247417352,32940249722448,20004902,sA-eth3,up,32940249534545,netem,33136544,25150,0,0,0,66,1,32151090,5545,0,31860502,5815,0
763,32940267411954,32940269354946,19994602,sA-eth3,up,32940269167664,netem,33137072,25158,0,0,0,66,1,32193610,5553,0,31860964,5822,0
764,32940287409357,32940290278898,19997403,sA-eth3,up,32940290073816,netem,33261784,25248,0,0,0,40956,4,32236394,5565,0,31980726,5837,0
765,32940307406738,32940309408290,19997381,sA-eth3,up,32940309174708,netem,33495306,25407,0,0,0,45498,4,32271938,5577,0,32219830,5861,0
766,32940327411300,32940329851568,20004562,sA-eth3,up,32940329663645,netem,33553450,25453,0,0,0,0,0,32314458,5585,0,32261106,5871,0
767,32940347421163,32940349518326,20009863,sA-eth3,up,32940349310434,netem,33625136,25508,0,0,0,22710,2,32357044,5594,0,32337326,5885,0
768,32940367416784,32940369528259,19995621,sA-eth3,up,32940369327616,netem,33837606,25655,0,0,0,0,0,32398050,5601,0,32534306,5907,0
769,32940387400377,32940389747963,19983593,sA-eth3,up,32940389512590,netem,33853046,25669,0,0,0,45498,4,32427406,5607,0,32563698,5913,0
770,32940407411359,32940409586623,20010982,sA-eth3,up,32940409396561,netem,34110886,25845,0,0,0,30280,2,32448008,5612,0,32797026,5937,0
771,32940427409391,32940429600926,19998032,sA-eth3,up,32940429352653,netem,34315354,25981,0,0,0,30280,2,32453998,5615,0,32993574,5953,0
772,32940447407984,32940449930661,19998593,sA-eth3,up,32940449704659,netem,34565632,26152,0,0,0,37928,4,32480590,5623,0,33248774,5979,0
773,32940467421485,32940469682800,20013501,sA-eth3,up,32940469498889,netem,34823504,26328,0,0,0,37850,3,32507908,5642,0,33482056,6002,0
774,32940487407988,32940489421900,19986503,sA-eth3,up,32940489243788,netem,35066184,26494,0,0,0,45498,4,32543848,5660,0,33715364,6026,0
775,32940507409769,32940509304181,20001781,sA-eth3,up,32940509126099,netem,35316634,26667,0,0,0,18760,3,32584528,5684,0,33956112,6052,0
776,32940527398022,32940529779929,19988253,sA-eth3,up,32940529593237,netem,35335880,26688,0,0,0,0,0,32624284,5694,0,33974632,6062,0
777,32940547416264,32940549483077,20018242,sA-eth3,up,32940549298765,netem,35336234,26693,0,0,0,78,1,32653574,5699,0,33974986,6067,0
778,32940567407956,32940569494189,19991692,sA-eth3,up,32940569304687,netem,35336752,26700,0,0,0,0,0,32691618,5705,0,33975504,6074,0
779,32940587409698,32940589407541,20001742,sA-eth3,up,32940589229979,netem,35337370,26709,0,0,0,0,0,32744340,5714,0,33976122,6083,0
780,32940607414041,32940609413523,20004343,sA-eth3,up,32940609237141,netem,35337736,26714,0,0,0,66,1,32785346,5721,0,33976554,6089,0
781,32940627409293,32940629333454,19995252,sA-eth3,up,32940629159352,netem,35338312,26722,0,0,0,0,0,32816150,5727,0,33977064,6096,0
782,32940647406785,32940649686300,19997492,sA-eth3,up,32940649466877,netem,35338570,26725,0,0,0,0,0,32825036,5730,0,33977322,6099,0
783,32940667406578,32940669703713,19999793,sA-eth3,up,32940669525591,netem,35338570,26725,0,0,0,0,0,32825036,5730,0,33977322,6099,0
784,32940687414199,32940689386691,20007621,sA-eth3,up,32940689218929,netem,35338570,26725,0,0,0,0,0,32825036,5730,0,33977322,6099,0
785,32940707409021,32940709243061,19994822,sA-eth3,up,32940709071059,netem,35338570,26725,0,0,0,0,0,32825036,5730,0,33977322,6099,0
786,32940727401633,32940729658169,19992612,sA-eth3,up,32940729480677,netem,35338570,26725,0,0,0,0,0,32825036,5730,0,33977322,6099,0
787,32940747402485,32940749857323,20000852,sA-eth3,up,32940749686941,netem,35338570,26725,0,0,0,0,0,32825036,5730,0,33977322,6099,0
788,32940767416738,32940769363270,20014253,sA-eth3,up,32940769182048,netem,35338570,26725,0,0,0,0,0,32825036,5730,0,33977322,6099,0
789,32940787411020,32940789440093,19994282,sA-eth3,up,32940789259931,netem,35338570,26725,0,0,0,0,0,32825036,5730,0,33977322,6099,0
790,32940807405643,32940809308464,19994623,sA-eth3,up,32940809096502,netem,35338570,26725,0,0,0,0,0,32825036,5730,0,33977322,6099,0
791,32940827421865,32940829270165,20016222,sA-eth3,up,32940829086803,netem,35338570,26725,0,0,0,0,0,32825036,5730,0,33977322,6099,0
792,32940847406256,32940849284068,19984391,sA-eth3,up,32940849112135,netem,35338570,26725,0,0,0,0,0,32825036,5730,0,33977322,6099,0
793,32940867409359,32940869282939,20003103,sA-eth3,up,32940869107188,netem,35338570,26725,0,0,0,0,0,32825036,5730,0,33977322,6099,0
794,32940887402141,32940889241792,19992782,sA-eth3,up,32940889068949,netem,35338570,26725,0,0,0,0,0,32825036,5730,0,33977322,6099,0
795,32940907410963,32940909274954,20008822,sA-eth3,up,32940909046272,netem,35338570,26725,0,0,0,0,0,32825036,5730,0,33977322,6099,0
796,32940927413965,32940929743251,20003002,sA-eth3,up,32940929564669,netem,35338570,26725,0,0,0,0,0,32825036,5730,0,33977322,6099,0
797,32940947404687,32940949408039,19990722,sA-eth3,up,32940949234908,netem,35338570,26725,0,0,0,0,0,32825036,5730,0,33977322,6099,0
798,32940967401180,32940969234000,19996493,sA-eth3,up,32940969058418,netem,35338570,26725,0,0,0,0,0,32825036,5730,0,33977322,6099,0
799,32940987401521,32940989202621,20000341,sA-eth3,up,32940989033689,netem,35338570,26725,0,0,0,0,0,32825036,5730,0,33977322,6099,0
800,32941007397314,32941009246154,19995793,sA-eth3,up,32941009068232,netem,35338570,26725,0,0,0,0,0,32825036,5730,0,33977322,6099,0
801,32941027406196,32941029270916,20008882,sA-eth3,up,32941029098685,netem,35338570,26725,0,0,0,0,0,32825036,5730,0,33977322,6099,0
802,32941047411158,32941049312979,20004962,sA-eth3,up,32941049134027,netem,35338570,26725,0,0,0,0,0,32825036,5730,0,33977322,6099,0
803,32941067400280,32941069168820,19989122,sA-eth3,up,32941068983759,netem,35338570,26725,0,0,0,0,0,32825036,5730,0,33977322,6099,0
804,32941087403163,32941089238293,20002883,sA-eth3,up,32941089061641,netem,35338570,26725,0,0,0,0,0,32825036,5730,0,33977322,6099,0
805,32941107404794,32941109232845,20001631,sA-eth3,up,32941109067173,netem,35338570,26725,0,0,0,0,0,32825036,5730,0,33977322,6099,0
806,32941127401237,32941129291658,19996443,sA-eth3,up,32941129121606,netem,35338570,26725,0,0,0,0,0,32825036,5730,0,33977322,6099,0
807,32941147399479,32941149151039,19998242,sA-eth3,up,32941148969967,netem,35338570,26725,0,0,0,0,0,32825036,5730,0,33977322,6099,0
808,32941167414451,32941169273972,20014972,sA-eth3,up,32941169101570,netem,35338570,26725,0,0,0,0,0,32825036,5730,0,33977322,6099,0
809,32941187411634,32941189232343,19997183,sA-eth3,up,32941189063681,netem,35338570,26725,0,0,0,0,0,32825036,5730,0,33977322,6099,0
810,32941207405216,32941209345357,19993582,sA-eth3,up,32941209171085,netem,35338570,26725,0,0,0,0,0,32825036,5730,0,33977322,6099,0
811,32941227410668,32941229160837,20005452,sA-eth3,up,32941228974465,netem,35338570,26725,0,0,0,0,0,32825036,5730,0,33977322,6099,0
812,32941247395510,32941249150150,19984842,sA-eth3,up,32941248965997,netem,35338570,26725,0,0,0,0,0,32825036,5730,0,33977322,6099,0
813,32941267397682,32941269720748,20002172,sA-eth3,up,32941269551396,netem,35338656,26726,0,0,0,0,0,32826550,5731,0,33977408,6100,0
814,32941287401834,32941289312556,20004152,sA-eth3,up,32941289139173,netem,35338656,26726,0,0,0,0,0,32826550,5731,0,33977408,6100,0
815,32941307395537,32941309264107,19993703,sA-eth3,up,32941309096965,netem,35338656,26726,0,0,0,0,0,32826550,5731,0,33977408,6100,0
816,32941327407829,32941329581413,20012292,sA-eth3,up,32941329394831,netem,35338656,26726,0,0,0,0,0,32826550,5731,0,33977408,6100,0
817,32941347409001,32941349248372,20001172,sA-eth3,up,32941349071550,netem,35338656,26726,0,0,0,0,0,32826550,5731,0,33977408,6100,0
818,32941367406393,32941370101543,19997392,sA-eth3,up,32941369903211,netem,35338656,26726,0,0,0,0,0,32826550,5731,0,33977408,6100,0
819,32941387400595,32941389324837,19994202,sA-eth3,up,32941389147724,netem,35338656,26726,0,0,0,0,0,32826550,5731,0,33977408,6100,0
820,32941407395057,32941409385859,19994462,sA-eth3,up,32941409216837,netem,35338656,26726,0,0,0,0,0,32826550,5731,0,33977408,6100,0
821,32941427402270,32941429427992,20007213,sA-eth3,up,32941429251280,netem,35338656,26726,0,0,0,0,0,32826550,5731,0,33977408,6100,0
822,32941447401922,32941449270842,19999652,sA-eth3,up,32941449098830,netem,35338656,26726,0,0,0,0,0,32826550,5731,0,33977408,6100,0
823,32941467395034,32941469287635,19993112,sA-eth3,up,32941469113383,netem,35338656,26726,0,0,0,0,0,32826550,5731,0,33977408,6100,0
824,32941487401486,32941489238017,20006452,sA-eth3,up,32941489071984,netem,35339120,26732,0,0,0,0,0,32845836,5738,0,33977872,6106,0
825,32941507396368,32941509242439,19994882,sA-eth3,up,32941509066847,netem,35339582,26739,0,0,0,0,0,32876706,5745,0,33978334,6113,0
826,32941527415221,32941529333272,20018853,sA-eth3,up,32941529153580,netem,35339960,26744,0,0,0,78,1,32894412,5750,0,33978712,6118,0
827,32941547393132,32941549248813,19977911,sA-eth3,up,32941549075261,netem,35340642,26753,0,0,0,0,0,32922518,5759,0,33979394,6127,0
828,32941567403594,32941569270945,20010462,sA-eth3,up,32941569104744,netem,35341104,26760,0,0,0,66,1,32954902,5767,0,33979922,6135,0
829,32941587405377,32941589223127,20001783,sA-eth3,up,32941589052365,netem,35341170,26761,0,0,0,0,0,32954902,5767,0,33979922,6135,0
830,32941607403539,32941609248030,19998162,sA-eth3,up,32941609074527,netem,35341326,26763,0,0,0,0,0,32962274,5769,0,33980078,6137,0
831,32941627407781,32941629408254,20004242,sA-eth3,up,32941629220341,netem,35341326,26763,0,0,0,0,0,32962274,5769,0,33980078,6137,0
832,32941647394413,32941649193554,19986632,sA-eth3,up,32941649027232,netem,35341326,26763,0,0,0,0,0,32962274,5769,0,33980078,6137,0
833,32941667397375,32941669291877,20002962,sA-eth3,up,32941669112564,netem,35341326,26763,0,0,0,0,0,32962274,5769,0,33980078,6137,0
834,32941687408838,32941689275518,20011463,sA-eth3,up,32941689106497,netem,35341326,26763,0,0,0,0,0,32962274,5769,0,33980078,6137,0
835,32941707410970,32941709304501,20002132,sA-eth3,up,32941709133939,netem,35341326,26763,0,0,0,0,0,32962274,5769,0,33980078,6137,0
836,32941727404212,32941729248022,19993242,sA-eth3,up,32941729074171,netem,35341326,26763,0,0,0,0,0,32962274,5769,0,33980078,6137,0
837,32941747404765,32941749234025,20000553,sA-eth3,up,32941749066062,netem,35341326,26763,0,0,0,0,0,32962274,5769,0,33980078,6137,0
838,32941767462987,32941769362078,20058222,sA-eth3,up,32941769189986,netem,35341326,26763,0,0,0,0,0,32962274,5769,0,33980078,6137,0
839,32941787413869,32941789281329,19950882,sA-eth3,up,32941789111297,netem,35341326,26763,0,0,0,0,0,32962274,5769,0,33980078,6137,0
840,32941807407540,32941809292172,19993671,sA-eth3,up,32941809120889,netem,35341326,26763,0,0,0,0,0,32962274,5769,0,33980078,6137,0
841,32941827406522,32941829248622,19998982,sA-eth3,up,32941829070611,netem,35341802,26769,0,0,0,0,0,32980046,5775,0,33980554,6143,0
842,32941847402724,32941849248205,19996202,sA-eth3,up,32941849075453,netem,35342156,26774,0,0,0,0,0,33006506,5781,0,33980908,6148,0
843,32941867410787,32941869342159,20008063,sA-eth3,up,32941869173266,netem,35342696,26782,0,0,0,0,0,33034480,5788,0,33981448,6156,0
844,32941887406589,32941889262909,19995802,sA-eth3,up,32941889093908,netem,35342984,26786,0,0,0,66,1,33056530,5793,0,33981736,6160,0
845,32941907401361,32941909221042,19994772,sA-eth3,up,32941909054370,netem,35343512,26794,0,0,0,0,0,33091810,5801,0,33982264,6168,0
846,32941927406133,32941929253364,20004772,sA-eth3,up,32941929075702,netem,35343800,26798,0,0,0,0,0,33105040,5804,0,33982552,6172,0
847,32941947414536,32941949337946,20008403,sA-eth3,up,32941949162925,netem,35344400,26806,0,0,0,66,1,33152036,5814,0,33983152,6180,0
848,32941967408867,32941969278629,19994331,sA-eth3,up,32941969106836,netem,35344996,26814,0,0,0,66,1,33187316,5822,0,33983814,6189,0
849,32941987403390,32941989223080,19994523,sA-eth3,up,32941989050659,netem,35345638,26823,0,0,0,78,1,33240038,5831,0,33984390,6197,0
850,32942007409253,32942009252323,20005863,sA-eth3,up,32942009075920,netem,35346190,26831,0,0,0,0,0,33276700,5838,0,33984942,6205,0
851,32942027420124,32942029323506,20010871,sA-eth3,up,32942029136173,netem,35346664,26838,0,0,0,66,1,33311914,5845,0,33985416,6213,0
852,32942047423637,32942049422569,20003513,sA-eth3,up,32942049221376,netem,35347150,26845,0,0,0,0,0,33351472,5852,0,33985902,6219,0
853,32942067404778,32942069225629,19981141,sA-eth3,up,32942069050997,netem,35347504,26850,0,0,0,0,0,33380762,5857,0,33986256,6224,0
854,32942087405661,32942089222860,20000883,sA-eth3,up,32942089049739,netem,35347936,26856,0,0,0,66,1,33415910,5863,0,33986754,6231,0
855,32942107406363,32942109296843,20000702,sA-eth3,up,32942109128481,netem,35348368,26862,0,0,0,78,1,33442370,5869,0,33987120,6236,0
856,32942127417005,32942129368897,20010642,sA-eth3,up,32942129181304,netem,35348812,26868,0,0,0,0,0,33471726,5875,0,33987564,6242,0
857,32942147419187,32942149277857,20002182,sA-eth3,up,32942149097395,netem,35348976,26870,0,0,0,0,0,33473240,5876,0,33987728,6244,0
858,32942167414009,32942169245519,19994822,sA-eth3,up,32942169069778,netem,35348976,26870,0,0,0,0,0,33473240,5876,0,33987728,6244,0
859,32942187408861,32942189289012,19994852,sA-eth3,up,32942189114231,netem,35348976,26870,0,0,0,0,0,33473240,5876,0,33987728,6244,0
860,32942207415984,32942209361335,20007123,sA-eth3,up,32942209174913,netem,35348976,26870,0,0,0,0,0,33473240,5876,0,33987728,6244,0
861,32942227411065,32942229833603,19995081,sA-eth3,up,32942229641210,netem,35348976,26870,0,0,0,0,0,33473240,5876,0,33987728,6244,0
862,32942247404628,32942249312758,19993563,sA-eth3,up,32942249124887,netem,35348976,26870,0,0,0,0,0,33473240,5876,0,33987728,6244,0
863,32942267406129,32942269359641,20001501,sA-eth3,up,32942269170849,netem,35348976,26870,0,0,0,0,0,33473240,5876,0,33987728,6244,0
864,32942287414112,32942289817239,20007983,sA-eth3,up,32942289636376,netem,35348976,26870,0,0,0,0,0,33473240,5876,0,33987728,6244,0
865,32942307402974,32942309748850,19988862,sA-eth3,up,32942309582178,netem,35348976,26870,0,0,0,0,0,33473240,5876,0,33987728,6244,0
866,32942327424166,32942329632361,20021192,sA-eth3,up,32942329427229,netem,35348976,26870,0,0,0,0,0,33473240,5876,0,33987728,6244,0
867,32942347403888,32942349544042,19979722,sA-eth3,up,32942349359051,netem,35348976,26870,0,0,0,86,1,33474754,5877,0,33987814,6245,0
868,32942367406551,32942369471594,20002663,sA-eth3,up,32942369281841,netem,35349576,26878,0,0,0,0,0,33507138,5885,0,33988328,6252,0
869,32942387438753,32942389881740,20032202,sA-eth3,up,32942389704988,netem,35349918,26883,0,0,0,0,0,33530570,5889,0,33988670,6257,0
870,32942407402015,32942409379227,19963262,sA-eth3,up,32942409211365,netem,35349918,26883,0,0,0,0,0,33530570,5889,0,33988670,6257,0
871,32942427409057,32942429426529,20007042,sA-eth3,up,32942429250237,netem,35349918,26883,0,0,0,0,0,33530570,5889,0,33988670,6257,0
872,32942447407929,32942449751365,19998872,sA-eth3,up,32942449572463,netem,35349918,26883,0,0,0,0,0,33530570,5889,0,33988670,6257,0
873,32942467415542,32942469340492,20007613,sA-eth3,up,32942469165681,netem,35349918,26883,0,0,0,0,0,33530570,5889,0,33988670,6257,0
874,32942487401733,32942489220123,19986191,sA-eth3,up,32942489051702,netem,35349918,26883,0,0,0,0,0,33530570,5889,0,33988670,6257,0
875,32942507411106,32942509264736,20009373,sA-eth3,up,32942509074964,netem,35349918,26883,0,0,0,0,0,33530570,5889,0,33988670,6257,0
876,32942527407757,32942529769744,19996651,sA-eth3,up,32942529592132,netem,35349918,26883,0,0,0,0,0,33530570,5889,0,33988670,6257,0
877,32942547412220,32942549503053,20004463,sA-eth3,up,32942549312741,netem,35349918,26883,0,0,0,0,0,33530570,5889,0,33988670,6257,0
878,32942567413292,32942569728128,20001072,sA-eth3,up,32942569537856,netem,35349918,26883,0,0,0,0,0,33530570,5889,0,33988670,6257,0
879,32942587404624,32942589573968,19991332,sA-eth3,up,32942589385416,netem,35349918,26883,0,0,0,0,0,33530570,5889,0,33988670,6257,0
880,32942607398796,32942609555689,19994172,sA-eth3,up,32942609365927,netem,35349984,26884,0,0,0,132,2,33538008,5892,0,33988802,6259,0
881,32942627406958,32942629528952,20008162,sA-eth3,up,32942629342869,netem,35350506,26891,0,0,0,0,0,33552884,5898,0,33989258,6265,0
882,32942647402700,32942649625815,19995742,sA-eth3,up,32942649441733,netem,35350926,26897,0,0,0,66,1,33588098,5905,0,33989744,6272,0
883,32942667400923,32942669400945,19998223,sA-eth3,up,32942669232863,netem,35351268,26902,0,0,0,0,0,33607186,5909,0,33990020,6276,0
884,32942687401685,32942689431837,20000762,sA-eth3,up,32942689260406,netem,35351732,26908,0,0,0,66,1,33632264,5916,0,33990484,6282,0
885,32942707410427,32942709731503,20008742,sA-eth3,up,32942709561771,netem,35352332,26916,0,0,0,0,0,33679128,5924,0,33991084,6290,0
886,32942727406089,32942729569333,19995662,sA-eth3,up,32942729387761,netem,35352792,26922,0,0,0,86,1,33714342,5931,0,33991544,6296,0
887,32942747410351,32942749558586,20004262,sA-eth3,up,32942749374023,netem,35353556,26932,0,0,0,0,0,33755480,5940,0,33992308,6306,0
888,32942767402204,32942769492727,19991853,sA-eth3,up,32942769299904,netem,35354120,26940,0,0,0,78,1,33803792,5948,0,33992872,6314,0
889,32942787409516,32942789491859,20007312,sA-eth3,up,32942789306907,netem,35354646,26947,0,0,0,78,1,33839006,5955,0,33993476,6322,0
890,32942807401598,32942809258528,19992082,sA-eth3,up,32942809086597,netem,35355102,26953,0,0,0,0,0,33874154,5961,0,33993854,6327,0
891,32942827399830,32942829211590,19998232,sA-eth3,up,32942829048648,netem,35355588,26960,0,0,0,0,0,33915160,5968,0,33994340,6334,0
892,32942847403022,32942849266723,20003192,sA-eth3,up,32942849102801,netem,35356008,26966,0,0,0,66,1,33951822,5975,0,33994760,6340,0
893,32942867393394,32942869711510,19990372,sA-eth3,up,32942869542869,netem,35356074,26967,0,0,0,0,0,33975254,5979,0,33994826,6341,0
894,32942887400397,32942889590920,20007003,sA-eth3,up,32942889401659,netem,35356452,26972,0,0,0,0,0,34011916,5986,0,33995204,6346,0
895,32942907400699,32942909573613,20000302,sA-eth3,up,32942909391210,netem,35356452,26972,0,0,0,0,0,34047064,5992,0,33995204,6346,0
896,32942927394341,32942929259181,19993642,sA-eth3,up,32942929095970,netem,35356848,26978,0,0,0,78,1,34083726,5999,0,33995600,6352,0
897,32942947407943,32942949300534,20013602,sA-eth3,up,32942949120581,netem,35357082,26981,0,0,0,0,0,34095442,6001,0,33995834,6355,0
898,32942967407415,32942969292166,19999472,sA-eth3,up,32942969118804,netem,35357082,26981,0,0,0,0,0,34095442,6001,0,33995834,6355,0
899,32942987403767,32942989248258,19996352,sA-eth3,up,32942989081476,netem,35357082,26981,0,0,0,0,0,34095442,6001,0,33995834,6355,0
900,32943007406539,32943009206690,20002772,sA-eth3,up,32943009040318,netem,35357082,26981,0,0,0,0,0,34095442,6001,0,33995834,6355,0
901,32943027393702,32943029253012,19987163,sA-eth3,up,32943029082171,netem,35357082,26981,0,0,0,0,0,34095442,6001,0,33995834,6355,0
902,32943047392354,32943050088383,19998652,sA-eth3,up,32943049780950,netem,35357082,26981,0,0,0,0,0,34095442,6001,0,33995834,6355,0
903,32943067411446,32943069743922,20019092,sA-eth3,up,32943069565800,netem,35357082,26981,0,0,0,0,0,34095442,6001,0,33995834,6355,0
904,32943087408318,32943089244058,19996872,sA-eth3,up,32943089065277,netem,35357082,26981,0,0,0,0,0,34095442,6001,0,33995834,6355,0
905,32943107406191,32943109265951,19997873,sA-eth3,up,32943109090799,netem,35357082,26981,0,0,0,0,0,34095442,6001,0,33995834,6355,0
906,32943127411322,32943129308424,20005131,sA-eth3,up,32943129136482,netem,35357082,26981,0,0,0,0,0,34095442,6001,0,33995834,6355,0
907,32943147413285,32943149316466,20001963,sA-eth3,up,32943149135674,netem,35357082,26981,0,0,0,0,0,34095442,6001,0,33995834,6355,0
908,32943167398076,32943169622881,19984791,sA-eth3,up,32943169456060,netem,35357082,26981,0,0,0,0,0,34095442,6001,0,33995834,6355,0
909,32943187400079,32943189226359,20002003,sA-eth3,up,32943189058887,netem,35357082,26981,0,0,0,0,0,34095442,6001,0,33995834,6355,0
910,32943207408622,32943209321082,20008543,sA-eth3,up,32943209155461,netem,35357082,26981,0,0,0,0,0,34095442,6001,0,33995834,6355,0
911,32943227405373,32943229280644,19996751,sA-eth3,up,32943229100292,netem,35357082,26981,0,0,0,0,0,34095442,6001,0,33995834,6355,0
912,32943247398775,32943249204286,19993402,sA-eth3,up,32943249032603,netem,35357082,26981,0,0,0,0,0,34095442,6001,0,33995834,6355,0
913,32943267406737,32943269750874,20007962,sA-eth3,up,32943269583482,netem,35357082,26981,0,0,0,0,0,34095442,6001,0,33995834,6355,0
914,32943287404579,32943289286651,19997842,sA-eth3,up,32943289117119,netem,35357082,26981,0,0,0,0,0,34095442,6001,0,33995834,6355,0
915,32943307401302,32943309277563,19996723,sA-eth3,up,32943309108041,netem,35357082,26981,0,0,0,0,0,34095442,6001,0,33995834,6355,0
916,32943327391764,32943330319576,19990462,sA-eth3,up,32943330151184,netem,35357082,26981,0,0,0,0,0,34095442,6001,0,33995834,6355,0
917,32943347394046,32943349290328,20002282,sA-eth3,up,32943349125796,netem,35357082,26981,0,0,0,0,0,34095442,6001,0,33995834,6355,0
918,32943367406709,32943369297239,20012663,sA-eth3,up,32943369118717,netem,35357082,26981,0,0,0,0,0,34095442,6001,0,33995834,6355,0
919,32943387404640,32943389315232,19997931,sA-eth3,up,32943389137220,netem,35508572,27082,0,0,0,42392,3,34095970,6009,0,34141384,6366,0
920,32943407408103,32943409236433,20003463,sA-eth3,up,32943409064050,netem,35758382,27247,0,0,0,37850,3,34096696,6020,0,34381558,6385,0
921,32943427401865,32943429199585,19993762,sA-eth3,up,32943429038343,netem,36015762,27417,0,0,0,36336,3,34097818,6037,0,34628906,6403,0
922,32943447404877,32943449725943,20003012,sA-eth3,up,32943449557341,netem,36258002,27577,0,0,0,45420,3,34098742,6051,0,34876386,6423,0
923,32943467413470,32943469409712,20008593,sA-eth3,up,32943469234269,netem,36516896,27748,0,0,0,37850,3,34099534,6063,0,35110636,6440,0
924,32943487400511,32943489207462,19987041,sA-eth3,up,32943489044930,netem,36765192,27912,0,0,0,30280,2,34100458,6077,0,35349296,6458,0
925,32943507405394,32943509210283,20004883,sA-eth3,up,32943509043262,netem,37007432,28072,0,0,0,45420,3,34101514,6093,0,35582098,6475,0
926,32943527404206,32943529221266,19998812,sA-eth3,up,32943529049954,netem,37257242,28237,0,0,0,37850,3,34102504,6108,0,35822206,6493,0
927,32943547411238,32943549477342,20007032,sA-eth3,up,32943549286989,netem,37514622,28407,0,0,0,35336,3,34103494,6123,0,36069620,6512,0
928,32943567403510,32943569269740,19992272,sA-eth3,up,32943569103389,netem,37550036,28432,0,0,0,78,1,34108168,6128,0,36103648,6516,0
929,32943587400832,32943589714608,19997322,sA-eth3,up,32943589537056,netem,37550740,28442,0,0,0,0,0,34137722,6137,0,36104352,6526,0
930,32943607403604,32943609532708,20002772,sA-eth3,up,32943609352286,netem,37551370,28451,0,0,0,0,0,34181888,6148,0,36104982,6535,0
931,32943627402817,32943629704272,19999213,sA-eth3,up,32943629522750,netem,37551898,28459,0,0,0,0,0,34230266,6157,0,36105510,6543,0
932,32943647399198,32943649351720,19996381,sA-eth3,up,32943649180389,netem,37552252,28464,0,0,0,0,0,34253698,6161,0,36105864,6548,0
933,32943667396161,32943669243332,19996963,sA-eth3,up,32943669074480,netem,37552252,28464,0,0,0,0,0,34253698,6161,0,36105864,6548,0
934,32943687405983,32943689419285,20009822,sA-eth3,up,32943689246534,netem,37552252,28464,0,0,0,0,0,34253698,6161,0,36105864,6548,0
935,32943707410525,32943709292556,20004542,sA-eth3,up,32943709118064,netem,37552252,28464,0,0,0,0,0,34253698,6161,0,36105864,6548,0
936,32943727403147,32943729283679,19992622,sA-eth3,up,32943729108177,netem,37552252,28464,0,0,0,0,0,34253698,6161,0,36105864,6548,0
937,32943747402740,32943749272390,19999593,sA-eth3,up,32943749097618,netem,37552252,28464,0,0,0,0,0,34253698,6161,0,36105864,6548,0
938,32943767396162,32943769246433,19993422,sA-eth3,up,32943769057430,netem,37552252,28464,0,0,0,0,0,34253698,6161,0,36105864,6548,0
939,32943787407764,32943789310064,20011602,sA-eth3,up,32943789138124,netem,37552252,28464,0,0,0,0,0,34253698,6161,0,36105864,6548,0
940,32943807396126,32943809324767,19988362,sA-eth3,up,32943809121685,netem,37552252,28464,0,0,0,0,0,34253698,6161,0,36105864,6548,0
941,32943827401788,32943829390730,20005662,sA-eth3,up,32943829213578,netem,37552252,28464,0,0,0,0,0,34253698,6161,0,36105864,6548,0
942,32943847403381,32943849290001,20001593,sA-eth3,up,32943849114840,netem,37552252,28464,0,0,0,0,0,34253698,6161,0,36105864,6548,0
943,32943867404132,32943869319024,20000751,sA-eth3,up,32943869145572,netem,37552252,28464,0,0,0,0,0,34253698,6161,0,36105864,6548,0
944,32943887412245,32943889419637,20008113,sA-eth3,up,32943889246625,netem,37552252,28464,0,0,0,0,0,34253698,6161,0,36105864,6548,0
945,32943907399936,32943909230507,19987691,sA-eth3,up,32943909066835,netem,37552252,28464,0,0,0,0,0,34253698,6161,0,36105864,6548,0
946,32943927397519,32943929341001,19997583,sA-eth3,up,32943929163498,netem,37552252,28464,0,0,0,0,0,34253698,6161,0,36105864,6548,0
947,32943947402442,32943949799837,20004923,sA-eth3,up,32943949625126,netem,37552252,28464,0,0,0,0,0,34253698,6161,0,36105864,6548,0
948,32943967398583,32943969277244,19996141,sA-eth3,up,32943969106802,netem,37552252,28464,0,0,0,0,0,34253698,6161,0,36105864,6548,0
949,32943987401385,32943989271247,20002802,sA-eth3,up,32943989092114,netem,37552252,28464,0,0,0,0,0,34253698,6161,0,36105864,6548,0
950,32944007398148,32944009225748,19996763,sA-eth3,up,32944009045505,netem,37552252,28464,0,0,0,0,0,34253698,6161,0,36105864,6548,0
951,32944027401050,32944029835826,20002902,sA-eth3,up,32944029666445,netem,37552252,28464,0,0,0,0,0,34253698,6161,0,36105864,6548,0
952,32944047406682,32944050270384,20005632,sA-eth3,up,32944050098382,netem,37552252,28464,0,0,0,0,0,34253698,6161,0,36105864,6548,0
953,32944067399073,32944069596568,19992391,sA-eth3,up,32944069404647,netem,37552252,28464,0,0,0,0,0,34253698,6161,0,36105864,6548,0
954,32944087399556,32944089732392,20000483,sA-eth3,up,32944089556550,netem,37552252,28464,0,0,0,0,0,34253698,6161,0,36105864,6548,0
955,32944107400608,32944109403821,20001052,sA-eth3,up,32944109228089,netem,37552252,28464,0,0,0,0,0,34253698,6161,0,36105864,6548,0
956,32944127402350,32944129289622,20001742,sA-eth3,up,32944129119799,netem,37552252,28464,0,0,0,0,0,34253698,6161,0,36105864,6548,0
957,32944147394543,32944149327274,19992193,sA-eth3,up,32944149144572,netem,37552252,28464,0,0,0,0,0,34253698,6161,0,36105864,6548,0
958,32944167394585,32944169486018,20000042,sA-eth3,up,32944169219145,netem,37552252,28464,0,0,0,0,0,34253698,6161,0,36105864,6548,0
959,32944187405497,32944189810394,20010912,sA-eth3,up,32944189638961,netem,37552252,28464,0,0,0,0,0,34253698,6161,0,36105864,6548,0
960,32944207415370,32944209373431,20009873,sA-eth3,up,32944209195529,netem,37552252,28464,0,0,0,0,0,34253698,6161,0,36105864,6548,0
961,32944227395731,32944229680076,19980361,sA-eth3,up,32944229442053,netem,37552252,28464,0,0,0,0,0,34253698,6161,0,36105864,6548,0
962,32944247398983,32944249725879,20003252,sA-eth3,up,32944249558866,netem,37552252,28464,0,0,0,0,0,34253698,6161,0,36105864,6548,0
963,32944267405785,32944269264066,20006802,sA-eth3,up,32944269087544,netem,37552252,28464,0,0,0,0,0,34253698,6161,0,36105864,6548,0
964,32944287396418,32944289544732,19990633,sA-eth3,up,32944289357649,netem,37552674,28469,0,0,0,78,1,34272984,6168,0,36106286,6553,0
965,32944307412280,32944309323210,20015862,sA-eth3,up,32944309143579,netem,37553370,28479,0,0,0,0,0,34317018,6177,0,36106982,6563,0
966,32944327409241,32944329284103,19996961,sA-eth3,up,32944329076140,netem,37554036,28488,0,0,0,0,0,34365396,6186,0,36107648,6572,0
967,32944347402104,32944349220034,19992863,sA-eth3,up,32944349050353,netem,37554588,28496,0,0,0,66,1,34431150,6195,0,36108200,6580,0
968,32944367408827,32944369273557,20006723,sA-eth3,up,32944369097634,netem,37555242,28505,0,0,0,0,0,34475052,6202,0,36108854,6589,0
969,32944387413918,32944389316600,20005091,sA-eth3,up,32944389136868,netem,37555242,28505,0,0,0,0,0,34475052,6202,0,36108854,6589,0
970,32944407411220,32944409260701,19997302,sA-eth3,up,32944409087849,netem,37555242,28505,0,0,0,0,0,34475052,6202,0,36108854,6589,0
971,32944427417242,32944429824069,20006022,sA-eth3,up,32944429637357,netem,37555242,28505,0,0,0,0,0,34475052,6202,0,36108854,6589,0
972,32944447400765,32944449662110,19983523,sA-eth3,up,32944449483627,netem,37555242,28505,0,0,0,0,0,34475052,6202,0,36108854,6589,0
973,32944467408836,32944469759303,20008071,sA-eth3,up,32944469585830,netem,37555242,28505,0,0,0,0,0,34475052,6202,0,36108854,6589,0
974,32944487404019,32944489238869,19995183,sA-eth3,up,32944489071507,netem,37555242,28505,0,0,0,0,0,34475052,6202,0,36108854,6589,0
975,32944507399511,32944509682066,19995492,sA-eth3,up,32944509513634,netem,37555242,28505,0,0,0,0,0,34475052,6202,0,36108854,6589,0
976,32944527403123,32944529682208,20003612,sA-eth3,up,32944529515487,netem,37555242,28505,0,0,0,0,0,34475052,6202,0,36108854,6589,0
977,32944547407194,32944549321276,20004071,sA-eth3,up,32944549154365,netem,37555242,28505,0,0,0,0,0,34475052,6202,0,36108854,6589,0
978,32944567405308,32944569341279,19998114,sA-eth3,up,32944569165628,netem,37555242,28505,0,0,0,0,0,34475052,6202,0,36108854,6589,0
979,32944587399799,32944589180329,19994491,sA-eth3,up,32944588995607,netem,37555242,28505,0,0,0,0,0,34475052,6202,0,36108854,6589,0
980,32944607402441,32944609279312,20002642,sA-eth3,up,32944609108710,netem,37555242,28505,0,0,0,0,0,34475052,6202,0,36108854,6589,0
981,32944627415903,32944629763610,20013462,sA-eth3,up,32944629582758,netem,37555242,28505,0,0,0,0,0,34475052,6202,0,36108854,6589,0
982,32944647402636,32944649502589,19986733,sA-eth3,up,32944649319678,netem,37555242,28505,0,0,0,0,0,34475052,6202,0,36108854,6589,0
983,32944667400627,32944669205108,19997991,sA-eth3,up,32944669040486,netem,37555242,28505,0,0,0,0,0,34475052,6202,0,36108854,6589,0
984,32944687406990,32944689218261,20006363,sA-eth3,up,32944689052749,netem,37555242,28505,0,0,0,0,0,34475052,6202,0,36108854,6589,0
985,32944707400963,32944709233203,19993973,sA-eth3,up,32944709067311,netem,37555242,28505,0,0,0,0,0,34475052,6202,0,36108854,6589,0
986,32944727412414,32944729314246,20011451,sA-eth3,up,32944729139113,netem,37555242,28505,0,0,0,0,0,34475052,6202,0,36108854,6589,0
987,32944747401137,32944749243178,19988723,sA-eth3,up,32944749072466,netem,37555242,28505,0,0,0,0,0,34475052,6202,0,36108854,6589,0
988,32944767399409,32944769707404,19998272,sA-eth3,up,32944769541373,netem,37555242,28505,0,0,0,0,0,34475052,6202,0,36108854,6589,0
989,32944787407961,32944789704846,20008552,sA-eth3,up,32944789523085,netem,37555242,28505,0,0,0,0,0,34475052,6202,0,36108854,6589,0
990,32944807402043,32944809617718,19994082,sA-eth3,up,32944809439925,netem,37555242,28505,0,0,0,0,0,34475052,6202,0,36108854,6589,0
991,32944827407496,32944829247916,20005453,sA-eth3,up,32944829077324,netem,37555242,28505,0,0,0,0,0,34475052,6202,0,36108854,6589,0
992,32944847401137,32944849558091,19993641,sA-eth3,up,32944849377039,netem,37555242,28505,0,0,0,0,0,34475052,6202,0,36108854,6589,0
993,32944867396970,32944869708405,19995833,sA-eth3,up,32944869542954,netem,37555242,28505,0,0,0,0,0,34475052,6202,0,36108854,6589,0
994,32944887409133,32944889573136,20012163,sA-eth3,up,32944889395705,netem,37555242,28505,0,0,0,0,0,34475052,6202,0,36108854,6589,0
995,32944907415074,32944909710019,20005941,sA-eth3,up,32944909532958,netem,37555242,28505,0,0,0,0,0,34475052,6202,0,36108854,6589,0
996,32944927407647,32944929303667,19992573,sA-eth3,up,32944929115966,netem,37555242,28505,0,0,0,0,0,34475052,6202,0,36108854,6589,0
997,32944947411178,32944949670213,20003531,sA-eth3,up,32944949490052,netem,37555242,28505,0,0,0,0,0,34475052,6202,0,36108854,6589,0
998,32944967411591,32944969308611,20000413,sA-eth3,up,32944969128680,netem,37555242,28505,0,0,0,0,0,34475052,6202,0,36108854,6589,0
999,32944987400333,32944989274403,19988742,sA-eth3,up,32944989101882,netem,37555242,28505,0,0,0,0,0,34475052,6202,0,36108854,6589,0
1000,32945007393204,32945009204225,19992871,sA-eth3,up,32945009034413,netem,37555620,28510,0,0,0,66,1,34497168,6208,0,36109232,6594,0
1001,32945027402227,32945029350129,20009023,sA-eth3,up,32945029090346,netem,37556490,28521,0,0,0,78,1,34552984,6221,0,36110180,6606,0
1002,32945047404330,32945049804275,20002103,sA-eth3,up,32945049603433,netem,37557234,28531,0,0,0,78,1,34640590,6231,0,36110924,6616,0
1003,32945067399311,32945069342033,19994981,sA-eth3,up,32945069148610,netem,37558022,28541,0,0,0,0,0,34688902,6239,0,36111634,6625,0
1004,32945087395584,32945089232524,19996273,sA-eth3,up,32945089057802,netem,37558564,28548,0,0,0,78,1,34718324,6246,0,36112176,6632,0
1005,32945107401585,32945109628430,20006001,sA-eth3,up,32945109454279,netem,37559098,28555,0,0,0,0,0,34752024,6252,0,36112710,6639,0
1006,32945127401998,32945129294109,20000413,sA-eth3,up,32945129118567,netem,37559598,28561,0,0,0,0,0,34784408,6260,0,36113210,6645,0
1007,32945147403160,32945149316301,20001162,sA-eth3,up,32945149139250,netem,37560072,28568,0,0,0,0,0,34812382,6267,0,36113684,6652,0
1008,32945167393092,32945169750739,19989932,sA-eth3,up,32945169576876,netem,37560504,28574,0,0,0,0,0,34834432,6272,0,36114116,6658,0
1009,32945187398524,32945189221254,20005432,sA-eth3,up,32945189054492,netem,37560924,28580,0,0,0,66,1,34860892,6278,0,36114536,6664,0
1010,32945207401176,32945209579830,20002652,sA-eth3,up,32945209391898,netem,37561290,28585,0,0,0,66,1,34887352,6284,0,36114968,6670,0
1011,32945227413379,32945229404641,20012203,sA-eth3,up,32945229217088,netem,37561818,28593,0,0,0,0,0,34918222,6291,0,36115430,6677,0
1012,32945247406891,32945249252561,19993512,sA-eth3,up,32945249073499,netem,37562094,28597,0,0,0,0,0,34931452,6294,0,36115706,6681,0
1013,32945267393042,32945269177312,19986151,sA-eth3,up,32945268992711,netem,37562094,28597,0,0,0,0,0,34931452,6294,0,36115706,6681,0
1014,32945287398335,32945289301495,20005293,sA-eth3,up,32945289128994,netem,37562094,28597,0,0,0,0,0,34931452,6294,0,36115706,6681,0
1015,32945307403207,32945309386179,20004872,sA-eth3,up,32945309199827,netem,37562094,28597,0,0,0,0,0,34931452,6294,0,36115706,6681,0
1016,32945327399369,32945329264080,19996162,sA-eth3,up,32945329090148,netem,37562094,28597,0,0,0,0,0,34931452,6294,0,36115706,6681,0
1017,32945347395921,32945349192671,19996552,sA-eth3,up,32945349025239,netem,37562094,28597,0,0,0,0,0,34931452,6294,0,36115706,6681,0
1018,32945367399223,32945369219524,20003302,sA-eth3,up,32945369053772,netem,37562094,28597,0,0,0,0,0,34931452,6294,0,36115706,6681,0
1019,32945387416396,32945389332887,20017173,sA-eth3,up,32945389144535,netem,37562094,28597,0,0,0,0,0,34931452,6294,0,36115706,6681,0
1020,32945407400998,32945409374810,19984602,sA-eth3,up,32945409181758,netem,37562094,28597,0,0,0,0,0,34931452,6294,0,36115706,6681,0
1021,32945427400160,32945429222821,19999162,sA-eth3,up,32945429049688,netem,37562094,28597,0,0,0,0,0,34931452,6294,0,36115706,6681,0
1022,32945447412092,32945449345814,20011932,sA-eth3,up,32945449173122,netem,37562094,28597,0,0,0,0,0,34931452,6294,0,36115706,6681,0
1023,32945467405704,32945469732660,19993612,sA-eth3,up,32945469562108,netem,37562094,28597,0,0,0,0,0,34931452,6294,0,36115706,6681,0
1024,32945487407766,32945489311408,20002062,sA-eth3,up,32945489136706,netem,37562094,28597,0,0,0,0,0,34931452,6294,0,36115706,6681,0
1025,32945507403319,32945509580043,19995553,sA-eth3,up,32945509400261,netem,37562094,28597,0,0,0,0,0,34931452,6294,0,36115706,6681,0
1026,32945527407601,32945529240232,20004282,sA-eth3,up,32945529072799,netem,37562094,28597,0,0,0,0,0,34931452,6294,0,36115706,6681,0
1027,32945547414163,32945549325095,20006562,sA-eth3,up,32945549152403,netem,37562094,28597,0,0,0,0,0,34931452,6294,0,36115706,6681,0
1028,32945567412895,32945569351126,19998732,sA-eth3,up,32945569179884,netem,37562094,28597,0,0,0,0,0,34931452,6294,0,36115706,6681,0
1029,32945587403347,32945589226687,19990452,sA-eth3,up,32945589050416,netem,37562094,28597,0,0,0,0,0,34931452,6294,0,36115706,6681,0
1030,32945607411910,32945609277770,20008563,sA-eth3,up,32945609107959,netem,37562094,28597,0,0,0,0,0,34931452,6294,0,36115706,6681,0
1031,32945627407711,32945629322333,19995801,sA-eth3,up,32945629144550,netem,37562094,28597,0,0,0,0,0,34931452,6294,0,36115706,6681,0
1032,32945647412394,32945649357566,20004683,sA-eth3,up,32945649186873,netem,37562094,28597,0,0,0,0,0,34931452,6294,0,36115706,6681,0
1033,32945667405436,32945669278436,19993042,sA-eth3,up,32945669106064,netem,37562094,28597,0,0,0,0,0,34931452,6294,0,36115706,6681,0
1034,32945687401568,32945689279799,19996132,sA-eth3,up,32945689111737,netem,37562094,28597,0,0,0,0,0,34931452,6294,0,36115706,6681,0
1035,32945707416081,32945709843287,20014513,sA-eth3,up,32945709653745,netem,37562094,28597,0,0,0,0,0,34931452,6294,0,36115706,6681,0
1036,32945727403982,32945729508346,19987901,sA-eth3,up,32945729320724,netem,37562094,28597,0,0,0,0,0,34931452,6294,0,36115706,6681,0
1037,32945747403864,32945749234914,19999882,sA-eth3,up,32945749066523,netem,37562094,28597,0,0,0,0,0,34931452,6294,0,36115706,6681,0
1038,32945767402457,32945769277357,19998593,sA-eth3,up,32945769106285,netem,37562094,28597,0,0,0,0,0,34931452,6294,0,36115706,6681,0
1039,32945787408559,32945789246169,20006102,sA-eth3,up,32945789073687,netem,37562094,28597,0,0,0,0,0,34931452,6294,0,36115706,6681,0
1040,32945807418631,32945809298722,20010072,sA-eth3,up,32945809128900,netem,37562094,28597,0,0,0,0,0,34931452,6294,0,36115706,6681,0
1041,32945827441954,32945829633657,20023323,sA-eth3,up,32945829366185,netem,37562094,28597,0,0,0,0,0,34931452,6294,0,36115706,6681,0
1042,32945847413295,32945849401437,19971341,sA-eth3,up,32945849160215,netem,37562094,28597,0,0,0,0,0,34931452,6294,0,36115706,6681,0
1043,32945867421088,32945869901375,20007793,sA-eth3,up,32945869682413,netem,37562094,28597,0,0,0,0,0,34931452,6294,0,36115706,6681,0
1044,32945887421169,32945889611114,20000081,sA-eth3,up,32945889361051,netem,37562094,28597,0,0,0,0,0,34931452,6294,0,36115706,6681,0
1045,32945907434102,32945909537435,20012933,sA-eth3,up,32945909285042,netem,37562094,28597,0,0,0,0,0,34931452,6294,0,36115706,6681,0
1046,32945927416914,32945929427125,19982812,sA-eth3,up,32945929122082,netem,37562094,28597,0,0,0,0,0,34931452,6294,0,36115706,6681,0
1047,32945947421476,32945949813483,20004562,sA-eth3,up,32945949579630,netem,37562094,28597,0,0,0,0,0,34931452,6294,0,36115706,6681,0
1048,32945967428759,32945969403559,20007283,sA-eth3,up,32945969174448,netem,37562094,28597,0,0,0,0,0,34931452,6294,0,36115706,6681,0
1049,32945987428370,32945989764275,19999611,sA-eth3,up,32945989528844,netem,37562094,28597,0,0,0,0,0,34931452,6294,0,36115706,6681,0
1050,32946007417742,32946009406225,19989372,sA-eth3,up,32946009163532,netem,37562094,28597,0,0,0,0,0,34931452,6294,0,36115706,6681,0
1051,32946027410214,32946029338115,19992472,sA-eth3,up,32946029100443,netem,37562094,28597,0,0,0,0,0,34931452,6294,0,36115706,6681,0
1052,32946047404226,32946049732872,19994012,sA-eth3,up,32946049546250,netem,37562094,28597,0,0,0,0,0,34931452,6294,0,36115706,6681,0
1053,32946067416548,32946069322570,20012322,sA-eth3,up,32946069144277,netem,37562094,28597,0,0,0,0,0,34931452,6294,0,36115706,6681,0
1054,32946087404661,32946089321442,19988113,sA-eth3,up,32946089155400,netem,37562094,28597,0,0,0,0,0,34931452,6294,0,36115706,6681,0
1055,32946107412983,32946109257223,20008322,sA-eth3,up,32946109083071,netem,37562094,28597,0,0,0,0,0,34931452,6294,0,36115706,6681,0
1056,32946127405075,32946129293545,19992092,sA-eth3,up,32946129099263,netem,37562094,28597,0,0,0,0,0,34931452,6294,0,36115706,6681,0
1057,32946147411607,32946149309578,20006532,sA-eth3,up,32946149133697,netem,37562094,28597,0,0,0,0,0,34931452,6294,0,36115706,6681,0
1058,32946167414899,32946169266760,20003292,sA-eth3,up,32946169095838,netem,37562094,28597,0,0,0,0,0,34931452,6294,0,36115706,6681,0
1059,32946187400821,32946189867649,19985922,sA-eth3,up,32946189694667,netem,37562094,28597,0,0,0,0,0,34931452,6294,0,36115706,6681,0
1060,32946207405564,32946209459986,20004743,sA-eth3,up,32946209249874,netem,37562094,28597,0,0,0,0,0,34931452,6294,0,36115706,6681,0
1061,32946227407825,32946229429688,20002261,sA-eth3,up,32946229254555,netem,37562094,28597,0,0,0,0,0,34931452,6294,0,36115706,6681,0
1062,32946247428028,32946249440150,20020203,sA-eth3,up,32946249219708,netem,37562094,28597,0,0,0,0,0,34931452,6294,0,36115706,6681,0
1063,32946267412020,32946269328361,19983992,sA-eth3,up,32946269141879,netem,37562094,28597,0,0,0,0,0,34931452,6294,0,36115706,6681,0
1064,32946287404592,32946289788058,19992572,sA-eth3,up,32946289616636,netem,37562094,28597,0,0,0,0,0,34931452,6294,0,36115706,6681,0
1065,32946307417214,32946309343425,20012622,sA-eth3,up,32946309167203,netem,37562094,28597,0,0,0,0,0,34931452,6294,0,36115706,6681,0
1066,32946327406466,32946329349288,19989252,sA-eth3,up,32946329171386,netem,37562094,28597,0,0,0,0,0,34931452,6294,0,36115706,6681,0
1067,32946347400487,32946349213658,19994021,sA-eth3,up,32946349042846,netem,37562094,28597,0,0,0,0,0,34931452,6294,0,36115706,6681,0
1068,32946367421800,32946369296651,20021313,sA-eth3,up,32946369119049,netem,37562094,28597,0,0,0,0,0,34931452,6294,0,36115706,6681,0
1069,32946387412553,32946389786369,19990753,sA-eth3,up,32946389605316,netem,37562094,28597,0,0,0,0,0,34931452,6294,0,36115706,6681,0
1070,32946407401384,32946409727210,19988831,sA-eth3,up,32946409552098,netem,37562094,28597,0,0,0,0,0,34931452,6294,0,36115706,6681,0
1071,32946427404927,32946429308167,20003543,sA-eth3,up,32946429131826,netem,37562094,28597,0,0,0,0,0,34931452,6294,0,36115706,6681,0
1072,32946447406548,32946449534042,20001621,sA-eth3,up,32946449334800,netem,37562094,28597,0,0,0,0,0,34931452,6294,0,36115706,6681,0
1073,32946467404791,32946469369633,19998243,sA-eth3,up,32946469198381,netem,37562094,28597,0,0,0,0,0,34931452,6294,0,36115706,6681,0
1074,32946487399753,32946489275474,19994962,sA-eth3,up,32946489105331,netem,37562094,28597,0,0,0,0,0,34931452,6294,0,36115706,6681,0
1075,32946507391285,32946509190105,19991532,sA-eth3,up,32946509025063,netem,37562094,28597,0,0,0,0,0,34931452,6294,0,36115706,6681,0
1076,32946527392277,32946529180677,20000992,sA-eth3,up,32946528994384,netem,37562094,28597,0,0,0,0,0,34931452,6294,0,36115706,6681,0
1077,32946547401990,32946549246690,20009713,sA-eth3,up,32946549072548,netem,37562094,28597,0,0,0,0,0,34931452,6294,0,36115706,6681,0
1078,32946567404462,32946569291423,20002472,sA-eth3,up,32946569122091,netem,37562094,28597,0,0,0,0,0,34931452,6294,0,36115706,6681,0
1079,32946587423024,32946589408366,20018562,sA-eth3,up,32946589216784,netem,37562094,28597,0,0,0,0,0,34931452,6294,0,36115706,6681,0
1080,32946607442826,32946609270107,20019802,sA-eth3,up,32946609096895,netem,37562094,28597,0,0,0,0,0,34931452,6294,0,36115706,6681,0
1081,32946627409788,32946629794314,19966962,sA-eth3,up,32946629606933,netem,37562094,28597,0,0,0,0,0,34931452,6294,0,36115706,6681,0
1082,32946647399209,32946649285791,19989421,sA-eth3,up,32946649114438,netem,37562094,28597,0,0,0,0,0,34931452,6294,0,36115706,6681,0
1083,32946667402492,32946669607876,20003283,sA-eth3,up,32946669425595,netem,37562094,28597,0,0,0,0,0,34931452,6294,0,36115706,6681,0
1084,32946687402015,32946689279715,19999523,sA-eth3,up,32946689113574,netem,37562094,28597,0,0,0,0,0,34931452,6294,0,36115706,6681,0
1085,32946707402716,32946709253277,20000701,sA-eth3,up,32946709081865,netem,37562094,28597,0,0,0,0,0,34931452,6294,0,36115706,6681,0
1086,32946727417419,32946729752754,20014703,sA-eth3,up,32946729573353,netem,37562094,28597,0,0,0,0,0,34931452,6294,0,36115706,6681,0
1087,32946747406431,32946749387752,19989012,sA-eth3,up,32946749151950,netem,37562094,28597,0,0,0,0,0,34931452,6294,0,36115706,6681,0
1088,32946767407953,32946769635988,20001522,sA-eth3,up,32946769437005,netem,37562094,28597,0,0,0,0,0,34931452,6294,0,36115706,6681,0
1089,32946787406445,32946789316116,19998492,sA-eth3,up,32946789133024,netem,37562094,28597,0,0,0,0,0,34931452,6294,0,36115706,6681,0
1090,32946807435867,32946809433299,20029422,sA-eth3,up,32946809210198,netem,37562094,28597,0,0,0,0,0,34931452,6294,0,36115706,6681,0
1091,32946827429270,32946829910497,19993403,sA-eth3,up,32946829682444,netem,37562094,28597,0,0,0,0,0,34931452,6294,0,36115706,6681,0
1092,32946847419162,32946849376443,19989892,sA-eth3,up,32946849173201,netem,37562094,28597,0,0,0,0,0,34931452,6294,0,36115706,6681,0
1093,32946867419164,32946869356885,20000002,sA-eth3,up,32946869171133,netem,37562094,28597,0,0,0,0,0,34931452,6294,0,36115706,6681,0
1094,32946887417396,32946889295946,19998232,sA-eth3,up,32946889117055,netem,37562094,28597,0,0,0,0,0,34931452,6294,0,36115706,6681,0
1095,32946907409627,32946909364300,19992231,sA-eth3,up,32946909171217,netem,37562094,28597,0,0,0,0,0,34931452,6294,0,36115706,6681,0
1096,32946927399180,32946929356062,19989553,sA-eth3,up,32946929160499,netem,37562094,28597,0,0,0,0,0,34931452,6294,0,36115706,6681,0
1097,32946947400672,32946949279613,20001492,sA-eth3,up,32946949075530,netem,37562094,28597,0,0,0,0,0,34931452,6294,0,36115706,6681,0
1098,32946967422124,32946969751280,20021452,sA-eth3,up,32946969567409,netem,37562094,28597,0,0,0,0,0,34931452,6294,0,36115706,6681,0
1099,32946987422507,32946989510659,20000383,sA-eth3,up,32946989307597,netem,37562094,28597,0,0,0,0,0,34931452,6294,0,36115706,6681,0
1100,32947007407998,32947009402620,19985491,sA-eth3,up,32947009225209,netem,37562094,28597,0,0,0,0,0,34931452,6294,0,36115706,6681,0
1101,32947027406331,32947029442503,19998333,sA-eth3,up,32947029253221,netem,37562094,28597,0,0,0,0,0,34931452,6294,0,36115706,6681,0
1102,32947047413022,32947049485755,20006691,sA-eth3,up,32947049289304,netem,37562094,28597,0,0,0,0,0,34931452,6294,0,36115706,6681,0
1103,32947067407755,32947069786402,19994733,sA-eth3,up,32947069589349,netem,37562094,28597,0,0,0,0,0,34931452,6294,0,36115706,6681,0
1104,32947087403807,32947089319129,19996052,sA-eth3,up,32947089127966,netem,37562094,28597,0,0,0,0,0,34931452,6294,0,36115706,6681,0
1105,32947107402650,32947109310290,19998843,sA-eth3,up,32947109130178,netem,37562094,28597,0,0,0,0,0,34931452,6294,0,36115706,6681,0
1106,32947127393291,32947129322403,19990641,sA-eth3,up,32947129135361,netem,37562094,28597,0,0,0,0,0,34931452,6294,0,36115706,6681,0
1107,32947147412384,32947149834290,20019093,sA-eth3,up,32947149638989,netem,37562094,28597,0,0,0,0,0,34931452,6294,0,36115706,6681,0
1108,32947167405886,32947169532470,19993502,sA-eth3,up,32947169332257,netem,37562094,28597,0,0,0,0,0,34931452,6294,0,36115706,6681,0
1109,32947187401958,32947189695433,19996072,sA-eth3,up,32947189507721,netem,37562094,28597,0,0,0,0,0,34931452,6294,0,36115706,6681,0
1110,32947207403490,32947209309751,20001532,sA-eth3,up,32947209130829,netem,37562094,28597,0,0,0,0,0,34931452,6294,0,36115706,6681,0
1111,32947227421532,32947229384894,20018042,sA-eth3,up,32947229183382,netem,37562094,28597,0,0,0,0,0,34931452,6294,0,36115706,6681,0
1112,32947247423043,32947249567508,20001511,sA-eth3,up,32947249341135,netem,37562094,28597,0,0,0,0,0,34931452,6294,0,36115706,6681,0
1113,32947267393326,32947269300597,19970283,sA-eth3,up,32947269120896,netem,37562094,28597,0,0,0,0,0,34931452,6294,0,36115706,6681,0
1114,32947287402919,32947289785125,20009593,sA-eth3,up,32947289605282,netem,37562094,28597,0,0,0,0,0,34931452,6294,0,36115706,6681,0
1115,32947307406740,32947309744217,20003821,sA-eth3,up,32947309568945,netem,37562094,28597,0,0,0,0,0,34931452,6294,0,36115706,6681,0
1116,32947327405753,32947329300353,19999013,sA-eth3,up,32947329119202,netem,37562094,28597,0,0,0,0,0,34931452,6294,0,36115706,6681,0
1117,32947347402144,32947349746931,19996391,sA-eth3,up,32947349567409,netem,37562094,28597,0,0,0,0,0,34931452,6294,0,36115706,6681,0
1118,32947367393947,32947369652592,19991803,sA-eth3,up,32947369479519,netem,37562094,28597,0,0,0,0,0,34931452,6294,0,36115706,6681,0
1119,32947387405619,32947389243279,20011672,sA-eth3,up,32947389061057,netem,37562094,28597,0,0,0,0,0,34931452,6294,0,36115706,6681,0
1120,32947407419331,32947409805748,20013712,sA-eth3,up,32947409628896,netem,37562094,28597,0,0,0,0,0,34931452,6294,0,36115706,6681,0
1121,32947427418093,32947429396755,19998762,sA-eth3,up,32947429223773,netem,37562094,28597,0,0,0,0,0,34931452,6294,0,36115706,6681,0
1122,32947447403855,32947449724182,19985762,sA-eth3,up,32947449539099,netem,37562094,28597,0,0,0,0,0,34931452,6294,0,36115706,6681,0
1123,32947467404228,32947469391560,20000373,sA-eth3,up,32947469222617,netem,37562094,28597,0,0,0,0,0,34931452,6294,0,36115706,6681,0
1124,32947487396579,32947489353251,19992351,sA-eth3,up,32947489184329,netem,37562094,28597,0,0,0,0,0,34931452,6294,0,36115706,6681,0
1125,32947507417712,32947509455524,20021133,sA-eth3,up,32947509251973,netem,37562094,28597,0,0,0,0,0,34931452,6294,0,36115706,6681,0
1126,32947527408524,32947529745090,19990812,sA-eth3,up,32947529541737,netem,37562094,28597,0,0,0,0,0,34931452,6294,0,36115706,6681,0
1127,32947547404175,32947549502909,19995651,sA-eth3,up,32947549299187,netem,37562094,28597,0,0,0,0,0,34931452,6294,0,36115706,6681,0
1128,32947567412118,32947569265448,20007943,sA-eth3,up,32947569094036,netem,37562094,28597,0,0,0,0,0,34931452,6294,0,36115706,6681,0
1129,32947587426871,32947589321831,20014753,sA-eth3,up,32947589135440,netem,37562094,28597,0,0,0,0,0,34931452,6294,0,36115706,6681,0
1130,32947607398132,32947609171502,19971261,sA-eth3,up,32947608987961,netem,37562094,28597,0,0,0,0,0,34931452,6294,0,36115706,6681,0
1131,32947627408315,32947629246995,20010183,sA-eth3,up,32947629066093,netem,37562094,28597,0,0,0,0,0,34931452,6294,0,36115706,6681,0
1132,32947647411657,32947649257537,20003342,sA-eth3,up,32947649081605,netem,37562094,28597,0,0,0,0,0,34931452,6294,0,36115706,6681,0
1133,32947667400219,32947669772734,19988562,sA-eth3,up,32947669600024,netem,37562094,28597,0,0,0,0,0,34931452,6294,0,36115706,6681,0
1134,32947687392311,32947689265981,19992092,sA-eth3,up,32947689094281,netem,37562094,28597,0,0,0,0,0,34931452,6294,0,36115706,6681,0
1135,32947707400143,32947709602068,20007832,sA-eth3,up,32947709396825,netem,37562094,28597,0,0,0,0,0,34931452,6294,0,36115706,6681,0
1136,32947727397805,32947729275807,19997662,sA-eth3,up,32947729104304,netem,37562094,28597,0,0,0,0,0,34931452,6294,0,36115706,6681,0
1137,32947747419528,32947751940008,20021723,sA-eth3,up,32947751742956,netem,37562094,28597,0,0,0,0,0,34931452,6294,0,36115706,6681,0
1138,32947767394110,32947769705546,19974582,sA-eth3,up,32947769535283,netem,37562094,28597,0,0,0,0,0,34931452,6294,0,36115706,6681,0
1139,32947787403462,32947789570045,20009352,sA-eth3,up,32947789274092,netem,37562094,28597,0,0,0,0,0,34931452,6294,0,36115706,6681,0
1140,32947807418064,32947810203106,20014602,sA-eth3,up,32947809995433,netem,37562094,28597,0,0,0,0,0,34931452,6294,0,36115706,6681,0
1141,32947827415306,32947829907134,19997242,sA-eth3,up,32947829723822,netem,37562094,28597,0,0,0,0,0,34931452,6294,0,36115706,6681,0
1142,32947847406699,32947849889086,19991393,sA-eth3,up,32947849704044,netem,37562094,28597,0,0,0,0,0,34931452,6294,0,36115706,6681,0
1143,32947867409430,32947869314212,20002731,sA-eth3,up,32947869124209,netem,37562094,28597,0,0,0,0,0,34931452,6294,0,36115706,6681,0
1144,32947887395103,32947889577547,19985673,sA-eth3,up,32947889393315,netem,37562094,28597,0,0,0,0,0,34931452,6294,0,36115706,6681,0
1145,32947907399615,32947909269336,20004512,sA-eth3,up,32947909097313,netem,37562094,28597,0,0,0,0,0,34931452,6294,0,36115706,6681,0
1146,32947927414637,32947929282168,20015022,sA-eth3,up,32947929100086,netem,37562094,28597,0,0,0,0,0,34931452,6294,0,36115706,6681,0
1147,32947947399670,32947949673704,19985033,sA-eth3,up,32947949490012,netem,37562094,28597,0,0,0,0,0,34931452,6294,0,36115706,6681,0
1148,32947967394321,32947969231012,19994651,sA-eth3,up,32947969057929,netem,37562094,28597,0,0,0,0,0,34931452,6294,0,36115706,6681,0
1149,32947987411303,32947989305265,20016982,sA-eth3,up,32947989125693,netem,37562094,28597,0,0,0,0,0,34931452,6294,0,36115706,6681,0
1150,32948007410196,32948009872323,19998893,sA-eth3,up,32948009690731,netem,37562094,28597,0,0,0,0,0,34931452,6294,0,36115706,6681,0
1151,32948027396947,32948029559862,19986751,sA-eth3,up,32948029354119,netem,37562094,28597,0,0,0,0,0,34931452,6294,0,36115706,6681,0
1152,32948047398940,32948049359142,20001993,sA-eth3,up,32948049146899,netem,37562094,28597,0,0,0,0,0,34931452,6294,0,36115706,6681,0
1153,32948067419271,32948069380613,20020331,sA-eth3,up,32948069172261,netem,37562094,28597,0,0,0,0,0,34931452,6294,0,36115706,6681,0
1154,32948087420064,32948089393476,20000793,sA-eth3,up,32948089193044,netem,37562094,28597,0,0,0,0,0,34931452,6294,0,36115706,6681,0
1155,32948107404367,32948109483119,19984303,sA-eth3,up,32948109186696,netem,37562094,28597,0,0,0,0,0,34931452,6294,0,36115706,6681,0
1156,32948127429808,32948129335150,20025441,sA-eth3,up,32948129147757,netem,37562094,28597,0,0,0,0,0,34931452,6294,0,36115706,6681,0
1157,32948147407631,32948149311972,19977823,sA-eth3,up,32948149108259,netem,37562094,28597,0,0,0,0,0,34931452,6294,0,36115706,6681,0
1158,32948167419403,32948169351384,20011772,sA-eth3,up,32948169167552,netem,37562094,28597,0,0,0,0,0,34931452,6294,0,36115706,6681,0
1159,32948187399375,32948189270295,19979972,sA-eth3,up,32948189098094,netem,37562094,28597,0,0,0,0,0,34931452,6294,0,36115706,6681,0
1160,32948207411567,32948209271628,20012192,sA-eth3,up,32948209089955,netem,37562094,28597,0,0,0,0,0,34931452,6294,0,36115706,6681,0
1161,32948227400489,32948229286900,19988922,sA-eth3,up,32948229114788,netem,37562094,28597,0,0,0,0,0,34931452,6294,0,36115706,6681,0
1162,32948247403371,32948249277072,20002882,sA-eth3,up,32948249099390,netem,37562094,28597,0,0,0,0,0,34931452,6294,0,36115706,6681,0
1163,32948267408543,32948269224424,20005172,sA-eth3,up,32948269052951,netem,37562094,28597,0,0,0,0,0,34931452,6294,0,36115706,6681,0
1164,32948287409486,32948289238795,20000943,sA-eth3,up,32948289061833,netem,37562094,28597,0,0,0,0,0,34931452,6294,0,36115706,6681,0
1165,32948307410907,32948309276548,20001421,sA-eth3,up,32948309097056,netem,37562094,28597,0,0,0,0,0,34931452,6294,0,36115706,6681,0
1166,32948327401730,32948329273331,19990823,sA-eth3,up,32948329097488,netem,37562094,28597,0,0,0,0,0,34931452,6294,0,36115706,6681,0
1167,32948347407972,32948349747647,20006242,sA-eth3,up,32948349576745,netem,37562094,28597,0,0,0,0,0,34931452,6294,0,36115706,6681,0
1168,32948367399723,32948369482966,19991751,sA-eth3,up,32948369291715,netem,37562094,28597,0,0,0,0,0,34931452,6294,0,36115706,6681,0
1169,32948387407585,32948389247056,20007862,sA-eth3,up,32948389077464,netem,37562094,28597,0,0,0,0,0,34931452,6294,0,36115706,6681,0
1170,32948407408108,32948409355939,20000523,sA-eth3,up,32948409181638,netem,37562172,28598,0,0,0,164,2,34938890,6297,0,36115870,6683,0
1171,32948427403610,32948429393392,19995502,sA-eth3,up,32948429163040,netem,37563032,28610,0,0,0,0,0,34962718,6307,0,36116644,6694,0
1172,32948447405852,32948449329543,20002242,sA-eth3,up,32948449116272,netem,37563452,28616,0,0,0,0,0,34986414,6315,0,36117064,6700,0
1173,32948467416345,32948469334826,20010493,sA-eth3,up,32948469150293,netem,37563860,28622,0,0,0,0,0,34998262,6319,0,36117472,6706,0
1174,32948487414337,32948489283388,19997992,sA-eth3,up,32948489099716,netem,37563860,28622,0,0,0,0,0,34998262,6319,0,36117472,6706,0
1175,32948507416358,32948509835145,20002021,sA-eth3,up,32948509650014,netem,37563860,28622,0,0,0,0,0,34998262,6319,0,36117472,6706,0
1176,32948527412261,32948529497225,19995903,sA-eth3,up,32948529303642,netem,37563860,28622,0,0,0,0,0,34998262,6319,0,36117472,6706,0
1177,32948547416723,32948549825880,20004462,sA-eth3,up,32948549625408,netem,37563860,28622,0,0,0,0,0,34998262,6319,0,36117472,6706,0
1178,32948567431756,32948569630500,20015033,sA-eth3,up,32948569398877,netem,37563860,28622,0,0,0,0,0,34998262,6319,0,36117472,6706,0
1179,32948587421727,32948589531900,19989971,sA-eth3,up,32948589302778,netem,37563860,28622,0,0,0,0,0,34998262,6319,0,36117472,6706,0
1180,32948607422699,32948609462241,20000972,sA-eth3,up,32948609249700,netem,37563860,28622,0,0,0,0,0,34998262,6319,0,36117472,6706,0
1181,32948627405062,32948629706257,19982363,sA-eth3,up,32948629520905,netem,37563860,28622,0,0,0,0,0,34998262,6319,0,36117472,6706,0
1182,32948647419834,32948649394956,20014772,sA-eth3,up,32948649210384,netem,37563860,28622,0,0,0,0,0,34998262,6319,0,36117472,6706,0
1183,32948667405055,32948669334597,19985221,sA-eth3,up,32948669159335,netem,37563860,28622,0,0,0,78,1,34999776,6320,0,36117472,6706,0
1184,32948687400198,32948689720834,19995143,sA-eth3,up,32948689548941,netem,37564460,28630,0,0,0,0,0,35027816,6328,0,36118072,6714,0
1185,32948707399210,32948709766086,19999012,sA-eth3,up,32948709540264,netem,37564892,28636,0,0,0,0,0,35054276,6334,0,36118504,6720,0
1186,32948727396282,32948729347084,19997072,sA-eth3,up,32948729173112,netem,37565324,28642,0,0,0,0,0,35077840,6340,0,36118936,6726,0
1187,32948747408785,32948749618429,20012503,sA-eth3,up,32948749307305,netem,37565756,28648,0,0,0,66,1,35104300,6346,0,36119368,6732,0
1188,32948767409817,32948769412279,20001032,sA-eth3,up,32948769227637,netem,37566110,28653,0,0,0,0,0,35129246,6351,0,36119722,6737,0
1189,32948787364329,32948789359570,19954512,sA-eth3,up,32948789169628,netem,37566686,28661,0,0,0,0,0,35170252,6358,0,36120298,6745,0
1190,32948807399541,32948809343932,20035212,sA-eth3,up,32948809154821,netem,37567316,28670,0,0,0,78,1,35231794,6369,0,36120928,6754,0
1191,32948827390673,32948829368295,19991132,sA-eth3,up,32948829176042,netem,37568024,28680,0,0,0,0,0,35307750,6379,0,36121636,6764,0
1192,32948847404045,32948849458438,20013372,sA-eth3,up,32948849210825,netem,37568780,28690,0,0,0,0,0,35363368,6388,0,36122392,6774,0
1193,32948867409617,32948869352279,20005572,sA-eth3,up,32948869151636,netem,37569608,28702,0,0,0,66,1,35483028,6402,0,36123286,6787,0
1194,32948887401019,32948889341821,19991402,sA-eth3,up,32948889147309,netem,37570418,28713,0,0,0,0,0,35560366,6411,0,36124030,6797,0
1195,32948907401012,32948909490485,19999993,sA-eth3,up,32948909271882,netem,37571598,28727,0,0,0,0,0,35681540,6426,0,36125210,6811,0
1196,32948927404973,32948929425516,20003961,sA-eth3,up,32948929228324,netem,37572312,28736,0,0,0,66,1,35735644,6434,0,36125924,6820,0
1197,32948947398376,32948949371708,19993403,sA-eth3,up,32948949192206,netem,37572854,28743,0,0,0,86,1,35792578,6441,0,36126552,6828,0
1198,32948967399439,32948969299099,20001063,sA-eth3,up,32948969113807,netem,37573354,28749,0,0,0,0,0,35840758,6447,0,36126966,6833,0
1199,32948987404720,32948989311772,20005281,sA-eth3,up,32948989121960,netem,37573936,28756,0,0,0,0,0,35910790,6455,0,36127548,6840,0
1200,32949007400832,32949009721658,19996112,sA-eth3,up,32949009511826,netem,37574668,28766,0,0,0,0,0,35976478,6463,0,36128280,6850,0
1201,32949027394614,32949029272385,19993782,sA-eth3,up,32949029093463,netem,37575412,28776,0,0,0,0,0,36033610,6473,0,36129024,6860,0
1202,32949047396707,32949049248798,20002093,sA-eth3,up,32949049076966,netem,37575806,28781,0,0,0,0,0,36081856,6480,0,36129418,6865,0
1203,32949067409319,32949069315490,20012612,sA-eth3,up,32949069135339,netem,37576340,28788,0,0,0,0,0,36147544,6488,0,36129952,6872,0
1204,32949087400571,32949089284392,19991252,sA-eth3,up,32949089111490,netem,37576648,28792,0,0,0,86,1,36230740,6498,0,36130260,6876,0
1205,32949107396343,32949109231903,19995772,sA-eth3,up,32949109059052,netem,37577432,28802,0,0,0,0,0,36305182,6507,0,36131044,6886,0
1206,32949127401616,32949129396538,20005273,sA-eth3,up,32949129220026,netem,37577900,28808,0,0,0,132,2,36388378,6517,0,36131578,6893,0
1207,32949147411497,32949149418160,20009881,sA-eth3,up,32949149238758,netem,37578686,28819,0,0,0,78,1,36467230,6527,0,36132376,6904,0
1208,32949167416950,32949169375182,20005453,sA-eth3,up,32949169188210,netem,37579430,28829,0,0,0,66,1,36541672,6536,0,36133108,6914,0
1209,32949187404012,32949189430645,19987062,sA-eth3,up,32949189256812,netem,37579784,28834,0,0,0,66,1,36585442,6541,0,36133462,6919,0
1210,32949207392294,32949209196894,19988282,sA-eth3,up,32949209028741,netem,37580282,28841,0,0,0,78,1,36646786,6549,0,36133972,6926,0
1211,32949227393596,32949229245407,20001302,sA-eth3,up,32949229074074,netem,37581104,28852,0,0,0,0,0,36705300,6558,0,36134716,6936,0
1212,32949247395888,32949250406651,20002292,sA-eth3,up,32949250237370,netem,37581104,28852,0,0,0,0,0,36705300,6558,0,36134716,6936,0
1213,32949267390981,32949269637865,19995093,sA-eth3,up,32949269470333,netem,37581104,28852,0,0,0,0,0,36705300,6558,0,36134716,6936,0
1214,32949287389872,32949289628337,19998891,sA-eth3,up,32949289455056,netem,37581104,28852,0,0,0,0,0,36705300,6558,0,36134716,6936,0
1215,32949307396215,32949309601489,20006343,sA-eth3,up,32949309398577,netem,37581104,28852,0,0,0,0,0,36705300,6558,0,36134716,6936,0
1216,32949327403377,32949329648922,20007162,sA-eth3,up,32949329469490,netem,37581104,28852,0,0,0,0,0,36705300,6558,0,36134716,6936,0
1217,32949347400979,32949349656334,19997602,sA-eth3,up,32949349478443,netem,37581104,28852,0,0,0,0,0,36705300,6558,0,36134716,6936,0
1218,32949367394051,32949369207811,19993072,sA-eth3,up,32949369031359,netem,37581104,28852,0,0,0,0,0,36705300,6558,0,36134716,6936,0
1219,32949387394143,32949389245074,20000092,sA-eth3,up,32949389068772,netem,37581104,28852,0,0,0,0,0,36705300,6558,0,36134716,6936,0
1220,32949407406175,32949409268376,20012032,sA-eth3,up,32949409099454,netem,37581104,28852,0,0,0,0,0,36705300,6558,0,36134716,6936,0
1221,32949427401568,32949429469840,19995393,sA-eth3,up,32949429284448,netem,37664464,28908,0,0,0,30280,2,36705762,6565,0,36229388,6944,0
1222,32949447402060,32949449286281,20000492,sA-eth3,up,32949449118218,netem,37917302,29075,0,0,0,34822,3,36706356,6574,0,36457780,6960,0
1223,32949467394532,32949469229032,19992472,sA-eth3,up,32949469065380,netem,38171654,29243,0,0,0,30280,2,36707148,6586,0,36702298,6979,0
1224,32949487395184,32949489239064,20000652,sA-eth3,up,32949489065972,netem,38413894,29403,0,0,0,45420,3,36708138,6601,0,36949646,6997,0
1225,32949507399726,32949509266697,20004542,sA-eth3,up,32949509096575,netem,38666732,29570,0,0,0,56018,4,36708996,6614,0,37178104,7014,0
1226,32949527399099,32949529380291,19999373,sA-eth3,up,32949529205488,netem,38921084,29738,0,0,0,30280,2,36709986,6629,0,37422622,7033,0
1227,32949547394400,32949549268271,19995301,sA-eth3,up,32949549095329,netem,39175436,29906,0,0,0,42392,3,36710910,6643,0,37667140,7052,0
1228,32949567394503,32949569651187,20000103,sA-eth3,up,32949569468785,netem,39428274,30073,0,0,0,37850,3,36711768,6656,0,37910144,7070,0
1229,32949587407674,32949589295125,20013171,sA-eth3,up,32949589121853,netem,39664458,30229,0,0,0,43906,3,36712758,6671,0,38151766,7089,0
1230,32949607400797,32949609236157,19993123,sA-eth3,up,32949609063185,netem,39773980,30302,0,0,0,0,0,36713154,6677,0,38242452,7096,0
1231,32949627399759,32949629515182,19998962,sA-eth3,up,32949629226949,netem,39773980,30302,0,0,0,0,0,36713154,6677,0,38242452,7096,0
1232,32949647411211,32949649309282,20011452,sA-eth3,up,32949649135620,netem,39773980,30302,0,0,0,0,0,36713154,6677,0,38242452,7096,0
1233,32949667410713,32949669380125,19999502,sA-eth3,up,32949669193113,netem,39773980,30302,0,0,0,0,0,36713154,6677,0,38242452,7096,0
1234,32949687405956,32949689849442,19995243,sA-eth3,up,32949689676231,netem,39773980,30302,0,0,0,0,0,36713154,6677,0,38242452,7096,0
1235,32949707398117,32949709367409,19992161,sA-eth3,up,32949709197937,netem,39773980,30302,0,0,0,0,0,36713154,6677,0,38242452,7096,0
1236,32949727411400,32949730304912,20013283,sA-eth3,up,32949730130490,netem,39773980,30302,0,0,0,0,0,36713154,6677,0,38242452,7096,0
1237,32949747404601,32949749423554,19993201,sA-eth3,up,32949749252752,netem,39773980,30302,0,0,0,0,0,36713154,6677,0,38242452,7096,0
1238,32949767404734,32949769768260,20000133,sA-eth3,up,32949769600248,netem,39773980,30302,0,0,0,0,0,36713154,6677,0,38242452,7096,0
1239,32949787398366,32949789430209,19993632,sA-eth3,up,32949789259287,netem,39773980,30302,0,0,0,0,0,36713154,6677,0,38242452,7096,0
1240,32949807401498,32949809572593,20003132,sA-eth3,up,32949809397070,netem,39773980,30302,0,0,0,0,0,36713154,6677,0,38242452,7096,0
1241,32949827410611,32949829524534,20009113,sA-eth3,up,32949829348351,netem,39773980,30302,0,0,0,0,0,36713154,6677,0,38242452,7096,0
1242,32949847404122,32949849516716,19993511,sA-eth3,up,32949849338034,netem,39773980,30302,0,0,0,0,0,36713154,6677,0,38242452,7096,0
1243,32949867407295,32949869580929,20003173,sA-eth3,up,32949869396317,netem,39774144,30304,0,0,0,94,1,36720592,6680,0,38242616,7098,0
1244,32949887397556,32949889213277,19990261,sA-eth3,up,32949889043395,netem,39774894,30313,0,0,0,0,0,36742840,6688,0,38243366,7107,0
1245,32949907403799,32949909215789,20006243,sA-eth3,up,32949909046397,netem,39775592,30322,0,0,0,86,1,36811622,6699,0,38244064,7116,0
1246,32949927405231,32949930220552,20001432,sA-eth3,up,32949930018920,netem,39776372,30332,0,0,0,0,0,36868688,6708,0,38244844,7126,0
1247,32949947409953,32949949536727,20004722,sA-eth3,up,32949949335934,netem,39776804,30338,0,0,0,0,0,36898110,6715,0,38245276,7132,0
1248,32949967408615,32949969417748,19998662,sA-eth3,up,32949969225805,netem,39777384,30346,0,0,0,66,1,36950832,6724,0,38245922,7141,0
1249,32949987408317,32949989416780,19999702,sA-eth3,up,32949989227238,netem,39777948,30354,0,0,0,66,1,36991838,6731,0,38246420,7148,0
1250,32950007415699,32950009328951,20007382,sA-eth3,up,32950009149549,netem,39778092,30356,0,0,0,0,0,36997696,6732,0,38246564,7150,0
1251,32950027408822,32950029283252,19993123,sA-eth3,up,32950029114291,netem,39778092,30356,0,0,0,0,0,36997696,6732,0,38246564,7150,0
1252,32950047406914,32950049718350,19998092,sA-eth3,up,32950049539758,netem,39778092,30356,0,0,0,0,0,36997696,6732,0,38246564,7150,0
1253,32950067413056,32950069392348,20006142,sA-eth3,up,32950069220906,netem,39778092,30356,0,0,0,0,0,36997696,6732,0,38246564,7150,0
1254,32950087425499,32950089378209,20012443,sA-eth3,up,32950089202259,netem,39778092,30356,0,0,0,0,0,36997696,6732,0,38246564,7150,0
1255,32950107417950,32950109397722,19992451,sA-eth3,up,32950109210610,netem,39778092,30356,0,0,0,0,0,36997696,6732,0,38246564,7150,0
1256,32950127404093,32950129746488,19986143,sA-eth3,up,32950129568526,netem,39778092,30356,0,0,0,0,0,36997696,6732,0,38246564,7150,0
1257,32950147426174,32950149570019,20022081,sA-eth3,up,32950149353576,netem,39778092,30356,0,0,0,0,0,36997696,6732,0,38246564,7150,0
1258,32950167415407,32950169526250,19989233,sA-eth3,up,32950169307417,netem,39778092,30356,0,0,0,0,0,36997696,6732,0,38246564,7150,0
1259,32950187419998,32950189492112,20004591,sA-eth3,up,32950189298559,netem,39778092,30356,0,0,0,0,0,36997696,6732,0,38246564,7150,0
1260,32950207399981,32950209733576,19979983,sA-eth3,up,32950209558405,netem,39778248,30358,0,0,0,66,1,37005134,6735,0,38246786,7153,0
1261,32950227402652,32950229637617,20002671,sA-eth3,up,32950229461386,netem,39778866,30367,0,0,0,0,0,37051998,6743,0,38247338,7161,0
1262,32950247420215,32950249496868,20017563,sA-eth3,up,32950249304766,netem,39779442,30375,0,0,0,78,1,37106234,6753,0,38247992,7170,0
1263,32950267408687,32950269347489,19988472,sA-eth3,up,32950269169687,netem,39780042,30383,0,0,0,0,0,37142896,6760,0,38248514,7177,0
1264,32950287407549,32950289247440,19998862,sA-eth3,up,32950289072168,netem,39780648,30392,0,0,0,66,1,37197132,6770,0,38249186,7187,0
1265,32950307409901,32950309224521,20002352,sA-eth3,up,32950309057760,netem,39781056,30398,0,0,0,0,0,37226422,6775,0,38249528,7192,0
1266,32950327400364,32950329305344,19990463,sA-eth3,up,32950329127903,netem,39781512,30404,0,0,0,0,0,37268942,6783,0,38249984,7198,0
1267,32950347413355,32950349465758,20012991,sA-eth3,up,32950349265247,netem,39781960,30410,0,0,0,66,1,37309948,6790,0,38250432,7204,0
1268,32950367406718,32950369263478,19993363,sA-eth3,up,32950369085146,netem,39782710,30421,0,0,0,0,0,37364184,6800,0,38251182,7215,0
1269,32950387408220,32950389343232,20001502,sA-eth3,up,32950389169639,netem,39783436,30432,0,0,0,0,0,37444550,6811,0,38251908,7226,0
1270,32950407404902,32950409284614,19996682,sA-eth3,up,32950409108721,netem,39784354,30445,0,0,0,66,1,37546834,6825,0,38252826,7239,0
1271,32950427407904,32950429385357,20003002,sA-eth3,up,32950429213734,netem,39785172,30456,0,0,0,0,0,37632992,6836,0,38253644,7250,0
1272,32950447408786,32950449378708,20000882,sA-eth3,up,32950449200776,netem,39786182,30469,0,0,0,0,0,37738106,6849,0,38254654,7263,0
1273,32950467399259,32950469433811,19990473,sA-eth3,up,32950469256929,netem,39786760,30476,0,0,0,0,0,37795172,6858,0,38255232,7270,0
1274,32950487400910,32950489606125,20001651,sA-eth3,up,32950489421073,netem,39787854,30489,0,0,0,0,0,37900286,6871,0,38256326,7283,0
1275,32950507411863,32950509310064,20010953,sA-eth3,up,32950509124212,netem,39788862,30501,0,0,0,0,0,37990854,6883,0,38257334,7295,0
1276,32950527403345,32950529670690,19991482,sA-eth3,up,32950529483788,netem,39789318,30507,0,0,0,86,1,38044826,6889,0,38257790,7301,0
1277,32950547410187,32950549416959,20006842,sA-eth3,up,32950549222438,netem,39790256,30518,0,0,0,0,0,38122428,6902,0,38258728,7312,0
1278,32950567407389,32950569265400,19997202,sA-eth3,up,32950569092087,netem,39790928,30526,0,0,0,0,0,38173570,6909,0,38259400,7320,0
1279,32950587414622,32950589697267,20007233,sA-eth3,up,32950589516955,netem,39790928,30526,0,0,0,0,0,38173570,6909,0,38259400,7320,0
1280,32950607406624,32950609956952,19992002,sA-eth3,up,32950609772920,netem,39790928,30526,0,0,0,0,0,38173570,6909,0,38259400,7320,0
1281,32950627399516,32950629786942,19992892,sA-eth3,up,32950629608951,netem,39790928,30526,0,0,0,0,0,38173570,6909,0,38259400,7320,0
1282,32950647416358,32950649777944,20016842,sA-eth3,up,32950649587842,netem,39790928,30526,0,0,0,0,0,38173570,6909,0,38259400,7320,0
1283,32950667408510,32950669814696,19992152,sA-eth3,up,32950669628035,netem,39790928,30526,0,0,0,0,0,38173570,6909,0,38259400,7320,0
1284,32950687412252,32950689423245,20003742,sA-eth3,up,32950689246863,netem,39790928,30526,0,0,0,0,0,38173570,6909,0,38259400,7320,0
1285,32950707411364,32950709376756,19999112,sA-eth3,up,32950709184254,netem,39790928,30526,0,0,0,0,0,38173570,6909,0,38259400,7320,0
1286,32950727411877,32950729317507,20000513,sA-eth3,up,32950729132656,netem,39790928,30526,0,0,0,0,0,38173570,6909,0,38259400,7320,0
1287,32950747460259,32950749558323,20048382,sA-eth3,up,32950749297050,netem,39790928,30526,0,0,0,0,0,38173570,6909,0,38259400,7320,0
1288,32950767435221,32950769514934,19974962,sA-eth3,up,32950769259071,netem,39790928,30526,0,0,0,0,0,38173570,6909,0,38259400,7320,0
1289,32950787415363,32950789979981,19980142,sA-eth3,up,32950789729529,netem,39791294,30531,0,0,0,0,0,38186932,6914,0,38259766,7325,0
1290,32950807425015,32950809610950,20009652,sA-eth3,up,32950809370207,netem,39791294,30531,0,0,0,0,0,38186932,6914,0,38259766,7325,0
1291,32950827432087,32950829583391,20007072,sA-eth3,up,32950829332538,netem,39791294,30531,0,0,0,0,0,38186932,6914,0,38259766,7325,0
1292,32950847416779,32950849604594,19984692,sA-eth3,up,32950849354170,netem,39791294,30531,0,0,0,0,0,38186932,6914,0,38259766,7325,0
1293,32950867415512,32950869560195,19998733,sA-eth3,up,32950869314673,netem,39791294,30531,0,0,0,0,0,38186932,6914,0,38259766,7325,0
1294,32950887413664,32950889555307,19998152,sA-eth3,up,32950889360315,netem,39791294,30531,0,0,0,0,0,38186932,6914,0,38259766,7325,0
1295,32950907405036,32950910053195,19991372,sA-eth3,up,32950909856503,netem,39791294,30531,0,0,0,0,0,38186932,6914,0,38259766,7325,0
1296,32950927416248,32950929867325,20011212,sA-eth3,up,32950929684473,netem,39791294,30531,0,0,0,0,0,38186932,6914,0,38259766,7325,0
1297,32950947430110,32950949910947,20013862,sA-eth3,up,32950949715345,netem,39791294,30531,0,0,0,0,0,38186932,6914,0,38259766,7325,0
1298,32950967426852,32950970314625,19996742,sA-eth3,up,32950970130572,netem,39791294,30531,0,0,0,0,0,38186932,6914,0,38259766,7325,0
1299,32950987407174,32950989846831,19980322,sA-eth3,up,32950989667409,netem,39791294,30531,0,0,0,0,0,38186932,6914,0,38259766,7325,0
1300,32951007412426,32951009733852,20005252,sA-eth3,up,32951009553850,netem,39791690,30537,0,0,0,0,0,38206096,6920,0,38260162,7331,0
1301,32951027417369,32951029773635,20004943,sA-eth3,up,32951029531302,netem,39791690,30537,0,0,0,0,0,38206096,6920,0,38260162,7331,0
1302,32951047426030,32951049397792,20008661,sA-eth3,up,32951049165320,netem,39791690,30537,0,0,0,0,0,38206096,6920,0,38260162,7331,0
1303,32951067409363,32951069745898,19983333,sA-eth3,up,32951069517506,netem,39791690,30537,0,0,0,0,0,38206096,6920,0,38260162,7331,0
1304,32951087430365,32951090112855,20021002,sA-eth3,up,32951089847161,netem,39791690,30537,0,0,0,0,0,38206096,6920,0,38260162,7331,0
1305,32951107436357,32951109670122,20005992,sA-eth3,up,32951109427289,netem,39791690,30537,0,0,0,0,0,38206096,6920,0,38260162,7331,0
1306,32951127422419,32951129569522,19986062,sA-eth3,up,32951129325650,netem,39791690,30537,0,0,0,0,0,38206096,6920,0,38260162,7331,0
1307,32951147412121,32951149396393,19989702,sA-eth3,up,32951149207901,netem,39791690,30537,0,0,0,0,0,38206096,6920,0,38260162,7331,0
1308,32951167408653,32951169402586,19996532,sA-eth3,up,32951169226433,netem,39791690,30537,0,0,0,0,0,38206096,6920,0,38260162,7331,0
1309,32951187405015,32951190264447,19996362,sA-eth3,up,32951189827822,netem,39791690,30537,0,0,0,0,0,38206096,6920,0,38260162,7331,0
1310,32951207407257,32951209832345,20002242,sA-eth3,up,32951209647572,netem,39792306,30545,0,0,0,94,1,38292278,6931,0,38260872,7340,0
1311,32951227401030,32951229590554,19993773,sA-eth3,up,32951229394912,netem,39793294,30557,0,0,0,78,1,38366984,6944,0,38261766,7351,0
1312,32951247398562,32951249335163,19997532,sA-eth3,up,32951249156021,netem,39794494,30573,0,0,0,0,0,38499742,6959,0,38262966,7367,0
1313,32951267397714,32951269369586,19999152,sA-eth3,up,32951269189604,netem,39795484,30586,0,0,0,0,0,38606238,6971,0,38263956,7380,0
1314,32951287405817,32951289759892,20008103,sA-eth3,up,32951289584110,netem,39796444,30600,0,0,0,0,0,38765060,6986,0,38264916,7394,0
1315,32951307398468,32951309200828,19992651,sA-eth3,up,32951309025356,netem,39797476,30614,0,0,0,0,0,38912298,7001,0,38265948,7408,0
1316,32951327396191,32951329278061,19997723,sA-eth3,up,32951329106210,netem,39798570,30629,0,0,0,66,1,39098698,7017,0,38267042,7423,0
1317,32951347399972,32951349730699,20003781,sA-eth3,up,32951349554206,netem,39799738,30645,0,0,0,0,0,39283650,7033,0,38268210,7439,0
1318,32951367397665,32951369288476,19997693,sA-eth3,up,32951369118724,netem,39800788,30658,0,0,0,0,0,39440826,7045,0,38269260,7452,0
1319,32951387410438,32951389970546,20012773,sA-eth3,up,32951389787693,netem,39885358,30729,0,0,0,66,1,39637824,7068,0,38350728,7477,0
1320,32951407421969,32951409623984,20011531,sA-eth3,up,32951409452861,netem,39893918,30749,0,0,0,6056,2,39827252,7086,0,38362118,7495,0
1321,32951427411042,32951429301882,19989073,sA-eth3,up,32951429124770,netem,39910238,30773,0,0,0,1514,1,39963104,7104,0,38376660,7514,0
1322,32951447409503,32951449310394,19998461,sA-eth3,up,32951449131592,netem,39934382,30807,0,0,0,6122,3,40162998,7127,0,38398828,7540,0
1323,32951467398256,32951469836613,19988753,sA-eth3,up,32951469669290,netem,39945854,30825,0,0,0,78,1,40257844,7138,0,38410102,7555,0
1324,32951487402368,32951489505271,20004112,sA-eth3,up,32951489323649,netem,39973570,30849,0,0,0,3028,1,40316622,7151,0,38437224,7570,0
1325,32951507414650,32951509592044,20012282,sA-eth3,up,32951509407332,netem,40006878,30871,0,0,0,6056,2,40317348,7162,0,38469806,7581,0
1326,32951527393712,32951529572697,19979062,sA-eth3,up,32951529389714,netem,40026560,30884,0,0,0,0,0,40317678,7167,0,38489092,7588,0
1327,32951547400914,32951549675080,20007202,sA-eth3,up,32951549496977,netem,40062896,30908,0,0,0,0,0,40318272,7176,0,38524636,7600,0
1328,32951567393746,32951569618681,19992832,sA-eth3,up,32951569454488,netem,40082578,30921,0,0,0,0,0,40318668,7182,0,38543922,7607,0
1329,32951587405419,32951589277669,20011673,sA-eth3,up,32951589105817,netem,40153736,30968,0,0,0,46934,3,40319130,7189,0,38612638,7617,0
1330,32951607398660,32951609280801,19993241,sA-eth3,up,32951609105709,netem,40397490,31129,0,0,0,68130,5,40319856,7200,0,38846822,7633,0
1331,32951627395503,32951629221343,19996843,sA-eth3,up,32951629048460,netem,40639730,31289,0,0,0,86298,5,40320648,7212,0,39097132,7652,0
1332,32951647401915,32951649211445,20006412,sA-eth3,up,32951649041473,netem,40904680,31464,0,0,0,52990,4,40321374,7223,0,39334344,7670,0
1333,32951667403787,32951669231617,20001872,sA-eth3,up,32951669058465,netem,41146920,31624,0,0,0,68130,5,40322298,7237,0,39578796,7688,0
1334,32951687412599,32951689487652,20008812,sA-eth3,up,32951689301450,netem,41404300,31794,0,0,0,52990,4,40323024,7248,0,39814560,7706,0
1335,32951707400961,32951709649896,19988362,sA-eth3,up,32951709472274,netem,41654242,31961,0,0,0,52990,4,40325778,7261,0,40062106,7727,0
1336,32951727404313,32951729242343,20003352,sA-eth3,up,32951729074062,netem,41896482,32121,0,0,0,74186,5,40326768,7276,0,40287668,7744,0
1337,32951747405085,32951749770051,20000772,sA-eth3,up,32951749548689,netem,42000212,32194,0,0,0,144,2,40407290,7289,0,40387438,7757,0
1338,32951767406948,32951769631843,20001863,sA-eth3,up,32951769455990,netem,42001958,32211,0,0,0,86,1,40538678,7305,0,40389118,7773,0
1339,32951787399550,32951789388322,19992602,sA-eth3,up,32951789220200,netem,42002680,32220,0,0,0,86,1,40646490,7315,0,40389926,7783,0
1340,32951807395531,32951809367174,19995981,sA-eth3,up,32951809201952,netem,42003668,32232,0,0,0,0,0,40748510,7325,0,40390828,7794,0
1341,32951827399054,32951829695190,20003523,sA-eth3,up,32951829344986,netem,42004476,32242,0,0,0,0,0,40836050,7335,0,40391636,7804,0
1342,32951847413467,32951849747012,20014413,sA-eth3,up,32951849538800,netem,42005334,32253,0,0,0,0,0,40923656,7346,0,40392494,7815,0
1343,32951867404478,32951869496432,19991011,sA-eth3,up,32951869234338,netem,42005996,32262,0,0,0,78,1,41011196,7356,0,40393234,7825,0
1344,32951887399561,32951889956179,19995083,sA-eth3,up,32951889733366,netem,42007072,32276,0,0,0,66,1,41120720,7370,0,40394298,7839,0
1345,32951907401682,32951909649637,20002121,sA-eth3,up,32951909420504,netem,42007828,32286,0,0,0,66,1,41203916,7380,0,40394988,7848,0
1346,32951927388775,32951929548159,19987093,sA-eth3,up,32951929317076,netem,42008704,32298,0,0,0,78,1,41295932,7392,0,40395942,7861,0
1347,32951947403067,32951949605921,20014292,sA-eth3,up,32951949388058,netem,42009724,32312,0,0,0,78,1,41409800,7406,0,40396962,7875,0
1348,32951967399669,32951969493073,19996602,sA-eth3,up,32951969295790,netem,42010842,32327,0,0,0,0,0,41506292,7420,0,40398002,7889,0
1349,32951987401471,32951989616286,20001802,sA-eth3,up,32951989396004,netem,42011574,32337,0,0,0,0,0,41593898,7431,0,40398734,7899,0
1350,32952007401313,32952009754739,19999842,sA-eth3,up,32952009553207,netem,42012600,32350,0,0,0,66,1,41672882,7443,0,40399826,7913,0
1351,32952027400165,32952029372608,19998852,sA-eth3,up,32952029137695,netem,42013388,32360,0,0,0,78,1,41760488,7455,0,40400626,7923,0
1352,32952047403348,32952049317018,20003183,sA-eth3,up,32952049125516,netem,42013896,32366,0,0,0,0,0,41792608,7458,0,40401056,7928,0
1353,32952067400120,32952069334931,19996772,sA-eth3,up,32952069141079,netem,42060268,32408,0,0,0,30280,2,41887718,7473,0,40445646,7943,0
1354,32952087399292,32952089334444,19999172,sA-eth3,up,32952089115821,netem,42303058,32575,0,0,0,42486,4,41945708,7497,0,40678998,7967,0
1355,32952107413874,32952109504228,20014582,sA-eth3,up,32952109279415,netem,42553690,32751,0,0,0,38022,5,42048718,7521,0,40919928,7996,0
1356,32952127401266,32952129313547,19987392,sA-eth3,up,32952129116135,netem,42795510,32923,0,0,0,50048,4,42138762,7547,0,41168370,8027,0
1357,32952147398708,32952149245159,19997442,sA-eth3,up,32952149067596,netem,43055278,33105,0,0,0,53068,4,42240390,7573,0,41402112,8056,0
1358,32952167406360,32952169409392,20007652,sA-eth3,up,32952169224500,netem,43310412,33282,0,0,0,51640,6,42309964,7596,0,41647280,8082,0
1359,32952187400563,32952189298653,19994203,sA-eth3,up,32952189112122,netem,43550372,33450,0,0,0,91028,7,42376576,7618,0,41878000,8110,0
1360,32952207403265,32952209263096,20002702,sA-eth3,up,32952209078823,netem,43806854,33627,0,0,0,84948,8,42425996,7636,0,42124450,8135,0
1361,32952227409477,32952229553531,20006212,sA-eth3,up,32952229355549,netem,44061620,33800,0,0,0,99990,7,42448640,7650,0,42369316,8158,0
1362,32952247397719,32952249395932,19988242,sA-eth3,up,32952249209299,netem,44213600,33902,0,0,0,0,0,42449234,7659,0,42515290,8169,0
1363,32952267404451,32952269481495,20006732,sA-eth3,up,32952269286502,netem,44214726,33911,0,0,0,78,1,42535626,7673,0,42516416,8178,0
1364,32952287406524,32952290419647,20002073,sA-eth3,up,32952290204884,netem,44215362,33919,0,0,0,0,0,42608818,7685,0,42517052,8186,0
1365,32952307402745,32952309733972,19996221,sA-eth3,up,32952309550979,netem,44215768,33924,0,0,0,0,0,42623760,7692,0,42517458,8191,0
1366,32952327407758,32952329574432,20005013,sA-eth3,up,32952329349429,netem,44216578,33935,0,0,0,0,0,42670888,7704,0,42518268,8202,0
1367,32952347410970,32952349567004,20003212,sA-eth3,up,32952349300030,netem,44217400,33946,0,0,0,0,0,42742632,7716,0,42519090,8213,0
1368,32952367412662,32952369396084,20001692,sA-eth3,up,32952369209952,netem,44218168,33956,0,0,0,0,0,42808386,7725,0,42519858,8223,0
1369,32952387410294,32952389289525,19997632,sA-eth3,up,32952389105593,netem,44218738,33963,0,0,0,78,1,42866834,7733,0,42520428,8231,0
1370,32952407397576,32952409271387,19987282,sA-eth3,up,32952409093925,netem,44219246,33969,0,0,0,0,0,42910670,7739,0,42520936,8236,0
1371,32952427407158,32952429327750,20009582,sA-eth3,up,32952429143347,netem,44220104,33980,0,0,0,0,0,42991036,7750,0,42521794,8247,0
1372,32952447411701,32952449372702,20004543,sA-eth3,up,32952449187311,netem,44220758,33989,0,0,0,0,0,43049484,7758,0,42522448,8256,0
1373,32952467402132,32952469562446,19990431,sA-eth3,up,32952469230943,netem,44221386,33997,0,0,0,78,1,43115238,7767,0,42523154,8265,0
1374,32952487411235,32952489332686,20009103,sA-eth3,up,32952489154624,netem,44222204,34008,0,0,0,0,0,43182440,7776,0,42523894,8275,0
1375,32952507405877,32952509302808,19994642,sA-eth3,up,32952509128666,netem,44222746,34015,0,0,0,78,1,43246812,7786,0,42524436,8282,0
1376,32952527402229,32952529851426,19996352,sA-eth3,up,32952529659924,netem,44223378,34023,0,0,0,0,0,43281894,7791,0,42525068,8290,0
1377,32952547399091,32952549511654,19996862,sA-eth3,up,32952549325912,netem,44223870,34029,0,0,0,0,0,43338828,7798,0,42525560,8296,0
1378,32952567409183,32952569570987,20010092,sA-eth3,up,32952569336615,netem,44224698,34039,0,0,0,66,1,43404714,7809,0,42526388,8306,0
1379,32952587403315,32952589858863,19994132,sA-eth3,up,32952589611760,netem,44225382,34049,0,0,0,33386,3,43450196,7818,0,42527072,8316,0
1380,32952607404058,32952609570151,20000743,sA-eth3,up,32952609289378,netem,44463388,34210,0,0,0,68130,5,43468628,7834,0,42771766,8337,0
1381,32952627410450,32952629456942,20006392,sA-eth3,up,32952629265241,netem,44719554,34383,0,0,0,68196,6,43498314,7845,0,43002038,8359,0
1382,32952647371172,32952649233692,19960722,sA-eth3,up,32952649043870,netem,44966792,34552,0,0,0,75844,7,43534320,7864,0,43239640,8382,0
1383,32952667403384,32952669292165,20032212,sA-eth3,up,32952669111502,netem,45214162,34723,0,0,0,84784,6,43570128,7880,0,43493434,8409,0
1384,32952687414676,32952689811783,20011292,sA-eth3,up,32952689598850,netem,45470414,34897,0,0,0,101582,9,43606266,7901,0,43739786,8433,0
1385,32952707404149,32952709741874,19989473,sA-eth3,up,32952709532212,netem,45725354,35073,0,0,0,113748,11,43659846,7923,0,43968766,8457,0
1386,32952727402490,32952729299312,19998341,sA-eth3,up,32952729116420,netem,45965028,35238,0,0,0,118256,10,43695918,7943,0,44215206,8483,0
1387,32952747404772,32952749288933,20002282,sA-eth3,up,32952749103902,netem,46221410,35413,0,0,0,118350,11,43737650,7961,0,44445550,8505,0
1388,32952767492666,32952769489648,20087894,sA-eth3,up,32952769282866,netem,46422602,35557,0,0,0,0,0,43774906,7977,0,44638888,8530,0
1389,32952787413697,32952789728272,19921031,sA-eth3,up,32952789522060,netem,46423440,35568,0,0,0,0,0,43819138,7989,0,44639726,8541,0
1390,32952807405139,32952809246950,19991442,sA-eth3,up,32952809063357,netem,46424094,35577,0,0,0,0,0,43870412,7998,0,44640380,8550,0
1391,32952827409931,32952829260532,20004792,sA-eth3,up,32952829076959,netem,46424648,35584,0,0,0,144,2,43910102,8007,0,44641012,8558,0
1392,32952847416104,32952849291824,20006173,sA-eth3,up,32952849109033,netem,46425212,35592,0,0,0,78,1,43945316,8014,0,44641576,8566,0
1393,32952867401216,32952869277026,19985112,sA-eth3,up,32952869096804,netem,46425866,35601,0,0,0,66,1,43996590,8023,0,44642218,8575,0
1394,32952887404428,32952889817445,20003212,sA-eth3,up,32952889601932,netem,46426596,35612,0,0,0,66,1,44050826,8033,0,44642882,8585,0
1395,32952907400730,32952909733036,19996302,sA-eth3,up,32952909516003,netem,46427148,35620,0,0,0,0,0,44091832,8040,0,44643434,8593,0
1396,32952927404681,32952929403854,20003951,sA-eth3,up,32952929224603,netem,46427760,35628,0,0,0,66,1,44138828,8050,0,44644046,8601,0
1397,32952947405514,32952949785851,20000833,sA-eth3,up,32952949608599,netem,46428552,35640,0,0,0,66,1,44232226,8061,0,44644838,8613,0
1398,32952967411016,32952969622451,20005502,sA-eth3,up,32952969401319,netem,46429496,35652,0,0,0,66,1,44338722,8073,0,44645782,8625,0
1399,32952987415988,32952989485171,20004972,sA-eth3,up,32952989274119,netem,46430436,35664,0,0,0,0,0,44449694,8087,0,44646722,8637,0
1400,32953007407841,32953009372093,19991853,sA-eth3,up,32953009135970,netem,46431394,35677,0,0,0,132,2,44548950,8099,0,44647746,8651,0
1401,32953027421362,32953029367984,20013521,sA-eth3,up,32953029181982,netem,46431682,35681,0,0,0,0,0,44564010,8101,0,44647968,8654,0
1402,32953047416085,32953049353006,19994723,sA-eth3,up,32953049153834,netem,46431682,35681,0,0,0,0,0,44564010,8101,0,44647968,8654,0
1403,32953067402326,32953069261558,19986241,sA-eth3,up,32953069076265,netem,46431682,35681,0,0,0,0,0,44564010,8101,0,44647968,8654,0
1404,32953087402749,32953089277219,20000423,sA-eth3,up,32953089101418,netem,46431682,35681,0,0,0,0,0,44564010,8101,0,44647968,8654,0
1405,32953107419821,32953109797017,20017072,sA-eth3,up,32953109612605,netem,46431682,35681,0,0,0,0,0,44564010,8101,0,44647968,8654,0
1406,32953127408943,32953129586157,19989122,sA-eth3,up,32953129387135,netem,46431682,35681,0,0,0,0,0,44564010,8101,0,44647968,8654,0
1407,32953147414036,32953149477918,20005093,sA-eth3,up,32953149268086,netem,46431682,35681,0,0,0,0,0,44564010,8101,0,44647968,8654,0
1408,32953167409847,32953169557911,19995811,sA-eth3,up,32953169363199,netem,46431682,35681,0,0,0,0,0,44564010,8101,0,44647968,8654,0
1409,32953187412779,32953189587634,20002932,sA-eth3,up,32953189406801,netem,46431682,35681,0,0,0,0,0,44564010,8101,0,44647968,8654,0
1410,32953207401071,32953209266302,19988292,sA-eth3,up,32953209098380,netem,46431682,35681,0,0,0,0,0,44564010,8101,0,44647968,8654,0
1411,32953227393853,32953229178093,19992782,sA-eth3,up,32953228993571,netem,46431682,35681,0,0,0,0,0,44564010,8101,0,44647968,8654,0
1412,32953247402065,32953249737702,20008212,sA-eth3,up,32953249575720,netem,46431682,35681,0,0,0,0,0,44564010,8101,0,44647968,8654,0
1413,32953267404107,32953269761713,20002042,sA-eth3,up,32953269593232,netem,46431682,35681,0,0,0,0,0,44564010,8101,0,44647968,8654,0
1414,32953287405740,32953289420243,20001633,sA-eth3,up,32953289241830,netem,46431682,35681,0,0,0,0,0,44564010,8101,0,44647968,8654,0
1415,32953307400132,32953309652407,19994392,sA-eth3,up,32953309484324,netem,46431682,35681,0,0,0,0,0,44564010,8101,0,44647968,8654,0
1416,32953327395804,32953329181164,19995672,sA-eth3,up,32953328998581,netem,46431682,35681,0,0,0,0,0,44564010,8101,0,44647968,8654,0
1417,32953347405946,32953349247767,20010142,sA-eth3,up,32953349078035,netem,46431682,35681,0,0,0,0,0,44564010,8101,0,44647968,8654,0
1418,32953367397578,32953369303539,19991632,sA-eth3,up,32953369128117,netem,46431682,35681,0,0,0,0,0,44564010,8101,0,44647968,8654,0
1419,32953387402990,32953389694215,20005412,sA-eth3,up,32953389528094,netem,46431682,35681,0,0,0,0,0,44564010,8101,0,44647968,8654,0
1420,32953407401292,32953409408794,19998302,sA-eth3,up,32953409241992,netem,46431752,35682,0,0,0,0,0,44564010,8101,0,44648038,8655,0
1421,32953427400604,32953429236705,19999312,sA-eth3,up,32953429068493,netem,46431752,35682,0,0,0,0,0,44564010,8101,0,44648038,8655,0
1422,32953447400986,32953449279698,20000382,sA-eth3,up,32953449106765,netem,46431752,35682,0,0,0,0,0,44564010,8101,0,44648038,8655,0
1423,32953467397139,32953469297189,19996153,sA-eth3,up,32953469124508,netem,46431752,35682,0,0,0,0,0,44564010,8101,0,44648038,8655,0
1424,32953487397950,32953489199400,20000811,sA-eth3,up,32953489028359,netem,46431752,35682,0,0,0,0,0,44564010,8101,0,44648038,8655,0
1425,32953507403703,32953509262943,20005753,sA-eth3,up,32953509093011,netem,46431752,35682,0,0,0,0,0,44564010,8101,0,44648038,8655,0
1426,32953527403194,32953529799891,19999491,sA-eth3,up,32953529628219,netem,46431752,35682,0,0,0,0,0,44564010,8101,0,44648038,8655,0
1427,32953547395937,32953549502940,19992743,sA-eth3,up,32953549326309,netem,46431752,35682,0,0,0,0,0,44564010,8101,0,44648038,8655,0
1428,32953567407749,32953569494542,20011812,sA-eth3,up,32953569280400,netem,46431752,35682,0,0,0,0,0,44564010,8101,0,44648038,8655,0
1429,32953587398531,32953589422584,19990782,sA-eth3,up,32953589247641,netem,46431752,35682,0,0,0,0,0,44564010,8101,0,44648038,8655,0
1430,32953607415204,32953609845100,20016673,sA-eth3,up,32953609651439,netem,46431752,35682,0,0,0,0,0,44564010,8101,0,44648038,8655,0
1431,32953627405825,32953629605900,19990621,sA-eth3,up,32953629414588,netem,46431752,35682,0,0,0,0,0,44564010,8101,0,44648038,8655,0
1432,32953647399768,32953649341079,19993943,sA-eth3,up,32953649155017,netem,46431752,35682,0,0,0,0,0,44564010,8101,0,44648038,8655,0
1433,32953667404859,32953669764446,20005091,sA-eth3,up,32953669573104,netem,46431752,35682,0,0,0,0,0,44564010,8101,0,44648038,8655,0
1434,32953687414822,32953689566306,20009963,sA-eth3,up,32953689364934,netem,46431752,35682,0,0,0,0,0,44564010,8101,0,44648038,8655,0
1435,32953707403704,32953709683529,19988882,sA-eth3,up,32953709506197,netem,46431752,35682,0,0,0,0,0,44564010,8101,0,44648038,8655,0
1436,32953727399476,32953729401898,19995772,sA-eth3,up,32953729226186,netem,46431752,35682,0,0,0,0,0,44564010,8101,0,44648038,8655,0
1437,32953747398499,32953749395570,19999023,sA-eth3,up,32953749217069,netem,46431752,35682,0,0,0,0,0,44564010,8101,0,44648038,8655,0
1438,32953767402920,32953769742925,20004421,sA-eth3,up,32953769572584,netem,46431752,35682,0,0,0,0,0,44564010,8101,0,44648038,8655,0
1439,32953787393373,32953789368845,19990453,sA-eth3,up,32953789186672,netem,46431752,35682,0,0,0,0,0,44564010,8101,0,44648038,8655,0
1440,32953807398604,32953809224875,20005231,sA-eth3,up,32953809054943,netem,46431752,35682,0,0,0,0,0,44564010,8101,0,44648038,8655,0
1441,32953827396947,32953829203566,19998343,sA-eth3,up,32953829027104,netem,46431752,35682,0,0,0,0,0,44564010,8101,0,44648038,8655,0
1442,32953847398278,32953849231919,20001331,sA-eth3,up,32953849060297,netem,46431752,35682,0,0,0,0,0,44564010,8101,0,44648038,8655,0
1443,32953867400391,32953869266871,20002113,sA-eth3,up,32953869103589,netem,46431752,35682,0,0,0,0,0,44564010,8101,0,44648038,8655,0
1444,32953887392242,32953889207343,19991851,sA-eth3,up,32953889041101,netem,46431752,35682,0,0,0,0,0,44564010,8101,0,44648038,8655,0
1445,32953907397734,32953909185384,20005492,sA-eth3,up,32953909020912,netem,46431752,35682,0,0,0,0,0,44564010,8101,0,44648038,8655,0
1446,32953927400427,32953929219527,20002693,sA-eth3,up,32953929056735,netem,46431752,35682,0,0,0,0,0,44564010,8101,0,44648038,8655,0
1447,32953947405009,32953949740755,20004582,sA-eth3,up,32953949567363,netem,46431752,35682,0,0,0,0,0,44564010,8101,0,44648038,8655,0
1448,32953967397321,32953969404063,19992312,sA-eth3,up,32953969233141,netem,46431752,35682,0,0,0,0,0,44564010,8101,0,44648038,8655,0
1449,32953987391663,32953989273814,19994342,sA-eth3,up,32953989107852,netem,46431752,35682,0,0,0,0,0,44564010,8101,0,44648038,8655,0
1450,32954007418135,32954009454318,20026472,sA-eth3,up,32954009266585,netem,46431752,35682,0,0,0,0,0,44564010,8101,0,44648038,8655,0
1451,32954027405307,32954029578902,19987172,sA-eth3,up,32954029356749,netem,46431752,35682,0,0,0,0,0,44564010,8101,0,44648038,8655,0
1452,32954047401679,32954049771006,19996372,sA-eth3,up,32954049580694,netem,46431752,35682,0,0,0,0,0,44564010,8101,0,44648038,8655,0
1453,32954067401312,32954069396624,19999633,sA-eth3,up,32954069219422,netem,46431752,35682,0,0,0,0,0,44564010,8101,0,44648038,8655,0
1454,32954087404773,32954089402226,20003461,sA-eth3,up,32954089218074,netem,46431752,35682,0,0,0,0,0,44564010,8101,0,44648038,8655,0
1455,32954107410236,32954109780572,20005463,sA-eth3,up,32954109602971,netem,46431752,35682,0,0,0,0,0,44564010,8101,0,44648038,8655,0
1456,32954127400309,32954130045047,19990073,sA-eth3,up,32954129839935,netem,46431752,35682,0,0,0,0,0,44564010,8101,0,44648038,8655,0
1457,32954147396340,32954149813817,19996031,sA-eth3,up,32954149642375,netem,46431752,35682,0,0,0,0,0,44564010,8101,0,44648038,8655,0
1458,32954167394413,32954169734418,19998073,sA-eth3,up,32954169569747,netem,46431752,35682,0,0,0,0,0,44564010,8101,0,44648038,8655,0
1459,32954187397074,32954189744971,20002661,sA-eth3,up,32954189579569,netem,46431752,35682,0,0,0,0,0,44564010,8101,0,44648038,8655,0
1460,32954207393017,32954209324078,19995943,sA-eth3,up,32954209152186,netem,46431752,35682,0,0,0,0,0,44564010,8101,0,44648038,8655,0
1461,32954227415569,32954229334040,20022552,sA-eth3,up,32954229149999,netem,46431752,35682,0,0,0,0,0,44564010,8101,0,44648038,8655,0
1462,32954247396721,32954249233682,19981152,sA-eth3,up,32954249064809,netem,46431752,35682,0,0,0,0,0,44564010,8101,0,44648038,8655,0
1463,32954267399064,32954269348255,20002343,sA-eth3,up,32954269173003,netem,46431752,35682,0,0,0,0,0,44564010,8101,0,44648038,8655,0
1464,32954287409285,32954289746912,20010221,sA-eth3,up,32954289568509,netem,46431752,35682,0,0,0,0,0,44564010,8101,0,44648038,8655,0
1465,32954307401367,32954309236457,19992082,sA-eth3,up,32954309064466,netem,46431752,35682,0,0,0,0,0,44564010,8101,0,44648038,8655,0
1466,32954327410830,32954329666765,20009463,sA-eth3,up,32954329463932,netem,46431752,35682,0,0,0,0,0,44564010,8101,0,44648038,8655,0
1467,32954347403632,32954349245342,19992802,sA-eth3,up,32954349074331,netem,46431752,35682,0,0,0,0,0,44564010,8101,0,44648038,8655,0
1468,32954367413564,32954369329344,20009932,sA-eth3,up,32954369153234,netem,46431752,35682,0,0,0,0,0,44564010,8101,0,44648038,8655,0
1469,32954387402496,32954389278207,19988932,sA-eth3,up,32954389105615,netem,46431752,35682,0,0,0,0,0,44564010,8101,0,44648038,8655,0
1470,32954407402118,32954409670713,19999622,sA-eth3,up,32954409501541,netem,46431752,35682,0,0,0,0,0,44564010,8101,0,44648038,8655,0
1471,32954427399840,32954429393132,19997722,sA-eth3,up,32954429213220,netem,46431752,35682,0,0,0,0,0,44564010,8101,0,44648038,8655,0
1472,32954447415002,32954449320373,20015162,sA-eth3,up,32954449145652,netem,46431752,35682,0,0,0,0,0,44564010,8101,0,44648038,8655,0
1473,32954467401604,32954469240205,19986602,sA-eth3,up,32954469068322,netem,46431752,35682,0,0,0,0,0,44564010,8101,0,44648038,8655,0
1474,32954487397656,32954489204296,19996052,sA-eth3,up,32954489036174,netem,46431752,35682,0,0,0,0,0,44564010,8101,0,44648038,8655,0
1475,32954507406068,32954509203548,20008412,sA-eth3,up,32954509040776,netem,46431752,35682,0,0,0,0,0,44564010,8101,0,44648038,8655,0
1476,32954527412420,32954529250401,20006352,sA-eth3,up,32954529083529,netem,46431752,35682,0,0,0,0,0,44564010,8101,0,44648038,8655,0
1477,32954547425683,32954549378655,20013263,sA-eth3,up,32954549189643,netem,46431752,35682,0,0,0,0,0,44564010,8101,0,44648038,8655,0
1478,32954567404124,32954569621029,19978441,sA-eth3,up,32954569440057,netem,46431752,35682,0,0,0,0,0,44564010,8101,0,44648038,8655,0
1479,32954587421857,32954589210057,20017733,sA-eth3,up,32954589036384,netem,46431752,35682,0,0,0,0,0,44564010,8101,0,44648038,8655,0
1480,32954607410369,32954609558793,19988512,sA-eth3,up,32954609378850,netem,46431752,35682,0,0,0,0,0,44564010,8101,0,44648038,8655,0
1481,32954627437951,32954629522124,20027582,sA-eth3,up,32954629241381,netem,46431752,35682,0,0,0,0,0,44564010,8101,0,44648038,8655,0
1482,32954647410973,32954649264344,19973022,sA-eth3,up,32954649084001,netem,46431752,35682,0,0,0,0,0,44564010,8101,0,44648038,8655,0
1483,32954667399905,32954669693400,19988932,sA-eth3,up,32954669524049,netem,46431752,35682,0,0,0,0,0,44564010,8101,0,44648038,8655,0
1484,32954687401148,32954689239948,20001243,sA-eth3,up,32954689068085,netem,46431752,35682,0,0,0,0,0,44564010,8101,0,44648038,8655,0
1485,32954707407409,32954709581934,20006261,sA-eth3,up,32954709394971,netem,46431752,35682,0,0,0,0,0,44564010,8101,0,44648038,8655,0
1486,32954727412852,32954729297022,20005443,sA-eth3,up,32954729111251,netem,46431752,35682,0,0,0,0,0,44564010,8101,0,44648038,8655,0
1487,32954747404473,32954749202743,19991621,sA-eth3,up,32954749029252,netem,46431752,35682,0,0,0,0,0,44564010,8101,0,44648038,8655,0
1488,32954767407716,32954769714941,20003243,sA-eth3,up,32954769543689,netem,46431752,35682,0,0,0,0,0,44564010,8101,0,44648038,8655,0
1489,32954787413937,32954789308749,20006221,sA-eth3,up,32954789135897,netem,46431752,35682,0,0,0,0,0,44564010,8101,0,44648038,8655,0
1490,32954807409140,32954809284420,19995203,sA-eth3,up,32954809111409,netem,46431752,35682,0,0,0,0,0,44564010,8101,0,44648038,8655,0
1491,32954827400291,32954829681366,19991151,sA-eth3,up,32954829515626,netem,46431752,35682,0,0,0,0,0,44564010,8101,0,44648038,8655,0
1492,32954847402424,32954849319545,20002133,sA-eth3,up,32954849154573,netem,46431752,35682,0,0,0,0,0,44564010,8101,0,44648038,8655,0
1493,32954867398785,32954869325307,19996361,sA-eth3,up,32954869150486,netem,46431752,35682,0,0,0,0,0,44564010,8101,0,44648038,8655,0
1494,32954887407178,32954889342970,20008393,sA-eth3,up,32954889156777,netem,46431752,35682,0,0,0,0,0,44564010,8101,0,44648038,8655,0
1495,32954907402080,32954909754286,19994902,sA-eth3,up,32954909579654,netem,46431752,35682,0,0,0,0,0,44564010,8101,0,44648038,8655,0
1496,32954927404322,32954929315963,20002242,sA-eth3,up,32954929150041,netem,46431752,35682,0,0,0,0,0,44564010,8101,0,44648038,8655,0
1497,32954947420444,32954949327745,20016122,sA-eth3,up,32954949152374,netem,46431752,35682,0,0,0,0,0,44564010,8101,0,44648038,8655,0
1498,32954967408956,32954969719332,19988512,sA-eth3,up,32954969539590,netem,46431752,35682,0,0,0,0,0,44564010,8101,0,44648038,8655,0
1499,32954987402728,32954989221479,19993772,sA-eth3,up,32954989044576,netem,46431752,35682,0,0,0,0,0,44564010,8101,0,44648038,8655,0
1500,32955007406180,32955009318531,20003452,sA-eth3,up,32955009155799,netem,46431752,35682,0,0,0,0,0,44564010,8101,0,44648038,8655,0
1501,32955027412223,32955029293484,20006043,sA-eth3,up,32955029114772,netem,46431752,35682,0,0,0,0,0,44564010,8101,0,44648038,8655,0
1502,32955047407305,32955049277255,19995082,sA-eth3,up,32955049104633,netem,46431752,35682,0,0,0,0,0,44564010,8101,0,44648038,8655,0
1503,32955067401277,32955069196777,19993972,sA-eth3,up,32955069028944,netem,46431752,35682,0,0,0,0,0,44564010,8101,0,44648038,8655,0
1504,32955087398639,32955089186659,19997362,sA-eth3,up,32955089018157,netem,46431752,35682,0,0,0,0,0,44564010,8101,0,44648038,8655,0
1505,32955107411581,32955109729586,20012942,sA-eth3,up,32955109556984,netem,46431752,35682,0,0,0,0,0,44564010,8101,0,44648038,8655,0
1506,32955127407483,32955129438926,19995902,sA-eth3,up,32955129267703,netem,46431752,35682,0,0,0,0,0,44564010,8101,0,44648038,8655,0
1507,32955147401845,32955149237946,19994362,sA-eth3,up,32955149062574,netem,46431752,35682,0,0,0,0,0,44564010,8101,0,44648038,8655,0
1508,32955167401058,32955169178777,19999213,sA-eth3,up,32955168993335,netem,46431752,35682,0,0,0,0,0,44564010,8101,0,44648038,8655,0
1509,32955187404799,32955189224160,20003741,sA-eth3,up,32955189055118,netem,46431752,35682,0,0,0,0,0,44564010,8101,0,44648038,8655,0
1510,32955207406112,32955209261682,20001313,sA-eth3,up,32955209094500,netem,46431752,35682,0,0,0,0,0,44564010,8101,0,44648038,8655,0
1511,32955227423154,32955229749480,20017042,sA-eth3,up,32955229580937,netem,46431752,35682,0,0,0,0,0,44564010,8101,0,44648038,8655,0
1512,32955247400836,32955249409198,19977682,sA-eth3,up,32955249244395,netem,46431752,35682,0,0,0,0,0,44564010,8101,0,44648038,8655,0
1513,32955267404738,32955269292719,20003902,sA-eth3,up,32955269098016,netem,46431752,35682,0,0,0,0,0,44564010,8101,0,44648038,8655,0
1514,32955287413900,32955289339452,20009162,sA-eth3,up,32955289163809,netem,46431752,35682,0,0,0,0,0,44564010,8101,0,44648038,8655,0
1515,32955307405362,32955309772848,19991462,sA-eth3,up,32955309598647,netem,46431752,35682,0,0,0,0,0,44564010,8101,0,44648038,8655,0
1516,32955327397903,32955329528708,19992541,sA-eth3,up,32955329333165,netem,46431752,35682,0,0,0,0,0,44564010,8101,0,44648038,8655,0
1517,32955347407206,32955349264717,20009303,sA-eth3,up,32955349100385,netem,46431752,35682,0,0,0,0,0,44564010,8101,0,44648038,8655,0
1518,32955367416039,32955369297839,20008833,sA-eth3,up,32955369109207,netem,46431752,35682,0,0,0,0,0,44564010,8101,0,44648038,8655,0
1519,32955387407650,32955389260161,19991611,sA-eth3,up,32955389091379,netem,46431752,35682,0,0,0,0,0,44564010,8101,0,44648038,8655,0
1520,32955407399003,32955409169271,19991353,sA-eth3,up,32955408988050,netem,46431752,35682,0,0,0,0,0,44564010,8101,0,44648038,8655,0
1521,32955427405084,32955429702350,20006081,sA-eth3,up,32955429534688,netem,46431752,35682,0,0,0,0,0,44564010,8101,0,44648038,8655,0
1522,32955447400666,32955449276447,19995582,sA-eth3,up,32955449103205,netem,46431822,35683,0,0,0,0,0,44564080,8102,0,44648108,8656,0
1523,32955467397359,32955469603353,19996693,sA-eth3,up,32955469417221,netem,46431822,35683,0,0,0,0,0,44564080,8102,0,44648108,8656,0
1524,32955487400521,32955489640566,20003162,sA-eth3,up,32955489472524,netem,46431822,35683,0,0,0,0,0,44564080,8102,0,44648108,8656,0
1525,32955507395563,32955509370964,19995042,sA-eth3,up,32955509207953,netem,46431822,35683,0,0,0,0,0,44564080,8102,0,44648108,8656,0
1526,32955527400745,32955529228225,20005182,sA-eth3,up,32955529063963,netem,46431822,35683,0,0,0,0,0,44564080,8102,0,44648108,8656,0
1527,32955547422518,32955549370728,20021773,sA-eth3,up,32955549178957,netem,46431822,35683,0,0,0,0,0,44564080,8102,0,44648108,8656,0
1528,32955567406579,32955569223279,19984061,sA-eth3,up,32955569054618,netem,46431822,35683,0,0,0,0,0,44564080,8102,0,44648108,8656,0
1529,32955587408971,32955589238371,20002392,sA-eth3,up,32955589061309,netem,46431822,35683,0,0,0,0,0,44564080,8102,0,44648108,8656,0
1530,32955607401363,32955609233303,19992392,sA-eth3,up,32955609057752,netem,46431822,35683,0,0,0,0,0,44564080,8102,0,44648108,8656,0
1531,32955627402576,32955629290286,20001213,sA-eth3,up,32955629117665,netem,46431822,35683,0,0,0,0,0,44564080,8102,0,44648108,8656,0
1532,32955647400237,32955649208447,19997661,sA-eth3,up,32955649040476,netem,46431822,35683,0,0,0,0,0,44564080,8102,0,44648108,8656,0
1533,32955667401010,32955669196040,20000773,sA-eth3,up,32955669027348,netem,46431822,35683,0,0,0,0,0,44564080,8102,0,44648108,8656,0
1534,32955687405691,32955689235092,20004681,sA-eth3,up,32955689058610,netem,46431822,35683,0,0,0,0,0,44564080,8102,0,44648108,8656,0
1535,32955707412224,32955709277535,20006533,sA-eth3,up,32955709111233,netem,46431822,35683,0,0,0,0,0,44564080,8102,0,44648108,8656,0
1536,32955727406426,32955729260817,19994202,sA-eth3,up,32955729088024,netem,46431822,35683,0,0,0,0,0,44564080,8102,0,44648108,8656,0
1537,32955747398718,32955749185707,19992292,sA-eth3,up,32955749024226,netem,46431822,35683,0,0,0,0,0,44564080,8102,0,44648108,8656,0
1538,32955767404180,32955769490803,20005462,sA-eth3,up,32955769303671,netem,46431822,35683,0,0,0,0,0,44564080,8102,0,44648108,8656,0
1539,32955787413092,32955789798149,20008912,sA-eth3,up,32955789618947,netem,46431822,35683,0,0,0,0,0,44564080,8102,0,44648108,8656,0
1540,32955807400864,32955809289495,19987772,sA-eth3,up,32955809119674,netem,46431822,35683,0,0,0,0,0,44564080,8102,0,44648108,8656,0
1541,32955827460047,32955829918075,20059183,sA-eth3,up,32955829687122,netem,46431822,35683,0,0,0,0,0,44564080,8102,0,44648108,8656,0
1542,32955847404449,32955849665724,19944402,sA-eth3,up,32955849491392,netem,46431822,35683,0,0,0,0,0,44564080,8102,0,44648108,8656,0
1543,32955867410730,32955869314121,20006281,sA-eth3,up,32955869141610,netem,46431822,35683,0,0,0,0,0,44564080,8102,0,44648108,8656,0
1544,32955887402313,32955889298394,19991583,sA-eth3,up,32955889126862,netem,46431822,35683,0,0,0,0,0,44564080,8102,0,44648108,8656,0
1545,32955907399685,32955909406487,19997372,sA-eth3,up,32955909135834,netem,46431822,35683,0,0,0,0,0,44564080,8102,0,44648108,8656,0
1546,32955927398707,32955929274028,19999022,sA-eth3,up,32955929104336,netem,46431822,35683,0,0,0,0,0,44564080,8102,0,44648108,8656,0
1547,32955947394639,32955949227569,19995932,sA-eth3,up,32955949054927,netem,46431822,35683,0,0,0,0,0,44564080,8102,0,44648108,8656,0
1548,32955967401961,32955969304772,20007322,sA-eth3,up,32955969129910,netem,46431822,35683,0,0,0,0,0,44564080,8102,0,44648108,8656,0
1549,32955987395223,32955989226843,19993262,sA-eth3,up,32955989063262,netem,46431822,35683,0,0,0,0,0,44564080,8102,0,44648108,8656,0
1550,32956007399686,32956009222316,20004463,sA-eth3,up,32956009051444,netem,46431822,35683,0,0,0,0,0,44564080,8102,0,44648108,8656,0
1551,32956027398747,32956029252638,19999061,sA-eth3,up,32956029076166,netem,46431822,35683,0,0,0,0,0,44564080,8102,0,44648108,8656,0
1552,32956047404560,32956049755445,20005813,sA-eth3,up,32956049580574,netem,46431822,35683,0,0,0,0,0,44564080,8102,0,44648108,8656,0
1553,32956067398791,32956069481245,19994231,sA-eth3,up,32956069294263,netem,46431822,35683,0,0,0,0,0,44564080,8102,0,44648108,8656,0
1554,32956087398144,32956089226754,19999353,sA-eth3,up,32956089056372,netem,46431822,35683,0,0,0,0,0,44564080,8102,0,44648108,8656,0
1555,32956107402045,32956109266677,20003901,sA-eth3,up,32956109084654,netem,46431822,35683,0,0,0,0,0,44564080,8102,0,44648108,8656,0
1556,32956127403128,32956129288369,20001083,sA-eth3,up,32956129115517,netem,46431822,35683,0,0,0,0,0,44564080,8102,0,44648108,8656,0
1557,32956147405010,32956149263771,20001882,sA-eth3,up,32956149089809,netem,46431822,35683,0,0,0,78,1,44565594,8103,0,44648108,8656,0
1558,32956167398312,32956169229322,19993302,sA-eth3,up,32956169037991,netem,46431900,35684,0,0,0,0,0,44565594,8103,0,44648186,8657,0
1559,32956187401635,32956189219965,20003323,sA-eth3,up,32956189051952,netem,46431900,35684,0,0,0,0,0,44565594,8103,0,44648186,8657,0
1560,32956207402606,32956209390989,20000971,sA-eth3,up,32956209202446,netem,46431900,35684,0,0,0,0,0,44565594,8103,0,44648186,8657,0
1561,32956227399509,32956229740024,19996903,sA-eth3,up,32956229569893,netem,46431900,35684,0,0,0,0,0,44565594,8103,0,44648186,8657,0
1562,32956247400070,32956249396683,20000561,sA-eth3,up,32956249230872,netem,46431900,35684,0,0,0,0,0,44565594,8103,0,44648186,8657,0
1563,32956267404943,32956269219763,20004873,sA-eth3,up,32956269051661,netem,46431900,35684,0,0,0,0,0,44565594,8103,0,44648186,8657,0
1564,32956287409225,32956289266356,20004282,sA-eth3,up,32956289094394,netem,46431900,35684,0,0,0,0,0,44565594,8103,0,44648186,8657,0
1565,32956307403547,32956309699202,19994322,sA-eth3,up,32956309520071,netem,46431900,35684,0,0,0,0,0,44565594,8103,0,44648186,8657,0
1566,32956327398190,32956329454962,19994643,sA-eth3,up,32956329274149,netem,46431900,35684,0,0,0,0,0,44565594,8103,0,44648186,8657,0
1567,32956347403461,32956349695776,20005271,sA-eth3,up,32956349529165,netem,46431900,35684,0,0,0,0,0,44565594,8103,0,44648186,8657,0
1568,32956367398373,32956369254574,19994912,sA-eth3,up,32956369082093,netem,46431978,35685,0,0,0,156,2,44573032,8106,0,44648342,8659,0
1569,32956387402525,32956389330267,20004152,sA-eth3,up,32956389129804,netem,46432278,35689,0,0,0,0,0,44576060,8108,0,44648564,8662,0
1570,32956407403377,32956409285439,20000852,sA-eth3,up,32956409117607,netem,46432278,35689,0,0,0,0,0,44576060,8108,0,44648564,8662,0
1571,32956427397720,32956429207350,19994343,sA-eth3,up,32956429041308,netem,46432278,35689,0,0,0,0,0,44576060,8108,0,44648564,8662,0
1572,32956447399592,32956449300953,20001872,sA-eth3,up,32956449131191,netem,46432278,35689,0,0,0,0,0,44576060,8108,0,44648564,8662,0
1573,32956467398004,32956469375626,19998412,sA-eth3,up,32956469203424,netem,46432348,35690,0,0,0,0,0,44576060,8108,0,44648634,8663,0
1574,32956487400236,32956489300877,20002232,sA-eth3,up,32956489137175,netem,46432348,35690,0,0,0,0,0,44576060,8108,0,44648634,8663,0
1575,32956507399958,32956509305040,19999722,sA-eth3,up,32956509134248,netem,46432348,35690,0,0,0,0,0,44576060,8108,0,44648634,8663,0
1576,32956527402731,32956529322731,20002773,sA-eth3,up,32956529157510,netem,46432348,35690,0,0,0,0,0,44576060,8108,0,44648634,8663,0
1577,32956547409472,32956549656467,20006741,sA-eth3,up,32956549492256,netem,46432348,35690,0,0,0,0,0,44576060,8108,0,44648634,8663,0
1578,32956567408735,32956569318227,19999263,sA-eth3,up,32956569131454,netem,46432684,35694,0,0,0,0,0,44618538,8115,0,44648970,8667,0
1579,32956587395736,32956589202097,19987001,sA-eth3,up,32956589033305,netem,46433574,35705,0,0,0,0,0,44687122,8123,0,44649860,8678,0
1580,32956607368158,32956609721724,19972422,sA-eth3,up,32956609549553,netem,46434432,35716,0,0,0,0,0,44819748,8136,0,44650718,8689,0
1581,32956627406531,32956629523455,20038373,sA-eth3,up,32956629314282,netem,46435252,35726,0,0,0,0,0,44914528,8146,0,44651538,8699,0
1582,32956647406173,32956649570737,19999642,sA-eth3,up,32956649363075,netem,46436148,35738,0,0,0,0,0,45012270,8157,0,44652434,8711,0
1583,32956667394255,32956669194355,19988082,sA-eth3,up,32956668978482,netem,46437036,35750,0,0,0,0,0,45134760,8170,0,44653322,8723,0
1584,32956687357377,32956689257818,19963122,sA-eth3,up,32956689066246,netem,46437990,35763,0,0,0,66,1,45242836,8184,0,44654342,8737,0
1585,32956707374280,32956709250190,20016903,sA-eth3,up,32956709060758,netem,46438738,35773,0,0,0,0,0,45312868,8192,0,44655024,8746,0
1586,32956727400512,32956729334663,20026232,sA-eth3,up,32956729120161,netem,46439436,35782,0,0,0,0,0,45391720,8202,0,44655722,8755,0
1587,32956747405174,32956749233545,20004662,sA-eth3,up,32956749054132,netem,46574926,35881,0,0,0,37936,3,45470968,8218,0,44785932,8774,0
1588,32956767394196,32956769434339,19989022,sA-eth3,up,32956769136486,netem,46831516,36060,0,0,0,51632,6,45550678,8241,0,45032490,8801,0
1589,32956787406608,32956789325510,20012412,sA-eth3,up,32956789140847,netem,47071356,36226,0,0,0,101672,10,45621370,8259,0,45263024,8828,0
1590,32956807405660,32956809853287,19999052,sA-eth3,up,32956809677976,netem,47326356,36402,0,0,0,119840,12,45679162,8279,0,45525632,8854,0
1591,32956827394312,32956829387295,19988652,sA-eth3,up,32956829218123,netem,47569080,36568,0,0,0,133686,15,45732478,8297,0,45760386,8877,0
1592,32956847391195,32956849350116,19996883,sA-eth3,up,32956849171954,netem,47822794,36745,0,0,0,118420,12,45801986,8319,0,46001350,8905,0
1593,32956867402467,32956869417259,20011272,sA-eth3,up,32956869246697,netem,48071848,36918,0,0,0,91028,8,45846482,8335,0,46240636,8930,0
1594,32956887401778,32956889441002,19999311,sA-eth3,up,32956889274020,netem,48334326,37097,0,0,0,122822,10,45880710,8349,0,46476956,8954,0
1595,32956907396461,32956909336333,19994683,sA-eth3,up,32956909164721,netem,48574062,37261,0,0,0,64564,9,45945742,8369,0,46723380,8978,0
1596,32956927393312,32956930190234,19996851,sA-eth3,up,32956929995582,netem,48639320,37318,0,0,0,66,1,46007284,8380,0,46770136,8996,0
1597,32956947407765,32956949552539,20014453,sA-eth3,up,32956949365347,netem,48640554,37329,0,0,0,0,0,46073050,8389,0,46771304,9006,0
1598,32956967405578,32956969438050,19997813,sA-eth3,up,32956969252608,netem,48641196,37338,0,0,0,78,1,46156246,8399,0,46772024,9016,0
1599,32956987404459,32956989299320,19998881,sA-eth3,up,32956989122578,netem,48641718,37345,0,0,0,0,0,46200082,8405,0,46772468,9022,0
1600,32957007398712,32957009286253,19994253,sA-eth3,up,32957009115091,netem,48641718,37345,0,0,0,0,0,46200082,8405,0,46772468,9022,0
1601,32957027393803,32957029243374,19995091,sA-eth3,up,32957029076882,netem,48641718,37345,0,0,0,0,0,46200082,8405,0,46772468,9022,0
1602,32957047406366,32957049339747,20012563,sA-eth3,up,32957049171675,netem,48641718,37345,0,0,0,0,0,46200082,8405,0,46772468,9022,0
1603,32957067400828,32957069264259,19994462,sA-eth3,up,32957069096857,netem,48641718,37345,0,0,0,0,0,46200082,8405,0,46772468,9022,0
1604,32957087390870,32957089664475,19990042,sA-eth3,up,32957089493284,netem,48641718,37345,0,0,0,0,0,46200082,8405,0,46772468,9022,0
1605,32957107408472,32957109466485,20017602,sA-eth3,up,32957109282143,netem,48641718,37345,0,0,0,0,0,46200082,8405,0,46772468,9022,0
1606,32957127409065,32957129357696,20000593,sA-eth3,up,32957129185725,netem,48641718,37345,0,0,0,0,0,46200082,8405,0,46772468,9022,0
1607,32957147400176,32957149344158,19991111,sA-eth3,up,32957149176976,netem,48641718,37345,0,0,0,0,0,46200082,8405,0,46772468,9022,0
1608,32957167397859,32957169271689,19997683,sA-eth3,up,32957169102987,netem,48641718,37345,0,0,0,0,0,46200082,8405,0,46772468,9022,0
1609,32957187399160,32957189222451,20001301,sA-eth3,up,32957189051639,netem,48641718,37345,0,0,0,0,0,46200082,8405,0,46772468,9022,0
1610,32957207404533,32957209252133,20005373,sA-eth3,up,32957209078042,netem,48642084,37350,0,0,0,78,1,46225094,8411,0,46772834,9027,0
1611,32957227407275,32957229294106,20002742,sA-eth3,up,32957229125064,netem,48643118,37363,0,0,0,0,0,46279528,8424,0,46773868,9040,0
1612,32957247400037,32957249193077,19992762,sA-eth3,up,32957249029245,netem,48643952,37374,0,0,0,78,1,46346928,8436,0,46774780,9052,0
1613,32957267398060,32957269298050,19998023,sA-eth3,up,32957269105359,netem,48644790,37385,0,0,0,66,1,46417092,8446,0,46775540,9062,0
1614,32957287404711,32957289265682,20006651,sA-eth3,up,32957289097200,netem,48645456,37394,0,0,0,78,1,46479950,8455,0,46776284,9072,0
1615,32957307404104,32957309280034,19999393,sA-eth3,up,32957309114973,netem,48646026,37401,0,0,0,86,1,46515164,8462,0,46776776,9078,0
1616,32957327391995,32957329263096,19987891,sA-eth3,up,32957329091624,netem,48646688,37410,0,0,0,0,0,46579470,8471,0,46777438,9087,0
1617,32957347398088,32957349211267,20006093,sA-eth3,up,32957349047536,netem,48647252,37418,0,0,0,0,0,46630612,8478,0,46778002,9095,0
1618,32957367403060,32957369311421,20004972,sA-eth3,up,32957369135889,netem,48647642,37423,0,0,0,0,0,46674448,8484,0,46778392,9100,0
1619,32957387396572,32957389281733,19993512,sA-eth3,up,32957389109901,netem,48648164,37430,0,0,0,78,1,46732896,8492,0,46778992,9108,0
1620,32957407403084,32957409661539,20006512,sA-eth3,up,32957409487197,netem,48648472,37434,0,0,0,86,1,46776732,8498,0,46779308,9112,0
1621,32957427399986,32957429690662,19996902,sA-eth3,up,32957429524660,netem,48648846,37439,0,0,0,0,0,46835180,8506,0,46779596,9116,0
1622,32957447393408,32957449415590,19993422,sA-eth3,up,32957449241129,netem,48648912,37440,0,0,0,0,0,46857098,8509,0,46779662,9117,0
1623,32957467412061,32957469282531,20018653,sA-eth3,up,32957469115819,netem,48649380,37446,0,0,0,0,0,46908240,8516,0,46780130,9123,0
1624,32957487403743,32957489271704,19991682,sA-eth3,up,32957489098221,netem,48649860,37452,0,0,0,0,0,46944770,8521,0,46780610,9129,0
1625,32957507400465,32957509215595,19996722,sA-eth3,up,32957509049292,netem,48650226,37457,0,0,0,78,1,46995912,8528,0,46780976,9134,0
1626,32957527399606,32957529238698,19999141,sA-eth3,up,32957529071335,netem,48650850,37465,0,0,0,0,0,47039748,8534,0,46781600,9142,0
1627,32957547401919,32957549280139,20002313,sA-eth3,up,32957549113588,netem,48651114,37469,0,0,0,78,1,47080688,8540,0,46781942,9147,0
1628,32957567401011,32957569349632,19999092,sA-eth3,up,32957569173531,netem,48651656,37476,0,0,0,0,0,47124524,8546,0,46782406,9153,0
1629,32957587417263,32957589413535,20016252,sA-eth3,up,32957589226793,netem,48652284,37484,0,0,0,78,1,47180208,8556,0,46783112,9162,0
1630,32957607406046,32957609744991,19988783,sA-eth3,up,32957609573549,netem,48653034,37495,0,0,0,66,1,47251820,8566,0,46783784,9172,0
1631,32957627403177,32957629601282,19997131,sA-eth3,up,32957629420699,netem,48653642,37503,0,0,0,0,0,47289930,8573,0,46784392,9180,0
1632,32957647405820,32957649490402,20002643,sA-eth3,up,32957649306961,netem,48653728,37504,0,0,0,0,0,47289930,8573,0,46784478,9181,0
1633,32957667391271,32957669353213,19985451,sA-eth3,up,32957669186882,netem,48653728,37504,0,0,0,0,0,47289930,8573,0,46784478,9181,0
1634,32957687400934,32957689390936,20009663,sA-eth3,up,32957689202514,netem,48653728,37504,0,0,0,0,0,47289930,8573,0,46784478,9181,0
1635,32957707396307,32957709258556,19995373,sA-eth3,up,32957709066244,netem,48653728,37504,0,0,0,0,0,47289930,8573,0,46784478,9181,0
1636,32957727408988,32957729311379,20012681,sA-eth3,up,32957729141777,netem,48653728,37504,0,0,0,0,0,47289930,8573,0,46784478,9181,0
1637,32957747402041,32957749341672,19993053,sA-eth3,up,32957749166530,netem,48653728,37504,0,0,0,0,0,47289930,8573,0,46784478,9181,0
1638,32957767404442,32957769618797,20002401,sA-eth3,up,32957769438876,netem,48846096,37632,0,0,0,62074,4,47290524,8582,0,46988146,9195,0
1639,32957787409205,32957789329996,20004763,sA-eth3,up,32957789155744,netem,49095906,37797,0,0,0,49962,3,47291316,8594,0,47225358,9213,0
1640,32957807412817,32957809372458,20003612,sA-eth3,up,32957809179297,netem,49351772,37966,0,0,0,57532,4,47291910,8603,0,47466848,9230,0
1641,32957827406659,32957830186590,19993842,sA-eth3,up,32957829979668,netem,49616722,38141,0,0,0,52990,4,47292834,8617,0,47709852,9249,0
1642,32957847404491,32957849612696,19997832,sA-eth3,up,32957849429863,netem,49859048,38302,0,0,0,37850,3,47295338,8633,0,47942872,9268,0
1643,32957867406973,32957869370115,20002482,sA-eth3,up,32957869194763,netem,50101958,38471,0,0,0,42392,3,47314298,8657,0,48176410,9296,0
1644,32957887414375,32957889978864,20007402,sA-eth3,up,32957889805242,netem,50357030,38649,0,0,0,51542,5,47392626,8681,0,48421582,9323,0
1645,32957907401478,32957909382559,19987103,sA-eth3,up,32957909194007,netem,50596836,38816,0,0,0,85018,9,47470756,8702,0,48668010,9349,0
1646,32957927406999,32957929240380,20005521,sA-eth3,up,32957929063758,netem,50849572,38994,0,0,0,86,1,47519794,8721,0,48894918,9377,0
1647,32957947397872,32957949616696,19990873,sA-eth3,up,32957949433884,netem,50850352,39004,0,0,0,78,1,47588576,8732,0,48895776,9388,0
1648,32957967411683,32957969562887,20013811,sA-eth3,up,32957969369665,netem,50851240,39016,0,0,0,66,1,47664664,8744,0,48896586,9399,0
1649,32957987410616,32957989472898,19998933,sA-eth3,up,32957989281086,netem,50852080,39028,0,0,0,0,0,47740686,8755,0,48897426,9411,0
1650,32958007401047,32958009256869,19990431,sA-eth3,up,32958009084526,netem,50852906,39039,0,0,0,0,0,47816708,8766,0,48898252,9422,0
1651,32958027460130,32958029554014,20059083,sA-eth3,up,32958029308082,netem,50853268,39044,0,0,0,0,0,47844484,8770,0,48898614,9427,0
1652,32958047409053,32958049295563,19948923,sA-eth3,up,32958049120811,netem,50853268,39044,0,0,0,0,0,47844484,8770,0,48898614,9427,0
1653,32958067398014,32958069289745,19988961,sA-eth3,up,32958069117633,netem,50853268,39044,0,0,0,0,0,47844484,8770,0,48898614,9427,0
1654,32958087410367,32958089267147,20012353,sA-eth3,up,32958089090556,netem,50853268,39044,0,0,0,0,0,47844484,8770,0,48898614,9427,0
1655,32958107400058,32958109222639,19989691,sA-eth3,up,32958109052257,netem,50853268,39044,0,0,0,0,0,47844484,8770,0,48898614,9427,0
1656,32958127405680,32958129703166,20005622,sA-eth3,up,32958129535204,netem,50853268,39044,0,0,0,0,0,47844484,8770,0,48898614,9427,0
1657,32958147410612,32958149461055,20004932,sA-eth3,up,32958149280384,netem,50853268,39044,0,0,0,0,0,47844484,8770,0,48898614,9427,0
1658,32958167409825,32958169493858,19999213,sA-eth3,up,32958169303436,netem,50853268,39044,0,0,0,0,0,47844484,8770,0,48898614,9427,0
1659,32958187407257,32958189411599,19997432,sA-eth3,up,32958189235077,netem,50853268,39044,0,0,0,0,0,47844484,8770,0,48898614,9427,0
1660,32958207420109,32958209274250,20012852,sA-eth3,up,32958209105318,netem,50853268,39044,0,0,0,0,0,47844484,8770,0,48898614,9427,0
1661,32958227414191,32958229606196,19994082,sA-eth3,up,32958229424133,netem,50853268,39044,0,0,0,0,0,47844484,8770,0,48898614,9427,0
1662,32958247417593,32958249487116,20003402,sA-eth3,up,32958249303704,netem,50853510,39047,0,0,0,78,1,47860676,8774,0,48898856,9430,0
1663,32958267402065,32958269210515,19984472,sA-eth3,up,32958269046434,netem,50854242,39057,0,0,0,66,1,47925114,8785,0,48899654,9441,0
1664,32958287408358,32958289281588,20006293,sA-eth3,up,32958289106077,netem,50854760,39064,0,0,0,0,0,47968950,8791,0,48900106,9447,0
1665,32958307416180,32958309375632,20007822,sA-eth3,up,32958309208729,netem,50855266,39071,0,0,0,78,1,48027398,8799,0,48900612,9454,0
1666,32958327405532,32958329278782,19989352,sA-eth3,up,32958329106941,netem,50855742,39077,0,0,0,86,1,48063928,8804,0,48901174,9461,0
1667,32958347404393,32958349306615,19998861,sA-eth3,up,32958349118733,netem,50856436,39086,0,0,0,0,0,48122376,8812,0,48901782,9469,0
1668,32958367405056,32958369831823,20000663,sA-eth3,up,32958369666861,netem,50856970,39093,0,0,0,0,0,48180824,8820,0,48902316,9476,0
1669,32958387417469,32958390118839,20012413,sA-eth3,up,32958389894086,netem,50857612,39102,0,0,0,78,1,48253884,8830,0,48902958,9485,0
1670,32958407413700,32958409758627,19996231,sA-eth3,up,32958409582164,netem,50858068,39108,0,0,0,0,0,48283108,8834,0,48903414,9491,0
1671,32958427401763,32958429292423,19988063,sA-eth3,up,32958429125282,netem,50858068,39108,0,0,0,0,0,48283108,8834,0,48903414,9491,0
1672,32958447402674,32958449217555,20000911,sA-eth3,up,32958449056653,netem,50858068,39108,0,0,0,0,0,48283108,8834,0,48903414,9491,0
1673,32958467409157,32958469723562,20006483,sA-eth3,up,32958469556721,netem,50858068,39108,0,0,0,0,0,48283108,8834,0,48903414,9491,0
1674,32958487419259,32958489424371,20010102,sA-eth3,up,32958489239829,netem,50858068,39108,0,0,0,0,0,48283108,8834,0,48903414,9491,0
1675,32958507406131,32958509227551,19986872,sA-eth3,up,32958509057389,netem,50858068,39108,0,0,0,0,0,48283108,8834,0,48903414,9491,0
1676,32958527403033,32958529222313,19996902,sA-eth3,up,32958529049581,netem,50858068,39108,0,0,0,0,0,48283108,8834,0,48903414,9491,0
1677,32958547409935,32958549302266,20006902,sA-eth3,up,32958549127884,netem,50858068,39108,0,0,0,0,0,48283108,8834,0,48903414,9491,0
1678,32958567413218,32958569317208,20003283,sA-eth3,up,32958569139296,netem,50858068,39108,0,0,0,0,0,48283108,8834,0,48903414,9491,0
1679,32958587415969,32958589368781,20002751,sA-eth3,up,32958589181208,netem,50858068,39108,0,0,0,0,0,48283108,8834,0,48903414,9491,0
1680,32958607408811,32958609792328,19992842,sA-eth3,up,32958609615526,netem,50858068,39108,0,0,0,0,0,48283108,8834,0,48903414,9491,0
1681,32958627408573,32958629271984,19999762,sA-eth3,up,32958629094352,netem,50858476,39114,0,0,0,0,0,48319770,8841,0,48903822,9497,0
1682,32958647411826,32958649300026,20003253,sA-eth3,up,32958649127035,netem,50858632,39116,0,0,0,0,0,48327076,8842,0,48903978,9499,0
1683,32958667405227,32958669237538,19993401,sA-eth3,up,32958669057096,netem,50858632,39116,0,0,0,0,0,48327076,8842,0,48903978,9499,0
1684,32958687408960,32958689243620,20003733,sA-eth3,up,32958689066598,netem,50858632,39116,0,0,0,0,0,48327076,8842,0,48903978,9499,0
1685,32958707407131,32958709710897,19998171,sA-eth3,up,32958709542815,netem,50858632,39116,0,0,0,0,0,48327076,8842,0,48903978,9499,0
1686,32958727418924,32958729286584,20011793,sA-eth3,up,32958729118223,netem,50858632,39116,0,0,0,0,0,48327076,8842,0,48903978,9499,0
1687,32958747406126,32958749293386,19987202,sA-eth3,up,32958749118175,netem,50858632,39116,0,0,0,0,0,48327076,8842,0,48903978,9499,0
1688,32958767401858,32958769708314,19995732,sA-eth3,up,32958769543072,netem,50858632,39116,0,0,0,0,0,48327076,8842,0,48903978,9499,0
1689,32958787414030,32958789296781,20012172,sA-eth3,up,32958789116699,netem,50858632,39116,0,0,0,0,0,48327076,8842,0,48903978,9499,0
1690,32958807412272,32958809599067,19998242,sA-eth3,up,32958809419774,netem,50858632,39116,0,0,0,0,0,48327076,8842,0,48903978,9499,0
1691,32958827409764,32958829326156,19997492,sA-eth3,up,32958829151514,netem,50858632,39116,0,0,0,0,0,48327076,8842,0,48903978,9499,0
1692,32958847404116,32958849565710,19994352,sA-eth3,up,32958849384038,netem,50858632,39116,0,0,0,0,0,48327076,8842,0,48903978,9499,0
1693,32958867400888,32958869307410,19996772,sA-eth3,up,32958869077037,netem,50858632,39116,0,0,0,0,0,48327076,8842,0,48903978,9499,0
1694,32958887418351,32958889299161,20017463,sA-eth3,up,32958889123939,netem,50858632,39116,0,0,0,0,0,48327076,8842,0,48903978,9499,0
1695,32958907418673,32958909765658,20000322,sA-eth3,up,32958909589927,netem,50858632,39116,0,0,0,0,0,48327076,8842,0,48903978,9499,0
1696,32958927406395,32958929334036,19987722,sA-eth3,up,32958929165085,netem,50858632,39116,0,0,0,0,0,48327076,8842,0,48903978,9499,0
1697,32958947401336,32958949315668,19994941,sA-eth3,up,32958949143626,netem,50858632,39116,0,0,0,0,0,48327076,8842,0,48903978,9499,0
1698,32958967398909,32958969304120,19997573,sA-eth3,up,32958969130148,netem,50858632,39116,0,0,0,0,0,48327076,8842,0,48903978,9499,0
1699,32958987423391,32958989515275,20024482,sA-eth3,up,32958989315482,netem,50858632,39116,0,0,0,0,0,48327076,8842,0,48903978,9499,0
1700,32959007394113,32959009249013,19970722,sA-eth3,up,32959009084312,netem,50858632,39116,0,0,0,0,0,48327076,8842,0,48903978,9499,0
1701,32959027412525,32959029251986,20018412,sA-eth3,up,32959029071114,netem,50858632,39116,0,0,0,0,0,48327076,8842,0,48903978,9499,0
1702,32959047401787,32959049234857,19989262,sA-eth3,up,32959049063806,netem,50858632,39116,0,0,0,0,0,48327076,8842,0,48903978,9499,0
1703,32959067396039,32959069867746,19994252,sA-eth3,up,32959069699095,netem,50858632,39116,0,0,0,0,0,48327076,8842,0,48903978,9499,0
1704,32959087405101,32959089281082,20009062,sA-eth3,up,32959089103051,netem,50858632,39116,0,0,0,0,0,48327076,8842,0,48903978,9499,0
1705,32959107397264,32959109663419,19992163,sA-eth3,up,32959109495666,netem,50858632,39116,0,0,0,0,0,48327076,8842,0,48903978,9499,0
1706,32959127404825,32959129257896,20007561,sA-eth3,up,32959129088664,netem,50858632,39116,0,0,0,0,0,48327076,8842,0,48903978,9499,0
1707,32959147430668,32959149828085,20025843,sA-eth3,up,32959149638663,netem,50858632,39116,0,0,0,0,0,48327076,8842,0,48903978,9499,0
1708,32959167412549,32959169510904,19981881,sA-eth3,up,32959169313111,netem,50858632,39116,0,0,0,0,0,48327076,8842,0,48903978,9499,0
1709,32959187404722,32959190281284,19992173,sA-eth3,up,32959190101612,netem,50858632,39116,0,0,0,0,0,48327076,8842,0,48903978,9499,0
1710,32959207393135,32959209666739,19988413,sA-eth3,up,32959209496437,netem,50858632,39116,0,0,0,0,0,48327076,8842,0,48903978,9499,0
1711,32959227401846,32959229795653,20008711,sA-eth3,up,32959229613040,netem,50858632,39116,0,0,0,0,0,48327076,8842,0,48903978,9499,0
1712,32959247402229,32959249800455,20000383,sA-eth3,up,32959249622093,netem,50858632,39116,0,0,0,0,0,48327076,8842,0,48903978,9499,0
1713,32959267394960,32959269757267,19992731,sA-eth3,up,32959269583065,netem,50858960,39120,0,0,0,0,0,48337476,8846,0,48904306,9503,0
1714,32959287416023,32959289371184,20021063,sA-eth3,up,32959289192993,netem,50859610,39129,0,0,0,66,1,48365780,8858,0,48904956,9512,0
1715,32959307399055,32959309744001,19983032,sA-eth3,up,32959309567869,netem,50860216,39138,0,0,0,0,0,48388094,8867,0,48905562,9521,0
1716,32959327410997,32959329336548,20011942,sA-eth3,up,32959329154236,netem,50860360,39140,0,0,0,0,0,48391056,8868,0,48905706,9523,0
1717,32959347400569,32959349219409,19989572,sA-eth3,up,32959349048897,netem,50860360,39140,0,0,0,0,0,48391056,8868,0,48905706,9523,0
1718,32959367409182,32959369247962,20008613,sA-eth3,up,32959369074280,netem,50860360,39140,0,0,0,0,0,48391056,8868,0,48905706,9523,0
1719,32959387406044,32959389811370,19996862,sA-eth3,up,32959389631608,netem,50860360,39140,0,0,0,0,0,48391056,8868,0,48905706,9523,0
1720,32959407405186,32959409834262,19999142,sA-eth3,up,32959409662601,netem,50860360,39140,0,0,0,0,0,48391056,8868,0,48905706,9523,0
1721,32959427403128,32959429247869,19997942,sA-eth3,up,32959429072506,netem,50860360,39140,0,0,0,0,0,48391056,8868,0,48905706,9523,0
1722,32959447397130,32959449225080,19994002,sA-eth3,up,32959449056638,netem,50860360,39140,0,0,0,0,0,48391056,8868,0,48905706,9523,0
1723,32959467400892,32959469812698,20003762,sA-eth3,up,32959469641896,netem,50860360,39140,0,0,0,0,0,48391056,8868,0,48905706,9523,0
1724,32959487413584,32959489534438,20012692,sA-eth3,up,32959489339156,netem,50860360,39140,0,0,0,0,0,48391056,8868,0,48905706,9523,0
1725,32959507406486,32959509254157,19992902,sA-eth3,up,32959509068294,netem,50860360,39140,0,0,0,0,0,48391056,8868,0,48905706,9523,0
1726,32959527393068,32959529257179,19986582,sA-eth3,up,32959529089647,netem,50860360,39140,0,0,0,0,0,48391056,8868,0,48905706,9523,0
1727,32959547405890,32959549231441,20012822,sA-eth3,up,32959549063508,netem,50860360,39140,0,0,0,0,0,48391056,8868,0,48905706,9523,0
1728,32959567406852,32959569267723,20000962,sA-eth3,up,32959569097911,netem,50860360,39140,0,0,0,0,0,48391056,8868,0,48905706,9523,0
1729,32959587399374,32959589240295,19992522,sA-eth3,up,32959589059102,netem,50860360,39140,0,0,0,0,0,48391056,8868,0,48905706,9523,0
1730,32959607401546,32959609245027,20002172,sA-eth3,up,32959609076535,netem,50860360,39140,0,0,0,0,0,48391056,8868,0,48905706,9523,0
1731,32959627403809,32959629242519,20002263,sA-eth3,up,32959629071057,netem,50860360,39140,0,0,0,0,0,48391056,8868,0,48905706,9523,0
1732,32959647402360,32959649257792,19998551,sA-eth3,up,32959649087629,netem,50860360,39140,0,0,0,0,0,48391056,8868,0,48905706,9523,0
1733,32959667396803,32959669278863,19994443,sA-eth3,up,32959669105102,netem,50860360,39140,0,0,0,0,0,48391056,8868,0,48905706,9523,0
1734,32959687404024,32959689248255,20007221,sA-eth3,up,32959689070513,netem,50860360,39140,0,0,0,0,0,48391056,8868,0,48905706,9523,0
1735,32959707401707,32959709211446,19997683,sA-eth3,up,32959709046354,netem,50860360,39140,0,0,0,0,0,48391056,8868,0,48905706,9523,0
1736,32959727411479,32959729258960,20009772,sA-eth3,up,32959729089537,netem,50860360,39140,0,0,0,0,0,48391056,8868,0,48905706,9523,0
1737,32959747402121,32959749282571,19990642,sA-eth3,up,32959749112140,netem,50860360,39140,0,0,0,0,0,48391056,8868,0,48905706,9523,0
1738,32959767395732,32959769165473,19993611,sA-eth3,up,32959768983061,netem,50860360,39140,0,0,0,0,0,48391056,8868,0,48905706,9523,0
1739,32959787423035,32959789748500,20027303,sA-eth3,up,32959789574049,netem,50860360,39140,0,0,0,0,0,48391056,8868,0,48905706,9523,0
1740,32959807404088,32959809251317,19981053,sA-eth3,up,32959809083665,netem,50860360,39140,0,0,0,0,0,48391056,8868,0,48905706,9523,0
1741,32959827398209,32959829745645,19994121,sA-eth3,up,32959829564383,netem,50860360,39140,0,0,0,0,0,48391056,8868,0,48905706,9523,0
1742,32959847403172,32959849687327,20004963,sA-eth3,up,32959849521244,netem,50860360,39140,0,0,0,0,0,48391056,8868,0,48905706,9523,0
1743,32959867402083,32959869248644,19998911,sA-eth3,up,32959869069562,netem,50860360,39140,0,0,0,0,0,48391056,8868,0,48905706,9523,0
1744,32959887403496,32959889243846,20001413,sA-eth3,up,32959889068443,netem,50860360,39140,0,0,0,0,0,48391056,8868,0,48905706,9523,0
1745,32959907400247,32959909933896,19996751,sA-eth3,up,32959909757064,netem,50860360,39140,0,0,0,0,0,48391056,8868,0,48905706,9523,0
1746,32959927402210,32959929598894,20001963,sA-eth3,up,32959929418392,netem,50860360,39140,0,0,0,0,0,48391056,8868,0,48905706,9523,0
1747,32959947393721,32959949214432,19991511,sA-eth3,up,32959949045680,netem,50860360,39140,0,0,0,0,0,48391056,8868,0,48905706,9523,0
1748,32959967406794,32959969304035,20013073,sA-eth3,up,32959969119293,netem,50860360,39140,0,0,0,0,0,48391056,8868,0,48905706,9523,0
1749,32959987418366,32959989649001,20011572,sA-eth3,up,32959989471769,netem,50860360,39140,0,0,0,0,0,48391056,8868,0,48905706,9523,0
1750,32960007393978,32960009243459,19975612,sA-eth3,up,32960009073437,netem,50860360,39140,0,0,0,0,0,48391056,8868,0,48905706,9523,0
1751,32960027396660,32960029263200,20002682,sA-eth3,up,32960029089109,netem,50860360,39140,0,0,0,0,0,48391056,8868,0,48905706,9523,0
1752,32960047399022,32960049308183,20002362,sA-eth3,up,32960049133871,netem,50860360,39140,0,0,0,0,0,48391056,8868,0,48905706,9523,0
1753,32960067407685,32960069333426,20008663,sA-eth3,up,32960069160694,netem,50860360,39140,0,0,0,0,0,48391056,8868,0,48905706,9523,0
1754,32960087419166,32960089304278,20011481,sA-eth3,up,32960089123455,netem,50860360,39140,0,0,0,0,0,48391056,8868,0,48905706,9523,0
1755,32960107401759,32960109194299,19982593,sA-eth3,up,32960109029297,netem,50860360,39140,0,0,0,0,0,48391056,8868,0,48905706,9523,0
1756,32960127405811,32960129287132,20004052,sA-eth3,up,32960129074710,netem,50860360,39140,0,0,0,0,0,48391056,8868,0,48905706,9523,0
1757,32960147429833,32960149320224,20024022,sA-eth3,up,32960149137702,netem,50860360,39140,0,0,0,0,0,48391056,8868,0,48905706,9523,0
1758,32960167402925,32960169279955,19973092,sA-eth3,up,32960169102254,netem,50860360,39140,0,0,0,0,0,48391056,8868,0,48905706,9523,0
1759,32960187412448,32960189225688,20009523,sA-eth3,up,32960189050355,netem,50860360,39140,0,0,0,0,0,48391056,8868,0,48905706,9523,0
1760,32960207403990,32960209202740,19991542,sA-eth3,up,32960209035568,netem,50860360,39140,0,0,0,0,0,48391056,8868,0,48905706,9523,0
1761,32960227417672,32960229840329,20013682,sA-eth3,up,32960229652567,netem,50860360,39140,0,0,0,0,0,48391056,8868,0,48905706,9523,0
1762,32960247401163,32960249425257,19983491,sA-eth3,up,32960249246804,netem,50860360,39140,0,0,0,0,0,48391056,8868,0,48905706,9523,0
1763,32960267395856,32960269569210,19994693,sA-eth3,up,32960269375578,netem,50860360,39140,0,0,0,0,0,48391056,8868,0,48905706,9523,0
1764,32960287394828,32960289705573,19998972,sA-eth3,up,32960289524131,netem,50860360,39140,0,0,0,0,0,48391056,8868,0,48905706,9523,0
1765,32960307403580,32960309276591,20008752,sA-eth3,up,32960309099379,netem,50860360,39140,0,0,0,0,0,48391056,8868,0,48905706,9523,0
1766,32960327413502,32960329675718,20009922,sA-eth3,up,32960329499515,netem,50860360,39140,0,0,0,0,0,48391056,8868,0,48905706,9523,0
1767,32960347402904,32960349588118,19989402,sA-eth3,up,32960349407366,netem,50860360,39140,0,0,0,0,0,48391056,8868,0,48905706,9523,0
1768,32960367401516,32960369806013,19998612,sA-eth3,up,32960369616491,netem,50860360,39140,0,0,0,0,0,48391056,8868,0,48905706,9523,0
1769,32960387407959,32960389676534,20006443,sA-eth3,up,32960389505312,netem,50860360,39140,0,0,0,0,0,48391056,8868,0,48905706,9523,0
1770,32960407411151,32960409279151,20003192,sA-eth3,up,32960409114180,netem,50860360,39140,0,0,0,0,0,48391056,8868,0,48905706,9523,0
1771,32960427397322,32960429639807,19986171,sA-eth3,up,32960429457276,netem,50860360,39140,0,0,0,0,0,48391056,8868,0,48905706,9523,0
1772,32960447401255,32960449237395,20003933,sA-eth3,up,32960449070293,netem,50860360,39140,0,0,0,0,0,48391056,8868,0,48905706,9523,0
1773,32960467394026,32960469519490,19992771,sA-eth3,up,32960469333278,netem,50860360,39140,0,0,0,0,0,48391056,8868,0,48905706,9523,0
1774,32960487406159,32960489283670,20012133,sA-eth3,up,32960489117078,netem,50860360,39140,0,0,0,0,0,48391056,8868,0,48905706,9523,0
1775,32960507400751,32960509229691,19994592,sA-eth3,up,32960509061039,netem,50860360,39140,0,0,0,0,0,48391056,8868,0,48905706,9523,0
1776,32960527396233,32960529678828,19995482,sA-eth3,up,32960529510477,netem,50860360,39140,0,0,0,0,0,48391056,8868,0,48905706,9523,0
1777,32960547396846,32960549355587,20000613,sA-eth3,up,32960549193855,netem,50860360,39140,0,0,0,0,0,48391056,8868,0,48905706,9523,0
1778,32960567401347,32960569232108,20004501,sA-eth3,up,32960569069056,netem,50860360,39140,0,0,0,0,0,48391056,8868,0,48905706,9523,0
1779,32960587424479,32960589384021,20023132,sA-eth3,up,32960589194589,netem,50860360,39140,0,0,0,0,0,48391056,8868,0,48905706,9523,0
1780,32960607391481,32960609704087,19967002,sA-eth3,up,32960609536315,netem,50860360,39140,0,0,0,0,0,48391056,8868,0,48905706,9523,0
1781,32960627401363,32960629230543,20009882,sA-eth3,up,32960629061912,netem,50860360,39140,0,0,0,0,0,48391056,8868,0,48905706,9523,0
1782,32960647418446,32960649855352,20017083,sA-eth3,up,32960649678911,netem,50860360,39140,0,0,0,0,0,48391056,8868,0,48905706,9523,0
1783,32960667418598,32960669695213,20000152,sA-eth3,up,32960669517391,netem,50860360,39140,0,0,0,0,0,48391056,8868,0,48905706,9523,0
1784,32960687398030,32960689204790,19979432,sA-eth3,up,32960689037447,netem,50860360,39140,0,0,0,0,0,48391056,8868,0,48905706,9523,0
1785,32960707406022,32960709737378,20007992,sA-eth3,up,32960709567916,netem,50860360,39140,0,0,0,0,0,48391056,8868,0,48905706,9523,0
1786,32960727404534,32960729742660,19998512,sA-eth3,up,32960729567998,netem,50860360,39140,0,0,0,0,0,48391056,8868,0,48905706,9523,0
1787,32960747410096,32960749327857,20005562,sA-eth3,up,32960749157155,netem,50860360,39140,0,0,0,0,0,48391056,8868,0,48905706,9523,0
1788,32960767408748,32960769302618,19998652,sA-eth3,up,32960769133407,netem,50860360,39140,0,0,0,0,0,48391056,8868,0,48905706,9523,0
1789,32960787400451,32960789232971,19991703,sA-eth3,up,32960789056899,netem,50860360,39140,0,0,0,0,0,48391056,8868,0,48905706,9523,0
1790,32960807419642,32960809810089,20019191,sA-eth3,up,32960809621387,netem,50860360,39140,0,0,0,0,0,48391056,8868,0,48905706,9523,0
1791,32960827406235,32960829539558,19986593,sA-eth3,up,32960829348096,netem,50860660,39144,0,0,0,0,0,48407314,8873,0,48906006,9527,0
1792,32960847403346,32960849735503,19997111,sA-eth3,up,32960849509310,netem,50861388,39154,0,0,0,0,0,48449966,8883,0,48906734,9537,0
1793,32960867411609,32960870192670,20008263,sA-eth3,up,32960870000567,netem,50862018,39163,0,0,0,78,1,48518682,8893,0,48907364,9546,0
1794,32960887401911,32960889370062,19990302,sA-eth3,up,32960889189081,netem,50862540,39170,0,0,0,78,1,48569824,8900,0,48907886,9553,0
1795,32960907410173,32960909293444,20008262,sA-eth3,up,32960909121862,netem,50863224,39180,0,0,0,0,0,48645780,8910,0,48908570,9563,0
1796,32960927403455,32960929727951,19993282,sA-eth3,up,32960929550799,netem,50864106,39191,0,0,0,0,0,48699950,8919,0,48909452,9574,0
1797,32960947397097,32960949235428,19993642,sA-eth3,up,32960949058546,netem,50864700,39198,0,0,0,0,0,48757016,8928,0,48910046,9581,0
1798,32960967415870,32960969560824,20018773,sA-eth3,up,32960969364551,netem,50865498,39209,0,0,0,0,0,48805394,8937,0,48910844,9592,0
1799,32960987399901,32960989509375,19984031,sA-eth3,up,32960989317753,netem,50865954,39215,0,0,0,0,0,48846400,8944,0,48911300,9598,0
1800,32961007398223,32961009625299,19998322,sA-eth3,up,32961009435726,netem,50866020,39216,0,0,0,0,0,48883062,8951,0,48911366,9599,0
1801,32961027405656,32961029223636,20007433,sA-eth3,up,32961029048584,netem,50866020,39216,0,0,0,0,0,48883062,8951,0,48911366,9599,0
1802,32961047404298,32961049637532,19998642,sA-eth3,up,32961049375800,netem,50866484,39222,0,0,0,66,1,48918276,8958,0,48911830,9605,0
1803,32961067406741,32961069332122,20002443,sA-eth3,up,32961069152610,netem,50867006,39229,0,0,0,0,0,48954938,8965,0,48912352,9612,0
1804,32961087401852,32961089316464,19995111,sA-eth3,up,32961089135551,netem,50867692,39238,0,0,0,66,1,49009174,8975,0,48913104,9622,0
1805,32961107396585,32961109253855,19994733,sA-eth3,up,32961109083653,netem,50868008,39242,0,0,0,78,1,49038464,8980,0,48913432,9626,0
1806,32961127403566,32961129627671,20006981,sA-eth3,up,32961129460070,netem,50868620,39250,0,0,0,0,0,49075126,8987,0,48913966,9633,0
1807,32961147403738,32961149432031,20000172,sA-eth3,up,32961149258878,netem,50869186,39257,0,0,0,66,1,49121990,8995,0,48914532,9640,0
1808,32961167400821,32961169329021,19997083,sA-eth3,up,32961169157100,netem,50869882,39267,0,0,0,0,0,49166024,9005,0,48915228,9650,0
1809,32961187391673,32961189227923,19990852,sA-eth3,up,32961189060551,netem,50870380,39274,0,0,0,0,0,49212888,9012,0,48915726,9657,0
1810,32961207397295,32961209219805,20005622,sA-eth3,up,32961209047222,netem,50871058,39283,0,0,0,0,0,49265610,9021,0,48916404,9666,0
1811,32961227401746,32961229285418,20004451,sA-eth3,up,32961229106706,netem,50871688,39292,0,0,0,0,0,49319846,9031,0,48917034,9675,0
1812,32961247413499,32961249349621,20011753,sA-eth3,up,32961249168849,netem,50872576,39304,0,0,0,66,1,49372832,9044,0,48917922,9687,0
1813,32961267400401,32961269724717,19986902,sA-eth3,up,32961269530214,netem,50873206,39313,0,0,0,0,0,49418248,9052,0,48918552,9696,0
1814,32961287401143,32961289287584,20000742,sA-eth3,up,32961289115252,netem,50873920,39322,0,0,0,0,0,49470970,9061,0,48919266,9705,0
1815,32961307399866,32961309316566,19998723,sA-eth3,up,32961309147235,netem,50874460,39330,0,0,0,0,0,49529418,9069,0,48919806,9713,0
1816,32961327404957,32961329851145,20005091,sA-eth3,up,32961329674413,netem,50875150,39339,0,0,0,0,0,49585036,9078,0,48920496,9722,0
1817,32961347397990,32961349278760,19993033,sA-eth3,up,32961349103659,netem,50875720,39346,0,0,0,78,1,49602874,9085,0,48921066,9729,0
1818,32961367398181,32961369722487,20000191,sA-eth3,up,32961369545016,netem,51070178,39483,0,0,0,43972,4,49650464,9104,0,49121032,9752,0
1819,32961387402044,32961389774000,20003863,sA-eth3,up,32961389574538,netem,51319050,39655,0,0,0,68208,6,49693644,9122,0,49363098,9777,0
1820,32961407403285,32961409331217,20001241,sA-eth3,up,32961409159606,netem,51575388,39830,0,0,0,60646,5,49725240,9140,0,49593476,9800,0
1821,32961427398208,32961429309809,19994923,sA-eth3,up,32961429140507,netem,51825870,40003,0,0,0,65188,6,49760062,9163,0,49834256,9826,0
1822,32961447396190,32961449209250,19997982,sA-eth3,up,32961449038078,netem,52070256,40172,0,0,0,68364,8,49815024,9184,0,50069204,9852,0
1823,32961467402792,32961469304793,20006602,sA-eth3,up,32961469093211,netem,52326854,40351,0,0,0,66772,6,49858204,9203,0,50315836,9880,0
1824,32961487708348,32961490182885,20305556,sA-eth3,up,32961489950422,netem,52581534,40523,0,0,0,85150,11,49889866,9221,0,50560616,9902,0
1825,32961507415046,32961509530540,19706698,sA-eth3,up,32961509267847,netem,52818414,40689,0,0,0,104598,9,49933046,9239,0,50801354,9929,0
1826,32961527432099,32961529330590,20017053,sA-eth3,up,32961529148088,netem,53074154,40869,0,0,0,0,0,49974976,9260,0,51034030,9957,0
1827,32961547431161,32961549499184,19999062,sA-eth3,up,32961549256691,netem,53074824,40878,0,0,0,0,0,50011770,9269,0,51034700,9966,0
1828,32961567408042,32961569389075,19976881,sA-eth3,up,32961569204313,netem,53074824,40878,0,0,0,0,0,50011770,9269,0,51034700,9966,0
1829,32961587418495,32961589481708,20010453,sA-eth3,up,32961589288235,netem,53074824,40878,0,0,0,0,0,50011770,9269,0,51034700,9966,0
1830,32961607409417,32961609796884,19990922,sA-eth3,up,32961609620722,netem,53074824,40878,0,0,0,0,0,50011770,9269,0,51034700,9966,0
1831,32961627408379,32961629467902,19998962,sA-eth3,up,32961629285009,netem,53074824,40878,0,0,0,0,0,50011770,9269,0,51034700,9966,0
1832,32961647416912,32961649736077,20008533,sA-eth3,up,32961649501125,netem,53074824,40878,0,0,0,0,0,50011770,9269,0,51034700,9966,0
1833,32961667427924,32961669876831,20011012,sA-eth3,up,32961669648388,netem,53074824,40878,0,0,0,0,0,50011770,9269,0,51034700,9966,0
1834,32961687412316,32961689426318,19984392,sA-eth3,up,32961689194806,netem,53074824,40878,0,0,0,0,0,50011770,9269,0,51034700,9966,0
1835,32961707423187,32961709368150,20010871,sA-eth3,up,32961709157507,netem,53074824,40878,0,0,0,0,0,50011770,9269,0,51034700,9966,0
1836,32961727413780,32961729413002,19990593,sA-eth3,up,32961729184269,netem,53074824,40878,0,0,0,0,0,50011770,9269,0,51034700,9966,0
1837,32961747419472,32961749530105,20005692,sA-eth3,up,32961749284263,netem,53074824,40878,0,0,0,0,0,50011770,9269,0,51034700,9966,0
1838,32961767412904,32961769902582,19993432,sA-eth3,up,32961769670479,netem,53074980,40880,0,0,0,78,1,50019208,9272,0,51034934,9969,0
1839,32961787414206,32961789602650,20001302,sA-eth3,up,32961789357327,netem,53075586,40889,0,0,0,78,1,50071996,9282,0,51035462,9977,0
1840,32961807401348,32961809655383,19987142,sA-eth3,up,32961809475101,netem,53076162,40897,0,0,0,66,1,50113002,9289,0,51036104,9986,0
1841,32961827410661,32961829573444,20009313,sA-eth3,up,32961829386272,netem,53076672,40904,0,0,0,86,1,50154008,9296,0,51036634,9993,0
1842,32961847406282,32961849773679,19995621,sA-eth3,up,32961849559246,netem,53077358,40913,0,0,0,0,0,50195146,9305,0,51037234,10001,0
1843,32961867419095,32961869726370,20012813,sA-eth3,up,32961869478688,netem,53077778,40919,0,0,0,0,0,50227398,9311,0,51037654,10007,0
1844,32961887413647,32961889710452,19994552,sA-eth3,up,32961889474720,netem,53078438,40929,0,0,0,0,0,50299010,9321,0,51038314,10017,0
1845,32961907427749,32961909575993,20014102,sA-eth3,up,32961909332280,netem,53079112,40938,0,0,0,0,0,50370688,9332,0,51038988,10026,0
1846,32961927428510,32961929864808,20000761,sA-eth3,up,32961929622175,netem,53080136,40952,0,0,0,0,0,50474354,9345,0,51040012,10040,0
1847,32961947429253,32961949699538,20000743,sA-eth3,up,32961949463825,netem,53080922,40963,0,0,0,86,1,50573544,9356,0,51040884,10052,0
1848,32961967422195,32961969570779,19992942,sA-eth3,up,32961969324336,netem,53081686,40973,0,0,0,132,2,50675630,9367,0,51041628,10062,0
1849,32961987404627,32961989496061,19982432,sA-eth3,up,32961989298579,netem,53082838,40989,0,0,0,0,0,50808388,9382,0,51042714,10077,0
1850,32962007412569,32962009555152,20007942,sA-eth3,up,32962009365311,netem,53083792,41002,0,0,0,66,1,50952542,9395,0,51043668,10090,0
1851,32962027403181,32962029611186,19990612,sA-eth3,up,32962029425313,netem,53083924,41004,0,0,0,0,0,50952542,9395,0,51043800,10092,0
1852,32962047406413,32962049639878,20003232,sA-eth3,up,32962049404406,netem,53083924,41004,0,0,0,0,0,50952542,9395,0,51043800,10092,0
1853,32962067401435,32962069729832,19995022,sA-eth3,up,32962069541289,netem,53083924,41004,0,0,0,0,0,50952542,9395,0,51043800,10092,0
1854,32962087399327,32962089693473,19997892,sA-eth3,up,32962089519271,netem,53083924,41004,0,0,0,0,0,50952542,9395,0,51043800,10092,0
1855,32962107395510,32962110260322,19996183,sA-eth3,up,32962110094729,netem,53083966,41005,0,0,0,0,0,50952584,9396,0,51043842,10093,0
1856,32962127396792,32962129955880,20001282,sA-eth3,up,32962129785749,netem,53083966,41005,0,0,0,0,0,50952584,9396,0,51043842,10093,0
1857,32962147393624,32962150030363,19996832,sA-eth3,up,32962149827071,netem,53083966,41005,0,0,0,0,0,50952584,9396,0,51043842,10093,0
1858,32962167422266,32962169520000,20028642,sA-eth3,up,32962169267327,netem,53083966,41005,0,0,0,0,0,50952584,9396,0,51043842,10093,0
1859,32962187422188,32962189436670,19999922,sA-eth3,up,32962189200068,netem,53083966,41005,0,0,0,0,0,50952584,9396,0,51043842,10093,0
1860,32962207417580,32962209289231,19995392,sA-eth3,up,32962209099259,netem,53083966,41005,0,0,0,0,0,50952584,9396,0,51043842,10093,0
1861,32962227428132,32962229385134,20010552,sA-eth3,up,32962229143142,netem,53083966,41005,0,0,0,0,0,50952584,9396,0,51043842,10093,0
1862,32962247411835,32962249826071,19983703,sA-eth3,up,32962249590618,netem,53083966,41005,0,0,0,0,0,50952584,9396,0,51043842,10093,0
1863,32962267424757,32962269524040,20012922,sA-eth3,up,32962269281677,netem,53083966,41005,0,0,0,0,0,50952584,9396,0,51043842,10093,0
1864,32962287423489,32962289442141,19998732,sA-eth3,up,32962289205559,netem,53083966,41005,0,0,0,0,0,50952584,9396,0,51043842,10093,0
1865,32962307421971,32962309453004,19998482,sA-eth3,up,32962309218271,netem,53083966,41005,0,0,0,0,0,50952584,9396,0,51043842,10093,0
1866,32962327418003,32962329465265,19996032,sA-eth3,up,32962329223833,netem,53083966,41005,0,0,0,0,0,50952584,9396,0,51043842,10093,0
1867,32962347419776,32962349551479,20001773,sA-eth3,up,32962349289016,netem,53083966,41005,0,0,0,0,0,50952584,9396,0,51043842,10093,0
1868,32962367413817,32962369834704,19994041,sA-eth3,up,32962369599362,netem,53084278,41009,0,0,0,86,1,51029724,9402,0,51044154,10097,0
1869,32962387406520,32962389612643,19992703,sA-eth3,up,32962389340541,netem,53085250,41021,0,0,0,78,1,51162374,9415,0,51045204,10110,0
1870,32962407412821,32962409681946,20006301,sA-eth3,up,32962409402143,netem,53085828,41028,0,0,0,0,0,51185938,9421,0,51045704,10116,0
1871,32962427426974,32962429754739,20014153,sA-eth3,up,32962429515867,netem,53086724,41040,0,0,0,78,1,51292632,9436,0,51046678,10129,0
1872,32962447406965,32962449763552,19979991,sA-eth3,up,32962449470429,netem,53087952,41056,0,0,0,0,0,51438356,9450,0,51047828,10144,0
1873,32962467435728,32962470392011,20028763,sA-eth3,up,32962470126858,netem,53088978,41069,0,0,0,0,0,51595664,9464,0,51048854,10157,0
1874,32962487405880,32962490181371,19970152,sA-eth3,up,32962489883957,netem,53089950,41083,0,0,0,0,0,51796478,9479,0,51049826,10171,0
1875,32962507417242,32962509572166,20011362,sA-eth3,up,32962509328453,netem,53090826,41095,0,0,0,0,0,51873948,9490,0,51050702,10183,0
1876,32962527404104,32962529773640,19986862,sA-eth3,up,32962529548418,netem,53091684,41106,0,0,0,94,1,51947074,9501,0,51051654,10195,0
1877,32962547410476,32962549549670,20006372,sA-eth3,up,32962549295897,netem,53196972,41186,0,0,0,48592,5,52039222,9515,0,51171646,10213,0
1878,32962567371488,32962569277349,19961012,sA-eth3,up,32962569086027,netem,53267582,41245,0,0,0,3028,1,52170862,9535,0,51220924,10234,0
1879,32962587408610,32962589388232,20037122,sA-eth3,up,32962589158809,netem,53298526,41273,0,0,0,0,0,52253006,9551,0,51251208,10252,0
1880,32962607406363,32962609387284,19997753,sA-eth3,up,32962609129731,netem,53300754,41283,0,0,0,94,1,52368124,9562,0,51253530,10263,0
1881,32962627417585,32962629284025,20011222,sA-eth3,up,32962629078823,netem,53301774,41297,0,0,0,0,0,52499236,9574,0,51254456,10276,0
1882,32962647403017,32962649267598,19985432,sA-eth3,up,32962649067085,netem,53317292,41312,0,0,0,78,1,52553538,9585,0,51269644,10286,0
1883,32962667406779,32962669387831,20003762,sA-eth3,up,32962669206399,netem,53319706,41325,0,0,0,66,1,52654242,9597,0,51272058,10299,0
1884,32962687406181,32962689893398,19999402,sA-eth3,up,32962689715517,netem,53320696,41338,0,0,0,0,0,52765082,9609,0,51273048,10312,0
1885,32962707404073,32962709363465,19997892,sA-eth3,up,32962709186763,netem,53321546,41349,0,0,0,78,1,52870130,9621,0,51273976,10324,0
1886,32962727411925,32962729337237,20007852,sA-eth3,up,32962729158685,netem,53349512,41376,0,0,0,0,0,52959316,9634,0,51301270,10341,0
1887,32962747428558,32962749529662,20016633,sA-eth3,up,32962749322729,netem,53351846,41387,0,0,0,0,0,53054478,9643,0,51303604,10352,0
1888,32962767421740,32962769415112,19993182,sA-eth3,up,32962769231340,netem,53351846,41387,0,0,0,0,0,53054478,9643,0,51303604,10352,0
1889,32962787408911,32962789317093,19987171,sA-eth3,up,32962789141831,netem,53351846,41387,0,0,0,0,0,53054478,9643,0,51303604,10352,0
1890,32962807398484,32962809415356,19989573,sA-eth3,up,32962809189793,netem,53556236,41522,0,0,0,37850,3,53055270,9655,0,51500074,10367,0
1891,32962827399286,32962829355777,20000802,sA-eth3,up,32962829178936,netem,53798476,41682,0,0,0,45420,3,53056194,9669,0,51747422,10385,0
1892,32962847398718,32962849402850,19999432,sA-eth3,up,32962849222148,netem,54048286,41847,0,0,0,52990,4,53056986,9681,0,51987530,10403,0
1893,32962867397531,32962869906928,19998813,sA-eth3,up,32962869621135,netem,54305666,42017,0,0,0,52990,4,53057844,9694,0,52234878,10421,0
1894,32962887412252,32962889260443,20014721,sA-eth3,up,32962889086881,netem,54547906,42177,0,0,0,63588,4,53058834,9709,0,52467746,10439,0
1895,32962907411954,32962909293275,19999702,sA-eth3,up,32962909104444,netem,54797716,42342,0,0,0,52990,4,53059758,9723,0,52707854,10457,0
1896,32962927409516,32962929354878,19997562,sA-eth3,up,32962929177525,netem,55061152,42516,0,0,0,31794,3,53060682,9737,0,52946514,10475,0
1897,32962947402648,32962949402350,19993132,sA-eth3,up,32962949224249,netem,55293308,42670,0,0,0,0,0,53061804,9754,0,53169694,10493,0
1898,32962967408490,32962969643805,20005842,sA-eth3,up,32962969458234,netem,55293988,42678,0,0,0,0,0,53173960,9764,0,53170374,10501,0
1899,32962987402723,32962989915280,19994233,sA-eth3,up,32962989722398,netem,55294854,42689,0,0,0,86,1,53289168,9776,0,53171326,10513,0
1900,32963007410625,32963009724561,20007902,sA-eth3,up,32963009510838,netem,55295744,42700,0,0,0,86,1,53397046,9787,0,53172130,10524,0
1901,32963027405576,32963029317068,19994951,sA-eth3,up,32963029121776,netem,55296708,42712,0,0,0,0,0,53529672,9800,0,53173094,10535,0
1902,32963047403209,32963049239099,19997633,sA-eth3,up,32963049061357,netem,55297532,42724,0,0,0,0,0,53652228,9814,0,53173918,10547,0
1903,32963074500940,32963076778855,27097731,sA-eth3,up,32963076607913,netem,55298830,42741,0,0,0,0,0,53818422,9831,0,53175216,10564,0
1904,32963087400873,32963089372205,12899933,sA-eth3,up,32963089195213,netem,55299526,42751,0,0,0,0,0,53924786,9841,0,53175912,10574,0
1905,32963107403276,32963109379308,20002403,sA-eth3,up,32963109202536,netem,55300354,42763,0,0,0,66,1,54082028,9854,0,53176806,10587,0
1906,32963127410167,32963129273719,20006891,sA-eth3,up,32963129103046,netem,55301228,42774,0,0,0,86,1,54210112,9864,0,53177614,10597,0
1907,32963147413060,32963149773855,20002893,sA-eth3,up,32963149592604,netem,55302230,42787,0,0,0,78,1,54370316,9878,0,53178694,10611,0
1908,32963167407371,32963169303853,19994311,sA-eth3,up,32963169125281,netem,55303044,42798,0,0,0,86,1,54488330,9889,0,53179430,10621,0
1909,32963187397454,32963189293225,19990083,sA-eth3,up,32963189114433,netem,55304328,42814,0,0,0,78,1,54603712,9904,0,53180714,10637,0
1910,32963207407466,32963209231457,20010012,sA-eth3,up,32963209053904,netem,55305246,42827,0,0,0,78,1,54724754,9917,0,53181710,10651,0
1911,32963227400728,32963229207438,19993262,sA-eth3,up,32963229036016,netem,55306158,42839,0,0,0,78,1,54826906,9929,0,53182544,10662,0
1912,32963247393241,32963249248320,19992513,sA-eth3,up,32963249078899,netem,55307244,42854,0,0,0,66,1,54962626,9945,0,53183630,10677,0
1913,32963267398052,32963269321554,20004811,sA-eth3,up,32963269132621,netem,55308074,42865,0,0,0,66,1,55073466,9957,0,53184526,10689,0
1914,32963287399864,32963289280865,20001812,sA-eth3,up,32963289069503,netem,55309080,42878,0,0,0,0,0,55174104,9968,0,53185466,10701,0
1915,32963307401476,32963309278158,20001612,sA-eth3,up,32963309092895,netem,55309290,42881,0,0,0,0,0,55184820,9970,0,53185676,10704,0
1916,32963327402108,32963329232149,20000632,sA-eth3,up,32963329059837,netem,55309290,42881,0,0,0,0,0,55184820,9970,0,53185676,10704,0
1917,32963347405771,32963349292482,20003663,sA-eth3,up,32963349115019,netem,55528910,43027,0,0,0,48448,3,55185678,9983,0,53396716,10720,0
1918,32963367401113,32963369725218,19995342,sA-eth3,up,32963369550127,netem,55793860,43202,0,0,0,22710,2,55186602,9997,0,53651370,10739,0
1919,32963387399415,32963389232275,19998302,sA-eth3,up,32963389056953,netem,56036100,43362,0,0,0,36336,3,55187328,10008,0,53884172,10756,0
1920,32963407408357,32963409292618,20008942,sA-eth3,up,32963409116386,netem,56278340,43522,0,0,0,45420,3,55188120,10020,0,54131652,10776,0
1921,32963427400419,32963429304200,19992062,sA-eth3,up,32963429131518,netem,56528150,43687,0,0,0,37850,3,55189044,10034,0,54371760,10794,0
1922,32963447395991,32963449243112,19995572,sA-eth3,up,32963449076460,netem,56785530,43857,0,0,0,30280,2,55189902,10047,0,54604628,10812,0
1923,32963467398314,32963469271655,20002323,sA-eth3,up,32963469097053,netem,57027770,44017,0,0,0,45420,3,55191024,10064,0,54851976,10830,0
1924,32963487368665,32963489721612,19970351,sA-eth3,up,32963489531399,netem,57277580,44182,0,0,0,59046,4,55191750,10075,0,55094980,10848,0
1925,32963507401368,32963509400729,20032703,sA-eth3,up,32963509166847,netem,57502166,44331,0,0,0,0,0,55192410,10085,0,55293346,10863,0
1926,32963527405130,32963529301411,20003762,sA-eth3,up,32963529119549,netem,57503210,44339,0,0,0,0,0,55258122,10093,0,55294390,10871,0
1927,32963547400242,32963549284133,19995112,sA-eth3,up,32963549063120,netem,57504180,44352,0,0,0,66,1,55393776,10108,0,55295426,10885,0
1928,32963567400804,32963569311496,20000562,sA-eth3,up,32963569107013,netem,57505080,44364,0,0,0,86,1,55495862,10119,0,55296260,10896,0
1929,32963587416237,32963589874673,20015433,sA-eth3,up,32963589642620,netem,57506020,44376,0,0,0,78,1,55606702,10131,0,55297278,10909,0
1930,32963607401868,32963609418150,19985631,sA-eth3,up,32963609193718,netem,57506742,44385,0,0,0,86,1,55692728,10140,0,55297922,10917,0
1931,32963627381631,32963629217740,19979763,sA-eth3,up,32963629039389,netem,57507904,44400,0,0,0,0,0,55813770,10153,0,55299084,10932,0
1932,32963647400242,32963649783789,20018611,sA-eth3,up,32963649591877,netem,57508544,44408,0,0,0,0,0,55909998,10163,0,55299724,10940,0
1933,32963667409095,32963669430707,20008853,sA-eth3,up,32963669253705,netem,57611070,44489,0,0,0,33374,3,56031436,10182,0,55398290,10961,0
1934,32963687403256,32963689435439,19994161,sA-eth3,up,32963689254748,netem,57849306,44653,0,0,0,85006,9,56108448,10208,0,55644794,10987,0
1935,32963707400749,32963709278849,19997493,sA-eth3,up,32963709101618,netem,58105964,44832,0,0,0,103030,8,56179074,10225,0,55873978,11013,0
1936,32963727399710,32963729316392,19998961,sA-eth3,up,32963729147120,netem,58362450,45009,0,0,0,101688,10,56271618,10247,0,56120498,11039,0
1937,32963747403303,32963749358425,20003593,sA-eth3,up,32963749184013,netem,58601244,45180,0,0,0,125936,11,56371534,10267,0,56367560,11072,0
1938,32963767412206,32963769811301,20008903,sA-eth3,up,32963769616540,netem,58857744,45356,0,0,0,119786,11,56414846,10287,0,56612580,11096,0
1939,32963787413847,32963789404259,20001641,sA-eth3,up,32963789225128,netem,59114346,45533,0,0,0,119880,11,56459474,10305,0,56843288,11122,0
1940,32963807398519,32963809671335,19984672,sA-eth3,up,32963809495742,netem,59352506,45695,0,0,0,153196,14,56493966,10323,0,57089744,11146,0
1941,32963827419291,32963829374823,20020772,sA-eth3,up,32963829180382,netem,59603216,45870,0,0,0,105308,11,56550442,10345,0,57313216,11173,0
1942,32963847404914,32963849790220,19985623,sA-eth3,up,32963849611999,netem,59709668,45958,0,0,0,66,1,56647330,10365,0,57415510,11197,0
1943,32963867399175,32963869475009,19994261,sA-eth3,up,32963869289316,netem,59710606,45971,0,0,0,0,0,56737898,10377,0,57416448,11210,0
1944,32963887397038,32963889260289,19997863,sA-eth3,up,32963889068986,netem,59711372,45980,0,0,0,78,1,56821160,10388,0,57417292,11220,0
1945,32963907405390,32963909310341,20008352,sA-eth3,up,32963909125519,netem,59712410,45995,0,0,0,0,0,56940754,10401,0,57418252,11234,0
1946,32963927406052,32963929764198,20000662,sA-eth3,up,32963929569146,netem,59713418,46007,0,0,0,86,1,57092336,10416,0,57419346,11247,0
1947,32963947403054,32963949300465,19997002,sA-eth3,up,32963949114763,netem,59714494,46021,0,0,0,0,0,57200346,10429,0,57420336,11260,0
1948,32963967403036,32963969584470,19999982,sA-eth3,up,32963969397688,netem,59715122,46029,0,0,0,0,0,57282028,10438,0,57420964,11268,0
1949,32963987397818,32963989362660,19994782,sA-eth3,up,32963989182768,netem,59715518,46035,0,0,0,0,0,57313148,10442,0,57421360,11274,0
1950,32964007415951,32964009297301,20018133,sA-eth3,up,32964009124679,netem,59715518,46035,0,0,0,0,0,57313148,10442,0,57421360,11274,0
1951,32964027394842,32964029280174,19978891,sA-eth3,up,32964029108162,netem,59715518,46035,0,0,0,0,0,57313148,10442,0,57421360,11274,0
1952,32964047363815,32964049726991,19968973,sA-eth3,up,32964049537028,netem,59715518,46035,0,0,0,0,0,57313148,10442,0,57421360,11274,0
1953,32964067404046,32964069318968,20040231,sA-eth3,up,32964069139696,netem,59715518,46035,0,0,0,0,0,57313148,10442,0,57421360,11274,0
1954,32964087407419,32964090361332,20003373,sA-eth3,up,32964090183480,netem,59715518,46035,0,0,0,0,0,57313148,10442,0,57421360,11274,0
1955,32964107400841,32964110106731,19993422,sA-eth3,up,32964109901930,netem,59715518,46035,0,0,0,0,0,57313148,10442,0,57421360,11274,0
1956,32964127395103,32964129667188,19994262,sA-eth3,up,32964129494646,netem,59715518,46035,0,0,0,0,0,57313148,10442,0,57421360,11274,0
1957,32964147397046,32964149235435,20001943,sA-eth3,up,32964149064694,netem,59715518,46035,0,0,0,0,0,57313148,10442,0,57421360,11274,0
1958,32964167404267,32964169416049,20007221,sA-eth3,up,32964169225318,netem,59715674,46037,0,0,0,78,1,57354046,10447,0,57421516,11276,0
1959,32964187405830,32964189404542,20001563,sA-eth3,up,32964189217700,netem,59716604,46050,0,0,0,0,0,57475088,10460,0,57422446,11289,0
1960,32964207400471,32964209939390,19994641,sA-eth3,up,32964209746268,netem,59717378,46061,0,0,0,0,0,57575726,10471,0,57423220,11300,0
1961,32964227397994,32964229494966,19997523,sA-eth3,up,32964229284254,netem,59718098,46071,0,0,0,0,0,57647206,10479,0,57423940,11310,0
1962,32964247411426,32964249304337,20013432,sA-eth3,up,32964249121715,netem,59718098,46071,0,0,0,0,0,57647206,10479,0,57423940,11310,0
1963,32964267401078,32964269316870,19989652,sA-eth3,up,32964269123137,netem,59718098,46071,0,0,0,0,0,57647206,10479,0,57423940,11310,0
1964,32964287402570,32964289283811,20001492,sA-eth3,up,32964289084908,netem,59718098,46071,0,0,0,0,0,57647206,10479,0,57423940,11310,0
1965,32964307398572,32964309246573,19996002,sA-eth3,up,32964309052821,netem,59718098,46071,0,0,0,0,0,57647206,10479,0,57423940,11310,0
1966,32964327402454,32964329248445,20003882,sA-eth3,up,32964329064282,netem,59718098,46071,0,0,0,0,0,57647206,10479,0,57423940,11310,0
1967,32964347411916,32964349896354,20009462,sA-eth3,up,32964349690482,netem,59802972,46128,0,0,0,33308,2,57647602,10485,0,57521508,11318,0
1968,32964367396509,32964369325590,19984593,sA-eth3,up,32964369146978,netem,60040670,46285,0,0,0,51476,4,57648130,10493,0,57749834,11333,0
1969,32964387397980,32964389230621,20001471,sA-eth3,up,32964389060079,netem,60117884,46336,0,0,0,0,0,57648130,10493,0,57808084,11338,0
1970,32964407398142,32964409241754,20000162,sA-eth3,up,32964409060191,netem,60117884,46336,0,0,0,0,0,57648130,10493,0,57808084,11338,0
1971,32964427401925,32964429330046,20003783,sA-eth3,up,32964429140595,netem,60117884,46336,0,0,0,0,0,57648130,10493,0,57808084,11338,0
1972,32964447399386,32964449350509,19997461,sA-eth3,up,32964449174346,netem,60117884,46336,0,0,0,0,0,57648130,10493,0,57808084,11338,0
1973,32964467399749,32964469332371,20000363,sA-eth3,up,32964469155449,netem,60117884,46336,0,0,0,0,0,57648130,10493,0,57808084,11338,0
1974,32964487399111,32964489209161,19999362,sA-eth3,up,32964489045749,netem,60117884,46336,0,0,0,0,0,57648130,10493,0,57808084,11338,0
1975,32964507419233,32964509351175,20020122,sA-eth3,up,32964509169153,netem,60117884,46336,0,0,0,0,0,57648130,10493,0,57808084,11338,0
1976,32964527398416,32964529680811,19979183,sA-eth3,up,32964529500169,netem,60117884,46336,0,0,0,0,0,57648130,10493,0,57808084,11338,0
1977,32964547404877,32964549234357,20006461,sA-eth3,up,32964549062986,netem,60117884,46336,0,0,0,0,0,57648130,10493,0,57808084,11338,0
1978,32964567396400,32964569198270,19991523,sA-eth3,up,32964569024567,netem,60117884,46336,0,0,0,0,0,57648130,10493,0,57808084,11338,0
1979,32964587417531,32964589326513,20021131,sA-eth3,up,32964589145611,netem,60117884,46336,0,0,0,0,0,57648130,10493,0,57808084,11338,0
1980,32964607409024,32964609349086,19991493,sA-eth3,up,32964609171714,netem,60246574,46421,0,0,0,33308,2,57648472,10498,0,57931824,11348,0
1981,32964627395665,32964629226036,19986641,sA-eth3,up,32964629057294,netem,60485786,46579,0,0,0,49962,3,57648934,10505,0,58177790,11367,0
1982,32964647410778,32964649256578,20015113,sA-eth3,up,32964649085727,netem,60603878,46657,0,0,0,0,0,57648934,10505,0,58275268,11374,0
1983,32964667400739,32964669865367,19989961,sA-eth3,up,32964669685826,netem,60709858,46727,0,0,0,68130,4,57649000,10506,0,58377024,11380,0
1984,32964687410332,32964689360064,20009593,sA-eth3,up,32964689166162,netem,60962696,46894,0,0,0,19682,1,57649000,10506,0,58619830,11395,0
1985,32964707404274,32964709294565,19993942,sA-eth3,up,32964709115803,netem,61018714,46931,0,0,0,24224,2,57649066,10507,0,58673670,11399,0
1986,32964727402926,32964729622781,19998652,sA-eth3,up,32964729451329,netem,61203422,47053,0,0,0,24224,2,57649066,10507,0,58863032,11416,0
1987,32964747398869,32964749709854,19995943,sA-eth3,up,32964749540892,netem,61416896,47194,0,0,0,22710,2,57649132,10508,0,59056672,11433,0
1988,32964767405760,32964769399552,20006891,sA-eth3,up,32964769228221,netem,61659136,47354,0,0,0,30280,2,57649198,10509,0,59304086,11451,0
1989,32964787404793,32964789460756,19999033,sA-eth3,up,32964789268803,netem,61912488,47522,0,0,0,0,0,57649198,10509,0,59533058,11469,0
1990,32964807410555,32964809693120,20005762,sA-eth3,up,32964809518528,netem,61912488,47522,0,0,0,0,0,57649198,10509,0,59533058,11469,0
1991,32964827409917,32964829259007,19999362,sA-eth3,up,32964829081396,netem,61912488,47522,0,0,0,0,0,57649264,10510,0,59533058,11469,0
1992,32964847400248,32964849284020,19990331,sA-eth3,up,32964849111407,netem,61912488,47522,0,0,0,0,0,57649264,10510,0,59533058,11469,0
1993,32964867409131,32964869309912,20008883,sA-eth3,up,32964869129330,netem,61912488,47522,0,0,0,0,0,57649264,10510,0,59533058,11469,0
1994,32964887405473,32964889235763,19996342,sA-eth3,up,32964889061081,netem,61912488,47522,0,0,0,0,0,57649264,10510,0,59533058,11469,0
1995,32964907396305,32964909206605,19990832,sA-eth3,up,32964909038193,netem,61912488,47522,0,0,0,0,0,57649264,10510,0,59533058,11469,0
1996,32964927408708,32964929369049,20012403,sA-eth3,up,32964929187987,netem,61912488,47522,0,0,0,0,0,57649264,10510,0,59533058,11469,0
1997,32964947401139,32964949310920,19992431,sA-eth3,up,32964949135898,netem,61912488,47522,0,0,0,0,0,57649264,10510,0,59533058,11469,0
1998,32964967396041,32964969182551,19994902,sA-eth3,up,32964968997739,netem,61912488,47522,0,0,0,0,0,57649264,10510,0,59533058,11469,0
1999,32964987398543,32964989186243,20002502,sA-eth3,up,32964989000942,netem,61912488,47522,0,0,0,0,0,57649264,10510,0,59533058,11469,0
2000,32965007404365,32965009239736,20005822,sA-eth3,up,32965009063384,netem,61912488,47522,0,0,0,0,0,57649264,10510,0,59533058,11469,0
2001,32965027403957,32965029309819,19999592,sA-eth3,up,32965029136116,netem,61912488,47522,0,0,0,0,0,57649264,10510,0,59533058,11469,0
2002,32965047393520,32965049289621,19989563,sA-eth3,up,32965049119199,netem,61912488,47522,0,0,0,0,0,57649264,10510,0,59533058,11469,0
2003,32965067404342,32965069229312,20010822,sA-eth3,up,32965069060430,netem,61912488,47522,0,0,0,0,0,57649264,10510,0,59533058,11469,0
2004,32965087419944,32965089332206,20015602,sA-eth3,up,32965089147673,netem,61912488,47522,0,0,0,0,0,57649264,10510,0,59533058,11469,0
2005,32965107423396,32965110268688,20003452,sA-eth3,up,32965110074095,netem,61912488,47522,0,0,0,0,0,57649264,10510,0,59533058,11469,0
2006,32965127411128,32965129844525,19987732,sA-eth3,up,32965129640282,netem,61912488,47522,0,0,0,0,0,57649264,10510,0,59533058,11469,0
2007,32965147433171,32965149736506,20022043,sA-eth3,up,32965149513343,netem,61912488,47522,0,0,0,0,0,57649264,10510,0,59533058,11469,0
2008,32965167411212,32965169391054,19978041,sA-eth3,up,32965169185223,netem,61912488,47522,0,0,0,0,0,57649264,10510,0,59533058,11469,0
2009,32965187401074,32965189326666,19989862,sA-eth3,up,32965189132404,netem,61912488,47522,0,0,0,0,0,57649264,10510,0,59533058,11469,0
2010,32965207412097,32965209325118,20011023,sA-eth3,up,32965209147185,netem,61912488,47522,0,0,0,0,0,57649264,10510,0,59533058,11469,0
2011,32965227412779,32965229746934,20000682,sA-eth3,up,32965229571473,netem,61912488,47522,0,0,0,0,0,57649264,10510,0,59533058,11469,0
2012,32965247396010,32965249508414,19983231,sA-eth3,up,32965249326802,netem,61912488,47522,0,0,0,0,0,57649264,10510,0,59533058,11469,0
2013,32965267420643,32965269326363,20024633,sA-eth3,up,32965269147502,netem,61912488,47522,0,0,0,0,0,57649264,10510,0,59533058,11469,0
2014,32965287402475,32965289586399,19981832,sA-eth3,up,32965289395457,netem,61912488,47522,0,0,0,0,0,57649264,10510,0,59533058,11469,0
2015,32965307407127,32965309500070,20004652,sA-eth3,up,32965309314258,netem,61912488,47522,0,0,0,0,0,57649264,10510,0,59533058,11469,0
2016,32965327411770,32965329582503,20004643,sA-eth3,up,32965329401891,netem,61912488,47522,0,0,0,0,0,57649264,10510,0,59533058,11469,0
2017,32965347419122,32965349229632,20007352,sA-eth3,up,32965349060970,netem,61912488,47522,0,0,0,0,0,57649264,10510,0,59533058,11469,0
2018,32965367406883,32965369260364,19987761,sA-eth3,up,32965369086242,netem,61912488,47522,0,0,0,0,0,57649264,10510,0,59533058,11469,0
2019,32965387398816,32965389169955,19991933,sA-eth3,up,32965388978963,netem,61912488,47522,0,0,0,0,0,57649264,10510,0,59533058,11469,0
2020,32965407409818,32965409779533,20011002,sA-eth3,up,32965409604542,netem,61912488,47522,0,0,0,0,0,57649264,10510,0,59533058,11469,0
2021,32965427397570,32965429332221,19987752,sA-eth3,up,32965429167329,netem,61912488,47522,0,0,0,0,0,57649264,10510,0,59533058,11469,0
2022,32965447407432,32965449263823,20009862,sA-eth3,up,32965449093620,netem,61912488,47522,0,0,0,0,0,57649264,10510,0,59533058,11469,0
2023,32965467397364,32965469544987,19989932,sA-eth3,up,32965469361816,netem,61912488,47522,0,0,0,0,0,57649264,10510,0,59533058,11469,0
2024,32965487403946,32965489224506,20006582,sA-eth3,up,32965489050764,netem,61912488,47522,0,0,0,0,0,57649264,10510,0,59533058,11469,0
2025,32965507401368,32965509258968,19997422,sA-eth3,up,32965509086167,netem,61912488,47522,0,0,0,0,0,57649264,10510,0,59533058,11469,0
2026,32965527411971,32965529311971,20010603,sA-eth3,up,32965529138809,netem,61912488,47522,0,0,0,0,0,57649264,10510,0,59533058,11469,0
2027,32965547402802,32965549240632,19990831,sA-eth3,up,32965549070991,netem,61912488,47522,0,0,0,0,0,57649264,10510,0,59533058,11469,0
2028,32965567407895,32965569275545,20005093,sA-eth3,up,32965569080533,netem,61912488,47522,0,0,0,0,0,57649264,10510,0,59533058,11469,0
2029,32965587406316,32965589267438,19998421,sA-eth3,up,32965589086035,netem,61912488,47522,0,0,0,0,0,57649264,10510,0,59533058,11469,0
2030,32965607426648,32965609814935,20020332,sA-eth3,up,32965609633602,netem,61912488,47522,0,0,0,0,0,57649264,10510,0,59533058,11469,0
2031,32965627413541,32965629561904,19986893,sA-eth3,up,32965629376032,netem,61912488,47522,0,0,0,0,0,57649264,10510,0,59533058,11469,0
2032,32965647402643,32965649590847,19989102,sA-eth3,up,32965649405545,netem,61912488,47522,0,0,0,0,0,57649264,10510,0,59533058,11469,0
2033,32965667412985,32965669468818,20010342,sA-eth3,up,32965669276466,netem,61912488,47522,0,0,0,0,0,57649264,10510,0,59533058,11469,0
2034,32965687417317,32965689969615,20004332,sA-eth3,up,32965689712822,netem,61912644,47524,0,0,0,0,0,57653740,10512,0,59533214,11471,0
2035,32965707411839,32965709460982,19994522,sA-eth3,up,32965709276359,netem,61913232,47532,0,0,0,156,2,57699354,10523,0,59533880,11480,0
2036,32965727399491,32965729620126,19987652,sA-eth3,up,32965729440963,netem,61914210,47545,0,0,0,66,1,57805850,10535,0,59534780,11492,0
2037,32965747400183,32965749344465,20000692,sA-eth3,up,32965749129153,netem,61915070,47557,0,0,0,66,1,57906488,10546,0,59535640,11504,0
2038,32965767439475,32965769691770,20039292,sA-eth3,up,32965769437007,netem,61915748,47566,0,0,0,0,0,57996924,10556,0,59536318,11513,0
2039,32965787409827,32965789504250,19970352,sA-eth3,up,32965789248668,netem,61916522,47577,0,0,0,78,1,58099076,10568,0,59537092,11524,0
2040,32965807422229,32965809482793,20012402,sA-eth3,up,32965809244570,netem,61917336,47588,0,0,0,0,0,58189578,10579,0,59537906,11535,0
2041,32965827420082,32965829419304,19997853,sA-eth3,up,32965829181501,netem,61917854,47595,0,0,0,0,0,58260992,10586,0,59538424,11542,0
2042,32965847428554,32965849480017,20008472,sA-eth3,up,32965849219624,netem,61918868,47608,0,0,0,78,1,58376308,10600,0,59539438,11555,0
2043,32965867429846,32965869692531,20001292,sA-eth3,up,32965869436448,netem,61919688,47618,0,0,0,86,1,58469640,10610,0,59540344,11566,0
2044,32965887420778,32965889560452,19990932,sA-eth3,up,32965889301229,netem,61920586,47629,0,0,0,78,1,58573240,10622,0,59541156,11576,0
2045,32965907416450,32965909534094,19995672,sA-eth3,up,32965909271851,netem,61921528,47642,0,0,0,156,2,58695730,10635,0,59542254,11591,0
2046,32965927425273,32965929536725,20008823,sA-eth3,up,32965929278413,netem,61922566,47655,0,0,0,86,1,58824012,10648,0,59543136,11602,0
2047,32965947424744,32965949538988,19999471,sA-eth3,up,32965949281595,netem,61923618,47669,0,0,0,78,1,58955124,10660,0,59544188,11616,0
2048,32965967407296,32965969531839,19982552,sA-eth3,up,32965969276966,netem,61924446,47679,0,0,0,0,0,59080510,10673,0,59545016,11626,0
2049,32965987427839,32965989576563,20020543,sA-eth3,up,32965989338400,netem,61925476,47692,0,0,0,86,1,59210240,10686,0,59546046,11639,0
2050,32966007424891,32966009470043,19997052,sA-eth3,up,32966009236720,netem,61926432,47704,0,0,0,86,1,59329768,10698,0,59547088,11652,0
2051,32966027407903,32966029377305,19983012,sA-eth3,up,32966029185613,netem,61927566,47719,0,0,0,0,0,59472662,10713,0,59548136,11666,0
2052,32966047397994,32966049270006,19990091,sA-eth3,up,32966049089064,netem,61928178,47727,0,0,0,86,1,59592256,10726,0,59548748,11674,0
2053,32966067417057,32966069378669,20019063,sA-eth3,up,32966069152287,netem,61928948,47736,0,0,0,78,1,59684272,10738,0,59549518,11683,0
2054,32966087398028,32966089731965,19980971,sA-eth3,up,32966089547983,netem,61929748,47746,0,0,0,86,1,59800904,10750,0,59550318,11693,0
2055,32966107402521,32966109404993,20004493,sA-eth3,up,32966109224891,netem,61930514,47755,0,0,0,0,0,59834670,10757,0,59551084,11702,0
2056,32966127404543,32966129335944,20002022,sA-eth3,up,32966129156783,netem,61931536,47768,0,0,0,0,0,59892000,10770,0,59552106,11715,0
2057,32966147431695,32966149538140,20027152,sA-eth3,up,32966149272626,netem,61932230,47777,0,0,0,172,2,59956504,10782,0,59552800,11724,0
2058,32966167430508,32966169813134,19998813,sA-eth3,up,32966169582411,netem,61932952,47786,0,0,0,78,1,60017848,10790,0,59553522,11733,0
2059,32966187428240,32966189417131,19997732,sA-eth3,up,32966189190679,netem,61933828,47798,0,0,0,78,1,60128688,10802,0,59554398,11745,0
2060,32966207404102,32966209857199,19975862,sA-eth3,up,32966209616436,netem,61934666,47809,0,0,0,0,0,60214714,10811,0,59555236,11756,0
2061,32966227413684,32966229537937,20009582,sA-eth3,up,32966229325665,netem,61935542,47819,0,0,0,0,0,60283562,10823,0,59556112,11766,0
2062,32966247400336,32966249435158,19986652,sA-eth3,up,32966249246426,netem,61936496,47832,0,0,0,66,1,60397364,10836,0,59557132,11780,0
2063,32966267407117,32966269437661,20006781,sA-eth3,up,32966269250618,netem,61937408,47844,0,0,0,78,1,60487866,10847,0,59558056,11792,0
2064,32966287406110,32966289332382,19998993,sA-eth3,up,32966289148810,netem,61938102,47853,0,0,0,86,1,60578302,10857,0,59558758,11801,0
2065,32966307404322,32966309221193,19998212,sA-eth3,up,32966309048270,netem,61938924,47864,0,0,0,78,1,60678940,10868,0,59559572,11812,0
2066,32966327398184,32966329422066,19993862,sA-eth3,up,32966329247525,netem,61939824,47876,0,0,0,0,0,60781026,10879,0,59560394,11823,0
2067,32966347402267,32966349326727,20004083,sA-eth3,up,32966349147856,netem,61940716,47888,0,0,0,0,0,60903516,10892,0,59561286,11835,0
2068,32966367399688,32966369371000,19997421,sA-eth3,up,32966369199299,netem,61941628,47900,0,0,0,0,0,60992570,10903,0,59562198,11847,0
2069,32966387398341,32966389402853,19998653,sA-eth3,up,32966389219681,netem,61942658,47913,0,0,0,0,0,61110782,10917,0,59563228,11860,0
2070,32966407448684,32966409663758,20050343,sA-eth3,up,32966409390194,netem,62155728,48068,0,0,0,22710,2,61245648,10942,0,59775354,11891,0
2071,32966427405385,32966429309856,19956701,sA-eth3,up,32966429135224,netem,62395690,48235,0,0,0,57610,5,61325226,10963,0,60014632,11916,0
2072,32966447408737,32966449328108,20003352,sA-eth3,up,32966449155707,netem,62658240,48416,0,0,0,71330,7,61398946,10983,0,60251024,11942,0
2073,32966467399698,32966469231799,19990961,sA-eth3,up,32966469058237,netem,62896876,48584,0,0,0,103218,11,61499060,11008,0,60480420,11970,0
2074,32966487394691,32966489327092,19994993,sA-eth3,up,32966489141481,netem,63147578,48759,0,0,0,125806,11,61546254,11029,0,60734662,12001,0
2075,32966507397103,32966509792710,20002412,sA-eth3,up,32966509613837,netem,63409644,48934,0,0,0,139288,9,61546980,11040,0,60973322,12019,0
2076,32966527405245,32966529332317,20008142,sA-eth3,up,32966529156905,netem,63647342,49091,0,0,0,102952,8,61547640,11050,0,61201714,12036,0
2077,32966547419177,32966550473392,20013932,sA-eth3,up,32966550249899,netem,63919862,49271,0,0,0,125662,8,61548300,11060,0,61463674,12055,0
2078,32966567414319,32966569960938,19995142,sA-eth3,up,32966569765986,netem,64139906,49417,0,0,0,0,0,61549092,11072,0,61675072,12070,0
2079,32966587405452,32966590263583,19991133,sA-eth3,up,32966590079491,netem,64140566,49427,0,0,0,0,0,61629548,11084,0,61675732,12080,0
2080,32966607400453,32966609431596,19995001,sA-eth3,up,32966609244645,netem,64141262,49437,0,0,0,0,0,61695302,11093,0,61676428,12090,0
2081,32966627406926,32966629476089,20006473,sA-eth3,up,32966629289227,netem,64141924,49446,0,0,0,66,1,61768362,11103,0,61677156,12100,0
2082,32966647397918,32966649308309,19990992,sA-eth3,up,32966649129167,netem,64142686,49457,0,0,0,0,0,61841422,11113,0,61677852,12110,0
2083,32966667400240,32966669383612,20002322,sA-eth3,up,32966669212070,netem,64143064,49462,0,0,0,0,0,61877952,11118,0,61678230,12115,0
2084,32966687407092,32966689787768,20006852,sA-eth3,up,32966689603136,netem,64143670,49471,0,0,0,0,0,61943706,11127,0,61678836,12124,0
2085,32966707407014,32966709496647,19999922,sA-eth3,up,32966709296756,netem,64144060,49476,0,0,0,66,1,61987542,11133,0,61679292,12130,0
2086,32966727409897,32966730336288,20002883,sA-eth3,up,32966730142287,netem,64144818,49487,0,0,0,78,1,62060602,11143,0,61679984,12140,0
2087,32966747401628,32966749619333,19991731,sA-eth3,up,32966749429281,netem,64145514,49497,0,0,0,66,1,62140968,11154,0,61680680,12150,0
2088,32966767397670,32966769944409,19996042,sA-eth3,up,32966769759766,netem,64146020,49504,0,0,0,0,0,62192110,11161,0,61681186,12157,0
2089,32966787413503,32966790356685,20015833,sA-eth3,up,32966790139543,netem,64146230,49507,0,0,0,0,0,62199416,11162,0,61681396,12160,0
2090,32966807434755,32966809961173,20021252,sA-eth3,up,32966809743960,netem,64146230,49507,0,0,0,0,0,62199416,11162,0,61681396,12160,0
2091,32966827418497,32966829966315,19983742,sA-eth3,up,32966829730663,netem,64146230,49507,0,0,0,0,0,62199416,11162,0,61681396,12160,0
2092,32966847461519,32966850476923,20043022,sA-eth3,up,32966850233100,netem,64162974,49519,0,0,0,33308,2,62199482,11163,0,61713474,12163,0
2093,32966867420032,32966870080310,19958513,sA-eth3,up,32966869849178,netem,64406728,49680,0,0,0,56018,4,62200208,11174,0,61950554,12179,0
2094,32966887409593,32966889913471,19989561,sA-eth3,up,32966889723320,netem,64670164,49854,0,0,0,30280,2,62201132,11188,0,62184870,12197,0
2095,32966907403265,32966909840953,19993672,sA-eth3,up,32966909657280,netem,64912404,50014,0,0,0,45420,3,62201858,11199,0,62417738,12215,0
2096,32966927403777,32966929700903,20000512,sA-eth3,up,32966929527651,netem,65162214,50179,0,0,0,40878,3,62202716,11212,0,62657846,12233,0
2097,32966947436990,32966950215711,20033213,sA-eth3,up,32966949870307,netem,65419594,50349,0,0,0,37850,3,62203376,11222,0,62905260,12252,0
2098,32966967426512,32966969583465,19989522,sA-eth3,up,32966969365563,netem,65661834,50509,0,0,0,36336,3,62204036,11232,0,63138062,12269,0
2099,32966987407064,32966989826181,19980552,sA-eth3,up,32966989612318,netem,65911644,50674,0,0,0,37928,4,62206672,11250,0,63378236,12288,0
2100,32967007416156,32967009912424,20009092,sA-eth3,up,32967009661671,netem,66155674,50839,0,0,0,50118,5,62245442,11267,0,63628756,12310,0
2101,32967027414778,32967029946456,19998622,sA-eth3,up,32967029714013,netem,66340212,50972,0,0,0,0,0,62303168,11286,0,63790106,12333,0
2102,32967047466051,32967050255302,20051273,sA-eth3,up,32967049965588,netem,66340656,50978,0,0,0,0,0,62338250,11291,0,63790550,12339,0
2103,32967067424952,32967069900370,19958901,sA-eth3,up,32967069674817,netem,66341448,50988,0,0,0,0,0,62409928,11302,0,63791342,12349,0
2104,32967087417694,32967089797430,19992742,sA-eth3,up,32967089580898,netem,66342042,50997,0,0,0,78,1,62480092,11312,0,63792014,12359,0
2105,32967107426626,32967109802513,20008932,sA-eth3,up,32967109598590,netem,66342714,51005,0,0,0,86,1,62534262,11321,0,63792694,12367,0
2106,32967127415679,32967129883956,19989053,sA-eth3,up,32967129670194,netem,66343746,51019,0,0,0,0,0,62636546,11335,0,63793640,12380,0
2107,32967147432631,32967150197972,20016952,sA-eth3,up,32967149857677,netem,66344412,51028,0,0,0,0,0,62696508,11344,0,63794306,12389,0
2108,32967167420563,32967169893250,19987932,sA-eth3,up,32967169684918,netem,66344852,51034,0,0,0,66,1,62733038,11349,0,63794746,12395,0
2109,32967187411445,32967189394987,19990882,sA-eth3,up,32967189177864,netem,66345404,51042,0,0,0,78,1,62798792,11358,0,63795376,12404,0
2110,32967207413087,32967210173617,20001642,sA-eth3,up,32967209968624,netem,66345914,51049,0,0,0,0,0,62842628,11364,0,63795808,12410,0
2111,32967227407199,32967229798055,19994112,sA-eth3,up,32967229611523,netem,66346312,51054,0,0,0,0,0,62886464,11370,0,63796206,12415,0
2112,32967247435461,32967250211062,20028262,sA-eth3,up,32967249874148,netem,66346932,51062,0,0,0,0,0,62937606,11378,0,63796826,12423,0
2113,32967267405923,32967270140493,19970462,sA-eth3,up,32967269916831,netem,66347458,51069,0,0,0,0,0,62981442,11383,0,63797352,12430,0
2114,32967287417865,32967289889442,20011942,sA-eth3,up,32967289640560,netem,66348010,51077,0,0,0,66,1,63047196,11392,0,63797904,12438,0
2115,32967307410987,32967309788994,19993122,sA-eth3,up,32967309583571,netem,66348640,51086,0,0,0,0,0,63112950,11401,0,63798534,12447,0
2116,32967327400750,32967329460332,19989763,sA-eth3,up,32967329264340,netem,66349138,51093,0,0,0,78,1,63171398,11409,0,63799110,12455,0
2117,32967347426151,32967349677886,20025401,sA-eth3,up,32967349434794,netem,66349702,51101,0,0,0,0,0,63215234,11415,0,63799596,12462,0
2118,32967367422704,32967370256835,19996553,sA-eth3,up,32967370047152,netem,66350146,51107,0,0,0,0,0,63266376,11422,0,63800040,12468,0
2119,32967387402035,32967389638560,19979331,sA-eth3,up,32967389403388,netem,66350598,51113,0,0,0,66,1,63317518,11429,0,63800558,12475,0
2120,32967407403738,32967409589072,20001703,sA-eth3,up,32967409366130,netem,66351228,51122,0,0,0,0,0,63375966,11437,0,63801122,12483,0
2121,32967427407840,32967429569114,20004102,sA-eth3,up,32967429359761,netem,66351804,51130,0,0,0,0,0,63434414,11445,0,63801698,12491,0
2122,32967447432962,32967449711847,20025122,sA-eth3,up,32967449484875,netem,66352368,51138,0,0,0,0,0,63485556,11452,0,63802262,12499,0
2123,32967467415424,32967470327596,19982462,sA-eth3,up,32967470118534,netem,66352920,51146,0,0,0,0,0,63544004,11460,0,63802814,12507,0
2124,32967487405416,32967489824033,19989992,sA-eth3,up,32967489593511,netem,66353492,51154,0,0,0,78,1,63609890,11471,0,63803464,12516,0
2125,32967507403888,32967509627484,19998472,sA-eth3,up,32967509431331,netem,66354452,51166,0,0,0,0,0,63671880,11483,0,63804346,12527,0
2126,32967527427180,32967529906718,20023292,sA-eth3,up,32967529677215,netem,66354596,51168,0,0,0,0,0,63673394,11483,0,63804490,12529,0
2127,32967547420823,32967549513446,19993643,sA-eth3,up,32967549299603,netem,66354596,51168,0,0,0,0,0,63673394,11483,0,63804490,12529,0
2128,32967567401504,32967569289946,19980681,sA-eth3,up,32967569111783,netem,66354596,51168,0,0,0,0,0,63673394,11483,0,63804490,12529,0
2129,32967587404976,32967589411769,20003472,sA-eth3,up,32967589231337,netem,66354596,51168,0,0,0,0,0,63673394,11483,0,63804490,12529,0
2130,32967607404188,32967609386331,19999212,sA-eth3,up,32967609214499,netem,66354596,51168,0,0,0,0,0,63673394,11483,0,63804490,12529,0
2131,32967627396291,32967629433173,19992103,sA-eth3,up,32967629254242,netem,66354596,51168,0,0,0,0,0,63673394,11483,0,63804490,12529,0
2132,32967647394943,32967649334224,19998652,sA-eth3,up,32967649161153,netem,66354596,51168,0,0,0,0,0,63673394,11483,0,63804490,12529,0
2133,32967667399025,32967669279216,20004082,sA-eth3,up,32967669110244,netem,66354596,51168,0,0,0,0,0,63673394,11483,0,63804490,12529,0
2134,32967687399827,32967689352029,20000802,sA-eth3,up,32967689179977,netem,66354596,51168,0,0,0,0,0,63673394,11483,0,63804490,12529,0
2135,32967707398749,32967709793026,19998922,sA-eth3,up,32967709605493,netem,66354838,51171,0,0,0,78,1,63695534,11489,0,63804810,12533,0
2136,32967727399971,32967729422364,20001222,sA-eth3,up,32967729241892,netem,66355728,51182,0,0,0,66,1,63745426,11499,0,63805688,12544,0
2137,32967747397533,32967749314324,19997562,sA-eth3,up,32967749139162,netem,66356366,51191,0,0,0,66,1,63792290,11507,0,63806260,12552,0
2138,32967767392125,32967769274667,19994592,sA-eth3,up,32967769104015,netem,66357062,51201,0,0,0,0,0,63848040,11518,0,63806956,12562,0
2139,32967787403018,32967789824484,20010893,sA-eth3,up,32967789652503,netem,66357626,51209,0,0,0,66,1,63894904,11526,0,63807520,12570,0
2140,32967807398470,32967809593864,19995452,sA-eth3,up,32967809417382,netem,66358256,51218,0,0,0,66,1,63954998,11537,0,63808150,12579,0
2141,32967827397902,32967829415494,19999432,sA-eth3,up,32967829242462,netem,66358874,51227,0,0,0,78,1,64001862,11545,0,63808768,12588,0
2142,32967847399174,32967849662839,20001272,sA-eth3,up,32967849488307,netem,66359744,51238,0,0,0,66,1,64051886,11557,0,63809638,12599,0
2143,32967867397096,32967869389048,19997922,sA-eth3,up,32967869217356,netem,66360164,51244,0,0,0,66,1,64087034,11563,0,63810058,12605,0
2144,32967887394488,32967889578352,19997392,sA-eth3,up,32967889393330,netem,66484966,51335,0,0,0,81900,7,64140284,11580,0,63948878,12623,0
2145,32967907397740,32967909225190,20003252,sA-eth3,up,32967909047989,netem,66735382,51509,0,0,0,51674,7,64193468,11596,0,64186684,12650,0
2146,32967927404013,32967929271153,20006273,sA-eth3,up,32967929098451,netem,66796806,51561,0,0,0,78,1,64231776,11606,0,64229738,12665,0
2147,32967947406444,32967949282646,20002431,sA-eth3,up,32967949111273,netem,66856316,51606,0,0,0,50040,4,64266990,11613,0,64302932,12676,0
2148,32967967397297,32967969295877,19990853,sA-eth3,up,32967969121876,netem,67111448,51784,0,0,0,0,0,64311024,11622,0,64532170,12703,0
2149,32967987395978,32967989412971,19998681,sA-eth3,up,32967989240890,netem,67248346,51883,0,0,0,57610,4,64370066,11639,0,64663788,12722,0
2150,32968007412381,32968009489703,20016403,sA-eth3,up,32968009311403,netem,67487878,52045,0,0,0,51632,6,64394290,11655,0,64909942,12743,0
2151,32968027411492,32968029374154,19999111,sA-eth3,up,32968029198933,netem,67744242,52221,0,0,0,60716,6,64442012,11676,0,65140346,12767,0
2152,32968047404375,32968049382347,19992883,sA-eth3,up,32968049209485,netem,67994496,52392,0,0,0,68286,7,64475254,11697,0,65380898,12791,0
2153,32968067394177,32968069416340,19989802,sA-eth3,up,32968069244527,netem,68248044,52568,0,0,0,59210,6,64526004,11720,0,65624678,12819,0
2154,32968087393869,32968089391981,19999692,sA-eth3,up,32968089215029,netem,68495356,52738,0,0,0,64258,6,64570830,11741,0,65862420,12844,0
2155,32968107400191,32968109367293,20006322,sA-eth3,up,32968109192481,netem,68560184,52790,0,0,0,66,1,64609336,11754,0,65924740,12858,0
2156,32968127404883,32968129466017,20004692,sA-eth3,up,32968129280944,netem,68560910,52801,0,0,0,66,1,64692598,11765,0,65925466,12869,0
2157,32968147405696,32968149399268,20000813,sA-eth3,up,32968149221805,netem,68561798,52813,0,0,0,0,0,64793368,11778,0,65926288,12880,0
2158,32968167402857,32968169379629,19997161,sA-eth3,up,32968169212968,netem,68562586,52823,0,0,0,0,0,64846090,11787,0,65927076,12890,0
2159,32968187399580,32968189392412,19996723,sA-eth3,up,32968189222310,netem,68563424,52834,0,0,0,66,1,64927904,11798,0,65927980,12902,0
2160,32968207417162,32968209386764,20017582,sA-eth3,up,32968209212772,netem,68564234,52845,0,0,0,0,0,64996686,11809,0,65928724,12912,0
2161,32968227399904,32968229407406,19982742,sA-eth3,up,32968229242615,netem,68565110,52857,0,0,0,0,0,65064020,11820,0,65929600,12924,0
2162,32968247402226,32968249359378,20002322,sA-eth3,up,32968249184926,netem,68565652,52864,0,0,0,66,1,65122534,11829,0,65930208,12932,0
2163,32968267401348,32968269298969,19999122,sA-eth3,up,32968269136237,netem,68566170,52871,0,0,0,0,0,65172228,11836,0,65930660,12938,0
2164,32968287405700,32968289513483,20004352,sA-eth3,up,32968289329902,netem,68566866,52881,0,0,0,0,0,65237982,11845,0,65931356,12948,0
2165,32968307396052,32968309383224,19990352,sA-eth3,up,32968309205483,netem,68567306,52887,0,0,0,66,1,65281818,11851,0,65931862,12955,0
2166,32968327409264,32968329353416,20013212,sA-eth3,up,32968329180704,netem,68567936,52896,0,0,0,0,0,65347572,11861,0,65932426,12963,0
2167,32968347401457,32968349387419,19992193,sA-eth3,up,32968349213287,netem,68568608,52906,0,0,0,0,0,65420632,11870,0,65933098,12973,0
2168,32968367418269,32968369589283,20016812,sA-eth3,up,32968369400681,netem,68569130,52913,0,0,0,0,0,65471774,11877,0,65933620,12980,0
2169,32968387403251,32968389508124,19984982,sA-eth3,up,32968389328152,netem,68569598,52919,0,0,0,78,1,65515610,11883,0,65934088,12986,0
2170,32968407395943,32968409506046,19992692,sA-eth3,up,32968409286534,netem,68570186,52927,0,0,0,0,0,65574058,11891,0,65934676,12994,0
2171,32968427402395,32968429424458,20006452,sA-eth3,up,32968429255145,netem,68570774,52935,0,0,0,0,0,65632506,11899,0,65935264,13002,0
2172,32968447405867,32968449388539,20003472,sA-eth3,up,32968449213576,netem,68571260,52942,0,0,0,78,1,65683648,11906,0,65935828,13010,0
2173,32968467392239,32968469695244,19986372,sA-eth3,up,32968469426672,netem,68571782,52949,0,0,0,78,1,65744992,11914,0,65936272,13016,0
2174,32968487409641,32968489470904,20017402,sA-eth3,up,32968489280672,netem,68572480,52958,0,0,0,0,0,65797648,11922,0,65936970,13025,0
2175,32968507404863,32968509298494,19995222,sA-eth3,up,32968509127532,netem,68573256,52968,0,0,0,0,0,65867944,11934,0,65937746,13035,0
2176,32968527412636,32968529323327,20007773,sA-eth3,up,32968529147855,netem,68573580,52972,0,0,0,0,0,65904474,11939,0,65938070,13039,0
2177,32968547406077,32968549285349,19993441,sA-eth3,up,32968549116397,netem,68574464,52982,0,0,0,0,0,65951470,11949,0,65938954,13049,0
2178,32968567400310,32968569763906,19994233,sA-eth3,up,32968569592924,netem,68575130,52991,0,0,0,0,0,65996952,11958,0,65939620,13058,0
2179,32968587399301,32968589196641,19998991,sA-eth3,up,32968589030340,netem,68575628,52998,0,0,0,66,1,66043816,11966,0,65940118,13065,0
2180,32968607400304,32968609228034,20001003,sA-eth3,up,32968609057601,netem,68576200,53006,0,0,0,66,1,66074686,11973,0,65940690,13073,0
2181,32968627402666,32968629766702,20002362,sA-eth3,up,32968629583710,netem,68576806,53015,0,0,0,0,0,66118786,11983,0,65941296,13082,0
2182,32968647398798,32968649241918,19996132,sA-eth3,up,32968649066487,netem,68577602,53025,0,0,0,78,1,66157028,11992,0,65942092,13092,0
2183,32968667396550,32968669179630,19997752,sA-eth3,up,32968668997448,netem,68577680,53026,0,0,0,0,0,66157028,11992,0,65942170,13093,0
2184,32968687401372,32968689210752,20004822,sA-eth3,up,32968689040471,netem,68577680,53026,0,0,0,0,0,66157028,11992,0,65942170,13093,0
2185,32968707401405,32968709258245,20000033,sA-eth3,up,32968709091943,netem,68577680,53026,0,0,0,0,0,66157028,11992,0,65942170,13093,0
2186,32968727398826,32968729256977,19997421,sA-eth3,up,32968729084965,netem,68577680,53026,0,0,0,0,0,66157028,11992,0,65942170,13093,0
2187,32968747399189,32968749189388,20000363,sA-eth3,up,32968749024856,netem,68577680,53026,0,0,0,0,0,66157028,11992,0,65942170,13093,0
2188,32968767397500,32968769201181,19998311,sA-eth3,up,32968769034089,netem,68577680,53026,0,0,0,0,0,66157028,11992,0,65942170,13093,0
2189,32968787409793,32968789757678,20012293,sA-eth3,up,32968789567187,netem,68577680,53026,0,0,0,0,0,66157028,11992,0,65942170,13093,0
2190,32968807403204,32968809327886,19993411,sA-eth3,up,32968809153485,netem,68577680,53026,0,0,0,0,0,66157028,11992,0,65942170,13093,0
2191,32968827396607,32968829200597,19993403,sA-eth3,up,32968829034835,netem,68577680,53026,0,0,0,0,0,66157028,11992,0,65942170,13093,0
2192,32968847401679,32968849186559,20005072,sA-eth3,up,32968849020287,netem,68577680,53026,0,0,0,0,0,66157028,11992,0,65942170,13093,0
2193,32968867391621,32968869633215,19989942,sA-eth3,up,32968869459773,netem,68611234,53051,0,0,0,36414,3,66161636,11996,0,65990476,13100,0
2194,32968887393864,32968889396856,20002243,sA-eth3,up,32968889223023,netem,68867676,53228,0,0,0,33308,2,66196062,12013,0,66220814,13123,0
2195,32968907401195,32968909298296,20007331,sA-eth3,up,32968909121714,netem,69105728,53390,0,0,0,68208,6,66231210,12019,0,66465620,13146,0
2196,32968927398708,32968929356179,19997513,sA-eth3,up,32968929171637,netem,69186744,53454,0,0,0,22776,3,66291370,12031,0,66527606,13163,0
2197,32968947400209,32968949820966,20001501,sA-eth3,up,32968949632564,netem,69431082,53623,0,0,0,50118,5,66336786,12039,0,66762440,13188,0
2198,32968967400442,32968969423134,20000233,sA-eth3,up,32968969235742,netem,69669358,53787,0,0,0,68352,8,66385230,12049,0,67009062,13215,0
2199,32968987401554,32968990144005,20001112,sA-eth3,up,32968989938202,netem,69942494,53975,0,0,0,51648,6,66417548,12056,0,67254052,13240,0
2200,32969007409896,32969009500180,20008342,sA-eth3,up,32969009298367,netem,70180692,54138,0,0,0,53122,6,66452762,12063,0,67483076,13264,0
2201,32969027394668,32969030140278,19984772,sA-eth3,up,32969029918716,netem,70438870,54319,0,0,0,86442,7,66496928,12074,0,67731288,13294,0
2202,32969047398930,32969049948659,20004262,sA-eth3,up,32969049768107,netem,70680040,54484,0,0,0,96130,9,66537934,12081,0,67962888,13314,0
2203,32969067393382,32969070210803,19994452,sA-eth3,up,32969069999851,netem,70776614,54557,0,0,0,66,1,66579006,12089,0,68055634,13329,0
2204,32969087378713,32969089339946,19985331,sA-eth3,up,32969089139473,netem,70777292,54566,0,0,0,66,1,66633242,12099,0,68056378,13339,0
2205,32969107395336,32969109282457,20016623,sA-eth3,up,32969109107755,netem,70778466,54577,0,0,0,66,1,66693414,12111,0,68057552,13350,0
2206,32969127401988,32969129394410,20006652,sA-eth3,up,32969129201769,netem,70779046,54585,0,0,0,78,1,66735934,12119,0,68058066,13357,0
2207,32969147403100,32969149501244,20001112,sA-eth3,up,32969149303932,netem,70779778,54595,0,0,0,66,1,66794514,12129,0,68058864,13368,0
2208,32969167408153,32969169400475,20005053,sA-eth3,up,32969169215673,netem,70780252,54602,0,0,0,0,0,66842760,12136,0,68059272,13374,0
2209,32969187395245,32969189298476,19987092,sA-eth3,up,32969189124534,netem,70780996,54612,0,0,0,0,0,66904236,12146,0,68060016,13384,0
2210,32969207370427,32969209252857,19975182,sA-eth3,up,32969209071955,netem,70781604,54620,0,0,0,0,0,66957024,12156,0,68060624,13392,0
2211,32969227401689,32969229691105,20031262,sA-eth3,up,32969229513303,netem,70782330,54629,0,0,0,78,1,66996648,12164,0,68061428,13402,0
2212,32969247398111,32969249244861,19996422,sA-eth3,up,32969249074210,netem,70782864,54636,0,0,0,0,0,67028900,12170,0,68061884,13408,0
2213,32969267393283,32969269457366,19995172,sA-eth3,up,32969269279664,netem,70783480,54644,0,0,0,66,1,67071420,12178,0,68062566,13417,0
2214,32969287412485,32969289466238,20019202,sA-eth3,up,32969289277066,netem,70783858,54649,0,0,0,78,1,67106568,12184,0,68062956,13422,0
2215,32969307394248,32969309287708,19981763,sA-eth3,up,32969309101006,netem,70784314,54655,0,0,0,0,0,67125656,12188,0,68063334,13427,0
2216,32969327399999,32969329532753,20005751,sA-eth3,up,32969329331121,netem,70784852,54662,0,0,0,78,1,67178378,12197,0,68063872,13434,0
2217,32969347396582,32969349216061,19996583,sA-eth3,up,32969349047899,netem,70785350,54669,0,0,0,78,1,67213592,12204,0,68064370,13441,0
2218,32969367397463,32969369205813,20000881,sA-eth3,up,32969369037602,netem,70785992,54678,0,0,0,66,1,67260522,12213,0,68065012,13450,0
2219,32969387402186,32969389271606,20004723,sA-eth3,up,32969389101994,netem,70786466,54685,0,0,0,0,0,67295670,12219,0,68065486,13457,0
2220,32969407398327,32969409234819,19996141,sA-eth3,up,32969409066526,netem,70787030,54693,0,0,0,0,0,67330950,12227,0,68066050,13465,0
2221,32969427394660,32969429333100,19996333,sA-eth3,up,32969429166929,netem,70787486,54699,0,0,0,66,1,67377814,12235,0,68066506,13471,0
2222,32969447395741,32969449209142,20001081,sA-eth3,up,32969449028490,netem,70788080,54708,0,0,0,66,1,67430536,12244,0,68067100,13480,0
2223,32969467402504,32969469580188,20006763,sA-eth3,up,32969469392146,netem,70788590,54715,0,0,0,78,1,67461340,12250,0,68067610,13487,0
2224,32969487401686,32969489664141,19999182,sA-eth3,up,32969489493729,netem,70788956,54720,0,0,0,0,0,67484772,12254,0,68067976,13492,0
2225,32969507401048,32969509231938,19999362,sA-eth3,up,32969509058077,netem,70789456,54726,0,0,0,0,0,67521434,12261,0,68068476,13498,0
2226,32969527400970,32969529243251,19999922,sA-eth3,up,32969529069538,netem,70790108,54734,0,0,0,0,0,67564020,12270,0,68069128,13506,0
2227,32969547411642,32969549382834,20010672,sA-eth3,up,32969549207102,netem,70790436,54738,0,0,0,86,1,67571458,12273,0,68069542,13511,0
2228,32969567398455,32969569278905,19986813,sA-eth3,up,32969569106623,netem,70791106,54747,0,0,0,0,0,67596734,12283,0,68070126,13519,0
2229,32969587402476,32969589202826,20004021,sA-eth3,up,32969589036145,netem,70791382,54751,0,0,0,0,0,67608582,12287,0,68070402,13523,0
2230,32969607401709,32969609225628,19999233,sA-eth3,up,32969609049826,netem,70791460,54752,0,0,0,0,0,67610096,12288,0,68070480,13524,0
2231,32969627415481,32969629744487,20013772,sA-eth3,up,32969629565795,netem,70791460,54752,0,0,0,0,0,67610096,12288,0,68070480,13524,0
2232,32969647409162,32969649469105,19993681,sA-eth3,up,32969649284803,netem,70791460,54752,0,0,0,0,0,67610096,12288,0,68070480,13524,0
2233,32969667400704,32969669357186,19991542,sA-eth3,up,32969669193095,netem,70791460,54752,0,0,0,0,0,67610096,12288,0,68070480,13524,0
2234,32969687402437,32969689328918,20001733,sA-eth3,up,32969689165176,netem,70791460,54752,0,0,0,0,0,67610096,12288,0,68070480,13524,0
2235,32969707419669,32969709313160,20017232,sA-eth3,up,32969709128598,netem,70791460,54752,0,0,0,0,0,67610096,12288,0,68070480,13524,0
2236,32969727412621,32969729302041,19992952,sA-eth3,up,32969729124970,netem,70791460,54752,0,0,0,0,0,67610096,12288,0,68070480,13524,0
2237,32969747405503,32969749833730,19992882,sA-eth3,up,32969749600977,netem,70791460,54752,0,0,0,0,0,67610096,12288,0,68070480,13524,0
2238,32969767413365,32969769491968,20007862,sA-eth3,up,32969769250655,netem,70791460,54752,0,0,0,0,0,67610096,12288,0,68070480,13524,0
2239,32969787412197,32969789336388,19998832,sA-eth3,up,32969789116526,netem,70791460,54752,0,0,0,0,0,67610096,12288,0,68070480,13524,0
2240,32969807419819,32969809403951,20007622,sA-eth3,up,32969809182699,netem,70791538,54753,0,0,0,0,0,67611610,12289,0,68070558,13525,0
2241,32969827421162,32969829367334,20001343,sA-eth3,up,32969829179961,netem,70791982,54759,0,0,0,78,1,67638136,12296,0,68071002,13531,0
2242,32969847400033,32969849266954,19978871,sA-eth3,up,32969849097262,netem,70792348,54764,0,0,0,0,0,67660186,12301,0,68071368,13536,0
2243,32969867403546,32969869351407,20003513,sA-eth3,up,32969869181726,netem,70792714,54769,0,0,0,0,0,67682236,12306,0,68071734,13541,0
2244,32969887411587,32969889732982,20008041,sA-eth3,up,32969889558682,netem,70793146,54775,0,0,0,0,0,67704286,12311,0,68072166,13547,0
2245,32969907406070,32969909375942,19994483,sA-eth3,up,32969909197420,netem,70793554,54781,0,0,0,0,0,67735156,12318,0,68072574,13553,0
2246,32969927421441,32969929382893,20015371,sA-eth3,up,32969929151161,netem,70793830,54785,0,0,0,78,1,67752796,12322,0,68072928,13558,0
2247,32969947407754,32969949246134,19986313,sA-eth3,up,32969949066903,netem,70794314,54791,0,0,0,0,0,67779256,12328,0,68073334,13563,0
2248,32969967410595,32969969296227,20002841,sA-eth3,up,32969969124854,netem,70794776,54798,0,0,0,66,1,67810126,12335,0,68073796,13570,0
2249,32969987392228,32969989236628,19981633,sA-eth3,up,32969989067817,netem,70794920,54800,0,0,0,0,0,67814536,12336,0,68073940,13572,0
2250,32970007399680,32970009210070,20007452,sA-eth3,up,32970009038498,netem,70794920,54800,0,0,0,0,0,67814536,12336,0,68073940,13572,0
2251,32970027426162,32970029346133,20026482,sA-eth3,up,32970029156542,netem,70794920,54800,0,0,0,0,0,67814536,12336,0,68073940,13572,0
2252,32970047414325,32970049415837,19988163,sA-eth3,up,32970049171024,netem,70794920,54800,0,0,0,0,0,67814536,12336,0,68073940,13572,0
2253,32970067413076,32970069347578,19998751,sA-eth3,up,32970069164386,netem,70794920,54800,0,0,0,0,0,67814536,12336,0,68073940,13572,0
2254,32970087397767,32970089714844,19984691,sA-eth3,up,32970089543601,netem,70794920,54800,0,0,0,0,0,67814536,12336,0,68073940,13572,0
2255,32970107398670,32970109196540,20000903,sA-eth3,up,32970109029349,netem,70794920,54800,0,0,0,0,0,67814536,12336,0,68073940,13572,0
2256,32970127426283,32970129313873,20027613,sA-eth3,up,32970129135572,netem,70794920,54800,0,0,0,0,0,67814536,12336,0,68073940,13572,0
2257,32970147408424,32970149710240,19982141,sA-eth3,up,32970149535418,netem,70794920,54800,0,0,0,0,0,67814536,12336,0,68073940,13572,0
2258,32970167395306,32970169269607,19986882,sA-eth3,up,32970169091284,netem,70794920,54800,0,0,0,0,0,67814536,12336,0,68073940,13572,0
2259,32970187406708,32970189243288,20011402,sA-eth3,up,32970189067147,netem,70794920,54800,0,0,0,78,1,67816050,12337,0,68073940,13572,0
2260,32970207401721,32970209252871,19995013,sA-eth3,up,32970209076768,netem,70795372,54806,0,0,0,66,1,67832374,12343,0,68074458,13579,0
2261,32970227425722,32970229344534,20024001,sA-eth3,up,32970229162562,netem,70795816,54812,0,0,0,66,1,67858834,12349,0,68074836,13584,0
2262,32970247410225,32970249266775,19984503,sA-eth3,up,32970249091273,netem,70796278,54819,0,0,0,0,0,67889704,12356,0,68075298,13591,0
2263,32970267405796,32970269236156,19995571,sA-eth3,up,32970269067235,netem,70796764,54826,0,0,0,66,1,67920574,12363,0,68075784,13598,0
2264,32970287407009,32970289973427,20001213,sA-eth3,up,32970289810325,netem,70797118,54831,0,0,0,0,0,67951444,12370,0,68076138,13603,0
2265,32970307417500,32970309695577,20010491,sA-eth3,up,32970309525545,netem,70797118,54831,0,0,0,0,0,67960264,12372,0,68076138,13603,0
2266,32970327405643,32970329241043,19988143,sA-eth3,up,32970329066251,netem,70797184,54832,0,0,0,0,0,67960264,12372,0,68076204,13604,0
2267,32970347399005,32970349687689,19993362,sA-eth3,up,32970349514219,netem,70797760,54840,0,0,0,0,0,67998506,12381,0,68076780,13612,0
2268,32970367409737,32970369253307,20010732,sA-eth3,up,32970369077805,netem,70798168,54846,0,0,0,0,0,68027796,12386,0,68077188,13618,0
2269,32970387396569,32970389319500,19986832,sA-eth3,up,32970389140648,netem,70798600,54852,0,0,0,66,1,68057218,12393,0,68077686,13625,0
2270,32970407408111,32970409313192,20011542,sA-eth3,up,32970409122710,netem,70798954,54857,0,0,0,66,1,68092366,12399,0,68077974,13629,0
2271,32970427420984,32970429241764,20012873,sA-eth3,up,32970429063801,netem,70799662,54867,0,0,0,0,0,68147984,12408,0,68078682,13639,0
2272,32970447402445,32970449239785,19981461,sA-eth3,up,32970449036954,netem,70800256,54876,0,0,0,0,0,68215252,12419,0,68079276,13648,0
2273,32970467472668,32970469993066,20070223,sA-eth3,up,32970469759303,netem,70800934,54885,0,0,0,78,1,68279624,12428,0,68079954,13657,0
2274,32970487409799,32970489309091,19937131,sA-eth3,up,32970489121729,netem,70801732,54896,0,0,0,66,1,68358542,12439,0,68080818,13669,0
2275,32970507395102,32970509207461,19985303,sA-eth3,up,32970509037679,netem,70802602,54909,0,0,0,0,0,68488338,12453,0,68081622,13681,0
2276,32970527410514,32970529254265,20015412,sA-eth3,up,32970529076902,netem,70803592,54922,0,0,0,86,1,68597862,12467,0,68082612,13694,0
2277,32970547414166,32970549320998,20003652,sA-eth3,up,32970549133275,netem,70804584,54934,0,0,0,78,1,68714560,12480,0,68083682,13707,0
2278,32970567402798,32970569883565,19988632,sA-eth3,up,32970569699074,netem,70805748,54950,0,0,0,78,1,68844422,12496,0,68084768,13722,0
2279,32970587401030,32970589286311,19998232,sA-eth3,up,32970589111539,netem,70806778,54963,0,0,0,78,1,68927816,12508,0,68085798,13735,0
2280,32970607397252,32970609231783,19996222,sA-eth3,up,32970609064140,netem,70807752,54976,0,0,0,66,1,69048924,12522,0,68086838,13749,0
2281,32970627400144,32970629419576,20002892,sA-eth3,up,32970629236404,netem,70808726,54989,0,0,0,0,0,69165556,12534,0,68087746,13761,0
2282,32970647400687,32970649946454,20000543,sA-eth3,up,32970649766452,netem,70824884,55012,0,0,0,30358,3,69302526,12547,0,68103310,13775,0
2283,32970667392338,32970669573512,19991651,sA-eth3,up,32970669398510,netem,71075720,55192,0,0,0,15140,1,69455098,12577,0,68344444,13808,0
2284,32970687416391,32970689769896,20024053,sA-eth3,up,32970689586935,netem,71320404,55366,0,0,0,33386,3,69587134,12603,0,68579690,13839,0
2285,32970707396452,32970709568547,19980061,sA-eth3,up,32970709384304,netem,71575494,55543,0,0,0,60646,5,69675268,12622,0,68826394,13867,0
2286,32970727413155,32970729604289,20016703,sA-eth3,up,32970729416387,netem,71815488,55710,0,0,0,85018,9,69762416,12648,0,69071562,13894,0
2287,32970747415717,32970749459660,20002562,sA-eth3,up,32970749257267,netem,72072080,55888,0,0,0,110822,10,69825802,12665,0,69302260,13920,0
2288,32970767415399,32970769364091,19999682,sA-eth3,up,32970769176848,netem,72310398,56053,0,0,0,119974,13,69879316,12686,0,69548714,13945,0
2289,32970787412362,32970789745747,19996963,sA-eth3,up,32970789544425,netem,72570004,56232,0,0,0,116946,12,69950140,12707,0,69780780,13970,0
2290,32970807416163,32970809495596,20003801,sA-eth3,up,32970809305214,netem,72823702,56409,0,0,0,118662,15,70026954,12729,0,70024644,13998,0
2291,32970827410545,32970829416628,19994382,sA-eth3,up,32970829231115,netem,73009716,56542,0,0,0,0,0,70042236,12742,0,70203398,14021,0
2292,32970847417017,32970849300918,20006472,sA-eth3,up,32970849116686,netem,73009716,56542,0,0,0,0,0,70042236,12742,0,70203398,14021,0
2293,32970867406570,32970869249790,19989553,sA-eth3,up,32970869073677,netem,73009716,56542,0,0,0,0,0,70042236,12742,0,70203398,14021,0
2294,32970887422021,32970889471815,20015451,sA-eth3,up,32970889277482,netem,73009716,56542,0,0,0,0,0,70042236,12742,0,70203398,14021,0
2295,32970907400104,32970909788389,19978083,sA-eth3,up,32970909609978,netem,73009716,56542,0,0,0,0,0,70042236,12742,0,70203398,14021,0
2296,32970927412045,32970929650580,20011941,sA-eth3,up,32970929471559,netem,73009716,56542,0,0,0,0,0,70042236,12742,0,70203398,14021,0
2297,32970947400618,32970949440600,19988573,sA-eth3,up,32970949258288,netem,73009716,56542,0,0,0,0,0,70042236,12742,0,70203398,14021,0
2298,32970967416080,32970969341811,20015462,sA-eth3,up,32970969148089,netem,73009716,56542,0,0,0,0,0,70042236,12742,0,70203398,14021,0
2299,32970987405392,32970989863479,19989312,sA-eth3,up,32970989638807,netem,73009716,56542,0,0,0,0,0,70042236,12742,0,70203398,14021,0
2300,32971007404093,32971009494477,19998701,sA-eth3,up,32971009300134,netem,73009716,56542,0,0,0,0,0,70042236,12742,0,70203398,14021,0
2301,32971027400626,32971029415628,19996533,sA-eth3,up,32971029231977,netem,73009716,56542,0,0,0,0,0,70042236,12742,0,70203398,14021,0
2302,32971047407849,32971049764744,20007223,sA-eth3,up,32971049571052,netem,73009860,56544,0,0,0,0,0,70048160,12744,0,70203542,14023,0
2303,32971067403360,32971069892058,19995511,sA-eth3,up,32971069691116,netem,73009860,56544,0,0,0,0,0,70048160,12744,0,70203542,14023,0
2304,32971087401893,32971089635587,19998533,sA-eth3,up,32971089456835,netem,73009860,56544,0,0,0,0,0,70048160,12744,0,70203542,14023,0
2305,32971107422485,32971109838611,20020592,sA-eth3,up,32971109396067,netem,73009860,56544,0,0,0,0,0,70048160,12744,0,70203542,14023,0
2306,32971127408707,32971129500459,19986222,sA-eth3,up,32971129306568,netem,73009860,56544,0,0,0,0,0,70048160,12744,0,70203542,14023,0
2307,32971147408469,32971149942707,19999762,sA-eth3,up,32971149736585,netem,73009860,56544,0,0,0,0,0,70048160,12744,0,70203542,14023,0
2308,32971167406431,32971169489734,19997962,sA-eth3,up,32971169303672,netem,73009860,56544,0,0,0,0,0,70048160,12744,0,70203542,14023,0
2309,32971187404163,32971189540836,19997732,sA-eth3,up,32971189362395,netem,73009860,56544,0,0,0,0,0,70048160,12744,0,70203542,14023,0
2310,32971207406734,32971209229286,20002571,sA-eth3,up,32971209059303,netem,73009860,56544,0,0,0,0,0,70048160,12744,0,70203542,14023,0
2311,32971227415187,32971229381629,20008453,sA-eth3,up,32971229207047,netem,73009860,56544,0,0,0,0,0,70048160,12744,0,70203542,14023,0
