poll_iteration,poll_start_ns,poll_end_ns,poll_interval_ns,interface,operstate,t_ns,kind,bytes,packets,drops,overlimits,requeues,backlog_bytes,qlen,rx_bytes,rx_packets,rx_dropped,tx_bytes,tx_packets,tx_dropped
0,1212747794105,1212750690269,0,sA-eth3,up,1212750399167,netem,364,6,0,0,0,0,0,480,6,0,544,8,0
1,1212767901218,1212770113297,20107113,sA-eth3,up,1212769857365,netem,364,6,0,0,0,0,0,480,6,0,544,8,0
2,1212787884850,1212789963017,19983632,sA-eth3,up,1212789770666,netem,474,7,0,0,0,0,0,480,6,0,654,9,0
3,1212807873612,1212809977600,19988762,sA-eth3,up,1212809788509,netem,688,10,0,0,0,0,0,694,9,0,868,12,0
4,1212827880194,1212829858741,20006582,sA-eth3,up,1212829668649,netem,688,10,0,0,0,0,0,694,9,0,868,12,0
5,1212847893296,1212849857603,20013102,sA-eth3,up,1212849662921,netem,688,10,0,0,0,0,0,694,9,0,868,12,0
6,1212867904888,1212869960466,20011592,sA-eth3,up,1212869715634,netem,688,10,0,0,0,66,1,13948,12,0,868,12,0
7,1212887873440,1212890360481,19968552,sA-eth3,up,1212890180080,netem,1744,26,0,0,0,0,0,371344,30,0,1924,28,0
8,1212907872992,1212909963629,19999552,sA-eth3,up,1212909793018,netem,2206,33,0,0,0,0,0,632578,39,0,2386,35,0
9,1212927871684,1212929915152,19998692,sA-eth3,up,1212929738620,netem,2800,42,0,0,0,0,0,773562,47,0,2980,44,0
10,1212947879516,1212949974974,20007832,sA-eth3,up,1212949777632,netem,3922,59,0,0,0,66,1,964350,63,0,4102,61,0
11,1212967924079,1212970342239,20044563,sA-eth3,up,1212970074297,netem,5110,77,0,0,0,132,2,1217556,82,0,5422,81,0
12,1212987888430,1212990116260,19964351,sA-eth3,up,1212989860857,netem,6450,97,0,0,0,66,1,1462074,101,0,6630,99,0
13,1213007888623,1213010114711,20000193,sA-eth3,up,1213009853289,netem,7638,115,0,0,0,66,1,1712384,120,0,7884,118,0
14,1213027898494,1213030078854,20009871,sA-eth3,up,1213029822451,netem,8826,133,0,0,0,132,2,1935050,137,0,9072,136,0
15,1213047893866,1213050254076,19995372,sA-eth3,up,1213049919794,netem,10190,153,0,0,0,0,0,2107286,151,0,10370,155,0
16,1213067894348,1213070189258,20000482,sA-eth3,up,1213069968066,netem,173792,262,0,0,0,146858,4,2108276,166,0,202520,170,0
17,1213087880000,1213090022259,19985652,sA-eth3,up,1213089827518,netem,434200,434,0,0,0,93868,5,2108672,172,0,417220,176,0
18,1213107877702,1213109815559,19997702,sA-eth3,up,1213109623617,netem,690066,603,0,0,0,31794,3,2109992,192,0,677798,197,0
19,1213127871215,1213130186124,19993513,sA-eth3,up,1213129999412,netem,941390,769,0,0,0,37850,3,2111180,210,0,919420,216,0
20,1213147870707,1213149760114,19999492,sA-eth3,up,1213149568842,netem,1198770,939,0,0,0,30280,2,2112302,227,0,1152222,233,0
21,1213167873499,1213169824167,20002792,sA-eth3,up,1213169628905,netem,1436468,1096,0,0,0,49962,4,2113490,245,0,1395226,251,0
22,1213187881672,1213189822369,20008173,sA-eth3,up,1213189639898,netem,1690820,1264,0,0,0,52990,4,2114744,264,0,1636848,270,0
23,1213207894226,1213209986234,20012554,sA-eth3,up,1213209796833,netem,1951228,1436,0,0,0,39364,3,2115932,282,0,1875508,288,0
24,1213227881858,1213229847295,19987632,sA-eth3,up,1213229618513,netem,2182870,1589,0,0,0,20196,2,2117186,301,0,2117578,307,0
25,1213247876171,1213249939448,19994313,sA-eth3,up,1213249739777,netem,2204034,1617,0,0,0,66,1,2357252,318,0,2118612,322,0
26,1213267880983,1213269899351,20004812,sA-eth3,up,1213269687719,netem,2205288,1636,0,0,0,66,1,2590120,336,0,2119800,340,0
27,1213287882356,1213289928414,20001373,sA-eth3,up,1213289705582,netem,2206476,1654,0,0,0,66,1,2841878,355,0,2121054,359,0
28,1213307884019,1213310909465,20001663,sA-eth3,up,1213310702443,netem,2207840,1674,0,0,0,66,1,3089292,374,0,2122352,378,0
29,1213327882722,1213330372903,19998703,sA-eth3,up,1213330162011,netem,2209028,1692,0,0,0,66,1,3327952,392,0,2123606,397,0
30,1213347881364,1213350302715,19998642,sA-eth3,up,1213350104374,netem,2210282,1711,0,0,0,0,0,3568060,410,0,2124794,415,0
31,1213367875317,1213370205517,19993953,sA-eth3,up,1213370021646,netem,2211470,1729,0,0,0,0,0,3798032,428,0,2125982,433,0
32,1213387903441,1213390646584,20028124,sA-eth3,up,1213390409363,netem,2212658,1747,0,0,0,66,1,4045446,447,0,2127236,452,0
33,1213407881463,1213410264714,19978022,sA-eth3,up,1213410041882,netem,2213912,1766,0,0,0,0,0,4224922,461,0,2128424,470,0
34,1213427882126,1213430093665,20000663,sA-eth3,up,1213429875533,netem,2365402,1867,0,0,0,42392,3,4225582,471,0,2273908,480,0
35,1213447883318,1213449891075,20001192,sA-eth3,up,1213449703284,netem,2615212,2032,0,0,0,52990,4,4226770,489,0,2514016,498,0
36,1213467884671,1213469905669,20001353,sA-eth3,up,1213469708927,netem,2857452,2192,0,0,0,48448,3,4227958,507,0,2746884,516,0
37,1213487882664,1213489768711,19997993,sA-eth3,up,1213489567368,netem,3114832,2362,0,0,0,30280,2,4229212,526,0,2994298,535,0
38,1213507881387,1213509830413,19998723,sA-eth3,up,1213509637662,netem,3364814,2529,0,0,0,37850,3,4230486,545,0,3234578,555,0
39,1213527898009,1213529857717,20016622,sA-eth3,up,1213529667495,netem,3607054,2689,0,0,0,45420,3,4231674,563,0,3467446,573,0
40,1213547890852,1213549761238,19992843,sA-eth3,up,1213549555236,netem,3864434,2859,0,0,0,30280,2,4232928,582,0,3714860,592,0
41,1213567880595,1213570280895,19989743,sA-eth3,up,1213570066184,netem,4114244,3024,0,0,0,37850,3,4234050,599,0,3954968,610,0
42,1213587887808,1213589791005,20007213,sA-eth3,up,1213589574482,netem,4356484,3184,0,0,0,45420,3,4235238,617,0,4187836,628,0
43,1213607878740,1213610189121,19990932,sA-eth3,up,1213609980518,netem,4407554,3227,0,0,0,66,1,4410144,634,0,4236926,641,0
44,1213627882633,1213629850350,20003893,sA-eth3,up,1213629654509,netem,4408742,3245,0,0,0,66,1,4660454,653,0,4238114,659,0
45,1213647875835,1213649804953,19993202,sA-eth3,up,1213649612531,netem,4409930,3263,0,0,0,66,1,4883120,670,0,4239368,678,0
46,1213667875509,1213669710505,19999674,sA-eth3,up,1213669541183,netem,4411118,3281,0,0,0,66,1,5130534,689,0,4240556,696,0
47,1213687882602,1213689717007,20007093,sA-eth3,up,1213689546475,netem,4412372,3300,0,0,0,66,1,5363402,708,0,4241744,714,0
48,1213707883374,1213709776060,20000772,sA-eth3,up,1213709592809,netem,4413560,3318,0,0,0,66,1,5603510,725,0,4242998,733,0
49,1213727874547,1213729661252,19991173,sA-eth3,up,1213729489311,netem,4414748,3336,0,0,0,66,1,5850924,744,0,4244186,751,0
50,1213747880470,1213749756826,20005923,sA-eth3,up,1213749578864,netem,4416002,3355,0,0,0,66,1,6099786,763,0,4245374,769,0
51,1213767891083,1213769860680,20010613,sA-eth3,up,1213769618438,netem,4416992,3370,0,0,0,66,1,6343172,780,0,4246430,785,0
52,1213787876295,1213789802642,19985212,sA-eth3,up,1213789608630,netem,4611204,3504,0,0,0,40878,3,6344096,794,0,4432986,803,0
53,1213807897858,1213810451790,20021563,sA-eth3,up,1213810198148,netem,4859500,3668,0,0,0,42392,3,6345284,812,0,4671646,821,0
54,1213827849260,1213829780127,19951402,sA-eth3,up,1213829557105,netem,5109310,3833,0,0,0,46934,4,6346538,831,0,4916164,840,0
55,1213847882014,1213849851931,20032754,sA-eth3,up,1213849576158,netem,5348522,3991,0,0,0,56018,4,6347726,849,0,5156272,858,0
56,1213867894237,1213869832313,20012223,sA-eth3,up,1213869638052,netem,5605902,4161,0,0,0,51476,3,6348914,867,0,5389140,876,0
57,1213887882499,1213889777405,19988262,sA-eth3,up,1213889571814,netem,5855712,4326,0,0,0,40878,3,6350102,885,0,5636554,895,0
58,1213907881272,1213910408084,19998773,sA-eth3,up,1213910142082,netem,6113092,4496,0,0,0,37850,3,6351224,902,0,5876662,913,0
59,1213927880775,1213929877162,19999503,sA-eth3,up,1213929628319,netem,6355332,4656,0,0,0,45420,3,6352346,919,0,6109464,930,0
60,1213947890708,1213950066836,20009933,sA-eth3,up,1213949787834,netem,6610198,4825,0,0,0,0,0,6353534,937,0,6354430,949,0
61,1213967847200,1213970786426,19956492,sA-eth3,up,1213970569243,netem,6610594,4831,0,0,0,0,0,6491712,946,0,6354826,955,0
62,1213987886742,1213989927680,20039542,sA-eth3,up,1213989702209,netem,6611518,4845,0,0,0,66,1,6744852,964,0,6355750,969,0
63,1214007882055,1214010707170,19995313,sA-eth3,up,1214010526899,netem,6612866,4865,0,0,0,66,1,6990818,983,0,6357164,990,0
64,1214027877608,1214029904026,19995553,sA-eth3,up,1214029686995,netem,6613922,4881,0,0,0,66,1,7220790,1001,0,6358220,1006,0
65,1214047878981,1214049863078,20001373,sA-eth3,up,1214049642647,netem,6614912,4896,0,0,0,66,1,7481170,1019,0,6359210,1021,0
66,1214067883674,1214069847591,20004693,sA-eth3,up,1214069646649,netem,6615968,4912,0,0,0,66,1,7727070,1037,0,6360200,1036,0
67,1214087888716,1214090232067,20005042,sA-eth3,up,1214089987305,netem,6616958,4927,0,0,0,66,1,7970074,1055,0,6361256,1052,0
68,1214107893740,1214109857227,20005024,sA-eth3,up,1214109665255,netem,6618146,4945,0,0,0,66,1,8202876,1072,0,6362378,1069,0
69,1214127891022,1214130213982,19997282,sA-eth3,up,1214130035161,netem,6619334,4963,0,0,0,66,1,8440022,1089,0,6363566,1087,0
70,1214147876926,1214150263646,19985904,sA-eth3,up,1214150061144,netem,6695652,5022,0,0,0,22710,2,8461336,1098,0,6444220,1102,0
71,1214167882189,1214170326520,20005263,sA-eth3,up,1214170134228,netem,6953032,5192,0,0,0,37850,3,8462392,1114,0,6684262,1119,0
72,1214187874922,1214190315653,19992733,sA-eth3,up,1214190133882,netem,7195272,5352,0,0,0,45420,3,8463514,1131,0,6931610,1137,0
73,1214207878115,1214209877734,20003193,sA-eth3,up,1214209690001,netem,7442054,5515,0,0,0,40878,3,8464768,1150,0,7164478,1155,0
74,1214227879249,1214229764625,20001134,sA-eth3,up,1214229582164,netem,7687322,5677,0,0,0,52990,4,8465956,1168,0,7401690,1173,0
75,1214247884423,1214249816300,20005174,sA-eth3,up,1214249617248,netem,7947730,5849,0,0,0,42392,3,8467144,1186,0,7640350,1191,0
76,1214267871996,1214270105336,19987573,sA-eth3,up,1214269908764,netem,8202242,6019,0,0,0,42392,3,8468398,1205,0,7885028,1212,0
77,1214287878830,1214289849377,20006834,sA-eth3,up,1214289646745,netem,8436912,6174,0,0,0,56018,4,8469586,1223,0,8125136,1230,0
78,1214307879483,1214309794060,20000653,sA-eth3,up,1214309613968,netem,8694292,6344,0,0,0,48448,3,8470774,1241,0,8358004,1248,0
79,1214327870427,1214330254297,19990944,sA-eth3,up,1214330082116,netem,8813228,6428,0,0,0,66,1,8586378,1259,0,8472320,1262,0
80,1214347881871,1214349796097,20011444,sA-eth3,up,1214349609576,netem,8814350,6445,0,0,0,66,1,8813388,1276,0,8473508,1280,0
81,1214367885694,1214369852611,20003823,sA-eth3,up,1214369660669,netem,8815538,6463,0,0,0,66,1,9068042,1295,0,8474630,1297,0
82,1214387872677,1214389780524,19986983,sA-eth3,up,1214389599032,netem,8816660,6480,0,0,0,66,1,9300910,1313,0,8475752,1314,0
83,1214407869111,1214409745907,19996434,sA-eth3,up,1214409561545,netem,8817848,6498,0,0,0,66,1,9548324,1332,0,8476940,1332,0
84,1214427871113,1214429734581,20002002,sA-eth3,up,1214429554938,netem,8818970,6515,0,0,0,0,0,9788432,1350,0,8478062,1349,0
85,1214447873347,1214449809795,20002234,sA-eth3,up,1214449624172,netem,8820158,6533,0,0,0,66,1,10027092,1368,0,8479250,1367,0
86,1214467877490,1214469780277,20004143,sA-eth3,up,1214469591606,netem,8821346,6551,0,0,0,66,1,10271610,1387,0,8480504,1386,0
87,1214487884044,1214489840781,20006554,sA-eth3,up,1214489655740,netem,8822600,6570,0,0,0,66,1,10511718,1405,0,8481692,1404,0
88,1214507879148,1214510284369,19995104,sA-eth3,up,1214510112767,netem,8899050,6631,0,0,0,22710,2,10579566,1417,0,8555172,1420,0
89,1214527870451,1214530158171,19991303,sA-eth3,up,1214529965869,netem,9141610,6795,0,0,0,37850,3,10580848,1436,0,8788294,1441,0
90,1214547874465,1214549791111,20004014,sA-eth3,up,1214549603870,netem,9383850,6955,0,0,0,45420,3,10582036,1454,0,9021162,1460,0
91,1214567876688,1214569935056,20002223,sA-eth3,up,1214569752454,netem,9630722,7119,0,0,0,56018,4,10583290,1473,0,9273010,1479,0
92,1214587885021,1214589905389,20008333,sA-eth3,up,1214589706138,netem,9879018,7283,0,0,0,65102,5,10584478,1491,0,9514566,1497,0
93,1214607876445,1214610129074,19991424,sA-eth3,up,1214609930093,netem,10133370,7451,0,0,0,54504,4,10585666,1510,0,9759084,1516,0
94,1214627879649,1214629841326,20003204,sA-eth3,up,1214629657244,netem,10383180,7616,0,0,0,59046,4,10586854,1527,0,9981750,1533,0
95,1214647875902,1214649817919,19996253,sA-eth3,up,1214649639178,netem,10640560,7786,0,0,0,56018,4,10588108,1546,0,10229164,1552,0
96,1214667874266,1214670175405,19998364,sA-eth3,up,1214669989364,netem,10882800,7946,0,0,0,45420,3,10589362,1565,0,10476578,1571,0
97,1214687877060,1214690419421,20002794,sA-eth3,up,1214690236209,netem,11016876,8040,0,0,0,0,0,10684628,1582,0,10590894,1585,0
98,1214707876653,1214710149062,19999593,sA-eth3,up,1214709942491,netem,11017998,8057,0,0,0,66,1,10931976,1600,0,10592016,1602,0
99,1214727879465,1214730100715,20002812,sA-eth3,up,1214729913054,netem,11019186,8075,0,0,0,66,1,11186630,1619,0,10593270,1621,0
100,1214747879329,1214750208130,19999864,sA-eth3,up,1214750021368,netem,11020530,8095,0,0,0,66,1,11419498,1637,0,10594548,1640,0
101,1214767887393,1214770126152,20008064,sA-eth3,up,1214769920341,netem,11021718,8113,0,0,0,66,1,11666912,1656,0,10595736,1658,0
102,1214787887316,1214789992785,19999923,sA-eth3,up,1214789814393,netem,11022906,8131,0,0,0,66,1,11904124,1674,0,10596990,1677,0
103,1214807885460,1214810455032,19998144,sA-eth3,up,1214810249350,netem,11024160,8150,0,0,0,0,0,12148642,1693,0,10598178,1695,0
104,1214827879763,1214830068602,19994303,sA-eth3,up,1214829854860,netem,11025348,8168,0,0,0,0,0,12384340,1710,0,10599366,1713,0
105,1214847872847,1214849948844,19993084,sA-eth3,up,1214849768203,netem,11026536,8186,0,0,0,66,1,12615850,1729,0,10600620,1732,0
106,1214867876260,1214870256651,20003413,sA-eth3,up,1214870073239,netem,11102986,8247,0,0,0,22710,2,12698244,1742,0,10674034,1747,0
107,1214887872503,1214890344225,19996243,sA-eth3,up,1214890068802,netem,11345226,8407,0,0,0,37850,3,12699366,1759,0,10921382,1765,0
108,1214907906197,1214910363589,20033694,sA-eth3,up,1214910136866,netem,11602606,8577,0,0,0,45420,3,12700620,1778,0,11154250,1783,0
109,1214927893141,1214929976979,19986944,sA-eth3,up,1214929771227,netem,11849388,8740,0,0,0,40878,3,12701808,1796,0,11391462,1801,0
110,1214947903464,1214950387176,20010323,sA-eth3,up,1214950186194,netem,12094656,8902,0,0,0,52990,4,12703062,1815,0,11638876,1820,0
111,1214967906458,1214970554981,20002994,sA-eth3,up,1214970294048,netem,12355244,9076,0,0,0,39364,3,12704250,1833,0,11877716,1840,0
112,1214987893702,1214989812968,19987244,sA-eth3,up,1214989598375,netem,12586886,9229,0,0,0,59046,4,12705372,1850,0,12100382,1857,0
113,1215007873574,1215010208855,19979872,sA-eth3,up,1215010029533,netem,12844266,9399,0,0,0,56018,4,12706626,1869,0,12347796,1877,0
114,1215027876077,1215029934556,20002503,sA-eth3,up,1215029752394,netem,13086506,9559,0,0,0,63588,4,12707880,1888,0,12595210,1895,0
115,1215047882401,1215049972060,20006324,sA-eth3,up,1215049759737,netem,13220384,9650,0,0,0,66,1,12766748,1902,0,12709328,1906,0
116,1215067894475,1215069905213,20012074,sA-eth3,up,1215069713261,netem,13221440,9666,0,0,0,66,1,13028576,1920,0,12710450,1923,0
117,1215087878808,1215089852875,19984333,sA-eth3,up,1215089659354,netem,13222562,9683,0,0,0,132,2,13261444,1938,0,12711572,1940,0
118,1215107879982,1215109760498,20001174,sA-eth3,up,1215109571127,netem,13223816,9702,0,0,0,0,0,13500104,1956,0,12712760,1958,0
119,1215127880405,1215129866882,20000423,sA-eth3,up,1215129679981,netem,13225004,9720,0,0,0,66,1,13747518,1975,0,12713948,1976,0
120,1215147877930,1215149850667,19997525,sA-eth3,up,1215149666034,netem,13226192,9738,0,0,0,66,1,14002172,1994,0,12715202,1995,0
121,1215167876563,1215170274464,19998633,sA-eth3,up,1215170092993,netem,13227446,9757,0,0,0,66,1,14246690,2013,0,12716456,2014,0
122,1215187892198,1215190075876,20015635,sA-eth3,up,1215189866645,netem,13228634,9775,0,0,0,132,2,14469356,2030,0,12717644,2032,0
123,1215207884881,1215209853539,19992683,sA-eth3,up,1215209658827,netem,13229888,9794,0,0,0,0,0,14716770,2049,0,12718832,2050,0
124,1215227887326,1215230225127,20002445,sA-eth3,up,1215230027065,netem,13245976,9818,0,0,0,30280,2,14816408,2060,0,12748872,2066,0
125,1215247895681,1215250180640,20008355,sA-eth3,up,1215249953208,netem,13507898,9991,0,0,0,40878,3,14817530,2077,0,12986018,2083,0
126,1215267891934,1215270046443,19996253,sA-eth3,up,1215269839091,netem,13747110,10149,0,0,0,43906,3,14818652,2094,0,13230536,2102,0
127,1215287882189,1215289820935,19990255,sA-eth3,up,1215289625254,netem,13995406,10313,0,0,0,36336,3,14819840,2112,0,13466234,2119,0
128,1215307884612,1215309858600,20002423,sA-eth3,up,1215309663148,netem,14248244,10480,0,0,0,56018,4,14821028,2130,0,13697654,2137,0
129,1215327874796,1215330185057,19990184,sA-eth3,up,1215329986516,netem,14502596,10648,0,0,0,37850,3,14822216,2148,0,13942172,2156,0
130,1215347885011,1215349783568,20010215,sA-eth3,up,1215349591006,netem,14744836,10808,0,0,0,45420,3,14823404,2166,0,14175040,2174,0
131,1215367895985,1215369864572,20010974,sA-eth3,up,1215369657320,netem,14994646,10973,0,0,0,37850,3,14824526,2183,0,14429694,2193,0
132,1215387888179,1215389890086,19992194,sA-eth3,up,1215389696045,netem,15252026,11143,0,0,0,37850,3,14825780,2202,0,14662562,2211,0
133,1215407876634,1215410230944,19988455,sA-eth3,up,1215410048132,netem,15423688,11258,0,0,0,66,1,14870366,2219,0,14827624,2226,0
134,1215427874827,1215430131187,19998193,sA-eth3,up,1215429918396,netem,15424810,11275,0,0,0,66,1,15132260,2238,0,14828746,2243,0
135,1215447880782,1215449892929,20005955,sA-eth3,up,1215449703498,netem,15425998,11293,0,0,0,66,1,15365128,2256,0,14829934,2261,0
136,1215467879106,1215469945034,19998324,sA-eth3,up,1215469760842,netem,15427186,11311,0,0,0,132,2,15619782,2275,0,14831122,2279,0
137,1215487874870,1215489840907,19995764,sA-eth3,up,1215489651906,netem,15428440,11330,0,0,0,66,1,15870092,2294,0,14832310,2297,0
138,1215507875454,1215509771131,20000584,sA-eth3,up,1215509589619,netem,15429628,11348,0,0,0,66,1,16102960,2312,0,14833564,2316,0
139,1215527878899,1215529816336,20003445,sA-eth3,up,1215529631403,netem,15430882,11367,0,0,0,66,1,16345964,2330,0,14834752,2334,0
140,1215547881502,1215549844299,20002603,sA-eth3,up,1215549658118,netem,15432004,11384,0,0,0,66,1,16573040,2348,0,14835874,2351,0
141,1215567888847,1215569874574,20007345,sA-eth3,up,1215569674743,netem,15433258,11403,0,0,0,0,0,16820454,2367,0,14837128,2370,0
142,1215587880081,1215590318051,19991234,sA-eth3,up,1215590130821,netem,15464552,11438,0,0,0,36336,2,16934638,2379,0,14867234,2387,0
143,1215607871515,1215610068744,19991434,sA-eth3,up,1215609887882,netem,15714362,11603,0,0,0,37850,3,16935694,2395,0,15114516,2404,0
144,1215627874510,1215630020877,20002995,sA-eth3,up,1215629831676,netem,15956602,11763,0,0,0,52990,4,16936882,2413,0,15340078,2421,0
145,1215647873673,1215649762829,19999163,sA-eth3,up,1215649569928,netem,16198842,11923,0,0,0,45420,3,16938136,2432,0,15587492,2440,0
146,1215667872077,1215670139507,19998404,sA-eth3,up,1215669950435,netem,16460764,12096,0,0,0,40878,3,16939390,2451,0,15834906,2459,0
147,1215687872941,1215689812349,20000864,sA-eth3,up,1215689625066,netem,16712088,12262,0,0,0,46934,4,16940512,2468,0,16066260,2476,0
148,1215707879366,1215710113495,20006425,sA-eth3,up,1215709907914,netem,16966440,12430,0,0,0,39364,3,16941766,2487,0,16310778,2495,0
149,1215727876640,1215729855447,19997274,sA-eth3,up,1215729646606,netem,17202624,12586,0,0,0,69644,4,16942822,2503,0,16537788,2512,0
150,1215747872114,1215750230114,19995474,sA-eth3,up,1215750053873,netem,17458490,12755,0,0,0,74186,5,16943944,2520,0,16783688,2530,0
151,1215767877438,1215770214949,20005324,sA-eth3,up,1215770017567,netem,17627190,12869,0,0,0,66,1,17002944,2536,0,16945788,2544,0
152,1215787880403,1215790138022,20002965,sA-eth3,up,1215789860140,netem,17628312,12886,0,0,0,66,1,17250292,2554,0,16946910,2561,0
153,1215807893767,1215810382068,20013364,sA-eth3,up,1215810120746,netem,17629434,12903,0,0,0,66,1,17497706,2573,0,16948032,2578,0
154,1215827876061,1215829897498,19982294,sA-eth3,up,1215829679707,netem,17630622,12921,0,0,0,66,1,17743606,2591,0,16949286,2597,0
155,1215847873095,1215849805432,19997034,sA-eth3,up,1215849597090,netem,17631744,12938,0,0,0,66,1,17976474,2609,0,16950408,2614,0
156,1215867878189,1215869782265,20005094,sA-eth3,up,1215869594884,netem,17632998,12957,0,0,0,66,1,18220992,2628,0,16951596,2632,0
157,1215887870854,1215890062872,19992665,sA-eth3,up,1215889868521,netem,17634252,12976,0,0,0,66,1,18461100,2646,0,16952850,2651,0
158,1215907870398,1215909814425,19999544,sA-eth3,up,1215909613683,netem,17635374,12993,0,0,0,66,1,18691072,2664,0,16954038,2669,0
159,1215927871991,1215929759718,20001593,sA-eth3,up,1215929569926,netem,17636628,13012,0,0,0,66,1,18938486,2683,0,16955226,2687,0
160,1215947883036,1215950254927,20011045,sA-eth3,up,1215950055835,netem,17654296,13038,0,0,0,16654,1,19052604,2694,0,16972234,2703,0
161,1215967876390,1215969961948,19993354,sA-eth3,up,1215969758606,netem,17888966,13193,0,0,0,37850,3,19053660,2710,0,17212276,2720,0
162,1215987873534,1215989744600,19997144,sA-eth3,up,1215989561859,netem,18146346,13363,0,0,0,30280,2,19054782,2727,0,17445078,2737,0
163,1216007872699,1216009781275,19999165,sA-eth3,up,1216009568173,netem,18396156,13528,0,0,0,40878,3,19055904,2744,0,17692426,2755,0
164,1216027870252,1216029796929,19997553,sA-eth3,up,1216029614077,netem,18647480,13694,0,0,0,45420,4,19056960,2760,0,17926610,2771,0
165,1216047838297,1216049801203,19968045,sA-eth3,up,1216049600352,netem,18880636,13848,0,0,0,68130,5,19058082,2777,0,18169680,2790,0
166,1216067874790,1216069793548,20036493,sA-eth3,up,1216069616696,netem,19145586,14023,0,0,0,56018,4,19059336,2796,0,18412750,2809,0
167,1216087873395,1216089828752,19998605,sA-eth3,up,1216089650670,netem,19387826,14183,0,0,0,74186,5,19060524,2814,0,18652858,2827,0
168,1216107872229,1216109744026,19998834,sA-eth3,up,1216109560534,netem,19645206,14353,0,0,0,52990,4,19061712,2832,0,18885726,2845,0
169,1216127873443,1216129969062,20001214,sA-eth3,up,1216129764009,netem,19830428,14476,0,0,0,0,0,19062636,2846,0,19063754,2859,0
170,1216147877258,1216149870325,20003815,sA-eth3,up,1216149647594,netem,19830506,14477,0,0,0,0,0,19091728,2848,0,19063832,2860,0
171,1216167873813,1216169877010,19996555,sA-eth3,up,1216169690219,netem,19831290,14487,0,0,0,0,0,19179226,2857,0,19064616,2870,0
172,1216187878118,1216189750114,20004305,sA-eth3,up,1216189545292,netem,19831986,14495,0,0,0,86,1,19281378,2869,0,19065398,2879,0
173,1216207879653,1216209762849,20001535,sA-eth3,up,1216209569157,netem,19833252,14510,0,0,0,0,0,19387874,2881,0,19066578,2893,0
174,1216227882098,1216229810274,20002445,sA-eth3,up,1216229629273,netem,19834018,14519,0,0,0,0,0,19471004,2890,0,19067344,2902,0
175,1216247871182,1216249641957,19989084,sA-eth3,up,1216249475876,netem,19834700,14528,0,0,0,86,1,19529518,2899,0,19068026,2911,0
176,1216267870797,1216270133287,19999615,sA-eth3,up,1216269913455,netem,19835382,14537,0,0,0,78,1,19593890,2909,0,19068786,2921,0
177,1216287879762,1216289758428,20008965,sA-eth3,up,1216289578107,netem,19835780,14542,0,0,0,66,1,19626010,2913,0,19069172,2926,0
178,1216307873087,1216309769793,19993325,sA-eth3,up,1216309589492,netem,19836620,14554,0,0,0,0,0,19703546,2925,0,19069946,2937,0
179,1216327879662,1216329952730,20006575,sA-eth3,up,1216329739008,netem,19882562,14591,0,0,0,30444,4,19752056,2936,0,19128730,2949,0
180,1216347874407,1216350077167,19994745,sA-eth3,up,1216349887094,netem,20140184,14764,0,0,0,30280,2,19761602,2949,0,19361762,2969,0
181,1216367876371,1216369813969,20001964,sA-eth3,up,1216369634897,netem,20389994,14929,0,0,0,22710,2,19762724,2966,0,19609176,2988,0
182,1216387881857,1216389989355,20005486,sA-eth3,up,1216389807613,netem,20632234,15089,0,0,0,37850,3,19763714,2981,0,19849284,3006,0
183,1216407876272,1216409856708,19994415,sA-eth3,up,1216409672877,netem,20889614,15259,0,0,0,30280,2,19764704,2996,0,20082152,3024,0
184,1216427843006,1216430186036,19966734,sA-eth3,up,1216429943515,netem,21115200,15408,0,0,0,31794,3,19765298,3005,0,20298960,3040,0
185,1216447872131,1216450085140,20029125,sA-eth3,up,1216449870039,netem,21366524,15574,0,0,0,36336,2,19766156,3018,0,20540582,3059,0
186,1216467880666,1216469898094,20008535,sA-eth3,up,1216469691362,netem,21616334,15739,0,0,0,22710,2,19767146,3033,0,20780690,3077,0
187,1216487876611,1216489807147,19995945,sA-eth3,up,1216489627786,netem,21858574,15899,0,0,0,37850,3,19768004,3046,0,21013492,3094,0
188,1216507873316,1216510303807,19996705,sA-eth3,up,1216510048544,netem,22030170,16013,0,0,0,0,0,19768598,3055,0,21178422,3107,0
189,1216527882331,1216530250711,20009015,sA-eth3,up,1216530062529,netem,22030170,16013,0,0,0,0,0,19768598,3055,0,21178422,3107,0
190,1216547895835,1216549815942,20013504,sA-eth3,up,1216549614780,netem,22030170,16013,0,0,0,0,0,19768598,3055,0,21178422,3107,0
191,1216567888851,1216570338152,19993016,sA-eth3,up,1216570144919,netem,22030170,16013,0,0,0,0,0,19768598,3055,0,21178422,3107,0
192,1216587891945,1216590231956,20003094,sA-eth3,up,1216590048443,netem,22030170,16013,0,0,0,0,0,19768598,3055,0,21178422,3107,0
193,1216607886920,1216609912728,19994975,sA-eth3,up,1216609711876,netem,22030170,16013,0,0,0,0,0,19768598,3055,0,21178422,3107,0
194,1216627884556,1216629881322,19997636,sA-eth3,up,1216629697961,netem,22030170,16013,0,0,0,0,0,19768598,3055,0,21178422,3107,0
195,1216647885680,1216649984408,20001124,sA-eth3,up,1216649797376,netem,22030170,16013,0,0,0,0,0,19768598,3055,0,21178422,3107,0
196,1216667890084,1216669814821,20004404,sA-eth3,up,1216669616360,netem,22030170,16013,0,0,0,0,0,19768598,3055,0,21178422,3107,0
197,1216687885649,1216689763706,19995565,sA-eth3,up,1216689564834,netem,22030170,16013,0,0,0,0,0,19768598,3055,0,21178422,3107,0
198,1216707898484,1216710214935,20012835,sA-eth3,up,1216710036013,netem,22030170,16013,0,0,0,0,0,19768598,3055,0,21178422,3107,0
199,1216727885149,1216729788715,19986665,sA-eth3,up,1216729593744,netem,22030170,16013,0,0,0,0,0,19768598,3055,0,21178422,3107,0
200,1216747877724,1216749664689,19992575,sA-eth3,up,1216749495058,netem,22030170,16013,0,0,0,0,0,19768598,3055,0,21178422,3107,0
201,1216767878619,1216770200309,20000895,sA-eth3,up,1216770029117,netem,22030170,16013,0,0,0,0,0,19768598,3055,0,21178422,3107,0
202,1216787877924,1216789760260,19999305,sA-eth3,up,1216789569718,netem,22030170,16013,0,0,0,0,0,19768598,3055,0,21178422,3107,0
203,1216807884839,1216809851456,20006915,sA-eth3,up,1216809618093,netem,22030170,16013,0,0,0,0,0,19768598,3055,0,21178422,3107,0
204,1216827885973,1216829757600,20001134,sA-eth3,up,1216829567179,netem,22030170,16013,0,0,0,0,0,19768598,3055,0,21178422,3107,0
205,1216847893679,1216850319329,20007706,sA-eth3,up,1216850130368,netem,22030170,16013,0,0,0,0,0,19768598,3055,0,21178422,3107,0
206,1216867898864,1216869958642,20005185,sA-eth3,up,1216869773570,netem,22030170,16013,0,0,0,0,0,19768598,3055,0,21178422,3107,0
207,1216887889648,1216889823475,19990784,sA-eth3,up,1216889614583,netem,22030170,16013,0,0,0,0,0,19768598,3055,0,21178422,3107,0
208,1216907884853,1216909764139,19995205,sA-eth3,up,1216909564847,netem,22030170,16013,0,0,0,0,0,19768598,3055,0,21178422,3107,0
209,1216927876179,1216929672144,19991326,sA-eth3,up,1216929501532,netem,22030170,16013,0,0,0,0,0,19768598,3055,0,21178422,3107,0
210,1216947891633,1216950279494,20015454,sA-eth3,up,1216950079681,netem,22030170,16013,0,0,0,0,0,19768598,3055,0,21178422,3107,0
211,1216967931278,1216970049277,20039645,sA-eth3,up,1216969805544,netem,22030334,16015,0,0,0,0,0,19773074,3057,0,21178586,3109,0
212,1216987885123,1216989732069,19953845,sA-eth3,up,1216989539977,netem,22031028,16024,0,0,0,0,0,19804076,3066,0,21179280,3118,0
213,1217007875827,1217010189068,19990704,sA-eth3,up,1217009990325,netem,22031562,16031,0,0,0,0,0,19861142,3075,0,21179814,3125,0
214,1217027907112,1217029825419,20031285,sA-eth3,up,1217029603607,netem,22032324,16042,0,0,0,0,0,19939994,3085,0,21180576,3136,0
215,1217047889137,1217050018866,19982025,sA-eth3,up,1217049827274,netem,22033080,16052,0,0,0,78,1,20023256,3096,0,21181410,3147,0
216,1217067897272,1217069786518,20008135,sA-eth3,up,1217069593297,netem,22033976,16064,0,0,0,66,1,20110928,3108,0,21182228,3158,0
217,1217087879246,1217089802483,19981974,sA-eth3,up,1217089602592,netem,22034582,16073,0,0,0,78,1,20176616,3116,0,21182834,3167,0
218,1217107884452,1217109842119,20005206,sA-eth3,up,1217109637236,netem,22035290,16083,0,0,0,0,0,20261260,3126,0,21183542,3177,0
219,1217127890387,1217130245998,20005935,sA-eth3,up,1217130068356,netem,22036190,16095,0,0,0,78,1,20356304,3140,0,21184442,3189,0
220,1217147884912,1217150241463,19994525,sA-eth3,up,1217150062611,netem,22036424,16098,0,0,0,0,0,20367954,3141,0,21184676,3192,0
221,1217167872307,1217169898285,19987395,sA-eth3,up,1217169730504,netem,22036424,16098,0,0,0,0,0,20367954,3141,0,21184676,3192,0
222,1217187877503,1217189634719,20005196,sA-eth3,up,1217189473577,netem,22036424,16098,0,0,0,0,0,20367954,3141,0,21184676,3192,0
223,1217207891959,1217209702754,20014456,sA-eth3,up,1217209531473,netem,22036424,16098,0,0,0,0,0,20367954,3141,0,21184676,3192,0
224,1217227887205,1217229748000,19995246,sA-eth3,up,1217229559309,netem,22036424,16098,0,0,0,0,0,20367954,3141,0,21184676,3192,0
225,1217247876100,1217249776266,19988895,sA-eth3,up,1217249591855,netem,22036424,16098,0,0,0,0,0,20367954,3141,0,21184676,3192,0
226,1217267875815,1217270163576,19999715,sA-eth3,up,1217269970994,netem,22036424,16098,0,0,0,0,0,20367954,3141,0,21184676,3192,0
227,1217287878921,1217289829169,20003106,sA-eth3,up,1217289647467,netem,22036424,16098,0,0,0,0,0,20367954,3141,0,21184676,3192,0
228,1217307881406,1217309692752,20002485,sA-eth3,up,1217309527711,netem,22036424,16098,0,0,0,0,0,20367954,3141,0,21184676,3192,0
229,1217327875112,1217330119562,19993706,sA-eth3,up,1217329917311,netem,22036424,16098,0,0,0,0,0,20367954,3141,0,21184676,3192,0
230,1217347876917,1217349658763,20001805,sA-eth3,up,1217349494342,netem,22036424,16098,0,0,0,0,0,20367954,3141,0,21184676,3192,0
231,1217367879713,1217369698059,20002796,sA-eth3,up,1217369533218,netem,22036424,16098,0,0,0,0,0,20367954,3141,0,21184676,3192,0
232,1217387887838,1217389772325,20008125,sA-eth3,up,1217389580693,netem,22036424,16098,0,0,0,0,0,20367954,3141,0,21184676,3192,0
233,1217407877555,1217410101904,19989717,sA-eth3,up,1217409914382,netem,22036424,16098,0,0,0,0,0,20367954,3141,0,21184676,3192,0
234,1217427876990,1217429627106,19999435,sA-eth3,up,1217429464564,netem,22036424,16098,0,0,0,0,0,20367954,3141,0,21184676,3192,0
235,1217447878815,1217449984594,20001825,sA-eth3,up,1217449823273,netem,22036424,16098,0,0,0,0,0,20367954,3141,0,21184676,3192,0
236,1217467883152,1217469785348,20004337,sA-eth3,up,1217469584117,netem,22036424,16098,0,0,0,0,0,20367954,3141,0,21184676,3192,0
237,1217487878696,1217489753964,19995544,sA-eth3,up,1217489577542,netem,22036424,16098,0,0,0,0,0,20367954,3141,0,21184676,3192,0
238,1217507875203,1217509649927,19996507,sA-eth3,up,1217509479746,netem,22036424,16098,0,0,0,0,0,20367954,3141,0,21184676,3192,0
239,1217527879807,1217529695724,20004604,sA-eth3,up,1217529533402,netem,22036424,16098,0,0,0,0,0,20367954,3141,0,21184676,3192,0
240,1217547876123,1217550081022,19996316,sA-eth3,up,1217549902641,netem,22036424,16098,0,0,0,0,0,20367954,3141,0,21184676,3192,0
241,1217567880839,1217569743506,20004716,sA-eth3,up,1217569546053,netem,22036424,16098,0,0,0,0,0,20367954,3141,0,21184676,3192,0
242,1217587879965,1217589656290,19999126,sA-eth3,up,1217589487468,netem,22036424,16098,0,0,0,0,0,20367954,3141,0,21184676,3192,0
243,1217607878120,1217609619486,19998155,sA-eth3,up,1217609458903,netem,22036424,16098,0,0,0,0,0,20367954,3141,0,21184676,3192,0
244,1217627880716,1217629664921,20002596,sA-eth3,up,1217629502700,netem,22036424,16098,0,0,0,0,0,20367954,3141,0,21184676,3192,0
245,1217647879502,1217649659177,19998786,sA-eth3,up,1217649497285,netem,22036424,16098,0,0,0,0,0,20367954,3141,0,21184676,3192,0
246,1217667867847,1217669618333,19988345,sA-eth3,up,1217669454021,netem,22036424,16098,0,0,0,0,0,20367954,3141,0,21184676,3192,0
247,1217687874992,1217689644648,20007145,sA-eth3,up,1217689483757,netem,22036424,16098,0,0,0,0,0,20367954,3141,0,21184676,3192,0
248,1217707878408,1217709613983,20003416,sA-eth3,up,1217709455492,netem,22036424,16098,0,0,0,0,0,20367954,3141,0,21184676,3192,0
249,1217727886024,1217729738300,20007616,sA-eth3,up,1217729544518,netem,22036424,16098,0,0,0,0,0,20367954,3141,0,21184676,3192,0
250,1217747874789,1217749617825,19988765,sA-eth3,up,1217749452843,netem,22036424,16098,0,0,0,0,0,20367954,3141,0,21184676,3192,0
251,1217767873395,1217769757551,19998606,sA-eth3,up,1217769580170,netem,22036674,16101,0,0,0,0,0,20375392,3144,0,21184926,3195,0
252,1217787879681,1217789789227,20006286,sA-eth3,up,1217789609716,netem,22037830,16115,0,0,0,0,0,20451678,3159,0,21186082,3209,0
253,1217807883086,1217809765952,20003405,sA-eth3,up,1217809588881,netem,22038384,16122,0,0,0,0,0,20504268,3166,0,21186636,3216,0
254,1217827873472,1217830231582,19990386,sA-eth3,up,1217830066861,netem,22039190,16131,0,0,0,180,2,20562914,3177,0,21187536,3226,0
255,1217847885247,1217849832674,20011775,sA-eth3,up,1217849649172,netem,22040298,16145,0,0,0,0,0,20650652,3190,0,21188550,3239,0
256,1217867880793,1217869870441,19995546,sA-eth3,up,1217869675908,netem,22041234,16159,0,0,0,0,0,20758728,3204,0,21189486,3253,0
257,1217887898448,1217890321129,20017655,sA-eth3,up,1217890134348,netem,22042052,16170,0,0,0,0,0,20840608,3216,0,21190304,3264,0
258,1217907872424,1217909785360,19973976,sA-eth3,up,1217909606809,netem,22042812,16180,0,0,0,0,0,20896292,3226,0,21191064,3274,0
259,1217927874179,1217929673345,20001755,sA-eth3,up,1217929509664,netem,22043244,16186,0,0,0,0,0,20932822,3231,0,21191496,3280,0
260,1217947880965,1217950184995,20006786,sA-eth3,up,1217949999804,netem,22043244,16186,0,0,0,0,0,20932822,3231,0,21191496,3280,0
261,1217967886460,1217969766238,20005495,sA-eth3,up,1217969581505,netem,22043244,16186,0,0,0,0,0,20932822,3231,0,21191496,3280,0
262,1217987877276,1217989992635,19990816,sA-eth3,up,1217989827763,netem,22043314,16187,0,0,0,0,0,20932822,3231,0,21191566,3281,0
263,1218007875391,1218009650068,19998115,sA-eth3,up,1218009486626,netem,22043314,16187,0,0,0,0,0,20932822,3231,0,21191566,3281,0
264,1218027878087,1218029650253,20002696,sA-eth3,up,1218029484421,netem,22043314,16187,0,0,0,0,0,20932822,3231,0,21191566,3281,0
265,1218047879643,1218049650569,20001556,sA-eth3,up,1218049488957,netem,22043314,16187,0,0,0,0,0,20932822,3231,0,21191566,3281,0
266,1218067882139,1218070217600,20002496,sA-eth3,up,1218070047767,netem,22043314,16187,0,0,0,0,0,20932822,3231,0,21191566,3281,0
267,1218087872574,1218089673340,19990435,sA-eth3,up,1218089488098,netem,22043314,16187,0,0,0,0,0,20932822,3231,0,21191566,3281,0
268,1218107884590,1218110057589,20012016,sA-eth3,up,1218109845447,netem,22043398,16189,0,0,0,0,0,20932864,3232,0,21191650,3283,0
269,1218127890986,1218129770992,20006396,sA-eth3,up,1218129570530,netem,22043398,16189,0,0,0,0,0,20932864,3232,0,21191650,3283,0
270,1218147883051,1218149752737,19992065,sA-eth3,up,1218149564936,netem,22043620,16192,0,0,0,66,1,20952018,3237,0,21191872,3286,0
271,1218167871068,1218169640713,19988017,sA-eth3,up,1218169478622,netem,22044394,16203,0,0,0,0,0,21014942,3247,0,21192646,3297,0
272,1218187876914,1218189707860,20005846,sA-eth3,up,1218189536679,netem,22044900,16210,0,0,0,78,1,21073390,3255,0,21193230,3305,0
273,1218207878430,1218209747397,20001516,sA-eth3,up,1218209568835,netem,22045352,16216,0,0,0,66,1,21109920,3260,0,21193604,3310,0
274,1218227906707,1218230184546,20028277,sA-eth3,up,1218229936145,netem,22046010,16225,0,0,0,0,0,21175674,3270,0,21194262,3319,0
275,1218247886752,1218249823989,19980045,sA-eth3,up,1218249631718,netem,22046408,16230,0,0,0,78,1,21212204,3274,0,21194660,3324,0
276,1218267882499,1218270245450,19995747,sA-eth3,up,1218270065707,netem,22046852,16236,0,0,0,0,0,21277958,3283,0,21195104,3330,0
277,1218287877255,1218289908053,19994756,sA-eth3,up,1218289723992,netem,22047296,16242,0,0,0,0,0,21336406,3291,0,21195548,3336,0
278,1218307883311,1218309941260,20006056,sA-eth3,up,1218309763457,netem,22047366,16243,0,0,0,0,0,21336406,3291,0,21195618,3337,0
279,1218327874908,1218329922805,19991597,sA-eth3,up,1218329754004,netem,22047366,16243,0,0,0,0,0,21336406,3291,0,21195618,3337,0
280,1218347874274,1218349864551,19999366,sA-eth3,up,1218349679260,netem,22047666,16247,0,0,0,0,0,21394854,3299,0,21195918,3341,0
281,1218367878510,1218369898658,20004236,sA-eth3,up,1218369698216,netem,22048110,16253,0,0,0,0,0,21475220,3310,0,21196362,3347,0
282,1218387885847,1218389777083,20007337,sA-eth3,up,1218389589222,netem,22048110,16253,0,0,0,0,0,21495690,3313,0,21196362,3347,0
283,1218407885803,1218410188874,19999956,sA-eth3,up,1218409991911,netem,22048764,16262,0,0,0,0,0,21544068,3322,0,21197016,3356,0
284,1218427877698,1218429735406,19991895,sA-eth3,up,1218429549484,netem,22049676,16274,0,0,0,66,1,21604294,3336,0,21197928,3368,0
285,1218447872825,1218449674191,19995127,sA-eth3,up,1218449487479,netem,22050636,16288,0,0,0,0,0,21694994,3349,0,21198888,3382,0
286,1218467873161,1218469676417,20000336,sA-eth3,up,1218469502826,netem,22051356,16298,0,0,0,0,0,21749098,3357,0,21199608,3392,0
287,1218487877998,1218490158858,20004837,sA-eth3,up,1218489970386,netem,22052088,16308,0,0,0,132,2,21809328,3370,0,21200406,3403,0
288,1218507879584,1218510113813,20001586,sA-eth3,up,1218509922752,netem,22052964,16320,0,0,0,0,0,21891208,3382,0,21201216,3414,0
289,1218527882230,1218530128060,20002646,sA-eth3,up,1218529936259,netem,22053748,16330,0,0,0,66,1,21958476,3392,0,21202000,3425,0
290,1218547880676,1218550276948,19998446,sA-eth3,up,1218550073876,netem,22054476,16340,0,0,0,0,0,22015542,3401,0,21202728,3434,0
291,1218567883122,1218569861820,20002446,sA-eth3,up,1218569661679,netem,22055172,16350,0,0,0,0,0,22075570,3411,0,21203424,3444,0
292,1218587893869,1218589852717,20010747,sA-eth3,up,1218589647484,netem,22055760,16358,0,0,0,0,0,22134018,3419,0,21204012,3452,0
293,1218607871575,1218610305266,19977706,sA-eth3,up,1218610122745,netem,22056390,16367,0,0,0,0,0,22192466,3427,0,21204642,3461,0
294,1218627876102,1218630161852,20004527,sA-eth3,up,1218629931850,netem,22152232,16436,0,0,0,28844,3,22229326,3437,0,21308438,3475,0
295,1218647877157,1218650127047,20001055,sA-eth3,up,1218649904695,netem,22411582,16613,0,0,0,60560,4,22274086,3457,0,21547554,3499,0
296,1218667877504,1218669898382,20000347,sA-eth3,up,1218669726220,netem,22651300,16778,0,0,0,84916,8,22340566,3478,0,21776452,3522,0
297,1218687874481,1218689829037,19996977,sA-eth3,up,1218689627286,netem,22907696,16954,0,0,0,68286,7,22399806,3497,0,22022882,3547,0
298,1218707875337,1218709831594,20000856,sA-eth3,up,1218709646403,netem,23153528,17124,0,0,0,95616,10,22451938,3519,0,22269490,3575,0
299,1218727883923,1218729922251,20008586,sA-eth3,up,1218729741290,netem,23408286,17297,0,0,0,89470,9,22489326,3537,0,22504068,3596,0
300,1218747877849,1218749900788,19993926,sA-eth3,up,1218749728335,netem,23658536,17468,0,0,0,68310,7,22520988,3556,0,22744682,3621,0
301,1218767871045,1218769842893,19993196,sA-eth3,up,1218769657941,netem,23896734,17631,0,0,0,100146,10,22558574,3577,0,22989634,3645,0
302,1218787873392,1218790068901,20002347,sA-eth3,up,1218789883249,netem,24153410,17811,0,0,0,51608,6,22617946,3600,0,23220350,3673,0
303,1218807875738,1218810309399,20002346,sA-eth3,up,1218810129267,netem,24254724,17890,0,0,0,0,0,22682648,3614,0,23317704,3692,0
304,1218827876524,1218830171164,20000786,sA-eth3,up,1218829979003,netem,24255176,17896,0,0,0,0,0,22726484,3620,0,23318156,3698,0
305,1218847875591,1218850143431,19999067,sA-eth3,up,1218849870408,netem,24255596,17902,0,0,0,78,1,22777626,3627,0,23318654,3705,0
306,1218867880696,1218869905034,20005105,sA-eth3,up,1218869665293,netem,24256262,17911,0,0,0,66,1,22843380,3636,0,23319242,3713,0
307,1218887880883,1218889790479,20000187,sA-eth3,up,1218889599178,netem,24256838,17919,0,0,0,66,1,22901828,3644,0,23319818,3721,0
308,1218907877049,1218909832516,19996166,sA-eth3,up,1218909625725,netem,24257360,17926,0,0,0,0,0,22945664,3650,0,23320340,3728,0
309,1218927872266,1218929770022,19995217,sA-eth3,up,1218929579850,netem,24258014,17935,0,0,0,78,1,23004178,3659,0,23321072,3738,0
310,1218947873541,1218949853990,20001275,sA-eth3,up,1218949634877,netem,24258784,17946,0,0,0,0,0,23090336,3670,0,23321764,3748,0
311,1218967891838,1218969907866,20018297,sA-eth3,up,1218969709274,netem,24258940,17948,0,0,0,0,0,23097642,3671,0,23321920,3750,0
312,1218987901434,1218989947482,20009596,sA-eth3,up,1218989693341,netem,24258940,17948,0,0,0,0,0,23097642,3671,0,23321920,3750,0
313,1219007887061,1219009827318,19985627,sA-eth3,up,1219009631136,netem,24258940,17948,0,0,0,0,0,23097642,3671,0,23321920,3750,0
314,1219027881047,1219029740503,19993986,sA-eth3,up,1219029548981,netem,24258940,17948,0,0,0,0,0,23097642,3671,0,23321920,3750,0
315,1219047886643,1219049792280,20005596,sA-eth3,up,1219049595788,netem,24258940,17948,0,0,0,0,0,23097642,3671,0,23321920,3750,0
316,1219067884199,1219069879207,19997556,sA-eth3,up,1219069678966,netem,24258940,17948,0,0,0,0,0,23097642,3671,0,23321920,3750,0
317,1219087871615,1219089796523,19987416,sA-eth3,up,1219089612941,netem,24258940,17948,0,0,0,0,0,23097642,3671,0,23321920,3750,0
318,1219107877392,1219109794398,20005777,sA-eth3,up,1219109609567,netem,24258940,17948,0,0,0,0,0,23097642,3671,0,23321920,3750,0
319,1219127873818,1219130259439,19996426,sA-eth3,up,1219130084688,netem,24259052,17950,0,0,0,0,0,23097684,3672,0,23322032,3752,0
320,1219147882945,1219150052234,20009127,sA-eth3,up,1219149855523,netem,24259052,17950,0,0,0,0,0,23097684,3672,0,23322032,3752,0
321,1219167877262,1219169924850,19994317,sA-eth3,up,1219169741179,netem,24259052,17950,0,0,0,0,0,23097684,3672,0,23322032,3752,0
322,1219187878069,1219189799386,20000807,sA-eth3,up,1219189607134,netem,24259052,17950,0,0,0,0,0,23097684,3672,0,23322032,3752,0
323,1219207898045,1219209876734,20019976,sA-eth3,up,1219209631331,netem,24259052,17950,0,0,0,0,0,23097684,3672,0,23322032,3752,0
324,1219227905903,1219229926110,20007858,sA-eth3,up,1219229677739,netem,24259052,17950,0,0,0,0,0,23097684,3672,0,23322032,3752,0
325,1219247899809,1219249917418,19993906,sA-eth3,up,1219249677855,netem,24259052,17950,0,0,0,0,0,23097684,3672,0,23322032,3752,0
326,1219267892927,1219270376829,19993118,sA-eth3,up,1219270145597,netem,24259052,17950,0,0,0,0,0,23097684,3672,0,23322032,3752,0
327,1219287899814,1219289869441,20006887,sA-eth3,up,1219289630889,netem,24259052,17950,0,0,0,0,0,23097684,3672,0,23322032,3752,0
328,1219307898210,1219309855428,19998396,sA-eth3,up,1219309657306,netem,24259052,17950,0,0,0,0,0,23097684,3672,0,23322032,3752,0
329,1219327888928,1219329797514,19990718,sA-eth3,up,1219329602683,netem,24259052,17950,0,0,0,0,0,23097684,3672,0,23322032,3752,0
330,1219347879904,1219350279495,19990976,sA-eth3,up,1219350058513,netem,24259052,17950,0,0,0,0,0,23097684,3672,0,23322032,3752,0
331,1219367886751,1219369747268,20006847,sA-eth3,up,1219369545137,netem,24259052,17950,0,0,0,0,0,23097684,3672,0,23322032,3752,0
332,1219387899518,1219389776855,20012767,sA-eth3,up,1219389581333,netem,24259052,17950,0,0,0,0,0,23097684,3672,0,23322032,3752,0
333,1219407879135,1219409788732,19979617,sA-eth3,up,1219409596440,netem,24259052,17950,0,0,0,0,0,23097684,3672,0,23322032,3752,0
334,1219427883533,1219430354834,20004398,sA-eth3,up,1219430122822,netem,24259052,17950,0,0,0,0,0,23097684,3672,0,23322032,3752,0
335,1219447892849,1219450075489,20009316,sA-eth3,up,1219449815066,netem,24259052,17950,0,0,0,0,0,23097684,3672,0,23322032,3752,0
336,1219467900607,1219469868384,20007758,sA-eth3,up,1219469633832,netem,24259052,17950,0,0,0,0,0,23097684,3672,0,23322032,3752,0
337,1219487894373,1219489812370,19993766,sA-eth3,up,1219489610508,netem,24259052,17950,0,0,0,0,0,23097684,3672,0,23322032,3752,0
338,1219507885761,1219510223511,19991388,sA-eth3,up,1219510037768,netem,24259052,17950,0,0,0,0,0,23097684,3672,0,23322032,3752,0
339,1219527880137,1219530241698,19994376,sA-eth3,up,1219530063906,netem,24259052,17950,0,0,0,0,0,23097684,3672,0,23322032,3752,0
340,1219547877524,1219549787241,19997387,sA-eth3,up,1219549599299,netem,24259052,17950,0,0,0,0,0,23097684,3672,0,23322032,3752,0
341,1219567892050,1219570219192,20014526,sA-eth3,up,1219570017039,netem,24259052,17950,0,0,0,0,0,23097684,3672,0,23322032,3752,0
342,1219587897737,1219590047707,20005687,sA-eth3,up,1219589847305,netem,24259302,17953,0,0,0,86,1,23112428,3676,0,23322368,3756,0
343,1219607873285,1219609767671,19975548,sA-eth3,up,1219609570290,netem,24259940,17962,0,0,0,78,1,23181144,3686,0,23322920,3764,0
344,1219627884811,1219629766848,20011526,sA-eth3,up,1219629577106,netem,24260704,17972,0,0,0,78,1,23239724,3696,0,23323762,3775,0
345,1219647883408,1219650216219,19998597,sA-eth3,up,1219650034627,netem,24261574,17983,0,0,0,78,1,23302714,3707,0,23324554,3785,0
346,1219667888796,1219669770802,20005388,sA-eth3,up,1219669578831,netem,24262084,17990,0,0,0,0,0,23345234,3715,0,23325064,3792,0
347,1219687889492,1219689706098,20000696,sA-eth3,up,1219689529067,netem,24262634,17997,0,0,0,0,0,23392296,3726,0,23325614,3799,0
348,1219707876890,1219709646665,19987398,sA-eth3,up,1219709477273,netem,24263126,18003,0,0,0,0,0,23433302,3733,0,23326106,3805,0
349,1219727883187,1219730228417,20006297,sA-eth3,up,1219730053166,netem,24263648,18010,0,0,0,0,0,23477270,3741,0,23326628,3812,0
350,1219747882503,1219749824720,19999316,sA-eth3,up,1219749633219,netem,24264034,18015,0,0,0,78,1,23502216,3746,0,23327014,3817,0
351,1219767886821,1219769773327,20004318,sA-eth3,up,1219769578996,netem,24264728,18024,0,0,0,66,1,23544934,3757,0,23327774,3827,0
352,1219787876477,1219789687943,19989656,sA-eth3,up,1219789516991,netem,24265400,18034,0,0,0,0,0,23585940,3764,0,23328380,3836,0
353,1219807872034,1219809755511,19995557,sA-eth3,up,1219809570619,netem,24265832,18040,0,0,0,78,1,23634318,3773,0,23328890,3843,0
354,1219827884261,1219829802437,20012227,sA-eth3,up,1219829612426,netem,24266498,18049,0,0,0,78,1,23675324,3780,0,23329478,3851,0
355,1219847887129,1219850134988,20002868,sA-eth3,up,1219849944226,netem,24267062,18057,0,0,0,0,0,23723702,3789,0,23330042,3859,0
356,1219867870285,1219869630860,19983156,sA-eth3,up,1219869462969,netem,24267404,18062,0,0,0,0,0,23747134,3793,0,23330384,3864,0
357,1219887873122,1219889689158,20002837,sA-eth3,up,1219889519346,netem,24267404,18062,0,0,0,0,0,23747134,3793,0,23330384,3864,0
358,1219907887999,1219909795676,20014877,sA-eth3,up,1219909604204,netem,24267404,18062,0,0,0,0,0,23747134,3793,0,23330384,3864,0
359,1219927875206,1219929645691,19987207,sA-eth3,up,1219929481930,netem,24267404,18062,0,0,0,0,0,23747134,3793,0,23330384,3864,0
360,1219947873853,1219949619368,19998647,sA-eth3,up,1219949452926,netem,24267404,18062,0,0,0,0,0,23747134,3793,0,23330384,3864,0
361,1219967868739,1219970172020,19994886,sA-eth3,up,1219969984459,netem,24267404,18062,0,0,0,0,0,23747134,3793,0,23330384,3864,0
362,1219987874967,1219989769274,20006228,sA-eth3,up,1219989579841,netem,24267404,18062,0,0,0,0,0,23747134,3793,0,23330384,3864,0
363,1220007892244,1220009849821,20017277,sA-eth3,up,1220009645469,netem,24267404,18062,0,0,0,0,0,23747134,3793,0,23330384,3864,0
364,1220027878970,1220030343073,19986726,sA-eth3,up,1220030151590,netem,24284148,18074,0,0,0,33308,2,23747200,3794,0,23362462,3867,0
365,1220047870358,1220050150598,19991388,sA-eth3,up,1220049933036,netem,24538500,18242,0,0,0,34822,3,23748058,3807,0,23590854,3883,0
366,1220067886774,1220070503968,20016416,sA-eth3,up,1220070328617,netem,24641530,18311,0,0,0,7570,1,23749572,3808,0,23689924,3892,0
367,1220087875132,1220090230273,19988358,sA-eth3,up,1220090060610,netem,24649754,18325,0,0,0,66,1,23786498,3819,0,23697884,3902,0
368,1220107899738,1220110087488,20024606,sA-eth3,up,1220109822025,netem,24650474,18335,0,0,0,0,0,23836258,3827,0,23698604,3912,0
369,1220127885855,1220129905033,19986117,sA-eth3,up,1220129722562,netem,24651082,18343,0,0,0,78,1,23886150,3837,0,23699212,3920,0
370,1220147891163,1220150276354,20005308,sA-eth3,up,1220150094872,netem,24651988,18356,0,0,0,33374,3,23965266,3851,0,23700118,3933,0
371,1220167875931,1220170057399,19984768,sA-eth3,up,1220169861798,netem,24900560,18524,0,0,0,33308,2,23982118,3865,0,23939054,3955,0
372,1220187879709,1220190141479,20003778,sA-eth3,up,1220189943626,netem,25148856,18688,0,0,0,57532,4,23983306,3883,0,24177648,3972,0
373,1220207882556,1220209784353,20002847,sA-eth3,up,1220209596441,netem,25397152,18852,0,0,0,78728,5,23984362,3899,0,24416308,3990,0
374,1220227889544,1220229763900,20006988,sA-eth3,up,1220229579129,netem,25648476,19018,0,0,0,105980,8,23985154,3911,0,24659312,4008,0
375,1220247890371,1220249949700,20000827,sA-eth3,up,1220249767907,netem,25887688,19176,0,0,0,119606,9,23986012,3924,0,24903698,4025,0
376,1220267883689,1220269795276,19993318,sA-eth3,up,1220269589544,netem,26142040,19344,0,0,0,113550,8,23987134,3941,0,25132222,4043,0
377,1220287875406,1220289791674,19991717,sA-eth3,up,1220289606452,netem,26391850,19509,0,0,0,71672,6,23988058,3955,0,25379636,4062,0
378,1220307873464,1220310141134,19998058,sA-eth3,up,1220309944303,netem,26463522,19557,0,0,0,0,0,23988322,3959,0,25441230,4067,0
379,1220327885321,1220329905290,20011857,sA-eth3,up,1220329702428,netem,26464036,19558,0,0,0,0,0,23988400,3960,0,25441744,4068,0
380,1220347868250,1220349677936,19982929,sA-eth3,up,1220349509763,netem,26464036,19558,0,0,0,0,0,23988400,3960,0,25441744,4068,0
381,1220367875747,1220369667913,20007497,sA-eth3,up,1220369498072,netem,26464036,19558,0,0,0,0,0,23988400,3960,0,25441744,4068,0
382,1220387872955,1220389731461,19997208,sA-eth3,up,1220389544439,netem,26464036,19558,0,0,0,0,0,23988400,3960,0,25441744,4068,0
383,1220407880943,1220409731538,20007988,sA-eth3,up,1220409553767,netem,26464036,19558,0,0,0,0,0,23988400,3960,0,25441744,4068,0
384,1220427879260,1220429725366,19998317,sA-eth3,up,1220429545285,netem,26464036,19558,0,0,0,0,0,23988400,3960,0,25441744,4068,0
385,1220447875058,1220450426220,19995798,sA-eth3,up,1220450256888,netem,26464036,19558,0,0,0,0,0,23988400,3960,0,25441744,4068,0
386,1220467876655,1220469836373,20001597,sA-eth3,up,1220469658851,netem,26464036,19558,0,0,0,0,0,23988400,3960,0,25441744,4068,0
387,1220487883783,1220489734310,20007128,sA-eth3,up,1220489553647,netem,26464036,19558,0,0,0,0,0,23988400,3960,0,25441744,4068,0
388,1220507883510,1220509744927,19999727,sA-eth3,up,1220509565275,netem,26464036,19558,0,0,0,0,0,23988400,3960,0,25441744,4068,0
389,1220527878159,1220530197009,19994649,sA-eth3,up,1220530021848,netem,26464036,19558,0,0,0,0,0,23988400,3960,0,25441744,4068,0
390,1220547881896,1220549874003,20003737,sA-eth3,up,1220549694632,netem,26464036,19558,0,0,0,0,0,23988400,3960,0,25441744,4068,0
391,1220567883964,1220569743440,20002068,sA-eth3,up,1220569552699,netem,26464036,19558,0,0,0,0,0,23988400,3960,0,25441744,4068,0
392,1220587891421,1220590104291,20007457,sA-eth3,up,1220589913699,netem,26464036,19558,0,0,0,0,0,23988400,3960,0,25441744,4068,0
393,1220607870909,1220609667744,19979488,sA-eth3,up,1220609496483,netem,26464036,19558,0,0,0,0,0,23988400,3960,0,25441744,4068,0
394,1220627879176,1220630081596,20008267,sA-eth3,up,1220629890155,netem,26464036,19558,0,0,0,0,0,23988400,3960,0,25441744,4068,0
395,1220647880234,1220649705141,20001058,sA-eth3,up,1220649538339,netem,26464036,19558,0,0,0,0,0,23988400,3960,0,25441744,4068,0
396,1220667879711,1220670098461,19999477,sA-eth3,up,1220669896200,netem,26464036,19558,0,0,0,0,0,23988400,3960,0,25441744,4068,0
397,1220687877259,1220689667516,19997548,sA-eth3,up,1220689502394,netem,26464036,19558,0,0,0,0,0,23988400,3960,0,25441744,4068,0
398,1220707907248,1220709818634,20029989,sA-eth3,up,1220709615963,netem,26464036,19558,0,0,0,0,0,23988400,3960,0,25441744,4068,0
399,1220727879425,1220729730591,19972177,sA-eth3,up,1220729546980,netem,26464036,19558,0,0,0,0,0,23988400,3960,0,25441744,4068,0
400,1220747882483,1220749756789,20003058,sA-eth3,up,1220749572338,netem,26464036,19558,0,0,0,0,0,23988400,3960,0,25441744,4068,0
401,1220767876930,1220769736516,19994447,sA-eth3,up,1220769553165,netem,26464036,19558,0,0,0,0,0,23988400,3960,0,25441744,4068,0
402,1220787874798,1220790217158,19997868,sA-eth3,up,1220790045467,netem,26464036,19558,0,0,0,0,0,23988400,3960,0,25441744,4068,0
403,1220807878165,1220809736632,20003367,sA-eth3,up,1220809555970,netem,26464036,19558,0,0,0,0,0,23988400,3960,0,25441744,4068,0
404,1220827888553,1220830089092,20010388,sA-eth3,up,1220829899361,netem,26464036,19558,0,0,0,0,0,23988400,3960,0,25441744,4068,0
405,1220847883450,1220849796078,19994897,sA-eth3,up,1220849604217,netem,26464036,19558,0,0,0,0,0,23988400,3960,0,25441744,4068,0
406,1220867878508,1220869798975,19995058,sA-eth3,up,1220869577684,netem,26464036,19558,0,0,0,0,0,23988400,3960,0,25441744,4068,0
407,1220887881517,1220889939604,20003009,sA-eth3,up,1220889754033,netem,26464036,19558,0,0,0,0,0,23988400,3960,0,25441744,4068,0
408,1220907904174,1220910066603,20022657,sA-eth3,up,1220909787620,netem,26464036,19558,0,0,0,0,0,23988400,3960,0,25441744,4068,0
409,1220927884512,1220929827938,19980338,sA-eth3,up,1220929636187,netem,26464036,19558,0,0,0,0,0,23988400,3960,0,25441744,4068,0
410,1220947880929,1220949797525,19996417,sA-eth3,up,1220949603074,netem,26464036,19558,0,0,0,0,0,23988400,3960,0,25441744,4068,0
411,1220967884707,1220969855855,20003778,sA-eth3,up,1220969631342,netem,26464036,19558,0,0,0,0,0,23988400,3960,0,25441744,4068,0
412,1220987885654,1220990308806,20000947,sA-eth3,up,1220990125084,netem,26464036,19558,0,0,0,0,0,23988400,3960,0,25441744,4068,0
413,1221007894842,1221010085881,20009188,sA-eth3,up,1221009889790,netem,26464036,19558,0,0,0,0,0,23988400,3960,0,25441744,4068,0
414,1221027880549,1221029811347,19985707,sA-eth3,up,1221029617376,netem,26464036,19558,0,0,0,0,0,23988400,3960,0,25441744,4068,0
415,1221047882447,1221050125368,20001898,sA-eth3,up,1221049933145,netem,26464036,19558,0,0,0,0,0,23988400,3960,0,25441744,4068,0
416,1221067890285,1221069770641,20007838,sA-eth3,up,1221069569650,netem,26464036,19558,0,0,0,0,0,23988400,3960,0,25441744,4068,0
417,1221087895623,1221089816379,20005338,sA-eth3,up,1221089622298,netem,26464036,19558,0,0,0,0,0,23988400,3960,0,25441744,4068,0
418,1221107882710,1221110221381,19987087,sA-eth3,up,1221110042309,netem,26464036,19558,0,0,0,0,0,23988400,3960,0,25441744,4068,0
419,1221127882168,1221129720704,19999458,sA-eth3,up,1221129528143,netem,26464036,19558,0,0,0,0,0,23988400,3960,0,25441744,4068,0
420,1221147888246,1221149752672,20006078,sA-eth3,up,1221149554761,netem,26464036,19558,0,0,0,0,0,23988400,3960,0,25441744,4068,0
421,1221167885535,1221169800191,19997289,sA-eth3,up,1221169605910,netem,26464036,19558,0,0,0,0,0,23988400,3960,0,25441744,4068,0
422,1221187887303,1221189778900,20001768,sA-eth3,up,1221189590808,netem,26464036,19558,0,0,0,0,0,23988400,3960,0,25441744,4068,0
423,1221207886101,1221209821928,19998798,sA-eth3,up,1221209604156,netem,26464036,19558,0,0,0,0,0,23988400,3960,0,25441744,4068,0
424,1221227891510,1221229834647,20005409,sA-eth3,up,1221229621535,netem,26464036,19558,0,0,0,0,0,23988400,3960,0,25441744,4068,0
425,1221247896998,1221249817945,20005488,sA-eth3,up,1221249616543,netem,26464036,19558,0,0,0,0,0,23988400,3960,0,25441744,4068,0
426,1221267890365,1221269770363,19993367,sA-eth3,up,1221269568501,netem,26464036,19558,0,0,0,0,0,23988400,3960,0,25441744,4068,0
427,1221287884875,1221289745871,19994510,sA-eth3,up,1221289548750,netem,26464036,19558,0,0,0,0,0,23988400,3960,0,25441744,4068,0
428,1221307882242,1221310336355,19997367,sA-eth3,up,1221310142973,netem,26464036,19558,0,0,0,0,0,23988400,3960,0,25441744,4068,0
429,1221327896971,1221329970710,20014729,sA-eth3,up,1221329777467,netem,26464036,19558,0,0,0,0,0,23988400,3960,0,25441744,4068,0
430,1221347881679,1221349752576,19984708,sA-eth3,up,1221349540785,netem,26464036,19558,0,0,0,0,0,23988400,3960,0,25441744,4068,0
431,1221367877718,1221369703994,19996039,sA-eth3,up,1221369521833,netem,26464036,19558,0,0,0,0,0,23988400,3960,0,25441744,4068,0
432,1221387890086,1221389775703,20012368,sA-eth3,up,1221389563721,netem,26464036,19558,0,0,0,0,0,23988400,3960,0,25441744,4068,0
433,1221407877774,1221409795732,19987688,sA-eth3,up,1221409599109,netem,26464036,19558,0,0,0,0,0,23988400,3960,0,25441744,4068,0
434,1221427887843,1221430272973,20010069,sA-eth3,up,1221430090532,netem,26464036,19558,0,0,0,0,0,23988400,3960,0,25441744,4068,0
435,1221447869441,1221449662547,19981598,sA-eth3,up,1221449492326,netem,26464036,19558,0,0,0,0,0,23988400,3960,0,25441744,4068,0
436,1221467881309,1221469866967,20011868,sA-eth3,up,1221469654336,netem,26464036,19558,0,0,0,0,0,23988400,3960,0,25441744,4068,0
437,1221487889429,1221489838515,20008120,sA-eth3,up,1221489648464,netem,26464036,19558,0,0,0,0,0,23988400,3960,0,25441744,4068,0
438,1221507879706,1221510232036,19990277,sA-eth3,up,1221510058165,netem,26464036,19558,0,0,0,0,0,23988400,3960,0,25441744,4068,0
439,1221527874975,1221529653060,19995269,sA-eth3,up,1221529488939,netem,26464036,19558,0,0,0,0,0,23988400,3960,0,25441744,4068,0
440,1221547877093,1221550190734,20002118,sA-eth3,up,1221550019632,netem,26464036,19558,0,0,0,0,0,23988400,3960,0,25441744,4068,0
441,1221567879030,1221570195772,20001937,sA-eth3,up,1221570023179,netem,26464036,19558,0,0,0,0,0,23988400,3960,0,25441744,4068,0
442,1221587903179,1221590203990,20024149,sA-eth3,up,1221589994268,netem,26464036,19558,0,0,0,0,0,23988400,3960,0,25441744,4068,0
443,1221607876778,1221609779765,19973599,sA-eth3,up,1221609572802,netem,26464036,19558,0,0,0,0,0,23988400,3960,0,25441744,4068,0
444,1221627881006,1221629772142,20004228,sA-eth3,up,1221629571431,netem,26464450,19563,0,0,0,78,1,24007686,3967,0,25442158,4073,0
445,1221647870393,1221649735671,19989387,sA-eth3,up,1221649541289,netem,26465518,19577,0,0,0,66,1,24075152,3980,0,25443226,4087,0
446,1221667876132,1221669762210,20005739,sA-eth3,up,1221669566047,netem,26466250,19587,0,0,0,78,1,24152622,3991,0,25443958,4097,0
447,1221687876701,1221689859299,20000569,sA-eth3,up,1221689678307,netem,26466616,19592,0,0,0,0,0,24167300,3994,0,25444324,4102,0
448,1221707881609,1221709734265,20004908,sA-eth3,up,1221709547084,netem,26466616,19592,0,0,0,0,0,24167300,3994,0,25444324,4102,0
449,1221727899398,1221730076477,20017789,sA-eth3,up,1221729770774,netem,26466616,19592,0,0,0,0,0,24167300,3994,0,25444324,4102,0
450,1221747913857,1221749989054,20014459,sA-eth3,up,1221749728572,netem,26466616,19592,0,0,0,0,0,24167300,3994,0,25444324,4102,0
451,1221767891664,1221769849482,19977807,sA-eth3,up,1221769635860,netem,26466616,19592,0,0,0,0,0,24167300,3994,0,25444324,4102,0
452,1221787879482,1221789816350,19987818,sA-eth3,up,1221789616958,netem,26466616,19592,0,0,0,0,0,24167300,3994,0,25444324,4102,0
453,1221807882591,1221810860667,20003109,sA-eth3,up,1221810660596,netem,26466616,19592,0,0,0,0,0,24167300,3994,0,25444324,4102,0
454,1221827881770,1221830059789,19999179,sA-eth3,up,1221829844267,netem,26466616,19592,0,0,0,0,0,24167300,3994,0,25444324,4102,0
455,1221847884178,1221850740593,20002408,sA-eth3,up,1221850538232,netem,26466616,19592,0,0,0,0,0,24167300,3994,0,25444324,4102,0
456,1221867877656,1221869928224,19993478,sA-eth3,up,1221869746073,netem,26466616,19592,0,0,0,0,0,24167300,3994,0,25444324,4102,0
457,1221887879894,1221889775931,20002238,sA-eth3,up,1221889564459,netem,26466616,19592,0,0,0,0,0,24167300,3994,0,25444324,4102,0
458,1221907888223,1221909818109,20008329,sA-eth3,up,1221909611118,netem,26466616,19592,0,0,0,0,0,24167300,3994,0,25444324,4102,0
459,1221927883960,1221929862428,19995737,sA-eth3,up,1221929653346,netem,26466616,19592,0,0,0,0,0,24167300,3994,0,25444324,4102,0
460,1221947882169,1221949767406,19998209,sA-eth3,up,1221949562304,netem,26466616,19592,0,0,0,0,0,24167300,3994,0,25444324,4102,0
461,1221967884657,1221969785664,20002488,sA-eth3,up,1221969582582,netem,26466616,19592,0,0,0,0,0,24167300,3994,0,25444324,4102,0
462,1221987884566,1221990845992,19999909,sA-eth3,up,1221990643301,netem,26466616,19592,0,0,0,0,0,24167300,3994,0,25444324,4102,0
463,1222007878975,1222010817470,19994409,sA-eth3,up,1222010617799,netem,26466616,19592,0,0,0,0,0,24167300,3994,0,25444324,4102,0
464,1222027879693,1222030106613,20000718,sA-eth3,up,1222029898850,netem,26466616,19592,0,0,0,0,0,24167300,3994,0,25444324,4102,0
465,1222047875380,1222050511424,19995687,sA-eth3,up,1222050314723,netem,26466616,19592,0,0,0,0,0,24167300,3994,0,25444324,4102,0
466,1222067875299,1222070759245,19999919,sA-eth3,up,1222070561733,netem,26466616,19592,0,0,0,0,0,24167300,3994,0,25444324,4102,0
467,1222087879947,1222090156958,20004648,sA-eth3,up,1222089966586,netem,26466616,19592,0,0,0,0,0,24167300,3994,0,25444324,4102,0
468,1222107875086,1222110130476,19995139,sA-eth3,up,1222109953725,netem,26466616,19592,0,0,0,0,0,24167300,3994,0,25444324,4102,0
469,1222127886823,1222129972152,20011737,sA-eth3,up,1222129790431,netem,26466616,19592,0,0,0,0,0,24167300,3994,0,25444324,4102,0
470,1222147873003,1222150451966,19986180,sA-eth3,up,1222150253734,netem,26466616,19592,0,0,0,0,0,24167300,3994,0,25444324,4102,0
471,1222167876191,1222170040501,20003188,sA-eth3,up,1222169836900,netem,26466616,19592,0,0,0,0,0,24167300,3994,0,25444324,4102,0
472,1222187876821,1222189810568,20000630,sA-eth3,up,1222189623016,netem,26466616,19592,0,0,0,0,0,24167300,3994,0,25444324,4102,0
473,1222207873540,1222209696177,19996719,sA-eth3,up,1222209523784,netem,26466616,19592,0,0,0,0,0,24167300,3994,0,25444324,4102,0
474,1222227882639,1222229692945,20009099,sA-eth3,up,1222229515564,netem,26466616,19592,0,0,0,0,0,24167300,3994,0,25444324,4102,0
475,1222247882028,1222249753415,19999389,sA-eth3,up,1222249564042,netem,26466616,19592,0,0,0,0,0,24167300,3994,0,25444324,4102,0
476,1222267882627,1222270258358,20000599,sA-eth3,up,1222270077217,netem,26466616,19592,0,0,0,0,0,24167300,3994,0,25444324,4102,0
477,1222287871906,1222289826904,19989279,sA-eth3,up,1222289628461,netem,26466616,19592,0,0,0,0,0,24167300,3994,0,25444324,4102,0
478,1222307874555,1222309835922,20002649,sA-eth3,up,1222309642411,netem,26466616,19592,0,0,0,0,0,24167300,3994,0,25444324,4102,0
479,1222327899044,1222330264256,20024489,sA-eth3,up,1222330076083,netem,26466616,19592,0,0,0,0,0,24167300,3994,0,25444324,4102,0
480,1222347885494,1222350193984,19986450,sA-eth3,up,1222350018233,netem,26466616,19592,0,0,0,0,0,24167300,3994,0,25444324,4102,0
481,1222367885972,1222370150262,20000478,sA-eth3,up,1222369962751,netem,26466616,19592,0,0,0,0,0,24167300,3994,0,25444324,4102,0
482,1222387882561,1222389726977,19996589,sA-eth3,up,1222389537816,netem,26466616,19592,0,0,0,0,0,24167300,3994,0,25444324,4102,0
483,1222407884460,1222409734587,20001899,sA-eth3,up,1222409548225,netem,26466616,19592,0,0,0,0,0,24167300,3994,0,25444324,4102,0
484,1222427884879,1222430216500,20000419,sA-eth3,up,1222430045149,netem,26466616,19592,0,0,0,0,0,24167300,3994,0,25444324,4102,0
485,1222447880008,1222449722464,19995129,sA-eth3,up,1222449539563,netem,26466616,19592,0,0,0,0,0,24167300,3994,0,25444324,4102,0
486,1222467871778,1222470023956,19991770,sA-eth3,up,1222469829265,netem,26466616,19592,0,0,0,0,0,24167300,3994,0,25444324,4102,0
487,1222487871446,1222489671532,19999668,sA-eth3,up,1222489503030,netem,26466616,19592,0,0,0,0,0,24167300,3994,0,25444324,4102,0
488,1222507880994,1222509783982,20009548,sA-eth3,up,1222509592000,netem,26466616,19592,0,0,0,0,0,24167300,3994,0,25444324,4102,0
489,1222527899694,1222529933563,20018700,sA-eth3,up,1222529662980,netem,26466616,19592,0,0,0,0,0,24167300,3994,0,25444324,4102,0
490,1222547885333,1222549722170,19985639,sA-eth3,up,1222549528788,netem,26466616,19592,0,0,0,0,0,24167300,3994,0,25444324,4102,0
491,1222567877912,1222569734178,19992579,sA-eth3,up,1222569521817,netem,26466616,19592,0,0,0,0,0,24167300,3994,0,25444324,4102,0
492,1222587892352,1222589773308,20014440,sA-eth3,up,1222589578547,netem,26466616,19592,0,0,0,0,0,24167300,3994,0,25444324,4102,0
493,1222607879430,1222610230381,19987078,sA-eth3,up,1222610056840,netem,26466616,19592,0,0,0,0,0,24167300,3994,0,25444324,4102,0
494,1222627874169,1222629657875,19994739,sA-eth3,up,1222629484863,netem,26466616,19592,0,0,0,0,0,24167300,3994,0,25444324,4102,0
495,1222647876888,1222649991567,20002719,sA-eth3,up,1222649823325,netem,26466616,19592,0,0,0,0,0,24167300,3994,0,25444324,4102,0
496,1222667874737,1222669743454,19997849,sA-eth3,up,1222669552592,netem,26466616,19592,0,0,0,0,0,24167300,3994,0,25444324,4102,0
497,1222687879675,1222689739963,20004938,sA-eth3,up,1222689549701,netem,26466616,19592,0,0,0,0,0,24167300,3994,0,25444324,4102,0
498,1222707884545,1222709767042,20004870,sA-eth3,up,1222709573500,netem,26466616,19592,0,0,0,0,0,24167300,3994,0,25444324,4102,0
499,1222727876625,1222729700521,19992080,sA-eth3,up,1222729535529,netem,26466616,19592,0,0,0,0,0,24167300,3994,0,25444324,4102,0
500,1222747885443,1222749770941,20008818,sA-eth3,up,1222749585598,netem,26466616,19592,0,0,0,0,0,24167300,3994,0,25444324,4102,0
501,1222767883093,1222769781599,19997650,sA-eth3,up,1222769594008,netem,26466616,19592,0,0,0,0,0,24167300,3994,0,25444324,4102,0
502,1222787877531,1222789718628,19994438,sA-eth3,up,1222789527506,netem,26466616,19592,0,0,0,0,0,24167300,3994,0,25444324,4102,0
503,1222807877461,1222809683576,19999930,sA-eth3,up,1222809514355,netem,26466616,19592,0,0,0,0,0,24167300,3994,0,25444324,4102,0
504,1222827879979,1222829742216,20002518,sA-eth3,up,1222829561094,netem,26466616,19592,0,0,0,0,0,24167300,3994,0,25444324,4102,0
505,1222847885479,1222850250360,20005500,sA-eth3,up,1222850072608,netem,26466616,19592,0,0,0,0,0,24167300,3994,0,25444324,4102,0
506,1222867874897,1222869884785,19989418,sA-eth3,up,1222869720724,netem,26466616,19592,0,0,0,0,0,24167300,3994,0,25444324,4102,0
507,1222887879946,1222889769893,20005049,sA-eth3,up,1222889579081,netem,26466616,19592,0,0,0,0,0,24167300,3994,0,25444324,4102,0
508,1222907880805,1222909726831,20000859,sA-eth3,up,1222909544630,netem,26466616,19592,0,0,0,0,0,24167300,3994,0,25444324,4102,0
509,1222927888044,1222929766851,20007239,sA-eth3,up,1222929573349,netem,26466616,19592,0,0,0,0,0,24167300,3994,0,25444324,4102,0
510,1222947877203,1222949666739,19989159,sA-eth3,up,1222949504878,netem,26466616,19592,0,0,0,0,0,24167300,3994,0,25444324,4102,0
511,1222967878282,1222969773079,20001079,sA-eth3,up,1222969591758,netem,26466616,19592,0,0,0,0,0,24167300,3994,0,25444324,4102,0
512,1222987882512,1222989748288,20004230,sA-eth3,up,1222989558906,netem,26466616,19592,0,0,0,0,0,24167300,3994,0,25444324,4102,0
513,1223007890150,1223009759058,20007638,sA-eth3,up,1223009579525,netem,26466616,19592,0,0,0,0,0,24167300,3994,0,25444324,4102,0
514,1223027873649,1223030627594,19983499,sA-eth3,up,1223030461133,netem,26466616,19592,0,0,0,0,0,24167300,3994,0,25444324,4102,0
515,1223047871908,1223049833506,19998259,sA-eth3,up,1223049656764,netem,26466616,19592,0,0,0,0,0,24167300,3994,0,25444324,4102,0
516,1223067874867,1223069650953,20002959,sA-eth3,up,1223069478861,netem,26466616,19592,0,0,0,0,0,24167300,3994,0,25444324,4102,0
517,1223087886806,1223089762934,20011939,sA-eth3,up,1223089578401,netem,26466616,19592,0,0,0,0,0,24167300,3994,0,25444324,4102,0
518,1223107882756,1223110373457,19995950,sA-eth3,up,1223110198656,netem,26466616,19592,0,0,0,0,0,24167300,3994,0,25444324,4102,0
519,1223127874324,1223129843282,19991568,sA-eth3,up,1223129670320,netem,26466616,19592,0,0,0,0,0,24167300,3994,0,25444324,4102,0
520,1223147872334,1223149662850,19998010,sA-eth3,up,1223149498709,netem,26466616,19592,0,0,0,0,0,24167300,3994,0,25444324,4102,0
521,1223167881703,1223169740680,20009369,sA-eth3,up,1223169552369,netem,26467302,19601,0,0,0,0,0,24199816,4004,0,25445010,4111,0
522,1223187879444,1223189791940,19997741,sA-eth3,up,1223189604369,netem,26467914,19609,0,0,0,78,1,24242402,4013,0,25445622,4119,0
523,1223207885284,1223209766960,20005840,sA-eth3,up,1223209574569,netem,26468648,19618,0,0,0,0,0,24279064,4020,0,25446356,4128,0
524,1223227872663,1223229634458,19987379,sA-eth3,up,1223229469957,netem,26469248,19626,0,0,0,0,0,24331786,4029,0,25446956,4136,0
525,1223247881363,1223249698669,20008700,sA-eth3,up,1223249530277,netem,26470046,19637,0,0,0,66,1,24380296,4040,0,25447820,4148,0
526,1223267885362,1223269776489,20003999,sA-eth3,up,1223269586427,netem,26470744,19646,0,0,0,0,0,24421434,4049,0,25448452,4156,0
527,1223287869531,1223290298203,19984169,sA-eth3,up,1223290120682,netem,26471418,19655,0,0,0,66,1,24475670,4059,0,25449192,4166,0
528,1223307879582,1223309837809,20010051,sA-eth3,up,1223309657758,netem,26472006,19663,0,0,0,0,0,24505092,4066,0,25449714,4173,0
529,1223327871402,1223329728828,19991820,sA-eth3,up,1223329546367,netem,26472660,19672,0,0,0,0,0,24554984,4076,0,25450368,4182,0
530,1223347883051,1223349911120,20011649,sA-eth3,up,1223349719857,netem,26473326,19681,0,0,0,0,0,24601848,4084,0,25451034,4191,0
531,1223367880980,1223370274213,19997929,sA-eth3,up,1223370100620,netem,26473926,19689,0,0,0,78,1,24654636,4094,0,25451634,4199,0
532,1223387888720,1223390829547,20007740,sA-eth3,up,1223390623904,netem,26474604,19698,0,0,0,0,0,24695642,4101,0,25452312,4208,0
533,1223407889850,1223410155561,20001130,sA-eth3,up,1223409936038,netem,26475288,19708,0,0,0,66,1,24764424,4112,0,25452996,4219,0
534,1223427892900,1223429860577,20003050,sA-eth3,up,1223429668276,netem,26476056,19718,0,0,0,0,0,24830376,4124,0,25453764,4228,0
535,1223447872320,1223449752706,19979420,sA-eth3,up,1223449567825,netem,26476578,19725,0,0,0,0,0,24874212,4131,0,25454286,4235,0
536,1223467874859,1223469665355,20002539,sA-eth3,up,1223469495024,netem,26477306,19735,0,0,0,0,0,24957474,4141,0,25455014,4245,0
537,1223487892849,1223489781236,20017990,sA-eth3,up,1223489577874,netem,26477870,19743,0,0,0,78,1,25018818,4149,0,25455578,4254,0
538,1223507887438,1223509761146,19994589,sA-eth3,up,1223509567673,netem,26478690,19753,0,0,0,0,0,25081676,4158,0,25456398,4263,0
539,1223527874918,1223529755905,19987480,sA-eth3,up,1223529570734,netem,26479326,19761,0,0,0,86,1,25145916,4166,0,25457034,4271,0
540,1223547873678,1223549661234,19998760,sA-eth3,up,1223549488563,netem,26480144,19772,0,0,0,0,0,25224900,4178,0,25457852,4282,0
541,1223567892148,1223569924786,20018470,sA-eth3,up,1223569640983,netem,26480814,19781,0,0,0,78,1,25292102,4187,0,25458600,4292,0
542,1223587897768,1223589829275,20005620,sA-eth3,up,1223589626003,netem,26481746,19793,0,0,0,0,0,25365228,4198,0,25459454,4303,0
543,1223607876737,1223609824355,19978969,sA-eth3,up,1223609626403,netem,26482472,19802,0,0,0,0,0,25444024,4208,0,25460180,4312,0
544,1223627867906,1223629657143,19991169,sA-eth3,up,1223629488661,netem,26482604,19804,0,0,0,0,0,25444024,4208,0,25460312,4314,0
545,1223647874526,1223649673203,20006620,sA-eth3,up,1223649499531,netem,26482604,19804,0,0,0,0,0,25444024,4208,0,25460312,4314,0
546,1223667876617,1223669760233,20002091,sA-eth3,up,1223669569211,netem,26482604,19804,0,0,0,0,0,25444024,4208,0,25460312,4314,0
547,1223687879406,1223689748712,20002789,sA-eth3,up,1223689566961,netem,26482604,19804,0,0,0,0,0,25444024,4208,0,25460312,4314,0
548,1223707873366,1223709657311,19993960,sA-eth3,up,1223709494380,netem,26482604,19804,0,0,0,0,0,25444024,4208,0,25460312,4314,0
549,1223727873755,1223729645791,20000389,sA-eth3,up,1223729478060,netem,26482604,19804,0,0,0,0,0,25444024,4208,0,25460312,4314,0
550,1223747872405,1223749657010,19998650,sA-eth3,up,1223749493839,netem,26482604,19804,0,0,0,0,0,25444024,4208,0,25460312,4314,0
551,1223767875345,1223769735231,20002940,sA-eth3,up,1223769552610,netem,26482604,19804,0,0,0,0,0,25444024,4208,0,25460312,4314,0
552,1223787874105,1223789683041,19998760,sA-eth3,up,1223789513599,netem,26482604,19804,0,0,0,0,0,25444024,4208,0,25460312,4314,0
553,1223807880265,1223810168735,20006160,sA-eth3,up,1223809976644,netem,26482604,19804,0,0,0,0,0,25444024,4208,0,25460312,4314,0
554,1223827876104,1223829712680,19995839,sA-eth3,up,1223829534799,netem,26482604,19804,0,0,0,0,0,25444024,4208,0,25460312,4314,0
555,1223847881024,1223850118773,20004920,sA-eth3,up,1223849918722,netem,26482604,19804,0,0,0,0,0,25444024,4208,0,25460312,4314,0
556,1223867883473,1223870175344,20002449,sA-eth3,up,1223869973972,netem,26482604,19804,0,0,0,0,0,25444024,4208,0,25460312,4314,0
557,1223887876993,1223889741770,19993520,sA-eth3,up,1223889547097,netem,26482604,19804,0,0,0,0,0,25444024,4208,0,25460312,4314,0
558,1223907877962,1223909861520,20000969,sA-eth3,up,1223909677349,netem,26482604,19804,0,0,0,0,0,25444024,4208,0,25460312,4314,0
559,1223927892023,1223929785179,20014061,sA-eth3,up,1223929594578,netem,26482604,19804,0,0,0,0,0,25444024,4208,0,25460312,4314,0
560,1223947896012,1223949823340,20003989,sA-eth3,up,1223949640918,netem,26482604,19804,0,0,0,0,0,25444024,4208,0,25460312,4314,0
561,1223967881652,1223969817629,19985640,sA-eth3,up,1223969624617,netem,26482934,19809,0,0,0,78,1,25498086,4215,0,25460642,4319,0
562,1223987880071,1223989732198,19998419,sA-eth3,up,1223989549966,netem,26483696,19820,0,0,0,0,0,25594380,4226,0,25461404,4330,0
563,1224007878841,1224009807169,19998770,sA-eth3,up,1224009620457,netem,26484782,19835,0,0,0,0,0,25725756,4242,0,25462490,4345,0
564,1224027876050,1224029774148,19997209,sA-eth3,up,1224029584796,netem,26485386,19843,0,0,0,86,1,25785652,4250,0,25463094,4353,0
565,1224047874671,1224049697227,19998621,sA-eth3,up,1224049487356,netem,26486050,19851,0,0,0,0,0,25858580,4259,0,25463758,4361,0
566,1224067873361,1224069778678,19998690,sA-eth3,up,1224069589405,netem,26486960,19862,0,0,0,78,1,25965076,4270,0,25464668,4372,0
567,1224087881690,1224090125650,20008329,sA-eth3,up,1224089929169,netem,26487908,19874,0,0,0,66,1,26074468,4282,0,25465616,4384,0
568,1224107884499,1224110081499,20002809,sA-eth3,up,1224109885458,netem,26488604,19884,0,0,0,0,0,26169248,4292,0,25466312,4394,0
569,1224127871369,1224129674586,19986870,sA-eth3,up,1224129508194,netem,26489676,19898,0,0,0,0,0,26258434,4305,0,25467384,4408,0
570,1224147890509,1224149897508,20019140,sA-eth3,up,1224149670305,netem,26490206,19905,0,0,0,66,1,26324122,4313,0,25467980,4416,0
571,1224167877470,1224170088120,19986961,sA-eth3,up,1224169874888,netem,26490864,19914,0,0,0,0,0,26394154,4321,0,25468572,4424,0
572,1224187838780,1224190445434,19961310,sA-eth3,up,1224190244151,netem,26491590,19923,0,0,0,0,0,26455564,4330,0,25469298,4433,0
573,1224207874611,1224209873608,20035831,sA-eth3,up,1224209647487,netem,26492088,19930,0,0,0,0,0,26512498,4337,0,25469796,4440,0
574,1224227872990,1224229761008,19998379,sA-eth3,up,1224229571437,netem,26492952,19942,0,0,0,66,1,26610372,4350,0,25470660,4452,0
575,1224247882081,1224249921389,20009091,sA-eth3,up,1224249685168,netem,26493738,19953,0,0,0,0,0,26683432,4360,0,25471446,4463,0
576,1224267888332,1224269845150,20006251,sA-eth3,up,1224269659188,netem,26494428,19962,0,0,0,78,1,26747804,4370,0,25472214,4473,0
577,1224287878842,1224289855321,19990510,sA-eth3,up,1224289632708,netem,26495372,19974,0,0,0,0,0,26832580,4382,0,25473080,4484,0
578,1224307877933,1224310399756,19999091,sA-eth3,up,1224310156963,netem,26565946,20033,0,0,0,0,0,26924794,4397,0,25541014,4503,0
579,1224327873173,1224329744010,19995240,sA-eth3,up,1224329559978,netem,26581748,20052,0,0,0,0,0,26995090,4409,0,25556552,4518,0
580,1224347873653,1224349811810,20000480,sA-eth3,up,1224349608029,netem,26608016,20076,0,0,0,0,0,27017800,4424,0,25582292,4534,0
581,1224367880523,1224369842691,20006870,sA-eth3,up,1224369621140,netem,26644694,20105,0,0,0,132,2,27037746,4441,0,25618244,4552,0
582,1224387871664,1224389714961,19991141,sA-eth3,up,1224389528519,netem,26681384,20134,0,0,0,0,0,27047424,4456,0,25654142,4569,0
583,1224407875294,1224409720541,20003630,sA-eth3,up,1224409532209,netem,26708714,20153,0,0,0,0,0,27049400,4464,0,25680878,4579,0
584,1224427881265,1224430332478,20005971,sA-eth3,up,1224430097885,netem,26710228,20154,0,0,0,0,0,27049400,4464,0,25682392,4580,0
585,1224447881326,1224449803302,20000061,sA-eth3,up,1224449616911,netem,26710228,20154,0,0,0,0,0,27049400,4464,0,25682392,4580,0
586,1224467876076,1224469660602,19994750,sA-eth3,up,1224469492141,netem,26716284,20158,0,0,0,0,0,27049466,4465,0,25688316,4582,0
587,1224487878015,1224489730573,20001939,sA-eth3,up,1224489545391,netem,26717798,20159,0,0,0,0,0,27049466,4465,0,25689830,4583,0
588,1224507883926,1224509848814,20005911,sA-eth3,up,1224509665003,netem,26717798,20159,0,0,0,0,0,27049466,4465,0,25689830,4583,0
589,1224527882267,1224529841074,19998341,sA-eth3,up,1224529647922,netem,26735966,20171,0,0,0,45420,3,27049532,4466,0,25707272,4585,0
590,1224547872317,1224550220508,19990050,sA-eth3,up,1224550051797,netem,26990318,20339,0,0,0,30280,2,27050456,4480,0,25951790,4603,0
591,1224567897498,1224569978027,20025181,sA-eth3,up,1224569757634,netem,27231044,20498,0,0,0,43906,3,27051248,4492,0,26183078,4619,0
592,1224587880337,1224589923436,19982839,sA-eth3,up,1224589722305,netem,27482368,20664,0,0,0,30280,2,27052370,4509,0,26424700,4638,0
593,1224607865188,1224609871226,19984851,sA-eth3,up,1224609683485,netem,27738312,20834,0,0,0,25738,3,27056322,4525,0,26672126,4657,0
594,1224627875708,1224630087638,20010520,sA-eth3,up,1224629891536,netem,27990344,21010,0,0,0,37916,4,27147616,4548,0,26912942,4685,0
595,1224647876489,1224649685525,20000781,sA-eth3,up,1224649513684,netem,28233304,21180,0,0,0,45486,4,27227392,4572,0,27146530,4713,0
596,1224667877450,1224669822497,20000961,sA-eth3,up,1224669609485,netem,28476086,21347,0,0,0,68302,6,27285316,4594,0,27394420,4738,0
597,1224687930700,1224690467103,20053250,sA-eth3,up,1224690231960,netem,28693618,21497,0,0,0,180,2,27338698,4613,0,27588986,4759,0
598,1224707881931,1224709801347,19951231,sA-eth3,up,1224709602226,netem,28694718,21511,0,0,0,66,1,27445260,4626,0,27589992,4772,0
599,1224727875090,1224729747157,19993159,sA-eth3,up,1224729554696,netem,28695426,21521,0,0,0,0,0,27537144,4636,0,27590700,4782,0
600,1224747874571,1224750196882,19999481,sA-eth3,up,1224750019830,netem,28696190,21531,0,0,0,180,2,27645154,4649,0,27591464,4792,0
601,1224767879541,1224770173212,20004970,sA-eth3,up,1224769984750,netem,28696936,21540,0,0,0,0,0,27715318,4659,0,27592210,4801,0
602,1224787878201,1224789811159,19998660,sA-eth3,up,1224789610347,netem,28697658,21549,0,0,0,78,1,27789826,4669,0,27593010,4811,0
603,1224807886082,1224810233623,20007881,sA-eth3,up,1224810052881,netem,28698418,21559,0,0,0,66,1,27877432,4680,0,27593758,4821,0
604,1224827879593,1224829707489,19993511,sA-eth3,up,1224829528367,netem,28698998,21567,0,0,0,0,0,27938710,4687,0,27594272,4828,0
605,1224847883652,1224849881861,20004059,sA-eth3,up,1224849691279,netem,28699890,21579,0,0,0,66,1,28035136,4700,0,27595164,4840,0
606,1224867872733,1224869870421,19989081,sA-eth3,up,1224869687160,netem,28700482,21587,0,0,0,0,0,28087660,4706,0,27595756,4848,0
607,1224887876434,1224889876692,20003701,sA-eth3,up,1224889632850,netem,28701110,21595,0,0,0,86,1,28162168,4716,0,27596470,4857,0
608,1224907886234,1224910408947,20009800,sA-eth3,up,1224910228064,netem,28702098,21609,0,0,0,0,0,28276036,4730,0,27597372,4870,0
609,1224927903715,1224930251705,20017481,sA-eth3,up,1224929992663,netem,28702908,21620,0,0,0,78,1,28354954,4741,0,27598182,4881,0
610,1224947890025,1224950075805,19986310,sA-eth3,up,1224949867392,netem,28703582,21629,0,0,0,78,1,28433806,4751,0,27598934,4891,0
611,1224967877485,1224969943663,19987460,sA-eth3,up,1224969761212,netem,28704466,21641,0,0,0,156,2,28512724,4762,0,27599818,4903,0
612,1224987882655,1224990226687,20005170,sA-eth3,up,1224990052464,netem,28705024,21648,0,0,0,0,0,28552150,4767,0,27600298,4909,0
613,1225007878385,1225010254307,19995730,sA-eth3,up,1225010075015,netem,28705024,21648,0,0,0,0,0,28552150,4767,0,27600298,4909,0
614,1225027886836,1225029862964,20008451,sA-eth3,up,1225029673542,netem,28705024,21648,0,0,0,0,0,28552150,4767,0,27600298,4909,0
615,1225047873767,1225049708513,19986931,sA-eth3,up,1225049527031,netem,28705024,21648,0,0,0,0,0,28552150,4767,0,27600298,4909,0
616,1225067877177,1225069694353,20003410,sA-eth3,up,1225069519852,netem,28705024,21648,0,0,0,0,0,28552150,4767,0,27600298,4909,0
617,1225087873728,1225089734484,19996551,sA-eth3,up,1225089553522,netem,28705024,21648,0,0,0,0,0,28552150,4767,0,27600298,4909,0
618,1225107873297,1225109846265,19999569,sA-eth3,up,1225109649854,netem,28771730,21693,0,0,0,34822,3,28552348,4770,0,27681872,4916,0
619,1225127887958,1225129926466,20014661,sA-eth3,up,1225129740355,netem,29027596,21862,0,0,0,68130,5,28553074,4781,0,27910198,4931,0
620,1225147878278,1225149782386,19990320,sA-eth3,up,1225149563964,netem,29281948,22030,0,0,0,71158,5,28553668,4790,0,28154716,4950,0
621,1225167870240,1225170209791,19991962,sA-eth3,up,1225170035109,netem,29539328,22200,0,0,0,60560,4,28554724,4806,0,28402130,4969,0
622,1225187902571,1225190141731,20032331,sA-eth3,up,1225189934010,netem,29780054,22359,0,0,0,56018,5,28555648,4820,0,28633484,4986,0
623,1225207883862,1225209908690,19981291,sA-eth3,up,1225209725039,netem,30031550,22527,0,0,0,52990,4,28564010,4837,0,28875278,5007,0
624,1225227887723,1225229805920,20003861,sA-eth3,up,1225229614569,netem,30275476,22690,0,0,0,59132,6,28573622,4851,0,29122864,5028,0
625,1225247877314,1225250246126,19989591,sA-eth3,up,1225250080564,netem,30539294,22869,0,0,0,52990,4,28598110,4871,0,29363354,5051,0
626,1225267879175,1225269861953,20001861,sA-eth3,up,1225269677791,netem,30782084,23036,0,0,0,69800,7,28645766,4891,0,29596772,5076,0
627,1225287874716,1225290330898,19995541,sA-eth3,up,1225290043375,netem,30900054,23125,0,0,0,78,1,28697502,4907,0,29710200,5096,0
628,1225307830897,1225309775074,19956181,sA-eth3,up,1225309555272,netem,30900962,23131,0,0,0,94,1,28721078,4913,0,29711030,5101,0
629,1225327876798,1225330280750,20045901,sA-eth3,up,1225330099999,netem,30901786,23141,0,0,0,0,0,28763664,4922,0,29711854,5111,0
630,1225347905880,1225349882598,20029082,sA-eth3,up,1225349710086,netem,30902206,23147,0,0,0,0,0,28792954,4927,0,29712274,5117,0
631,1225367878880,1225369843668,19973000,sA-eth3,up,1225369630536,netem,30902548,23152,0,0,0,0,0,28829616,4934,0,29712616,5122,0
632,1225387876312,1225389729898,19997432,sA-eth3,up,1225389539596,netem,30902956,23158,0,0,0,0,0,28864764,4940,0,29713024,5128,0
633,1225407867672,1225409815930,19991360,sA-eth3,up,1225409628359,netem,30903400,23164,0,0,0,0,0,28891224,4946,0,29713468,5134,0
634,1225427884944,1225430208444,20017272,sA-eth3,up,1225430033303,netem,30903940,23172,0,0,0,0,0,28929400,4954,0,29714008,5142,0
635,1225447886114,1225450058065,20001170,sA-eth3,up,1225449857233,netem,30904282,23177,0,0,0,0,0,28955794,4959,0,29714350,5147,0
636,1225467878496,1225469966815,19992382,sA-eth3,up,1225469789033,netem,30904660,23182,0,0,0,0,0,28990942,4965,0,29714728,5152,0
637,1225487883467,1225489790454,20004971,sA-eth3,up,1225489594333,netem,30905134,23189,0,0,0,0,0,29027604,4972,0,29715202,5159,0
638,1225507880878,1225509764055,19997411,sA-eth3,up,1225509578423,netem,30905554,23195,0,0,0,0,0,29068610,4979,0,29715622,5165,0
639,1225527886488,1225529820656,20005610,sA-eth3,up,1225529636605,netem,30905974,23201,0,0,0,0,0,29103824,4986,0,29716042,5171,0
640,1225547891620,1225549985119,20005132,sA-eth3,up,1225549751217,netem,30906262,23205,0,0,0,0,0,29127256,4990,0,29716330,5175,0
641,1225567885890,1225570239152,19994270,sA-eth3,up,1225570058160,netem,30906628,23210,0,0,0,66,1,29156612,4996,0,29716696,5180,0
642,1225587879642,1225589754118,19993752,sA-eth3,up,1225589558647,netem,30907036,23216,0,0,0,0,0,29185902,5001,0,29717104,5186,0
643,1225607882163,1225610226134,20002521,sA-eth3,up,1225610053442,netem,30907492,23222,0,0,0,0,0,29218154,5007,0,29717560,5192,0
644,1225627877584,1225629913963,19995421,sA-eth3,up,1225629739501,netem,30908056,23230,0,0,0,0,0,29254816,5014,0,29718124,5200,0
645,1225647879654,1225649932083,20002070,sA-eth3,up,1225649734182,netem,30908554,23237,0,0,0,78,1,29304642,5023,0,29718622,5207,0
646,1225667882906,1225670221997,20003252,sA-eth3,up,1225670028495,netem,30909292,23248,0,0,0,0,0,29366052,5033,0,29719360,5218,0
647,1225687882667,1225690330369,19999761,sA-eth3,up,1225690061307,netem,30909958,23257,0,0,0,66,1,29431872,5043,0,29720026,5227,0
648,1225707895609,1225710102518,20012942,sA-eth3,up,1225709888246,netem,30910588,23266,0,0,0,0,0,29499074,5051,0,29720656,5236,0
649,1225727880209,1225729839547,19984600,sA-eth3,up,1225729641435,netem,30911438,23277,0,0,0,0,0,29556272,5062,0,29721506,5247,0
650,1225747879510,1225749835638,19999301,sA-eth3,up,1225749651466,netem,30912092,23286,0,0,0,78,1,29630780,5072,0,29722160,5256,0
651,1225767884071,1225770203762,20004561,sA-eth3,up,1225770027430,netem,30912878,23297,0,0,0,0,0,29714042,5083,0,29722946,5267,0
652,1225787877192,1225789838431,19993121,sA-eth3,up,1225789644788,netem,30912948,23298,0,0,0,0,0,29752020,5088,0,29723016,5268,0
653,1225807878963,1225809746220,20001771,sA-eth3,up,1225809558559,netem,30912948,23298,0,0,0,66,1,29752020,5088,0,29723016,5268,0
654,1225827875505,1225830163895,19996542,sA-eth3,up,1225829986663,netem,30913326,23303,0,0,0,66,1,29846866,5099,0,29723460,5274,0
655,1225847870805,1225849787922,19995300,sA-eth3,up,1225849597581,netem,30914040,23312,0,0,0,0,0,29914002,5107,0,29724108,5282,0
656,1225867876217,1225869910245,20005412,sA-eth3,up,1225869740423,netem,30914590,23319,0,0,0,66,1,29976794,5115,0,29724724,5290,0
657,1225887885727,1225889821265,20009510,sA-eth3,up,1225889639043,netem,30915304,23328,0,0,0,0,0,30025040,5122,0,29725372,5298,0
658,1225907882759,1225909917607,19997032,sA-eth3,up,1225909747676,netem,30916092,23338,0,0,0,0,0,30104024,5134,0,29726160,5308,0
659,1225927875409,1225929808287,19992650,sA-eth3,up,1225929621666,netem,30916824,23348,0,0,0,86,1,30175702,5145,0,29726892,5318,0
660,1225947882331,1225949818089,20006922,sA-eth3,up,1225949632896,netem,30917628,23358,0,0,0,66,1,30218222,5153,0,29727696,5328,0
661,1225967880251,1225969844329,19997920,sA-eth3,up,1225969653328,netem,30918336,23368,0,0,0,78,1,30278316,5164,0,29728404,5338,0
662,1225987877173,1225989761060,19996922,sA-eth3,up,1225989567208,netem,30919210,23379,0,0,0,86,1,30306554,5175,0,29729364,5350,0
663,1226007880493,1226009835721,20003320,sA-eth3,up,1226009650350,netem,30919978,23389,0,0,0,66,1,30362238,5185,0,29730046,5359,0
664,1226027877725,1226029833333,19997232,sA-eth3,up,1226029650500,netem,30920710,23399,0,0,0,0,0,30404758,5193,0,29730778,5369,0
665,1226047870345,1226049694202,19992620,sA-eth3,up,1226049527021,netem,30920710,23399,0,0,0,0,0,30404758,5193,0,29730778,5369,0
666,1226067870647,1226069891525,20000302,sA-eth3,up,1226069607992,netem,30920710,23399,0,0,0,0,0,30404758,5193,0,29730778,5369,0
667,1226087885437,1226089807095,20014790,sA-eth3,up,1226089616704,netem,30920710,23399,0,0,0,0,0,30404758,5193,0,29730778,5369,0
668,1226107891459,1226109819167,20006022,sA-eth3,up,1226109614954,netem,30920710,23399,0,0,0,0,0,30404758,5193,0,29730778,5369,0
669,1226127878701,1226129865138,19987242,sA-eth3,up,1226129666806,netem,30920710,23399,0,0,0,0,0,30404758,5193,0,29730778,5369,0
670,1226147873612,1226150236813,19994911,sA-eth3,up,1226150060191,netem,31113078,23527,0,0,0,78728,6,30405352,5202,0,29928588,5382,0
671,1226167883294,1226170129204,20009682,sA-eth3,up,1226169938552,netem,31328066,23669,0,0,0,0,0,30405484,5204,0,30122162,5397,0
672,1226187878605,1226189765583,19995311,sA-eth3,up,1226189578140,netem,31334122,23673,0,0,0,0,0,30405484,5204,0,30128020,5398,0
673,1226207887207,1226209830595,20008602,sA-eth3,up,1226209644813,netem,31334122,23673,0,0,0,0,0,30405484,5204,0,30128020,5398,0
674,1226227877848,1226230153429,19990641,sA-eth3,up,1226229963748,netem,31334122,23673,0,0,0,0,0,30405484,5204,0,30128020,5398,0
675,1226247878451,1226249732877,20000603,sA-eth3,up,1226249544985,netem,31334398,23677,0,0,0,78,1,30430496,5210,0,30128296,5402,0
676,1226267885592,1226269759000,20007141,sA-eth3,up,1226269571578,netem,31335106,23687,0,0,0,78,1,30489076,5220,0,30129082,5413,0
677,1226287878894,1226290266676,19993302,sA-eth3,up,1226290078853,netem,31335772,23696,0,0,0,78,1,30537454,5229,0,30129670,5421,0
678,1226307878335,1226310056995,19999441,sA-eth3,up,1226309862973,netem,31336384,23704,0,0,0,0,0,30572602,5235,0,30130282,5429,0
679,1226327878117,1226330229689,19999782,sA-eth3,up,1226330053248,netem,31337022,23713,0,0,0,66,1,30625390,5245,0,30130920,5438,0
680,1226347878079,1226349724485,19999962,sA-eth3,up,1226349540664,netem,31337610,23721,0,0,0,78,1,30672254,5253,0,30131586,5447,0
681,1226367881001,1226369809629,20002922,sA-eth3,up,1226369602706,netem,31338016,23726,0,0,0,0,0,30686998,5257,0,30131914,5451,0
682,1226387879752,1226389801710,19998751,sA-eth3,up,1226389600537,netem,31339530,23727,0,0,0,0,0,30686998,5257,0,30133428,5452,0
683,1226407877684,1226409738871,19997932,sA-eth3,up,1226409540459,netem,31339530,23727,0,0,0,0,0,30686998,5257,0,30133428,5452,0
684,1226427880476,1226429797753,20002792,sA-eth3,up,1226429610462,netem,31339530,23727,0,0,0,0,0,30686998,5257,0,30133428,5452,0
685,1226447884817,1226449843155,20004341,sA-eth3,up,1226449657144,netem,31339530,23727,0,0,0,0,0,30686998,5257,0,30133428,5452,0
686,1226467874620,1226469840616,19989803,sA-eth3,up,1226469655495,netem,31339530,23727,0,0,0,0,0,30686998,5257,0,30133428,5452,0
687,1226487877720,1226489823768,20003100,sA-eth3,up,1226489631997,netem,31339530,23727,0,0,0,0,0,30686998,5257,0,30133428,5452,0
688,1226507878233,1226509825380,20000513,sA-eth3,up,1226509626998,netem,31339530,23727,0,0,0,0,0,30686998,5257,0,30133428,5452,0
689,1226527884454,1226529861372,20006221,sA-eth3,up,1226529673901,netem,31339530,23727,0,0,0,0,0,30686998,5257,0,30133428,5452,0
690,1226547873896,1226550265458,19989442,sA-eth3,up,1226550087316,netem,31339530,23727,0,0,0,0,0,30686998,5257,0,30133428,5452,0
691,1226567880038,1226569956817,20006142,sA-eth3,up,1226569784635,netem,31339530,23727,0,0,0,0,0,30686998,5257,0,30133428,5452,0
692,1226587879390,1226589767166,19999352,sA-eth3,up,1226589584735,netem,31339920,23732,0,0,0,0,0,30698978,5263,0,30133818,5457,0
693,1226607887511,1226609773839,20008121,sA-eth3,up,1226609593976,netem,31340706,23743,0,0,0,0,0,30741696,5274,0,30134604,5468,0
694,1226627885183,1226629814821,19997672,sA-eth3,up,1226629628629,netem,31341236,23750,0,0,0,0,0,30779806,5281,0,30135134,5475,0
695,1226647875015,1226649691501,19989832,sA-eth3,up,1226649519740,netem,31341722,23757,0,0,0,66,1,30819496,5290,0,30135620,5482,0
696,1226667877316,1226669757233,20002301,sA-eth3,up,1226669569242,netem,31342412,23766,0,0,0,0,0,30857606,5297,0,30136310,5491,0
697,1226687880758,1226689773075,20003442,sA-eth3,up,1226689593694,netem,31342970,23773,0,0,0,0,0,30898678,5305,0,30136868,5498,0
698,1226707875690,1226709764898,19994932,sA-eth3,up,1226709572035,netem,31343734,23783,0,0,0,0,0,30963050,5315,0,30137632,5508,0
699,1226727877571,1226729721659,20001881,sA-eth3,up,1226729538886,netem,31344442,23793,0,0,0,0,0,31040520,5326,0,30138340,5518,0
700,1226747876183,1226749648089,19998612,sA-eth3,up,1226749478997,netem,31345162,23803,0,0,0,0,0,31106340,5336,0,30139060,5528,0
701,1226767877785,1226769670671,20001602,sA-eth3,up,1226769501630,netem,31346164,23816,0,0,0,66,1,31179532,5348,0,30140128,5542,0
702,1226787876386,1226789796854,19998601,sA-eth3,up,1226789599482,netem,31346896,23826,0,0,0,0,0,31243838,5357,0,30140794,5551,0
703,1226807872058,1226810176809,19995672,sA-eth3,up,1226809989098,netem,31377804,23854,0,0,0,50126,5,31320070,5371,0,30186738,5565,0
704,1226827870550,1226829928169,19998492,sA-eth3,up,1226829741496,netem,31634380,24032,0,0,0,57766,7,31404124,5394,0,30417124,5588,0
705,1226847879282,1226849743819,20008732,sA-eth3,up,1226849556347,netem,31884978,24207,0,0,0,68302,7,31450332,5414,0,30658020,5616,0
706,1226867880374,1226869772291,20001092,sA-eth3,up,1226869588129,netem,32127750,24373,0,0,0,83614,10,31492064,5432,0,30891354,5639,0
707,1226887875235,1226889733102,19994861,sA-eth3,up,1226889549071,netem,32385966,24553,0,0,0,68274,7,31541036,5450,0,31139604,5668,0
708,1226907874366,1226909671063,19999131,sA-eth3,up,1226909499002,netem,32621264,24716,0,0,0,83402,8,31582900,5470,0,31380340,5694,0
709,1226927884449,1226929730235,20010083,sA-eth3,up,1226929542874,netem,32879244,24894,0,0,0,89470,8,31638126,5495,0,31613808,5720,0
710,1226947884661,1226949762368,20000212,sA-eth3,up,1226949579055,netem,33133430,25073,0,0,0,86,1,31684334,5515,0,31858246,5751,0
711,1226967877632,1226969795580,19992971,sA-eth3,up,1226969594368,netem,33134342,25085,0,0,0,0,0,31735740,5526,0,31859072,5762,0
712,1226987874053,1226989659080,19996421,sA-eth3,up,1226989488509,netem,33134962,25093,0,0,0,0,0,31782670,5535,0,31859692,5770,0
713,1227007877426,1227009784452,20003373,sA-eth3,up,1227009597111,netem,33135586,25101,0,0,0,0,0,31817884,5542,0,31860316,5778,0
714,1227027887088,1227030168908,20009662,sA-eth3,up,1227029980977,netem,33135808,25104,0,0,0,0,0,31823818,5545,0,31860538,5781,0
715,1227047882159,1227049806837,19995071,sA-eth3,up,1227049622724,netem,33135808,25104,0,0,0,0,0,31823818,5545,0,31860538,5781,0
716,1227067878131,1227069686578,19995972,sA-eth3,up,1227069515815,netem,33135808,25104,0,0,0,0,0,31823818,5545,0,31860538,5781,0
717,1227087878442,1227089689589,20000311,sA-eth3,up,1227089521528,netem,33135808,25104,0,0,0,0,0,31823818,5545,0,31860538,5781,0
718,1227107874804,1227109715841,19996362,sA-eth3,up,1227109541210,netem,33135808,25104,0,0,0,0,0,31823818,5545,0,31860538,5781,0
719,1227127890226,1227130437179,20015422,sA-eth3,up,1227130260897,netem,33135808,25104,0,0,0,0,0,31823818,5545,0,31860538,5781,0
720,1227147876398,1227149776715,19986172,sA-eth3,up,1227149558874,netem,33135808,25104,0,0,0,0,0,31823818,5545,0,31860538,5781,0
721,1227167873410,1227170226702,19997012,sA-eth3,up,1227170049531,netem,33135808,25104,0,0,0,0,0,31823818,5545,0,31860538,5781,0
722,1227187877303,1227189987702,20003893,sA-eth3,up,1227189816690,netem,33135808,25104,0,0,0,0,0,31823818,5545,0,31860538,5781,0
723,1227207881655,1227210279688,20004352,sA-eth3,up,1227209939074,netem,33135808,25104,0,0,0,0,0,31823818,5545,0,31860538,5781,0
724,1227227896298,1227229983437,20014643,sA-eth3,up,1227229798266,netem,33136372,25112,0,0,0,66,1,31876630,5555,0,31861102,5789,0
725,1227247880631,1227249902019,19984333,sA-eth3,up,1227249704698,netem,33137022,25121,0,0,0,86,1,31920664,5564,0,31861752,5798,0
726,1227267885553,1227269815151,20004922,sA-eth3,up,1227269612968,netem,33137866,25133,0,0,0,66,1,31979310,5575,0,31862662,5811,0
727,1227287885895,1227289840952,20000342,sA-eth3,up,1227289611481,netem,33138508,25142,0,0,0,0,0,32033546,5585,0,31863238,5819,0
728,1227307884747,1227309826875,19998852,sA-eth3,up,1227309600983,netem,33139162,25151,0,0,0,0,0,32086268,5594,0,31863892,5828,0
729,1227327877720,1227329767677,19992973,sA-eth3,up,1227329565346,netem,33139926,25161,0,0,0,0,0,32123062,5603,0,31864656,5838,0
730,1227347884442,1227349830480,20006722,sA-eth3,up,1227349609729,netem,33140584,25170,0,0,0,0,0,32173020,5614,0,31865314,5847,0
731,1227367885595,1227369834823,20001153,sA-eth3,up,1227369604971,netem,33141172,25178,0,0,0,66,1,32225742,5624,0,31865902,5855,0
732,1227387888647,1227390443480,20003052,sA-eth3,up,1227390171258,netem,33141970,25189,0,0,0,0,0,32309070,5635,0,31866700,5866,0
733,1227407886820,1227410321822,19998173,sA-eth3,up,1227410144830,netem,33348482,25333,0,0,0,41142,7,32371008,5652,0,32078258,5889,0
734,1227427881642,1227430132462,19994822,sA-eth3,up,1227429928781,netem,33600658,25511,0,0,0,16786,3,32464538,5665,0,32307502,5917,0
735,1227447877984,1227449990084,19996342,sA-eth3,up,1227449810411,netem,33772466,25635,0,0,0,50094,5,32551290,5685,0,32472710,5941,0
736,1227467877877,1227470079547,19999893,sA-eth3,up,1227469879055,netem,34018388,25806,0,0,0,77292,6,32625274,5709,0,32725056,5968,0
737,1227487873199,1227489971638,19995322,sA-eth3,up,1227489795826,netem,34267386,25979,0,0,0,110822,11,32712224,5732,0,32964496,5996,0
738,1227507874162,1227510039921,20000963,sA-eth3,up,1227509842839,netem,34523926,26157,0,0,0,101618,9,32764158,5751,0,33194998,6021,0
739,1227527882244,1227530255636,20008082,sA-eth3,up,1227530079614,netem,34781666,26331,0,0,0,116836,11,32794174,5767,0,33442706,6043,0
740,1227547875487,1227550201827,19993243,sA-eth3,up,1227550026076,netem,35018686,26497,0,0,0,136638,15,32856508,5790,0,33686546,6071,0
741,1227567871249,1227570160239,19995762,sA-eth3,up,1227569973138,netem,35275320,26676,0,0,0,66092,11,32907258,5813,0,33930396,6100,0
742,1227587871251,1227590377494,20000002,sA-eth3,up,1227590191752,netem,35342068,26734,0,0,0,0,0,32963272,5828,0,33981394,6117,0
743,1227607871503,1227610134074,20000252,sA-eth3,up,1227609943873,netem,35342500,26740,0,0,0,0,0,33007108,5834,0,33981826,6123,0
744,1227627884956,1227629822133,20013453,sA-eth3,up,1227629618462,netem,35343154,26749,0,0,0,0,0,33072862,5843,0,33982480,6132,0
745,1227647883748,1227649744035,19998792,sA-eth3,up,1227649561164,netem,35343748,26758,0,0,0,66,1,33138616,5852,0,33983140,6142,0
746,1227667870641,1227669657347,19986893,sA-eth3,up,1227669484065,netem,35344324,26766,0,0,0,78,1,33204370,5861,0,33983650,6149,0
747,1227687877444,1227689740210,20006803,sA-eth3,up,1227689531878,netem,35344834,26773,0,0,0,0,0,33248206,5867,0,33984160,6156,0
748,1227707882876,1227709785903,20005432,sA-eth3,up,1227709597731,netem,35345388,26780,0,0,0,0,0,33299348,5874,0,33984714,6163,0
749,1227727876638,1227729757245,19993762,sA-eth3,up,1227729569353,netem,35345886,26787,0,0,0,0,0,33350490,5881,0,33985212,6170,0
750,1227747875370,1227749675607,19998732,sA-eth3,up,1227749505955,netem,35346330,26793,0,0,0,0,0,33394326,5887,0,33985656,6176,0
751,1227767875853,1227770212744,20000483,sA-eth3,up,1227770039493,netem,35346894,26801,0,0,0,0,0,33452774,5895,0,33986220,6184,0
752,1227787879985,1227789764662,20004132,sA-eth3,up,1227789582701,netem,35347488,26810,0,0,0,0,0,33518528,5904,0,33986814,6193,0
753,1227807877418,1227809856025,19997433,sA-eth3,up,1227809667594,netem,35348118,26819,0,0,0,0,0,33584282,5913,0,33987444,6202,0
754,1227827872280,1227829757858,19994862,sA-eth3,up,1227829575166,netem,35348686,26827,0,0,0,0,0,33635424,5920,0,33988012,6210,0
755,1227847880393,1227849785600,20008113,sA-eth3,up,1227849604329,netem,35349150,26833,0,0,0,86,1,33686566,5927,0,33988562,6217,0
756,1227867879725,1227869794073,19999332,sA-eth3,up,1227869611590,netem,35349808,26842,0,0,0,0,0,33745014,5935,0,33989134,6225,0
757,1227887877448,1227889839395,19997723,sA-eth3,up,1227889657893,netem,35350326,26849,0,0,0,78,1,33797670,5943,0,33989652,6232,0
758,1227907873570,1227910233611,19996122,sA-eth3,up,1227910067440,netem,35350996,26858,0,0,0,86,1,33854736,5952,0,33990322,6241,0
759,1227927878223,1227929914611,20004653,sA-eth3,up,1227929744779,netem,35351814,26869,0,0,0,0,0,33930758,5963,0,33991140,6252,0
760,1227947878954,1227950222496,20000731,sA-eth3,up,1227950050984,netem,35352418,26877,0,0,0,0,0,33981900,5970,0,33991744,6260,0
761,1227967884447,1227970521272,20005493,sA-eth3,up,1227970341699,netem,35353090,26885,0,0,0,0,0,34024486,5979,0,33992416,6268,0
762,1227987869039,1227989828777,19984592,sA-eth3,up,1227989646936,netem,35353640,26892,0,0,0,0,0,34062662,5987,0,33992966,6275,0
763,1228007880692,1228009759709,20011653,sA-eth3,up,1228009578967,netem,35354162,26899,0,0,0,0,0,34103668,5994,0,33993488,6282,0
764,1228027872785,1228029681920,19992093,sA-eth3,up,1228029506419,netem,35354714,26907,0,0,0,78,1,34157904,6004,0,33994118,6291,0
765,1228047880937,1228049798705,20008152,sA-eth3,up,1228049611722,netem,35355264,26914,0,0,0,0,0,34193052,6010,0,33994590,6297,0
766,1228067872869,1228069674445,19991932,sA-eth3,up,1228069509384,netem,35356016,26924,0,0,0,66,1,34245840,6020,0,33995408,6308,0
767,1228087869981,1228089650617,19997112,sA-eth3,up,1228089480336,netem,35356694,26933,0,0,0,0,0,34292770,6029,0,33996020,6316,0
768,1228107868874,1228109672040,19998893,sA-eth3,up,1228109501329,netem,35357278,26941,0,0,0,0,0,34332328,6036,0,33996604,6324,0
769,1228127875146,1228130277158,20006272,sA-eth3,up,1228130102157,netem,35357808,26948,0,0,0,0,0,34371952,6044,0,33997134,6331,0
770,1228147876740,1228149743276,20001594,sA-eth3,up,1228149562905,netem,35358458,26957,0,0,0,78,1,34418882,6053,0,33997862,6341,0
771,1228167905072,1228169859950,20028332,sA-eth3,up,1228169663429,netem,35359058,26965,0,0,0,0,0,34462850,6061,0,33998384,6348,0
772,1228187877514,1228190241216,19972442,sA-eth3,up,1228190065405,netem,35360008,26978,0,0,0,0,0,34524524,6074,0,33999334,6361,0
773,1228207882218,1228209874546,20004704,sA-eth3,up,1228209705505,netem,35360596,26986,0,0,0,0,0,34571388,6082,0,33999922,6369,0
774,1228227881372,1228229838850,19999154,sA-eth3,up,1228229656407,netem,35361138,26993,0,0,0,0,0,34600744,6088,0,34000464,6376,0
775,1228247872704,1228250157976,19991332,sA-eth3,up,1228249976724,netem,35361536,26998,0,0,0,78,1,34640302,6095,0,34000940,6382,0
776,1228267877908,1228269679964,20005204,sA-eth3,up,1228269515212,netem,35362328,27008,0,0,0,78,1,34697434,6105,0,34001732,6392,0
777,1228287881580,1228290099721,20003672,sA-eth3,up,1228289909179,netem,35362784,27014,0,0,0,0,0,34733964,6110,0,34002110,6397,0
778,1228307877594,1228309885742,19996014,sA-eth3,up,1228309716031,netem,35464912,27090,0,0,0,33386,3,34800246,6129,0,34116350,6415,0
779,1228327875266,1228329830604,19997672,sA-eth3,up,1228329648633,netem,35721486,27269,0,0,0,50028,4,34850930,6149,0,34346886,6441,0
780,1228347873070,1228349808868,19997804,sA-eth3,up,1228349620035,netem,35959464,27430,0,0,0,71314,7,34871074,6169,0,34591696,6464,0
781,1228367883402,1228369925082,20010332,sA-eth3,up,1228369759400,netem,36215762,27605,0,0,0,84862,7,34904052,6186,0,34838028,6488,0
782,1228387881906,1228389971045,19998504,sA-eth3,up,1228389804534,netem,36471904,27778,0,0,0,81888,7,34934068,6202,0,35068198,6509,0
783,1228407875398,1228410241161,19993492,sA-eth3,up,1228410066149,netem,36726784,27954,0,0,0,84928,8,34975932,6222,0,35313112,6534,0
784,1228427875742,1228429794340,20000344,sA-eth3,up,1228429614008,netem,36969504,28120,0,0,0,104622,9,35005816,6236,0,35546394,6557,0
785,1228447883676,1228449805053,20007934,sA-eth3,up,1228449623941,netem,37222828,28294,0,0,0,101570,9,35047614,6255,0,35789884,6582,0
786,1228467886188,1228470399851,20002512,sA-eth3,up,1228470225650,netem,37476032,28466,0,0,0,83948,8,35070588,6274,0,36033254,6605,0
787,1228487874522,1228489830989,19988334,sA-eth3,up,1228489654537,netem,37560650,28533,0,0,0,0,0,35116400,6288,0,36114572,6622,0
788,1228507871344,1228510086215,19996822,sA-eth3,up,1228509891502,netem,37561662,28541,0,0,0,78,1,35154588,6296,0,36115584,6630,0
789,1228527878408,1228529909966,20007064,sA-eth3,up,1228529737834,netem,37562172,28548,0,0,0,0,0,35195594,6303,0,36116094,6637,0
790,1228547884341,1228549964580,20005933,sA-eth3,up,1228549780238,netem,37562970,28559,0,0,0,0,0,35238246,6313,0,36116892,6648,0
791,1228567879464,1228569862102,19995123,sA-eth3,up,1228569681950,netem,37563114,28561,0,0,0,0,0,35249962,6315,0,36117036,6650,0
792,1228587878387,1228589873005,19998923,sA-eth3,up,1228589704633,netem,37563114,28561,0,0,0,0,0,35249962,6315,0,36117036,6650,0
793,1228607877850,1228609881498,19999463,sA-eth3,up,1228609716857,netem,37563114,28561,0,0,0,0,0,35249962,6315,0,36117036,6650,0
794,1228627889953,1228629878480,20012103,sA-eth3,up,1228629699810,netem,37563114,28561,0,0,0,0,0,35249962,6315,0,36117036,6650,0
795,1228647876476,1228650194067,19986523,sA-eth3,up,1228650022335,netem,37563114,28561,0,0,0,0,0,35249962,6315,0,36117036,6650,0
796,1228667940730,1228670429993,20064254,sA-eth3,up,1228670203070,netem,37563114,28561,0,0,0,0,0,35249962,6315,0,36117036,6650,0
797,1228687882922,1228690038211,19942192,sA-eth3,up,1228689834840,netem,37563114,28561,0,0,0,0,0,35249962,6315,0,36117036,6650,0
798,1228707893936,1228709850643,20011014,sA-eth3,up,1228709656101,netem,37563114,28561,0,0,0,0,0,35249962,6315,0,36117036,6650,0
799,1228727891828,1228730105599,19997892,sA-eth3,up,1228729906127,netem,37563114,28561,0,0,0,0,0,35249962,6315,0,36117036,6650,0
800,1228747882812,1228749930770,19990984,sA-eth3,up,1228749752329,netem,37563114,28561,0,0,0,0,0,35249962,6315,0,36117036,6650,0
801,1228767882614,1228769721041,19999802,sA-eth3,up,1228769537979,netem,37563114,28561,0,0,0,0,0,35249962,6315,0,36117036,6650,0
802,1228787884808,1228789797996,20002194,sA-eth3,up,1228789605993,netem,37563180,28562,0,0,0,0,0,35251476,6316,0,36117102,6651,0
803,1228807881810,1228809884638,19997002,sA-eth3,up,1228809699217,netem,37563180,28562,0,0,0,0,0,35251476,6316,0,36117102,6651,0
804,1228827891994,1228829971783,20010184,sA-eth3,up,1228829788891,netem,37563180,28562,0,0,0,0,0,35251476,6316,0,36117102,6651,0
805,1228847881906,1228849821484,19989912,sA-eth3,up,1228849633033,netem,37563180,28562,0,0,0,0,0,35251476,6316,0,36117102,6651,0
806,1228867889320,1228869836878,20007414,sA-eth3,up,1228869646635,netem,37563180,28562,0,0,0,0,0,35251476,6316,0,36117102,6651,0
807,1228887893522,1228889850540,20004202,sA-eth3,up,1228889652539,netem,37563180,28562,0,0,0,0,0,35251476,6316,0,36117102,6651,0
808,1228907882216,1228909747313,19988694,sA-eth3,up,1228909564621,netem,37563180,28562,0,0,0,0,0,35251476,6316,0,36117102,6651,0
809,1228927889069,1228930281521,20006853,sA-eth3,up,1228930092859,netem,37563180,28562,0,0,0,0,0,35251476,6316,0,36117102,6651,0
810,1228947878072,1228950144463,19989003,sA-eth3,up,1228949897640,netem,37563180,28562,0,0,0,0,0,35251476,6316,0,36117102,6651,0
811,1228967927295,1228970127265,20049223,sA-eth3,up,1228969832763,netem,37563180,28562,0,0,0,0,0,35251476,6316,0,36117102,6651,0
812,1228987883888,1228989833356,19956593,sA-eth3,up,1228989605194,netem,37563468,28566,0,0,0,66,1,35261942,6321,0,36117390,6655,0
813,1229007887381,1229009840349,20003493,sA-eth3,up,1229009603397,netem,37564056,28574,0,0,0,78,1,35297288,6330,0,36118056,6664,0
814,1229027883984,1229029805732,19996603,sA-eth3,up,1229029569460,netem,37564746,28583,0,0,0,78,1,35332568,6338,0,36118746,6673,0
815,1229047891018,1229049847436,20007034,sA-eth3,up,1229049653974,netem,37565388,28592,0,0,0,66,1,35386738,6347,0,36119310,6681,0
816,1229067881821,1229069774778,19990803,sA-eth3,up,1229069577525,netem,37565832,28598,0,0,0,66,1,35411750,6353,0,36119820,6688,0
817,1229087879793,1229089723290,19997972,sA-eth3,up,1229089532408,netem,37566502,28607,0,0,0,0,0,35455784,6362,0,36120424,6696,0
818,1229107891696,1229109943725,20011903,sA-eth3,up,1229109750623,netem,37567110,28615,0,0,0,0,0,35496856,6370,0,36121032,6704,0
819,1229127883280,1229129854018,19991584,sA-eth3,up,1229129665765,netem,37567716,28624,0,0,0,0,0,35555436,6380,0,36121638,6713,0
820,1229147872263,1229149902392,19988983,sA-eth3,up,1229149730750,netem,37568484,28634,0,0,0,0,0,35606710,6389,0,36122406,6723,0
821,1229167874807,1229169930105,20002544,sA-eth3,up,1229169652364,netem,37569072,28642,0,0,0,0,0,35657984,6398,0,36122994,6731,0
822,1229187892540,1229190270423,20017733,sA-eth3,up,1229190086491,netem,37569582,28649,0,0,0,66,1,35704914,6407,0,36123504,6738,0
823,1229207902334,1229210054914,20009794,sA-eth3,up,1229209854993,netem,37570080,28656,0,0,0,0,0,35731308,6412,0,36124002,6745,0
824,1229227888198,1229229907367,19985864,sA-eth3,up,1229229730745,netem,37570614,28663,0,0,0,0,0,35766588,6420,0,36124536,6752,0
825,1229247877342,1229249816850,19989144,sA-eth3,up,1229249630779,netem,37570968,28668,0,0,0,66,1,35795878,6426,0,36124956,6758,0
826,1229267877696,1229269830443,20000354,sA-eth3,up,1229269652082,netem,37571466,28675,0,0,0,0,0,35838398,6433,0,36125388,6764,0
827,1229287892529,1229290309011,20014833,sA-eth3,up,1229290131100,netem,37572042,28683,0,0,0,0,0,35873612,6440,0,36125964,6772,0
828,1229307897673,1229309978133,20005144,sA-eth3,up,1229309803420,netem,37572736,28692,0,0,0,66,1,35920674,6451,0,36126658,6781,0
829,1229327904936,1229330682192,20007263,sA-eth3,up,1229330508351,netem,37573288,28700,0,0,0,78,1,35958784,6458,0,36127210,6789,0
830,1229347883641,1229349722868,19978705,sA-eth3,up,1229349526825,netem,37573942,28709,0,0,0,0,0,36007162,6467,0,36127864,6798,0
831,1229367874694,1229369683331,19991053,sA-eth3,up,1229369512329,netem,37574440,28716,0,0,0,0,0,36048168,6474,0,36128362,6805,0
832,1229387883248,1229389803136,20008554,sA-eth3,up,1229389591824,netem,37575004,28724,0,0,0,0,0,36096546,6483,0,36128926,6813,0
833,1229407883011,1229409784829,19999763,sA-eth3,up,1229409586318,netem,37575004,28724,0,0,0,0,0,36114120,6486,0,36128926,6813,0
834,1229427887215,1229429741802,20004204,sA-eth3,up,1229429541221,netem,37575448,28730,0,0,0,0,0,36149334,6493,0,36129370,6819,0
835,1229447883240,1229449761607,19996025,sA-eth3,up,1229449570224,netem,37575814,28735,0,0,0,78,1,36196198,6501,0,36129736,6824,0
836,1229467881953,1229469758330,19998713,sA-eth3,up,1229469569699,netem,37576312,28742,0,0,0,66,1,36237270,6509,0,36130300,6832,0
837,1229487883197,1229489723473,20001244,sA-eth3,up,1229489543182,netem,37576786,28749,0,0,0,0,0,36266626,6515,0,36130708,6838,0
838,1229507872080,1229509729027,19988883,sA-eth3,up,1229509542966,netem,37577152,28754,0,0,0,0,0,36290058,6519,0,36131074,6843,0
839,1229527881584,1229529799071,20009504,sA-eth3,up,1229529601330,netem,37577560,28760,0,0,0,78,1,36331064,6526,0,36131482,6849,0
840,1229547894408,1229550242650,20012824,sA-eth3,up,1229550058488,netem,37578046,28767,0,0,0,0,0,36372070,6533,0,36131968,6856,0
841,1229567892172,1229569940200,19997764,sA-eth3,up,1229569767899,netem,37578400,28772,0,0,0,0,0,36391158,6537,0,36132322,6861,0
842,1229587872865,1229589866713,19980693,sA-eth3,up,1229589683672,netem,37578400,28772,0,0,0,0,0,36391158,6537,0,36132322,6861,0
843,1229607894669,1229609829797,20021804,sA-eth3,up,1229609638995,netem,37578400,28772,0,0,0,0,0,36391158,6537,0,36132322,6861,0
844,1229627885883,1229629810660,19991214,sA-eth3,up,1229629617008,netem,37578400,28772,0,0,0,0,0,36391158,6537,0,36132322,6861,0
845,1229647873697,1229650253589,19987814,sA-eth3,up,1229650062696,netem,37578400,28772,0,0,0,0,0,36391158,6537,0,36132322,6861,0
846,1229667876371,1229669933879,20002674,sA-eth3,up,1229669755078,netem,37578400,28772,0,0,0,0,0,36391158,6537,0,36132322,6861,0
847,1229687887784,1229689864872,20011413,sA-eth3,up,1229689680821,netem,37578400,28772,0,0,0,0,0,36391158,6537,0,36132322,6861,0
848,1229707890188,1229709839635,20002404,sA-eth3,up,1229709653654,netem,37578400,28772,0,0,0,0,0,36391158,6537,0,36132322,6861,0
849,1229727887461,1229729886570,19997273,sA-eth3,up,1229729706538,netem,37578400,28772,0,0,0,0,0,36391158,6537,0,36132322,6861,0
850,1229747875346,1229749715172,19987885,sA-eth3,up,1229749532100,netem,37578400,28772,0,0,0,0,0,36391158,6537,0,36132322,6861,0
851,1229767877509,1229770224331,20002163,sA-eth3,up,1229770048838,netem,37770768,28900,0,0,0,60560,4,36391818,6547,0,36317100,6874,0
852,1229787884683,1229789772590,20007174,sA-eth3,up,1229789584238,netem,38019274,29067,0,0,0,68196,6,36404524,6564,0,36555970,6895,0
853,1229807885486,1229809838434,20000803,sA-eth3,up,1229809644342,netem,38277098,29243,0,0,0,60692,6,36446322,6583,0,36803828,6920,0
854,1229827879749,1229829785547,19994263,sA-eth3,up,1229829586676,netem,38515216,29406,0,0,0,74420,8,36482394,6603,0,37032706,6943,0
855,1229847873324,1229849673160,19993575,sA-eth3,up,1229849501859,netem,38770138,29581,0,0,0,68216,6,36508396,6624,0,37277728,6968,0
856,1229867876357,1229869744295,20003033,sA-eth3,up,1229869552842,netem,39017420,29750,0,0,0,71236,6,36540124,6644,0,37525642,6993,0
857,1229887885011,1229889784619,20008654,sA-eth3,up,1229889594137,netem,39263066,29917,0,0,0,74252,6,36570140,6660,0,37766128,7016,0
858,1229907884355,1229909754602,19999344,sA-eth3,up,1229909565531,netem,39520980,30094,0,0,0,53068,5,36601868,6680,0,37999530,7041,0
859,1229927880448,1229929760156,19996093,sA-eth3,up,1229929556544,netem,39774800,30268,0,0,0,78,1,36638006,6701,0,38243450,7065,0
860,1229947879613,1229950249545,19999165,sA-eth3,up,1229950071443,netem,39775256,30274,0,0,0,78,1,36670390,6709,0,38243984,7072,0
861,1229967893906,1229969935695,20014293,sA-eth3,up,1229969755394,netem,39775742,30281,0,0,0,78,1,36711396,6716,0,38244470,7079,0
862,1229987889930,1229989824317,19996024,sA-eth3,up,1229989638466,netem,39776240,30288,0,0,0,0,0,36746544,6722,0,38244890,7085,0
863,1230007894134,1230009810581,20004204,sA-eth3,up,1230009603410,netem,39776768,30296,0,0,0,0,0,36794922,6731,0,38245418,7093,0
864,1230027884207,1230029778324,19990073,sA-eth3,up,1230029573883,netem,39777176,30302,0,0,0,66,1,36838824,6738,0,38245892,7100,0
865,1230047884130,1230049789128,19999923,sA-eth3,up,1230049595386,netem,39777842,30311,0,0,0,0,0,36890032,6746,0,38246492,7108,0
866,1230067885145,1230069798263,20001015,sA-eth3,up,1230069611200,netem,39778408,30318,0,0,0,0,0,36936896,6754,0,38247058,7115,0
867,1230087883319,1230089699776,19998174,sA-eth3,up,1230089517153,netem,39778906,30325,0,0,0,0,0,36967700,6760,0,38247556,7122,0
868,1230107876722,1230110188173,19993403,sA-eth3,up,1230110018642,netem,39779326,30331,0,0,0,0,0,36992646,6765,0,38247976,7128,0
869,1230127883926,1230129769593,20007204,sA-eth3,up,1230129569241,netem,39779326,30331,0,0,0,0,0,36992646,6765,0,38247976,7128,0
870,1230147884610,1230149862058,20000684,sA-eth3,up,1230149673767,netem,39779326,30331,0,0,0,0,0,36992646,6765,0,38247976,7128,0
871,1230167884025,1230170205476,19999415,sA-eth3,up,1230170033824,netem,39779326,30331,0,0,0,0,0,36992646,6765,0,38247976,7128,0
872,1230187882519,1230189886797,19998494,sA-eth3,up,1230189702276,netem,39779326,30331,0,0,0,0,0,36992646,6765,0,38247976,7128,0
873,1230207877084,1230209791121,19994565,sA-eth3,up,1230209608119,netem,39779326,30331,0,0,0,0,0,36992646,6765,0,38247976,7128,0
874,1230227883947,1230229887577,20006863,sA-eth3,up,1230229675694,netem,39779326,30331,0,0,0,0,0,36992646,6765,0,38247976,7128,0
875,1230247877122,1230249800629,19993175,sA-eth3,up,1230249618088,netem,39779326,30331,0,0,0,0,0,36992646,6765,0,38247976,7128,0
876,1230267875466,1230269830614,19998344,sA-eth3,up,1230269652963,netem,39779326,30331,0,0,0,0,0,36992646,6765,0,38247976,7128,0
877,1230287880041,1230289831278,20004575,sA-eth3,up,1230289640827,netem,39779326,30331,0,0,0,0,0,36992646,6765,0,38247976,7128,0
878,1230307885736,1230309802913,20005695,sA-eth3,up,1230309616541,netem,39779326,30331,0,0,0,0,0,36992646,6765,0,38247976,7128,0
879,1230327887220,1230330257882,20001484,sA-eth3,up,1230330079220,netem,39779326,30331,0,0,0,0,0,36992646,6765,0,38247976,7128,0
880,1230347886745,1230349718851,19999525,sA-eth3,up,1230349530889,netem,39779326,30331,0,0,0,0,0,36992646,6765,0,38247976,7128,0
881,1230367874468,1230369712285,19987723,sA-eth3,up,1230369524834,netem,39779326,30331,0,0,0,0,0,36992646,6765,0,38247976,7128,0
882,1230387882953,1230389853451,20008485,sA-eth3,up,1230389664659,netem,39779326,30331,0,0,0,0,0,36992646,6765,0,38247976,7128,0
883,1230407883717,1230409759134,20000764,sA-eth3,up,1230409576213,netem,39779326,30331,0,0,0,0,0,36992646,6765,0,38247976,7128,0
884,1230427887702,1230430309294,20003985,sA-eth3,up,1230430128412,netem,39779326,30331,0,0,0,0,0,36992646,6765,0,38247976,7128,0
885,1230447877336,1230450113997,19989634,sA-eth3,up,1230449931674,netem,39779326,30331,0,0,0,0,0,36992646,6765,0,38247976,7128,0
886,1230467887291,1230469727238,20009955,sA-eth3,up,1230469530515,netem,39779326,30331,0,0,0,0,0,36992646,6765,0,38247976,7128,0
887,1230487884445,1230489750423,19997154,sA-eth3,up,1230489563350,netem,39779326,30331,0,0,0,0,0,36992646,6765,0,38247976,7128,0
888,1230507889519,1230510237891,20005074,sA-eth3,up,1230510036199,netem,39779326,30331,0,0,0,0,0,36992646,6765,0,38247976,7128,0
889,1230527881133,1230529876892,19991614,sA-eth3,up,1230529673480,netem,39779326,30331,0,0,0,0,0,36992646,6765,0,38247976,7128,0
890,1230547885628,1230550242220,20004495,sA-eth3,up,1230550070009,netem,39779326,30331,0,0,0,0,0,36992646,6765,0,38247976,7128,0
891,1230567901122,1230569931091,20015494,sA-eth3,up,1230569753699,netem,39779326,30331,0,0,0,0,0,36992646,6765,0,38247976,7128,0
892,1230587875517,1230589701224,19974395,sA-eth3,up,1230589519391,netem,39779326,30331,0,0,0,0,0,36992646,6765,0,38247976,7128,0
893,1230607877302,1230609650257,20001785,sA-eth3,up,1230609482326,netem,39779326,30331,0,0,0,0,0,36992646,6765,0,38247976,7128,0
894,1230627883586,1230630305378,20006284,sA-eth3,up,1230630106916,netem,39779326,30331,0,0,0,0,0,36992646,6765,0,38247976,7128,0
895,1230647893350,1230649900179,20009764,sA-eth3,up,1230649722747,netem,39779326,30331,0,0,0,0,0,36992646,6765,0,38247976,7128,0
896,1230667877484,1230669658641,19984134,sA-eth3,up,1230669481550,netem,39779326,30331,0,0,0,0,0,36992646,6765,0,38247976,7128,0
897,1230687885879,1230689658825,20008395,sA-eth3,up,1230689487784,netem,39779326,30331,0,0,0,0,0,36992646,6765,0,38247976,7128,0
898,1230707886373,1230709646349,20000494,sA-eth3,up,1230709481137,netem,39779326,30331,0,0,0,0,0,36992646,6765,0,38247976,7128,0
899,1230727895558,1230729720094,20009185,sA-eth3,up,1230729531322,netem,39779326,30331,0,0,0,0,0,36992646,6765,0,38247976,7128,0
900,1230747874462,1230750838389,19978904,sA-eth3,up,1230750641698,netem,39779848,30338,0,0,0,0,0,37014828,6772,0,38248498,7135,0
901,1230767869286,1230770317959,19994824,sA-eth3,up,1230770152557,netem,39779848,30338,0,0,0,0,0,37014828,6772,0,38248498,7135,0
902,1230787870130,1230790311333,20000844,sA-eth3,up,1230790144551,netem,39779848,30338,0,0,0,0,0,37014828,6772,0,38248498,7135,0
903,1230807883125,1230810080145,20012995,sA-eth3,up,1230809895864,netem,39779848,30338,0,0,0,0,0,37014828,6772,0,38248498,7135,0
904,1230827887639,1230829751816,20004514,sA-eth3,up,1230829565386,netem,39779848,30338,0,0,0,0,0,37014828,6772,0,38248498,7135,0
905,1230847877194,1230849641171,19989555,sA-eth3,up,1230849467778,netem,39779848,30338,0,0,0,0,0,37014828,6772,0,38248498,7135,0
906,1230867881149,1230869654995,20003955,sA-eth3,up,1230869491593,netem,39779848,30338,0,0,0,0,0,37014828,6772,0,38248498,7135,0
907,1230887883763,1230890277605,20002614,sA-eth3,up,1230890107164,netem,39779848,30338,0,0,0,0,0,37014828,6772,0,38248498,7135,0
908,1230907881767,1230909862265,19998004,sA-eth3,up,1230909696524,netem,39779848,30338,0,0,0,0,0,37014828,6772,0,38248498,7135,0
909,1230927876001,1230929648617,19994234,sA-eth3,up,1230929467606,netem,39779848,30338,0,0,0,0,0,37014828,6772,0,38248498,7135,0
910,1230947882526,1230949664082,20006525,sA-eth3,up,1230949497281,netem,39779848,30338,0,0,0,0,0,37014828,6772,0,38248498,7135,0
911,1230967891860,1230970272662,20009334,sA-eth3,up,1230970098141,netem,39780058,30341,0,0,0,0,0,37022266,6775,0,38248708,7138,0
912,1230987881975,1230989950844,19990115,sA-eth3,up,1230989776422,netem,39780588,30348,0,0,0,0,0,37054584,6782,0,38249238,7145,0
913,1231007874659,1231009814577,19992684,sA-eth3,up,1231009628875,netem,39780916,30352,0,0,0,0,0,37079530,6787,0,38249566,7149,0
914,1231027884094,1231030269785,20009435,sA-eth3,up,1231030071563,netem,39781478,30359,0,0,0,0,0,37117640,6794,0,38250128,7156,0
915,1231047877438,1231049872306,19993344,sA-eth3,up,1231049702634,netem,39781844,30364,0,0,0,0,0,37142586,6799,0,38250494,7161,0
916,1231067884503,1231069855261,20007065,sA-eth3,up,1231069673388,netem,39781844,30364,0,0,0,0,0,37142586,6799,0,38250494,7161,0
917,1231087875767,1231089738984,19991264,sA-eth3,up,1231089541392,netem,39781844,30364,0,0,0,0,0,37142586,6799,0,38250494,7161,0
918,1231107882821,1231109764348,20007054,sA-eth3,up,1231109582747,netem,39781844,30364,0,0,0,0,0,37142586,6799,0,38250494,7161,0
919,1231127887915,1231130129237,20005094,sA-eth3,up,1231129939655,netem,39781844,30364,0,0,0,0,0,37142586,6799,0,38250494,7161,0
920,1231147885471,1231149978630,19997556,sA-eth3,up,1231149806048,netem,39781844,30364,0,0,0,0,0,37142586,6799,0,38250494,7161,0
921,1231167903066,1231169883113,20017595,sA-eth3,up,1231169710182,netem,39781844,30364,0,0,0,0,0,37142586,6799,0,38250494,7161,0
922,1231187881141,1231189721478,19978075,sA-eth3,up,1231189531716,netem,39781844,30364,0,0,0,0,0,37142586,6799,0,38250494,7161,0
923,1231207882545,1231209729802,20001404,sA-eth3,up,1231209547871,netem,39781844,30364,0,0,0,0,0,37142586,6799,0,38250494,7161,0
924,1231227892451,1231229717368,20009906,sA-eth3,up,1231229535696,netem,39781844,30364,0,0,0,0,0,37142586,6799,0,38250494,7161,0
925,1231247880435,1231249710063,19987984,sA-eth3,up,1231249523391,netem,39781844,30364,0,0,0,0,0,37142586,6799,0,38250494,7161,0
926,1231267880331,1231270203143,19999896,sA-eth3,up,1231270023030,netem,39781844,30364,0,0,0,0,0,37142586,6799,0,38250494,7161,0
927,1231287879426,1231289712843,19999095,sA-eth3,up,1231289534121,netem,39781844,30364,0,0,0,0,0,37142586,6799,0,38250494,7161,0
928,1231307883931,1231309928780,20004505,sA-eth3,up,1231309764848,netem,39781844,30364,0,0,0,0,0,37142586,6799,0,38250494,7161,0
929,1231327883266,1231329742693,19999335,sA-eth3,up,1231329557842,netem,39781844,30364,0,0,0,0,0,37142586,6799,0,38250494,7161,0
930,1231347878372,1231350071062,19995106,sA-eth3,up,1231349875360,netem,39781844,30364,0,0,0,0,0,37142586,6799,0,38250494,7161,0
931,1231367878947,1231369775644,20000575,sA-eth3,up,1231369605992,netem,39781844,30364,0,0,0,0,0,37142586,6799,0,38250494,7161,0
932,1231387874921,1231389662118,19995974,sA-eth3,up,1231389496536,netem,39781844,30364,0,0,0,0,0,37142586,6799,0,38250494,7161,0
933,1231407884386,1231409766174,20009465,sA-eth3,up,1231409586762,netem,39781844,30364,0,0,0,0,0,37142586,6799,0,38250494,7161,0
934,1231427886392,1231429707969,20002006,sA-eth3,up,1231429518417,netem,39781844,30364,0,0,0,0,0,37142586,6799,0,38250494,7161,0
935,1231447881266,1231449682613,19994874,sA-eth3,up,1231449510931,netem,39781844,30364,0,0,0,0,0,37142586,6799,0,38250494,7161,0
936,1231467878172,1231470158753,19996906,sA-eth3,up,1231469974761,netem,39781844,30364,0,0,0,0,0,37142586,6799,0,38250494,7161,0
937,1231487872977,1231489965146,19994805,sA-eth3,up,1231489793575,netem,39781844,30364,0,0,0,0,0,37142586,6799,0,38250494,7161,0
938,1231507871372,1231509942531,19998395,sA-eth3,up,1231509777089,netem,39781844,30364,0,0,0,0,0,37142586,6799,0,38250494,7161,0
939,1231527886697,1231529714004,20015325,sA-eth3,up,1231529527982,netem,39781844,30364,0,0,0,0,0,37142586,6799,0,38250494,7161,0
940,1231547888412,1231550075522,20001715,sA-eth3,up,1231549871871,netem,39781844,30364,0,0,0,0,0,37142586,6799,0,38250494,7161,0
941,1231567888947,1231569867815,20000535,sA-eth3,up,1231569694604,netem,39781844,30364,0,0,0,0,0,37142586,6799,0,38250494,7161,0
942,1231587876512,1231589661898,19987565,sA-eth3,up,1231589494597,netem,39781844,30364,0,0,0,0,0,37142586,6799,0,38250494,7161,0
943,1231607891087,1231610547122,20014575,sA-eth3,up,1231610364600,netem,39781844,30364,0,0,0,0,0,37142586,6799,0,38250494,7161,0
944,1231627887122,1231629780580,19996035,sA-eth3,up,1231629579958,netem,39781844,30364,0,0,0,0,0,37142586,6799,0,38250494,7161,0
945,1231647892617,1231649792395,20005495,sA-eth3,up,1231649601663,netem,39781844,30364,0,0,0,0,0,37142586,6799,0,38250494,7161,0
946,1231667885312,1231669771100,19992695,sA-eth3,up,1231669581328,netem,39781844,30364,0,0,0,0,0,37142586,6799,0,38250494,7161,0
947,1231687879127,1231690178248,19993815,sA-eth3,up,1231689983957,netem,39781922,30365,0,0,0,0,0,37144100,6800,0,38250572,7162,0
948,1231707869652,1231710035102,19990525,sA-eth3,up,1231709847141,netem,39781922,30365,0,0,0,0,0,37144100,6800,0,38250572,7162,0
949,1231727895178,1231730182449,20025526,sA-eth3,up,1231729984837,netem,39781922,30365,0,0,0,0,0,37144100,6800,0,38250572,7162,0
950,1231747885633,1231749782251,19990455,sA-eth3,up,1231749594608,netem,39781922,30365,0,0,0,0,0,37144100,6800,0,38250572,7162,0
951,1231767874077,1231769628934,19988444,sA-eth3,up,1231769462082,netem,39781922,30365,0,0,0,0,0,37144100,6800,0,38250572,7162,0
952,1231787875512,1231790095583,20001435,sA-eth3,up,1231789898601,netem,39781922,30365,0,0,0,0,0,37144100,6800,0,38250572,7162,0
953,1231807889528,1231809701325,20014016,sA-eth3,up,1231809519883,netem,39781922,30365,0,0,0,0,0,37144100,6800,0,38250572,7162,0
954,1231827897813,1231830196205,20008285,sA-eth3,up,1231830017782,netem,39781922,30365,0,0,0,0,0,37144100,6800,0,38250572,7162,0
955,1231847880248,1231850239300,19982435,sA-eth3,up,1231850062698,netem,39781922,30365,0,0,0,0,0,37144100,6800,0,38250572,7162,0
956,1231867876783,1231869664270,19996535,sA-eth3,up,1231869491408,netem,39781922,30365,0,0,0,0,0,37144100,6800,0,38250572,7162,0
957,1231887878578,1231890201209,20001795,sA-eth3,up,1231890030328,netem,39781922,30365,0,0,0,0,0,37144100,6800,0,38250572,7162,0
958,1231907875253,1231909832171,19996675,sA-eth3,up,1231909646810,netem,39782740,30376,0,0,0,0,0,37173852,6812,0,38251390,7173,0
959,1231927883588,1231929811676,20008335,sA-eth3,up,1231929621934,netem,39783268,30384,0,0,0,0,0,37220716,6820,0,38251918,7181,0
960,1231947889653,1231950364666,20006065,sA-eth3,up,1231950170444,netem,39783688,30390,0,0,0,0,0,37251520,6826,0,38252338,7187,0
961,1231967887858,1231969747315,19998205,sA-eth3,up,1231969558474,netem,39784300,30398,0,0,0,0,0,37286800,6834,0,38252950,7195,0
962,1231987880134,1231990200985,19992276,sA-eth3,up,1231990021343,netem,39784810,30405,0,0,0,0,0,37327806,6841,0,38253460,7202,0
963,1232007885028,1232010218190,20004894,sA-eth3,up,1232010042488,netem,39785398,30413,0,0,0,66,1,37374736,6850,0,38254114,7211,0
964,1232027885714,1232029767311,20000686,sA-eth3,up,1232029576309,netem,39786010,30421,0,0,0,0,0,37418638,6857,0,38254660,7218,0
965,1232047906248,1232049870837,20020534,sA-eth3,up,1232049669014,netem,39786552,30428,0,0,0,0,0,37469780,6864,0,38255202,7225,0
966,1232067891834,1232070347736,19985586,sA-eth3,up,1232070158905,netem,39787008,30434,0,0,0,0,0,37494726,6869,0,38255658,7231,0
967,1232087880548,1232089971598,19988714,sA-eth3,up,1232089798287,netem,39787416,30440,0,0,0,0,0,37526978,6875,0,38256066,7237,0
968,1232107877884,1232109712861,19997336,sA-eth3,up,1232109529689,netem,39787716,30444,0,0,0,0,0,37550410,6879,0,38256366,7241,0
969,1232127876388,1232129725095,19998504,sA-eth3,up,1232129540564,netem,39787958,30447,0,0,0,78,1,37573842,6883,0,38256686,7245,0
970,1232147886205,1232149789912,20009817,sA-eth3,up,1232149598420,netem,39788510,30455,0,0,0,0,0,37616362,6891,0,38257160,7252,0
971,1232167888190,1232169839748,20001985,sA-eth3,up,1232169655087,netem,39788876,30460,0,0,0,0,0,37639794,6896,0,38257526,7257,0
972,1232187872916,1232190342428,19984726,sA-eth3,up,1232190148227,netem,39789296,30466,0,0,0,0,0,37682314,6903,0,38257946,7263,0
973,1232207880701,1232209994851,20007785,sA-eth3,up,1232209816949,netem,39789770,30473,0,0,0,66,1,37724834,6912,0,38258486,7271,0
974,1232227888897,1232229876346,20008196,sA-eth3,up,1232229702974,netem,39790256,30480,0,0,0,66,1,37765840,6918,0,38258906,7277,0
975,1232247888273,1232249872701,19999376,sA-eth3,up,1232249696529,netem,39790718,30487,0,0,0,0,0,37802502,6925,0,38259368,7284,0
976,1232267876449,1232269807456,19988176,sA-eth3,up,1232269626044,netem,39791030,30491,0,0,0,66,1,37831792,6930,0,38259680,7288,0
977,1232287875555,1232289791362,19999106,sA-eth3,up,1232289603221,netem,39791174,30493,0,0,0,0,0,37837650,6931,0,38259824,7290,0
978,1232307880660,1232310240362,20005105,sA-eth3,up,1232310061730,netem,39791174,30493,0,0,0,0,0,37837650,6931,0,38259824,7290,0
979,1232327886686,1232330091816,20006026,sA-eth3,up,1232329884204,netem,39791174,30493,0,0,0,0,0,37837650,6931,0,38259824,7290,0
980,1232347871771,1232350273294,19985085,sA-eth3,up,1232350087681,netem,39791174,30493,0,0,0,0,0,37837650,6931,0,38259824,7290,0
981,1232367880627,1232369903106,20008856,sA-eth3,up,1232369722894,netem,39791174,30493,0,0,0,0,0,37837650,6931,0,38259824,7290,0
982,1232387881843,1232389872571,20001216,sA-eth3,up,1232389694170,netem,39791174,30493,0,0,0,0,0,37837650,6931,0,38259824,7290,0
983,1232407881549,1232410169690,19999706,sA-eth3,up,1232409981008,netem,39791174,30493,0,0,0,0,0,37837650,6931,0,38259824,7290,0
984,1232427888604,1232429701391,20007055,sA-eth3,up,1232429516470,netem,39791174,30493,0,0,0,0,0,37837650,6931,0,38259824,7290,0
985,1232447877189,1232449657836,19988585,sA-eth3,up,1232449458815,netem,39791174,30493,0,0,0,0,0,37837650,6931,0,38259824,7290,0
986,1232467882735,1232469714372,20005546,sA-eth3,up,1232469528711,netem,39791174,30493,0,0,0,0,0,37837650,6931,0,38259824,7290,0
987,1232487905282,1232490830159,20022547,sA-eth3,up,1232490574297,netem,39791330,30495,0,0,0,0,0,37840678,6933,0,38259980,7292,0
988,1232507885707,1232510421210,19980425,sA-eth3,up,1232510238229,netem,39791894,30503,0,0,0,0,0,37874576,6942,0,38260544,7300,0
989,1232527873453,1232529964803,19987746,sA-eth3,up,1232529786921,netem,39792182,30507,0,0,0,0,0,37898008,6946,0,38260832,7304,0
990,1232547882598,1232550849077,20009145,sA-eth3,up,1232550655664,netem,39792260,30508,0,0,0,0,0,37898008,6946,0,38260910,7305,0
991,1232567885044,1232569915563,20002446,sA-eth3,up,1232569739031,netem,39792260,30508,0,0,0,0,0,37898008,6946,0,38260910,7305,0
992,1232587872380,1232590765547,19987336,sA-eth3,up,1232590577634,netem,39792260,30508,0,0,0,0,0,37898008,6946,0,38260910,7305,0
993,1232607876376,1232610115307,20003996,sA-eth3,up,1232609909265,netem,39792260,30508,0,0,0,0,0,37898008,6946,0,38260910,7305,0
994,1232627894981,1232630503856,20018605,sA-eth3,up,1232630324644,netem,39792260,30508,0,0,0,0,0,37898008,6946,0,38260910,7305,0
995,1232647885497,1232649869935,19990516,sA-eth3,up,1232649669624,netem,39792260,30508,0,0,0,0,0,37898008,6946,0,38260910,7305,0
996,1232667887903,1232669922172,20002406,sA-eth3,up,1232669743220,netem,39792260,30508,0,0,0,0,0,37898008,6946,0,38260910,7305,0
997,1232687884928,1232689907317,19997025,sA-eth3,up,1232689727535,netem,39792260,30508,0,0,0,0,0,37898008,6946,0,38260910,7305,0
998,1232707888475,1232709912133,20003547,sA-eth3,up,1232709735352,netem,39792260,30508,0,0,0,0,0,37898008,6946,0,38260910,7305,0
999,1232727899019,1232729959219,20010544,sA-eth3,up,1232729776887,netem,39792260,30508,0,0,0,0,0,37898008,6946,0,38260910,7305,0
1000,1232747885836,1232750254978,19986817,sA-eth3,up,1232750072006,netem,39792470,30511,0,0,0,78,1,37912818,6951,0,38261198,7309,0
1001,1232767877092,1232769716398,19991256,sA-eth3,up,1232769521697,netem,39792704,30514,0,0,0,0,0,37914332,6952,0,38261354,7311,0
1002,1232787870207,1232790217428,19993115,sA-eth3,up,1232790021447,netem,39792704,30514,0,0,0,0,0,37914332,6952,0,38261354,7311,0
1003,1232807888933,1232810028432,20018726,sA-eth3,up,1232809827291,netem,39792704,30514,0,0,0,0,0,37914332,6952,0,38261354,7311,0
1004,1232827890729,1232830034258,20001796,sA-eth3,up,1232829837617,netem,39792704,30514,0,0,0,0,0,37914332,6952,0,38261354,7311,0
1005,1232847883044,1232850186006,19992315,sA-eth3,up,1232850014203,netem,39792704,30514,0,0,0,0,0,37914332,6952,0,38261354,7311,0
1006,1232867875570,1232870062300,19992526,sA-eth3,up,1232869877168,netem,39792704,30514,0,0,0,0,0,37914332,6952,0,38261354,7311,0
1007,1232887883995,1232890279558,20008425,sA-eth3,up,1232890089396,netem,39792704,30514,0,0,0,0,0,37914332,6952,0,38261354,7311,0
1008,1232907892331,1232910206463,20008336,sA-eth3,up,1232910018661,netem,39792704,30514,0,0,0,0,0,37914332,6952,0,38261354,7311,0
1009,1232927898278,1232930055707,20005947,sA-eth3,up,1232929851225,netem,39792704,30514,0,0,0,0,0,37914332,6952,0,38261354,7311,0
1010,1232947882673,1232950180444,19984395,sA-eth3,up,1232949963732,netem,39792704,30514,0,0,0,0,0,37914332,6952,0,38261354,7311,0
1011,1232967875029,1232970272560,19992356,sA-eth3,up,1232970086479,netem,39792914,30517,0,0,0,0,0,37920322,6955,0,38261564,7314,0
1012,1232987880354,1232989975354,20005325,sA-eth3,up,1232989797832,netem,39793424,30524,0,0,0,0,0,37961394,6963,0,38262074,7321,0
1013,1233007903490,1233009924869,20023136,sA-eth3,up,1233009743357,netem,39793490,30525,0,0,0,0,0,37961394,6963,0,38262140,7322,0
1014,1233027896375,1233029999875,19992885,sA-eth3,up,1233029808513,netem,39793490,30525,0,0,0,0,0,37961394,6963,0,38262140,7322,0
1015,1233047884981,1233050274134,19988606,sA-eth3,up,1233050087051,netem,39793490,30525,0,0,0,0,0,37961394,6963,0,38262140,7322,0
1016,1233067883937,1233069883226,19998956,sA-eth3,up,1233069698244,netem,39793490,30525,0,0,0,0,0,37961394,6963,0,38262140,7322,0
1017,1233087881023,1233090125484,19997086,sA-eth3,up,1233089939213,netem,39793490,30525,0,0,0,0,0,37961394,6963,0,38262140,7322,0
1018,1233107883118,1233109637725,20002095,sA-eth3,up,1233109464292,netem,39793490,30525,0,0,0,0,0,37961394,6963,0,38262140,7322,0
1019,1233127888934,1233129672901,20005816,sA-eth3,up,1233129499099,netem,39793490,30525,0,0,0,0,0,37961394,6963,0,38262140,7322,0
1020,1233147894031,1233149711617,20005097,sA-eth3,up,1233149523046,netem,39793490,30525,0,0,0,0,0,37961394,6963,0,38262140,7322,0
1021,1233167897437,1233169728594,20003406,sA-eth3,up,1233169542972,netem,39793490,30525,0,0,0,0,0,37961394,6963,0,38262140,7322,0
1022,1233187878554,1233190161055,19981117,sA-eth3,up,1233189968333,netem,39793490,30525,0,0,0,0,0,37961394,6963,0,38262140,7322,0
1023,1233207876189,1233210181191,19997635,sA-eth3,up,1233209988169,netem,39793688,30528,0,0,0,0,0,37968832,6966,0,38262338,7325,0
1024,1233227885606,1233230169367,20009417,sA-eth3,up,1233229955586,netem,39794396,30538,0,0,0,0,0,38033270,6977,0,38263046,7335,0
1025,1233247901942,1233250049272,20016336,sA-eth3,up,1233249847741,netem,39795070,30547,0,0,0,132,2,38107844,6988,0,38263786,7345,0
1026,1233267875029,1233269734686,19973087,sA-eth3,up,1233269547694,netem,39795790,30557,0,0,0,78,1,38169188,6996,0,38264440,7354,0
1027,1233287870215,1233290164427,19995186,sA-eth3,up,1233289944494,netem,39796366,30565,0,0,0,0,0,38211586,7003,0,38265016,7362,0
1028,1233307874981,1233310114263,20004766,sA-eth3,up,1233309922660,netem,39796366,30565,0,0,0,0,0,38211586,7003,0,38265016,7362,0
1029,1233327869767,1233329701504,19994786,sA-eth3,up,1233329521943,netem,39796366,30565,0,0,0,0,0,38211586,7003,0,38265016,7362,0
1030,1233347870984,1233349674570,20001217,sA-eth3,up,1233349506439,netem,39796366,30565,0,0,0,0,0,38211586,7003,0,38265016,7362,0
1031,1233367868050,1233369732517,19997066,sA-eth3,up,1233369548756,netem,39796366,30565,0,0,0,0,0,38211586,7003,0,38265016,7362,0
1032,1233387875407,1233389666773,20007357,sA-eth3,up,1233389500462,netem,39796366,30565,0,0,0,0,0,38211586,7003,0,38265016,7362,0
1033,1233407878084,1233409712290,20002677,sA-eth3,up,1233409521248,netem,39796366,30565,0,0,0,0,0,38211586,7003,0,38265016,7362,0
1034,1233427876450,1233429711977,19998366,sA-eth3,up,1233429534034,netem,39796366,30565,0,0,0,0,0,38211586,7003,0,38265016,7362,0
1035,1233447877216,1233449676053,20000766,sA-eth3,up,1233449505181,netem,39796366,30565,0,0,0,0,0,38211586,7003,0,38265016,7362,0
1036,1233467876072,1233469908542,19998856,sA-eth3,up,1233469723900,netem,39796432,30566,0,0,0,0,0,38211676,7004,0,38265082,7363,0
1037,1233487881088,1233489887998,20005016,sA-eth3,up,1233489625545,netem,39797060,30574,0,0,0,78,1,38287698,7015,0,38265710,7371,0
1038,1233507875985,1233510329889,19994897,sA-eth3,up,1233510154966,netem,39797438,30579,0,0,0,0,0,38305206,7017,0,38266088,7376,0
1039,1233527874972,1233530125042,19998987,sA-eth3,up,1233529934450,netem,39797438,30579,0,0,0,0,0,38305206,7017,0,38266088,7376,0
1040,1233547875398,1233549773496,20000426,sA-eth3,up,1233549595614,netem,39797438,30579,0,0,0,0,0,38305206,7017,0,38266088,7376,0
1041,1233567879665,1233569756582,20004267,sA-eth3,up,1233569580970,netem,39797438,30579,0,0,0,0,0,38305206,7017,0,38266088,7376,0
1042,1233587884930,1233589840509,20005265,sA-eth3,up,1233589646007,netem,39797438,30579,0,0,0,0,0,38305206,7017,0,38266088,7376,0
1043,1233607873016,1233609754334,19988086,sA-eth3,up,1233609564723,netem,39797438,30579,0,0,0,0,0,38305206,7017,0,38266088,7376,0
1044,1233627880443,1233629752031,20007427,sA-eth3,up,1233629554739,netem,39797438,30579,0,0,0,0,0,38305206,7017,0,38266088,7376,0
1045,1233647879520,1233650364892,19999077,sA-eth3,up,1233650049950,netem,39827808,30600,0,0,0,30280,2,38305338,7019,0,38295270,7379,0
1046,1233667884896,1233670219118,20005376,sA-eth3,up,1233670028167,netem,40077618,30765,0,0,0,22710,2,38305668,7024,0,38542684,7398,0
1047,1233687884983,1233690033102,20000087,sA-eth3,up,1233689821751,netem,40198738,30845,0,0,0,0,0,38305668,7024,0,38651812,7406,0
1048,1233707874098,1233709895087,19989115,sA-eth3,up,1233709691066,netem,40334998,30935,0,0,0,37928,4,38307248,7026,0,38782792,7416,0
1049,1233727890825,1233730286258,20016727,sA-eth3,up,1233730100006,netem,40509852,31060,0,0,0,0,0,38361616,7038,0,38950914,7439,0
1050,1233747883191,1233750117722,19992366,sA-eth3,up,1233749903281,netem,40581688,31116,0,0,0,68286,6,38424540,7048,0,39019912,7452,0
1051,1233767877298,1233770129409,19994107,sA-eth3,up,1233769921687,netem,40836508,31290,0,0,0,104724,9,38466928,7054,0,39264634,7473,0
1052,1233787880614,1233789977364,20003316,sA-eth3,up,1233789801692,netem,41053982,31445,0,0,0,24224,2,38522678,7065,0,39473726,7502,0
1053,1233807898601,1233809826819,20017987,sA-eth3,up,1233809629348,netem,41247142,31583,0,0,0,12112,1,38577046,7077,0,39659626,7529,0
1054,1233827895748,1233829835805,19997147,sA-eth3,up,1233829645923,netem,41482400,31746,0,0,0,30346,3,38626872,7086,0,39885776,7556,0
1055,1233847879233,1233849851592,19983485,sA-eth3,up,1233849650050,netem,41740344,31924,0,0,0,30346,3,38673802,7095,0,40133754,7581,0
1056,1233867883430,1233869774557,20004197,sA-eth3,up,1233869575506,netem,41990706,32097,0,0,0,5056,1,38706054,7101,0,40379272,7608,0
1057,1233887884037,1233889813014,20000607,sA-eth3,up,1233889615442,netem,41995762,32101,0,0,0,0,0,38706120,7102,0,40379272,7608,0
1058,1233907889783,1233909912161,20005746,sA-eth3,up,1233909721910,netem,41995762,32101,0,0,0,0,0,38706120,7102,0,40379272,7608,0
1059,1233927880629,1233929899028,19990846,sA-eth3,up,1233929725576,netem,41995762,32101,0,0,0,0,0,38706186,7103,0,40379272,7608,0
1060,1233947893146,1233949867044,20012517,sA-eth3,up,1233949665902,netem,41995762,32101,0,0,0,0,0,38706186,7103,0,40379272,7608,0
1061,1233967879151,1233970274794,19986005,sA-eth3,up,1233970100312,netem,41995762,32101,0,0,0,0,0,38706186,7103,0,40379272,7608,0
1062,1233987880818,1233990115019,20001667,sA-eth3,up,1233989931958,netem,41995762,32101,0,0,0,0,0,38706186,7103,0,40379272,7608,0
1063,1234007879165,1234009750622,19998347,sA-eth3,up,1234009564660,netem,41995762,32101,0,0,0,0,0,38706186,7103,0,40379272,7608,0
1064,1234027871751,1234029658067,19992586,sA-eth3,up,1234029488865,netem,41995762,32101,0,0,0,0,0,38706186,7103,0,40379272,7608,0
1065,1234047894808,1234049715825,20023057,sA-eth3,up,1234049531292,netem,41995762,32101,0,0,0,0,0,38706186,7103,0,40379272,7608,0
1066,1234067879403,1234069648770,19984595,sA-eth3,up,1234069487628,netem,41995762,32101,0,0,0,0,0,38706186,7103,0,40379272,7608,0
1067,1234087880190,1234089739747,20000787,sA-eth3,up,1234089563865,netem,41996128,32106,0,0,0,0,0,38722510,7109,0,40379638,7613,0
1068,1234107877016,1234109671753,19996826,sA-eth3,up,1234109503952,netem,41996848,32116,0,0,0,66,1,38766610,7119,0,40380424,7624,0
1069,1234127876502,1234129765410,19999486,sA-eth3,up,1234129590289,netem,41997466,32125,0,0,0,0,0,38820846,7129,0,40380976,7632,0
1070,1234147875349,1234150237022,19998847,sA-eth3,up,1234150053020,netem,41998126,32135,0,0,0,0,0,38873568,7138,0,40381636,7642,0
1071,1234167882157,1234169853885,20006808,sA-eth3,up,1234169652413,netem,41998756,32144,0,0,0,0,0,38927804,7148,0,40382266,7651,0
1072,1234187877994,1234189900013,19995837,sA-eth3,up,1234189658210,netem,41999308,32152,0,0,0,66,1,38980592,7158,0,40382884,7660,0
1073,1234207892141,1234209828679,20014147,sA-eth3,up,1234209600727,netem,41999980,32162,0,0,0,0,0,39030418,7167,0,40383490,7669,0
1074,1234227873147,1234229768006,19981006,sA-eth3,up,1234229528183,netem,42000436,32168,0,0,0,0,0,39065566,7173,0,40383946,7675,0
1075,1234247900305,1234250275927,20027158,sA-eth3,up,1234250018145,netem,42001024,32176,0,0,0,66,1,39119802,7183,0,40384534,7684,0
1076,1234267890011,1234269771930,19989706,sA-eth3,up,1234269571297,netem,42001810,32187,0,0,0,78,1,39169760,7194,0,40385398,7695,0
1077,1234287888419,1234289796086,19998408,sA-eth3,up,1234289576455,netem,42002640,32198,0,0,0,66,1,39241438,7205,0,40386150,7705,0
1078,1234307886796,1234309825415,19998377,sA-eth3,up,1234309569311,netem,42003224,32206,0,0,0,78,1,39298504,7214,0,40386734,7713,0
1079,1234327880973,1234329840851,19994177,sA-eth3,up,1234329634709,netem,42004040,32218,0,0,0,78,1,39407896,7226,0,40387550,7725,0
1080,1234347899759,1234349897299,20018786,sA-eth3,up,1234349712726,netem,42004916,32230,0,0,0,0,0,39517288,7238,0,40388426,7737,0
1081,1234367881727,1234369725914,19981968,sA-eth3,up,1234369536663,netem,42005528,32238,0,0,0,0,0,39578830,7249,0,40389038,7745,0
1082,1234387885604,1234389778412,20003877,sA-eth3,up,1234389520509,netem,42006428,32250,0,0,0,78,1,39681048,7262,0,40389938,7757,0
1083,1234407893372,1234410291133,20007768,sA-eth3,up,1234410098772,netem,42007420,32262,0,0,0,78,1,39787610,7275,0,40391008,7770,0
1084,1234427890238,1234430256650,19996866,sA-eth3,up,1234430074278,netem,42008384,32274,0,0,0,0,0,39866660,7288,0,40391894,7781,0
1085,1234447886285,1234450222627,19996047,sA-eth3,up,1234450042446,netem,42009008,32282,0,0,0,86,1,39933796,7296,0,40392604,7790,0
1086,1234467885023,1234469713830,19998738,sA-eth3,up,1234469528847,netem,42009722,32291,0,0,0,86,1,40012582,7305,0,40393232,7798,0
1087,1234487908589,1234490353642,20023566,sA-eth3,up,1234490151070,netem,42010448,32300,0,0,0,0,0,40073992,7314,0,40393958,7807,0
1088,1234507883376,1234510156978,19974787,sA-eth3,up,1234509955696,netem,42011222,32311,0,0,0,66,1,40161598,7325,0,40394798,7819,0
1089,1234527880203,1234529950043,19996827,sA-eth3,up,1234529775981,netem,42011872,32320,0,0,0,0,0,40231630,7333,0,40395382,7827,0
1090,1234547876200,1234549760168,19995997,sA-eth3,up,1234549573256,netem,42012490,32329,0,0,0,0,0,40306072,7342,0,40396000,7836,0
1091,1234567877807,1234570247159,20001607,sA-eth3,up,1234570066488,netem,42013040,32336,0,0,0,86,1,40367416,7351,0,40396550,7843,0
1092,1234587884464,1234590085975,20006657,sA-eth3,up,1234589882053,netem,42013906,32347,0,0,0,0,0,40433236,7360,0,40397416,7854,0
1093,1234607874522,1234610000521,19990058,sA-eth3,up,1234609822609,netem,42014378,32353,0,0,0,78,1,40494514,7367,0,40397888,7860,0
1094,1234627874138,1234630336351,19999616,sA-eth3,up,1234630156010,netem,42014612,32356,0,0,0,0,0,40496028,7368,0,40398122,7863,0
1095,1234647877685,1234649935844,20003547,sA-eth3,up,1234649764773,netem,42014612,32356,0,0,0,0,0,40496028,7368,0,40398122,7863,0
1096,1234667883862,1234669789821,20006177,sA-eth3,up,1234669607699,netem,42014612,32356,0,0,0,0,0,40496028,7368,0,40398122,7863,0
1097,1234687874939,1234689869638,19991077,sA-eth3,up,1234689705516,netem,42014612,32356,0,0,0,0,0,40496028,7368,0,40398122,7863,0
1098,1234707868076,1234709841675,19993137,sA-eth3,up,1234709667533,netem,42014612,32356,0,0,0,0,0,40496028,7368,0,40398122,7863,0
1099,1234727872204,1234729812891,20004128,sA-eth3,up,1234729632620,netem,42014612,32356,0,0,0,0,0,40496028,7368,0,40398122,7863,0
1100,1234747869030,1234750221643,19996826,sA-eth3,up,1234750039880,netem,42014612,32356,0,0,0,0,0,40496028,7368,0,40398122,7863,0
1101,1234767882178,1234769887836,20013148,sA-eth3,up,1234769698475,netem,42014612,32356,0,0,0,0,0,40496028,7368,0,40398122,7863,0
1102,1234787872504,1234789725441,19990326,sA-eth3,up,1234789536350,netem,42014612,32356,0,0,0,0,0,40496028,7368,0,40398122,7863,0
1103,1234807878392,1234809722529,20005888,sA-eth3,up,1234809536987,netem,42014612,32356,0,0,0,0,0,40496028,7368,0,40398122,7863,0
1104,1234827879168,1234829808067,20000776,sA-eth3,up,1234829622855,netem,42014690,32357,0,0,0,0,0,40497542,7369,0,40398200,7864,0
1105,1234847876416,1234849929964,19997248,sA-eth3,up,1234849758433,netem,42015398,32367,0,0,0,78,1,40591072,7382,0,40398986,7875,0
1106,1234867876233,1234870169914,19999817,sA-eth3,up,1234869988232,netem,42016166,32377,0,0,0,0,0,40665514,7391,0,40399676,7884,0
1107,1234887875710,1234889743157,19999477,sA-eth3,up,1234889566056,netem,42016790,32385,0,0,0,0,0,40718104,7398,0,40400300,7892,0
1108,1234907877487,1234909700354,20001777,sA-eth3,up,1234909522152,netem,42017176,32390,0,0,0,0,0,40761874,7403,0,40400686,7897,0
1109,1234927880304,1234929896712,20002817,sA-eth3,up,1234929724871,netem,42017796,32398,0,0,0,30280,2,40814398,7409,0,40401306,7905,0
1110,1234947873511,1234949645387,19993207,sA-eth3,up,1234949480596,netem,42256080,32562,0,0,0,68302,6,40869426,7431,0,40647812,7930,0
1111,1234967872558,1234969643995,19999047,sA-eth3,up,1234969475412,netem,42491632,32728,0,0,0,19748,3,40920700,7440,0,40856860,7958,0
1112,1234987872045,1234990126045,19999487,sA-eth3,up,1234989938714,netem,42693690,32871,0,0,0,37916,4,41004028,7453,0,41065874,7987,0
1113,1235007881402,1235009813020,20009357,sA-eth3,up,1235009621828,netem,42936734,33041,0,0,0,30444,4,41078602,7463,0,41299644,8016,0
1114,1235027890729,1235030084529,20009327,sA-eth3,up,1235029875158,netem,43194896,33222,0,0,0,30358,3,41161930,7475,0,41533130,8043,0
1115,1235047884566,1235050262618,19993837,sA-eth3,up,1235050083327,netem,43445582,33399,0,0,0,22776,3,41235254,7489,0,41774114,8073,0
1116,1235067879003,1235069904872,19994437,sA-eth3,up,1235069733690,netem,43691510,33571,0,0,0,42458,4,41301866,7511,0,42010472,8100,0
1117,1235087873480,1235090297323,19994477,sA-eth3,up,1235090119761,netem,43946462,33747,0,0,0,50040,4,41361502,7537,0,42255590,8127,0
1118,1235107886667,1235109871176,20013187,sA-eth3,up,1235109696484,netem,44191940,33912,0,0,0,24894,4,41391452,7552,0,42491498,8147,0
1119,1235127874905,1235130073205,19988238,sA-eth3,up,1235129865083,netem,44217780,33938,0,0,0,78,1,41442726,7561,0,42516348,8158,0
1120,1235147880092,1235149749519,20005187,sA-eth3,up,1235149554327,netem,44218232,33944,0,0,0,0,0,41486562,7567,0,42516800,8164,0
1121,1235167884170,1235169770217,20004078,sA-eth3,up,1235169586085,netem,44218892,33954,0,0,0,66,1,41566928,7578,0,42517526,8175,0
1122,1235187879857,1235190447971,19995687,sA-eth3,up,1235190274859,netem,44219456,33962,0,0,0,66,1,41625376,7586,0,42518090,8183,0
1123,1235207875084,1235209816593,19995227,sA-eth3,up,1235209635141,netem,44220110,33971,0,0,0,0,0,41676518,7593,0,42518678,8191,0
1124,1235227879452,1235230059452,20004368,sA-eth3,up,1235229847521,netem,44220716,33980,0,0,0,0,0,41749578,7603,0,42519284,8200,0
1125,1235247890670,1235249803348,20011218,sA-eth3,up,1235249620166,netem,44220860,33982,0,0,0,0,0,41756884,7604,0,42519428,8202,0
1126,1235267871827,1235270139089,19981157,sA-eth3,up,1235269943697,netem,44220860,33982,0,0,0,0,0,41756884,7604,0,42519428,8202,0
1127,1235287879226,1235289706123,20007399,sA-eth3,up,1235289525520,netem,44220860,33982,0,0,0,0,0,41756884,7604,0,42519428,8202,0
1128,1235307875953,1235309710990,19996727,sA-eth3,up,1235309524798,netem,44220860,33982,0,0,0,0,0,41756884,7604,0,42519428,8202,0
1129,1235327880371,1235329814009,20004418,sA-eth3,up,1235329571147,netem,44220860,33982,0,0,0,0,0,41756884,7604,0,42519428,8202,0
1130,1235347891348,1235350195290,20010977,sA-eth3,up,1235349998358,netem,44222374,33983,0,0,0,0,0,41756962,7605,0,42520942,8203,0
1131,1235367888116,1235369786455,19996768,sA-eth3,up,1235369602322,netem,44222374,33983,0,0,0,0,0,41756962,7605,0,42520942,8203,0
1132,1235387880643,1235389752911,19992527,sA-eth3,up,1235389570189,netem,44222374,33983,0,0,0,0,0,41756962,7605,0,42520942,8203,0
1133,1235407915232,1235409859350,20034589,sA-eth3,up,1235409654768,netem,44222374,33983,0,0,0,0,0,41756962,7605,0,42520942,8203,0
1134,1235427902919,1235429844527,19987687,sA-eth3,up,1235429655196,netem,44222374,33983,0,0,0,0,0,41756962,7605,0,42520942,8203,0
1135,1235447899167,1235449843805,19996248,sA-eth3,up,1235449647804,netem,44222374,33983,0,0,0,0,0,41756962,7605,0,42520942,8203,0
1136,1235467880634,1235470201676,19981467,sA-eth3,up,1235470016704,netem,44222374,33983,0,0,0,0,0,41756962,7605,0,42520942,8203,0
1137,1235487888572,1235490272055,20007938,sA-eth3,up,1235490091993,netem,44222374,33983,0,0,0,0,0,41756962,7605,0,42520942,8203,0
1138,1235507896330,1235510079030,20007758,sA-eth3,up,1235509872529,netem,44222374,33983,0,0,0,0,0,41756962,7605,0,42520942,8203,0
1139,1235527878878,1235530075689,19982548,sA-eth3,up,1235529886856,netem,44222374,33983,0,0,0,0,0,41756962,7605,0,42520942,8203,0
1140,1235547885006,1235550039696,20006128,sA-eth3,up,1235549847714,netem,44222374,33983,0,0,0,0,0,41756962,7605,0,42520942,8203,0
1141,1235567886252,1235569870711,20001246,sA-eth3,up,1235569696670,netem,44222374,33983,0,0,0,0,0,41756962,7605,0,42520942,8203,0
1142,1235587899531,1235589845649,20013279,sA-eth3,up,1235589638647,netem,44222374,33983,0,0,0,0,0,41756962,7605,0,42520942,8203,0
1143,1235607880948,1235610182150,19981417,sA-eth3,up,1235610014378,netem,44222374,33983,0,0,0,0,0,41756962,7605,0,42520942,8203,0
1144,1235627873476,1235629763843,19992528,sA-eth3,up,1235629588632,netem,44222374,33983,0,0,0,0,0,41756962,7605,0,42520942,8203,0
1145,1235647875224,1235649793322,20001748,sA-eth3,up,1235649615740,netem,44222374,33983,0,0,0,0,0,41756962,7605,0,42520942,8203,0
1146,1235667872011,1235669668788,19996787,sA-eth3,up,1235669507726,netem,44222374,33983,0,0,0,0,0,41756962,7605,0,42520942,8203,0
1147,1235687878480,1235690170991,20006469,sA-eth3,up,1235689990659,netem,44222374,33983,0,0,0,0,0,41756962,7605,0,42520942,8203,0
1148,1235707873136,1235709641553,19994656,sA-eth3,up,1235709471981,netem,44222374,33983,0,0,0,0,0,41756962,7605,0,42520942,8203,0
1149,1235727869585,1235730110285,19996449,sA-eth3,up,1235729914483,netem,44222374,33983,0,0,0,0,0,41756962,7605,0,42520942,8203,0
1150,1235747872592,1235749654499,20003007,sA-eth3,up,1235749494517,netem,44222374,33983,0,0,0,0,0,41756962,7605,0,42520942,8203,0
1151,1235767890270,1235769832298,20017678,sA-eth3,up,1235769658806,netem,44222374,33983,0,0,0,0,0,41756962,7605,0,42520942,8203,0
1152,1235787873817,1235790615233,19983547,sA-eth3,up,1235790448671,netem,44222374,33983,0,0,0,0,0,41756962,7605,0,42520942,8203,0
1153,1235807866445,1235810186367,19992628,sA-eth3,up,1235809991854,netem,44222374,33983,0,0,0,0,0,41756962,7605,0,42520942,8203,0
1154,1235827875692,1235830043864,20009247,sA-eth3,up,1235829861191,netem,44222374,33983,0,0,0,0,0,41756962,7605,0,42520942,8203,0
1155,1235847880861,1235849858609,20005169,sA-eth3,up,1235849692678,netem,44222374,33983,0,0,0,0,0,41756962,7605,0,42520942,8203,0
1156,1235867874388,1235869773106,19993527,sA-eth3,up,1235869595324,netem,44222374,33983,0,0,0,0,0,41756962,7605,0,42520942,8203,0
1157,1235887877056,1235889864984,20002668,sA-eth3,up,1235889687753,netem,44222374,33983,0,0,0,0,0,41756962,7605,0,42520942,8203,0
1158,1235907876323,1235909754350,19999267,sA-eth3,up,1235909584240,netem,44222374,33983,0,0,0,0,0,41756962,7605,0,42520942,8203,0
1159,1235927875451,1235929662668,19999128,sA-eth3,up,1235929500956,netem,44222374,33983,0,0,0,0,0,41756962,7605,0,42520942,8203,0
1160,1235947884498,1235949820577,20009047,sA-eth3,up,1235949630795,netem,44222374,33983,0,0,0,0,0,41756962,7605,0,42520942,8203,0
1161,1235967877916,1235970232629,19993418,sA-eth3,up,1235970054487,netem,44222374,33983,0,0,0,0,0,41756962,7605,0,42520942,8203,0
1162,1235987881074,1235989751312,20003158,sA-eth3,up,1235989548631,netem,44222374,33983,0,0,0,0,0,41756962,7605,0,42520942,8203,0
1163,1236007883312,1236010038962,20002238,sA-eth3,up,1236009850490,netem,44222374,33983,0,0,0,0,0,41756962,7605,0,42520942,8203,0
1164,1236027882369,1236029721146,19999057,sA-eth3,up,1236029543806,netem,44222374,33983,0,0,0,0,0,41756962,7605,0,42520942,8203,0
1165,1236047880077,1236049723735,19997708,sA-eth3,up,1236049540483,netem,44222374,33983,0,0,0,0,0,41756962,7605,0,42520942,8203,0
1166,1236067883816,1236069722763,20003739,sA-eth3,up,1236069519880,netem,44222374,33983,0,0,0,0,0,41756962,7605,0,42520942,8203,0
1167,1236087887233,1236089895631,20003417,sA-eth3,up,1236089696670,netem,44222374,33983,0,0,0,0,0,41756962,7605,0,42520942,8203,0
1168,1236107884361,1236110305823,19997128,sA-eth3,up,1236110132962,netem,44222374,33983,0,0,0,0,0,41756962,7605,0,42520942,8203,0
1169,1236127877388,1236130490473,19993027,sA-eth3,up,1236130318650,netem,44222374,33983,0,0,0,0,0,41756962,7605,0,42520942,8203,0
1170,1236147876216,1236150076297,19998828,sA-eth3,up,1236149887715,netem,44222374,33983,0,0,0,0,0,41756962,7605,0,42520942,8203,0
1171,1236167884594,1236169761042,20008378,sA-eth3,up,1236169578620,netem,44222374,33983,0,0,0,0,0,41756962,7605,0,42520942,8203,0
1172,1236187881823,1236189804481,19997229,sA-eth3,up,1236189608729,netem,44222374,33983,0,0,0,0,0,41756962,7605,0,42520942,8203,0
1173,1236207879231,1236209799949,19997408,sA-eth3,up,1236209617348,netem,44222374,33983,0,0,0,0,0,41756962,7605,0,42520942,8203,0
1174,1236227879429,1236229697836,20000198,sA-eth3,up,1236229520415,netem,44222374,33983,0,0,0,0,0,41756962,7605,0,42520942,8203,0
1175,1236247881397,1236250271870,20001968,sA-eth3,up,1236250098068,netem,44222374,33983,0,0,0,0,0,41756962,7605,0,42520942,8203,0
1176,1236267892006,1236270040256,20010609,sA-eth3,up,1236269846454,netem,44222374,33983,0,0,0,0,0,41756962,7605,0,42520942,8203,0
1177,1236287877805,1236289904574,19985799,sA-eth3,up,1236289733521,netem,44222374,33983,0,0,0,0,0,41756962,7605,0,42520942,8203,0
1178,1236307878032,1236309958462,20000227,sA-eth3,up,1236309755241,netem,44222374,33983,0,0,0,0,0,41756962,7605,0,42520942,8203,0
1179,1236327875910,1236330190443,19997878,sA-eth3,up,1236330017451,netem,44222374,33983,0,0,0,0,0,41756962,7605,0,42520942,8203,0
1180,1236347898679,1236350244822,20022769,sA-eth3,up,1236350061209,netem,44222374,33983,0,0,0,0,0,41756962,7605,0,42520942,8203,0
1181,1236367882988,1236369920737,19984309,sA-eth3,up,1236369753255,netem,44222374,33983,0,0,0,0,0,41756962,7605,0,42520942,8203,0
1182,1236387889355,1236389761933,20006367,sA-eth3,up,1236389581282,netem,44222374,33983,0,0,0,0,0,41756962,7605,0,42520942,8203,0
1183,1236407877865,1236409867853,19988510,sA-eth3,up,1236409697422,netem,44222374,33983,0,0,0,0,0,41756962,7605,0,42520942,8203,0
1184,1236427895122,1236429828911,20017257,sA-eth3,up,1236429641819,netem,44222374,33983,0,0,0,0,0,41756962,7605,0,42520942,8203,0
1185,1236447896731,1236449816589,20001609,sA-eth3,up,1236449630657,netem,44222374,33983,0,0,0,0,0,41756962,7605,0,42520942,8203,0
1186,1236467890419,1236470221171,19993688,sA-eth3,up,1236470045330,netem,44222374,33983,0,0,0,0,0,41756962,7605,0,42520942,8203,0
1187,1236487887448,1236489791715,19997029,sA-eth3,up,1236489603704,netem,44222374,33983,0,0,0,0,0,41756962,7605,0,42520942,8203,0
1188,1236507889156,1236509993966,20001708,sA-eth3,up,1236509826824,netem,44222374,33983,0,0,0,0,0,41756962,7605,0,42520942,8203,0
1189,1236527875564,1236529742682,19986408,sA-eth3,up,1236529564940,netem,44222374,33983,0,0,0,0,0,41756962,7605,0,42520942,8203,0
1190,1236547885992,1236549779331,20010428,sA-eth3,up,1236549582019,netem,44222374,33983,0,0,0,0,0,41756962,7605,0,42520942,8203,0
1191,1236567885881,1236569687258,19999889,sA-eth3,up,1236569511927,netem,44222374,33983,0,0,0,0,0,41756962,7605,0,42520942,8203,0
1192,1236587893759,1236589875498,20007878,sA-eth3,up,1236589709186,netem,44222374,33983,0,0,0,0,0,41756962,7605,0,42520942,8203,0
1193,1236607884568,1236610343191,19990809,sA-eth3,up,1236610164919,netem,44222374,33983,0,0,0,0,0,41756962,7605,0,42520942,8203,0
1194,1236627893656,1236630019316,20009088,sA-eth3,up,1236629729082,netem,44222374,33983,0,0,0,0,0,41756962,7605,0,42520942,8203,0
1195,1236647883654,1236649996744,19989998,sA-eth3,up,1236649821373,netem,44222374,33983,0,0,0,0,0,41756962,7605,0,42520942,8203,0
1196,1236667894853,1236669833441,20011199,sA-eth3,up,1236669608289,netem,44222374,33983,0,0,0,0,0,41756962,7605,0,42520942,8203,0
1197,1236687884831,1236690709527,19989978,sA-eth3,up,1236690482126,netem,44222374,33983,0,0,0,0,0,41756962,7605,0,42520942,8203,0
1198,1236707885489,1236710131971,20000658,sA-eth3,up,1236709941329,netem,44222374,33983,0,0,0,0,0,41756962,7605,0,42520942,8203,0
1199,1236727882807,1236730238220,19997318,sA-eth3,up,1236730041387,netem,44222596,33986,0,0,0,0,0,41764400,7608,0,42521164,8206,0
1200,1236747875296,1236749892335,19992489,sA-eth3,up,1236749716263,netem,44223458,33997,0,0,0,0,0,41810080,7620,0,42522026,8217,0
1201,1236767885995,1236770087125,20010699,sA-eth3,up,1236769882904,netem,44224190,34007,0,0,0,0,0,41867212,7630,0,42522758,8227,0
1202,1236787890143,1236790032053,20004148,sA-eth3,up,1236789800870,netem,44224852,34016,0,0,0,0,0,41932966,7639,0,42523420,8236,0
1203,1236807887070,1236809900779,19996927,sA-eth3,up,1236809707749,netem,44225638,34027,0,0,0,78,1,42009120,7652,0,42524206,8247,0
1204,1236827888889,1236830284782,20001819,sA-eth3,up,1236830099249,netem,44226226,34035,0,0,0,66,1,42045716,7658,0,42524794,8255,0
1205,1236847890487,1236850051838,20001598,sA-eth3,up,1236849850346,netem,44227078,34047,0,0,0,0,0,42118974,7671,0,42525646,8267,0
1206,1236867887646,1236869980896,19997159,sA-eth3,up,1236869796154,netem,44227702,34055,0,0,0,0,0,42168734,7679,0,42526270,8275,0
1207,1236887885804,1236890282397,19998158,sA-eth3,up,1236890093395,netem,44227936,34058,0,0,0,0,0,42174658,7681,0,42526504,8278,0
1208,1236907876342,1236910222145,19990538,sA-eth3,up,1236910035653,netem,44227936,34058,0,0,0,0,0,42174658,7681,0,42526504,8278,0
1209,1236927890191,1236929977030,20013849,sA-eth3,up,1236929716238,netem,44227936,34058,0,0,0,0,0,42174658,7681,0,42526504,8278,0
1210,1236947890759,1236949833597,20000568,sA-eth3,up,1236949642415,netem,44227936,34058,0,0,0,0,0,42174658,7681,0,42526504,8278,0
1211,1236967886768,1236970217129,19996009,sA-eth3,up,1236970036838,netem,44227936,34058,0,0,0,0,0,42174658,7681,0,42526504,8278,0
1212,1236987890645,1236989898125,20003877,sA-eth3,up,1236989645342,netem,44227936,34058,0,0,0,0,0,42174658,7681,0,42526504,8278,0
1213,1237007879914,1237010119376,19989269,sA-eth3,up,1237009922243,netem,44227936,34058,0,0,0,0,0,42174658,7681,0,42526504,8278,0
1214,1237027902613,1237029988232,20022699,sA-eth3,up,1237029795941,netem,44227936,34058,0,0,0,0,0,42174658,7681,0,42526504,8278,0
1215,1237047874821,1237049902960,19972208,sA-eth3,up,1237049695928,netem,44227936,34058,0,0,0,0,0,42174658,7681,0,42526504,8278,0
1216,1237067884318,1237069834477,20009497,sA-eth3,up,1237069639926,netem,44227936,34058,0,0,0,0,0,42174658,7681,0,42526504,8278,0
1217,1237087892707,1237089790285,20008389,sA-eth3,up,1237089593234,netem,44228146,34061,0,0,0,0,0,42182096,7684,0,42526714,8281,0
1218,1237107901945,1237110339469,20009238,sA-eth3,up,1237110137698,netem,44229082,34075,0,0,0,0,0,42261212,7698,0,42527650,8295,0
1219,1237127881494,1237129974604,19979549,sA-eth3,up,1237129796813,netem,44229706,34083,0,0,0,86,1,42321240,7708,0,42528360,8304,0
1220,1237147892113,1237149980682,20010619,sA-eth3,up,1237149795381,netem,44230606,34095,0,0,0,78,1,42419048,7720,0,42529252,8316,0
1221,1237167876752,1237170199613,19984639,sA-eth3,up,1237170020142,netem,44231378,34105,0,0,0,0,0,42483552,7732,0,42529946,8325,0
1222,1237187888561,1237190239454,20011809,sA-eth3,up,1237190043771,netem,44232224,34116,0,0,0,78,1,42562734,7747,0,42530870,8337,0
1223,1237207887070,1237209780688,19998509,sA-eth3,up,1237209587826,netem,44233102,34127,0,0,0,86,1,42618352,7757,0,42531756,8348,0
1224,1237227884989,1237229693396,19997919,sA-eth3,up,1237229506404,netem,44234034,34139,0,0,0,0,0,42719188,7770,0,42532602,8359,0
1225,1237247886168,1237249781706,20001179,sA-eth3,up,1237249596644,netem,44234898,34151,0,0,0,78,1,42811138,7781,0,42533466,8371,0
1226,1237267891717,1237269787425,20005549,sA-eth3,up,1237269598603,netem,44235742,34161,0,0,0,0,0,42897296,7792,0,42534310,8381,0
1227,1237287883786,1237289872054,19992069,sA-eth3,up,1237289662063,netem,44236544,34172,0,0,0,86,1,42984902,7803,0,42535112,8392,0
1228,1237307879205,1237309786263,19995419,sA-eth3,up,1237309598191,netem,44237690,34187,0,0,0,0,0,43074220,7818,0,42536258,8407,0
1229,1237327886813,1237329827472,20007608,sA-eth3,up,1237329632991,netem,44238164,34194,0,0,0,0,0,43110750,7823,0,42536732,8414,0
1230,1237347890583,1237350383097,20003770,sA-eth3,up,1237350164024,netem,44238164,34194,0,0,0,0,0,43110750,7823,0,42536732,8414,0
1231,1237367893582,1237369843760,20002999,sA-eth3,up,1237369654388,netem,44238164,34194,0,0,0,0,0,43110750,7823,0,42536732,8414,0
1232,1237387881891,1237389761258,19988309,sA-eth3,up,1237389539587,netem,44238164,34194,0,0,0,0,0,43110750,7823,0,42536732,8414,0
1233,1237407886859,1237409734767,20004968,sA-eth3,up,1237409548415,netem,44238164,34194,0,0,0,0,0,43110750,7823,0,42536732,8414,0
1234,1237427896469,1237430218691,20009610,sA-eth3,up,1237430040339,netem,44238164,34194,0,0,0,0,0,43110750,7823,0,42536732,8414,0
1235,1237447889378,1237449851176,19992909,sA-eth3,up,1237449660774,netem,44238164,34194,0,0,0,0,0,43110750,7823,0,42536732,8414,0
1236,1237467876986,1237469797715,19987608,sA-eth3,up,1237469611334,netem,44238164,34194,0,0,0,0,0,43110750,7823,0,42536732,8414,0
1237,1237487883266,1237489863994,20006280,sA-eth3,up,1237489687203,netem,44238164,34194,0,0,0,0,0,43110750,7823,0,42536732,8414,0
1238,1237507891004,1237509863453,20007738,sA-eth3,up,1237509665732,netem,44238164,34194,0,0,0,0,0,43110750,7823,0,42536732,8414,0
1239,1237527892924,1237530722511,20001920,sA-eth3,up,1237530458098,netem,44238164,34194,0,0,0,16744,2,43110750,7823,0,42536822,8415,0
1240,1237547882812,1237549948232,19989888,sA-eth3,up,1237549673049,netem,44474660,34354,0,0,0,34822,2,43123390,7839,0,42764054,8435,0
1241,1237567877132,1237569749069,19994320,sA-eth3,up,1237569557618,netem,44724470,34519,0,0,0,37850,3,43124314,7853,0,43004096,8452,0
1242,1237587886990,1237589946600,20009858,sA-eth3,up,1237589714397,netem,44972766,34683,0,0,0,43906,4,43125172,7866,0,43242756,8470,0
1243,1237607881330,1237609781147,19994340,sA-eth3,up,1237609588935,netem,45224090,34849,0,0,0,30280,2,43126426,7885,0,43484444,8490,0
1244,1237627884048,1237630153090,20002718,sA-eth3,up,1237629961338,netem,45467844,35010,0,0,0,43906,3,43127086,7895,0,43731792,8508,0
1245,1237647884707,1237649754215,20000659,sA-eth3,up,1237649562723,netem,45716140,35174,0,0,0,37850,3,43128010,7909,0,43971900,8526,0
1246,1237667926627,1237669971626,20041920,sA-eth3,up,1237669727573,netem,45973520,35344,0,0,0,30280,2,43128934,7923,0,44204702,8543,0
1247,1237687893425,1237689864624,19966798,sA-eth3,up,1237689586251,netem,46217274,35505,0,0,0,68130,4,43129924,7938,0,44452050,8561,0
1248,1237707880505,1237710175146,19987080,sA-eth3,up,1237709973165,netem,46431262,35647,0,0,0,0,0,43130650,7949,0,44644624,8576,0
1249,1237727893453,1237729837861,20012948,sA-eth3,up,1237729633880,netem,46431262,35647,0,0,0,0,0,43130650,7949,0,44644624,8576,0
1250,1237747886071,1237749799860,19992618,sA-eth3,up,1237749611958,netem,46431262,35647,0,0,0,0,0,43130650,7949,0,44644624,8576,0
1251,1237767883451,1237769775929,19997380,sA-eth3,up,1237769583317,netem,46431616,35652,0,0,0,0,0,43160072,7956,0,44644978,8581,0
1252,1237787891720,1237789797098,20008269,sA-eth3,up,1237789606997,netem,46432738,35667,0,0,0,66,1,43243598,7971,0,44646166,8597,0
1253,1237807883999,1237809787827,19992279,sA-eth3,up,1237809519295,netem,46433566,35679,0,0,0,66,1,43323964,7982,0,44646928,8608,0
1254,1237827880078,1237829725916,19996079,sA-eth3,up,1237829537664,netem,46434022,35685,0,0,0,132,2,43382412,7990,0,44647450,8615,0
1255,1237847895277,1237849781205,20015199,sA-eth3,up,1237849575453,netem,46434808,35696,0,0,0,0,0,43455472,8000,0,44648170,8625,0
1256,1237867891916,1237869857225,19996639,sA-eth3,up,1237869669812,netem,46435666,35709,0,0,0,66,1,43543144,8012,0,44649028,8638,0
1257,1237887876445,1237889718463,19984529,sA-eth3,up,1237889521300,netem,46436386,35719,0,0,0,66,1,43623510,8023,0,44649814,8649,0
1258,1237907879984,1237909758391,20003539,sA-eth3,up,1237909571970,netem,46437244,35732,0,0,0,66,1,43718488,8036,0,44650606,8661,0
1259,1237927889033,1237929804891,20009049,sA-eth3,up,1237929615129,netem,46438018,35743,0,0,0,0,0,43798854,8047,0,44651380,8672,0
1260,1237947886722,1237949920741,19997689,sA-eth3,up,1237949721859,netem,46438750,35753,0,0,0,0,0,43857302,8055,0,44652112,8682,0
1261,1237967887641,1237969883120,20000919,sA-eth3,up,1237969710539,netem,46439050,35757,0,0,0,0,0,43886526,8059,0,44652412,8686,0
1262,1237987878920,1237989935140,19991279,sA-eth3,up,1237989713587,netem,46439830,35767,0,0,0,0,0,43966892,8070,0,44653192,8696,0
1263,1238007890389,1238009794797,20011469,sA-eth3,up,1238009599475,netem,46440504,35776,0,0,0,0,0,44039952,8080,0,44653866,8705,0
1264,1238027892778,1238029833316,20002389,sA-eth3,up,1238029642814,netem,46441332,35788,0,0,0,0,0,44127624,8092,0,44654694,8717,0
1265,1238047887917,1238049780755,19995139,sA-eth3,up,1238049582013,netem,46442196,35800,0,0,0,66,1,44209438,8103,0,44655558,8729,0
1266,1238067876315,1238069747213,19988398,sA-eth3,up,1238069554901,netem,46442926,35809,0,0,0,0,0,44262160,8112,0,44656288,8738,0
1267,1238087878215,1238089773492,20001900,sA-eth3,up,1238089579180,netem,46443534,35817,0,0,0,0,0,44317712,8120,0,44656896,8746,0
1268,1238107899833,1238109836282,20021618,sA-eth3,up,1238109629969,netem,46444044,35824,0,0,0,78,1,44376160,8128,0,44657484,8754,0
1269,1238127888103,1238129748360,19988270,sA-eth3,up,1238129560539,netem,46444706,35833,0,0,0,0,0,44434608,8136,0,44658068,8762,0
1270,1238147876242,1238149710089,19988139,sA-eth3,up,1238149520878,netem,46445150,35839,0,0,0,78,1,44485750,8143,0,44658512,8768,0
1271,1238167884682,1238169833311,20008440,sA-eth3,up,1238169650389,netem,46445684,35846,0,0,0,0,0,44522280,8148,0,44659046,8775,0
1272,1238187887282,1238190303265,20002600,sA-eth3,up,1238190115002,netem,46446178,35853,0,0,0,0,0,44573422,8155,0,44659540,8782,0
1273,1238207880011,1238209858500,19992729,sA-eth3,up,1238209662917,netem,46446400,35856,0,0,0,0,0,44579356,8158,0,44659762,8785,0
1274,1238227885501,1238230208313,20005490,sA-eth3,up,1238229987660,netem,46446400,35856,0,0,0,0,0,44579356,8158,0,44659762,8785,0
1275,1238247883670,1238249802018,19998169,sA-eth3,up,1238249575976,netem,46446400,35856,0,0,0,0,0,44579356,8158,0,44659762,8785,0
1276,1238267886579,1238269769908,20002909,sA-eth3,up,1238269569245,netem,46446400,35856,0,0,0,0,0,44579356,8158,0,44659762,8785,0
1277,1238287897649,1238289814548,20011070,sA-eth3,up,1238289615927,netem,46446400,35856,0,0,0,0,0,44579356,8158,0,44659762,8785,0
1278,1238307889989,1238309761637,19992340,sA-eth3,up,1238309546364,netem,46446400,35856,0,0,0,0,0,44579356,8158,0,44659762,8785,0
1279,1238327885959,1238330203900,19995970,sA-eth3,up,1238330000699,netem,46446400,35856,0,0,0,0,0,44579356,8158,0,44659762,8785,0
1280,1238347889329,1238349944828,20003370,sA-eth3,up,1238349765836,netem,46446400,35856,0,0,0,0,0,44579356,8158,0,44659762,8785,0
1281,1238367891888,1238369852086,20002559,sA-eth3,up,1238369658945,netem,46446400,35856,0,0,0,0,0,44579356,8158,0,44659762,8785,0
1282,1238387886888,1238389747245,19995000,sA-eth3,up,1238389558623,netem,46446400,35856,0,0,0,0,0,44579356,8158,0,44659762,8785,0
1283,1238407888667,1238410210369,20001779,sA-eth3,up,1238410022068,netem,46446798,35861,0,0,0,0,0,44615886,8163,0,44660160,8790,0
1284,1238427882687,1238429698534,19994020,sA-eth3,up,1238429510922,netem,46447512,35870,0,0,0,0,0,44677452,8174,0,44660874,8799,0
1285,1238447898656,1238449836805,20015969,sA-eth3,up,1238449628912,netem,46448178,35879,0,0,0,0,0,44733004,8182,0,44661540,8808,0
1286,1238467888526,1238469794924,19989870,sA-eth3,up,1238469584282,netem,46448952,35890,0,0,0,78,1,44806196,8195,0,44662314,8819,0
1287,1238487885355,1238489734413,19996829,sA-eth3,up,1238489528211,netem,46449482,35897,0,0,0,0,0,44850098,8201,0,44662844,8826,0
1288,1238507885905,1238509757573,20000550,sA-eth3,up,1238509541571,netem,46450292,35908,0,0,0,78,1,44915984,8212,0,44663732,8838,0
1289,1238527891894,1238529761103,20005989,sA-eth3,up,1238529571990,netem,46451404,35922,0,0,0,78,1,44987860,8226,0,44664766,8851,0
1290,1238547887574,1238549734212,19995680,sA-eth3,up,1238549532110,netem,46452046,35931,0,0,0,0,0,45040516,8234,0,44665408,8860,0
1291,1238567877673,1238569700542,19990099,sA-eth3,up,1238569512339,netem,46452532,35938,0,0,0,66,1,45098964,8242,0,44665960,8868,0
1292,1238587877224,1238589813282,19999551,sA-eth3,up,1238589620220,netem,46622664,36058,0,0,0,36336,2,45136220,8258,0,44829426,8887,0
1293,1238607891584,1238610264955,20014360,sA-eth3,up,1238610076674,netem,46845222,36205,0,0,0,0,0,45136418,8261,0,45043404,8904,0
1294,1238627886103,1238629788251,19994519,sA-eth3,up,1238629600239,netem,46848250,36207,0,0,0,0,0,45136418,8261,0,45046366,8905,0
1295,1238647887403,1238649821010,20001300,sA-eth3,up,1238649579799,netem,46975426,36291,0,0,0,30280,2,45136484,8262,0,45168592,8914,0
1296,1238667885852,1238669726089,19998449,sA-eth3,up,1238669541238,netem,47126826,36391,0,0,0,0,0,45136484,8262,0,45314118,8925,0
1297,1238687883462,1238690119173,19997610,sA-eth3,up,1238689923181,netem,47194956,36436,0,0,0,22710,2,45136550,8263,0,45379608,8930,0
1298,1238707891041,1238709777819,20007579,sA-eth3,up,1238709587887,netem,47437196,36596,0,0,0,30280,2,45136550,8263,0,45612476,8948,0
1299,1238727881361,1238729741999,19990320,sA-eth3,up,1238729553717,netem,47641586,36731,0,0,0,45420,3,45136616,8264,0,45823492,8964,0
1300,1238747885140,1238749774119,20003779,sA-eth3,up,1238749572496,netem,47898966,36901,0,0,0,30280,2,45136616,8264,0,46056360,8982,0
1301,1238767885860,1238770315113,20000720,sA-eth3,up,1238770135852,netem,48148776,37066,0,0,0,37850,3,45136682,8265,0,46311014,9001,0
1302,1238787890599,1238789958619,20004739,sA-eth3,up,1238789771958,netem,48406156,37236,0,0,0,15140,1,45136682,8265,0,46543882,9019,0
1303,1238807880010,1238809813108,19989411,sA-eth3,up,1238809623046,netem,48421374,37247,0,0,0,66,1,45144054,8267,0,46558572,9022,0
1304,1238827869079,1238829728116,19989069,sA-eth3,up,1238829547935,netem,48444492,37268,0,0,0,30358,3,45188022,8275,0,46580766,9029,0
1305,1238847875789,1238850376213,20006710,sA-eth3,up,1238850111050,netem,48646944,37410,0,0,0,0,0,45239230,8283,0,46775364,9052,0
1306,1238867880409,1238870090719,20004620,sA-eth3,up,1238869894878,netem,48647472,37418,0,0,0,78,1,45297678,8291,0,46775892,9060,0
1307,1238887873318,1238889704385,19992909,sA-eth3,up,1238889523723,netem,48648048,37426,0,0,0,0,0,45356126,8299,0,46776468,9068,0
1308,1238907866988,1238910156029,19993670,sA-eth3,up,1238909968787,netem,48648522,37433,0,0,0,0,0,45407268,8306,0,46776942,9075,0
1309,1238927877447,1238929892066,20010459,sA-eth3,up,1238929721294,netem,48648954,37439,0,0,0,0,0,45443798,8311,0,46777374,9081,0
1310,1238947878527,1238949936616,20001080,sA-eth3,up,1238949762435,netem,48649452,37446,0,0,0,0,0,45502246,8319,0,46777872,9088,0
1311,1238967868416,1238969811425,19989889,sA-eth3,up,1238969637493,netem,48650028,37454,0,0,0,0,0,45560694,8327,0,46778448,9096,0
1312,1238987867306,1238989709974,19998890,sA-eth3,up,1238989531642,netem,48650406,37459,0,0,0,0,0,45597224,8332,0,46778826,9101,0
1313,1239007866885,1239010153867,19999579,sA-eth3,up,1239009959625,netem,48650826,37465,0,0,0,0,0,45633754,8337,0,46779246,9107,0
1314,1239027891825,1239030078126,20024940,sA-eth3,up,1239029862444,netem,48651192,37470,0,0,0,0,0,45670284,8342,0,46779612,9112,0
1315,1239047871204,1239049837203,19979379,sA-eth3,up,1239049658422,netem,48651192,37470,0,0,0,0,0,45670284,8342,0,46779612,9112,0
1316,1239067868315,1239069666332,19997111,sA-eth3,up,1239069497289,netem,48651192,37470,0,0,0,0,0,45670284,8342,0,46779612,9112,0
1317,1239087874364,1239089658201,20006049,sA-eth3,up,1239089492179,netem,48651192,37470,0,0,0,0,0,45670284,8342,0,46779612,9112,0
1318,1239107875504,1239110185306,20001140,sA-eth3,up,1239109988474,netem,48651192,37470,0,0,0,0,0,45670284,8342,0,46779612,9112,0
1319,1239127890974,1239130071414,20015470,sA-eth3,up,1239129874922,netem,48651192,37470,0,0,0,0,0,45670284,8342,0,46779612,9112,0
1320,1239147874553,1239149937152,19983579,sA-eth3,up,1239149772901,netem,48651192,37470,0,0,0,0,0,45670284,8342,0,46779612,9112,0
1321,1239167883883,1239169753112,20009330,sA-eth3,up,1239169566459,netem,48651192,37470,0,0,0,0,0,45670284,8342,0,46779612,9112,0
1322,1239187874314,1239189731011,19990431,sA-eth3,up,1239189548860,netem,48651192,37470,0,0,0,0,0,45670284,8342,0,46779612,9112,0
1323,1239207876285,1239209779072,20001971,sA-eth3,up,1239209598111,netem,48651192,37470,0,0,0,0,0,45670284,8342,0,46779612,9112,0
1324,1239227897564,1239229838233,20021279,sA-eth3,up,1239229609261,netem,48651192,37470,0,0,0,0,0,45670284,8342,0,46779612,9112,0
1325,1239247875035,1239249745952,19977471,sA-eth3,up,1239249548041,netem,48651468,37474,0,0,0,66,1,45706946,8349,0,46779888,9116,0
1326,1239267882055,1239269755423,20007020,sA-eth3,up,1239269550961,netem,48652218,37485,0,0,0,0,0,45758154,8357,0,46780638,9127,0
1327,1239287888555,1239289847694,20006500,sA-eth3,up,1239289658282,netem,48652740,37492,0,0,0,66,1,45823908,8366,0,46781160,9134,0
1328,1239307875295,1239309767904,19986740,sA-eth3,up,1239309554261,netem,48653562,37503,0,0,0,0,0,45897034,8377,0,46781982,9145,0
1329,1239327888666,1239330441250,20013371,sA-eth3,up,1239330194447,netem,48654304,37512,0,0,0,86,1,45949690,8385,0,46782724,9154,0
1330,1239347885337,1239349892134,19996671,sA-eth3,up,1239349706373,netem,48654968,37520,0,0,0,0,0,46016892,8394,0,46783388,9162,0
1331,1239367891476,1239370111927,20006139,sA-eth3,up,1239369904455,netem,48655538,37527,0,0,0,86,1,46072378,8401,0,46783958,9169,0
1332,1239387887566,1239390135528,19996090,sA-eth3,up,1239389927636,netem,48656420,37538,0,0,0,0,0,46130958,8411,0,46784840,9180,0
1333,1239407885247,1239409764934,19997681,sA-eth3,up,1239409562603,netem,48657116,37546,0,0,0,164,2,46167950,8423,0,46785622,9189,0
1334,1239427876857,1239429741355,19991610,sA-eth3,up,1239429549722,netem,48658054,37559,0,0,0,0,0,46220672,8432,0,46786474,9201,0
1335,1239447881367,1239449847606,20004510,sA-eth3,up,1239449632873,netem,48658762,37569,0,0,0,66,1,46276488,8444,0,46787182,9211,0
1336,1239467882988,1239469767285,20001621,sA-eth3,up,1239469574524,netem,48659356,37578,0,0,0,78,1,46329210,8453,0,46787776,9220,0
1337,1239487874198,1239489739636,19991210,sA-eth3,up,1239489521794,netem,48659944,37586,0,0,0,78,1,46370216,8460,0,46788364,9228,0
1338,1239507885648,1239509758666,20011450,sA-eth3,up,1239509573835,netem,48660610,37595,0,0,0,0,0,46418594,8469,0,46789030,9237,0
1339,1239527886098,1239529805957,20000450,sA-eth3,up,1239529603234,netem,48661198,37603,0,0,0,0,0,46461114,8477,0,46789618,9245,0
1340,1239547885699,1239549938998,19999601,sA-eth3,up,1239549755126,netem,48661872,37612,0,0,0,0,0,46513836,8486,0,46790292,9254,0
1341,1239567876299,1239569923309,19990600,sA-eth3,up,1239569751946,netem,48662390,37619,0,0,0,78,1,46556356,8494,0,46790888,9262,0
1342,1239587880999,1239590073800,20004700,sA-eth3,up,1239589868738,netem,48663056,37628,0,0,0,66,1,46610592,8504,0,46791542,9271,0
1343,1239607897730,1239610443333,20016731,sA-eth3,up,1239610194752,netem,48663710,37637,0,0,0,78,1,46660484,8514,0,46792130,9279,0
1344,1239627883910,1239630168841,19986180,sA-eth3,up,1239629940100,netem,48664364,37646,0,0,0,0,0,46713206,8523,0,46792784,9288,0
1345,1239647877529,1239649896729,19993619,sA-eth3,up,1239649716478,netem,48664364,37646,0,0,0,0,0,46736638,8527,0,46792784,9288,0
1346,1239667884050,1239669858819,20006521,sA-eth3,up,1239669670238,netem,48664364,37646,0,0,0,0,0,46739600,8528,0,46792784,9288,0
1347,1239687883531,1239690170262,19999481,sA-eth3,up,1239689979150,netem,48664574,37649,0,0,0,66,1,46763098,8533,0,46792994,9291,0
1348,1239707890271,1239709845989,20006740,sA-eth3,up,1239709645997,netem,48665036,37656,0,0,0,78,1,46809962,8541,0,46793534,9299,0
1349,1239727880351,1239729779149,19990080,sA-eth3,up,1239729589537,netem,48665566,37663,0,0,0,0,0,46849454,8547,0,46793986,9305,0
1350,1239747880621,1239749746249,20000270,sA-eth3,up,1239749557917,netem,48666274,37673,0,0,0,0,0,46906586,8557,0,46794694,9315,0
1351,1239767881242,1239769780069,20000621,sA-eth3,up,1239769589778,netem,48666660,37678,0,0,0,66,1,46957728,8564,0,46795146,9321,0
1352,1239787889431,1239789825700,20008189,sA-eth3,up,1239789632489,netem,48667524,37690,0,0,0,0,0,47025062,8575,0,46795944,9332,0
1353,1239807884032,1239809770530,19994601,sA-eth3,up,1239809584688,netem,48668118,37699,0,0,0,0,0,47077784,8584,0,46796538,9341,0
1354,1239827873592,1239830249345,19989560,sA-eth3,up,1239830058923,netem,48668748,37708,0,0,0,0,0,47126162,8593,0,46797168,9350,0
1355,1239847876073,1239850220124,20002481,sA-eth3,up,1239850043723,netem,48669300,37716,0,0,0,0,0,47173092,8602,0,46797720,9358,0
1356,1239867883822,1239869893641,20007749,sA-eth3,up,1239869719990,netem,48669852,37724,0,0,0,0,0,47219956,8610,0,46798272,9366,0
1357,1239887878723,1239889833492,19994901,sA-eth3,up,1239889645939,netem,48670326,37731,0,0,0,66,1,47258066,8617,0,46798746,9373,0
1358,1239907879833,1239909843542,20001110,sA-eth3,up,1239909656610,netem,48670836,37738,0,0,0,0,0,47299072,8624,0,46799256,9380,0
1359,1239927872223,1239929831371,19992390,sA-eth3,up,1239929651021,netem,48671366,37745,0,0,0,0,0,47335800,8632,0,46799786,9387,0
1360,1239947885874,1239950030363,20013651,sA-eth3,up,1239949823752,netem,48671998,37753,0,0,0,66,1,47368184,8640,0,46800418,9395,0
1361,1239967904324,1239970274167,20018450,sA-eth3,up,1239969997344,netem,48672550,37761,0,0,0,0,0,47415048,8648,0,46800970,9403,0
1362,1239987877905,1239989938174,19973581,sA-eth3,up,1239989755472,netem,48673048,37768,0,0,0,0,0,47450196,8654,0,46801468,9410,0
1363,1240007876424,1240010234167,19998519,sA-eth3,up,1240010052026,netem,48855226,37895,0,0,0,30280,2,47491796,8670,0,46976650,9431,0
1364,1240027881195,1240029757923,20004771,sA-eth3,up,1240029567760,netem,49098018,38063,0,0,0,30358,3,47539452,8691,0,47210070,9457,0
1365,1240047883965,1240049767192,20002770,sA-eth3,up,1240049579451,netem,49343928,38234,0,0,0,43984,4,47592768,8708,0,47459520,9484,0
1366,1240067872844,1240069647232,19988879,sA-eth3,up,1240069476770,netem,49592878,38407,0,0,0,50126,5,47639108,8730,0,47701652,9510,0
1367,1240087884355,1240089710843,20011511,sA-eth3,up,1240089527051,netem,49849158,38581,0,0,0,66616,4,47662016,8748,0,47931906,9531,0
1368,1240107877566,1240109812394,19993211,sA-eth3,up,1240109598822,netem,50103916,38754,0,0,0,74522,9,47683806,8771,0,48176764,9554,0
1369,1240127883016,1240129788904,20005450,sA-eth3,up,1240129592123,netem,50343896,38922,0,0,0,84940,8,47741796,8794,0,48423432,9582,0
1370,1240147878757,1240149696514,19995741,sA-eth3,up,1240149512782,netem,50600428,39100,0,0,0,81990,9,47792348,8814,0,48654004,9608,0
1371,1240167874728,1240169651405,19995971,sA-eth3,up,1240169484852,netem,50850800,39272,0,0,0,20454,5,47844480,8836,0,48894674,9633,0
1372,1240187878759,1240190323582,20004031,sA-eth3,up,1240190145640,netem,50871896,39298,0,0,0,0,0,47904640,8848,0,48914978,9647,0
1373,1240207875899,1240209849758,19997140,sA-eth3,up,1240209652096,netem,50872570,39307,0,0,0,66,1,47955914,8857,0,48915718,9657,0
1374,1240227876440,1240229779388,20000541,sA-eth3,up,1240229593297,netem,50873092,39314,0,0,0,0,0,48007056,8864,0,48916174,9663,0
1375,1240247872111,1240249760459,19995671,sA-eth3,up,1240249564617,netem,50873602,39321,0,0,0,78,1,48051024,8872,0,48916684,9670,0
1376,1240267885512,1240270714289,20013401,sA-eth3,up,1240270518797,netem,50874316,39330,0,0,0,78,1,48092162,8881,0,48917476,9680,0
1377,1240287885102,1240290179685,19999590,sA-eth3,up,1240289983762,netem,50874850,39337,0,0,0,0,0,48115660,8886,0,48917932,9686,0
1378,1240307888744,1240309841833,20003642,sA-eth3,up,1240309656211,netem,50874850,39337,0,0,0,0,0,48115660,8886,0,48917932,9686,0
1379,1240327872444,1240329727453,19983700,sA-eth3,up,1240329540560,netem,50874850,39337,0,0,0,0,0,48115660,8886,0,48917932,9686,0
1380,1240347883065,1240349757904,20010621,sA-eth3,up,1240349571422,netem,50874850,39337,0,0,0,0,0,48115660,8886,0,48917932,9686,0
1381,1240367897187,1240369839626,20014122,sA-eth3,up,1240369645293,netem,50874850,39337,0,0,0,0,0,48115660,8886,0,48917932,9686,0
1382,1240387882847,1240389848826,19985660,sA-eth3,up,1240389642785,netem,50874850,39337,0,0,0,0,0,48115660,8886,0,48917932,9686,0
1383,1240407891799,1240410828777,20008952,sA-eth3,up,1240410595874,netem,50874850,39337,0,0,0,0,0,48115660,8886,0,48917932,9686,0
1384,1240427891459,1240429761028,19999660,sA-eth3,up,1240429557305,netem,50874850,39337,0,0,0,0,0,48115660,8886,0,48917932,9686,0
1385,1240447922930,1240450094281,20031471,sA-eth3,up,1240449842079,netem,50874850,39337,0,0,0,0,0,48115660,8886,0,48917932,9686,0
1386,1240467883931,1240470177503,19961001,sA-eth3,up,1240469986601,netem,50874850,39337,0,0,0,0,0,48115660,8886,0,48917932,9686,0
1387,1240487880872,1240489699699,19996941,sA-eth3,up,1240489518678,netem,50874850,39337,0,0,0,0,0,48115660,8886,0,48917932,9686,0
1388,1240507891402,1240510147445,20010530,sA-eth3,up,1240509942342,netem,50875258,39343,0,0,0,78,1,48140738,8893,0,48918418,9693,0
1389,1240527881854,1240530142125,19990452,sA-eth3,up,1240529940243,netem,50875836,39350,0,0,0,78,1,48181810,8901,0,48918996,9700,0
1390,1240547880654,1240549992895,19998800,sA-eth3,up,1240549805513,netem,50876442,39359,0,0,0,66,1,48231636,8910,0,48919524,9708,0
1391,1240567869705,1240570231757,19989051,sA-eth3,up,1240570059076,netem,50876994,39367,0,0,0,0,0,48272642,8917,0,48920076,9716,0
1392,1240587868356,1240589779984,19998651,sA-eth3,up,1240589602253,netem,50877522,39375,0,0,0,0,0,48321020,8926,0,48920604,9724,0
1393,1240607876247,1240609826576,20007891,sA-eth3,up,1240609647413,netem,50877996,39382,0,0,0,78,1,48362026,8933,0,48921078,9731,0
1394,1240627878279,1240629958518,20002032,sA-eth3,up,1240629780446,netem,50878716,39392,0,0,0,0,0,48403230,8943,0,48921798,9741,0
1395,1240647871889,1240649868078,19993610,sA-eth3,up,1240649698666,netem,50879334,39401,0,0,0,0,0,48450160,8952,0,48922416,9750,0
1396,1240667866900,1240670129182,19995011,sA-eth3,up,1240669942429,netem,50879556,39404,0,0,0,0,0,48461876,8954,0,48922638,9753,0
1397,1240687888351,1240690279743,20021451,sA-eth3,up,1240690090532,netem,50879556,39404,0,0,0,0,0,48461876,8954,0,48922638,9753,0
1398,1240707890732,1240709819130,20002381,sA-eth3,up,1240709615058,netem,50879556,39404,0,0,0,0,0,48461876,8954,0,48922638,9753,0
1399,1240727875932,1240730202345,19985200,sA-eth3,up,1240730017693,netem,50879556,39404,0,0,0,0,0,48461876,8954,0,48922638,9753,0
1400,1240747869774,1240749752361,19993842,sA-eth3,up,1240749572280,netem,50879556,39404,0,0,0,0,0,48461876,8954,0,48922638,9753,0
1401,1240767876724,1240769697921,20006950,sA-eth3,up,1240769523980,netem,50879556,39404,0,0,0,0,0,48461876,8954,0,48922638,9753,0
1402,1240787877925,1240790163027,20001201,sA-eth3,up,1240789966005,netem,50879556,39404,0,0,0,0,0,48461876,8954,0,48922638,9753,0
1403,1240807869786,1240810258559,19991861,sA-eth3,up,1240810089607,netem,50879556,39404,0,0,0,0,0,48461876,8954,0,48922638,9753,0
1404,1240827892517,1240829791105,20022731,sA-eth3,up,1240829578163,netem,50879556,39404,0,0,0,0,0,48461876,8954,0,48922638,9753,0
1405,1240847878858,1240849743105,19986341,sA-eth3,up,1240849547013,netem,50879556,39404,0,0,0,0,0,48461876,8954,0,48922638,9753,0
1406,1240867885169,1240869755856,20006311,sA-eth3,up,1240869563025,netem,50879556,39404,0,0,0,78,1,48463390,8955,0,48922716,9754,0
1407,1240887877730,1240889818299,19992561,sA-eth3,up,1240889623966,netem,50880252,39414,0,0,0,66,1,48504594,8965,0,48923400,9764,0
1408,1240907877720,1240910343185,19999990,sA-eth3,up,1240910157212,netem,50880750,39421,0,0,0,0,0,48539742,8971,0,48923832,9770,0
1409,1240927877482,1240929941131,19999762,sA-eth3,up,1240929760970,netem,50881182,39427,0,0,0,0,0,48569098,8977,0,48924264,9776,0
1410,1240947883062,1240949935022,20005580,sA-eth3,up,1240949738970,netem,50881182,39427,0,0,0,0,0,48569098,8977,0,48924264,9776,0
1411,1240967881313,1240970894402,19998251,sA-eth3,up,1240970716110,netem,50881182,39427,0,0,0,0,0,48569098,8977,0,48924264,9776,0
1412,1240987872784,1240990031455,19991471,sA-eth3,up,1240989849243,netem,50881182,39427,0,0,0,0,0,48569098,8977,0,48924264,9776,0
1413,1241007876425,1241009921484,20003641,sA-eth3,up,1241009745323,netem,50881182,39427,0,0,0,0,0,48569098,8977,0,48924264,9776,0
1414,1241027878156,1241029733263,20001731,sA-eth3,up,1241029553092,netem,50881182,39427,0,0,0,0,0,48569098,8977,0,48924264,9776,0
1415,1241047877187,1241050154329,19999031,sA-eth3,up,1241049975117,netem,50881182,39427,0,0,0,0,0,48569098,8977,0,48924264,9776,0
1416,1241067867007,1241069882827,19989820,sA-eth3,up,1241069717345,netem,50881182,39427,0,0,0,0,0,48569098,8977,0,48924264,9776,0
1417,1241087868439,1241090183220,20001432,sA-eth3,up,1241089997849,netem,50881182,39427,0,0,0,0,0,48569098,8977,0,48924264,9776,0
1418,1241107875369,1241109881319,20006930,sA-eth3,up,1241109703576,netem,50881182,39427,0,0,0,0,0,48569098,8977,0,48924264,9776,0
1419,1241127882171,1241130219933,20006802,sA-eth3,up,1241130049931,netem,50881182,39427,0,0,0,0,0,48569098,8977,0,48924264,9776,0
1420,1241147883212,1241149978712,20001041,sA-eth3,up,1241149801650,netem,50881182,39427,0,0,0,0,0,48569098,8977,0,48924264,9776,0
1421,1241167895113,1241169700651,20011901,sA-eth3,up,1241169523769,netem,50881182,39427,0,0,0,0,0,48569098,8977,0,48924264,9776,0
1422,1241187870374,1241189660012,19975261,sA-eth3,up,1241189490790,netem,50881182,39427,0,0,0,0,0,48569098,8977,0,48924264,9776,0
1423,1241207879606,1241210201699,20009232,sA-eth3,up,1241210031438,netem,50881182,39427,0,0,0,0,0,48569098,8977,0,48924264,9776,0
1424,1241227872997,1241229708836,19993391,sA-eth3,up,1241229530024,netem,50881182,39427,0,0,0,0,0,48569098,8977,0,48924264,9776,0
1425,1241247872039,1241249640297,19999042,sA-eth3,up,1241249472575,netem,50881182,39427,0,0,0,0,0,48569098,8977,0,48924264,9776,0
1426,1241267874921,1241270105752,20002882,sA-eth3,up,1241269929600,netem,50881182,39427,0,0,0,0,0,48569098,8977,0,48924264,9776,0
1427,1241287881352,1241289743380,20006431,sA-eth3,up,1241289555748,netem,50881182,39427,0,0,0,0,0,48569098,8977,0,48924264,9776,0
1428,1241307883584,1241310288247,20002232,sA-eth3,up,1241310114196,netem,50881182,39427,0,0,0,0,0,48569098,8977,0,48924264,9776,0
1429,1241327874715,1241329735184,19991131,sA-eth3,up,1241329548771,netem,50881182,39427,0,0,0,0,0,48569098,8977,0,48924264,9776,0
1430,1241347876327,1241349742495,20001612,sA-eth3,up,1241349555783,netem,50881182,39427,0,0,0,0,0,48569098,8977,0,48924264,9776,0
1431,1241367887258,1241369745067,20010931,sA-eth3,up,1241369563274,netem,50881182,39427,0,0,0,0,0,48569098,8977,0,48924264,9776,0
1432,1241387882150,1241389784799,19994892,sA-eth3,up,1241389601346,netem,50881182,39427,0,0,0,0,0,48569098,8977,0,48924264,9776,0
1433,1241407881431,1241409738680,19999281,sA-eth3,up,1241409546377,netem,50881182,39427,0,0,0,0,0,48569098,8977,0,48924264,9776,0
1434,1241427880383,1241430275526,19998952,sA-eth3,up,1241430102925,netem,50881182,39427,0,0,0,0,0,48569098,8977,0,48924264,9776,0
1435,1241447900465,1241450114146,20020082,sA-eth3,up,1241449853563,netem,50881182,39427,0,0,0,0,0,48569098,8977,0,48924264,9776,0
1436,1241467903707,1241469945636,20003242,sA-eth3,up,1241469712404,netem,50881182,39427,0,0,0,0,0,48569098,8977,0,48924264,9776,0
1437,1241487894608,1241490225170,19990901,sA-eth3,up,1241489972118,netem,50881182,39427,0,0,0,0,0,48569098,8977,0,48924264,9776,0
1438,1241507881969,1241510034820,19987361,sA-eth3,up,1241509826908,netem,50881182,39427,0,0,0,0,0,48569098,8977,0,48924264,9776,0
1439,1241527901521,1241530164773,20019552,sA-eth3,up,1241529912380,netem,50881182,39427,0,0,0,0,0,48569098,8977,0,48924264,9776,0
1440,1241547898702,1241549949722,19997181,sA-eth3,up,1241549714930,netem,50881182,39427,0,0,0,0,0,48569098,8977,0,48924264,9776,0
1441,1241567890904,1241569895993,19992202,sA-eth3,up,1241569633961,netem,50881432,39430,0,0,0,86,1,48579498,8981,0,48924600,9780,0
1442,1241587892736,1241590348259,20001832,sA-eth3,up,1241590100077,netem,50882084,39438,0,0,0,0,0,48597402,8989,0,48925166,9787,0
1443,1241607895867,1241610081367,20003131,sA-eth3,up,1241609824215,netem,50882558,39445,0,0,0,0,0,48620966,8995,0,48925640,9794,0
1444,1241627897769,1241629940068,20001902,sA-eth3,up,1241629703676,netem,50882954,39451,0,0,0,66,1,48653284,9002,0,48926102,9801,0
1445,1241647888280,1241649884869,19990511,sA-eth3,up,1241649638656,netem,50883452,39458,0,0,0,66,1,48688498,9009,0,48926600,9808,0
1446,1241667884731,1241670968991,19996451,sA-eth3,up,1241670745509,netem,50884090,39467,0,0,0,0,0,48729504,9016,0,48927172,9816,0
1447,1241687914903,1241690237126,20030172,sA-eth3,up,1241689971733,netem,50884542,39473,0,0,0,86,1,48763204,9022,0,48927624,9822,0
1448,1241707881104,1241709839733,19966201,sA-eth3,up,1241709639441,netem,50885102,39481,0,0,0,0,0,48797036,9030,0,48928184,9830,0
1449,1241727880626,1241729808255,19999522,sA-eth3,up,1241729619442,netem,50885522,39487,0,0,0,0,0,48823496,9036,0,48928604,9836,0
1450,1241747875137,1241749827447,19994511,sA-eth3,up,1241749632544,netem,50885876,39492,0,0,0,0,0,48845546,9041,0,48928958,9841,0
1451,1241767878649,1241769766208,20003512,sA-eth3,up,1241769576715,netem,50885876,39492,0,0,0,0,0,48845546,9041,0,48928958,9841,0
1452,1241787876451,1241789742799,19997802,sA-eth3,up,1241789557376,netem,50885876,39492,0,0,0,0,0,48845546,9041,0,48928958,9841,0
1453,1241807872862,1241810152294,19996411,sA-eth3,up,1241809957842,netem,50885876,39492,0,0,0,0,0,48845546,9041,0,48928958,9841,0
1454,1241827872004,1241829663980,19999142,sA-eth3,up,1241829498219,netem,50885876,39492,0,0,0,0,0,48845546,9041,0,48928958,9841,0
1455,1241847871875,1241849694622,19999871,sA-eth3,up,1241849507031,netem,50885876,39492,0,0,0,0,0,48845546,9041,0,48928958,9841,0
1456,1241867878917,1241869726335,20007042,sA-eth3,up,1241869540342,netem,50885876,39492,0,0,0,0,0,48845546,9041,0,48928958,9841,0
1457,1241887888118,1241889822707,20009201,sA-eth3,up,1241889617125,netem,50885876,39492,0,0,0,0,0,48845546,9041,0,48928958,9841,0
1458,1241907876670,1241909722008,19988552,sA-eth3,up,1241909539096,netem,50885876,39492,0,0,0,0,0,48845546,9041,0,48928958,9841,0
1459,1241927868501,1241930277384,19991831,sA-eth3,up,1241930109272,netem,50885876,39492,0,0,0,0,0,48845546,9041,0,48928958,9841,0
1460,1241947880193,1241949922392,20011692,sA-eth3,up,1241949737591,netem,50885876,39492,0,0,0,0,0,48845546,9041,0,48928958,9841,0
1461,1241967887204,1241969894424,20007011,sA-eth3,up,1241969716952,netem,50886020,39494,0,0,0,66,1,48852984,9044,0,48929168,9844,0
1462,1241987880346,1241989765314,19993142,sA-eth3,up,1241989583502,netem,50886406,39499,0,0,0,0,0,48872138,9049,0,48929488,9848,0
1463,1242007872867,1242009873126,19992521,sA-eth3,up,1242009659564,netem,50886484,39500,0,0,0,0,0,48872138,9049,0,48929566,9849,0
1464,1242027882749,1242030235272,20009882,sA-eth3,up,1242030059519,netem,50886484,39500,0,0,0,0,0,48872138,9049,0,48929566,9849,0
1465,1242047878890,1242049819160,19996141,sA-eth3,up,1242049606037,netem,50886484,39500,0,0,0,0,0,48872138,9049,0,48929566,9849,0
1466,1242067888932,1242069789321,20010042,sA-eth3,up,1242069601269,netem,50886484,39500,0,0,0,0,0,48872138,9049,0,48929566,9849,0
1467,1242087872684,1242089657061,19983752,sA-eth3,up,1242089488209,netem,50886484,39500,0,0,0,0,0,48872138,9049,0,48929566,9849,0
1468,1242107877975,1242110300099,20005291,sA-eth3,up,1242110130017,netem,50969844,39556,0,0,0,54504,3,48872468,9054,0,49027134,9857,0
1469,1242127884587,1242129841506,20006612,sA-eth3,up,1242129654393,netem,51219654,39721,0,0,0,22710,2,48872732,9058,0,49264346,9875,0
1470,1242147879779,1242149793847,19995192,sA-eth3,up,1242149597196,netem,51246906,39739,0,0,0,0,0,48872732,9058,0,49276062,9877,0
1471,1242167872711,1242169729129,19992932,sA-eth3,up,1242169548616,netem,51310494,39781,0,0,0,45420,3,48872798,9059,0,49351754,9883,0
1472,1242187874284,1242190240996,20001573,sA-eth3,up,1242190070404,netem,51530024,39926,0,0,0,0,0,48872798,9059,0,49548224,9898,0
1473,1242207869685,1242209784294,19995401,sA-eth3,up,1242209607652,netem,51545230,39937,0,0,0,30346,3,48880302,9063,0,49562836,9900,0
1474,1242227881988,1242229861196,20012303,sA-eth3,up,1242229680904,netem,51787766,40101,0,0,0,45498,4,48892216,9068,0,49796000,9922,0
1475,1242247874620,1242249740927,19992632,sA-eth3,up,1242249556916,netem,52007962,40255,0,0,0,30280,2,48917360,9076,0,50007682,9947,0
1476,1242267875692,1242269666499,20001072,sA-eth3,up,1242269495847,netem,52258246,40427,0,0,0,37916,4,48948230,9083,0,50255570,9973,0
1477,1242287878604,1242290160826,20002912,sA-eth3,up,1242289968654,netem,52515968,40602,0,0,0,37850,3,48970346,9089,0,50496020,9996,0
1478,1242307881537,1242309785084,20002933,sA-eth3,up,1242309597053,netem,52758616,40768,0,0,0,66,1,48996806,9095,0,50729296,10020,0
1479,1242327869308,1242329704316,19987771,sA-eth3,up,1242329522624,netem,52758970,40773,0,0,0,78,1,49018856,9100,0,50729728,10026,0
1480,1242347874501,1242349658827,20005193,sA-eth3,up,1242349491036,netem,52804546,40805,0,0,0,37850,3,49023332,9102,0,50780750,10031,0
1481,1242367881632,1242369724330,20007131,sA-eth3,up,1242369543149,netem,53046786,40965,0,0,0,35336,3,49023332,9102,0,51020858,10049,0
1482,1242387891515,1242389984115,20009883,sA-eth3,up,1242389804093,netem,53082122,40989,0,0,0,0,0,49023398,9103,0,51040262,10051,0
1483,1242407903358,1242409903277,20011843,sA-eth3,up,1242409659504,netem,53082122,40989,0,0,0,0,0,49023398,9103,0,51040262,10051,0
1484,1242427886329,1242430354143,19982971,sA-eth3,up,1242430116511,netem,53082122,40989,0,0,0,0,0,49023398,9103,0,51040262,10051,0
1485,1242447888502,1242449882051,20002173,sA-eth3,up,1242449633108,netem,53082122,40989,0,0,0,0,0,49023398,9103,0,51040262,10051,0
1486,1242467895943,1242469956294,20007441,sA-eth3,up,1242469717881,netem,53082122,40989,0,0,0,0,0,49023398,9103,0,51040262,10051,0
1487,1242487885305,1242490256658,19989362,sA-eth3,up,1242490074027,netem,53082122,40989,0,0,0,0,0,49023398,9103,0,51040262,10051,0
1488,1242507894098,1242509841487,20008793,sA-eth3,up,1242509609284,netem,53082122,40989,0,0,0,0,0,49023398,9103,0,51040262,10051,0
1489,1242527892760,1242529752728,19998662,sA-eth3,up,1242529562456,netem,53082122,40989,0,0,0,0,0,49023398,9103,0,51040262,10051,0
1490,1242547891022,1242550153634,19998262,sA-eth3,up,1242549961222,netem,53082200,40990,0,0,0,0,0,49024912,9104,0,51040340,10052,0
1491,1242567904535,1242570142975,20013513,sA-eth3,up,1242569895384,netem,53082752,40998,0,0,0,0,0,49057362,9113,0,51040892,10060,0
1492,1242587892506,1242589846115,19987971,sA-eth3,up,1242589606283,netem,53083106,41003,0,0,0,78,1,49079478,9119,0,51041246,10065,0
1493,1242607885879,1242610873018,19993373,sA-eth3,up,1242610630195,netem,53083802,41013,0,0,0,0,0,49122064,9128,0,51041942,10075,0
1494,1242627894091,1242630357945,20008212,sA-eth3,up,1242630128532,netem,53084168,41018,0,0,0,0,0,49152868,9134,0,51042308,10080,0
1495,1242647893403,1242649934662,19999312,sA-eth3,up,1242649700590,netem,53084554,41023,0,0,0,0,0,49176300,9138,0,51042694,10085,0
1496,1242667886085,1242669851744,19992682,sA-eth3,up,1242669607771,netem,53084788,41026,0,0,0,0,0,49193874,9141,0,51042928,10088,0
1497,1242687885938,1242689827215,19999853,sA-eth3,up,1242689586224,netem,53084788,41026,0,0,0,0,0,49193944,9142,0,51042928,10088,0
1498,1242707898939,1242710360633,20013001,sA-eth3,up,1242710146571,netem,53084788,41026,0,0,0,0,0,49193944,9142,0,51042928,10088,0
1499,1242727899522,1242729948031,20000583,sA-eth3,up,1242729759310,netem,53084788,41026,0,0,0,0,0,49193944,9142,0,51042928,10088,0
1500,1242747884733,1242749761631,19985211,sA-eth3,up,1242749580230,netem,53084788,41026,0,0,0,0,0,49193944,9142,0,51042928,10088,0
1501,1242767879736,1242769721174,19995003,sA-eth3,up,1242769540122,netem,53084788,41026,0,0,0,0,0,49193944,9142,0,51042928,10088,0
1502,1242787873218,1242790165379,19993482,sA-eth3,up,1242789976258,netem,53084788,41026,0,0,0,0,0,49193944,9142,0,51042928,10088,0
1503,1242807881290,1242809786499,20008072,sA-eth3,up,1242809600617,netem,53084788,41026,0,0,0,0,0,49193944,9142,0,51042928,10088,0
1504,1242827877993,1242829727080,19996703,sA-eth3,up,1242829547378,netem,53084788,41026,0,0,0,0,0,49193944,9142,0,51042928,10088,0
1505,1242847869604,1242849655022,19991611,sA-eth3,up,1242849481690,netem,53084788,41026,0,0,0,0,0,49193944,9142,0,51042928,10088,0
1506,1242867879917,1242869878065,20010313,sA-eth3,up,1242869707974,netem,53084788,41026,0,0,0,0,0,49193944,9142,0,51042928,10088,0
1507,1242887876189,1242890157241,19996272,sA-eth3,up,1242889946849,netem,53085064,41030,0,0,0,0,0,49211650,9147,0,51043204,10092,0
1508,1242907879950,1242909767769,20003761,sA-eth3,up,1242909583108,netem,53085750,41039,0,0,0,66,1,49260094,9157,0,51043890,10101,0
1509,1242927875193,1242929653001,19995243,sA-eth3,up,1242929487108,netem,53086380,41048,0,0,0,78,1,49298270,9165,0,51044520,10110,0
1510,1242947878055,1242949691123,20002862,sA-eth3,up,1242949512291,netem,53087076,41058,0,0,0,0,0,49345200,9174,0,51045216,10120,0
1511,1242967882827,1242969751945,20004772,sA-eth3,up,1242969569814,netem,53087352,41062,0,0,0,0,0,49368698,9179,0,51045492,10124,0
1512,1242987874180,1242989785958,19991353,sA-eth3,up,1242989592226,netem,53087796,41068,0,0,0,0,0,49397988,9184,0,51045936,10130,0
1513,1243007874212,1243010168194,20000032,sA-eth3,up,1243009985282,netem,53087796,41068,0,0,0,0,0,49397988,9184,0,51045936,10130,0
1514,1243027878964,1243030762692,20004752,sA-eth3,up,1243030583010,netem,53087796,41068,0,0,0,0,0,49397988,9184,0,51045936,10130,0
1515,1243047876996,1243049730634,19998032,sA-eth3,up,1243049552332,netem,53087796,41068,0,0,0,0,0,49397988,9184,0,51045936,10130,0
1516,1243067885768,1243070433823,20008772,sA-eth3,up,1243070257702,netem,53087796,41068,0,0,0,0,0,49397988,9184,0,51045936,10130,0
1517,1243087877611,1243089720458,19991843,sA-eth3,up,1243089538396,netem,53087796,41068,0,0,0,0,0,49397988,9184,0,51045936,10130,0
1518,1243107877493,1243109740431,19999882,sA-eth3,up,1243109554319,netem,53087796,41068,0,0,0,0,0,49397988,9184,0,51045936,10130,0
1519,1243127881555,1243130211347,20004062,sA-eth3,up,1243130039636,netem,53087796,41068,0,0,0,0,0,49397988,9184,0,51045936,10130,0
1520,1243147883988,1243150236231,20002433,sA-eth3,up,1243150051499,netem,53087796,41068,0,0,0,0,0,49397988,9184,0,51045936,10130,0
1521,1243167878181,1243169719528,19994193,sA-eth3,up,1243169534226,netem,53087796,41068,0,0,0,0,0,49397988,9184,0,51045936,10130,0
1522,1243187871483,1243189976074,19993302,sA-eth3,up,1243189805632,netem,53087796,41068,0,0,0,0,0,49397988,9184,0,51045936,10130,0
1523,1243207899297,1243209774954,20027814,sA-eth3,up,1243209569233,netem,53087940,41070,0,0,0,66,1,49405426,9187,0,51046146,10133,0
1524,1243227883189,1243229782988,19983892,sA-eth3,up,1243229564575,netem,53088570,41079,0,0,0,78,1,49446630,9197,0,51046788,10142,0
1525,1243247880492,1243249813920,19997303,sA-eth3,up,1243249616798,netem,53089056,41086,0,0,0,0,0,49483292,9204,0,51047196,10148,0
1526,1243267877204,1243270175767,19996712,sA-eth3,up,1243269991505,netem,53089508,41092,0,0,0,0,0,49518440,9210,0,51047648,10154,0
1527,1243287878938,1243289922847,20001734,sA-eth3,up,1243289728175,netem,53089952,41098,0,0,0,0,0,49555102,9217,0,51048092,10160,0
1528,1243307885400,1243309765538,20006462,sA-eth3,up,1243309578436,netem,53090504,41106,0,0,0,0,0,49600518,9225,0,51048644,10168,0
1529,1243327876653,1243330042484,19991253,sA-eth3,up,1243329851492,netem,53091134,41115,0,0,0,0,0,49641656,9234,0,51049274,10177,0
1530,1243347872196,1243349652083,19995543,sA-eth3,up,1243349479151,netem,53091500,41120,0,0,0,0,0,49669498,9239,0,51049640,10182,0
1531,1243367879449,1243370024949,20007253,sA-eth3,up,1243369838098,netem,53091944,41126,0,0,0,0,0,49694510,9245,0,51050084,10188,0
1532,1243387877312,1243389791270,19997863,sA-eth3,up,1243389600987,netem,53092264,41130,0,0,0,66,1,49717942,9249,0,51050470,10193,0
1533,1243407879814,1243409796573,20002502,sA-eth3,up,1243409579870,netem,53092816,41138,0,0,0,0,0,49764806,9257,0,51050956,10200,0
1534,1243427876888,1243429698804,19997074,sA-eth3,up,1243429516063,netem,53093026,41141,0,0,0,0,0,49776522,9259,0,51051166,10203,0
1535,1243447876750,1243449662757,19999862,sA-eth3,up,1243449493386,netem,53093026,41141,0,0,0,0,0,49776522,9259,0,51051166,10203,0
1536,1243467888902,1243469753551,20012152,sA-eth3,up,1243469570139,netem,53093026,41141,0,0,0,0,0,49776522,9259,0,51051166,10203,0
1537,1243487882605,1243490258618,19993703,sA-eth3,up,1243490086027,netem,53093026,41141,0,0,0,0,0,49776522,9259,0,51051166,10203,0
1538,1243507875607,1243509644955,19993002,sA-eth3,up,1243509479513,netem,53093026,41141,0,0,0,0,0,49776522,9259,0,51051166,10203,0
1539,1243527871600,1243530068272,19995993,sA-eth3,up,1243529884620,netem,53093026,41141,0,0,0,0,0,49776522,9259,0,51051166,10203,0
1540,1243547882414,1243549697432,20010814,sA-eth3,up,1243549519429,netem,53093026,41141,0,0,0,0,0,49776522,9259,0,51051166,10203,0
1541,1243567886256,1243570274399,20003842,sA-eth3,up,1243570098328,netem,53093026,41141,0,0,0,0,0,49776522,9259,0,51051166,10203,0
1542,1243587878869,1243590779807,19992613,sA-eth3,up,1243590588015,netem,53093026,41141,0,0,0,0,0,49776522,9259,0,51051166,10203,0
1543,1243607888873,1243610047583,20010004,sA-eth3,up,1243609817450,netem,53093026,41141,0,0,0,0,0,49776522,9259,0,51051166,10203,0
1544,1243627895525,1243629843494,20006652,sA-eth3,up,1243629616941,netem,53093026,41141,0,0,0,0,0,49776522,9259,0,51051166,10203,0
1545,1243647903058,1243649934647,20007533,sA-eth3,up,1243649698466,netem,53093026,41141,0,0,0,0,0,49776522,9259,0,51051166,10203,0
1546,1243667885671,1243669784798,19982613,sA-eth3,up,1243669583727,netem,53093026,41141,0,0,0,0,0,49776522,9259,0,51051166,10203,0
1547,1243687873843,1243690191205,19988172,sA-eth3,up,1243690017254,netem,53093026,41141,0,0,0,0,0,49776522,9259,0,51051166,10203,0
1548,1243707877956,1243709721703,20004113,sA-eth3,up,1243709538182,netem,53093026,41141,0,0,0,0,0,49776522,9259,0,51051166,10203,0
1549,1243727882928,1243729807547,20004972,sA-eth3,up,1243729606465,netem,53093026,41141,0,0,0,0,0,49776522,9259,0,51051166,10203,0
1550,1243747875381,1243749701189,19992453,sA-eth3,up,1243749519907,netem,53093026,41141,0,0,0,0,0,49776522,9259,0,51051166,10203,0
1551,1243767875894,1243770098266,20000513,sA-eth3,up,1243769914854,netem,53093026,41141,0,0,0,0,0,49776522,9259,0,51051166,10203,0
1552,1243787876777,1243789628443,20000883,sA-eth3,up,1243789466813,netem,53093026,41141,0,0,0,0,0,49776522,9259,0,51051166,10203,0
1553,1243807878250,1243809963279,20001473,sA-eth3,up,1243809796649,netem,53093026,41141,0,0,0,0,0,49776522,9259,0,51051166,10203,0
1554,1243827876692,1243829753660,19998442,sA-eth3,up,1243829559419,netem,53093026,41141,0,0,0,0,0,49776522,9259,0,51051166,10203,0
1555,1243847875175,1243849704913,19998483,sA-eth3,up,1243849524981,netem,53093026,41141,0,0,0,0,0,49776522,9259,0,51051166,10203,0
1556,1243867876038,1243870060719,20000863,sA-eth3,up,1243869875377,netem,53093026,41141,0,0,0,0,0,49776522,9259,0,51051166,10203,0
1557,1243887882121,1243889654198,20006083,sA-eth3,up,1243889488996,netem,53093026,41141,0,0,0,0,0,49776522,9259,0,51051166,10203,0
1558,1243907869914,1243909699751,19987793,sA-eth3,up,1243909520510,netem,53093026,41141,0,0,0,0,0,49776522,9259,0,51051166,10203,0
1559,1243927873757,1243930172859,20003843,sA-eth3,up,1243929993637,netem,53093026,41141,0,0,0,0,0,49776522,9259,0,51051166,10203,0
1560,1243947870679,1243949947539,19996922,sA-eth3,up,1243949784308,netem,53093026,41141,0,0,0,0,0,49776522,9259,0,51051166,10203,0
1561,1243967908973,1243970169274,20038294,sA-eth3,up,1243969928302,netem,53093026,41141,0,0,0,0,0,49776522,9259,0,51051166,10203,0
1562,1243987903375,1243990413640,19994402,sA-eth3,up,1243990174037,netem,53093026,41141,0,0,0,0,0,49776522,9259,0,51051166,10203,0
1563,1244007897658,1244010236591,19994283,sA-eth3,up,1244010054829,netem,53093026,41141,0,0,0,0,0,49776522,9259,0,51051166,10203,0
1564,1244027879231,1244029966931,19981573,sA-eth3,up,1244029795239,netem,53093026,41141,0,0,0,0,0,49776522,9259,0,51051166,10203,0
1565,1244047907213,1244050834712,20027982,sA-eth3,up,1244050566329,netem,53093276,41144,0,0,0,0,0,49783960,9262,0,51051416,10206,0
1566,1244067891197,1244070589963,19983984,sA-eth3,up,1244070356160,netem,53093506,41147,0,0,0,0,0,49791398,9265,0,51051646,10209,0
1567,1244087892859,1244090404563,20001662,sA-eth3,up,1244090175931,netem,53093506,41147,0,0,0,0,0,49791398,9265,0,51051646,10209,0
1568,1244107885072,1244110267635,19992213,sA-eth3,up,1244110079104,netem,53093506,41147,0,0,0,0,0,49791398,9265,0,51051646,10209,0
1569,1244127895965,1244129916015,20010893,sA-eth3,up,1244129700222,netem,53093506,41147,0,0,0,0,0,49791398,9265,0,51051646,10209,0
1570,1244147899898,1244149978328,20003933,sA-eth3,up,1244149770316,netem,53093506,41147,0,0,0,0,0,49791398,9265,0,51051646,10209,0
1571,1244167883831,1244169801480,19983933,sA-eth3,up,1244169616547,netem,53093506,41147,0,0,0,0,0,49791398,9265,0,51051646,10209,0
1572,1244187871645,1244190032415,19987814,sA-eth3,up,1244189836274,netem,53093506,41147,0,0,0,0,0,49791398,9265,0,51051646,10209,0
1573,1244207872529,1244209621055,20000884,sA-eth3,up,1244209456274,netem,53093506,41147,0,0,0,0,0,49791398,9265,0,51051646,10209,0
1574,1244227878802,1244229662989,20006273,sA-eth3,up,1244229496828,netem,53093506,41147,0,0,0,0,0,49791398,9265,0,51051646,10209,0
1575,1244247877845,1244249724823,19999043,sA-eth3,up,1244249542372,netem,53093506,41147,0,0,0,0,0,49791398,9265,0,51051646,10209,0
1576,1244267872918,1244269606905,19995073,sA-eth3,up,1244269442533,netem,53093506,41147,0,0,0,0,0,49791398,9265,0,51051646,10209,0
1577,1244287900222,1244289841150,20027304,sA-eth3,up,1244289605309,netem,53093506,41147,0,0,0,0,0,49791398,9265,0,51051646,10209,0
1578,1244307902035,1244309861384,20001813,sA-eth3,up,1244309621862,netem,53093506,41147,0,0,0,0,0,49791398,9265,0,51051646,10209,0
1579,1244327891699,1244329873618,19989664,sA-eth3,up,1244329635326,netem,53093506,41147,0,0,0,0,0,49791398,9265,0,51051646,10209,0
1580,1244347893382,1244349808931,20001683,sA-eth3,up,1244349577788,netem,53093506,41147,0,0,0,0,0,49791398,9265,0,51051646,10209,0
1581,1244367895836,1244369964475,20002454,sA-eth3,up,1244369737144,netem,53093506,41147,0,0,0,0,0,49791398,9265,0,51051646,10209,0
1582,1244387896559,1244390051910,20000723,sA-eth3,up,1244389810008,netem,53093506,41147,0,0,0,0,0,49791398,9265,0,51051646,10209,0
1583,1244407906223,1244410146094,20009664,sA-eth3,up,1244409863782,netem,53093506,41147,0,0,0,0,0,49791398,9265,0,51051646,10209,0
1584,1244427892116,1244432999706,19985893,sA-eth3,up,1244430653553,netem,53093506,41147,0,0,0,0,0,49791398,9265,0,51051646,10209,0
1585,1244447886239,1244450238781,19994123,sA-eth3,up,1244450017610,netem,53093506,41147,0,0,0,0,0,49791398,9265,0,51051646,10209,0
1586,1244467896653,1244469928232,20010414,sA-eth3,up,1244469695150,netem,53093506,41147,0,0,0,0,0,49791398,9265,0,51051646,10209,0
1587,1244487901536,1244490032156,20004883,sA-eth3,up,1244489776295,netem,53093506,41147,0,0,0,0,0,49791398,9265,0,51051646,10209,0
1588,1244507892710,1244510167561,19991174,sA-eth3,up,1244509915349,netem,53093506,41147,0,0,0,0,0,49791398,9265,0,51051646,10209,0
1589,1244527892453,1244529847322,19999743,sA-eth3,up,1244529645659,netem,53093506,41147,0,0,0,0,0,49791398,9265,0,51051646,10209,0
1590,1244547887577,1244549754435,19995124,sA-eth3,up,1244549563073,netem,53093506,41147,0,0,0,0,0,49791398,9265,0,51051646,10209,0
1591,1244567887500,1244569766857,19999923,sA-eth3,up,1244569577986,netem,53093506,41147,0,0,0,0,0,49791398,9265,0,51051646,10209,0
1592,1244587885792,1244589811611,19998292,sA-eth3,up,1244589626160,netem,53093506,41147,0,0,0,0,0,49791398,9265,0,51051646,10209,0
1593,1244607881206,1244609728074,19995414,sA-eth3,up,1244609539953,netem,53093506,41147,0,0,0,0,0,49791398,9265,0,51051646,10209,0
1594,1244627885240,1244629742298,20004034,sA-eth3,up,1244629551346,netem,53093506,41147,0,0,0,0,0,49791398,9265,0,51051646,10209,0
1595,1244647884153,1244649762631,19998913,sA-eth3,up,1244649575349,netem,53093506,41147,0,0,0,0,0,49791398,9265,0,51051646,10209,0
1596,1244667880947,1244669944077,19996794,sA-eth3,up,1244669771885,netem,53093506,41147,0,0,0,0,0,49791398,9265,0,51051646,10209,0
1597,1244687881540,1244689924070,20000593,sA-eth3,up,1244689735199,netem,53093650,41149,0,0,0,78,1,49798836,9268,0,51051868,10212,0
1598,1244707891654,1244709863363,20010114,sA-eth3,up,1244709643760,netem,53094466,41161,0,0,0,66,1,49869198,9281,0,51052606,10223,0
1599,1244727889947,1244729866737,19998293,sA-eth3,up,1244729682084,netem,53095210,41171,0,0,0,0,0,49927712,9290,0,51053350,10233,0
1600,1244747881171,1244749952110,19991224,sA-eth3,up,1244749755378,netem,53095906,41181,0,0,0,66,1,50005182,9301,0,51054112,10244,0
1601,1244767881603,1244769823452,20000432,sA-eth3,up,1244769636781,netem,53096774,41193,0,0,0,0,0,50085680,9314,0,51054914,10255,0
1602,1244787878627,1244790387212,19997024,sA-eth3,up,1244790214259,netem,53097578,41205,0,0,0,0,0,50183488,9326,0,51055718,10267,0
1603,1244807888120,1244809820129,20009493,sA-eth3,up,1244809630018,netem,53098454,41217,0,0,0,78,1,50259510,9337,0,51056672,10280,0
1604,1244827895554,1244829922674,20007434,sA-eth3,up,1244829744082,netem,53098952,41224,0,0,0,86,1,50320788,9344,0,51057092,10286,0
1605,1244847874897,1244849775496,19979343,sA-eth3,up,1244849540233,netem,53099132,41226,0,0,0,0,0,50323750,9345,0,51057272,10288,0
1606,1244867884601,1244869768210,20009704,sA-eth3,up,1244869579867,netem,53099132,41226,0,0,0,0,0,50323750,9345,0,51057272,10288,0
1607,1244887892025,1244889748233,20007424,sA-eth3,up,1244889564771,netem,53099132,41226,0,0,0,0,0,50323750,9345,0,51057272,10288,0
1608,1244907888147,1244909772086,19996122,sA-eth3,up,1244909586844,netem,53099132,41226,0,0,0,0,0,50323750,9345,0,51057272,10288,0
1609,1244927888012,1244929769149,19999865,sA-eth3,up,1244929581458,netem,53099132,41226,0,0,0,0,0,50323750,9345,0,51057272,10288,0
1610,1244947887794,1244949780943,19999782,sA-eth3,up,1244949595382,netem,53099132,41226,0,0,0,0,0,50323750,9345,0,51057272,10288,0
1611,1244967881938,1244969736676,19994144,sA-eth3,up,1244969553395,netem,53099132,41226,0,0,0,0,0,50323750,9345,0,51057272,10288,0
1612,1244987888921,1244990245124,20006983,sA-eth3,up,1244990070913,netem,53099132,41226,0,0,0,0,0,50323750,9345,0,51057272,10288,0
1613,1245007880665,1245009773023,19991744,sA-eth3,up,1245009581221,netem,53099132,41226,0,0,0,0,0,50323750,9345,0,51057272,10288,0
1614,1245027876288,1245029808967,19995623,sA-eth3,up,1245029518794,netem,53099132,41226,0,0,0,0,0,50323750,9345,0,51057272,10288,0
1615,1245047890122,1245050271765,20013834,sA-eth3,up,1245050076302,netem,53099132,41226,0,0,0,0,0,50323750,9345,0,51057272,10288,0
1616,1245067880685,1245069790643,19990563,sA-eth3,up,1245069599512,netem,53099132,41226,0,0,0,0,0,50323750,9345,0,51057272,10288,0
1617,1245087876669,1245090488283,19995984,sA-eth3,up,1245090317422,netem,53099132,41226,0,0,0,0,0,50323750,9345,0,51057272,10288,0
1618,1245107874021,1245109919562,19997352,sA-eth3,up,1245109753190,netem,53099132,41226,0,0,0,0,0,50323750,9345,0,51057272,10288,0
1619,1245127888105,1245129806713,20014084,sA-eth3,up,1245129624192,netem,53099132,41226,0,0,0,0,0,50323750,9345,0,51057272,10288,0
1620,1245147884889,1245150400774,19996784,sA-eth3,up,1245150223462,netem,53099132,41226,0,0,0,0,0,50323750,9345,0,51057272,10288,0
1621,1245167871093,1245169990834,19986204,sA-eth3,up,1245169823992,netem,53099132,41226,0,0,0,0,0,50323750,9345,0,51057272,10288,0
1622,1245187871628,1245189806606,20000535,sA-eth3,up,1245189630644,netem,53099132,41226,0,0,0,0,0,50323750,9345,0,51057272,10288,0
1623,1245207876971,1245210053883,20005343,sA-eth3,up,1245209866280,netem,53099132,41226,0,0,0,0,0,50323750,9345,0,51057272,10288,0
1624,1245227876716,1245230146238,19999745,sA-eth3,up,1245229967085,netem,53099132,41226,0,0,0,0,0,50323750,9345,0,51057272,10288,0
1625,1245247877669,1245250134481,20000953,sA-eth3,up,1245249949400,netem,53099132,41226,0,0,0,0,0,50323750,9345,0,51057272,10288,0
1626,1245267874744,1245269745392,19997075,sA-eth3,up,1245269567210,netem,53099132,41226,0,0,0,0,0,50323750,9345,0,51057272,10288,0
1627,1245287879267,1245289764316,20004523,sA-eth3,up,1245289583014,netem,53099132,41226,0,0,0,0,0,50323750,9345,0,51057272,10288,0
1628,1245307876242,1245310086084,19996975,sA-eth3,up,1245309896981,netem,53099132,41226,0,0,0,0,0,50323750,9345,0,51057272,10288,0
1629,1245327873766,1245330034416,19997524,sA-eth3,up,1245329837875,netem,53099132,41226,0,0,0,0,0,50323750,9345,0,51057272,10288,0
1630,1245347873580,1245349813459,19999814,sA-eth3,up,1245349641267,netem,53099132,41226,0,0,0,0,0,50323750,9345,0,51057272,10288,0
1631,1245367882084,1245370286797,20008504,sA-eth3,up,1245370092595,netem,53099132,41226,0,0,0,0,0,50323750,9345,0,51057272,10288,0
1632,1245387881218,1245390282681,19999134,sA-eth3,up,1245390107570,netem,53099132,41226,0,0,0,0,0,50323750,9345,0,51057272,10288,0
1633,1245407890722,1245409876812,20009504,sA-eth3,up,1245409691720,netem,53099132,41226,0,0,0,0,0,50323750,9345,0,51057272,10288,0
1634,1245427879906,1245430103468,19989184,sA-eth3,up,1245429908065,netem,53099132,41226,0,0,0,0,0,50323750,9345,0,51057272,10288,0
1635,1245447878959,1245449998020,19999053,sA-eth3,up,1245449823579,netem,53099132,41226,0,0,0,0,0,50323750,9345,0,51057272,10288,0
1636,1245467879754,1245469889453,20000795,sA-eth3,up,1245469717412,netem,53099132,41226,0,0,0,0,0,50323750,9345,0,51057272,10288,0
1637,1245487873078,1245489779976,19993324,sA-eth3,up,1245489567785,netem,53099132,41226,0,0,0,0,0,50323750,9345,0,51057272,10288,0
1638,1245507894313,1245509807411,20021235,sA-eth3,up,1245509616740,netem,53099132,41226,0,0,0,0,0,50323750,9345,0,51057272,10288,0
1639,1245527886227,1245530134477,19991914,sA-eth3,up,1245529938567,netem,53099132,41226,0,0,0,0,0,50323750,9345,0,51057272,10288,0
1640,1245547881800,1245550221873,19995573,sA-eth3,up,1245550036821,netem,53099132,41226,0,0,0,0,0,50323750,9345,0,51057272,10288,0
1641,1245567892345,1245570067516,20010545,sA-eth3,up,1245569868574,netem,53099132,41226,0,0,0,0,0,50323750,9345,0,51057272,10288,0
1642,1245587890988,1245589813247,19998643,sA-eth3,up,1245589615116,netem,53099132,41226,0,0,0,0,0,50323750,9345,0,51057272,10288,0
1643,1245607874273,1245609698670,19983285,sA-eth3,up,1245609511518,netem,53099132,41226,0,0,0,0,0,50323750,9345,0,51057272,10288,0
1644,1245627882357,1245629759765,20008084,sA-eth3,up,1245629560192,netem,53099132,41226,0,0,0,0,0,50323750,9345,0,51057272,10288,0
1645,1245647887591,1245649800540,20005234,sA-eth3,up,1245649615757,netem,53099132,41226,0,0,0,0,0,50323750,9345,0,51057272,10288,0
1646,1245667896854,1245669886784,20009263,sA-eth3,up,1245669681942,netem,53099132,41226,0,0,0,0,0,50323750,9345,0,51057272,10288,0
1647,1245687875219,1245692771106,19978365,sA-eth3,up,1245692569754,netem,53099132,41226,0,0,0,0,0,50323750,9345,0,51057272,10288,0
1648,1245707877832,1245712518307,20002613,sA-eth3,up,1245712310706,netem,53099132,41226,0,0,0,0,0,50323750,9345,0,51057272,10288,0
1649,1245727874547,1245730103348,19996715,sA-eth3,up,1245729916557,netem,53099132,41226,0,0,0,0,0,50323750,9345,0,51057272,10288,0
1650,1245747887491,1245749831489,20012944,sA-eth3,up,1245749642528,netem,53099202,41227,0,0,0,0,0,50323750,9345,0,51057342,10289,0
1651,1245767877635,1245769916825,19990144,sA-eth3,up,1245769705782,netem,53099202,41227,0,0,0,0,0,50323750,9345,0,51057342,10289,0
1652,1245787883579,1245789866308,20005944,sA-eth3,up,1245789683287,netem,53099202,41227,0,0,0,0,0,50323750,9345,0,51057342,10289,0
1653,1245807896264,1245810713240,20012685,sA-eth3,up,1245810501269,netem,53099202,41227,0,0,0,0,0,50323750,9345,0,51057342,10289,0
1654,1245827901537,1245830292770,20005273,sA-eth3,up,1245830093668,netem,53099202,41227,0,0,0,0,0,50323750,9345,0,51057342,10289,0
1655,1245847878261,1245850082352,19976724,sA-eth3,up,1245849900031,netem,53099202,41227,0,0,0,0,0,50323750,9345,0,51057342,10289,0
1656,1245867882375,1245870184687,20004114,sA-eth3,up,1245869993206,netem,53099202,41227,0,0,0,0,0,50323750,9345,0,51057342,10289,0
1657,1245887883970,1245889760058,20001595,sA-eth3,up,1245889564096,netem,53099202,41227,0,0,0,0,0,50323750,9345,0,51057342,10289,0
1658,1245907890483,1245909900492,20006513,sA-eth3,up,1245909719081,netem,53099202,41227,0,0,0,0,0,50323750,9345,0,51057342,10289,0
1659,1245927879937,1245929740256,19989454,sA-eth3,up,1245929550303,netem,53099202,41227,0,0,0,0,0,50323750,9345,0,51057342,10289,0
1660,1245947876781,1245949722349,19996844,sA-eth3,up,1245949536858,netem,53099202,41227,0,0,0,0,0,50323750,9345,0,51057342,10289,0
1661,1245967879946,1245969706943,20003165,sA-eth3,up,1245969520401,netem,53099202,41227,0,0,0,0,0,50323750,9345,0,51057342,10289,0
1662,1245987881979,1245989751457,20002033,sA-eth3,up,1245989567656,netem,53099202,41227,0,0,0,0,0,50323750,9345,0,51057342,10289,0
1663,1246007872764,1246009813842,19990785,sA-eth3,up,1246009630360,netem,53099202,41227,0,0,0,0,0,50323750,9345,0,51057342,10289,0
1664,1246027885127,1246029707935,20012363,sA-eth3,up,1246029522344,netem,53099202,41227,0,0,0,0,0,50323750,9345,0,51057342,10289,0
1665,1246047874052,1246049708190,19988925,sA-eth3,up,1246049520827,netem,53099202,41227,0,0,0,0,0,50323750,9345,0,51057342,10289,0
1666,1246067887226,1246069725113,20013174,sA-eth3,up,1246069548162,netem,53099202,41227,0,0,0,0,0,50323750,9345,0,51057342,10289,0
1667,1246087883110,1246089743568,19995884,sA-eth3,up,1246089560686,netem,53099202,41227,0,0,0,0,0,50323750,9345,0,51057342,10289,0
1668,1246107876953,1246109659251,19993843,sA-eth3,up,1246109489890,netem,53099202,41227,0,0,0,0,0,50323750,9345,0,51057342,10289,0
1669,1246127880728,1246130635395,20003775,sA-eth3,up,1246130462723,netem,53099202,41227,0,0,0,0,0,50323750,9345,0,51057342,10289,0
1670,1246147899283,1246150556778,20018555,sA-eth3,up,1246150375656,netem,53099202,41227,0,0,0,0,0,50323750,9345,0,51057342,10289,0
1671,1246167880317,1246170382371,19981034,sA-eth3,up,1246170199569,netem,53099202,41227,0,0,0,0,0,50323750,9345,0,51057342,10289,0
1672,1246187870931,1246192551217,19990614,sA-eth3,up,1246192375845,netem,53099202,41227,0,0,0,0,0,50323750,9345,0,51057342,10289,0
1673,1246207876046,1246212134398,20005115,sA-eth3,up,1246211929735,netem,53099202,41227,0,0,0,0,0,50323750,9345,0,51057342,10289,0
1674,1246227913092,1246230338455,20037046,sA-eth3,up,1246230145552,netem,53099202,41227,0,0,0,0,0,50323750,9345,0,51057342,10289,0
1675,1246247889405,1246249829415,19976313,sA-eth3,up,1246249632902,netem,53099202,41227,0,0,0,0,0,50323750,9345,0,51057342,10289,0
1676,1246267879350,1246270149003,19989945,sA-eth3,up,1246269962780,netem,53099202,41227,0,0,0,0,0,50323750,9345,0,51057342,10289,0
1677,1246287877845,1246290698242,19998495,sA-eth3,up,1246290517131,netem,53099202,41227,0,0,0,0,0,50323750,9345,0,51057342,10289,0
1678,1246307874509,1246309887619,19996664,sA-eth3,up,1246309714618,netem,53099202,41227,0,0,0,0,0,50323750,9345,0,51057342,10289,0
1679,1246327878424,1246329870903,20003915,sA-eth3,up,1246329591551,netem,53099390,41229,0,0,0,0,0,50328226,9347,0,51057530,10291,0
1680,1246347880639,1246350232431,20002215,sA-eth3,up,1246350057320,netem,53100588,41244,0,0,0,66,1,50384372,9364,0,51058728,10306,0
1681,1246367871493,1246370090715,19990854,sA-eth3,up,1246369891894,netem,53101578,41257,0,0,0,0,0,50454668,9376,0,51059718,10319,0
1682,1246387869299,1246389716656,19997806,sA-eth3,up,1246389529315,netem,53102120,41264,0,0,0,0,0,50511668,9384,0,51060260,10326,0
1683,1246407882574,1246409781152,20013275,sA-eth3,up,1246409593470,netem,53102974,41275,0,0,0,0,0,50584662,9393,0,51061114,10337,0
1684,1246427880998,1246430174990,19998424,sA-eth3,up,1246429978009,netem,53104068,41288,0,0,0,0,0,50681220,9408,0,51062208,10350,0
1685,1246447871862,1246449650620,19990864,sA-eth3,up,1246449481828,netem,53104920,41300,0,0,0,78,1,50765996,9420,0,51063138,10363,0
1686,1246467881847,1246469794965,20009985,sA-eth3,up,1246469604474,netem,53105484,41308,0,0,0,0,0,50817138,9427,0,51063624,10370,0
1687,1246487881691,1246490160705,19999844,sA-eth3,up,1246489976192,netem,53106148,41316,0,0,0,66,1,50882892,9436,0,51064288,10378,0
1688,1246507869397,1246509765655,19987706,sA-eth3,up,1246509580633,netem,53106868,41326,0,0,0,66,1,50948646,9445,0,51065074,10389,0
1689,1246527872641,1246529673098,20003244,sA-eth3,up,1246529495977,netem,53107090,41329,0,0,0,0,0,50951618,9447,0,51065230,10391,0
1690,1246547875746,1246549675464,20003105,sA-eth3,up,1246549497051,netem,53107090,41329,0,0,0,0,0,50951618,9447,0,51065230,10391,0
1691,1246567883611,1246570270114,20007865,sA-eth3,up,1246570094793,netem,53107090,41329,0,0,0,0,0,50951618,9447,0,51065230,10391,0
1692,1246587874155,1246589894575,19990544,sA-eth3,up,1246589719623,netem,53107090,41329,0,0,0,0,0,50951618,9447,0,51065230,10391,0
1693,1246607873560,1246609741228,19999405,sA-eth3,up,1246609553017,netem,53107090,41329,0,0,0,0,0,50951618,9447,0,51065230,10391,0
1694,1246627892175,1246630192028,20018615,sA-eth3,up,1246629984935,netem,53107090,41329,0,0,0,0,0,50951618,9447,0,51065230,10391,0
1695,1246647879089,1246649718527,19986914,sA-eth3,up,1246649526355,netem,53107090,41329,0,0,0,0,0,50951618,9447,0,51065230,10391,0
1696,1246667881905,1246669782573,20002816,sA-eth3,up,1246669596481,netem,53107090,41329,0,0,0,0,0,50951618,9447,0,51065230,10391,0
1697,1246687885069,1246689771897,20003164,sA-eth3,up,1246689586106,netem,53107090,41329,0,0,0,0,0,50951618,9447,0,51065230,10391,0
1698,1246707875563,1246709652901,19990494,sA-eth3,up,1246709484329,netem,53107090,41329,0,0,0,0,0,50951618,9447,0,51065230,10391,0
1699,1246727877608,1246729703396,20002045,sA-eth3,up,1246729522403,netem,53107090,41329,0,0,0,0,0,50951618,9447,0,51065230,10391,0
1700,1246747882062,1246749762171,20004454,sA-eth3,up,1246749575340,netem,53107090,41329,0,0,0,0,0,50951618,9447,0,51065230,10391,0
1701,1246767875868,1246769734726,19993806,sA-eth3,up,1246769544804,netem,53107090,41329,0,0,0,0,0,50951618,9447,0,51065230,10391,0
1702,1246787871731,1246789645169,19995863,sA-eth3,up,1246789479468,netem,53107090,41329,0,0,0,0,0,50951618,9447,0,51065230,10391,0
1703,1246807880487,1246809720705,20008756,sA-eth3,up,1246809528253,netem,53107090,41329,0,0,0,0,0,50951618,9447,0,51065230,10391,0
1704,1246827882411,1246829761740,20001924,sA-eth3,up,1246829574078,netem,53107090,41329,0,0,0,0,0,50951618,9447,0,51065230,10391,0
1705,1246847877726,1246850192159,19995315,sA-eth3,up,1246850023017,netem,53107090,41329,0,0,0,0,0,50951618,9447,0,51065230,10391,0
1706,1246867870491,1246869643898,19992765,sA-eth3,up,1246869479306,netem,53107090,41329,0,0,0,0,0,50951618,9447,0,51065230,10391,0
1707,1246887875555,1246889986776,20005064,sA-eth3,up,1246889823234,netem,53107090,41329,0,0,0,0,0,50951618,9447,0,51065230,10391,0
1708,1246907885381,1246909765049,20009826,sA-eth3,up,1246909579827,netem,53107090,41329,0,0,0,0,0,50951618,9447,0,51065230,10391,0
1709,1246927877674,1246930057036,19992293,sA-eth3,up,1246929867655,netem,53107090,41329,0,0,0,0,0,50951618,9447,0,51065230,10391,0
1710,1246947875100,1246949672778,19997426,sA-eth3,up,1246949486185,netem,53107090,41329,0,0,0,0,0,50951618,9447,0,51065230,10391,0
1711,1246967874914,1246969726832,19999814,sA-eth3,up,1246969548950,netem,53107090,41329,0,0,0,0,0,50951618,9447,0,51065230,10391,0
1712,1246987876069,1246989712867,20001155,sA-eth3,up,1246989532355,netem,53107090,41329,0,0,0,0,0,50951618,9447,0,51065230,10391,0
1713,1247007874713,1247010211806,19998644,sA-eth3,up,1247010038695,netem,53107090,41329,0,0,0,0,0,50951618,9447,0,51065230,10391,0
1714,1247027876138,1247030001239,20001425,sA-eth3,up,1247029836297,netem,53107090,41329,0,0,0,0,0,50951618,9447,0,51065230,10391,0
1715,1247047872953,1247049648270,19996815,sA-eth3,up,1247049482689,netem,53107090,41329,0,0,0,0,0,50951618,9447,0,51065230,10391,0
1716,1247067876317,1247070179490,20003364,sA-eth3,up,1247069987328,netem,53107090,41329,0,0,0,0,0,50951618,9447,0,51065230,10391,0
1717,1247087882372,1247089942682,20006055,sA-eth3,up,1247089775891,netem,53107090,41329,0,0,0,0,0,50951618,9447,0,51065230,10391,0
1718,1247107874657,1247109700385,19992285,sA-eth3,up,1247109522043,netem,53107090,41329,0,0,0,0,0,50951618,9447,0,51065230,10391,0
1719,1247127874182,1247129688520,19999525,sA-eth3,up,1247129502168,netem,53107090,41329,0,0,0,0,0,50951618,9447,0,51065230,10391,0
1720,1247147877317,1247150174739,20003135,sA-eth3,up,1247149992087,netem,53107090,41329,0,0,0,0,0,50951618,9447,0,51065230,10391,0
1721,1247167881481,1247169906222,20004164,sA-eth3,up,1247169737520,netem,53107090,41329,0,0,0,0,0,50951618,9447,0,51065230,10391,0
1722,1247187874837,1247189681765,19993356,sA-eth3,up,1247189508023,netem,53107090,41329,0,0,0,0,0,50951618,9447,0,51065230,10391,0
1723,1247207880333,1247209717071,20005496,sA-eth3,up,1247209526358,netem,53107090,41329,0,0,0,0,0,50951618,9447,0,51065230,10391,0
1724,1247227876297,1247229754456,19995964,sA-eth3,up,1247229564364,netem,53107090,41329,0,0,0,0,0,50951618,9447,0,51065230,10391,0
1725,1247247881593,1247249755911,20005296,sA-eth3,up,1247249569620,netem,53107090,41329,0,0,0,0,0,50951618,9447,0,51065230,10391,0
1726,1247267876998,1247269733186,19995405,sA-eth3,up,1247269554314,netem,53107090,41329,0,0,0,0,0,50951618,9447,0,51065230,10391,0
1727,1247287868054,1247289624161,19991056,sA-eth3,up,1247289460699,netem,53107160,41330,0,0,0,0,0,50951618,9447,0,51065300,10392,0
1728,1247307873949,1247309688436,20005895,sA-eth3,up,1247309511885,netem,53107160,41330,0,0,0,0,0,50951618,9447,0,51065300,10392,0
1729,1247327886624,1247330194057,20012675,sA-eth3,up,1247330024785,netem,53107160,41330,0,0,0,0,0,50951618,9447,0,51065300,10392,0
1730,1247347880349,1247349740868,19993725,sA-eth3,up,1247349563307,netem,53107160,41330,0,0,0,0,0,50951618,9447,0,51065300,10392,0
1731,1247367871105,1247369980395,19990756,sA-eth3,up,1247369811274,netem,53107160,41330,0,0,0,0,0,50951618,9447,0,51065300,10392,0
1732,1247387873190,1247389647597,20002085,sA-eth3,up,1247389484126,netem,53107160,41330,0,0,0,0,0,50951618,9447,0,51065300,10392,0
1733,1247407878405,1247409696283,20005215,sA-eth3,up,1247409511702,netem,53107160,41330,0,0,0,0,0,50951618,9447,0,51065300,10392,0
1734,1247427882271,1247429768739,20003866,sA-eth3,up,1247429584738,netem,53107160,41330,0,0,0,0,0,50951618,9447,0,51065300,10392,0
1735,1247447873936,1247450141998,19991665,sA-eth3,up,1247449957956,netem,53107160,41330,0,0,0,0,0,50951618,9447,0,51065300,10392,0
1736,1247467873711,1247469656618,19999775,sA-eth3,up,1247469485547,netem,53107160,41330,0,0,0,0,0,50951618,9447,0,51065300,10392,0
1737,1247487887737,1247489777584,20014026,sA-eth3,up,1247489581133,netem,53107160,41330,0,0,0,0,0,50951618,9447,0,51065300,10392,0
1738,1247507879902,1247509743930,19992165,sA-eth3,up,1247509563478,netem,53107160,41330,0,0,0,0,0,50951618,9447,0,51065300,10392,0
1739,1247527876787,1247530212960,19996885,sA-eth3,up,1247530038079,netem,53107160,41330,0,0,0,0,0,50951618,9447,0,51065300,10392,0
1740,1247547875342,1247549652309,19998555,sA-eth3,up,1247549478418,netem,53107160,41330,0,0,0,0,0,50951618,9447,0,51065300,10392,0
1741,1247567876639,1247569966158,20001297,sA-eth3,up,1247569801737,netem,53107160,41330,0,0,0,0,0,50951618,9447,0,51065300,10392,0
1742,1247587882103,1247589722741,20005464,sA-eth3,up,1247589540070,netem,53107160,41330,0,0,0,0,0,50951618,9447,0,51065300,10392,0
1743,1247607877808,1247610066020,19995705,sA-eth3,up,1247609877117,netem,53107160,41330,0,0,0,0,0,50951618,9447,0,51065300,10392,0
1744,1247627872604,1247629657180,19994796,sA-eth3,up,1247629486829,netem,53107160,41330,0,0,0,0,0,50951618,9447,0,51065300,10392,0
1745,1247647875888,1247649676896,20003284,sA-eth3,up,1247649495935,netem,53107160,41330,0,0,0,0,0,50951618,9447,0,51065300,10392,0
1746,1247667881514,1247669740282,20005626,sA-eth3,up,1247669557901,netem,53107160,41330,0,0,0,0,0,50951618,9447,0,51065300,10392,0
1747,1247687875589,1247689735128,19994075,sA-eth3,up,1247689560626,netem,53107160,41330,0,0,0,0,0,50951618,9447,0,51065300,10392,0
1748,1247707873484,1247709749403,19997895,sA-eth3,up,1247709561471,netem,53107160,41330,0,0,0,0,0,50951618,9447,0,51065300,10392,0
1749,1247727876989,1247730157952,20003505,sA-eth3,up,1247729977101,netem,53107160,41330,0,0,0,0,0,50951618,9447,0,51065300,10392,0
1750,1247747882095,1247750182527,20005106,sA-eth3,up,1247749999216,netem,53107160,41330,0,0,0,0,0,50951618,9447,0,51065300,10392,0
1751,1247767879871,1247770274344,19997776,sA-eth3,up,1247770094413,netem,53107160,41330,0,0,0,0,0,50951618,9447,0,51065300,10392,0
1752,1247787871756,1247790230089,19991885,sA-eth3,up,1247790061138,netem,53107160,41330,0,0,0,0,0,50951618,9447,0,51065300,10392,0
1753,1247807874621,1247810137453,20002865,sA-eth3,up,1247809953951,netem,53107160,41330,0,0,0,0,0,50951618,9447,0,51065300,10392,0
1754,1247827878526,1247829674024,20003905,sA-eth3,up,1247829492612,netem,53107160,41330,0,0,0,0,0,50951618,9447,0,51065300,10392,0
1755,1247847881212,1247850131514,20002686,sA-eth3,up,1247849936861,netem,53107160,41330,0,0,0,0,0,50951618,9447,0,51065300,10392,0
1756,1247867867957,1247869693425,19986745,sA-eth3,up,1247869513853,netem,53107160,41330,0,0,0,0,0,50951618,9447,0,51065300,10392,0
1757,1247887874013,1247889982513,20006056,sA-eth3,up,1247889818952,netem,53107160,41330,0,0,0,0,0,50951618,9447,0,51065300,10392,0
1758,1247907870327,1247909652755,19996314,sA-eth3,up,1247909487004,netem,53107160,41330,0,0,0,0,0,50951618,9447,0,51065300,10392,0
1759,1247927878983,1247930079834,20008656,sA-eth3,up,1247929891402,netem,53107160,41330,0,0,0,0,0,50951618,9447,0,51065300,10392,0
1760,1247947877088,1247949864957,19998105,sA-eth3,up,1247949700336,netem,53107160,41330,0,0,0,0,0,50951618,9447,0,51065300,10392,0
1761,1247967872794,1247969642620,19995706,sA-eth3,up,1247969479949,netem,53107160,41330,0,0,0,0,0,50951618,9447,0,51065300,10392,0
1762,1247987875598,1247989967509,20002804,sA-eth3,up,1247989792607,netem,53107160,41330,0,0,0,0,0,50951618,9447,0,51065300,10392,0
1763,1248007874794,1248009739522,19999196,sA-eth3,up,1248009556210,netem,53107160,41330,0,0,0,0,0,50951618,9447,0,51065300,10392,0
1764,1248027876189,1248029712407,20001395,sA-eth3,up,1248029534655,netem,53107160,41330,0,0,0,0,0,50951618,9447,0,51065300,10392,0
1765,1248047874064,1248049745492,19997875,sA-eth3,up,1248049565451,netem,53107160,41330,0,0,0,0,0,50951618,9447,0,51065300,10392,0
1766,1248067875660,1248069753158,20001596,sA-eth3,up,1248069577637,netem,53107160,41330,0,0,0,0,0,50951618,9447,0,51065300,10392,0
1767,1248087880756,1248089852124,20005096,sA-eth3,up,1248089654563,netem,53107160,41330,0,0,0,0,0,50951618,9447,0,51065300,10392,0
1768,1248107876811,1248109794850,19996055,sA-eth3,up,1248109620057,netem,53107160,41330,0,0,0,0,0,50951618,9447,0,51065300,10392,0
1769,1248127873375,1248129677343,19996564,sA-eth3,up,1248129502382,netem,53107160,41330,0,0,0,0,0,50951618,9447,0,51065300,10392,0
1770,1248147874982,1248149719330,20001607,sA-eth3,up,1248149539488,netem,53107160,41330,0,0,0,0,0,50951618,9447,0,51065300,10392,0
1771,1248167882437,1248170103619,20007455,sA-eth3,up,1248169911538,netem,53107160,41330,0,0,0,0,0,50951618,9447,0,51065300,10392,0
1772,1248187874403,1248192203285,19991966,sA-eth3,up,1248192029384,netem,53107160,41330,0,0,0,0,0,50951618,9447,0,51065300,10392,0
1773,1248207866579,1248209654247,19992176,sA-eth3,up,1248209488285,netem,53107160,41330,0,0,0,0,0,50951618,9447,0,51065300,10392,0
1774,1248227874935,1248229753973,20008356,sA-eth3,up,1248229528821,netem,53107160,41330,0,0,0,0,0,50951618,9447,0,51065300,10392,0
1775,1248247881701,1248249745720,20006766,sA-eth3,up,1248249564877,netem,53107160,41330,0,0,0,0,0,50951618,9447,0,51065300,10392,0
1776,1248267878187,1248270323271,19996486,sA-eth3,up,1248270152599,netem,53107160,41330,0,0,0,0,0,50951618,9447,0,51065300,10392,0
1777,1248287867462,1248290136044,19989275,sA-eth3,up,1248289950793,netem,53107160,41330,0,0,0,0,0,50951618,9447,0,51065300,10392,0
1778,1248307868149,1248312794997,20000687,sA-eth3,up,1248312607516,netem,53107160,41330,0,0,0,0,0,50951618,9447,0,51065300,10392,0
1779,1248327873814,1248330140667,20005665,sA-eth3,up,1248329953425,netem,53107160,41330,0,0,0,0,0,50951618,9447,0,51065300,10392,0
1780,1248347881620,1248350350794,20007806,sA-eth3,up,1248350184844,netem,53107160,41330,0,0,0,0,0,50951618,9447,0,51065300,10392,0
1781,1248367874486,1248369870006,19992866,sA-eth3,up,1248369709823,netem,53107160,41330,0,0,0,0,0,50951618,9447,0,51065300,10392,0
1782,1248387873412,1248389931573,19998926,sA-eth3,up,1248389764671,netem,53107160,41330,0,0,0,0,0,50951618,9447,0,51065300,10392,0
1783,1248407874638,1248409713046,20001226,sA-eth3,up,1248409536484,netem,53107160,41330,0,0,0,0,0,50951618,9447,0,51065300,10392,0
1784,1248427880414,1248430043906,20005776,sA-eth3,up,1248429856193,netem,53107160,41330,0,0,0,0,0,50951618,9447,0,51065300,10392,0
1785,1248447876200,1248449678098,19995786,sA-eth3,up,1248449504537,netem,53107160,41330,0,0,0,0,0,50951618,9447,0,51065300,10392,0
1786,1248467873456,1248470066578,19997256,sA-eth3,up,1248469873445,netem,53107160,41330,0,0,0,0,0,50951618,9447,0,51065300,10392,0
1787,1248487873852,1248489837211,20000396,sA-eth3,up,1248489668039,netem,53107160,41330,0,0,0,0,0,50951618,9447,0,51065300,10392,0
1788,1248507882087,1248509910498,20008235,sA-eth3,up,1248509744746,netem,53107160,41330,0,0,0,0,0,50951618,9447,0,51065300,10392,0
1789,1248527875413,1248529715451,19993326,sA-eth3,up,1248529532030,netem,53107160,41330,0,0,0,0,0,50951618,9447,0,51065300,10392,0
1790,1248547874830,1248549844849,19999417,sA-eth3,up,1248549678567,netem,53107160,41330,0,0,0,0,0,50951618,9447,0,51065300,10392,0
1791,1248567876875,1248569657542,20002045,sA-eth3,up,1248569494722,netem,53107160,41330,0,0,0,0,0,50951618,9447,0,51065300,10392,0
1792,1248587893282,1248589822080,20016407,sA-eth3,up,1248589627109,netem,53107160,41330,0,0,0,0,0,50951618,9447,0,51065300,10392,0
1793,1248607881427,1248609762146,19988145,sA-eth3,up,1248609566474,netem,53107160,41330,0,0,0,0,0,50951618,9447,0,51065300,10392,0
1794,1248627875553,1248629649440,19994126,sA-eth3,up,1248629478919,netem,53107160,41330,0,0,0,0,0,50951618,9447,0,51065300,10392,0
1795,1248647876629,1248649939300,20001076,sA-eth3,up,1248649773527,netem,53107160,41330,0,0,0,0,0,50951618,9447,0,51065300,10392,0
1796,1248667874875,1248670142797,19998246,sA-eth3,up,1248669956315,netem,53107160,41330,0,0,0,0,0,50951618,9447,0,51065300,10392,0
1797,1248687878032,1248690249384,20003157,sA-eth3,up,1248690067923,netem,53107160,41330,0,0,0,0,0,50951618,9447,0,51065300,10392,0
1798,1248707870437,1248710382192,19992405,sA-eth3,up,1248710213410,netem,53107160,41330,0,0,0,0,0,50951618,9447,0,51065300,10392,0
1799,1248727872703,1248729709900,20002266,sA-eth3,up,1248729521229,netem,53107160,41330,0,0,0,0,0,50951618,9447,0,51065300,10392,0
1800,1248747878269,1248750058620,20005566,sA-eth3,up,1248749868378,netem,53107160,41330,0,0,0,0,0,50951618,9447,0,51065300,10392,0
1801,1248767883044,1248769952255,20004775,sA-eth3,up,1248769774903,netem,53107160,41330,0,0,0,0,0,50951618,9447,0,51065300,10392,0
1802,1248787871980,1248789692488,19988936,sA-eth3,up,1248789514677,netem,53107160,41330,0,0,0,0,0,50951618,9447,0,51065300,10392,0
1803,1248807875807,1248809781285,20003827,sA-eth3,up,1248809603274,netem,53107160,41330,0,0,0,0,0,50951618,9447,0,51065300,10392,0
1804,1248827878982,1248830166344,20003175,sA-eth3,up,1248829981543,netem,53107160,41330,0,0,0,0,0,50951618,9447,0,51065300,10392,0
1805,1248847882948,1248849758737,20003966,sA-eth3,up,1248849582475,netem,53107160,41330,0,0,0,0,0,50951618,9447,0,51065300,10392,0
1806,1248867879104,1248869707302,19996156,sA-eth3,up,1248869531720,netem,53107160,41330,0,0,0,0,0,50951618,9447,0,51065300,10392,0
1807,1248887875480,1248889707098,19996376,sA-eth3,up,1248889529727,netem,53107160,41330,0,0,0,0,0,50951618,9447,0,51065300,10392,0
1808,1248907878256,1248909698154,20002776,sA-eth3,up,1248909519832,netem,53107160,41330,0,0,0,0,0,50951618,9447,0,51065300,10392,0
1809,1248927884232,1248929756860,20005976,sA-eth3,up,1248929570779,netem,53107160,41330,0,0,0,0,0,50951618,9447,0,51065300,10392,0
1810,1248947879317,1248949792277,19995085,sA-eth3,up,1248949595965,netem,53107160,41330,0,0,0,0,0,50951618,9447,0,51065300,10392,0
1811,1248967875194,1248969641112,19995877,sA-eth3,up,1248969476389,netem,53107160,41330,0,0,0,0,0,50951618,9447,0,51065300,10392,0
1812,1248987877639,1248989651697,20002445,sA-eth3,up,1248989487166,netem,53107160,41330,0,0,0,0,0,50951618,9447,0,51065300,10392,0
1813,1249007874506,1249009724524,19996867,sA-eth3,up,1249009542762,netem,53107160,41330,0,0,0,0,0,50951618,9447,0,51065300,10392,0
1814,1249027876691,1249030222864,20002185,sA-eth3,up,1249030048873,netem,53107160,41330,0,0,0,0,0,50951618,9447,0,51065300,10392,0
1815,1249047871027,1249049650545,19994336,sA-eth3,up,1249049489992,netem,53107160,41330,0,0,0,0,0,50951618,9447,0,51065300,10392,0
1816,1249067876012,1249069684620,20004985,sA-eth3,up,1249069503949,netem,53107160,41330,0,0,0,0,0,50951618,9447,0,51065300,10392,0
1817,1249087874049,1249089884469,19998037,sA-eth3,up,1249089715367,netem,53107160,41330,0,0,0,0,0,50951618,9447,0,51065300,10392,0
1818,1249107877625,1249110131667,20003576,sA-eth3,up,1249109944365,netem,53107160,41330,0,0,0,0,0,50951618,9447,0,51065300,10392,0
1819,1249127873061,1249129731939,19995436,sA-eth3,up,1249129545007,netem,53107160,41330,0,0,0,0,0,50951618,9447,0,51065300,10392,0
1820,1249147870718,1249149698215,19997657,sA-eth3,up,1249149512173,netem,53107160,41330,0,0,0,0,0,50951618,9447,0,51065300,10392,0
1821,1249167878624,1249169731673,20007906,sA-eth3,up,1249169548560,netem,53107160,41330,0,0,0,0,0,50951618,9447,0,51065300,10392,0
1822,1249187881451,1249190096122,20002827,sA-eth3,up,1249189899530,netem,53107160,41330,0,0,0,0,0,50951618,9447,0,51065300,10392,0
1823,1249207871207,1249210100219,19989756,sA-eth3,up,1249209908727,netem,53107160,41330,0,0,0,0,0,50951618,9447,0,51065300,10392,0
1824,1249227875704,1249230125346,20004497,sA-eth3,up,1249229921233,netem,53107160,41330,0,0,0,0,0,50951618,9447,0,51065300,10392,0
1825,1249247869190,1249249790889,19993486,sA-eth3,up,1249249614377,netem,53107160,41330,0,0,0,0,0,50951618,9447,0,51065300,10392,0
1826,1249267880557,1249270205309,20011367,sA-eth3,up,1249270034958,netem,53107160,41330,0,0,0,0,0,50951618,9447,0,51065300,10392,0
1827,1249287876583,1249290300636,19996026,sA-eth3,up,1249290136505,netem,53107160,41330,0,0,0,0,0,50951618,9447,0,51065300,10392,0
1828,1249307872320,1249309951550,19995737,sA-eth3,up,1249309787278,netem,53107160,41330,0,0,0,0,0,50951618,9447,0,51065300,10392,0
1829,1249327876736,1249330521962,20004416,sA-eth3,up,1249330242369,netem,53107160,41330,0,0,0,0,0,50951618,9447,0,51065300,10392,0
1830,1249347903573,1249349894192,20026837,sA-eth3,up,1249349700981,netem,53107160,41330,0,0,0,0,0,50951618,9447,0,51065300,10392,0
1831,1249367882260,1249369726667,19978687,sA-eth3,up,1249369541855,netem,53107160,41330,0,0,0,0,0,50951618,9447,0,51065300,10392,0
1832,1249387870826,1249389744714,19988566,sA-eth3,up,1249389554042,netem,53107160,41330,0,0,0,0,0,50951618,9447,0,51065300,10392,0
1833,1249407876953,1249409701311,20006127,sA-eth3,up,1249409507028,netem,53107160,41330,0,0,0,0,0,50951618,9447,0,51065300,10392,0
1834,1249427885579,1249430218661,20008626,sA-eth3,up,1249430038759,netem,53107160,41330,0,0,0,0,0,50951618,9447,0,51065300,10392,0
1835,1249447879106,1249449769304,19993527,sA-eth3,up,1249449590472,netem,53107160,41330,0,0,0,0,0,50951618,9447,0,51065300,10392,0
1836,1249467875782,1249470055394,19996676,sA-eth3,up,1249469861981,netem,53107160,41330,0,0,0,0,0,50951618,9447,0,51065300,10392,0
1837,1249487881219,1249489816797,20005437,sA-eth3,up,1249489639885,netem,53107160,41330,0,0,0,0,0,50951618,9447,0,51065300,10392,0
1838,1249507886615,1249509698893,20005396,sA-eth3,up,1249509524431,netem,53107160,41330,0,0,0,0,0,50951618,9447,0,51065300,10392,0
1839,1249527881451,1249529736300,19994836,sA-eth3,up,1249529556117,netem,53107160,41330,0,0,0,0,0,50951618,9447,0,51065300,10392,0
1840,1249547875878,1249550148910,19994427,sA-eth3,up,1249549963508,netem,53107160,41330,0,0,0,0,0,50951618,9447,0,51065300,10392,0
1841,1249567877165,1249569838224,20001287,sA-eth3,up,1249569671442,netem,53107160,41330,0,0,0,0,0,50951618,9447,0,51065300,10392,0
1842,1249587880521,1249589891481,20003356,sA-eth3,up,1249589717409,netem,53107160,41330,0,0,0,0,0,50951618,9447,0,51065300,10392,0
1843,1249607878828,1249609787546,19998307,sA-eth3,up,1249609575414,netem,53107160,41330,0,0,0,0,0,50951618,9447,0,51065300,10392,0
1844,1249627879265,1249630089596,20000437,sA-eth3,up,1249629889234,netem,53107160,41330,0,0,0,0,0,50951618,9447,0,51065300,10392,0
1845,1249647876620,1249649652247,19997355,sA-eth3,up,1249649485816,netem,53107160,41330,0,0,0,0,0,50951618,9447,0,51065300,10392,0
1846,1249667909318,1249669720786,20032698,sA-eth3,up,1249669541464,netem,53107238,41331,0,0,0,0,0,50953132,9448,0,51065378,10393,0
1847,1249687887534,1249689746792,19978216,sA-eth3,up,1249689564350,netem,53107238,41331,0,0,0,0,0,50953132,9448,0,51065378,10393,0
1848,1249707880840,1249710157813,19993306,sA-eth3,up,1249709975781,netem,53107238,41331,0,0,0,0,0,50953132,9448,0,51065378,10393,0
1849,1249727876506,1249729667424,19995666,sA-eth3,up,1249729492152,netem,53107238,41331,0,0,0,0,0,50953132,9448,0,51065378,10393,0
1850,1249747882434,1249750040124,20005928,sA-eth3,up,1249749846463,netem,53107238,41331,0,0,0,0,0,50953132,9448,0,51065378,10393,0
1851,1249767883829,1249769794749,20001395,sA-eth3,up,1249769606156,netem,53107238,41331,0,0,0,0,0,50953132,9448,0,51065378,10393,0
1852,1249787876696,1249790146359,19992867,sA-eth3,up,1249789937956,netem,53107238,41331,0,0,0,0,0,50953132,9448,0,51065378,10393,0
1853,1249807876272,1249809762391,19999576,sA-eth3,up,1249809583699,netem,53107238,41331,0,0,0,0,0,50953132,9448,0,51065378,10393,0
1854,1249827879299,1249829675557,20003027,sA-eth3,up,1249829495685,netem,53107238,41331,0,0,0,0,0,50953132,9448,0,51065378,10393,0
1855,1249847879365,1249849758395,20000066,sA-eth3,up,1249849571282,netem,53107238,41331,0,0,0,0,0,50953132,9448,0,51065378,10393,0
1856,1249867879822,1249869819482,20000457,sA-eth3,up,1249869641190,netem,53107238,41331,0,0,0,78,1,50954646,9449,0,51065456,10394,0
1857,1249887875678,1249890071400,19995856,sA-eth3,up,1249889884409,netem,53107382,41333,0,0,0,0,0,50956160,9450,0,51065522,10395,0
1858,1249907882535,1249909821685,20006857,sA-eth3,up,1249909633522,netem,53107382,41333,0,0,0,0,0,50956160,9450,0,51065522,10395,0
1859,1249927887941,1249929744289,20005406,sA-eth3,up,1249929555448,netem,53107382,41333,0,0,0,0,0,50956160,9450,0,51065522,10395,0
1860,1249947879328,1249949725846,19991387,sA-eth3,up,1249949551815,netem,53107382,41333,0,0,0,0,0,50956160,9450,0,51065522,10395,0
1861,1249967873765,1249969641552,19994437,sA-eth3,up,1249969477961,netem,53107382,41333,0,0,0,0,0,50956160,9450,0,51065522,10395,0
1862,1249987871961,1249989636718,19998196,sA-eth3,up,1249989474577,netem,53107382,41333,0,0,0,0,0,50956160,9450,0,51065522,10395,0
1863,1250007872857,1250009654075,20000896,sA-eth3,up,1250009493314,netem,53107382,41333,0,0,0,0,0,50956160,9450,0,51065522,10395,0
1864,1250027880864,1250029766223,20008007,sA-eth3,up,1250029587221,netem,53107382,41333,0,0,0,0,0,50956160,9450,0,51065522,10395,0
1865,1250047869121,1250049650178,19988257,sA-eth3,up,1250049489557,netem,53107382,41333,0,0,0,0,0,50956160,9450,0,51065522,10395,0
1866,1250067876347,1250069685965,20007226,sA-eth3,up,1250069509134,netem,53107382,41333,0,0,0,0,0,50956160,9450,0,51065522,10395,0
1867,1250087870504,1250090218227,19994157,sA-eth3,up,1250090048355,netem,53107382,41333,0,0,0,0,0,50956160,9450,0,51065522,10395,0
1868,1250107874470,1250109834520,20003966,sA-eth3,up,1250109655348,netem,53107382,41333,0,0,0,0,0,50956160,9450,0,51065522,10395,0
1869,1250127880357,1250129731595,20005887,sA-eth3,up,1250129545154,netem,53107382,41333,0,0,0,0,0,50956160,9450,0,51065522,10395,0
1870,1250147876384,1250149621662,19996027,sA-eth3,up,1250149451919,netem,53107382,41333,0,0,0,0,0,50956160,9450,0,51065522,10395,0
1871,1250167880291,1250169629728,20003907,sA-eth3,up,1250169468817,netem,53107382,41333,0,0,0,0,0,50956160,9450,0,51065522,10395,0
1872,1250187885289,1250189674176,20004998,sA-eth3,up,1250189497004,netem,53107382,41333,0,0,0,0,0,50956160,9450,0,51065522,10395,0
1873,1250207882386,1250209673313,19997097,sA-eth3,up,1250209499431,netem,53107382,41333,0,0,0,0,0,50956160,9450,0,51065522,10395,0
1874,1250227871923,1250229886703,19989537,sA-eth3,up,1250229645260,netem,53107604,41336,0,0,0,78,1,50985474,9455,0,51065744,10398,0
1875,1250247885460,1250249698878,20013537,sA-eth3,up,1250249521386,netem,53108278,41345,0,0,0,0,0,51043922,9463,0,51066418,10407,0
1876,1250267857256,1250269644494,19971796,sA-eth3,up,1250269474513,netem,53108944,41354,0,0,0,0,0,51102370,9471,0,51067084,10416,0
1877,1250287877594,1250289682422,20020338,sA-eth3,up,1250289508520,netem,53109652,41364,0,0,0,66,1,51190042,9483,0,51067792,10426,0
1878,1250307871422,1250309635038,19993828,sA-eth3,up,1250309445727,netem,53110390,41375,0,0,0,0,0,51263102,9493,0,51068530,10437,0
1879,1250327875418,1250329826448,20003996,sA-eth3,up,1250329615596,netem,53111110,41385,0,0,0,66,1,51343468,9504,0,51069316,10448,0
1880,1250347881116,1250349766744,20005698,sA-eth3,up,1250349567122,netem,53111806,41395,0,0,0,0,0,51409222,9513,0,51069946,10457,0
1881,1250367874982,1250369772381,19993866,sA-eth3,up,1250369581329,netem,53112394,41403,0,0,0,0,0,51480768,9522,0,51070534,10465,0
1882,1250387873980,1250389718938,19998998,sA-eth3,up,1250389539707,netem,53113230,41413,0,0,0,0,0,51526316,9532,0,51071370,10475,0
1883,1250407872787,1250409650585,19998807,sA-eth3,up,1250409485052,netem,53114068,41424,0,0,0,86,1,51590754,9543,0,51072294,10487,0
1884,1250427877914,1250429776332,20005127,sA-eth3,up,1250429596391,netem,53114898,41435,0,0,0,0,0,51643608,9554,0,51073038,10497,0
1885,1250447880402,1250450296785,20002488,sA-eth3,up,1250450123064,netem,53115672,41446,0,0,0,66,1,51705150,9565,0,51073878,10509,0
1886,1250467883748,1250470248491,20003346,sA-eth3,up,1250470054089,netem,53116392,41456,0,0,0,78,1,51759386,9575,0,51074532,10518,0
1887,1250487870956,1250489869404,19987208,sA-eth3,up,1250489699663,netem,53117100,41466,0,0,0,0,0,51807764,9584,0,51075240,10528,0
1888,1250507873703,1250509862622,20002747,sA-eth3,up,1250509683981,netem,53117342,41469,0,0,0,0,0,51825338,9587,0,51075482,10531,0
1889,1250527882190,1250529868870,20008487,sA-eth3,up,1250529699077,netem,53117342,41469,0,0,0,0,0,51825338,9587,0,51075482,10531,0
1890,1250547868907,1250549755526,19986717,sA-eth3,up,1250549579184,netem,53117342,41469,0,0,0,0,0,51825338,9587,0,51075482,10531,0
1891,1250567870274,1250570247147,20001367,sA-eth3,up,1250570063585,netem,53199188,41524,0,0,0,0,0,51825602,9591,0,51154094,10537,0
1892,1250587870541,1250589898861,20000267,sA-eth3,up,1250589729789,netem,53227954,41543,0,0,0,0,0,51826262,9601,0,51182398,10549,0
1893,1250607876859,1250610178811,20006318,sA-eth3,up,1250609994399,netem,53229468,41544,0,0,0,0,0,51826262,9601,0,51183912,10550,0
1894,1250627876605,1250629881015,19999746,sA-eth3,up,1250629693133,netem,53229468,41544,0,0,0,0,0,51826262,9601,0,51183912,10550,0
1895,1250647873653,1250649881122,19997048,sA-eth3,up,1250649694251,netem,53235524,41548,0,0,0,0,0,51826460,9604,0,51189836,10552,0
1896,1250667878939,1250669899800,20005286,sA-eth3,up,1250669699857,netem,53259748,41564,0,0,0,0,0,51826856,9610,0,51213532,10560,0
1897,1250687881577,1250690238620,20002638,sA-eth3,up,1250690027348,netem,53261262,41565,0,0,0,0,0,51826856,9610,0,51215046,10561,0
1898,1250707884735,1250709945054,20003158,sA-eth3,up,1250709749763,netem,53261340,41566,0,0,0,0,0,51828370,9611,0,51215124,10562,0
1899,1250727871611,1250729886731,19986876,sA-eth3,up,1250729687939,netem,53274106,41583,0,0,0,6056,2,51862664,9626,0,51227692,10576,0
1900,1250747885359,1250749977849,20013748,sA-eth3,up,1250749728707,netem,53299180,41610,0,0,0,0,0,51905712,9642,0,51252238,10595,0
1901,1250767889876,1250769952616,20004517,sA-eth3,up,1250769746574,netem,53301450,41621,0,0,0,0,0,51960014,9653,0,51254508,10606,0
1902,1250787888033,1250789911713,19998157,sA-eth3,up,1250789702470,netem,53301882,41627,0,0,0,0,0,52001020,9660,0,51254940,10612,0
1903,1250807851630,1250809831229,19963597,sA-eth3,up,1250809612157,netem,53355610,41673,0,0,0,48514,4,52061312,9674,0,51321168,10628,0
1904,1250827884597,1250829831426,20032967,sA-eth3,up,1250829627834,netem,53613656,41852,0,0,0,33472,4,52104756,9696,0,51554702,10655,0
1905,1250847888224,1250849818943,20003627,sA-eth3,up,1250849609602,netem,53858252,42024,0,0,0,56294,9,52153860,9716,0,51802904,10684,0
1906,1250867886342,1250869867471,19998118,sA-eth3,up,1250869672339,netem,54108848,42200,0,0,0,68208,6,52213430,9741,0,52030688,10712,0
1907,1250887873238,1250889787018,19986896,sA-eth3,up,1250889572535,netem,54365458,42379,0,0,0,50040,4,52280108,9764,0,52277332,10740,0
1908,1250907879916,1250909886865,20006678,sA-eth3,up,1250909691143,netem,54603798,42545,0,0,0,74350,7,52336584,9786,0,52522504,10768,0
1909,1250927874572,1250929808472,19994656,sA-eth3,up,1250929621059,netem,54860422,42723,0,0,0,68458,9,52394508,9808,0,52753156,10794,0
1910,1250947898420,1250949933570,20023848,sA-eth3,up,1250949743138,netem,55117090,42903,0,0,0,68364,8,52465596,9832,0,52999858,10823,0
1911,1250967876437,1250970219620,19978017,sA-eth3,up,1250970030938,netem,55319722,43047,0,0,0,144,2,52533458,9851,0,53194648,10848,0
1912,1250987872074,1250990144527,19995637,sA-eth3,up,1250989913934,netem,55320364,43056,0,0,0,0,0,52580256,9858,0,53195212,10856,0
1913,1251007874882,1251010333846,20002808,sA-eth3,up,1251010121513,netem,55321148,43066,0,0,0,78,1,52646142,9869,0,53196074,10867,0
1914,1251027889458,1251029880058,20014576,sA-eth3,up,1251029689096,netem,55321798,43075,0,0,0,86,1,52716240,9878,0,53196732,10876,0
1915,1251047875655,1251050247638,19986197,sA-eth3,up,1251050057737,netem,55322670,43087,0,0,0,78,1,52806742,9889,0,53197518,10887,0
1916,1251067880133,1251070200285,20004478,sA-eth3,up,1251070021554,netem,55323522,43099,0,0,0,0,0,52908960,9902,0,53198370,10899,0
1917,1251087872699,1251089709597,19992566,sA-eth3,up,1251089527066,netem,55324306,43109,0,0,0,78,1,52983468,9912,0,53199232,10910,0
1918,1251107883157,1251109784086,20010458,sA-eth3,up,1251109589193,netem,55325378,43123,0,0,0,78,1,53065546,9927,0,53200226,10923,0
1919,1251127883594,1251130168707,20000437,sA-eth3,up,1251129984655,netem,55326040,43132,0,0,0,66,1,53116688,9934,0,53200954,10933,0
1920,1251147871101,1251149915002,19987507,sA-eth3,up,1251149733420,netem,55326640,43140,0,0,0,78,1,53189748,9944,0,53201488,10940,0
1921,1251167874720,1251169852588,20003619,sA-eth3,up,1251169676017,netem,55327260,43148,0,0,0,66,1,53255502,9953,0,53202174,10949,0
1922,1251187882877,1251189808016,20008157,sA-eth3,up,1251189627365,netem,55327860,43156,0,0,0,0,0,53313950,9961,0,53202708,10956,0
1923,1251207878755,1251209986496,19995878,sA-eth3,up,1251209770733,netem,55328148,43160,0,0,0,0,0,53357786,9967,0,53202996,10960,0
1924,1251227876832,1251229807982,19998077,sA-eth3,up,1251229623579,netem,55328214,43161,0,0,0,132,2,53416234,9975,0,53203128,10962,0
1925,1251247874250,1251249700578,19997418,sA-eth3,up,1251249521117,netem,55328876,43170,0,0,0,66,1,53481988,9984,0,53203790,10971,0
1926,1251267897748,1251270227901,20023498,sA-eth3,up,1251269964919,netem,55329662,43181,0,0,0,0,0,53555048,9994,0,53204510,10981,0
1927,1251287899506,1251290069317,20001758,sA-eth3,up,1251289803284,netem,55330048,43186,0,0,0,66,1,53598884,10000,0,53204896,10986,0
1928,1251307888284,1251309908304,19988778,sA-eth3,up,1251309690461,netem,55330258,43189,0,0,0,0,0,53606190,10001,0,53205106,10989,0
1929,1251327873331,1251330088034,19985047,sA-eth3,up,1251329884841,netem,55330258,43189,0,0,0,0,0,53606190,10001,0,53205106,10989,0
1930,1251347874908,1251349889659,20001577,sA-eth3,up,1251349710477,netem,55330258,43189,0,0,0,0,0,53606190,10001,0,53205106,10989,0
1931,1251367875987,1251370297571,20001079,sA-eth3,up,1251370102409,netem,55330258,43189,0,0,0,0,0,53606190,10001,0,53205106,10989,0
1932,1251387882275,1251390044066,20006288,sA-eth3,up,1251389843074,netem,55330258,43189,0,0,0,0,0,53606190,10001,0,53205106,10989,0
1933,1251407877452,1251409750571,19995177,sA-eth3,up,1251409562239,netem,55330258,43189,0,0,0,0,0,53606190,10001,0,53205106,10989,0
1934,1251427880979,1251429835439,20003527,sA-eth3,up,1251429651217,netem,55330258,43189,0,0,0,0,0,53606190,10001,0,53205106,10989,0
1935,1251447884278,1251449867067,20003299,sA-eth3,up,1251449686456,netem,55330258,43189,0,0,0,0,0,53606190,10001,0,53205106,10989,0
1936,1251467882736,1251470120868,19998458,sA-eth3,up,1251469935876,netem,55330258,43189,0,0,0,0,0,53606190,10001,0,53205106,10989,0
1937,1251487887584,1251489749991,20004848,sA-eth3,up,1251489552730,netem,55330258,43189,0,0,0,0,0,53606190,10001,0,53205106,10989,0
1938,1251507882031,1251510129433,19994447,sA-eth3,up,1251509921231,netem,55483262,43291,0,0,0,59124,4,53608298,10011,0,53352170,11001,0
1939,1251527886868,1251529953059,20004837,sA-eth3,up,1251529768298,netem,55701500,43438,0,0,0,78,1,53633376,10018,0,53561972,11020,0
1940,1251547882147,1251549783655,19995279,sA-eth3,up,1251549579023,netem,55706920,43452,0,0,0,78,1,53693470,10030,0,53567182,11031,0
1941,1251567899695,1251569855663,20017548,sA-eth3,up,1251569595912,netem,55825828,43542,0,0,0,50094,5,53787066,10043,0,53681470,11051,0
1942,1251587882392,1251589953453,19982697,sA-eth3,up,1251589722600,netem,56080906,43721,0,0,0,51632,6,53888364,10064,0,53926648,11080,0
1943,1251607885540,1251609904800,20003148,sA-eth3,up,1251609665897,netem,56324074,43893,0,0,0,72992,9,53975314,10087,0,54160378,11109,0
1944,1251627885368,1251629947928,19999828,sA-eth3,up,1251629702766,netem,56578012,44074,0,0,0,66892,8,54087276,10116,0,54404548,11142,0
1945,1251647868795,1251649840734,19983427,sA-eth3,up,1251649616403,netem,56822568,44246,0,0,0,65332,8,54165208,10134,0,54639600,11170,0
1946,1251667887923,1251669770491,20019128,sA-eth3,up,1251669567290,netem,57073218,44421,0,0,0,68302,7,54221882,10159,0,54896780,11202,0
1947,1251687894241,1251689784020,20006318,sA-eth3,up,1251689589258,netem,57330022,44601,0,0,0,66952,8,54319100,10184,0,55127452,11228,0
1948,1251707888808,1251709832268,19994567,sA-eth3,up,1251709642045,netem,57531520,44748,0,0,0,78,1,54401508,10204,0,55321174,11257,0
1949,1251727888367,1251729881666,19999559,sA-eth3,up,1251729627684,netem,57532954,44761,0,0,0,78,1,54492154,10217,0,55322530,11269,0
1950,1251747894624,1251749876953,20006257,sA-eth3,up,1251749632182,netem,57533764,44772,0,0,0,0,0,54569558,10227,0,55323340,11280,0
1951,1251767893402,1251769941253,19998778,sA-eth3,up,1251769721990,netem,57534658,44783,0,0,0,66,1,54639920,10240,0,55324300,11292,0
1952,1251787877759,1251789885389,19984357,sA-eth3,up,1251789705717,netem,57535500,44794,0,0,0,0,0,54701330,10249,0,55325076,11302,0
1953,1251807870537,1251809772046,19992778,sA-eth3,up,1251809590534,netem,57536108,44802,0,0,0,132,2,54767084,10258,0,55325750,11311,0
1954,1251827885975,1251829907354,20015438,sA-eth3,up,1251829678883,netem,57536836,44812,0,0,0,78,1,54840144,10268,0,55326412,11320,0
1955,1251847887873,1251850366237,20001898,sA-eth3,up,1251850131785,netem,57537552,44822,0,0,0,66,1,54913204,10278,0,55327194,11331,0
1956,1251867890450,1251870216414,20002577,sA-eth3,up,1251869954321,netem,57538206,44831,0,0,0,66,1,54978958,10287,0,55327848,11340,0
1957,1251887889548,1251890257812,19999098,sA-eth3,up,1251890022099,netem,57538926,44841,0,0,0,66,1,55052018,10297,0,55328568,11350,0
1958,1251907887566,1251910268859,19998018,sA-eth3,up,1251910030538,netem,57539688,44852,0,0,0,66,1,55132384,10308,0,55329330,11361,0
1959,1251927891814,1251930152516,20004248,sA-eth3,up,1251929884583,netem,57540054,44857,0,0,0,0,0,55154302,10311,0,55329630,11365,0
1960,1251947903652,1251950359276,20011838,sA-eth3,up,1251950121724,netem,57540564,44864,0,0,0,0,0,55212750,10319,0,55330140,11372,0
1961,1251967890259,1251970119221,19986607,sA-eth3,up,1251969848739,netem,57541184,44872,0,0,0,0,0,55278504,10328,0,55330760,11380,0
1962,1251987891337,1251989975577,20001078,sA-eth3,up,1251989731306,netem,57541472,44876,0,0,0,0,0,55307728,10332,0,55331048,11384,0
1963,1252007905625,1252010555131,20014288,sA-eth3,up,1252010298718,netem,57541472,44876,0,0,0,0,0,55307728,10332,0,55331048,11384,0
1964,1252027897193,1252030501068,19991568,sA-eth3,up,1252030272837,netem,57541616,44878,0,0,0,0,0,55329646,10335,0,55331192,11386,0
1965,1252047894890,1252050178362,19997697,sA-eth3,up,1252049900951,netem,57542138,44885,0,0,0,86,1,55380788,10342,0,55331800,11394,0
1966,1252067897658,1252070063449,20002768,sA-eth3,up,1252069796347,netem,57542908,44896,0,0,0,78,1,55453848,10352,0,55332562,11405,0
1967,1252087894575,1252090026886,19996917,sA-eth3,up,1252089760555,netem,57542986,44897,0,0,0,0,0,55453848,10352,0,55332562,11405,0
1968,1252107910964,1252110051865,20016389,sA-eth3,up,1252109777702,netem,57542986,44897,0,0,0,0,0,55453848,10352,0,55332562,11405,0
1969,1252127897461,1252130037903,19986497,sA-eth3,up,1252129775440,netem,57542986,44897,0,0,0,0,0,55453848,10352,0,55332562,11405,0
1970,1252147898620,1252150362865,20001159,sA-eth3,up,1252150109681,netem,57542986,44897,0,0,0,0,0,55453848,10352,0,55332562,11405,0
1971,1252167893297,1252170115611,19994677,sA-eth3,up,1252169851217,netem,57542986,44897,0,0,0,0,0,55453848,10352,0,55332562,11405,0
1972,1252187902316,1252190188979,20009019,sA-eth3,up,1252189910607,netem,57542986,44897,0,0,0,0,0,55453848,10352,0,55332562,11405,0
1973,1252207900345,1252210450740,19998029,sA-eth3,up,1252210225198,netem,57542986,44897,0,0,0,0,0,55453848,10352,0,55332562,11405,0
1974,1252227909413,1252230220436,20009068,sA-eth3,up,1252229959764,netem,57542986,44897,0,0,0,0,0,55453848,10352,0,55332562,11405,0
1975,1252247884952,1252249929032,19975539,sA-eth3,up,1252249700619,netem,57542986,44897,0,0,0,0,0,55453848,10352,0,55332562,11405,0
1976,1252267898420,1252269994710,20013468,sA-eth3,up,1252269761959,netem,57542986,44897,0,0,0,0,0,55453848,10352,0,55332562,11405,0
1977,1252287901198,1252290075630,20002778,sA-eth3,up,1252289808518,netem,57542986,44897,0,0,0,0,0,55453848,10352,0,55332562,11405,0
1978,1252307889346,1252310225930,19988148,sA-eth3,up,1252310045368,netem,57542986,44897,0,0,0,0,0,55453848,10352,0,55332562,11405,0
1979,1252327876395,1252329772703,19987049,sA-eth3,up,1252329576972,netem,57576384,44920,0,0,0,36336,2,55453980,10354,0,55364640,11408,0
1980,1252347888323,1252350029565,20011928,sA-eth3,up,1252349775821,netem,57832250,45089,0,0,0,49962,3,55454640,10364,0,55610474,11425,0
1981,1252367905822,1252370405287,20017499,sA-eth3,up,1252370189854,netem,57985164,45190,0,0,0,0,0,55454640,10364,0,55757448,11436,0
1982,1252387896531,1252390365874,19990709,sA-eth3,up,1252390174873,netem,58104770,45269,0,0,0,49962,3,55454706,10365,0,55888428,11446,0
1983,1252407884978,1252409890838,19988447,sA-eth3,up,1252409707266,netem,58325814,45415,0,0,0,0,0,55454706,10365,0,56084898,11461,0
1984,1252427889466,1252429887517,20004488,sA-eth3,up,1252429647614,netem,58359122,45437,0,0,0,34822,3,55454772,10366,0,56116886,11463,0
1985,1252447894285,1252450383419,20004819,sA-eth3,up,1252450146707,netem,58614988,45606,0,0,0,51476,4,55454772,10366,0,56362852,11482,0
1986,1252467885343,1252470053605,19991058,sA-eth3,up,1252469847092,netem,58854200,45764,0,0,0,66616,4,55454838,10367,0,56608818,11501,0
1987,1252487877462,1252489765370,19992119,sA-eth3,up,1252489569858,netem,59108552,45932,0,0,0,68130,5,55454838,10367,0,56837276,11518,0
1988,1252507879320,1252509804739,20001858,sA-eth3,up,1252509612027,netem,59211504,46000,0,0,0,0,0,55454838,10367,0,56936268,11526,0
1989,1252527901668,1252529808958,20022348,sA-eth3,up,1252529612096,netem,59211504,46000,0,0,0,0,0,55454838,10367,0,56936268,11526,0
1990,1252547892506,1252550296561,19990838,sA-eth3,up,1252550115558,netem,59222102,46007,0,0,0,0,0,55454838,10367,0,56946470,11527,0
1991,1252567885105,1252569865954,19992599,sA-eth3,up,1252569685433,netem,59222102,46007,0,0,0,0,0,55454838,10367,0,56946470,11527,0
1992,1252587882814,1252589919123,19997709,sA-eth3,up,1252589740292,netem,59370474,46105,0,0,0,96896,6,55454904,10368,0,57107858,11537,0
1993,1252607870691,1252610117604,19987877,sA-eth3,up,1252609923252,netem,59623312,46272,0,0,0,112550,7,55454904,10368,0,57350664,11552,0
1994,1252627879370,1252630062391,20008679,sA-eth3,up,1252629866580,netem,59735862,46347,0,0,0,0,0,55454904,10368,0,57439836,11558,0
1995,1252647880718,1252649698036,20001348,sA-eth3,up,1252649506215,netem,59735862,46347,0,0,0,0,0,55454904,10368,0,57439836,11558,0
1996,1252667877377,1252669622484,19996659,sA-eth3,up,1252669457212,netem,59735862,46347,0,0,0,0,0,55454970,10369,0,57439836,11558,0
1997,1252687878415,1252689672863,20001038,sA-eth3,up,1252689496711,netem,59735862,46347,0,0,0,0,0,55454970,10369,0,57439836,11558,0
1998,1252707875143,1252710363379,19996728,sA-eth3,up,1252710181626,netem,59736346,46353,0,0,0,78,1,55480114,10377,0,57440398,11565,0
1999,1252727877382,1252729834202,20002239,sA-eth3,up,1252729650709,netem,59737042,46363,0,0,0,0,0,55535732,10386,0,57441016,11574,0
2000,1252747880030,1252749837690,20002648,sA-eth3,up,1252749646918,netem,59737960,46376,0,0,0,0,0,55635120,10400,0,57441934,11587,0
2001,1252767872598,1252769805297,19992568,sA-eth3,up,1252769618746,netem,59738896,46388,0,0,0,86,1,55708312,10412,0,57442956,11600,0
2002,1252787880297,1252790230200,20007699,sA-eth3,up,1252790046248,netem,59739626,46397,0,0,0,78,1,55742210,10421,0,57443600,11608,0
2003,1252807889156,1252809791364,20008859,sA-eth3,up,1252809599212,netem,59740268,46406,0,0,0,78,1,55799276,10430,0,57444242,11617,0
2004,1252827870863,1252829668061,19981707,sA-eth3,up,1252829485769,netem,59740864,46414,0,0,0,0,0,55850418,10437,0,57444838,11625,0
2005,1252847885792,1252850372717,20014929,sA-eth3,up,1252850193295,netem,59741250,46419,0,0,0,78,1,55886948,10442,0,57445224,11630,0
2006,1252867881140,1252869772509,19995348,sA-eth3,up,1252869578297,netem,59741694,46425,0,0,0,0,0,55930784,10448,0,57445668,11636,0
2007,1252887876459,1252889771607,19995319,sA-eth3,up,1252889579336,netem,59742038,46429,0,0,0,0,0,55952702,10451,0,57446012,11640,0
2008,1252907879777,1252910197520,20003318,sA-eth3,up,1252910017198,netem,59742530,46435,0,0,0,66,1,56011150,10459,0,57446504,11646,0
2009,1252927880575,1252929721364,20000798,sA-eth3,up,1252929528232,netem,59743160,46444,0,0,0,0,0,56069598,10467,0,57447134,11655,0
2010,1252947883613,1252949762353,20003038,sA-eth3,up,1252949569021,netem,59743538,46449,0,0,0,0,0,56106128,10472,0,57447512,11660,0
2011,1252967880142,1252969785670,19996529,sA-eth3,up,1252969601199,netem,59744080,46456,0,0,0,66,1,56164576,10480,0,57448120,11668,0
2012,1252987872350,1252990134482,19992208,sA-eth3,up,1252989935851,netem,59744578,46463,0,0,0,0,0,56208412,10486,0,57448552,11674,0
2013,1253007873969,1253010292353,20001619,sA-eth3,up,1253010116501,netem,59745130,46471,0,0,0,0,0,56266860,10494,0,57449104,11682,0
2014,1253027889947,1253030128279,20015978,sA-eth3,up,1253029926657,netem,59745528,46476,0,0,0,0,0,56303390,10499,0,57449502,11687,0
2015,1253047893325,1253049883215,20003378,sA-eth3,up,1253049646863,netem,59746034,46483,0,0,0,0,0,56354532,10506,0,57450008,11694,0
2016,1253067877613,1253070239397,19984288,sA-eth3,up,1253070059125,netem,59746760,46494,0,0,0,66,1,56462542,10519,0,57450734,11705,0
2017,1253087881352,1253089901882,20003739,sA-eth3,up,1253089726810,netem,59747604,46506,0,0,0,0,0,56582070,10531,0,57451578,11717,0
2018,1253107879331,1253110183593,19997979,sA-eth3,up,1253109983732,netem,59748564,46518,0,0,0,86,1,56690080,10544,0,57452624,11730,0
2019,1253127918559,1253130223902,20039228,sA-eth3,up,1253129953509,netem,59749680,46532,0,0,0,66,1,56801052,10558,0,57453654,11744,0
2020,1253147891138,1253150589545,19972579,sA-eth3,up,1253150343122,netem,59750642,46545,0,0,0,78,1,56893002,10569,0,57454616,11756,0
2021,1253167885216,1253170097249,19994078,sA-eth3,up,1253169837206,netem,59751062,46551,0,0,0,78,1,56945526,10575,0,57455114,11763,0
2022,1253187890896,1253189947466,20005680,sA-eth3,up,1253189721254,netem,59751728,46560,0,0,0,78,1,57024378,10585,0,57455702,11771,0
2023,1253207890044,1253210433020,19999148,sA-eth3,up,1253210197588,netem,59752592,46572,0,0,0,0,0,57125082,10597,0,57456566,11783,0
2024,1253227884824,1253229893674,19994780,sA-eth3,up,1253229705922,netem,59753200,46580,0,0,0,78,1,57186426,10605,0,57457252,11792,0
2025,1253247872663,1253249794722,19987839,sA-eth3,up,1253249608620,netem,59753982,46591,0,0,0,0,0,57273966,10615,0,57457956,11802,0
2026,1253267875202,1253269842601,20002539,sA-eth3,up,1253269667410,netem,59754554,46599,0,0,0,0,0,57325052,10622,0,57458528,11810,0
2027,1253287879941,1253290080862,20004739,sA-eth3,up,1253289889281,netem,59754554,46599,0,0,0,0,0,57325052,10622,0,57458528,11810,0
2028,1253307878950,1253309720918,19999009,sA-eth3,up,1253309540936,netem,59754554,46599,0,0,0,0,0,57325052,10622,0,57458528,11810,0
2029,1253327873869,1253329646976,19994919,sA-eth3,up,1253329477315,netem,59754554,46599,0,0,0,0,0,57325052,10622,0,57458528,11810,0
2030,1253347871347,1253349646334,19997478,sA-eth3,up,1253349476583,netem,59754554,46599,0,0,0,0,0,57325052,10622,0,57458528,11810,0
2031,1253367883597,1253369668194,20012250,sA-eth3,up,1253369497772,netem,59754554,46599,0,0,0,0,0,57325052,10622,0,57458528,11810,0
2032,1253387877515,1253389710143,19993918,sA-eth3,up,1253389527122,netem,59754554,46599,0,0,0,0,0,57325052,10622,0,57458528,11810,0
2033,1253407867545,1253409672102,19990030,sA-eth3,up,1253409498790,netem,59754554,46599,0,0,0,0,0,57325052,10622,0,57458528,11810,0
2034,1253427875183,1253429641491,20007638,sA-eth3,up,1253429479480,netem,59754554,46599,0,0,0,0,0,57325052,10622,0,57458528,11810,0
2035,1253447880822,1253449721071,20005639,sA-eth3,up,1253449545549,netem,59754554,46599,0,0,0,0,0,57325052,10622,0,57458528,11810,0
2036,1253467876401,1253470390236,19995579,sA-eth3,up,1253470210035,netem,59755088,46606,0,0,0,78,1,57396688,10632,0,57459062,11817,0
2037,1253487867290,1253489952481,19990889,sA-eth3,up,1253489782919,netem,59755852,46616,0,0,0,0,0,57465272,10640,0,57459826,11827,0
2038,1253507875469,1253509919210,20008179,sA-eth3,up,1253509752777,netem,59756574,46625,0,0,0,0,0,57544124,10650,0,57460548,11836,0
2039,1253527877408,1253529928158,20001939,sA-eth3,up,1253529749507,netem,59757324,46636,0,0,0,0,0,57631664,10660,0,57461298,11847,0
2040,1253547872997,1253549893327,19995589,sA-eth3,up,1253549721645,netem,59757900,46644,0,0,0,0,0,57706106,10669,0,57461874,11855,0
2041,1253567881196,1253569938776,20008199,sA-eth3,up,1253569762905,netem,59758722,46655,0,0,0,78,1,57793778,10681,0,57462774,11867,0
2042,1253587871485,1253589763524,19990289,sA-eth3,up,1253589577931,netem,59759628,46668,0,0,0,78,1,57894482,10693,0,57463602,11879,0
2043,1253607878564,1253609783543,20007079,sA-eth3,up,1253609602201,netem,59760482,46679,0,0,0,66,1,57977810,10705,0,57464522,11891,0
2044,1253627876512,1253629854452,19997948,sA-eth3,up,1253629685091,netem,59761388,46692,0,0,0,66,1,58065482,10717,0,57465428,11904,0
2045,1253647872152,1253649855741,19995640,sA-eth3,up,1253649681680,netem,59946922,46825,0,0,0,33308,2,58129132,10738,0,57643702,11927,0
2046,1253667873950,1253669757590,20001798,sA-eth3,up,1253669572138,netem,60188112,46990,0,0,0,43984,4,58176656,10756,0,57875520,11950,0
2047,1253687879000,1253689785488,20005050,sA-eth3,up,1253689600707,netem,60443326,47169,0,0,0,51562,5,58288156,10778,0,58120834,11979,0
2048,1253707880979,1253709877919,20001979,sA-eth3,up,1253709675876,netem,60683364,47338,0,0,0,68302,7,58398406,10803,0,58367560,12008,0
2049,1253727880518,1253729876627,19999539,sA-eth3,up,1253729697006,netem,60940188,47520,0,0,0,85018,9,58511288,10824,0,58598490,12039,0
2050,1253747860577,1253749781215,19980059,sA-eth3,up,1253749585924,netem,61192090,47693,0,0,0,106222,11,58584942,10843,0,58840558,12063,0
2051,1253767866775,1253769836505,20006198,sA-eth3,up,1253769647333,netem,61434990,47861,0,0,0,119942,12,58645762,10865,0,59090166,12091,0
2052,1253787880065,1253789762523,20013290,sA-eth3,up,1253789573912,netem,61691740,48040,0,0,0,118780,16,58708162,10889,0,59320870,12117,0
2053,1253807877394,1253809846773,19997329,sA-eth3,up,1253809625141,netem,61947368,48224,0,0,0,14452,5,58778920,10908,0,59566598,12151,0
2054,1253827879033,1253830221936,20001639,sA-eth3,up,1253830039114,netem,61962506,48247,0,0,0,0,0,58844806,10919,0,59581142,12165,0
2055,1253847872821,1253849697719,19993788,sA-eth3,up,1253849516828,netem,61963202,48257,0,0,0,0,0,58917866,10929,0,59581838,12175,0
2056,1253867880961,1253869807719,20008140,sA-eth3,up,1253869569097,netem,61963828,48266,0,0,0,0,0,58983620,10938,0,59582464,12184,0
2057,1253887874699,1253889791598,19993738,sA-eth3,up,1253889605347,netem,61964304,48272,0,0,0,78,1,59027456,10944,0,59582940,12190,0
2058,1253907875408,1253909712427,20000709,sA-eth3,up,1253909527455,netem,61964868,48280,0,0,0,0,0,59085904,10952,0,59583504,12198,0
2059,1253927874697,1253929744246,19999289,sA-eth3,up,1253929549264,netem,61964946,48281,0,0,0,0,0,59085904,10952,0,59583582,12199,0
2060,1253947880666,1253949745985,20005969,sA-eth3,up,1253949551863,netem,61964946,48281,0,0,0,0,0,59085904,10952,0,59583582,12199,0
2061,1253967878655,1253969788644,19997989,sA-eth3,up,1253969596613,netem,61964946,48281,0,0,0,0,0,59085904,10952,0,59583582,12199,0
2062,1253987872004,1253989743982,19993349,sA-eth3,up,1253989557131,netem,61964946,48281,0,0,0,0,0,59085904,10952,0,59583582,12199,0
2063,1254007872753,1254010207416,20000749,sA-eth3,up,1254010035135,netem,61964946,48281,0,0,0,0,0,59085904,10952,0,59583582,12199,0
2064,1254027874462,1254029735500,20001709,sA-eth3,up,1254029545599,netem,61964946,48281,0,0,0,0,0,59085904,10952,0,59583582,12199,0
2065,1254047876751,1254049770290,20002289,sA-eth3,up,1254049587368,netem,61964946,48281,0,0,0,0,0,59085904,10952,0,59583582,12199,0
2066,1254067877990,1254070227584,20001239,sA-eth3,up,1254070041542,netem,61964946,48281,0,0,0,0,0,59085904,10952,0,59583582,12199,0
2067,1254087879149,1254090080531,20001159,sA-eth3,up,1254089895879,netem,61964946,48281,0,0,0,0,0,59085904,10952,0,59583582,12199,0
2068,1254107868688,1254109674926,19989539,sA-eth3,up,1254109497264,netem,61964946,48281,0,0,0,0,0,59085904,10952,0,59583582,12199,0
2069,1254127881837,1254129722265,20013149,sA-eth3,up,1254129542394,netem,61965024,48282,0,0,0,66,1,59093276,10954,0,59583726,12201,0
2070,1254147878467,1254149759515,19996630,sA-eth3,up,1254149572813,netem,61965810,48293,0,0,0,0,0,59167916,10966,0,59584446,12211,0
2071,1254167854546,1254169764116,19976079,sA-eth3,up,1254169546093,netem,61966452,48302,0,0,0,0,0,59224916,10974,0,59585088,12220,0
2072,1254187878325,1254189679633,20023779,sA-eth3,up,1254189500222,netem,61967226,48313,0,0,0,66,1,59305282,10985,0,59585862,12231,0
2073,1254207878505,1254210276539,20000180,sA-eth3,up,1254210103368,netem,61967456,48316,0,0,0,0,0,59319894,10987,0,59586092,12234,0
2074,1254227877044,1254229816854,19998539,sA-eth3,up,1254229633862,netem,61967456,48316,0,0,0,0,0,59319894,10987,0,59586092,12234,0
2075,1254247874024,1254249686602,19996980,sA-eth3,up,1254249502521,netem,61967456,48316,0,0,0,0,0,59319894,10987,0,59586092,12234,0
2076,1254267874344,1254269679101,20000320,sA-eth3,up,1254269497890,netem,61967456,48316,0,0,0,0,0,59319894,10987,0,59586092,12234,0
2077,1254287881013,1254289734682,20006669,sA-eth3,up,1254289555360,netem,61967456,48316,0,0,0,0,0,59319894,10987,0,59586092,12234,0
2078,1254307875714,1254310137756,19994701,sA-eth3,up,1254309958824,netem,61967456,48316,0,0,0,0,0,59319894,10987,0,59586092,12234,0
2079,1254327869112,1254330076545,19993398,sA-eth3,up,1254329887353,netem,61967456,48316,0,0,0,0,0,59319894,10987,0,59586092,12234,0
2080,1254347875532,1254349665050,20006420,sA-eth3,up,1254349490558,netem,61967456,48316,0,0,0,0,0,59319894,10987,0,59586092,12234,0
2081,1254367876892,1254369715980,20001360,sA-eth3,up,1254369531168,netem,61967456,48316,0,0,0,0,0,59319894,10987,0,59586092,12234,0
2082,1254387882521,1254390410287,20005629,sA-eth3,up,1254390241205,netem,61967456,48316,0,0,0,0,0,59319894,10987,0,59586092,12234,0
2083,1254407879901,1254409691719,19997380,sA-eth3,up,1254409508837,netem,61967456,48316,0,0,0,0,0,59319894,10987,0,59586092,12234,0
2084,1254427879591,1254429791110,19999690,sA-eth3,up,1254429587607,netem,61967542,48317,0,0,0,0,0,59321408,10988,0,59586178,12235,0
2085,1254447878519,1254450154932,19998928,sA-eth3,up,1254449950791,netem,61967542,48317,0,0,0,0,0,59321408,10988,0,59586178,12235,0
2086,1254467883859,1254469885749,20005340,sA-eth3,up,1254469713128,netem,61967542,48317,0,0,0,0,0,59321408,10988,0,59586178,12235,0
2087,1254487874668,1254489896290,19990809,sA-eth3,up,1254489730988,netem,61967542,48317,0,0,0,0,0,59321408,10988,0,59586178,12235,0
2088,1254507879169,1254509859058,20004501,sA-eth3,up,1254509687667,netem,61967542,48317,0,0,0,0,0,59321408,10988,0,59586178,12235,0
2089,1254527874499,1254529681267,19995330,sA-eth3,up,1254529495855,netem,61967542,48317,0,0,0,0,0,59321408,10988,0,59586178,12235,0
2090,1254547880758,1254549699606,20006259,sA-eth3,up,1254549525705,netem,61967542,48317,0,0,0,0,0,59321408,10988,0,59586178,12235,0
2091,1254567873978,1254569639665,19993220,sA-eth3,up,1254569478373,netem,61967542,48317,0,0,0,0,0,59321408,10988,0,59586178,12235,0
2092,1254587874747,1254589636254,20000769,sA-eth3,up,1254589475333,netem,61967542,48317,0,0,0,0,0,59321408,10988,0,59586178,12235,0
2093,1254607867737,1254609671865,19992990,sA-eth3,up,1254609501033,netem,61967542,48317,0,0,0,0,0,59321408,10988,0,59586178,12235,0
2094,1254627878546,1254629700054,20010809,sA-eth3,up,1254629517793,netem,61967542,48317,0,0,0,86,1,59322922,10989,0,59586264,12236,0
2095,1254647877546,1254649731864,19999000,sA-eth3,up,1254649528052,netem,61968300,48326,0,0,0,78,1,59362612,10998,0,59587014,12245,0
2096,1254667873515,1254670283339,19995969,sA-eth3,up,1254670103477,netem,61969072,48336,0,0,0,0,0,59418296,11008,0,59587708,12254,0
2097,1254687871085,1254689824054,19997570,sA-eth3,up,1254689622652,netem,61969754,48345,0,0,0,78,1,59473914,11017,0,59588390,12263,0
2098,1254707882104,1254709778574,20011019,sA-eth3,up,1254709594041,netem,61970410,48353,0,0,0,66,1,59517882,11025,0,59589046,12271,0
2099,1254727877174,1254729770113,19995070,sA-eth3,up,1254729587371,netem,61970948,48360,0,0,0,0,0,59564746,11033,0,59589584,12278,0
2100,1254747873444,1254750148947,19996270,sA-eth3,up,1254749963614,netem,61971314,48365,0,0,0,0,0,59599894,11039,0,59589950,12283,0
2101,1254767871683,1254769720481,19998239,sA-eth3,up,1254769533940,netem,61971470,48367,0,0,0,0,0,59611610,11041,0,59590106,12285,0
2102,1254787879373,1254789809032,20007690,sA-eth3,up,1254789628860,netem,61971470,48367,0,0,0,0,0,59611610,11041,0,59590106,12285,0
2103,1254807879602,1254809884552,20000229,sA-eth3,up,1254809708421,netem,61971470,48367,0,0,0,0,0,59611610,11041,0,59590106,12285,0
2104,1254827876991,1254829726821,19997389,sA-eth3,up,1254829540678,netem,61971470,48367,0,0,0,0,0,59611610,11041,0,59590106,12285,0
2105,1254847888611,1254849746720,20011620,sA-eth3,up,1254849555128,netem,61971470,48367,0,0,0,0,0,59611610,11041,0,59590106,12285,0
2106,1254867879521,1254870260854,19990910,sA-eth3,up,1254870086873,netem,61971470,48367,0,0,0,0,0,59611610,11041,0,59590106,12285,0
2107,1254887876450,1254890057953,19996929,sA-eth3,up,1254889863621,netem,61971470,48367,0,0,0,0,0,59611610,11041,0,59590106,12285,0
2108,1254907877160,1254909983162,20000710,sA-eth3,up,1254909810150,netem,61971470,48367,0,0,0,0,0,59611610,11041,0,59590106,12285,0
2109,1254927899549,1254929873069,20022389,sA-eth3,up,1254929690538,netem,61971470,48367,0,0,0,0,0,59611610,11041,0,59590106,12285,0
2110,1254947881119,1254949761468,19981570,sA-eth3,up,1254949576626,netem,61971470,48367,0,0,0,0,0,59611610,11041,0,59590106,12285,0
2111,1254967903459,1254969990890,20022340,sA-eth3,up,1254969799918,netem,61971548,48368,0,0,0,78,1,59617534,11043,0,59590184,12286,0
2112,1254987875719,1254990279302,19972260,sA-eth3,up,1254990104861,netem,61972322,48379,0,0,0,0,0,59666044,11054,0,59590958,12297,0
2113,1255007871838,1255010028649,19996119,sA-eth3,up,1255009835077,netem,61972400,48380,0,0,0,0,0,59666044,11054,0,59591036,12298,0
2114,1255027872358,1255029993939,20000520,sA-eth3,up,1255029822317,netem,61972400,48380,0,0,0,0,0,59666044,11054,0,59591036,12298,0
2115,1255047878208,1255050230040,20005850,sA-eth3,up,1255050044289,netem,62022452,48414,0,0,0,33308,2,59666242,11057,0,59639108,12302,0
2116,1255067881527,1255069936298,20003319,sA-eth3,up,1255069762605,netem,62261664,48572,0,0,0,49962,3,59666836,11066,0,59885074,12321,0
2117,1255087888977,1255089887386,20007450,sA-eth3,up,1255089709025,netem,62397924,48662,0,0,0,0,0,59666836,11066,0,60000060,12330,0
2118,1255107874966,1255110096428,19985989,sA-eth3,up,1255109899516,netem,62399438,48663,0,0,0,0,0,59666836,11066,0,60001574,12331,0
2119,1255127893186,1255129842834,20018220,sA-eth3,up,1255129646743,netem,62399438,48663,0,0,0,0,0,59666836,11066,0,60001574,12331,0
2120,1255147880065,1255149863015,19986879,sA-eth3,up,1255149685204,netem,62399438,48663,0,0,0,0,0,59666836,11066,0,60001574,12331,0
2121,1255167872376,1255169770484,19992311,sA-eth3,up,1255169583723,netem,62399438,48663,0,0,0,0,0,59666836,11066,0,60001574,12331,0
2122,1255187872066,1255189759244,19999690,sA-eth3,up,1255189581392,netem,62399438,48663,0,0,0,0,0,59666836,11066,0,60001574,12331,0
2123,1255207882336,1255210177359,20010270,sA-eth3,up,1255209971206,netem,62399438,48663,0,0,0,0,0,59666836,11066,0,60001574,12331,0
2124,1255227879997,1255229776585,19997661,sA-eth3,up,1255229591254,netem,62399438,48663,0,0,0,0,0,59666836,11066,0,60001574,12331,0
2125,1255247870856,1255249677684,19990859,sA-eth3,up,1255249499762,netem,62399438,48663,0,0,0,0,0,59666836,11066,0,60001574,12331,0
2126,1255267885487,1255269721735,20014631,sA-eth3,up,1255269517353,netem,62399438,48663,0,0,0,0,0,59666836,11066,0,60001574,12331,0
2127,1255287881906,1255289716985,19996419,sA-eth3,up,1255289536193,netem,62399438,48663,0,0,0,0,0,59666836,11066,0,60001574,12331,0
2128,1255307879367,1255309766926,19997461,sA-eth3,up,1255309580193,netem,62400952,48664,0,0,0,19682,1,59666914,11067,0,60003088,12332,0
2129,1255327883737,1255330157180,20004370,sA-eth3,up,1255329953478,netem,62634108,48818,0,0,0,52990,4,59667640,11078,0,60227136,12349,0
2130,1255347870278,1255349706416,19986541,sA-eth3,up,1255349484983,netem,62876348,48978,0,0,0,30280,2,59667640,11078,0,60474550,12367,0
2131,1255367886777,1255369744476,20016499,sA-eth3,up,1255369539674,netem,62906628,48998,0,0,0,0,0,59667640,11078,0,60489096,12368,0
2132,1255387879898,1255389739706,19993121,sA-eth3,up,1255389562975,netem,63095878,49123,0,0,0,30280,2,59667706,11079,0,60671020,12382,0
2133,1255407877707,1255409673106,19997809,sA-eth3,up,1255409489073,netem,63285128,49248,0,0,0,0,0,59667706,11079,0,60852944,12396,0
2134,1255427871507,1255430188471,19993800,sA-eth3,up,1255430015589,netem,63413818,49333,0,0,0,37850,3,59667772,11080,0,60983924,12406,0
2135,1255447872898,1255449755867,20001391,sA-eth3,up,1255449558465,netem,63656058,49493,0,0,0,30280,2,59667772,11080,0,61209486,12423,0
2136,1255467884859,1255469768127,20011961,sA-eth3,up,1255469581945,netem,63762038,49563,0,0,0,0,0,59667772,11080,0,61311374,12431,0
2137,1255487885578,1255490282623,20000719,sA-eth3,up,1255490101581,netem,63762038,49563,0,0,0,0,0,59667772,11080,0,61311374,12431,0
2138,1255507886219,1255509785557,20000641,sA-eth3,up,1255509587376,netem,63934634,49677,0,0,0,86298,5,59667838,11081,0,61477106,12441,0
2139,1255527869359,1255530058421,19983140,sA-eth3,up,1255529870309,netem,64166790,49831,0,0,0,0,0,59667838,11081,0,61700022,12455,0
2140,1255547881519,1255549916460,20012160,sA-eth3,up,1255549750567,netem,64166790,49831,0,0,0,0,0,59667838,11081,0,61700022,12455,0
2141,1255567878599,1255569845619,19997080,sA-eth3,up,1255569670297,netem,64166790,49831,0,0,0,0,0,59667904,11082,0,61700022,12455,0
2142,1255587872129,1255589725487,19993530,sA-eth3,up,1255589541566,netem,64166790,49831,0,0,0,0,0,59667904,11082,0,61700022,12455,0
2143,1255607873040,1255609679497,20000911,sA-eth3,up,1255609505385,netem,64166790,49831,0,0,0,0,0,59667904,11082,0,61700022,12455,0
2144,1255627883369,1255630273293,20010329,sA-eth3,up,1255630101012,netem,64167078,49835,0,0,0,0,0,59679818,11087,0,61700310,12459,0
2145,1255647876520,1255649782949,19993151,sA-eth3,up,1255649600887,netem,64167864,49846,0,0,0,0,0,59715296,11098,0,61701096,12470,0
2146,1255667867180,1255669668488,19990660,sA-eth3,up,1255669495325,netem,64168452,49854,0,0,0,0,0,59747680,11106,0,61701684,12478,0
2147,1255687877160,1255689712488,20009980,sA-eth3,up,1255689522406,netem,64169070,49863,0,0,0,0,0,59800402,11115,0,61702302,12487,0
2148,1255707871570,1255710199194,19994410,sA-eth3,up,1255710027921,netem,64169654,49871,0,0,0,0,0,59842922,11123,0,61702886,12495,0
2149,1255727880181,1255729765379,20008611,sA-eth3,up,1255729583638,netem,64170098,49877,0,0,0,78,1,59876688,11130,0,61703330,12501,0
2150,1255747872030,1255749696449,19991849,sA-eth3,up,1255749521177,netem,64170806,49887,0,0,0,66,1,59932372,11140,0,61704038,12511,0
2151,1255767870861,1255769663438,19998831,sA-eth3,up,1255769488977,netem,64171412,49896,0,0,0,0,0,59989438,11149,0,61704644,12520,0
2152,1255787868530,1255790164133,19997669,sA-eth3,up,1255789981942,netem,64172048,49904,0,0,0,0,0,60020308,11156,0,61705280,12528,0
2153,1255807873451,1255809918431,20004921,sA-eth3,up,1255809744970,netem,64172624,49912,0,0,0,78,1,60081718,11165,0,61705856,12536,0
2154,1255827882261,1255829963252,20008810,sA-eth3,up,1255829779540,netem,64173566,49925,0,0,0,0,0,60157806,11177,0,61706798,12549,0
2155,1255847869001,1255849737180,19986740,sA-eth3,up,1255849559318,netem,64174274,49935,0,0,0,66,1,60238106,11187,0,61707506,12559,0
2156,1255867872322,1255869830501,20003321,sA-eth3,up,1255869647799,netem,64174980,49944,0,0,0,86,1,60312614,11197,0,61708212,12568,0
2157,1255887883292,1255889806290,20010970,sA-eth3,up,1255889630429,netem,64175690,49953,0,0,0,78,1,60369680,11206,0,61709000,12578,0
2158,1255907877391,1255909857542,19994099,sA-eth3,up,1255909693950,netem,64176464,49964,0,0,0,66,1,60435500,11216,0,61709762,12589,0
2159,1255927872592,1255929845582,19995201,sA-eth3,up,1255929670280,netem,64176962,49971,0,0,0,0,0,60479336,11222,0,61710194,12595,0
2160,1255947892243,1255949897492,20019651,sA-eth3,up,1255949722391,netem,64177520,49978,0,0,0,0,0,60537784,11230,0,61710752,12602,0
2161,1255967877412,1255969817882,19985169,sA-eth3,up,1255969639160,netem,64178058,49985,0,0,0,66,1,60596232,11238,0,61711290,12609,0
2162,1255987875783,1255990732391,19998371,sA-eth3,up,1255990545630,netem,64178688,49994,0,0,0,0,0,60640110,11245,0,61711920,12618,0
2163,1256007873202,1256010187866,19997419,sA-eth3,up,1256010018434,netem,64179304,50002,0,0,0,0,0,60705864,11254,0,61712536,12626,0
2164,1256027872352,1256029769972,19999150,sA-eth3,up,1256029595130,netem,64179876,50010,0,0,0,66,1,60771618,11263,0,61713174,12635,0
2165,1256047876513,1256050219756,20004161,sA-eth3,up,1256050045825,netem,64180518,50019,0,0,0,0,0,60830066,11271,0,61713750,12643,0
2166,1256067878313,1256070110375,20001800,sA-eth3,up,1256069921003,netem,64181024,50026,0,0,0,0,0,60873902,11277,0,61714256,12650,0
2167,1256087893174,1256090106985,20014861,sA-eth3,up,1256089904824,netem,64181530,50033,0,0,0,0,0,60925044,11284,0,61714762,12657,0
2168,1256107876484,1256109668862,19983310,sA-eth3,up,1256109491300,netem,64182002,50039,0,0,0,0,0,60968880,11290,0,61715234,12663,0
2169,1256127877383,1256129664801,20000899,sA-eth3,up,1256129491160,netem,64182446,50045,0,0,0,0,0,61012716,11296,0,61715678,12669,0
2170,1256147882554,1256149739523,20005171,sA-eth3,up,1256149551861,netem,64182952,50052,0,0,0,66,1,61078470,11305,0,61716250,12677,0
2171,1256167879415,1256169710723,19996861,sA-eth3,up,1256169528061,netem,64183412,50058,0,0,0,86,1,61113618,11311,0,61716644,12682,0
2172,1256187869006,1256189701484,19989591,sA-eth3,up,1256189519332,netem,64184308,50070,0,0,0,66,1,61188258,11323,0,61717540,12694,0
2173,1256207890447,1256209904907,20021441,sA-eth3,up,1256209711884,netem,64185124,50082,0,0,0,78,1,61291858,11335,0,61718356,12706,0
2174,1256227906787,1256229785917,20016340,sA-eth3,up,1256229588534,netem,64185958,50093,0,0,0,0,0,61346028,11344,0,61719190,12717,0
2175,1256247883237,1256249697376,19976450,sA-eth3,up,1256249509944,netem,64186520,50100,0,0,0,78,1,61417706,11355,0,61719830,12725,0
2176,1256267872759,1256270178171,19989522,sA-eth3,up,1256269981220,netem,64187284,50110,0,0,0,0,0,61477602,11363,0,61720516,12734,0
2177,1256287868919,1256289795258,19996160,sA-eth3,up,1256289616217,netem,64188232,50122,0,0,0,0,0,61552242,11375,0,61721464,12746,0
2178,1256307870220,1256309886521,20001301,sA-eth3,up,1256309706128,netem,64188860,50130,0,0,0,0,0,61619576,11386,0,61722092,12754,0
2179,1256327869031,1256329724770,19998811,sA-eth3,up,1256329541887,netem,64189196,50134,0,0,0,0,0,61648800,11390,0,61722428,12758,0
2180,1256347866771,1256349682130,19997740,sA-eth3,up,1256349503348,netem,64189196,50134,0,0,0,0,0,61648800,11390,0,61722428,12758,0
2181,1256367866633,1256369676121,19999862,sA-eth3,up,1256369503929,netem,64189196,50134,0,0,0,0,0,61648800,11390,0,61722428,12758,0
2182,1256387873203,1256389709272,20006570,sA-eth3,up,1256389529900,netem,64189196,50134,0,0,0,0,0,61648800,11390,0,61722428,12758,0
2183,1256407874324,1256409770933,20001121,sA-eth3,up,1256409560521,netem,64189196,50134,0,0,0,0,0,61648800,11390,0,61722428,12758,0
2184,1256427868944,1256429672583,19994620,sA-eth3,up,1256429491681,netem,64189196,50134,0,0,0,0,0,61648800,11390,0,61722428,12758,0
2185,1256447868836,1256449663794,19999892,sA-eth3,up,1256449486691,netem,64189196,50134,0,0,0,0,0,61648800,11390,0,61722428,12758,0
2186,1256467870897,1256469698435,20002061,sA-eth3,up,1256469513543,netem,64189196,50134,0,0,0,0,0,61648800,11390,0,61722428,12758,0
2187,1256487867037,1256490042728,19996140,sA-eth3,up,1256489864817,netem,64189196,50134,0,0,0,0,0,61648800,11390,0,61722428,12758,0
2188,1256507868938,1256509648466,20001901,sA-eth3,up,1256509476554,netem,64189196,50134,0,0,0,0,0,61648800,11390,0,61722428,12758,0
2189,1256527870719,1256529635856,20001781,sA-eth3,up,1256529467484,netem,64189196,50134,0,0,0,0,0,61648800,11390,0,61722428,12758,0
2190,1256547875200,1256549630227,20004481,sA-eth3,up,1256549464115,netem,64189360,50136,0,0,0,0,0,61662030,11393,0,61722592,12760,0
2191,1256567873590,1256569793170,19998390,sA-eth3,up,1256569599947,netem,64189990,50145,0,0,0,0,0,61684410,11403,0,61723222,12769,0
2192,1256587895211,1256590075823,20021621,sA-eth3,up,1256589761230,netem,64190530,50153,0,0,0,78,1,61705276,11412,0,61723840,12778,0
2193,1256607883252,1256609917342,19988041,sA-eth3,up,1256609581189,netem,64191004,50160,0,0,0,0,0,61723048,11418,0,61724236,12784,0
2194,1256627889003,1256630636251,20005751,sA-eth3,up,1256630374088,netem,64191382,50165,0,0,0,0,0,61737990,11425,0,61724614,12789,0
2195,1256647882003,1256649899334,19993000,sA-eth3,up,1256649724381,netem,64191748,50170,0,0,0,66,1,61752866,11431,0,61724980,12794,0
2196,1256667869484,1256670057026,19987481,sA-eth3,up,1256669872404,netem,64252740,50216,0,0,0,22776,3,61767808,11439,0,61783596,12804,0
2197,1256687880404,1256689725943,20010920,sA-eth3,up,1256689538441,netem,64495400,50382,0,0,0,30280,2,61783278,11453,0,62031430,12829,0
2198,1256707876956,1256709686024,19996552,sA-eth3,up,1256709502831,netem,64753176,50558,0,0,0,15140,1,61804012,11460,0,62264694,12853,0
2199,1256727898787,1256729805096,20021831,sA-eth3,up,1256729602574,netem,64988332,50720,0,0,0,30280,2,61823364,11468,0,62505288,12878,0
2200,1256747879677,1256749737456,19980890,sA-eth3,up,1256749557904,netem,65249208,50898,0,0,0,36336,2,61841202,11475,0,62741520,12902,0
2201,1256767868958,1256769664416,19989281,sA-eth3,up,1256769479444,netem,65490380,51062,0,0,0,100174,9,61886618,11483,0,62986220,12922,0
2202,1256787874459,1256790179431,20005501,sA-eth3,up,1256789997170,netem,65745532,51240,0,0,0,56228,8,61933614,11493,0,63230102,12951,0
2203,1256807888110,1256809797538,20013651,sA-eth3,up,1256809611737,netem,65962828,51394,0,0,0,19748,3,61999500,11504,0,63427486,12979,0
2204,1256827891100,1256829789900,20002990,sA-eth3,up,1256829602827,netem,66202700,51562,0,0,0,30346,3,62069664,11514,0,63658118,13007,0
2205,1256847876300,1256850080443,19985200,sA-eth3,up,1256849892431,netem,66390012,51694,0,0,0,78,1,62128178,11523,0,63838248,13030,0
2206,1256867881181,1256869679900,20004881,sA-eth3,up,1256869498748,netem,66390618,51703,0,0,0,78,1,62186626,11531,0,63838776,13038,0
2207,1256887895743,1256890233396,20014562,sA-eth3,up,1256890055694,netem,66391226,51711,0,0,0,0,0,62245074,11539,0,63839384,13046,0
2208,1256907875343,1256909754012,19979600,sA-eth3,up,1256909569090,netem,66392278,51719,0,0,0,66,1,62303600,11548,0,63840436,13054,0
2209,1256927880274,1256929743653,20004931,sA-eth3,up,1256929555440,netem,66392896,51728,0,0,0,0,0,62362048,11556,0,63841054,13063,0
2210,1256947876004,1256949678933,19995730,sA-eth3,up,1256949499651,netem,66393406,51735,0,0,0,0,0,62405884,11562,0,63841564,13070,0
2211,1256967880896,1256969702284,20004892,sA-eth3,up,1256969517542,netem,66393952,51742,0,0,0,0,0,62464332,11570,0,63842110,13077,0
2212,1256987885047,1256989771285,20004151,sA-eth3,up,1256989581464,netem,66394570,51751,0,0,0,0,0,62522780,11578,0,63842728,13086,0
2213,1257007872737,1257009700375,19987690,sA-eth3,up,1257009521384,netem,66395088,51758,0,0,0,0,0,62581228,11586,0,63843246,13093,0
2214,1257027879467,1257029712107,20006730,sA-eth3,up,1257029530364,netem,66395664,51766,0,0,0,0,0,62632370,11593,0,63843822,13101,0
2215,1257047884728,1257049815358,20005261,sA-eth3,up,1257049617606,netem,66396182,51773,0,0,0,0,0,62690818,11601,0,63844340,13108,0
2216,1257067890949,1257069826948,20006221,sA-eth3,up,1257069646857,netem,66396782,51781,0,0,0,86,1,62749332,11610,0,63845026,13117,0
2217,1257087875930,1257090263214,19984981,sA-eth3,up,1257090088212,netem,66397686,51793,0,0,0,66,1,62823906,11621,0,63845910,13129,0
2218,1257107877950,1257109720790,20002020,sA-eth3,up,1257109532087,netem,66398454,51803,0,0,0,0,0,62894070,11631,0,63846612,13138,0
2219,1257127888781,1257129750030,20010831,sA-eth3,up,1257129561948,netem,66398898,51809,0,0,0,0,0,62930600,11636,0,63847056,13144,0
2220,1257147877453,1257149852923,19988672,sA-eth3,up,1257149678721,netem,66398898,51809,0,0,0,0,0,62930600,11636,0,63847056,13144,0
2221,1257167876934,1257170218658,19999481,sA-eth3,up,1257170054237,netem,66398898,51809,0,0,0,0,0,62930600,11636,0,63847056,13144,0
2222,1257187873426,1257189747704,19996492,sA-eth3,up,1257189557923,netem,66398898,51809,0,0,0,0,0,62930600,11636,0,63847056,13144,0
2223,1257207881507,1257210167610,20008081,sA-eth3,up,1257209966648,netem,66398898,51809,0,0,0,0,0,62930600,11636,0,63847056,13144,0
2224,1257227891359,1257229806247,20009852,sA-eth3,up,1257229608716,netem,66398898,51809,0,0,0,0,0,62930600,11636,0,63847056,13144,0
2225,1257247897020,1257249907920,20005661,sA-eth3,up,1257249723669,netem,66398898,51809,0,0,0,0,0,62930600,11636,0,63847056,13144,0
2226,1257267880361,1257269749380,19983341,sA-eth3,up,1257269555318,netem,66398898,51809,0,0,0,0,0,62930600,11636,0,63847056,13144,0
2227,1257287880202,1257289772122,19999841,sA-eth3,up,1257289582369,netem,66398898,51809,0,0,0,0,0,62930600,11636,0,63847056,13144,0
2228,1257307883574,1257310226018,20003372,sA-eth3,up,1257310048846,netem,66398898,51809,0,0,0,0,0,62930600,11636,0,63847056,13144,0
2229,1257327876626,1257329997927,19993052,sA-eth3,up,1257329809545,netem,66398898,51809,0,0,0,0,0,62930600,11636,0,63847056,13144,0
2230,1257347876587,1257349956408,19999961,sA-eth3,up,1257349774926,netem,66399432,51816,0,0,0,0,0,62948504,11644,0,63847590,13151,0
2231,1257367870388,1257369741607,19993801,sA-eth3,up,1257369551384,netem,66400086,51825,0,0,0,66,1,63002740,11654,0,63848244,13160,0
2232,1257387880459,1257389697128,20010071,sA-eth3,up,1257389517086,netem,66400782,51835,0,0,0,0,0,63064150,11663,0,63848940,13170,0
2233,1257407881521,1257410249895,20001062,sA-eth3,up,1257410078723,netem,66401382,51843,0,0,0,66,1,63122598,11671,0,63849606,13179,0
2234,1257427872872,1257429873302,19991351,sA-eth3,up,1257429699890,netem,66401814,51849,0,0,0,78,1,63173740,11678,0,63850050,13185,0
2235,1257447870434,1257450078425,19997562,sA-eth3,up,1257449883444,netem,66402488,51858,0,0,0,0,0,63232188,11686,0,63850646,13193,0
2236,1257467876655,1257469764993,20006221,sA-eth3,up,1257469563692,netem,66403052,51866,0,0,0,0,0,63290636,11694,0,63851210,13201,0
2237,1257487887286,1257489787195,20010631,sA-eth3,up,1257489593653,netem,66403570,51873,0,0,0,0,0,63334472,11701,0,63851728,13208,0
2238,1257507875817,1257510117470,19988531,sA-eth3,up,1257509937298,netem,66404196,51882,0,0,0,66,1,63407532,11710,0,63852420,13218,0
2239,1257527873799,1257529639466,19997982,sA-eth3,up,1257529468805,netem,66404760,51890,0,0,0,78,1,63465980,11718,0,63852918,13225,0
2240,1257547871640,1257549978391,19997841,sA-eth3,up,1257549810790,netem,66405368,51898,0,0,0,0,0,63524428,11726,0,63853526,13233,0
2241,1257567896652,1257569748050,20025012,sA-eth3,up,1257569559189,netem,66405968,51906,0,0,0,0,0,63582876,11734,0,63854126,13241,0
2242,1257587877844,1257589721452,19981192,sA-eth3,up,1257589542770,netem,66406586,51915,0,0,0,0,0,63641324,11742,0,63854744,13250,0
2243,1257607874494,1257609645352,19996650,sA-eth3,up,1257609481470,netem,66406928,51920,0,0,0,0,0,63677854,11747,0,63855086,13255,0
2244,1257627891086,1257630139288,20016592,sA-eth3,up,1257629949396,netem,66407006,51921,0,0,0,0,0,63679312,11748,0,63855164,13256,0
2245,1257647885227,1257649712986,19994141,sA-eth3,up,1257649530194,netem,66407006,51921,0,0,0,0,0,63679312,11748,0,63855164,13256,0
2246,1257667879228,1257669722057,19994001,sA-eth3,up,1257669541536,netem,66407006,51921,0,0,0,0,0,63679312,11748,0,63855164,13256,0
2247,1257687878100,1257689666078,19998872,sA-eth3,up,1257689487766,netem,66407006,51921,0,0,0,0,0,63679312,11748,0,63855164,13256,0
2248,1257707877542,1257709665969,19999442,sA-eth3,up,1257709486777,netem,66407006,51921,0,0,0,0,0,63679312,11748,0,63855164,13256,0
2249,1257727884493,1257729688311,20006951,sA-eth3,up,1257729510290,netem,66407006,51921,0,0,0,0,0,63679312,11748,0,63855164,13256,0
2250,1257747883504,1257749740723,19999011,sA-eth3,up,1257749558961,netem,66407006,51921,0,0,0,0,0,63679312,11748,0,63855164,13256,0
2251,1257767873905,1257769657953,19990401,sA-eth3,up,1257769479792,netem,66407006,51921,0,0,0,0,0,63679312,11748,0,63855164,13256,0
2252,1257787874647,1257789670755,20000742,sA-eth3,up,1257789486483,netem,66407006,51921,0,0,0,0,0,63679312,11748,0,63855164,13256,0
2253,1257807884908,1257809704446,20010261,sA-eth3,up,1257809521405,netem,66407006,51921,0,0,0,0,0,63679312,11748,0,63855164,13256,0
2254,1257827879030,1257830237783,19994122,sA-eth3,up,1257830062181,netem,66407084,51922,0,0,0,0,0,63680826,11749,0,63855242,13257,0
2255,1257847877301,1257849695710,19998271,sA-eth3,up,1257849518257,netem,66407162,51923,0,0,0,0,0,63686684,11750,0,63855320,13258,0
2256,1257867877512,1257869708681,20000211,sA-eth3,up,1257869531319,netem,66407162,51923,0,0,0,0,0,63686684,11750,0,63855320,13258,0
2257,1257887881864,1257890118926,20004352,sA-eth3,up,1257889929434,netem,66407162,51923,0,0,0,0,0,63686684,11750,0,63855320,13258,0
2258,1257907882145,1257909709063,20000281,sA-eth3,up,1257909529581,netem,66407162,51923,0,0,0,0,0,63686684,11750,0,63855320,13258,0
2259,1257927882037,1257930079079,19999892,sA-eth3,up,1257929889567,netem,66407162,51923,0,0,0,0,0,63686684,11750,0,63855320,13258,0
2260,1257947879358,1257949699596,19997321,sA-eth3,up,1257949506915,netem,66407162,51923,0,0,0,0,0,63686684,11750,0,63855320,13258,0
2261,1257967879888,1257969813578,20000530,sA-eth3,up,1257969635007,netem,66407162,51923,0,0,0,0,0,63686684,11750,0,63855320,13258,0
2262,1257987885490,1257989751469,20005602,sA-eth3,up,1257989566247,netem,66407162,51923,0,0,0,0,0,63686684,11750,0,63855320,13258,0
2263,1258007872851,1258010196455,19987361,sA-eth3,up,1258010029674,netem,66407162,51923,0,0,0,0,0,63686684,11750,0,63855320,13258,0
2264,1258027879743,1258029679591,20006892,sA-eth3,up,1258029495869,netem,66407162,51923,0,0,0,0,0,63686684,11750,0,63855320,13258,0
2265,1258047884455,1258049988435,20004712,sA-eth3,up,1258049814764,netem,66407306,51925,0,0,0,0,0,63691160,11752,0,63855464,13260,0
2266,1258067875696,1258069902036,19991241,sA-eth3,up,1258069726194,netem,66407306,51925,0,0,0,0,0,63691160,11752,0,63855464,13260,0
2267,1258087887537,1258089785487,20011841,sA-eth3,up,1258089588194,netem,66407306,51925,0,0,0,0,0,63691160,11752,0,63855464,13260,0
2268,1258107875408,1258110030851,19987871,sA-eth3,up,1258109847049,netem,66407306,51925,0,0,0,0,0,63691160,11752,0,63855464,13260,0
2269,1258127879650,1258129729749,20004242,sA-eth3,up,1258129551637,netem,66407306,51925,0,0,0,0,0,63691160,11752,0,63855464,13260,0
2270,1258147882632,1258149760651,20002982,sA-eth3,up,1258149573819,netem,66407306,51925,0,0,0,0,0,63691160,11752,0,63855464,13260,0
2271,1258167880894,1258169760672,19998262,sA-eth3,up,1258169582251,netem,66407306,51925,0,0,0,0,0,63691160,11752,0,63855464,13260,0
2272,1258187877526,1258189723804,19996632,sA-eth3,up,1258189541192,netem,66407306,51925,0,0,0,0,0,63691160,11752,0,63855464,13260,0
2273,1258207870648,1258210092020,19993122,sA-eth3,up,1258209887468,netem,66407306,51925,0,0,0,0,0,63691160,11752,0,63855464,13260,0
2274,1258227883920,1258229868969,20013272,sA-eth3,up,1258229703749,netem,66407306,51925,0,0,0,0,0,63691160,11752,0,63855464,13260,0
2275,1258247864981,1258250072074,19981061,sA-eth3,up,1258249863941,netem,66407774,51931,0,0,0,164,2,63733836,11762,0,63856018,13267,0
2276,1258267870934,1258269822483,20005953,sA-eth3,up,1258269642381,netem,66408748,51944,0,0,0,0,0,63789520,11772,0,63856906,13279,0
2277,1258287874065,1258289957657,20003131,sA-eth3,up,1258289670054,netem,66409446,51953,0,0,0,0,0,63845204,11782,0,63857604,13288,0
2278,1258307898298,1258309862408,20024233,sA-eth3,up,1258309680015,netem,66410120,51962,0,0,0,0,0,63881866,11789,0,63858278,13297,0
2279,1258327887930,1258329839029,19989632,sA-eth3,up,1258329661488,netem,66410660,51970,0,0,0,0,0,63922938,11797,0,63858818,13305,0
2280,1258347875582,1258349768060,19987652,sA-eth3,up,1258349581129,netem,66411116,51976,0,0,0,66,1,63962496,11804,0,63859340,13312,0
2281,1258367879023,1258369877364,20003441,sA-eth3,up,1258369646311,netem,66411626,51983,0,0,0,0,0,64003502,11811,0,63859784,13318,0
2282,1258387887355,1258389882396,20008332,sA-eth3,up,1258389700614,netem,66412202,51991,0,0,0,0,0,64046022,11819,0,63860360,13326,0
2283,1258407880527,1258409900347,19993172,sA-eth3,up,1258409694575,netem,66412676,51998,0,0,0,78,1,64092886,11827,0,63860912,13334,0
2284,1258427879919,1258430332474,19999392,sA-eth3,up,1258430143172,netem,66594944,52126,0,0,0,33308,2,64122902,11843,0,64036040,13354,0
2285,1258447873011,1258450039583,19993092,sA-eth3,up,1258449825591,netem,66805390,52265,0,0,0,24224,2,64123034,11845,0,64238434,13372,0
2286,1258467881853,1258470221436,20008842,sA-eth3,up,1258470030725,netem,66997668,52392,0,0,0,12112,1,64123034,11845,0,64423452,13388,0
2287,1258487883255,1258490176958,20001402,sA-eth3,up,1258489975746,netem,67121816,52474,0,0,0,0,0,64123034,11845,0,64542914,13399,0
2288,1258507885197,1258509852617,20001942,sA-eth3,up,1258509673175,netem,67177834,52511,0,0,0,30280,2,64123100,11846,0,64596820,13404,0
2289,1258527872639,1258529738478,19987442,sA-eth3,up,1258529540625,netem,67427644,52676,0,0,0,37850,3,64123100,11846,0,64836928,13422,0
2290,1258547880931,1258549714889,20008292,sA-eth3,up,1258549529588,netem,67685024,52846,0,0,0,15140,1,64123100,11846,0,65084342,13441,0
2291,1258567898013,1258569755082,20017082,sA-eth3,up,1258569565919,netem,67722874,52871,0,0,0,0,0,64123100,11846,0,65120740,13444,0
2292,1258587883685,1258589810865,19985672,sA-eth3,up,1258589616362,netem,67725902,52873,0,0,0,0,0,64123100,11846,0,65123702,13445,0
2293,1258607884107,1258609725466,20000422,sA-eth3,up,1258609532584,netem,67725902,52873,0,0,0,0,0,64123100,11846,0,65123702,13445,0
2294,1258627878779,1258629714467,19994672,sA-eth3,up,1258629524196,netem,67725902,52873,0,0,0,15140,1,64123166,11847,0,65123702,13445,0
2295,1258647877721,1258649717740,19998942,sA-eth3,up,1258649520767,netem,67957794,53029,0,0,0,30280,2,64127708,11850,0,65346618,13465,0
2296,1258667889302,1258669778862,20011581,sA-eth3,up,1258669590621,netem,68215658,53205,0,0,0,15140,1,64149890,11857,0,65594516,13490,0
2297,1258687880585,1258689761824,19991283,sA-eth3,up,1258689567522,netem,68451080,53370,0,0,0,37916,4,64198466,11869,0,65835376,13518,0
2298,1258707883266,1258710196800,20002681,sA-eth3,up,1258710019378,netem,68608130,53483,0,0,0,78,1,64245396,11878,0,65971808,13538,0
2299,1258727879309,1258729777069,19996043,sA-eth3,up,1258729590166,netem,68608772,53492,0,0,0,0,0,64296670,11887,0,65972450,13547,0
2300,1258747878381,1258750293816,19999072,sA-eth3,up,1258750060553,netem,68609570,53503,0,0,0,66,1,64353934,11899,0,65973314,13559,0
2301,1258767882023,1258770109615,20003642,sA-eth3,up,1258769893503,netem,68610344,53514,0,0,0,0,0,64416858,11909,0,65974022,13569,0
2302,1258787876875,1258789718743,19994852,sA-eth3,up,1258789531981,netem,68611638,53525,0,0,0,78,1,64472686,11921,0,65975316,13580,0
2303,1258807881177,1258809750005,20004302,sA-eth3,up,1258809564174,netem,68612490,53537,0,0,0,66,1,64538638,11933,0,65976168,13592,0
2304,1258827881699,1258829754128,20000522,sA-eth3,up,1258829569806,netem,68613120,53546,0,0,0,0,0,64587016,11942,0,65976798,13601,0
2305,1258847880360,1258849733009,19998661,sA-eth3,up,1258849549527,netem,68613774,53555,0,0,0,0,0,64629536,11950,0,65977452,13610,0
2306,1258867872943,1258869683630,19992583,sA-eth3,up,1258869499889,netem,68614386,53563,0,0,0,0,0,64677914,11959,0,65978064,13618,0
2307,1258887879414,1258889750524,20006471,sA-eth3,up,1258889559201,netem,68614808,53568,0,0,0,0,0,64701346,11963,0,65978486,13623,0
2308,1258907882967,1258910258061,20003553,sA-eth3,up,1258910055418,netem,68615518,53577,0,0,0,66,1,64761440,11974,0,65979196,13632,0
2309,1258927879458,1258929966889,19996491,sA-eth3,up,1258929789138,netem,68616214,53587,0,0,0,66,1,64820020,11984,0,65979958,13643,0
2310,1258947877801,1258950208444,19998343,sA-eth3,up,1258949980522,netem,68616830,53595,0,0,0,66,1,64856814,11993,0,65980508,13650,0
2311,1258967911142,1258970226976,20033341,sA-eth3,up,1258969958333,netem,68617512,53604,0,0,0,0,0,64896504,12002,0,65981190,13659,0
2312,1258987894825,1258989924115,19983683,sA-eth3,up,1258989739493,netem,68618174,53613,0,0,0,78,1,64936194,12011,0,65981930,13669,0
2313,1259007889896,1259010265350,19995071,sA-eth3,up,1259010086039,netem,68618774,53621,0,0,0,0,0,64968512,12018,0,65982452,13676,0
2314,1259027874348,1259029901659,19984452,sA-eth3,up,1259029722017,netem,68619324,53628,0,0,0,78,1,65013928,12026,0,65983080,13684,0
2315,1259047877281,1259049835410,20002933,sA-eth3,up,1259049658508,netem,68619952,53636,0,0,0,78,1,65052104,12034,0,65983708,13692,0
2316,1259067887422,1259070191506,20010141,sA-eth3,up,1259069979923,netem,68620708,53646,0,0,0,0,0,65098968,12042,0,65984386,13701,0
2317,1259087884855,1259090058916,19997433,sA-eth3,up,1259089862685,netem,68621362,53655,0,0,0,0,0,65166302,12053,0,65985040,13710,0
2318,1259107870016,1259109713115,19985161,sA-eth3,up,1259109520193,netem,68622118,53665,0,0,0,66,1,65242324,12064,0,65985796,13720,0
2319,1259127878828,1259129770607,20008812,sA-eth3,up,1259129575855,netem,68622784,53674,0,0,0,0,0,65290570,12071,0,65986462,13729,0
2320,1259147890440,1259149845960,20011612,sA-eth3,up,1259149664159,netem,68623096,53678,0,0,0,66,1,65334406,12077,0,65986840,13734,0
2321,1259167892013,1259169828073,20001573,sA-eth3,up,1259169639321,netem,68623672,53686,0,0,0,0,0,65385548,12084,0,65987350,13741,0
2322,1259187879256,1259189764584,19987243,sA-eth3,up,1259189577893,netem,68624266,53695,0,0,0,0,0,65451302,12093,0,65987944,13750,0
2323,1259207888598,1259209885869,20009342,sA-eth3,up,1259209682737,netem,68624476,53698,0,0,0,0,0,65465914,12095,0,65988154,13753,0
2324,1259227895490,1259230351316,20006892,sA-eth3,up,1259230143844,netem,68624476,53698,0,0,0,0,0,65465914,12095,0,65988154,13753,0
2325,1259247910493,1259250068995,20015003,sA-eth3,up,1259249840593,netem,68624476,53698,0,0,0,0,0,65465914,12095,0,65988154,13753,0
2326,1259267889266,1259269938717,19978773,sA-eth3,up,1259269736865,netem,68624476,53698,0,0,0,0,0,65465914,12095,0,65988154,13753,0
2327,1259287882108,1259289877788,19992842,sA-eth3,up,1259289681927,netem,68624476,53698,0,0,0,0,0,65465914,12095,0,65988154,13753,0
2328,1259307880971,1259310245635,19998863,sA-eth3,up,1259310069883,netem,68624476,53698,0,0,0,0,0,65465914,12095,0,65988154,13753,0
2329,1259327900474,1259330210197,20019503,sA-eth3,up,1259329947275,netem,68624476,53698,0,0,0,0,0,65465914,12095,0,65988154,13753,0
2330,1259347893266,1259349949987,19992792,sA-eth3,up,1259349771595,netem,68624476,53698,0,0,0,0,0,65465914,12095,0,65988154,13753,0
2331,1259367876779,1259369820368,19983513,sA-eth3,up,1259369639006,netem,68624476,53698,0,0,0,0,0,65465914,12095,0,65988154,13753,0
2332,1259387888771,1259389861501,20011992,sA-eth3,up,1259389678369,netem,68624476,53698,0,0,0,0,0,65465914,12095,0,65988154,13753,0
2333,1259407879673,1259410248678,19990902,sA-eth3,up,1259410067375,netem,68624476,53698,0,0,0,0,0,65465914,12095,0,65988154,13753,0
2334,1259427892406,1259430147429,20012733,sA-eth3,up,1259429900977,netem,68624542,53699,0,0,0,0,0,65467428,12096,0,65988220,13754,0
2335,1259447881659,1259449855269,19989253,sA-eth3,up,1259449675987,netem,68624542,53699,0,0,0,0,0,65467428,12096,0,65988220,13754,0
2336,1259467892242,1259470138284,20010583,sA-eth3,up,1259469939362,netem,68624542,53699,0,0,0,0,0,65467428,12096,0,65988220,13754,0
2337,1259487894074,1259489777333,20001832,sA-eth3,up,1259489589512,netem,68624542,53699,0,0,0,0,0,65467428,12096,0,65988220,13754,0
2338,1259507889157,1259509806276,19995083,sA-eth3,up,1259509618254,netem,68624542,53699,0,0,0,0,0,65467428,12096,0,65988220,13754,0
2339,1259527885739,1259529795728,19996582,sA-eth3,up,1259529586837,netem,68624542,53699,0,0,0,0,0,65467428,12096,0,65988220,13754,0
2340,1259547885811,1259549710280,20000072,sA-eth3,up,1259549519777,netem,68624542,53699,0,0,0,0,0,65467428,12096,0,65988220,13754,0
2341,1259567903434,1259570263929,20017623,sA-eth3,up,1259570075686,netem,68624542,53699,0,0,0,0,0,65467428,12096,0,65988220,13754,0
2342,1259587894267,1259590062108,19990833,sA-eth3,up,1259589855737,netem,68624542,53699,0,0,0,0,0,65467428,12096,0,65988220,13754,0
2343,1259607893890,1259609762618,19999623,sA-eth3,up,1259609574697,netem,68624542,53699,0,0,0,0,0,65467428,12096,0,65988220,13754,0
2344,1259627880072,1259629723450,19986182,sA-eth3,up,1259629530419,netem,68624542,53699,0,0,0,66,1,65468942,12097,0,65988286,13755,0
2345,1259647880664,1259649817714,20000592,sA-eth3,up,1259649618912,netem,68625160,53708,0,0,0,0,0,65523112,12106,0,65988838,13763,0
2346,1259667909887,1259670449203,20029223,sA-eth3,up,1259670191880,netem,68625736,53716,0,0,0,0,0,65574320,12114,0,65989414,13771,0
2347,1259687897720,1259689911150,19987833,sA-eth3,up,1259689697117,netem,68626264,53724,0,0,0,66,1,65641588,12124,0,65990008,13780,0
2348,1259707888672,1259710265186,19990952,sA-eth3,up,1259710050724,netem,68626828,53732,0,0,0,0,0,65685424,12130,0,65990506,13787,0
2349,1259727887765,1259729986676,19999093,sA-eth3,up,1259729788814,netem,68627356,53740,0,0,0,66,1,65751178,12139,0,65991034,13795,0
2350,1259747893027,1259750045319,20005262,sA-eth3,up,1259749839127,netem,68627578,53743,0,0,0,0,0,65765790,12141,0,65991256,13798,0
2351,1259767892160,1259769896320,19999133,sA-eth3,up,1259769696748,netem,68627578,53743,0,0,0,0,0,65765790,12141,0,65991256,13798,0
2352,1259787885472,1259790197996,19993312,sA-eth3,up,1259790018844,netem,68627578,53743,0,0,0,0,0,65765790,12141,0,65991256,13798,0
2353,1259807893425,1259809775104,20007953,sA-eth3,up,1259809579102,netem,68627578,53743,0,0,0,0,0,65765790,12141,0,65991256,13798,0
2354,1259827884348,1259830062869,19990923,sA-eth3,up,1259829866777,netem,68627578,53743,0,0,0,0,0,65765790,12141,0,65991256,13798,0
2355,1259847886480,1259849789979,20002132,sA-eth3,up,1259849603787,netem,68627578,53743,0,0,0,0,0,65765790,12141,0,65991256,13798,0
2356,1259867882522,1259870124246,19996042,sA-eth3,up,1259869932483,netem,68627578,53743,0,0,0,0,0,65765790,12141,0,65991256,13798,0
2357,1259887886425,1259890405651,20003903,sA-eth3,up,1259890228449,netem,68627578,53743,0,0,0,0,0,65765790,12141,0,65991256,13798,0
2358,1259907876758,1259910202801,19990333,sA-eth3,up,1259910027019,netem,68627578,53743,0,0,0,0,0,65765790,12141,0,65991256,13798,0
2359,1259927902290,1259930331684,20025532,sA-eth3,up,1259930137543,netem,68627578,53743,0,0,0,0,0,65765790,12141,0,65991256,13798,0
2360,1259947879073,1259949815512,19976783,sA-eth3,up,1259949613790,netem,68627578,53743,0,0,0,78,1,65767304,12142,0,65991334,13799,0
2361,1259967877565,1259969798925,19998492,sA-eth3,up,1259969595982,netem,68628084,53750,0,0,0,0,0,65814102,12149,0,65991762,13805,0
2362,1259987892158,1259990167471,20014593,sA-eth3,up,1259989966688,netem,68628648,53758,0,0,0,78,1,65875578,12159,0,65992404,13814,0
2363,1260007883881,1260009796810,19991723,sA-eth3,up,1260009603527,netem,68629104,53764,0,0,0,0,0,65897496,12162,0,65992782,13819,0
2364,1260027876893,1260030233757,19993012,sA-eth3,up,1260030053725,netem,68629104,53764,0,0,0,0,0,65897496,12162,0,65992782,13819,0
2365,1260047887715,1260050163629,20010822,sA-eth3,up,1260049959516,netem,68629104,53764,0,0,0,0,0,65897496,12162,0,65992782,13819,0
2366,1260067900648,1260069822377,20012933,sA-eth3,up,1260069621445,netem,68629104,53764,0,0,0,0,0,65897496,12162,0,65992782,13819,0
2367,1260087883150,1260089771450,19982502,sA-eth3,up,1260089574007,netem,68629146,53765,0,0,0,0,0,65897538,12163,0,65992824,13820,0
2368,1260107896433,1260109773382,20013283,sA-eth3,up,1260109575890,netem,68629146,53765,0,0,0,0,0,65897538,12163,0,65992824,13820,0
2369,1260127889656,1260129833055,19993223,sA-eth3,up,1260129637533,netem,68629146,53765,0,0,0,0,0,65897538,12163,0,65992824,13820,0
2370,1260147897149,1260149991320,20007493,sA-eth3,up,1260149803478,netem,68629146,53765,0,0,0,0,0,65897538,12163,0,65992824,13820,0
2371,1260167886491,1260170306476,19989342,sA-eth3,up,1260170111894,netem,68629146,53765,0,0,0,0,0,65897538,12163,0,65992824,13820,0
2372,1260187887325,1260189821315,20000834,sA-eth3,up,1260189611843,netem,68629146,53765,0,0,0,0,0,65897538,12163,0,65992824,13820,0
2373,1260207883897,1260210188422,19996572,sA-eth3,up,1260209938479,netem,68629146,53765,0,0,0,0,0,65897538,12163,0,65992824,13820,0
2374,1260227879271,1260230209004,19995374,sA-eth3,up,1260230023563,netem,68629146,53765,0,0,0,0,0,65897538,12163,0,65992824,13820,0
2375,1260247888075,1260249998056,20008804,sA-eth3,up,1260249816704,netem,68629146,53765,0,0,0,0,0,65897538,12163,0,65992824,13820,0
2376,1260267887277,1260269907578,19999202,sA-eth3,up,1260269715856,netem,68629146,53765,0,0,0,0,0,65897538,12163,0,65992824,13820,0
2377,1260287882781,1260290034432,19995504,sA-eth3,up,1260289817421,netem,68629146,53765,0,0,0,0,0,65897538,12163,0,65992824,13820,0
2378,1260307890333,1260309871524,20007552,sA-eth3,up,1260309681242,netem,68629146,53765,0,0,0,0,0,65897538,12163,0,65992824,13820,0
2379,1260327882937,1260329861247,19992604,sA-eth3,up,1260329660815,netem,68629146,53765,0,0,0,0,0,65897538,12163,0,65992824,13820,0
2380,1260347885150,1260350257424,20002213,sA-eth3,up,1260350064202,netem,68763982,53855,0,0,0,52990,3,65898132,12172,0,66122380,13831,0
2381,1260367873573,1260369722632,19988423,sA-eth3,up,1260369535240,netem,69015306,54021,0,0,0,30280,2,65898462,12177,0,66363936,13848,0
2382,1260387881716,1260389740876,20008143,sA-eth3,up,1260389543163,netem,69257546,54181,0,0,0,30280,2,65898528,12178,0,66611350,13867,0
2383,1260407878649,1260409764898,19996933,sA-eth3,up,1260409574057,netem,69507356,54346,0,0,0,37850,3,65898528,12178,0,66851458,13885,0
2384,1260427889473,1260429801732,20010824,sA-eth3,up,1260429613140,netem,69764736,54516,0,0,0,30280,2,65898528,12178,0,67084326,13903,0
2385,1260447882056,1260449735804,19992583,sA-eth3,up,1260449539033,netem,69938846,54631,0,0,0,0,0,65898528,12178,0,67251704,13916,0
2386,1260467871639,1260469680168,19989583,sA-eth3,up,1260469496185,netem,69938846,54631,0,0,0,7570,1,65898528,12178,0,67251704,13916,0
2387,1260487872822,1260489766431,20001183,sA-eth3,up,1260489557419,netem,69946416,54636,0,0,0,0,0,65898528,12178,0,67259010,13917,0
2388,1260507897016,1260510319090,20024194,sA-eth3,up,1260510119437,netem,69946416,54636,0,0,0,0,0,65898528,12178,0,67259010,13917,0
2389,1260527883318,1260529783498,19986302,sA-eth3,up,1260529589295,netem,70143236,54766,0,0,0,30280,2,65898594,12179,0,67448174,13931,0
2390,1260547879911,1260549755761,19996593,sA-eth3,up,1260549549408,netem,70393046,54931,0,0,0,22710,2,65898660,12180,0,67688282,13949,0
2391,1260567879944,1260569771864,20000033,sA-eth3,up,1260569575571,netem,70635286,55091,0,0,0,30280,2,65898660,12180,0,67935696,13968,0
2392,1260587895208,1260589816527,20015264,sA-eth3,up,1260589620645,netem,70822022,55215,0,0,0,0,0,65898726,12181,0,68100626,13981,0
2393,1260607885320,1260609848020,19990112,sA-eth3,up,1260609674019,netem,70822022,55215,0,0,0,0,0,65898726,12181,0,68100626,13981,0
2394,1260627876924,1260629758173,19991604,sA-eth3,up,1260629546331,netem,70822022,55215,0,0,0,78,1,65900306,12183,0,68100704,13982,0
2395,1260647881698,1260649769317,20004774,sA-eth3,up,1260649563924,netem,70822706,55225,0,0,0,78,1,65957504,12194,0,68101388,13992,0
2396,1260667884730,1260669779189,20003032,sA-eth3,up,1260669590178,netem,70823438,55235,0,0,0,66,1,66034908,12204,0,68102042,14001,0
2397,1260687881653,1260690267197,19996923,sA-eth3,up,1260690086436,netem,70824176,55246,0,0,0,156,2,66132716,12216,0,68102858,14013,0
2398,1260707881967,1260710222581,20000314,sA-eth3,up,1260710022418,netem,70825120,55258,0,0,0,78,1,66214596,12228,0,68103802,14025,0
2399,1260727893550,1260730030302,20011583,sA-eth3,up,1260729727049,netem,70826094,55271,0,0,0,0,0,66303650,12239,0,68104698,14037,0
2400,1260747942154,1260750201196,20048604,sA-eth3,up,1260749888363,netem,70827198,55285,0,0,0,0,0,66413240,12254,0,68105802,14051,0
2401,1260767916337,1260770237320,19974183,sA-eth3,up,1260769960117,netem,70828120,55298,0,0,0,78,1,66538692,12268,0,68106724,14064,0
2402,1260787893379,1260790249093,19977042,sA-eth3,up,1260789984160,netem,70829314,55315,0,0,0,0,0,66701990,12285,0,68107918,14081,0
2403,1260807883703,1260809997333,19990324,sA-eth3,up,1260809760061,netem,70830260,55328,0,0,0,0,0,66847714,12299,0,68108864,14094,0
2404,1260827882545,1260829827535,19998842,sA-eth3,up,1260829637004,netem,70831146,55339,0,0,0,86,1,66967176,12310,0,68109750,14105,0
2405,1260847883839,1260849835018,20001294,sA-eth3,up,1260849641316,netem,70832512,55356,0,0,0,78,1,67114480,12326,0,68111116,14122,0
2406,1260867882751,1260869777491,19998912,sA-eth3,up,1260869583809,netem,70833244,55366,0,0,0,86,1,67209260,12336,0,68111848,14132,0
2407,1260887885975,1260889774894,20003224,sA-eth3,up,1260889581692,netem,70834114,55377,0,0,0,86,1,67291008,12346,0,68112718,14143,0
2408,1260907880408,1260909805787,19994433,sA-eth3,up,1260909615526,netem,70834640,55384,0,0,0,66,1,67362422,12353,0,68113244,14150,0
2409,1260927864961,1260929843101,19984553,sA-eth3,up,1260929657530,netem,70835454,55395,0,0,0,66,1,67473328,12366,0,68114058,14161,0
2410,1260947883534,1260950318638,20018573,sA-eth3,up,1260950085387,netem,70836000,55402,0,0,0,0,0,67533158,12373,0,68114604,14168,0
2411,1260967890627,1260970074420,20007093,sA-eth3,up,1260969804487,netem,70837048,55416,0,0,0,66,1,67645578,12387,0,68115652,14182,0
2412,1260987871250,1260990090643,19980623,sA-eth3,up,1260989859760,netem,70838054,55429,0,0,0,0,0,67747730,12399,0,68116658,14195,0
2413,1261007901844,1261009847594,20030594,sA-eth3,up,1261009634092,netem,70838930,55441,0,0,0,0,0,67865876,12412,0,68117534,14207,0
2414,1261027843746,1261030196520,19941902,sA-eth3,up,1261029972248,netem,70839772,55452,0,0,0,94,1,67957892,12424,0,68118470,14219,0
2415,1261047882260,1261049908391,20038514,sA-eth3,up,1261049670088,netem,70840892,55466,0,0,0,0,0,68063072,12438,0,68119496,14232,0
2416,1261067888544,1261070308918,20006284,sA-eth3,up,1261070071795,netem,70841692,55476,0,0,0,78,1,68175360,12450,0,68120374,14243,0
2417,1261087915847,1261090400732,20027303,sA-eth3,up,1261090156139,netem,70842624,55488,0,0,0,0,0,68281790,12461,0,68121228,14254,0
2418,1261107906860,1261110496686,19991013,sA-eth3,up,1261110246914,netem,70843474,55499,0,0,0,0,0,68369462,12473,0,68122078,14265,0
2419,1261127897302,1261129830052,19990442,sA-eth3,up,1261129615561,netem,70844188,55508,0,0,0,0,0,68438046,12482,0,68122792,14274,0
2420,1261147884867,1261149752725,19987565,sA-eth3,up,1261149552934,netem,70844816,55516,0,0,0,78,1,68500838,12489,0,68123498,14283,0
2421,1261167889090,1261169801810,20004223,sA-eth3,up,1261169617017,netem,70845758,55529,0,0,0,0,0,68620432,12503,0,68124362,14295,0
2422,1261187873414,1261189776423,19984324,sA-eth3,up,1261189585021,netem,70846322,55537,0,0,0,78,1,68689148,12512,0,68125004,14304,0
2423,1261207883148,1261210484264,20009734,sA-eth3,up,1261210210461,netem,70847272,55550,0,0,0,0,0,68798540,12524,0,68125876,14316,0
2424,1261227850921,1261229883142,19967773,sA-eth3,up,1261229694559,netem,70848204,55562,0,0,0,0,0,68907998,12537,0,68126808,14328,0
2425,1261247855384,1261249855625,20004463,sA-eth3,up,1261249641423,netem,70849286,55577,0,0,0,0,0,69030554,12551,0,68127890,14343,0
2426,1261267883569,1261269933630,20028185,sA-eth3,up,1261269749797,netem,70849952,55586,0,0,0,78,1,69112302,12561,0,68128556,14352,0
2427,1261287837442,1261289837082,19953873,sA-eth3,up,1261289635440,netem,70850766,55597,0,0,0,78,1,69199908,12572,0,68129448,14364,0
2428,1261307874656,1261310305611,20037214,sA-eth3,up,1261310107549,netem,70851486,55607,0,0,0,0,0,69278694,12581,0,68130090,14373,0
2429,1261327872090,1261330408286,19997434,sA-eth3,up,1261330226504,netem,70852118,55615,0,0,0,0,0,69335694,12589,0,68130722,14381,0
2430,1261347846173,1261350487900,19974083,sA-eth3,up,1261350265398,netem,70852784,55624,0,0,0,78,1,69423300,12600,0,68131466,14391,0
2431,1261367873818,1261370281962,20027645,sA-eth3,up,1261370086699,netem,70853678,55637,0,0,0,0,0,69524004,12612,0,68132282,14403,0
2432,1261387876621,1261389809831,20002803,sA-eth3,up,1261389588078,netem,70854506,55649,0,0,0,78,1,69620364,12624,0,68133188,14416,0
2433,1261407878785,1261410416381,20002164,sA-eth3,up,1261410213878,netem,70968310,55727,0,0,0,27252,2,69620760,12630,0,68254142,14427,0
2434,1261427904778,1261430051160,20025993,sA-eth3,up,1261429829208,netem,71210550,55887,0,0,0,30280,2,69621750,12645,0,68489906,14445,0
2435,1261447877872,1261449903863,19973094,sA-eth3,up,1261449713721,netem,71460360,56052,0,0,0,37850,3,69622542,12657,0,68715468,14462,0
2436,1261467949127,1261470420592,20071255,sA-eth3,up,1261470190240,netem,71723796,56226,0,0,0,24224,2,69623400,12670,0,68968674,14481,0
2437,1261487877460,1261490160003,19928333,sA-eth3,up,1261489950741,netem,71959980,56382,0,0,0,30280,2,69624390,12685,0,69195750,14499,0
2438,1261507891913,1261510047846,20014453,sA-eth3,up,1261509837563,netem,72206762,56545,0,0,0,40878,3,69625248,12699,0,69444480,14516,0
2439,1261527884617,1261529814496,19992704,sA-eth3,up,1261529633875,netem,72452030,56707,0,0,0,51476,3,69626370,12715,0,69683140,14534,0
2440,1261547875630,1261549741030,19991013,sA-eth3,up,1261549560608,netem,72709410,56877,0,0,0,45420,3,69627162,12727,0,69916008,14552,0
2441,1261567878005,1261570178938,20002375,sA-eth3,up,1261569998626,netem,72956192,57040,0,0,0,56018,4,69627954,12739,0,70164804,14570,0
2442,1261587898208,1261590304632,20020203,sA-eth3,up,1261590099061,netem,73047546,57101,0,0,0,0,0,69628416,12746,0,70240944,14576,0
2443,1261607879782,1261609842152,19981574,sA-eth3,up,1261609652941,netem,73047632,57102,0,0,0,86,1,69635788,12748,0,70241116,14578,0
2444,1261627875106,1261629756535,19995324,sA-eth3,up,1261629547342,netem,73048384,57112,0,0,0,0,0,69711810,12759,0,70241782,14587,0
2445,1261647884789,1261649975871,20009683,sA-eth3,up,1261649776739,netem,73049212,57124,0,0,0,78,1,69808170,12771,0,70242610,14599,0
2446,1261667902204,1261669849154,20017415,sA-eth3,up,1261669612511,netem,73050022,57135,0,0,0,78,1,69891366,12781,0,70243420,14610,0
2447,1261687883567,1261689811557,19981363,sA-eth3,up,1261689621545,netem,73050506,57141,0,0,0,86,1,69948300,12788,0,70243904,14616,0
2448,1261707877851,1261709769280,19994284,sA-eth3,up,1261709564207,netem,73051438,57153,0,0,0,0,0,70031562,12799,0,70244836,14628,0
2449,1261727880414,1261729721313,20002563,sA-eth3,up,1261729532111,netem,73051680,57156,0,0,0,0,0,70047566,12801,0,70245078,14631,0
2450,1261747877798,1261749755617,19997384,sA-eth3,up,1261749562506,netem,73051680,57156,0,0,0,0,0,70047566,12801,0,70245078,14631,0
2451,1261767890712,1261769838202,20012914,sA-eth3,up,1261769629299,netem,73051680,57156,0,0,0,0,0,70047566,12801,0,70245078,14631,0
2452,1261787879886,1261789755445,19989174,sA-eth3,up,1261789564183,netem,73051680,57156,0,0,0,0,0,70047566,12801,0,70245078,14631,0
2453,1261807878309,1261809769709,19998423,sA-eth3,up,1261809566136,netem,73051680,57156,0,0,0,0,0,70047566,12801,0,70245078,14631,0
2454,1261827879563,1261830759533,20001254,sA-eth3,up,1261830562231,netem,73051680,57156,0,0,0,0,0,70047566,12801,0,70245078,14631,0
2455,1261847882907,1261849845488,20003344,sA-eth3,up,1261849661935,netem,73051680,57156,0,0,0,0,0,70047566,12801,0,70245078,14631,0
2456,1261867882901,1261870213884,19999994,sA-eth3,up,1261870037272,netem,73051680,57156,0,0,0,0,0,70047566,12801,0,70245078,14631,0
2457,1261887878245,1261890218638,19995344,sA-eth3,up,1261890036576,netem,73051680,57156,0,0,0,0,0,70047566,12801,0,70245078,14631,0
2458,1261907878668,1261909702537,20000423,sA-eth3,up,1261909521945,netem,73051680,57156,0,0,0,0,0,70047566,12801,0,70245078,14631,0
2459,1261927885972,1261929760671,20007304,sA-eth3,up,1261929575760,netem,73051680,57156,0,0,0,0,0,70047566,12801,0,70245078,14631,0
2460,1261947879305,1261949774625,19993333,sA-eth3,up,1261949596513,netem,73051680,57156,0,0,0,0,0,70047566,12801,0,70245078,14631,0
2461,1261967873580,1261969670597,19994275,sA-eth3,up,1261969491796,netem,73051680,57156,0,0,0,0,0,70047566,12801,0,70245078,14631,0
2462,1261987877993,1261989673591,20004413,sA-eth3,up,1261989499850,netem,73051680,57156,0,0,0,0,0,70047566,12801,0,70245078,14631,0
2463,1262007883717,1262010409943,20005724,sA-eth3,up,1262010240851,netem,73051680,57156,0,0,0,0,0,70047566,12801,0,70245078,14631,0
2464,1262027878920,1262029757770,19995203,sA-eth3,up,1262029576418,netem,73051680,57156,0,0,0,0,0,70047566,12801,0,70245078,14631,0
2465,1262047874934,1262050167508,19996014,sA-eth3,up,1262049976386,netem,73051680,57156,0,0,0,0,0,70047566,12801,0,70245078,14631,0
2466,1262067876648,1262070173192,20001714,sA-eth3,up,1262069995069,netem,73051680,57156,0,0,0,0,0,70047566,12801,0,70245078,14631,0
2467,1262087883002,1262089748871,20006354,sA-eth3,up,1262089564379,netem,73051680,57156,0,0,0,0,0,70047566,12801,0,70245078,14631,0
2468,1262107883156,1262109833385,20000154,sA-eth3,up,1262109660754,netem,73051680,57156,0,0,0,0,0,70047566,12801,0,70245078,14631,0
2469,1262127873549,1262130848959,19990393,sA-eth3,up,1262130675388,netem,73051680,57156,0,0,0,0,0,70047566,12801,0,70245078,14631,0
2470,1262147876934,1262149868453,20003385,sA-eth3,up,1262149690212,netem,73051680,57156,0,0,0,0,0,70047566,12801,0,70245078,14631,0
2471,1262167880348,1262170101641,20003414,sA-eth3,up,1262169895328,netem,73051680,57156,0,0,0,0,0,70047566,12801,0,70245078,14631,0
2472,1262187882782,1262189867893,20002434,sA-eth3,up,1262189692000,netem,73051680,57156,0,0,0,0,0,70047566,12801,0,70245078,14631,0
2473,1262207872596,1262209754905,19989814,sA-eth3,up,1262209563524,netem,73051680,57156,0,0,0,0,0,70047566,12801,0,70245078,14631,0
2474,1262227876221,1262230692810,20003625,sA-eth3,up,1262230507987,netem,73051680,57156,0,0,0,0,0,70047566,12801,0,70245078,14631,0
2475,1262247870875,1262249998677,19994654,sA-eth3,up,1262249826745,netem,73051680,57156,0,0,0,0,0,70047566,12801,0,70245078,14631,0
2476,1262267883030,1262269910480,20012155,sA-eth3,up,1262269731329,netem,73051680,57156,0,0,0,0,0,70047566,12801,0,70245078,14631,0
2477,1262287873983,1262289792763,19990953,sA-eth3,up,1262289609031,netem,73051680,57156,0,0,0,0,0,70047566,12801,0,70245078,14631,0
2478,1262307876268,1262309728047,20002285,sA-eth3,up,1262309540195,netem,73051680,57156,0,0,0,0,0,70047566,12801,0,70245078,14631,0
2479,1262327870852,1262330205926,19994584,sA-eth3,up,1262330020654,netem,73051680,57156,0,0,0,0,0,70047566,12801,0,70245078,14631,0
2480,1262347879087,1262349790856,20008235,sA-eth3,up,1262349589574,netem,73051680,57156,0,0,0,78,1,70049080,12802,0,70245156,14632,0
2481,1262367874221,1262369816231,19995134,sA-eth3,up,1262369636809,netem,73051824,57158,0,0,0,0,0,70052042,12803,0,70245222,14633,0
2482,1262387874325,1262390684544,20000104,sA-eth3,up,1262390494852,netem,73051824,57158,0,0,0,0,0,70052042,12803,0,70245222,14633,0
2483,1262407872049,1262409915201,19997724,sA-eth3,up,1262409740759,netem,73051824,57158,0,0,0,0,0,70052042,12803,0,70245222,14633,0
2484,1262427883484,1262429781404,20011435,sA-eth3,up,1262429584981,netem,73051824,57158,0,0,0,0,0,70052042,12803,0,70245222,14633,0
2485,1262447883968,1262449834129,20000484,sA-eth3,up,1262449657846,netem,73051824,57158,0,0,0,0,0,70052042,12803,0,70245222,14633,0
2486,1262467877192,1262469730101,19993224,sA-eth3,up,1262469538180,netem,73051824,57158,0,0,0,0,0,70052042,12803,0,70245222,14633,0
2487,1262487880626,1262489807176,20003434,sA-eth3,up,1262489594195,netem,73051824,57158,0,0,0,0,0,70052042,12803,0,70245222,14633,0
2488,1262507882061,1262509765080,20001435,sA-eth3,up,1262509582868,netem,73051824,57158,0,0,0,0,0,70052042,12803,0,70245222,14633,0
2489,1262527882056,1262529766355,19999995,sA-eth3,up,1262529584753,netem,73051824,57158,0,0,0,0,0,70052042,12803,0,70245222,14633,0
