poll_iteration,poll_start_ns,poll_end_ns,poll_interval_ns,interface,operstate,t_ns,kind,bytes,packets,drops,overlimits,requeues,backlog_bytes,qlen,rx_bytes,rx_packets,rx_dropped,tx_bytes,tx_packets,tx_dropped
0,34744076624320,34744079536032,0,sA-eth3,up,34744078944106,netem,364,6,0,0,0,0,0,480,6,0,544,8,0
0,34744076624320,34744081636216,0,sB-eth3,up,34744081425203,netem,454,7,0,0,0,0,0,456,6,0,544,8,0
1,34744096703512,34744098618143,20079192,sA-eth3,up,34744098419600,netem,450,7,0,0,0,0,0,480,6,0,630,9,0
1,34744096703512,34744100678416,20079192,sB-eth3,up,34744100510743,netem,454,7,0,0,0,0,0,546,7,0,544,8,0
2,34744116713743,34744118606933,20010231,sA-eth3,up,34744118425673,netem,450,7,0,0,0,0,0,480,6,0,630,9,0
2,34744116713743,34744120436684,20010231,sB-eth3,up,34744120266202,netem,540,8,0,0,0,0,0,546,7,0,630,9,0
3,34744136697534,34744138583865,19983791,sA-eth3,up,34744138407103,netem,598,9,0,0,0,0,0,674,9,0,778,11,0
3,34744136697534,34744140382615,19983791,sB-eth3,up,34744140192282,netem,614,9,0,0,0,0,0,686,9,0,704,10,0
4,34744156701864,34744158577065,20004330,sA-eth3,up,34744158401673,netem,598,9,0,0,0,0,0,674,9,0,778,11,0
4,34744156701864,34744160256113,20004330,sB-eth3,up,34744160092312,netem,704,10,0,0,0,0,0,686,9,0,794,11,0
5,34744176704976,34744178889129,20003112,sA-eth3,up,34744178380683,netem,738,11,0,0,0,0,0,748,10,0,918,13,0
5,34744176704976,34744180747570,20003112,sB-eth3,up,34744180564728,netem,844,12,0,0,0,0,0,760,10,0,934,13,0
6,34744196706836,34744198529736,20001860,sA-eth3,up,34744198353325,netem,738,11,0,0,0,66,1,14002,13,0,918,13,0
6,34744196706836,34744200197125,20001860,sB-eth3,up,34744200037293,netem,17784,26,0,0,0,33308,3,1286,17,0,28996,20,0
7,34744216700067,34744218468156,19993231,sA-eth3,up,34744218292785,netem,1794,27,0,0,0,0,0,371398,31,0,1974,29,0
7,34744216700067,34744220252337,19993231,sB-eth3,up,34744220096645,netem,237314,171,0,0,0,187736,5,2078,29,0,262916,32,0
8,34744236701168,34744238519858,20001101,sA-eth3,up,34744238357686,netem,2256,34,0,0,0,0,0,625260,38,0,2436,36,0
8,34744236701168,34744240345818,20001101,sB-eth3,up,34744240168487,netem,518918,357,0,0,0,30280,4,2738,39,0,505392,42,0
9,34744256707189,34744258644661,20006021,sA-eth3,up,34744258469518,netem,2652,40,0,0,0,0,0,756042,45,0,2832,42,0
9,34744256707189,34744260492011,20006021,sB-eth3,up,34744260338059,netem,765700,520,0,0,0,45510,4,3992,58,0,735430,61,0
10,34744276701790,34744278565940,19994601,sA-eth3,up,34744278401608,netem,4058,61,0,0,0,0,0,975812,62,0,4238,63,0
10,34744276701790,34744280359070,19994601,sB-eth3,up,34744280190938,netem,1012572,684,0,0,0,56018,4,5180,76,0,972732,81,0
11,34744296698521,34744298507450,19996731,sA-eth3,up,34744298340739,netem,5246,79,0,0,0,0,0,1217520,82,0,5426,81,0
11,34744296698521,34744300325180,19996731,sB-eth3,up,34744300154960,netem,1266924,852,0,0,0,43906,3,6434,95,0,1217250,99,0
12,34744316699491,34744318489021,20000970,sA-eth3,up,34744318313940,netem,6368,96,0,0,0,66,1,1447426,100,0,6548,98,0
12,34744316699491,34744320267031,20000970,sB-eth3,up,34744320090609,netem,1515220,1016,0,0,0,36336,3,7556,112,0,1455844,116,0
13,34744336726803,34744338681534,20027312,sA-eth3,up,34744338445051,netem,7622,115,0,0,0,0,0,1702080,118,0,7802,117,0
13,34744336726803,34744340613755,20027312,sB-eth3,up,34744340398753,netem,1771086,1185,0,0,0,46934,3,8744,130,0,1701810,135,0
14,34744356721104,34744358683115,19994301,sA-eth3,up,34744358449073,netem,8810,133,0,0,0,66,1,1934948,136,0,8990,135,0
14,34744356721104,34744360570796,19994301,sB-eth3,up,34744360357563,netem,2022410,1351,0,0,0,33308,2,9932,148,0,1943366,153,0
15,34744376740384,34744378864309,20019280,sA-eth3,up,34744378618006,netem,9998,151,0,0,0,0,0,2107184,150,0,10178,153,0
15,34744376740384,34744380791509,20019280,sB-eth3,up,34744380494176,netem,2194138,1467,0,0,0,66,1,45962,167,0,2108494,169,0
16,34744396707566,34744398688676,19967182,sA-eth3,up,34744398445405,netem,206908,282,0,0,0,113660,5,2108240,166,0,202394,169,0
16,34744396707566,34744400501428,19967182,sB-eth3,up,34744400268505,netem,2195148,1482,0,0,0,0,0,417640,182,0,2109438,183,0
17,34744416719336,34744418648098,20011770,sA-eth3,up,34744418428045,netem,434118,433,0,0,0,196820,7,2108636,172,0,417204,176,0
17,34744416719336,34744420501088,20011770,sB-eth3,up,34744420239655,netem,2195544,1488,0,0,0,66,1,529664,190,0,2109834,189,0
18,34744436725637,34744438681389,20006301,sA-eth3,up,34744438465096,netem,683928,598,0,0,0,116578,5,2109230,181,0,656718,185,0
18,34744436725637,34744440500258,20006301,sB-eth3,up,34744440303097,netem,2196864,1508,0,0,0,66,1,774116,208,0,2111220,210,0
19,34744456723698,34744458672709,19998061,sA-eth3,up,34744458449047,netem,942822,769,0,0,0,49962,4,2110418,199,0,918546,203,0
19,34744456723698,34744460485500,19998061,sB-eth3,up,34744460267357,netem,2198118,1527,0,0,0,0,0,1006984,226,0,2112408,228,0
20,34744476707709,34744478552739,19984011,sA-eth3,up,34744478366888,netem,1194146,935,0,0,0,52990,3,2111606,217,0,1147070,221,0
20,34744476707709,34744480252178,19984011,sB-eth3,up,34744480085706,netem,2199306,1545,0,0,0,66,1,1247092,244,0,2113596,246,0
21,34744496704719,34744498497899,19997010,sA-eth3,up,34744498327778,netem,1448498,1103,0,0,0,51476,3,2112794,235,0,1391522,239,0
21,34744496704719,34744500208808,19997010,sB-eth3,up,34744500047797,netem,2200494,1563,0,0,0,66,1,1494506,263,0,2114850,265,0
22,34744516706251,34744518584481,20001532,sA-eth3,up,34744518403999,netem,1698308,1268,0,0,0,37850,3,2114048,254,0,1638936,258,0
22,34744516706251,34744520360020,20001532,sB-eth3,up,34744520183718,netem,2201682,1581,0,0,0,66,1,1727374,281,0,2116038,283,0
23,34744536703921,34744538579562,19997670,sA-eth3,up,34744538407420,netem,1940548,1428,0,0,0,52990,4,2115236,272,0,1879044,276,0
23,34744536703921,34744540675115,19997670,sB-eth3,up,34744540517983,netem,2202936,1600,0,0,0,66,1,1982028,300,0,2117292,302,0
24,34744556699492,34744558650894,19995571,sA-eth3,up,34744558475221,netem,2202984,1602,0,0,0,0,0,2116490,291,0,2116770,295,0
24,34744556699492,34744560497983,19995571,sB-eth3,up,34744560326462,netem,2203992,1616,0,0,0,0,0,2117866,311,0,2118282,317,0
25,34744576714894,34744578914338,20015402,sA-eth3,up,34744578698505,netem,2203842,1615,0,0,0,0,0,2344972,308,0,2117628,308,0
25,34744576714894,34744580699778,20015402,sB-eth3,up,34744580537456,netem,2391818,1741,0,0,0,46934,4,2118856,326,0,2313328,332,0
26,34744596717144,34744598667526,20002250,sA-eth3,up,34744598481304,netem,2204964,1632,0,0,0,66,1,2570534,325,0,2118816,326,0
26,34744596717144,34744601071312,20002250,sB-eth3,up,34744600763969,netem,2646170,1909,0,0,0,39364,3,2119978,343,0,2554884,350,0
27,34744616707585,34744618702977,19990441,sA-eth3,up,34744618518705,netem,2206086,1649,0,0,0,66,1,2815052,344,0,2119938,343,0
27,34744616707585,34744620504778,19990441,sB-eth3,up,34744620341915,netem,2900522,2077,0,0,0,42392,3,2121100,360,0,2787752,368,0
28,34744636701206,34744638597546,19993621,sA-eth3,up,34744638421945,netem,2207340,1668,0,0,0,66,1,3062466,363,0,2121126,361,0
28,34744636701206,34744640503838,19993621,sB-eth3,up,34744640251185,netem,3135192,2232,0,0,0,56018,4,2122288,378,0,3030756,386,0
29,34744656711257,34744658849561,20010051,sA-eth3,up,34744658665818,netem,2208528,1686,0,0,0,66,1,3302574,381,0,2122380,380,0
29,34744656711257,34744660661450,20010051,sB-eth3,up,34744660473218,netem,3392572,2402,0,0,0,48448,3,2123410,396,0,3275274,405,0
30,34744676712057,34744678632488,20000800,sA-eth3,up,34744678455116,netem,2209716,1704,0,0,0,66,1,3535442,399,0,2123568,398,0
30,34744676712057,34744680417639,20000800,sB-eth3,up,34744680242516,netem,3649952,2572,0,0,0,45420,3,2124664,414,0,3508142,423,0
31,34744696713159,34744698727451,20001102,sA-eth3,up,34744698498788,netem,2211142,1725,0,0,0,66,1,3782966,419,0,2124928,418,0
31,34744696713159,34744700532170,20001102,sB-eth3,up,34744700364958,netem,3899762,2737,0,0,0,37850,3,2125852,432,0,3748250,441,0
32,34744716703979,34744718559701,19990820,sA-eth3,up,34744718357268,netem,2212330,1743,0,0,0,66,1,4008528,436,0,2126182,437,0
32,34744716703979,34744720320379,19990820,sB-eth3,up,34744720128147,netem,4142002,2897,0,0,0,45420,3,2126974,449,0,3981118,459,0
33,34744736662479,34744738540381,19958500,sA-eth3,up,34744738362858,netem,2213518,1761,0,0,0,66,1,4224402,453,0,2127370,455,0
33,34744736662479,34744741546854,19958500,sB-eth3,up,34744741256561,netem,4396868,3066,0,0,0,0,0,2128162,467,0,4226084,478,0
34,34744756717002,34744758831004,20054523,sA-eth3,up,34744758634562,netem,2383374,1877,0,0,0,50072,5,4225194,465,0,2302188,470,0
34,34744756717002,34744760601914,20054523,sB-eth3,up,34744760433243,netem,4397660,3078,0,0,0,66,1,2353748,484,0,4226942,491,0
35,34744776706322,34744778925426,19989320,sA-eth3,up,34744778738614,netem,2637836,2046,0,0,0,42392,3,4226382,483,0,2535056,488,0
35,34744776706322,34744780823427,19989320,sB-eth3,up,34744780654516,netem,4398848,3096,0,0,0,66,1,2601096,502,0,4228130,509,0
36,34744796711293,34744798688684,20004971,sA-eth3,up,34744798516083,netem,2887646,2211,0,0,0,40878,3,4227570,501,0,2775164,506,0
36,34744796711293,34744800854558,20004971,sB-eth3,up,34744800662626,netem,4400036,3114,0,0,0,66,1,2838308,520,0,4229252,526,0
37,34744816710724,34744818616984,19999431,sA-eth3,up,34744818446383,netem,3129886,2371,0,0,0,48538,4,4228758,519,0,3022578,525,0
37,34744816710724,34744820894620,19999431,sB-eth3,up,34744820717818,netem,4401224,3132,0,0,0,66,1,3088618,539,0,4230440,544,0
38,34744836708494,34744838828288,19997770,sA-eth3,up,34744838631296,netem,3387356,2542,0,0,0,45420,3,4230012,538,0,3255536,544,0
38,34744836708494,34744840755779,19997770,sB-eth3,up,34744840597938,netem,4402346,3149,0,0,0,66,1,3333136,558,0,4231628,562,0
39,34744856704886,34744858726608,19996392,sA-eth3,up,34744858518126,netem,3637166,2707,0,0,0,37850,3,4231200,556,0,3495644,562,0
39,34744856704886,34744860648259,19996392,sB-eth3,up,34744860459577,netem,4403468,3166,0,0,0,132,2,3567386,575,0,4232750,579,0
40,34744876709546,34744878669538,20004660,sA-eth3,up,34744878478906,netem,3879406,2867,0,0,0,45420,3,4232454,575,0,3743058,581,0
40,34744876709546,34744880608189,20004660,sB-eth3,up,34744880418708,netem,4404656,3184,0,0,0,66,1,3794462,593,0,4233872,596,0
41,34744896705367,34744898943672,19995821,sA-eth3,up,34744898764010,netem,4136786,3037,0,0,0,45420,3,4233642,593,0,3975926,599,0
41,34744896705367,34744900877383,19995821,sB-eth3,up,34744900700991,netem,4406020,3204,0,0,0,0,0,4034504,610,0,4235236,616,0
42,34744916712579,34744918795481,20007212,sA-eth3,up,34744918608399,netem,4386596,3202,0,0,0,20196,2,4234830,611,0,4216034,617,0
42,34744916712579,34744920811803,20007212,sB-eth3,up,34744920608341,netem,4407166,3221,0,0,0,30280,2,4235832,626,0,4250928,634,0
43,34744936704459,34744938651701,19991880,sA-eth3,up,34744938474009,netem,4407320,3224,0,0,0,66,1,4424216,628,0,4235966,627,0
43,34744936704459,34744940928826,19991880,sB-eth3,up,34744940671403,netem,4663098,3391,0,0,0,30280,2,4236822,641,0,4482348,652,0
44,34744956710940,34744958729552,20006481,sA-eth3,up,34744958546391,netem,4408552,3242,0,0,0,66,1,4671564,646,0,4237198,645,0
44,34744956710940,34744960719994,20006481,sB-eth3,up,34744960558273,netem,4917536,3560,0,0,0,42392,3,4238170,661,0,4726886,671,0
45,34744976706421,34744978631562,19995481,sA-eth3,up,34744978458051,netem,4409740,3260,0,0,0,66,1,4918978,665,0,4238452,664,0
45,34744976706421,34744980506273,19995481,sB-eth3,up,34744980350941,netem,5164318,3723,0,0,0,43906,3,4239358,679,0,4964098,689,0
46,34744996704792,34744998568882,19998371,sA-eth3,up,34744998394811,netem,4410994,3279,0,0,0,0,0,5159086,683,0,4239640,682,0
46,34744996704792,34745000782806,19998371,sB-eth3,up,34745000627645,netem,5406558,3883,0,0,0,56018,4,4240612,698,0,5211512,708,0
47,34745016714092,34745018660694,20009300,sA-eth3,up,34745018478942,netem,4412182,3297,0,0,0,66,1,5391954,701,0,4240828,700,0
47,34745016714092,34745020389183,20009300,sB-eth3,up,34745020205831,netem,5648798,4043,0,0,0,45420,3,4241890,717,0,5444380,726,0
48,34745036702354,34745038550384,19988262,sA-eth3,up,34745038384101,netem,4413370,3315,0,0,0,66,1,5639368,720,0,4242016,718,0
48,34745036702354,34745040812749,19988262,sB-eth3,up,34745040638737,netem,5913748,4218,0,0,0,52990,4,4243144,736,0,5691794,745,0
49,34745056708114,34745058812997,20005760,sA-eth3,up,34745058638356,netem,4414624,3334,0,0,0,66,1,5876580,738,0,4243270,737,0
49,34745056708114,34745060686759,20005760,sB-eth3,up,34745060526926,netem,6155988,4378,0,0,0,52990,4,4244332,754,0,5931902,763,0
50,34745076711155,34745078575426,20003041,sA-eth3,up,34745078396974,netem,4415812,3352,0,0,0,0,0,6123994,757,0,4244458,755,0
50,34745076711155,34745080592099,20003041,sB-eth3,up,34745080421366,netem,6413368,4548,0,0,0,45420,3,4245520,772,0,6164770,781,0
51,34745096721957,34745098826369,20010802,sA-eth3,up,34745098628827,netem,4417000,3370,0,0,0,66,1,6342764,774,0,4245712,774,0
51,34745096721957,34745100890992,20010802,sB-eth3,up,34745100715430,netem,6600104,4672,0,0,0,0,0,4290172,790,0,6344246,795,0
52,34745116730607,34745118827510,20008650,sA-eth3,up,34745118630719,netem,4586922,3487,0,0,0,39364,3,6343556,786,0,4408902,789,0
52,34745116730607,34745120903624,20008650,sB-eth3,up,34745120734571,netem,6601028,4686,0,0,0,66,1,4537586,809,0,6345170,809,0
53,34745136712929,34745138711729,19982322,sA-eth3,up,34745138530579,netem,4821592,3642,0,0,0,56108,5,6344744,804,0,4653420,808,0
53,34745136712929,34745140689951,19982322,sB-eth3,up,34745140523450,netem,6602376,4706,0,0,0,0,0,4774732,826,0,6346518,829,0
54,34745156718129,34745158689741,20005200,sA-eth3,up,34745158502039,netem,5076104,3812,0,0,0,56018,4,6345932,822,0,4893688,828,0
54,34745156718129,34745160499691,20005200,sB-eth3,up,34745160301328,netem,6603498,4723,0,0,0,66,1,5010496,845,0,6347706,847,0
55,34745176729010,34745178779472,20010881,sA-eth3,up,34745178530389,netem,5333484,3982,0,0,0,45420,3,6347054,839,0,5126556,846,0
55,34745176729010,34745180944257,20010881,sB-eth3,up,34745180747544,netem,6604686,4741,0,0,0,66,1,5266664,864,0,6348894,865,0
56,34745196709020,34745198866834,19980010,sA-eth3,up,34745198684622,netem,5583294,4147,0,0,0,37850,3,6348308,858,0,5373970,865,0
56,34745196709020,34745200627714,19980010,sB-eth3,up,34745200465102,netem,6605940,4760,0,0,0,66,1,5503876,882,0,6350082,883,0
57,34745216711261,34745218630913,20002241,sA-eth3,up,34745218451811,netem,5825534,4307,0,0,0,52990,4,6349430,875,0,5614012,882,0
57,34745216711261,34745220689766,20002241,sB-eth3,up,34745220510673,netem,6607062,4777,0,0,0,66,1,5733848,900,0,6351204,900,0
58,34745236703262,34745238560973,19992001,sA-eth3,up,34745238381431,netem,6082914,4477,0,0,0,45420,3,6350618,893,0,5846880,900,0
58,34745236703262,34745240547354,19992001,sB-eth3,up,34745240357043,netem,6608250,4795,0,0,0,66,1,5963820,918,0,6352392,919,0
59,34745256705644,34745258610374,20002382,sA-eth3,up,34745258438542,netem,6329696,4640,0,0,0,56018,4,6351872,912,0,6094294,919,0
59,34745256705644,34745260508675,20002382,sB-eth3,up,34745260343623,netem,6609438,4813,0,0,0,66,1,6218474,937,0,6353580,936,0
60,34745276706954,34745278910729,20001310,sA-eth3,up,34745278724857,netem,6587236,4812,0,0,0,23224,2,6353060,930,0,6331666,939,0
60,34745276706954,34745280613317,20001310,sB-eth3,up,34745280451426,netem,6610428,4828,0,0,0,0,0,6354312,948,0,6354570,951,0
61,34745296701305,34745298672357,19994351,sA-eth3,up,34745298486774,netem,6610658,4831,0,0,0,0,0,6433252,938,0,6354164,944,0
61,34745296701305,34745300478847,19994351,sB-eth3,up,34745300275774,netem,6671078,4869,0,0,0,22710,2,6354642,953,0,6412844,956,0
62,34745316710806,34745318586346,20009501,sA-eth3,up,34745318404924,netem,6611714,4847,0,0,0,66,1,6673360,956,0,6355220,960,0
62,34745316710806,34745320319576,20009501,sB-eth3,up,34745320145464,netem,6913318,5029,0,0,0,45420,3,6355830,971,0,6660192,974,0
63,34745336709047,34745338684519,19998241,sA-eth3,up,34745338507637,netem,6612836,4864,0,0,0,66,1,6906388,976,0,6356408,978,0
63,34745336709047,34745340421418,19998241,sB-eth3,up,34745340249416,netem,7170698,5199,0,0,0,45420,3,6356952,988,0,6893060,992,0
64,34745356723847,34745358688519,20014800,sA-eth3,up,34745358511827,netem,6614024,4882,0,0,0,66,1,7153736,994,0,6357530,995,0
64,34745356723847,34745360946624,20014800,sB-eth3,up,34745360779992,netem,7435648,5374,0,0,0,37850,3,6358206,1007,0,7147714,1011,0
65,34745376720329,34745378789251,19996482,sA-eth3,up,34745378611070,netem,6615146,4899,0,0,0,66,1,7393844,1012,0,6358718,1013,0
65,34745376720329,34745380524371,19996482,sB-eth3,up,34745380366118,netem,7665776,5526,0,0,0,65102,5,6359394,1025,0,7386374,1029,0
66,34745396710819,34745398586630,19990490,sA-eth3,up,34745398417449,netem,6616334,4917,0,0,0,0,0,7638362,1031,0,6359840,1030,0
66,34745396710819,34745400461121,19990490,sB-eth3,up,34745400283498,netem,7920128,5694,0,0,0,48448,3,6360582,1043,0,7613450,1047,0
67,34745416707290,34745418644482,19996471,sA-eth3,up,34745418472369,netem,6617522,4935,0,0,0,0,0,7874126,1049,0,6361028,1048,0
67,34745416707290,34745420433631,19996471,sB-eth3,up,34745420250339,netem,8169938,5859,0,0,0,52990,4,6361770,1061,0,7853558,1065,0
68,34745436717891,34745438654632,20010601,sA-eth3,up,34745438481431,netem,6618710,4953,0,0,0,66,1,8122922,1067,0,6362282,1067,0
68,34745436717891,34745441020309,20010601,sB-eth3,up,34745440755876,netem,8427318,6029,0,0,0,49962,4,6363024,1080,0,8100972,1084,0
69,34745456702252,34745458728584,19984361,sA-eth3,up,34745458552292,netem,6619832,4970,0,0,0,66,1,8364544,1086,0,6363404,1084,0
69,34745456702252,34745460992889,19984361,sB-eth3,up,34745460834247,netem,8684698,6199,0,0,0,53150,5,6364212,1098,0,8348386,1103,0
70,34745476698492,34745478865317,19996240,sA-eth3,up,34745478644554,netem,6651084,5004,0,0,0,30280,2,8461286,1097,0,6407948,1100,0
70,34745476698492,34745480703127,19996240,sB-eth3,up,34745480532815,netem,8803728,6284,0,0,0,66,1,6444866,1113,0,8462730,1117,0
71,34745496708534,34745498761077,20010042,sA-eth3,up,34745498585084,netem,6908464,5174,0,0,0,45420,3,8462408,1114,0,6640750,1117,0
71,34745496708534,34745500643337,20010042,sB-eth3,up,34745500456496,netem,8804850,6301,0,0,0,66,1,6699454,1131,0,8463918,1135,0
72,34745516714405,34745518736697,20005871,sA-eth3,up,34745518547635,netem,7161302,5341,0,0,0,49962,4,8463596,1132,0,6883754,1135,0
72,34745516714405,34745520979992,20005871,sB-eth3,up,34745520787610,netem,8806038,6319,0,0,0,132,2,6961414,1151,0,8465172,1154,0
73,34745536705715,34745538743297,19991310,sA-eth3,up,34745538569426,netem,7403542,5501,0,0,0,49962,4,8464784,1150,0,7116622,1153,0
73,34745536705715,34745540737840,19991310,sB-eth3,up,34745540573718,netem,8807292,6338,0,0,0,66,1,7194282,1169,0,8466360,1172,0
74,34745556708426,34745558730099,20002711,sA-eth3,up,34745558506966,netem,7657894,5669,0,0,0,60560,4,8466038,1169,0,7361140,1172,0
74,34745556708426,34745560812831,20002711,sB-eth3,up,34745560622280,netem,8808480,6356,0,0,0,66,1,7425702,1187,0,8467482,1189,0
75,34745576709037,34745578729960,20000611,sA-eth3,up,34745578555007,netem,7907704,5834,0,0,0,59046,4,8467226,1187,0,7601248,1190,0
75,34745576709037,34745580674201,20000611,sB-eth3,up,34745580462339,netem,8809668,6374,0,0,0,66,1,7664428,1206,0,8468670,1207,0
76,34745596716469,34745598602019,20007432,sA-eth3,up,34745598410517,netem,8149944,5994,0,0,0,71158,5,8468480,1206,0,7848662,1209,0
76,34745596716469,34745600818644,20007432,sB-eth3,up,34745600603882,netem,8810856,6392,0,0,0,66,1,7920530,1225,0,8469858,1225,0
77,34745616718649,34745618699491,20002180,sA-eth3,up,34745618514649,netem,8407324,6164,0,0,0,45420,3,8469668,1224,0,8081530,1227,0
77,34745616718649,34745620823124,20002180,sB-eth3,up,34745620652652,netem,8812110,6411,0,0,0,0,0,8147606,1243,0,8471112,1244,0
78,34745636702760,34745638558051,19984111,sA-eth3,up,34745638379639,netem,8657134,6329,0,0,0,52990,4,8470856,1242,0,8321638,1245,0
78,34745636702760,34745640960897,19984111,sB-eth3,up,34745640720244,netem,8813298,6429,0,0,0,66,1,8387714,1261,0,8472366,1263,0
79,34745656703822,34745658792764,20001062,sA-eth3,up,34745658605632,netem,8813722,6435,0,0,0,66,1,8529922,1259,0,8472220,1260,0
79,34745656703822,34745660701865,20001062,sB-eth3,up,34745660540133,netem,8874674,6481,0,0,0,15140,1,8472938,1273,0,8531300,1278,0
80,34745676700682,34745679082478,19996860,sA-eth3,up,34745678883546,netem,8814910,6453,0,0,0,66,1,8791816,1278,0,8473342,1277,0
80,34745676700682,34745681259552,19996860,sB-eth3,up,34745681076600,netem,9116914,6641,0,0,0,45420,3,8474126,1291,0,8778648,1296,0
81,34745696714193,34745698680874,20013511,sA-eth3,up,34745698467222,netem,8815966,6469,0,0,0,66,1,9024684,1296,0,8474464,1294,0
81,34745696714193,34745700951689,20013511,sB-eth3,up,34745700764067,netem,9374294,6811,0,0,0,45420,3,8475314,1309,0,9011516,1314,0
82,34745716701673,34745718548584,19987480,sA-eth3,up,34745718376312,netem,8817540,6492,0,0,0,66,1,9270584,1314,0,8475972,1316,0
82,34745716701673,34745720527356,19987480,sB-eth3,up,34745720252183,netem,9608964,6966,0,0,0,52990,4,8476502,1327,0,9248728,1332,0
83,34745736706454,34745738999530,20004781,sA-eth3,up,34745738819187,netem,8818662,6509,0,0,0,132,2,9517998,1333,0,8477160,1334,0
83,34745736706454,34745740740039,20004781,sB-eth3,up,34745740578307,netem,9869372,7138,0,0,0,39364,3,8477690,1345,0,9487388,1350,0
84,34745756707475,34745758647296,20001021,sA-eth3,up,34745758475145,netem,8819850,6527,0,0,0,0,0,9745164,1352,0,8478282,1351,0
84,34745756707475,34745760536807,20001021,sB-eth3,up,34745760378266,netem,10122210,7305,0,0,0,43906,4,8478878,1363,0,9731906,1369,0
85,34745776704806,34745778747599,19997331,sA-eth3,up,34745778576707,netem,8820972,6544,0,0,0,66,1,9985206,1369,0,8479470,1369,0
85,34745776704806,34745781237207,19997331,sB-eth3,up,34745781079045,netem,10376562,7473,0,0,0,43906,4,8480066,1381,0,9974910,1387,0
86,34745796703277,34745799058382,19998471,sA-eth3,up,34745798874621,netem,8822226,6563,0,0,0,66,1,10232620,1388,0,8480658,1387,0
86,34745796703277,34745800761022,19998471,sB-eth3,up,34745800605150,netem,10615774,7631,0,0,0,52990,3,8481188,1398,0,10204882,1405,0
87,34745816699558,34745819265365,19996281,sA-eth3,up,34745819094804,netem,8823348,6580,0,0,0,156,2,10479968,1406,0,8481870,1405,0
87,34745816699558,34745821399670,19996281,sB-eth3,up,34745821228968,netem,10873154,7801,0,0,0,51476,3,8482376,1416,0,10466776,1424,0
88,34745836704219,34745839111875,20004661,sA-eth3,up,34745838910193,netem,8854666,6615,0,0,0,30280,2,10579606,1417,0,8511910,1421,0
88,34745836704219,34745840980366,20004661,sB-eth3,up,34745840812294,netem,11007164,7894,0,0,0,0,0,8563096,1432,0,10580960,1436,0
89,34745856680520,34745858669012,19976301,sA-eth3,up,34745858490389,netem,9101538,6779,0,0,0,40878,3,10580728,1434,0,8749146,1439,0
89,34745856680520,34745860901446,19976301,sB-eth3,up,34745860728334,netem,11008286,7911,0,0,0,66,1,8817684,1450,0,10582082,1453,0
90,34745876703590,34745878931825,20023070,sA-eth3,up,34745878758513,netem,9352862,6945,0,0,0,43906,4,10581916,1452,0,8990702,1457,0
90,34745876703590,34745881587275,20023070,sB-eth3,up,34745881248990,netem,11009474,7929,0,0,0,66,1,9065098,1469,0,10583270,1471,0
91,34745896716232,34745898847975,20012642,sA-eth3,up,34745898650063,netem,9604186,7111,0,0,0,36336,2,10583170,1471,0,9232324,1476,0
91,34745896716232,34745900938128,20012642,sB-eth3,up,34745900768666,netem,11010596,7946,0,0,0,66,1,9297966,1487,0,10584392,1488,0
92,34745916671882,34745918605154,19955650,sA-eth3,up,34745918427541,netem,9853996,7276,0,0,0,37850,3,10584292,1488,0,9472366,1493,0
92,34745916671882,34745920688396,19955650,sB-eth3,up,34745920519154,netem,11011944,7966,0,0,0,66,1,9540970,1505,0,10585740,1508,0
93,34745936703133,34745938607874,20031251,sA-eth3,up,34745938405942,netem,10096236,7436,0,0,0,52990,4,10585480,1506,0,9705234,1511,0
93,34745936703133,34745940604277,20031251,sB-eth3,up,34745940414314,netem,11013222,7985,0,0,0,0,0,9782592,1524,0,10587018,1527,0
94,34745956696844,34745958714656,19993711,sA-eth3,up,34745958545124,netem,10353616,7606,0,0,0,45420,3,10586734,1525,0,9952648,1530,0
94,34745956696844,34745960656747,19993711,sB-eth3,up,34745960468506,netem,11014410,8003,0,0,0,66,1,10015460,1543,0,10588272,1546,0
95,34745976700395,34745978568475,20003551,sA-eth3,up,34745978376064,netem,10603426,7771,0,0,0,37850,3,10587922,1543,0,10192756,1548,0
95,34745976700395,34745980398146,20003551,sB-eth3,up,34745980222664,netem,11015758,8023,0,0,0,66,1,10265704,1560,0,10589554,1565,0
96,34745996704416,34745998520506,20004021,sA-eth3,up,34745998347354,netem,10845756,7932,0,0,0,52990,4,10589110,1561,0,10425714,1567,0
96,34745996704416,34746000315386,20004021,sB-eth3,up,34746000138184,netem,11016748,8038,0,0,0,66,1,10497058,1577,0,10590610,1581,0
97,34746016712947,34746018699239,20008531,sA-eth3,up,34746018485206,netem,11017484,8048,0,0,0,66,1,10654034,1579,0,10590776,1582,0
97,34746016712947,34746020538299,20008531,sB-eth3,up,34746020340937,netem,11047844,8070,0,0,0,30280,2,10590838,1587,0,10620452,1594,0
98,34746036711748,34746038826301,19998801,sA-eth3,up,34746038565929,netem,11018540,8064,0,0,0,66,1,10895590,1597,0,10591832,1598,0
98,34746036711748,34746040792152,19998801,sB-eth3,up,34746040532919,netem,11305224,8240,0,0,0,30280,2,10592026,1605,0,10867800,1612,0
99,34746056701328,34746058578069,19989580,sA-eth3,up,34746058400017,netem,11019662,8081,0,0,0,66,1,11142938,1615,0,10593020,1616,0
99,34746056701328,34746060412939,19989580,sB-eth3,up,34746060203947,netem,11539894,8395,0,0,0,52990,4,10593148,1622,0,11104946,1629,0
100,34746076702700,34746078579860,20001372,sA-eth3,up,34746078402079,netem,11020916,8100,0,0,0,66,1,11383046,1633,0,10594208,1634,0
100,34746076702700,34746080284079,20001372,sB-eth3,up,34746080125227,netem,11800302,8567,0,0,0,42392,3,10594336,1640,0,11343606,1647,0
101,34746096706960,34746098650862,20004260,sA-eth3,up,34746098471879,netem,11022104,8118,0,0,0,66,1,11630460,1652,0,10595396,1652,0
101,34746096706960,34746100391011,20004260,sB-eth3,up,34746100215049,netem,12036486,8723,0,0,0,71158,4,10595458,1657,0,11588058,1665,0
102,34746116718582,34746118768284,20011622,sA-eth3,up,34746118552322,netem,11023292,8136,0,0,0,66,1,11863328,1670,0,10596650,1671,0
102,34746116718582,34746120619654,20011622,sB-eth3,up,34746120424092,netem,12292352,8892,0,0,0,74186,5,10596448,1673,0,11832510,1683,0
103,34746136720162,34746138699394,20001580,sA-eth3,up,34746138473342,netem,11024546,8155,0,0,0,0,0,12100540,1688,0,10597838,1689,0
103,34746136720162,34746140594434,20001580,sB-eth3,up,34746140386922,netem,12548218,9061,0,0,0,87812,6,10597504,1688,0,12062416,1700,0
104,34746156712092,34746158612234,19991930,sA-eth3,up,34746158428732,netem,11025734,8173,0,0,0,0,0,12347954,1707,0,10599026,1707,0
104,34746156712092,34746160360443,19991930,sB-eth3,up,34746160179781,netem,12785916,9218,0,0,0,102952,8,10598560,1704,0,12308316,1718,0
105,34746176709744,34746178625825,19997652,sA-eth3,up,34746178447393,netem,11026922,8191,0,0,0,66,1,12586614,1725,0,10600280,1726,0
105,34746176709744,34746180479176,19997652,sB-eth3,up,34746180314944,netem,13038844,9386,0,0,0,83270,6,10599616,1720,0,12548448,1736,0
106,34746196713255,34746198667107,20003511,sA-eth3,up,34746198481504,netem,11043076,8216,0,0,0,15140,1,12697836,1736,0,10615774,1741,0
106,34746196713255,34746200435036,20003511,sB-eth3,up,34746200252264,netem,13210572,9502,0,0,0,66,1,10664408,1736,0,12698898,1749,0
107,34746216708425,34746218596936,19995170,sA-eth3,up,34746218421715,netem,11292886,8381,0,0,0,37850,3,12698892,1752,0,10855816,1758,0
107,34746216708425,34746220355306,19995170,sB-eth3,up,34746220180024,netem,13211562,9517,0,0,0,0,0,10907412,1754,0,12699888,1764,0
108,34746236704237,34746238601377,19995812,sA-eth3,up,34746238393675,netem,11535126,8541,0,0,0,45420,3,12700014,1769,0,11088618,1775,0
108,34746236704237,34746240376877,19995812,sB-eth3,up,34746240199515,netem,13212750,9535,0,0,0,66,1,11154826,1773,0,12701076,1782,0
109,34746256701837,34746258661319,19997600,sA-eth3,up,34746258488407,netem,11792506,8711,0,0,0,45420,3,12701268,1788,0,11336032,1794,0
109,34746256701837,34746261055735,19997600,sB-eth3,up,34746260874283,netem,13213938,9553,0,0,0,0,0,11402240,1792,0,12702264,1800,0
110,34746276724068,34746279078515,20022231,sA-eth3,up,34746278773541,netem,12039288,8874,0,0,0,40878,3,12702456,1806,0,11573244,1812,0
110,34746276724068,34746280908864,20022231,sB-eth3,up,34746280693682,netem,13215060,9570,0,0,0,132,2,11642348,1810,0,12703452,1818,0
111,34746296724949,34746298796522,20000881,sA-eth3,up,34746298530470,netem,12287584,9038,0,0,0,39364,3,12703644,1825,0,11823554,1831,0
111,34746296724949,34746301592863,20000881,sB-eth3,up,34746301374541,netem,13216314,9589,0,0,0,66,1,11886866,1829,0,12704640,1836,0
112,34746316713080,34746318838973,19988131,sA-eth3,up,34746318608332,netem,12541936,9206,0,0,0,42392,3,12704898,1843,0,12056422,1849,0
112,34746316713080,34746320829865,19988131,sB-eth3,up,34746320612893,netem,13217436,9606,0,0,0,66,1,12115324,1846,0,12705762,1853,0
113,34746336728651,34746338803934,20015571,sA-eth3,up,34746338592172,netem,12791746,9371,0,0,0,40878,3,12706086,1861,0,12296530,1867,0
113,34746336728651,34746341052919,20015571,sB-eth3,up,34746340802827,netem,13218624,9624,0,0,0,132,2,12371426,1865,0,12707016,1872,0
114,34746356721732,34746358892955,19993081,sA-eth3,up,34746358669673,netem,13033986,9531,0,0,0,48448,3,12707340,1880,0,12543944,1886,0
114,34746356721732,34746360793007,19993081,sB-eth3,up,34746360579854,netem,13219902,9643,0,0,0,66,1,12615944,1884,0,12708228,1890,0
115,34746376706122,34746379454373,19984390,sA-eth3,up,34746379252681,netem,13220722,9655,0,0,0,0,0,12722834,1895,0,12708874,1899,0
115,34746376706122,34746381459975,19984390,sB-eth3,up,34746381293273,netem,13235990,9667,0,0,0,30280,2,12708276,1894,0,12723722,1906,0
116,34746396718183,34746398805937,20012061,sA-eth3,up,34746398583284,netem,13221778,9671,0,0,0,66,1,12977422,1913,0,12709930,1915,0
116,34746396718183,34746400711838,20012061,sB-eth3,up,34746400506495,netem,13482772,9830,0,0,0,40878,3,12709398,1911,0,12960868,1922,0
117,34746416720285,34746418808078,20002102,sA-eth3,up,34746418571295,netem,13222900,9688,0,0,0,66,1,13210224,1930,0,12711118,1933,0
117,34746416720285,34746421278525,20002102,sB-eth3,up,34746421059503,netem,13731068,9994,0,0,0,45420,3,12710586,1929,0,13199528,1940,0
118,34746436737645,34746439087001,20017360,sA-eth3,up,34746438803408,netem,13224088,9706,0,0,0,66,1,13472184,1950,0,12712306,1951,0
118,34746436737645,34746441188325,20017360,sB-eth3,up,34746440945572,netem,13985420,10162,0,0,0,42392,3,12711840,1948,0,13444046,1959,0
119,34746456723606,34746458937451,19985961,sA-eth3,up,34746458696808,netem,13225342,9725,0,0,0,66,1,13694850,1968,0,12713494,1969,0
119,34746456723606,34746460979023,19985961,sB-eth3,up,34746460760782,netem,14235230,10327,0,0,0,52990,4,12713028,1966,0,13684154,1977,0
120,34746476732097,34746478871151,20008491,sA-eth3,up,34746478631998,netem,13226530,9743,0,0,0,66,1,13942264,1986,0,12714682,1987,0
120,34746476732097,34746480824502,20008491,sB-eth3,up,34746480605250,netem,14477470,10487,0,0,0,48448,3,12714216,1984,0,13917022,1996,0
121,34746496717278,34746498837492,19985181,sA-eth3,up,34746498611079,netem,13227718,9761,0,0,0,66,1,14180924,2004,0,12715936,2006,0
121,34746496717278,34746501133867,19985181,sB-eth3,up,34746500895204,netem,14734850,10657,0,0,0,45420,3,12715470,2003,0,14164436,2014,0
122,34746516733059,34746519057245,20015781,sA-eth3,up,34746518796142,netem,13228972,9780,0,0,0,66,1,14421032,2022,0,12717190,2025,0
122,34746516733059,34746521130258,20015781,sB-eth3,up,34746520888945,netem,14984660,10822,0,0,0,37850,3,12716658,2021,0,14404544,2032,0
123,34746536722390,34746538986245,19989331,sA-eth3,up,34746538752932,netem,13230160,9798,0,0,0,66,1,14669894,2041,0,12718312,2042,0
123,34746536722390,34746540964927,19989331,sB-eth3,up,34746540750545,netem,15226900,10982,0,0,0,45420,3,12717846,2039,0,14651958,2051,0
124,34746556761561,34746559074647,20039171,sA-eth3,up,34746558849665,netem,13231018,9811,0,0,0,0,0,14815802,2051,0,12719170,2055,0
124,34746556761561,34746561203460,20039171,sB-eth3,up,34746561025418,netem,15413636,11106,0,0,0,66,1,12747886,2055,0,14816888,2064,0
125,34746576702581,34746578954266,19941020,sA-eth3,up,34746578777525,netem,13440040,9950,0,0,0,40878,3,14816858,2067,0,12930210,2071,0
125,34746576702581,34746580864508,19941020,sB-eth3,up,34746580705425,netem,15414758,11123,0,0,0,66,1,12987994,2073,0,14818010,2081,0
126,34746596698932,34746598811795,19996351,sA-eth3,up,34746598632923,netem,13691364,10116,0,0,0,43906,4,14817980,2084,0,13161564,2088,0
126,34746596698932,34746600507714,19996351,sB-eth3,up,34746600350882,netem,15415880,11140,0,0,0,66,1,13235342,2091,0,14819132,2098,0
127,34746616712723,34746618662805,20013791,sA-eth3,up,34746618484013,netem,13942688,10282,0,0,0,36336,2,14819168,2102,0,13403186,2107,0
127,34746616712723,34746620883270,20013791,sB-eth3,up,34746620722087,netem,15417158,11159,0,0,0,66,1,13482756,2110,0,14820410,2117,0
128,34746636701944,34746639035580,19989221,sA-eth3,up,34746638850768,netem,14192498,10447,0,0,0,40878,3,14820422,2121,0,13650600,2126,0
128,34746636701944,34746640904320,19989221,sB-eth3,up,34746640748179,netem,15418412,11178,0,0,0,0,0,13730170,2129,0,14821664,2136,0
129,34746656705735,34746658608536,20003791,sA-eth3,up,34746658433034,netem,14434738,10607,0,0,0,37850,3,14821478,2137,0,13876096,2142,0
129,34746656705735,34746660364275,20003791,sB-eth3,up,34746660194634,netem,15419534,11195,0,0,0,132,2,13970278,2147,0,14822852,2154,0
130,34746676701595,34746678520575,19995860,sA-eth3,up,34746678358745,netem,14692118,10777,0,0,0,45420,3,14822732,2156,0,14123510,2161,0
130,34746676701595,34746680300735,19995860,sB-eth3,up,34746680126714,netem,15420788,11214,0,0,0,66,1,14208938,2165,0,14824040,2172,0
131,34746696699897,34746698561077,19998302,sA-eth3,up,34746698392005,netem,14941928,10942,0,0,0,37850,3,14823920,2174,0,14363618,2179,0
131,34746696699897,34746701481270,19998302,sB-eth3,up,34746701313888,netem,15422042,11233,0,0,0,66,1,14470898,2185,0,14825360,2192,0
132,34746716706858,34746718594288,20006961,sA-eth3,up,34746718431147,netem,15187196,11104,0,0,0,51476,4,14825108,2192,0,14599382,2197,0
132,34746716706858,34746720366917,20006961,sB-eth3,up,34746720189436,netem,15423164,11250,0,0,0,132,2,14693564,2202,0,14826482,2209,0
133,34746736699948,34746738700670,19993090,sA-eth3,up,34746738533699,netem,15423894,11261,0,0,0,0,0,14826032,2206,0,14826774,2213,0
133,34746736699948,34746741369920,19993090,sB-eth3,up,34746741188588,netem,15424286,11267,0,0,0,15230,2,14826572,2214,0,14827628,2226,0
134,34746756700919,34746758802982,20000971,sA-eth3,up,34746758630791,netem,15424686,11273,0,0,0,66,1,15086370,2223,0,14827566,2225,0
134,34746756700919,34746760737834,20000971,sB-eth3,up,34746760578892,netem,15662074,11425,0,0,0,39364,3,14827628,2230,0,15056020,2242,0
135,34746776697510,34746778765933,19996591,sA-eth3,up,34746778599592,netem,15425742,11289,0,0,0,0,0,15329440,2242,0,14828622,2241,0
135,34746776697510,34746780588863,19996591,sB-eth3,up,34746780435012,netem,15911884,11590,0,0,0,34822,3,14828816,2249,0,15300538,2261,0
136,34746796698141,34746798742043,20000631,sA-eth3,up,34746798572652,netem,15426930,11307,0,0,0,0,0,15562308,2260,0,14829810,2259,0
136,34746796698141,34746800643755,20000631,sB-eth3,up,34746800488693,netem,16151096,11748,0,0,0,56018,4,14830070,2267,0,15540646,2279,0
137,34746816699442,34746818635663,20001301,sA-eth3,up,34746818468382,netem,15428118,11325,0,0,0,0,0,15816962,2279,0,14830998,2277,0
137,34746816699442,34746820826088,20001301,sB-eth3,up,34746820635125,netem,16408476,11918,0,0,0,51476,3,14831258,2285,0,15773514,2297,0
138,34746836708503,34746838827756,20009061,sA-eth3,up,34746838628104,netem,15429306,11343,0,0,0,66,1,16055622,2297,0,14832252,2296,0
138,34746836708503,34746841355194,20009061,sB-eth3,up,34746841173863,netem,16665856,12088,0,0,0,45420,3,14832446,2303,0,16020928,2316,0
139,34746856709333,34746858563554,20000830,sA-eth3,up,34746858385992,netem,15430560,11362,0,0,0,0,0,16300140,2316,0,14833440,2314,0
139,34746856709333,34746860748288,20000830,sB-eth3,up,34746860535727,netem,16900526,12243,0,0,0,52990,4,14833634,2321,0,16261036,2334,0
140,34746876708625,34746878868508,19999292,sA-eth3,up,34746878683757,netem,15431748,11380,0,0,0,66,1,16537352,2334,0,14834628,2332,0
140,34746876708625,34746880759900,19999292,sB-eth3,up,34746880591148,netem,17157906,12413,0,0,0,45420,3,14834822,2339,0,16493904,2352,0
141,34746896707335,34746898727238,19998710,sA-eth3,up,34746898533625,netem,15432936,11398,0,0,0,66,1,16770220,2352,0,14835816,2351,0
141,34746896707335,34746901374157,19998710,sB-eth3,up,34746901164795,netem,17415286,12583,0,0,0,45420,3,14836076,2358,0,16741318,2371,0
142,34746916716126,34746918811730,20008791,sA-eth3,up,34746918618027,netem,15434190,11417,0,0,0,0,0,16933702,2365,0,14837070,2369,0
142,34746916716126,34746921261916,20008791,sB-eth3,up,34746921083475,netem,17617162,12717,0,0,0,0,0,14851702,2375,0,16935340,2386,0
143,34746936715728,34746938904821,19999602,sA-eth3,up,34746938718220,netem,15626558,11545,0,0,0,62074,4,16934560,2378,0,15040738,2383,0
143,34746936715728,34746940951735,19999602,sB-eth3,up,34746940785592,netem,17618152,12732,0,0,0,66,1,15091744,2392,0,16936396,2402,0
144,34746956707928,34746958860062,19992200,sA-eth3,up,34746958683670,netem,15889994,11719,0,0,0,56018,4,16935682,2395,0,15275054,2401,0
144,34746956707928,34746960805723,19992200,sB-eth3,up,34746960641612,netem,17619340,12750,0,0,0,66,1,15333366,2411,0,16937518,2419,0
145,34746976702979,34746978625010,19995051,sA-eth3,up,34746978453468,netem,16132234,11879,0,0,0,45420,3,16936870,2413,0,15507922,2419,0
145,34746976702979,34746980723043,19995051,sB-eth3,up,34746980562852,netem,17620528,12768,0,0,0,0,0,15589402,2429,0,16938706,2437,0
146,34746996698900,34746998711182,19995921,sA-eth3,up,34746998493090,netem,16382044,12044,0,0,0,52990,4,16938058,2431,0,15748030,2437,0
146,34746996698900,34747000771105,19995921,sB-eth3,up,34747000606713,netem,17621650,12785,0,0,0,66,1,15829510,2447,0,16939894,2455,0
147,34747016701341,34747018746113,20002441,sA-eth3,up,34747018575392,netem,16639424,12214,0,0,0,52990,4,16939312,2450,0,15995444,2456,0
147,34747016701341,34747020681805,20002441,sB-eth3,up,34747020520303,netem,17622838,12803,0,0,0,66,1,16059482,2465,0,16941082,2473,0
148,34747036702221,34747038707044,20000880,sA-eth3,up,34747038517782,netem,16881664,12374,0,0,0,60560,4,16940500,2468,0,16242858,2475,0
148,34747036702221,34747040467083,20000880,sB-eth3,up,34747040299131,netem,17624092,12822,0,0,0,0,0,16292350,2483,0,16942270,2491,0
149,34747056710483,34747058764525,20008262,sA-eth3,up,34747058548523,netem,17131474,12539,0,0,0,52990,4,16941688,2487,0,16482966,2493,0
149,34747056710483,34747060597915,20008262,sB-eth3,up,34747060410244,netem,17625280,12840,0,0,0,66,1,16532458,2501,0,16943524,2510,0
150,34747076705483,34747078599525,19995000,sA-eth3,up,34747078421512,netem,17388854,12709,0,0,0,52990,4,16942942,2505,0,16715834,2511,0
150,34747076705483,34747080797638,19995000,sB-eth3,up,34747080638337,netem,17626402,12857,0,0,0,66,1,16779872,2520,0,16944646,2527,0
151,34747096705125,34747098608475,19999642,sA-eth3,up,34747098443723,netem,17627066,12867,0,0,0,0,0,16943998,2521,0,16944674,2527,0
151,34747096705125,34747100842560,19999642,sB-eth3,up,34747100320354,netem,17627524,12874,0,0,0,0,0,16944736,2532,0,16945702,2543,0
152,34747116711466,34747118636177,20006341,sA-eth3,up,34747118453185,netem,17627924,12880,0,0,0,66,1,17184130,2539,0,16945598,2541,0
152,34747116711466,34747120786590,20006341,sB-eth3,up,34747120620708,netem,17847144,13020,0,0,0,42392,3,16945792,2548,0,17156742,2559,0
153,34747136705126,34747138622468,19993660,sA-eth3,up,34747138427835,netem,17629178,12899,0,0,0,0,0,17428648,2558,0,16946786,2559,0
153,34747136705126,34747140646670,19993660,sB-eth3,up,34747140480557,netem,18096954,13185,0,0,0,40878,3,16946980,2566,0,17396850,2577,0
154,34747156708737,34747158686828,20003611,sA-eth3,up,34747158488027,netem,17630300,12916,0,0,0,66,1,17662898,2575,0,16947974,2577,0
154,34747156708737,34747160960314,20003611,sB-eth3,up,34747160797172,netem,18339194,13345,0,0,0,45420,3,16948234,2585,0,17644264,2596,0
155,34747176706328,34747178757351,19997591,sA-eth3,up,34747178566648,netem,17631422,12933,0,0,0,66,1,17904454,2593,0,16949096,2594,0
155,34747176706328,34747180661172,19997591,sB-eth3,up,34747180497270,netem,18596574,13515,0,0,0,30280,2,16949356,2602,0,17877066,2613,0
156,34747196702538,34747198573719,19996210,sA-eth3,up,34747198391317,netem,17632610,12951,0,0,0,66,1,18137322,2611,0,16950218,2611,0
156,34747196702538,34747200520711,19996210,sB-eth3,up,34747200342199,netem,18846384,13680,0,0,0,37850,3,16950544,2620,0,18117174,2631,0
157,34747216729110,34747218705772,20026572,sA-eth3,up,34747218518880,netem,17633732,12968,0,0,0,66,1,18377364,2628,0,16951406,2629,0
157,34747216729110,34747220704663,20026572,sB-eth3,up,34747220528502,netem,19088624,13840,0,0,0,45420,3,16951798,2639,0,18364588,2650,0
158,34747236707351,34747238618492,19978241,sA-eth3,up,34747238446580,netem,17634920,12986,0,0,0,66,1,18624778,2647,0,16952528,2646,0
158,34747236707351,34747240530553,19978241,sB-eth3,up,34747240371580,netem,19346004,14010,0,0,0,30280,2,16952986,2657,0,18597456,2668,0
159,34747256699691,34747258804715,19992340,sA-eth3,up,34747258636723,netem,17636174,13005,0,0,0,66,1,18872192,2666,0,16953782,2665,0
159,34747256699691,34747260753406,19992340,sB-eth3,up,34747260598524,netem,19586730,14169,0,0,0,46934,4,16954174,2675,0,18843356,2686,0
160,34747276703993,34747278630673,20004302,sA-eth3,up,34747278418331,netem,17637428,13024,0,0,0,0,0,19051668,2680,0,16955036,2684,0
160,34747276703993,34747280616356,20004302,sB-eth3,up,34747280445764,netem,19820400,14324,0,0,0,0,0,16955164,2690,0,19053372,2702,0
161,34747296704213,34747298826156,20000220,sA-eth3,up,34747298640825,netem,17826768,13150,0,0,0,51476,3,19052460,2692,0,17136984,2698,0
161,34747296704213,34747300906900,20000220,sB-eth3,up,34747300735927,netem,19821324,14338,0,0,0,66,1,17201088,2708,0,19054296,2716,0
162,34747316704914,34747318653426,20000701,sA-eth3,up,34747318468073,netem,18079606,13317,0,0,0,49962,3,19053516,2708,0,17379988,2716,0
162,34747316704914,34747320402825,20000701,sB-eth3,up,34747320223573,netem,19822512,14356,0,0,0,66,1,17445540,2726,0,19055550,2735,0
163,34747336714656,34747338595686,20009742,sA-eth3,up,34747338416723,netem,18327902,13481,0,0,0,52990,4,19054704,2726,0,17625954,2735,0
163,34747336714656,34747340732290,20009742,sB-eth3,up,34747340568847,netem,19823700,14374,0,0,0,66,1,17685648,2744,0,19056738,2753,0
164,34747356725116,34747358729788,20010460,sA-eth3,up,34747358531696,netem,18570142,13641,0,0,0,52990,4,19055892,2744,0,17866062,2753,0
164,34747356725116,34747360750921,20010460,sB-eth3,up,34747360586378,netem,19824888,14392,0,0,0,132,2,17930166,2763,0,19057926,2771,0
165,34747376711697,34747378669898,19986581,sA-eth3,up,34747378491196,netem,18827522,13811,0,0,0,45420,3,19057080,2762,0,18098930,2771,0
165,34747376711697,34747380573569,19986581,sB-eth3,up,34747380414197,netem,19826142,14411,0,0,0,66,1,18163034,2781,0,19059114,2789,0
166,34747396706918,34747398652439,19995221,sA-eth3,up,34747398468757,netem,19077332,13976,0,0,0,37850,3,19058334,2781,0,18346344,2790,0
166,34747396706918,34747400567800,19995221,sB-eth3,up,34747400406768,netem,19827330,14429,0,0,0,66,1,18403142,2799,0,19060368,2808,0
167,34747416705768,34747418589640,19998850,sA-eth3,up,34747418410128,netem,19319572,14136,0,0,0,52990,4,19059522,2799,0,18586452,2808,0
167,34747416705768,34747420420240,19998850,sB-eth3,up,34747420253567,netem,19828518,14447,0,0,0,66,1,18654900,2818,0,19061490,2825,0
168,34747439364589,34747441280900,22658821,sA-eth3,up,34747441097218,netem,19607232,14326,0,0,0,52990,4,19060842,2819,0,18848412,2828,0
168,34747439364589,34747443252931,22658821,sB-eth3,up,34747443087150,netem,19829772,14466,0,0,0,0,0,18932788,2838,0,19062744,2844,0
169,34747456704400,34747458754823,17339811,sA-eth3,up,34747458533670,netem,19830304,14474,0,0,0,0,0,19061964,2836,0,19062838,2845,0
169,34747456704400,34747460588763,17339811,sB-eth3,up,34747460367750,netem,19830630,14479,0,0,0,0,0,19062834,2849,0,19063602,2857,0
170,34747476708941,34747478539221,20004541,sA-eth3,up,34747478357540,netem,19830304,14474,0,0,0,0,0,19062054,2837,0,19062838,2845,0
170,34747476708941,34747480276820,20004541,sB-eth3,up,34747480116919,netem,19845860,14490,0,0,0,33308,2,19062966,2851,0,19078238,2859,0
171,34747496697481,34747498790935,19988540,sA-eth3,up,34747498617923,netem,19831408,14488,0,0,0,78,1,19265830,2853,0,19063942,2859,0
171,34747496697481,34747500672415,19988540,sB-eth3,up,34747500513444,netem,20095670,14655,0,0,0,52990,4,19064022,2867,0,19318214,2875,0
172,34747516696243,34747518507073,19998762,sA-eth3,up,34747518345761,netem,19832608,14504,0,0,0,66,1,19456508,2868,0,19065208,2876,0
172,34747516696243,34747520749418,19998762,sB-eth3,up,34747520593355,netem,20353050,14825,0,0,0,37850,3,19065276,2886,0,19565628,2894,0
173,34747536696304,34747538598755,20000061,sA-eth3,up,34747538434053,netem,19833708,14518,0,0,0,78,1,19654492,2884,0,19066320,2890,0
173,34747536696304,34747540478805,20000061,sB-eth3,up,34747540324884,netem,20595290,14985,0,0,0,45420,3,19066464,2904,0,19798496,2912,0
174,34747556701094,34747558900189,20004790,sA-eth3,up,34747558731657,netem,19834890,14533,0,0,0,86,1,19842274,2899,0,19067424,2904,0
174,34747556701094,34747560659278,20004790,sB-eth3,up,34747560498497,netem,20842072,15148,0,0,0,56018,4,19067718,2923,0,20050254,2931,0
175,34747576700356,34747578623696,19999262,sA-eth3,up,34747578453025,netem,19835994,14547,0,0,0,78,1,20030122,2915,0,19068606,2919,0
175,34747576700356,34747580596388,19999262,sB-eth3,up,34747580443167,netem,21102480,15320,0,0,0,37850,3,19068906,2941,0,20286018,2949,0
176,34747596707956,34747598613108,20007600,sA-eth3,up,34747598443596,netem,19837148,14562,0,0,0,156,2,20190458,2931,0,19069682,2933,0
176,34747596707956,34747600858353,20007600,sB-eth3,up,34747600687550,netem,21344720,15480,0,0,0,42392,3,19070094,2959,0,20518886,2967,0
177,34747616706558,34747619051803,19998602,sA-eth3,up,34747618815831,netem,19838468,14580,0,0,0,156,2,20352374,2949,0,19071080,2952,0
177,34747616706558,34747620920964,19998602,sB-eth3,up,34747620757593,netem,21594530,15645,0,0,0,59046,4,19071282,2977,0,20758994,2985,0
178,34747636701648,34747638647530,19995090,sA-eth3,up,34747638454248,netem,19839530,14595,0,0,0,78,1,20487830,2961,0,19072142,2967,0
178,34747636701648,34747640390559,19995090,sB-eth3,up,34747640216087,netem,21836770,15805,0,0,0,52990,4,19072536,2996,0,21006408,3004,0
179,34747656716629,34747658964724,20014981,sA-eth3,up,34747658751841,netem,19840586,14609,0,0,0,30358,3,20637964,2976,0,19073120,2980,0
179,34747656716629,34747661558363,20014981,sB-eth3,up,34747661391311,netem,22023506,15929,0,0,0,0,0,19121466,3013,0,21171338,3017,0
180,34747676704700,34747678641821,19988071,sA-eth3,up,34747678469730,netem,20081042,14783,0,0,0,43992,4,20744068,3004,0,19317302,3013,0
180,34747676704700,34747680576923,19988071,sB-eth3,up,34747680415640,netem,22023506,15929,0,0,0,0,0,19179716,3018,0,21171338,3017,0
181,34747696708281,34747698552021,20003581,sA-eth3,up,34747698382150,netem,20334540,14958,0,0,0,87992,7,20803308,3024,0,19547934,3039,0
181,34747696708281,34747700551963,20003581,sB-eth3,up,34747700395022,netem,22023506,15929,0,0,0,0,0,19179716,3018,0,21171338,3017,0
182,34747716700892,34747718933786,19992611,sA-eth3,up,34747718762914,netem,20589244,15130,0,0,0,85104,10,20841880,3038,0,19792672,3060,0
182,34747716700892,34747720681675,19992611,sB-eth3,up,34747720524003,netem,22023670,15931,0,0,0,0,0,19367628,3034,0,21171502,3019,0
183,34747736693663,34747738502573,19992771,sA-eth3,up,34747738330720,netem,20832336,15300,0,0,0,115252,10,20895262,3057,0,20026392,3088,0
183,34747736693663,34747740471925,19992771,sB-eth3,up,34747740312883,netem,22023768,15932,0,0,0,0,0,19374934,3035,0,21171600,3020,0
184,34747756696294,34747758858718,20002631,sA-eth3,up,34747758689926,netem,21085910,15475,0,0,0,102024,13,20971944,3078,0,20270198,3115,0
184,34747756696294,34747760774468,20002631,sB-eth3,up,34747760618507,netem,22023834,15933,0,0,0,0,0,19580092,3050,0,21171666,3021,0
185,34747776693724,34747778554225,19997430,sA-eth3,up,34747778382053,netem,21324494,15643,0,0,0,147344,18,21077784,3102,0,20515536,3144,0
185,34747776693724,34747780494716,19997430,sB-eth3,up,34747780327904,netem,22023834,15933,0,0,0,0,0,19580092,3050,0,21171666,3021,0
186,34747796693656,34747798603746,19999932,sA-eth3,up,34747798429344,netem,21581566,15827,0,0,0,118408,12,21169210,3127,0,20746648,3176,0
186,34747796693656,34747800533718,19999932,sB-eth3,up,34747800376555,netem,22023900,15934,0,0,0,0,0,19580092,3050,0,21171732,3022,0
187,34747816693186,34747818547906,19999530,sA-eth3,up,34747818376505,netem,21837748,16000,0,0,0,101438,7,21169804,3136,0,20992864,3198,0
187,34747816693186,34747820396557,19999530,sB-eth3,up,34747820229795,netem,22023900,15934,0,0,0,0,0,19580092,3050,0,21171732,3022,0
188,34747836691556,34747838544078,19998370,sA-eth3,up,34747838362825,netem,22039624,16134,0,0,0,78,1,21171110,3149,0,21186898,3213,0
188,34747836691556,34747840494968,19998370,sB-eth3,up,34747840335717,netem,22023990,15935,0,0,0,30280,2,19580158,3051,0,21186368,3024,0
189,34747856703538,34747858717570,20011982,sA-eth3,up,34747858505008,netem,22040458,16145,0,0,0,172,2,21280790,3165,0,21187826,3225,0
189,34747856703538,34747860831783,20011982,sB-eth3,up,34747860639081,netem,22274064,16104,0,0,0,53122,6,19697714,3077,0,21426740,3046,0
190,34747876708419,34747878664230,20004881,sA-eth3,up,34747878478928,netem,22041016,16152,0,0,0,0,0,21381362,3175,0,21188212,3230,0
190,34747876708419,34747880786794,20004881,sB-eth3,up,34747880619863,netem,22529538,16289,0,0,0,42590,6,19943288,3113,0,21669550,3083,0
191,34747896707299,34747898899374,19998880,sA-eth3,up,34747898731881,netem,22041016,16152,0,0,0,0,0,21387220,3176,0,21188212,3230,0
191,34747896707299,34747900945746,19998880,sB-eth3,up,34747900789575,netem,22783564,16474,0,0,0,38048,6,20188994,3149,0,21909266,3117,0
192,34747916700841,34747918891894,19993542,sA-eth3,up,34747918723593,netem,22041082,16153,0,0,0,78,1,21477590,3185,0,21188356,3232,0
192,34747916700841,34747920813396,19993542,sB-eth3,up,34747920657104,netem,23033048,16656,0,0,0,47066,6,20452076,3186,0,22141808,3152,0
193,34747936706511,34747938964396,20005670,sA-eth3,up,34747938793444,netem,22041574,16159,0,0,0,0,0,21519846,3189,0,21188770,3237,0
193,34747936706511,34747941053619,20005670,sB-eth3,up,34747940874538,netem,23288522,16841,0,0,0,42590,6,20699164,3222,0,22387448,3188,0
194,34747956702832,34747958604673,19996321,sA-eth3,up,34747958434631,netem,22041574,16159,0,0,0,0,0,21519846,3189,0,21188770,3237,0
194,34747956702832,34747960280502,19996321,sB-eth3,up,34747960125410,netem,23521286,17011,0,0,0,59244,7,20930192,3256,0,22625848,3224,0
195,34747976705833,34747978978879,20003001,sA-eth3,up,34747978801116,netem,22041574,16159,0,0,0,0,0,21519846,3189,0,21188770,3237,0
195,34747976705833,34747981095031,20003001,sB-eth3,up,34747980913000,netem,23779854,17199,0,0,0,56216,7,21189444,3294,0,22874450,3261,0
196,34747996711514,34747999039330,20005681,sA-eth3,up,34747998843598,netem,22041574,16159,0,0,0,0,0,21519846,3189,0,21188770,3237,0
196,34747996711514,34748001024032,20005681,sB-eth3,up,34748000843640,netem,24037828,17378,0,0,0,45420,3,21190566,3311,0,23107846,3287,0
197,34748016712315,34748018609156,20000801,sA-eth3,up,34748018429474,netem,22041574,16159,0,0,0,0,0,21519846,3189,0,21188770,3237,0
197,34748016712315,34748020776120,20000801,sB-eth3,up,34748020618158,netem,24224564,17502,0,0,0,0,0,21191490,3325,0,23287322,3301,0
198,34748036708406,34748039877030,19996091,sA-eth3,up,34748038719248,netem,22041574,16159,0,0,0,0,0,21519846,3189,0,21188770,3237,0
198,34748036708406,34748041975064,19996091,sB-eth3,up,34748041751422,netem,24224564,17502,0,0,0,0,0,21207574,3327,0,23287322,3301,0
199,34748056710556,34748058768639,20002150,sA-eth3,up,34748058590338,netem,22041652,16160,0,0,0,0,0,21519912,3190,0,21188848,3238,0
199,34748056710556,34748060676891,20002150,sB-eth3,up,34748060515529,netem,24225422,17515,0,0,0,132,2,21451960,3344,0,23288180,3315,0
200,34748076698597,34748078501948,19988041,sA-eth3,up,34748078334096,netem,22041652,16160,0,0,0,0,0,21519912,3190,0,21188848,3238,0
200,34748076698597,34748080534460,19988041,sB-eth3,up,34748080376398,netem,24226610,17533,0,0,0,66,1,21697860,3362,0,23289368,3332,0
201,34748096708278,34748098520888,20009681,sA-eth3,up,34748098346936,netem,22041652,16160,0,0,0,0,0,21519912,3190,0,21188848,3238,0
201,34748096708278,34748100378348,20009681,sB-eth3,up,34748100207747,netem,24227798,17551,0,0,0,66,1,21942378,3381,0,23290622,3351,0
202,34748116702119,34748118628811,19993841,sA-eth3,up,34748118425318,netem,22041652,16160,0,0,0,0,0,21519912,3190,0,21188848,3238,0
202,34748116702119,34748120515151,19993841,sB-eth3,up,34748120357440,netem,24228986,17569,0,0,0,132,2,22179590,3399,0,23291744,3368,0
203,34748136706661,34748138563001,20004542,sA-eth3,up,34748138401409,netem,22041652,16160,0,0,0,0,0,21519912,3190,0,21188848,3238,0
203,34748136706661,34748140472902,20004542,sB-eth3,up,34748140317440,netem,24230174,17587,0,0,0,66,1,22415354,3417,0,23292998,3387,0
204,34748156702621,34748158546061,19995960,sA-eth3,up,34748158373750,netem,22041706,16161,0,0,0,0,0,21521426,3191,0,21188902,3239,0
204,34748156702621,34748160571853,19995960,sB-eth3,up,34748160412252,netem,24231428,17606,0,0,0,66,1,22648222,3435,0,23294186,3405,0
205,34748176703582,34748178530942,20000961,sA-eth3,up,34748178360220,netem,22041706,16161,0,0,0,0,0,21521426,3191,0,21188902,3239,0
205,34748176703582,34748180540105,20000961,sB-eth3,up,34748180339792,netem,24232616,17624,0,0,0,0,0,22899980,3454,0,23295374,3423,0
206,34748196705843,34748198605334,20002261,sA-eth3,up,34748198436492,netem,22041706,16161,0,0,0,0,0,21521426,3191,0,21188902,3239,0
206,34748196705843,34748200338483,20002261,sB-eth3,up,34748200170441,netem,24233804,17642,0,0,0,66,1,23135744,3472,0,23296628,3442,0
207,34748216705684,34748218739276,19999841,sA-eth3,up,34748218561084,netem,22126580,16218,0,0,0,33308,2,21521756,3196,0,21270476,3246,0
207,34748216705684,34748220533476,19999841,sB-eth3,up,34748220371124,netem,24235058,17661,0,0,0,66,1,23386054,3491,0,23297816,3460,0
208,34748236708084,34748238690146,20002400,sA-eth3,up,34748238506495,netem,22380932,16386,0,0,0,18168,2,21522218,3203,0,21514862,3263,0
208,34748236708084,34748240738979,20002400,sB-eth3,up,34748240578878,netem,24236246,17679,0,0,0,132,2,23611616,3508,0,23299070,3479,0
209,34748256699826,34748258674028,19991742,sA-eth3,up,34748258503236,netem,22411212,16406,0,0,0,0,0,21522218,3203,0,21544020,3266,0
209,34748256699826,34748260496807,19991742,sB-eth3,up,34748260341106,netem,24237500,17698,0,0,0,0,0,23856134,3527,0,23300258,3497,0
210,34748276708597,34748278654948,20008771,sA-eth3,up,34748278470406,netem,22411212,16406,0,0,0,0,0,21522218,3203,0,21544020,3266,0
210,34748276708597,34748280474248,20008771,sB-eth3,up,34748280318296,netem,24238688,17716,0,0,0,66,1,24089002,3545,0,23301446,3515,0
211,34748296701357,34748298627818,19992760,sA-eth3,up,34748298453536,netem,22411212,16406,0,0,0,0,0,21522218,3203,0,21544020,3266,0
211,34748296701357,34748300560430,19992760,sB-eth3,up,34748300406278,netem,24239876,17734,0,0,0,132,2,24329110,3563,0,23302634,3533,0
212,34748316704548,34748318552259,20003191,sA-eth3,up,34748318387346,netem,22411212,16406,0,0,0,0,0,21522218,3203,0,21544020,3266,0
212,34748316704548,34748320353728,20003191,sB-eth3,up,34748320187047,netem,24241064,17752,0,0,0,66,1,24576524,3582,0,23303888,3552,0
213,34748336701259,34748338647351,19996711,sA-eth3,up,34748338476138,netem,22411212,16406,0,0,0,0,0,21522218,3203,0,21544020,3266,0
213,34748336701259,34748340445791,19996711,sB-eth3,up,34748340282659,netem,24242318,17771,0,0,0,66,1,24809392,3600,0,23305076,3570,0
214,34748356708570,34748358603501,20007311,sA-eth3,up,34748358438039,netem,22411212,16406,0,0,0,0,0,21522218,3203,0,21544020,3266,0
214,34748356708570,34748360793475,20007311,sB-eth3,up,34748360638213,netem,24243506,17789,0,0,0,132,2,25064046,3619,0,23306330,3589,0
215,34748376705241,34748378745463,19996671,sA-eth3,up,34748378575221,netem,22411212,16406,0,0,0,0,0,21522218,3203,0,21544020,3266,0
215,34748376705241,34748380500543,19996671,sB-eth3,up,34748380346091,netem,24244694,17807,0,0,0,66,1,25296914,3637,0,23307518,3607,0
216,34748396704492,34748398714364,19999251,sA-eth3,up,34748398530881,netem,22411212,16406,0,0,0,0,0,21522218,3203,0,21544020,3266,0
216,34748396704492,34748400679486,19999251,sB-eth3,up,34748400522414,netem,24245684,17822,0,0,0,0,0,25407028,3646,0,23308442,3621,0
217,34748416699132,34748418725275,19994640,sA-eth3,up,34748418559093,netem,22411212,16406,0,0,0,0,0,21522218,3203,0,21544020,3266,0
217,34748416699132,34748420615606,19994640,sB-eth3,up,34748420461244,netem,24245684,17822,0,0,0,0,0,25407028,3646,0,23308442,3621,0
218,34748436704433,34748438581524,20005301,sA-eth3,up,34748438406583,netem,22411212,16406,0,0,0,0,0,21522218,3203,0,21544020,3266,0
218,34748436704433,34748440482126,20005301,sB-eth3,up,34748440324833,netem,24245684,17822,0,0,0,0,0,25407028,3646,0,23308442,3621,0
219,34748456702914,34748458679226,19998481,sA-eth3,up,34748458515274,netem,22411212,16406,0,0,0,0,0,21522218,3203,0,21544020,3266,0
219,34748456702914,34748460583308,19998481,sB-eth3,up,34748460420045,netem,24245684,17822,0,0,0,0,0,25407028,3646,0,23308442,3621,0
220,34748476700666,34748478611046,19997752,sA-eth3,up,34748478447654,netem,22485398,16455,0,0,0,49962,3,21522296,3204,0,21631362,3273,0
220,34748476700666,34748480602329,19997752,sB-eth3,up,34748480449246,netem,24245684,17822,0,0,0,0,0,25407028,3646,0,23308442,3621,0
221,34748496702976,34748499079482,20002310,sA-eth3,up,34748498878300,netem,22561098,16505,0,0,0,0,0,21522296,3204,0,21688164,3278,0
221,34748496702976,34748500987764,20002310,sB-eth3,up,34748500828531,netem,24245684,17822,0,0,0,0,0,25407028,3646,0,23308442,3621,0
222,34748516699597,34748518864701,19996621,sA-eth3,up,34748518701999,netem,22561098,16505,0,0,0,43906,3,21522362,3205,0,21704158,3279,0
222,34748516699597,34748520571770,19996621,sB-eth3,up,34748520414058,netem,24245774,17823,0,0,0,30280,2,25407160,3648,0,23323078,3623,0
223,34748536699989,34748538485678,20000392,sA-eth3,up,34748538323116,netem,22609290,16537,0,0,0,0,0,21522362,3205,0,21734508,3282,0
223,34748536699989,34748540571060,20000392,sB-eth3,up,34748540414969,netem,24501640,17992,0,0,0,31794,3,25408216,3664,0,23554366,3639,0
224,34748556702409,34748558484679,20002420,sA-eth3,up,34748558321216,netem,22609290,16537,0,0,0,0,0,21522362,3205,0,21734508,3282,0
224,34748556702409,34748560208437,20002420,sB-eth3,up,34748560054875,netem,24737824,18148,0,0,0,54504,4,25409404,3682,0,23798818,3657,0
225,34748576698910,34748578537979,19996501,sA-eth3,up,34748578367098,netem,22609290,16537,0,0,0,0,0,21522428,3206,0,21734508,3282,0
225,34748576698910,34748580415651,19996501,sB-eth3,up,34748580241669,netem,25005802,18325,0,0,0,40878,3,25410592,3701,0,24043336,3676,0
226,34748596735901,34748599202568,20036991,sA-eth3,up,34748598965306,netem,22609290,16537,0,0,0,0,0,21522428,3206,0,21734508,3282,0
226,34748596735901,34748601277542,20036991,sB-eth3,up,34748601108389,netem,25260154,18493,0,0,0,59046,4,25411846,3719,0,24283444,3694,0
227,34748616711152,34748618950916,19975251,sA-eth3,up,34748618778824,netem,22609290,16537,0,0,0,0,0,21522428,3206,0,21734508,3282,0
227,34748616711152,34748621043919,19975251,sB-eth3,up,34748620853847,netem,25502394,18653,0,0,0,71158,5,25413100,3738,0,24530858,3713,0
228,34748636709032,34748638984457,19997880,sA-eth3,up,34748638804596,netem,22609290,16537,0,0,0,0,0,21522428,3206,0,21734508,3282,0
228,34748636709032,34748640915349,19997880,sB-eth3,up,34748640752017,netem,25759774,18823,0,0,0,45420,3,25414288,3756,0,24763726,3731,0
229,34748656718914,34748658936619,20009882,sA-eth3,up,34748658727806,netem,22609290,16537,0,0,0,0,0,21522428,3206,0,21734508,3282,0
229,34748656718914,34748660954910,20009882,sB-eth3,up,34748660758358,netem,26009584,18988,0,0,0,52990,4,25415476,3774,0,25003834,3749,0
230,34748676710354,34748678539634,19991440,sA-eth3,up,34748678360783,netem,22609290,16537,0,0,0,0,0,21522428,3206,0,21734508,3282,0
230,34748676710354,34748680787949,19991440,sB-eth3,up,34748680626818,netem,26251824,19148,0,0,0,52990,4,25416664,3792,0,25236702,3767,0
231,34748696747246,34748698606436,20036892,sA-eth3,up,34748698435994,netem,22609290,16537,0,0,0,0,0,21522428,3206,0,21734508,3282,0
231,34748696747246,34748700467916,20036892,sB-eth3,up,34748700312915,netem,26438560,19272,0,0,0,0,0,25417588,3806,0,25416178,3781,0
232,34748716717266,34748718609546,19970020,sA-eth3,up,34748718431165,netem,22609290,16537,0,0,0,0,0,21522428,3206,0,21734508,3282,0
232,34748716717266,34748720447588,19970020,sB-eth3,up,34748720272296,netem,26438560,19272,0,0,0,0,0,25417588,3806,0,25416178,3781,0
233,34748736706737,34748738582507,19989471,sA-eth3,up,34748738411066,netem,22609290,16537,0,0,0,0,0,21522428,3206,0,21734508,3282,0
233,34748736706737,34748740462599,19989471,sB-eth3,up,34748740301726,netem,26438560,19272,0,0,0,0,0,25417658,3807,0,25416178,3781,0
234,34748756706997,34748758553938,20000260,sA-eth3,up,34748758378516,netem,22609290,16537,0,0,0,0,0,21522428,3206,0,21734508,3282,0
234,34748756706997,34748760413979,20000260,sB-eth3,up,34748760245946,netem,26438560,19272,0,0,0,0,0,25417658,3807,0,25416178,3781,0
235,34748776705449,34748778536189,19998452,sA-eth3,up,34748778371396,netem,22609290,16537,0,0,0,0,0,21522428,3206,0,21734508,3282,0
235,34748776705449,34748780425729,19998452,sB-eth3,up,34748780256768,netem,26438560,19272,0,0,0,0,0,25417658,3807,0,25416178,3781,0
236,34748796713180,34748798570589,20007731,sA-eth3,up,34748798402719,netem,22609290,16537,0,0,0,0,0,21522428,3206,0,21734508,3282,0
236,34748796713180,34748800443801,20007731,sB-eth3,up,34748800272219,netem,26438560,19272,0,0,0,0,0,25417658,3807,0,25416178,3781,0
237,34748816708451,34748818526861,19995271,sA-eth3,up,34748818364629,netem,22609290,16537,0,0,0,0,0,21522428,3206,0,21734508,3282,0
237,34748816708451,34748820341260,19995271,sB-eth3,up,34748820175328,netem,26438560,19272,0,0,0,0,0,25417658,3807,0,25416178,3781,0
238,34748836699111,34748838532311,19990660,sA-eth3,up,34748838365259,netem,22609356,16538,0,0,0,0,0,21522494,3207,0,21734574,3283,0
238,34748836699111,34748840333801,19990660,sB-eth3,up,34748840168170,netem,26438560,19272,0,0,0,0,0,25417658,3807,0,25416178,3781,0
239,34748856705152,34748858538272,20006041,sA-eth3,up,34748858363871,netem,22609356,16538,0,0,0,0,0,21522494,3207,0,21734574,3283,0
239,34748856705152,34748860404713,20006041,sB-eth3,up,34748860236741,netem,26438560,19272,0,0,0,0,0,25417658,3807,0,25416178,3781,0
240,34748876714353,34748878565094,20009201,sA-eth3,up,34748878389611,netem,22609356,16538,0,0,0,0,0,21522494,3207,0,21734574,3283,0
240,34748876714353,34748880563786,20009201,sB-eth3,up,34748880316773,netem,26438560,19272,0,0,0,0,0,25417658,3807,0,25416178,3781,0
241,34748896725144,34748898767096,20010791,sA-eth3,up,34748898544834,netem,22609356,16538,0,0,0,0,0,21522494,3207,0,21734574,3283,0
241,34748896725144,34748900708638,20010791,sB-eth3,up,34748900500586,netem,26438560,19272,0,0,0,0,0,25417658,3807,0,25416178,3781,0
242,34748916720845,34748918689177,19995701,sA-eth3,up,34748918466054,netem,22609356,16538,0,0,0,0,0,21522494,3207,0,21734574,3283,0
242,34748916720845,34748920630869,19995701,sB-eth3,up,34748920419846,netem,26438560,19272,0,0,0,0,0,25417658,3807,0,25416178,3781,0
243,34748936720656,34748938790379,19999811,sA-eth3,up,34748938565706,netem,22609356,16538,0,0,0,0,0,21522494,3207,0,21734574,3283,0
243,34748936720656,34748940707410,19999811,sB-eth3,up,34748940496948,netem,26438560,19272,0,0,0,0,0,25417658,3807,0,25416178,3781,0
244,34748956728137,34748958937932,20007481,sA-eth3,up,34748958706829,netem,22609356,16538,0,0,0,0,0,21522494,3207,0,21734574,3283,0
244,34748956728137,34748960772181,20007481,sB-eth3,up,34748960563789,netem,26438560,19272,0,0,0,0,0,25417658,3807,0,25416178,3781,0
245,34748976721367,34748978760539,19993230,sA-eth3,up,34748978487207,netem,22609356,16538,0,0,0,0,0,21522494,3207,0,21734574,3283,0
245,34748976721367,34748980897154,19993230,sB-eth3,up,34748980677921,netem,26438560,19272,0,0,0,0,0,25417658,3807,0,25416178,3781,0
246,34748996715839,34748999563650,19994472,sA-eth3,up,34748999318727,netem,22609356,16538,0,0,0,0,0,21522494,3207,0,21734574,3283,0
246,34748996715839,34749001584942,19994472,sB-eth3,up,34749001373410,netem,26438560,19272,0,0,0,0,0,25417658,3807,0,25416178,3781,0
247,34749016721959,34749018696451,20006120,sA-eth3,up,34749018482419,netem,22609356,16538,0,0,0,0,0,21522494,3207,0,21734574,3283,0
247,34749016721959,34749020768504,20006120,sB-eth3,up,34749020576311,netem,26438560,19272,0,0,0,0,0,25417658,3807,0,25416178,3781,0
248,34749036724000,34749038739892,20002041,sA-eth3,up,34749038534670,netem,22609356,16538,0,0,0,0,0,21522494,3207,0,21734574,3283,0
248,34749036724000,34749040787664,20002041,sB-eth3,up,34749040590423,netem,26438560,19272,0,0,0,0,0,25417658,3807,0,25416178,3781,0
249,34749056726871,34749058786344,20002871,sA-eth3,up,34749058578632,netem,22609356,16538,0,0,0,0,0,21522494,3207,0,21734574,3283,0
249,34749056726871,34749060759736,20002871,sB-eth3,up,34749060560934,netem,26438560,19272,0,0,0,0,0,25417658,3807,0,25416178,3781,0
250,34749076723842,34749078643384,19996971,sA-eth3,up,34749078427841,netem,22609356,16538,0,0,0,0,0,21522494,3207,0,21734574,3283,0
250,34749076723842,34749080667816,19996971,sB-eth3,up,34749080468343,netem,26438560,19272,0,0,0,0,0,25417658,3807,0,25416178,3781,0
251,34749096724423,34749098731455,20000581,sA-eth3,up,34749098491902,netem,22609356,16538,0,0,0,0,0,21522494,3207,0,21734574,3283,0
251,34749096724423,34749100759107,20000581,sB-eth3,up,34749100547595,netem,26438560,19272,0,0,0,0,0,25417658,3807,0,25416178,3781,0
252,34749116731834,34749119342442,20007411,sA-eth3,up,34749119102740,netem,22609356,16538,0,0,0,0,0,21522494,3207,0,21734574,3283,0
252,34749116731834,34749121408085,20007411,sB-eth3,up,34749121193454,netem,26438560,19272,0,0,0,0,0,25417658,3807,0,25416178,3781,0
253,34749136728794,34749138819427,19996960,sA-eth3,up,34749138588185,netem,22609356,16538,0,0,0,0,0,21522494,3207,0,21734574,3283,0
253,34749136728794,34749140920471,19996960,sB-eth3,up,34749140708909,netem,26438560,19272,0,0,0,0,0,25417658,3807,0,25416178,3781,0
254,34749156725216,34749158840059,19996422,sA-eth3,up,34749158601756,netem,22609356,16538,0,0,0,0,0,21522494,3207,0,21734574,3283,0
254,34749156725216,34749160850451,19996422,sB-eth3,up,34749160631819,netem,26438560,19272,0,0,0,0,0,25417658,3807,0,25416178,3781,0
255,34749176720756,34749178647738,19995540,sA-eth3,up,34749178431225,netem,22609356,16538,0,0,0,0,0,21522494,3207,0,21734574,3283,0
255,34749176720756,34749180730031,19995540,sB-eth3,up,34749180525629,netem,26438560,19272,0,0,0,0,0,25417658,3807,0,25416178,3781,0
256,34749196714917,34749198716459,19994161,sA-eth3,up,34749198500317,netem,22609356,16538,0,0,0,0,0,21522494,3207,0,21734574,3283,0
256,34749196714917,34749200700451,19994161,sB-eth3,up,34749200499729,netem,26438560,19272,0,0,0,0,0,25417658,3807,0,25416178,3781,0
257,34749216729068,34749218822322,20014151,sA-eth3,up,34749218582589,netem,22609356,16538,0,0,0,0,0,21522494,3207,0,21734574,3283,0
257,34749216729068,34749220791613,20014151,sB-eth3,up,34749220582291,netem,26438560,19272,0,0,0,0,0,25417658,3807,0,25416178,3781,0
258,34749236723969,34749238694781,19994901,sA-eth3,up,34749238474039,netem,22609426,16539,0,0,0,0,0,21522494,3207,0,21734644,3284,0
258,34749236723969,34749240895725,19994901,sB-eth3,up,34749240681622,netem,26438560,19272,0,0,0,0,0,25417658,3807,0,25416178,3781,0
259,34749256721270,34749258870404,19997301,sA-eth3,up,34749258638091,netem,22609426,16539,0,0,0,0,0,21522494,3207,0,21734644,3284,0
259,34749256721270,34749260839016,19997301,sB-eth3,up,34749260627904,netem,26438560,19272,0,0,0,0,0,25417658,3807,0,25416178,3781,0
260,34749276726990,34749278876345,20005720,sA-eth3,up,34749278638292,netem,22609426,16539,0,0,0,0,0,21522494,3207,0,21734644,3284,0
260,34749276726990,34749280778866,20005720,sB-eth3,up,34749280567743,netem,26438560,19272,0,0,0,0,0,25417658,3807,0,25416178,3781,0
261,34749296729492,34749298931906,20002502,sA-eth3,up,34749298705574,netem,22609426,16539,0,0,0,0,0,21522494,3207,0,21734644,3284,0
261,34749296729492,34749301056230,20002502,sB-eth3,up,34749300820597,netem,26438560,19272,0,0,0,0,0,25417658,3807,0,25416178,3781,0
262,34749316712952,34749318747635,19983460,sA-eth3,up,34749318517662,netem,22609426,16539,0,0,0,0,0,21522494,3207,0,21734644,3284,0
262,34749316712952,34749320633966,19983460,sB-eth3,up,34749320423084,netem,26438560,19272,0,0,0,0,0,25417658,3807,0,25416178,3781,0
263,34749336718224,34749338697305,20005272,sA-eth3,up,34749338469573,netem,22609426,16539,0,0,0,0,0,21522494,3207,0,21734644,3284,0
263,34749336718224,34749340564536,20005272,sB-eth3,up,34749340353394,netem,26438560,19272,0,0,0,0,0,25417658,3807,0,25416178,3781,0
264,34749356718054,34749358708827,19999830,sA-eth3,up,34749358484154,netem,22609426,16539,0,0,0,0,0,21522494,3207,0,21734644,3284,0
264,34749356718054,34749360550457,19999830,sB-eth3,up,34749360340224,netem,26438560,19272,0,0,0,0,0,25417658,3807,0,25416178,3781,0
265,34749376721935,34749378981580,20003881,sA-eth3,up,34749378754008,netem,22609492,16540,0,0,0,0,0,21522560,3208,0,21734710,3285,0
265,34749376721935,34749380783870,20003881,sB-eth3,up,34749380575648,netem,26438560,19272,0,0,0,0,0,25417658,3807,0,25416178,3781,0
266,34749396725527,34749398714488,20003592,sA-eth3,up,34749398489296,netem,22609492,16540,0,0,0,0,0,21522560,3208,0,21734710,3285,0
266,34749396725527,34749400889082,20003592,sB-eth3,up,34749400677709,netem,26438560,19272,0,0,0,0,0,25417658,3807,0,25416178,3781,0
267,34749416724497,34749418776210,19998970,sA-eth3,up,34749418548007,netem,22609492,16540,0,0,0,0,0,21522560,3208,0,21734710,3285,0
267,34749416724497,34749420705571,19998970,sB-eth3,up,34749420497549,netem,26438560,19272,0,0,0,0,0,25417658,3807,0,25416178,3781,0
268,34749436719467,34749438634629,19994970,sA-eth3,up,34749438421886,netem,22609562,16541,0,0,0,0,0,21522560,3208,0,21734780,3286,0
268,34749436719467,34749440680751,19994970,sB-eth3,up,34749440490559,netem,26438560,19272,0,0,0,0,0,25417658,3807,0,25416178,3781,0
269,34749456722469,34749458827612,20003002,sA-eth3,up,34749458608619,netem,22609562,16541,0,0,0,0,0,21522560,3208,0,21734780,3286,0
269,34749456722469,34749460829134,20003002,sB-eth3,up,34749460659912,netem,26438560,19272,0,0,0,0,0,25417658,3807,0,25416178,3781,0
270,34749476714519,34749478709602,19992050,sA-eth3,up,34749478520959,netem,22609562,16541,0,0,0,0,0,21522560,3208,0,21734780,3286,0
270,34749476714519,34749480630573,19992050,sB-eth3,up,34749480468281,netem,26438560,19272,0,0,0,0,0,25417658,3807,0,25416178,3781,0
271,34749496705130,34749498910444,19990611,sA-eth3,up,34749498736352,netem,22609716,16544,0,0,0,0,0,21522644,3210,0,21734934,3289,0
271,34749496705130,34749500759744,19990611,sB-eth3,up,34749500585684,netem,26438714,19275,0,0,0,0,0,25417742,3809,0,25416332,3784,0
272,34749516707452,34749518758244,20002322,sA-eth3,up,34749518593332,netem,22609716,16544,0,0,0,0,0,21522644,3210,0,21734934,3289,0
272,34749516707452,34749520575244,20002322,sB-eth3,up,34749520420752,netem,26438714,19275,0,0,0,0,0,25417742,3809,0,25416332,3784,0
273,34749536701012,34749538522022,19993560,sA-eth3,up,34749538360681,netem,22609716,16544,0,0,0,0,0,21522644,3210,0,21734934,3289,0
273,34749536701012,34749540373873,19993560,sB-eth3,up,34749540206231,netem,26438714,19275,0,0,0,0,0,25417742,3809,0,25416332,3784,0
274,34749556709863,34749558574894,20008851,sA-eth3,up,34749558399432,netem,22609716,16544,0,0,0,0,0,21522644,3210,0,21734934,3289,0
274,34749556709863,34749560452444,20008851,sB-eth3,up,34749560294823,netem,26438714,19275,0,0,0,0,0,25417742,3809,0,25416332,3784,0
275,34749576705964,34749578532774,19996101,sA-eth3,up,34749578369502,netem,22609716,16544,0,0,0,0,0,21522644,3210,0,21734934,3289,0
275,34749576705964,34749580357254,19996101,sB-eth3,up,34749580183062,netem,26438714,19275,0,0,0,0,0,25417742,3809,0,25416332,3784,0
276,34749596708215,34749598542695,20002251,sA-eth3,up,34749598371733,netem,22609716,16544,0,0,0,0,0,21522644,3210,0,21734934,3289,0
276,34749596708215,34749600351324,20002251,sB-eth3,up,34749600179843,netem,26438714,19275,0,0,0,0,0,25417742,3809,0,25416332,3784,0
277,34749616705705,34749618517106,19997490,sA-eth3,up,34749618354164,netem,22609716,16544,0,0,0,0,0,21522644,3210,0,21734934,3289,0
277,34749616705705,34749620355286,19997490,sB-eth3,up,34749620190844,netem,26438714,19275,0,0,0,0,0,25417742,3809,0,25416332,3784,0
278,34749636709847,34749638589117,20004142,sA-eth3,up,34749638413966,netem,22609716,16544,0,0,0,0,0,21522644,3210,0,21734934,3289,0
278,34749636709847,34749640855842,20004142,sB-eth3,up,34749640699771,netem,26438714,19275,0,0,0,0,0,25417742,3809,0,25416332,3784,0
279,34749656704487,34749658509077,19994640,sA-eth3,up,34749658343836,netem,22609716,16544,0,0,0,0,0,21522644,3210,0,21734934,3289,0
279,34749656704487,34749660396328,19994640,sB-eth3,up,34749660222546,netem,26438714,19275,0,0,0,0,0,25417742,3809,0,25416332,3784,0
280,34749676697998,34749678479767,19993511,sA-eth3,up,34749678316756,netem,22609716,16544,0,0,0,0,0,21522644,3210,0,21734934,3289,0
280,34749676697998,34749680310188,19993511,sB-eth3,up,34749680143586,netem,26438714,19275,0,0,0,0,0,25417742,3809,0,25416332,3784,0
281,34749696706480,34749698525049,20008482,sA-eth3,up,34749698360407,netem,22609716,16544,0,0,0,0,0,21522644,3210,0,21734934,3289,0
281,34749696706480,34749700389130,20008482,sB-eth3,up,34749700216568,netem,26438714,19275,0,0,0,0,0,25417742,3809,0,25416332,3784,0
282,34749716702890,34749718601941,19996410,sA-eth3,up,34749718435119,netem,22609716,16544,0,0,0,0,0,21522644,3210,0,21734934,3289,0
282,34749716702890,34749720421991,19996410,sB-eth3,up,34749720256009,netem,26438714,19275,0,0,0,0,0,25417742,3809,0,25416332,3784,0
283,34749736706292,34749738589862,20003402,sA-eth3,up,34749738408470,netem,22609716,16544,0,0,0,0,0,21522644,3210,0,21734934,3289,0
283,34749736706292,34749740457592,20003402,sB-eth3,up,34749740296651,netem,26438714,19275,0,0,0,0,0,25417742,3809,0,25416332,3784,0
284,34749756706652,34749758536652,20000360,sA-eth3,up,34749758363590,netem,22609786,16545,0,0,0,0,0,21522644,3210,0,21735004,3290,0
284,34749756706652,34749760358122,20000360,sB-eth3,up,34749760188250,netem,26438714,19275,0,0,0,0,0,25417742,3809,0,25416332,3784,0
285,34749776701062,34749778490072,19994410,sA-eth3,up,34749778324001,netem,22609786,16545,0,0,0,0,0,21522644,3210,0,21735004,3290,0
285,34749776701062,34749780317013,19994410,sB-eth3,up,34749780149161,netem,26438714,19275,0,0,0,0,0,25417742,3809,0,25416332,3784,0
286,34749796712034,34749798555864,20010972,sA-eth3,up,34749798388732,netem,22609786,16545,0,0,0,0,0,21522644,3210,0,21735004,3290,0
286,34749796712034,34749800444814,20010972,sB-eth3,up,34749800275573,netem,26438714,19275,0,0,0,0,0,25417742,3809,0,25416332,3784,0
287,34749816706265,34749818539244,19994231,sA-eth3,up,34749818380344,netem,22609786,16545,0,0,0,0,0,21522644,3210,0,21735004,3290,0
287,34749816706265,34749820382995,19994231,sB-eth3,up,34749820216084,netem,26438714,19275,0,0,0,0,0,25417742,3809,0,25416332,3784,0
288,34749836704575,34749838605066,19998310,sA-eth3,up,34749838396684,netem,22609786,16545,0,0,0,0,0,21522644,3210,0,21735004,3290,0
288,34749836704575,34749840496647,19998310,sB-eth3,up,34749840293316,netem,26438714,19275,0,0,0,0,0,25417742,3809,0,25416332,3784,0
289,34749856707076,34749858493476,20002501,sA-eth3,up,34749858319524,netem,22609786,16545,0,0,0,0,0,21522644,3210,0,21735004,3290,0
289,34749856707076,34749860374676,20002501,sB-eth3,up,34749860205065,netem,26438714,19275,0,0,0,0,0,25417742,3809,0,25416332,3784,0
290,34749876711817,34749878556597,20004741,sA-eth3,up,34749878389016,netem,22609786,16545,0,0,0,0,0,21522644,3210,0,21735004,3290,0
290,34749876711817,34749880443049,20004741,sB-eth3,up,34749880273206,netem,26438714,19275,0,0,0,0,0,25417742,3809,0,25416332,3784,0
291,34749896712188,34749898584519,20000371,sA-eth3,up,34749898411407,netem,22609786,16545,0,0,0,0,0,21522644,3210,0,21735004,3290,0
291,34749896712188,34749900411419,20000371,sB-eth3,up,34749900244507,netem,26438714,19275,0,0,0,0,0,25417742,3809,0,25416332,3784,0
292,34749916708769,34749918540999,19996581,sA-eth3,up,34749918368447,netem,22609786,16545,0,0,0,0,0,21522644,3210,0,21735004,3290,0
292,34749916708769,34749920328049,19996581,sB-eth3,up,34749920160797,netem,26438714,19275,0,0,0,0,0,25417742,3809,0,25416332,3784,0
293,34749936701770,34749938544060,19993001,sA-eth3,up,34749938371649,netem,22609786,16545,0,0,0,0,0,21522644,3210,0,21735004,3290,0
293,34749936701770,34749940377841,19993001,sB-eth3,up,34749940199139,netem,26438784,19276,0,0,0,0,0,25417742,3809,0,25416402,3785,0
294,34749956708370,34749958581622,20006600,sA-eth3,up,34749958411719,netem,22609786,16545,0,0,0,0,0,21522644,3210,0,21735004,3290,0
294,34749956708370,34749960396152,20006600,sB-eth3,up,34749960229549,netem,26438784,19276,0,0,0,0,0,25417742,3809,0,25416402,3785,0
295,34749976708562,34749978617262,20000192,sA-eth3,up,34749978442561,netem,22609786,16545,0,0,0,0,0,21522644,3210,0,21735004,3290,0
295,34749976708562,34749980540024,20000192,sB-eth3,up,34749980379502,netem,26438784,19276,0,0,0,0,0,25417742,3809,0,25416402,3785,0
296,34749996705692,34749998543882,19997130,sA-eth3,up,34749998368991,netem,22609786,16545,0,0,0,0,0,21522644,3210,0,21735004,3290,0
296,34749996705692,34750000744337,19997130,sB-eth3,up,34750000582725,netem,26438784,19276,0,0,0,0,0,25417742,3809,0,25416402,3785,0
297,34750016703223,34750018579274,19997531,sA-eth3,up,34750018408632,netem,22609786,16545,0,0,0,0,0,21522644,3210,0,21735004,3290,0
297,34750016703223,34750020522336,19997531,sB-eth3,up,34750020364354,netem,26438854,19277,0,0,0,0,0,25417742,3809,0,25416472,3786,0
298,34750036704904,34750038598165,20001681,sA-eth3,up,34750038426843,netem,22609786,16545,0,0,0,0,0,21522644,3210,0,21735004,3290,0
298,34750036704904,34750040471676,20001681,sB-eth3,up,34750040301414,netem,26438854,19277,0,0,0,0,0,25417742,3809,0,25416472,3786,0
299,34750056704725,34750058644967,19999821,sA-eth3,up,34750058471195,netem,22609786,16545,0,0,0,0,0,21522644,3210,0,21735004,3290,0
299,34750056704725,34750060523027,19999821,sB-eth3,up,34750060352626,netem,26438854,19277,0,0,0,0,0,25417742,3809,0,25416472,3786,0
300,34750076706436,34750078678508,20001711,sA-eth3,up,34750078505596,netem,22609786,16545,0,0,0,0,0,21522644,3210,0,21735004,3290,0
300,34750076706436,34750080520439,20001711,sB-eth3,up,34750080356606,netem,26438854,19277,0,0,0,0,0,25417742,3809,0,25416472,3786,0
301,34750096705987,34750098647928,19999551,sA-eth3,up,34750098472706,netem,22609786,16545,0,0,0,0,0,21522644,3210,0,21735004,3290,0
301,34750096705987,34750100526329,19999551,sB-eth3,up,34750100362157,netem,26438854,19277,0,0,0,0,0,25417742,3809,0,25416472,3786,0
302,34750116707798,34750118653569,20001811,sA-eth3,up,34750118487357,netem,22609786,16545,0,0,0,0,0,21522644,3210,0,21735004,3290,0
302,34750116707798,34750120489609,20001811,sB-eth3,up,34750120328578,netem,26438854,19277,0,0,0,0,0,25417742,3809,0,25416472,3786,0
303,34750136713069,34750138662470,20005271,sA-eth3,up,34750138480799,netem,22609786,16545,0,0,0,0,0,21522644,3210,0,21735004,3290,0
303,34750136713069,34750140577801,20005271,sB-eth3,up,34750140411380,netem,26438854,19277,0,0,0,0,0,25417742,3809,0,25416472,3786,0
304,34750156707600,34750158537190,19994531,sA-eth3,up,34750158369588,netem,22609786,16545,0,0,0,0,0,21522644,3210,0,21735004,3290,0
304,34750156707600,34750160398231,19994531,sB-eth3,up,34750160223308,netem,26438854,19277,0,0,0,0,0,25417742,3809,0,25416472,3786,0
305,34750176700710,34750178479430,19993110,sA-eth3,up,34750178310849,netem,22609786,16545,0,0,0,0,0,21522644,3210,0,21735004,3290,0
305,34750176700710,34750180319491,19993110,sB-eth3,up,34750180151149,netem,26438854,19277,0,0,0,0,0,25417742,3809,0,25416472,3786,0
306,34750196707872,34750198497721,20007162,sA-eth3,up,34750198333639,netem,22609786,16545,0,0,0,0,0,21522644,3210,0,21735004,3290,0
306,34750196707872,34750200341162,20007162,sB-eth3,up,34750200171099,netem,26438854,19277,0,0,0,0,0,25417742,3809,0,25416472,3786,0
307,34750216703672,34750218520492,19995800,sA-eth3,up,34750218356780,netem,22609786,16545,0,0,0,0,0,21522644,3210,0,21735004,3290,0
307,34750216703672,34750220406773,19995800,sB-eth3,up,34750220236891,netem,26438854,19277,0,0,0,0,0,25417742,3809,0,25416472,3786,0
308,34750236731843,34750238652885,20028171,sA-eth3,up,34750238463842,netem,22609786,16545,0,0,0,0,0,21522644,3210,0,21735004,3290,0
308,34750236731843,34750240560606,20028171,sB-eth3,up,34750240392654,netem,26438854,19277,0,0,0,0,0,25417742,3809,0,25416472,3786,0
309,34750256712225,34750258537874,19980382,sA-eth3,up,34750258361992,netem,22609786,16545,0,0,0,0,0,21522644,3210,0,21735004,3290,0
309,34750256712225,34750260388494,19980382,sB-eth3,up,34750260213663,netem,26438854,19277,0,0,0,0,0,25417742,3809,0,25416472,3786,0
310,34750276708075,34750278540515,19995850,sA-eth3,up,34750278371764,netem,22609786,16545,0,0,0,0,0,21522644,3210,0,21735004,3290,0
310,34750276708075,34750280308885,19995850,sB-eth3,up,34750280142143,netem,26438854,19277,0,0,0,0,0,25417742,3809,0,25416472,3786,0
311,34750296711735,34750298612287,20003660,sA-eth3,up,34750298437665,netem,22609786,16545,0,0,0,0,0,21522644,3210,0,21735004,3290,0
311,34750296711735,34750300418437,20003660,sB-eth3,up,34750300248974,netem,26438854,19277,0,0,0,0,0,25417742,3809,0,25416472,3786,0
312,34750316702737,34750318645588,19991002,sA-eth3,up,34750318461246,netem,22609786,16545,0,0,0,0,0,21522644,3210,0,21735004,3290,0
312,34750316702737,34750320460788,19991002,sB-eth3,up,34750320302936,netem,26438854,19277,0,0,0,0,0,25417742,3809,0,25416472,3786,0
313,34750336711007,34750338590969,20008270,sA-eth3,up,34750338417377,netem,22609786,16545,0,0,0,0,0,21522644,3210,0,21735004,3290,0
313,34750336711007,34750340406489,20008270,sB-eth3,up,34750340234707,netem,26438854,19277,0,0,0,0,0,25417742,3809,0,25416472,3786,0
314,34750356718388,34750358620059,20007381,sA-eth3,up,34750358439617,netem,22609786,16545,0,0,0,0,0,21522644,3210,0,21735004,3290,0
314,34750356718388,34750360493220,20007381,sB-eth3,up,34750360333019,netem,26438854,19277,0,0,0,0,0,25417742,3809,0,25416472,3786,0
315,34750376717299,34750378634850,19998911,sA-eth3,up,34750378451039,netem,22609786,16545,0,0,0,0,0,21522644,3210,0,21735004,3290,0
315,34750376717299,34750380414110,19998911,sB-eth3,up,34750380234978,netem,26438854,19277,0,0,0,0,0,25417742,3809,0,25416472,3786,0
316,34750396716640,34750398623712,19999341,sA-eth3,up,34750398440599,netem,22609786,16545,0,0,0,0,0,21522644,3210,0,21735004,3290,0
316,34750396716640,34750400342211,19999341,sB-eth3,up,34750400162828,netem,26438854,19277,0,0,0,0,0,25417742,3809,0,25416472,3786,0
317,34750416709391,34750418584342,19992751,sA-eth3,up,34750418404570,netem,22609786,16545,0,0,0,0,0,21522644,3210,0,21735004,3290,0
317,34750416709391,34750420280101,19992751,sB-eth3,up,34750420114949,netem,26438854,19277,0,0,0,0,0,25417742,3809,0,25416472,3786,0
318,34750436714152,34750438562492,20004761,sA-eth3,up,34750438385780,netem,22609786,16545,0,0,0,0,0,21522644,3210,0,21735004,3290,0
318,34750436714152,34750440755787,20004761,sB-eth3,up,34750440595404,netem,26438854,19277,0,0,0,0,0,25417742,3809,0,25416472,3786,0
319,34750456721903,34750458649244,20007751,sA-eth3,up,34750458461552,netem,22609852,16546,0,0,0,0,0,21522710,3211,0,21735070,3291,0
319,34750456721903,34750460608806,20007751,sB-eth3,up,34750460448224,netem,26438854,19277,0,0,0,0,0,25417742,3809,0,25416472,3786,0
320,34750476719624,34750478705905,19997721,sA-eth3,up,34750478515954,netem,22609852,16546,0,0,0,0,0,21522710,3211,0,21735070,3291,0
320,34750476719624,34750480722188,19997721,sB-eth3,up,34750480556707,netem,26438854,19277,0,0,0,0,0,25417742,3809,0,25416472,3786,0
321,34750496701575,34750498649027,19981951,sA-eth3,up,34750498477244,netem,22609852,16546,0,0,0,0,0,21522710,3211,0,21735070,3291,0
321,34750496701575,34750500534767,19981951,sB-eth3,up,34750500372125,netem,26438854,19277,0,0,0,0,0,25417742,3809,0,25416472,3786,0
322,34750516709296,34750518615047,20007721,sA-eth3,up,34750518441565,netem,22609852,16546,0,0,0,0,0,21522710,3211,0,21735070,3291,0
322,34750516709296,34750520419086,20007721,sB-eth3,up,34750520252124,netem,26438924,19278,0,0,0,0,0,25417742,3809,0,25416542,3787,0
323,34750536702077,34750538598097,19992781,sA-eth3,up,34750538434275,netem,22609852,16546,0,0,0,0,0,21522710,3211,0,21735070,3291,0
323,34750536702077,34750540469609,19992781,sB-eth3,up,34750540313046,netem,26438924,19278,0,0,0,0,0,25417742,3809,0,25416542,3787,0
324,34750556722717,34750558789100,20020640,sA-eth3,up,34750558584827,netem,22609852,16546,0,0,0,0,0,21522710,3211,0,21735070,3291,0
324,34750556722717,34750560655262,20020640,sB-eth3,up,34750560489719,netem,26438924,19278,0,0,0,0,0,25417742,3809,0,25416542,3787,0
325,34750576705728,34750578633399,19983011,sA-eth3,up,34750578463587,netem,22609852,16546,0,0,0,0,0,21522710,3211,0,21735070,3291,0
325,34750576705728,34750580496580,19983011,sB-eth3,up,34750580331258,netem,26438924,19278,0,0,0,0,0,25417742,3809,0,25416542,3787,0
326,34750596704599,34750598524469,19998871,sA-eth3,up,34750598353717,netem,22609852,16546,0,0,0,0,0,21522710,3211,0,21735070,3291,0
326,34750596704599,34750600411110,19998871,sB-eth3,up,34750600241928,netem,26438924,19278,0,0,0,0,0,25417742,3809,0,25416542,3787,0
327,34750616700010,34750618527610,19995411,sA-eth3,up,34750618360248,netem,22609852,16546,0,0,0,0,0,21522710,3211,0,21735070,3291,0
327,34750616700010,34750620400651,19995411,sB-eth3,up,34750620228029,netem,26438924,19278,0,0,0,0,0,25417742,3809,0,25416542,3787,0
328,34750636711370,34750638612152,20011360,sA-eth3,up,34750638423860,netem,22609852,16546,0,0,0,0,0,21522710,3211,0,21735070,3291,0
328,34750636711370,34750640370622,20011360,sB-eth3,up,34750640200839,netem,26438924,19278,0,0,0,0,0,25417742,3809,0,25416542,3787,0
329,34750656704152,34750658553852,19992782,sA-eth3,up,34750658383530,netem,22609852,16546,0,0,0,0,0,21522710,3211,0,21735070,3291,0
329,34750656704152,34750660218751,19992782,sB-eth3,up,34750660063669,netem,26438924,19278,0,0,0,0,0,25417742,3809,0,25416542,3787,0
330,34750676706132,34750678526373,20001980,sA-eth3,up,34750678363842,netem,22609852,16546,0,0,0,0,0,21522710,3211,0,21735070,3291,0
330,34750676706132,34750680190641,20001980,sB-eth3,up,34750680039189,netem,26438924,19278,0,0,0,0,0,25417742,3809,0,25416542,3787,0
331,34750696703653,34750698547154,19997521,sA-eth3,up,34750698377192,netem,22609852,16546,0,0,0,0,0,21522710,3211,0,21735070,3291,0
331,34750696703653,34750700266943,19997521,sB-eth3,up,34750700096271,netem,26438924,19278,0,0,0,0,0,25417742,3809,0,25416542,3787,0
332,34750716712785,34750718562765,20009132,sA-eth3,up,34750718387502,netem,22609852,16546,0,0,0,0,0,21522710,3211,0,21735070,3291,0
332,34750716712785,34750720225264,20009132,sB-eth3,up,34750720067302,netem,26438924,19278,0,0,0,0,0,25417742,3809,0,25416542,3787,0
333,34750736706265,34750738565536,19993480,sA-eth3,up,34750738383924,netem,22609852,16546,0,0,0,0,0,21522710,3211,0,21735070,3291,0
333,34750736706265,34750740704340,19993480,sB-eth3,up,34750740548208,netem,26438924,19278,0,0,0,0,0,25417742,3809,0,25416542,3787,0
334,34750756708187,34750758572967,20001922,sA-eth3,up,34750758397765,netem,22609852,16546,0,0,0,0,0,21522710,3211,0,21735070,3291,0
334,34750756708187,34750760371576,20001922,sB-eth3,up,34750760203374,netem,26438924,19278,0,0,0,0,0,25417742,3809,0,25416542,3787,0
335,34750776707797,34750778507047,19999610,sA-eth3,up,34750778331485,netem,22609852,16546,0,0,0,0,0,21522710,3211,0,21735070,3291,0
335,34750776707797,34750780351007,19999610,sB-eth3,up,34750780182896,netem,26438924,19278,0,0,0,0,0,25417742,3809,0,25416542,3787,0
336,34750796709538,34750798546039,20001741,sA-eth3,up,34750798379116,netem,22609852,16546,0,0,0,0,0,21522710,3211,0,21735070,3291,0
336,34750796709538,34750800482689,20001741,sB-eth3,up,34750800324848,netem,26438924,19278,0,0,0,0,0,25417742,3809,0,25416542,3787,0
337,34750816712259,34750818670130,20002721,sA-eth3,up,34750818501949,netem,22609852,16546,0,0,0,0,0,21522710,3211,0,21735070,3291,0
337,34750816712259,34750820628692,20002721,sB-eth3,up,34750820465771,netem,26438924,19278,0,0,0,0,0,25417742,3809,0,25416542,3787,0
338,34750836716210,34750838641502,20003951,sA-eth3,up,34750838470659,netem,22609852,16546,0,0,0,0,0,21522710,3211,0,21735070,3291,0
338,34750836716210,34750840439931,20003951,sB-eth3,up,34750840271079,netem,26438924,19278,0,0,0,0,0,25417742,3809,0,25416542,3787,0
339,34750856708451,34750858755704,19992241,sA-eth3,up,34750858483080,netem,22609852,16546,0,0,0,0,0,21522710,3211,0,21735070,3291,0
339,34750856708451,34750860536683,19992241,sB-eth3,up,34750860381941,netem,26438924,19278,0,0,0,0,0,25417742,3809,0,25416542,3787,0
340,34750876705182,34750878619272,19996731,sA-eth3,up,34750878449631,netem,22609852,16546,0,0,0,0,0,21522710,3211,0,21735070,3291,0
340,34750876705182,34750880419442,19996731,sB-eth3,up,34750880254221,netem,26438924,19278,0,0,0,0,0,25417742,3809,0,25416542,3787,0
341,34750896709082,34750898711555,20003900,sA-eth3,up,34750898535073,netem,22609852,16546,0,0,0,0,0,21522710,3211,0,21735070,3291,0
341,34750896709082,34750900515935,20003900,sB-eth3,up,34750900360323,netem,26438924,19278,0,0,0,0,0,25417742,3809,0,25416542,3787,0
342,34750916703333,34750918645785,19994251,sA-eth3,up,34750918479063,netem,22609852,16546,0,0,0,0,0,21522710,3211,0,21735070,3291,0
342,34750916703333,34750920485265,19994251,sB-eth3,up,34750920324743,netem,26438924,19278,0,0,0,0,0,25417742,3809,0,25416542,3787,0
343,34750936711505,34750938631605,20008172,sA-eth3,up,34750938455094,netem,22609852,16546,0,0,0,0,0,21522710,3211,0,21735070,3291,0
343,34750936711505,34750940616447,20008172,sB-eth3,up,34750940443036,netem,26438924,19278,0,0,0,0,0,25417742,3809,0,25416542,3787,0
344,34750956724615,34750958772988,20013110,sA-eth3,up,34750958557846,netem,22609852,16546,0,0,0,0,0,21522710,3211,0,21735070,3291,0
344,34750956724615,34750960679749,20013110,sB-eth3,up,34750960511867,netem,26438924,19278,0,0,0,0,0,25417742,3809,0,25416542,3787,0
345,34750976711107,34750978520296,19986492,sA-eth3,up,34750978341214,netem,22609852,16546,0,0,0,0,0,21522710,3211,0,21735070,3291,0
345,34750976711107,34750980423547,19986492,sB-eth3,up,34750980254956,netem,26438924,19278,0,0,0,0,0,25417742,3809,0,25416542,3787,0
346,34750996702297,34750998533017,19991190,sA-eth3,up,34750998363075,netem,22609852,16546,0,0,0,0,0,21522710,3211,0,21735070,3291,0
346,34750996702297,34751000402308,19991190,sB-eth3,up,34751000233946,netem,26438924,19278,0,0,0,0,0,25417742,3809,0,25416542,3787,0
347,34751016711628,34751018509057,20009331,sA-eth3,up,34751018343346,netem,22609852,16546,0,0,0,0,0,21522710,3211,0,21735070,3291,0
347,34751016711628,34751020382739,20009331,sB-eth3,up,34751020218307,netem,26438924,19278,0,0,0,0,0,25417742,3809,0,25416542,3787,0
348,34751036703439,34751038533929,19991811,sA-eth3,up,34751038368347,netem,22609852,16546,0,0,0,0,0,21522710,3211,0,21735070,3291,0
348,34751036703439,34751040374829,19991811,sB-eth3,up,34751040207878,netem,26438924,19278,0,0,0,0,0,25417742,3809,0,25416542,3787,0
349,34751056708230,34751058611611,20004791,sA-eth3,up,34751058438399,netem,22609852,16546,0,0,0,0,0,21522710,3211,0,21735070,3291,0
349,34751056708230,34751061024037,20004791,sB-eth3,up,34751060849095,netem,26438924,19278,0,0,0,0,0,25417742,3809,0,25416542,3787,0
350,34751076701090,34751078512680,19992860,sA-eth3,up,34751078346699,netem,22609852,16546,0,0,0,0,0,21522710,3211,0,21735070,3291,0
350,34751076701090,34751080383791,19992860,sB-eth3,up,34751080213259,netem,26438924,19278,0,0,0,0,0,25417742,3809,0,25416542,3787,0
351,34751096709872,34751098648182,20008782,sA-eth3,up,34751098415350,netem,22609852,16546,0,0,0,0,0,21522710,3211,0,21735070,3291,0
351,34751096709872,34751100526224,20008782,sB-eth3,up,34751100306321,netem,26438924,19278,0,0,0,0,0,25417742,3809,0,25416542,3787,0
352,34751116727493,34751118775045,20017621,sA-eth3,up,34751118552042,netem,22609852,16546,0,0,0,0,0,21522710,3211,0,21735070,3291,0
352,34751116727493,34751120690596,20017621,sB-eth3,up,34751120478204,netem,26438924,19278,0,0,0,0,0,25417742,3809,0,25416542,3787,0
353,34751136731073,34751138709585,20003580,sA-eth3,up,34751138476742,netem,22609852,16546,0,0,0,0,0,21522710,3211,0,21735070,3291,0
353,34751136731073,34751140706677,20003580,sB-eth3,up,34751140489875,netem,26438924,19278,0,0,0,0,0,25417742,3809,0,25416542,3787,0
354,34751156730034,34751158762117,19998961,sA-eth3,up,34751158535634,netem,22609852,16546,0,0,0,0,0,21522710,3211,0,21735070,3291,0
354,34751156730034,34751160799119,19998961,sB-eth3,up,34751160581127,netem,26438924,19278,0,0,0,0,0,25417742,3809,0,25416542,3787,0
355,34751176712665,34751178599716,19982631,sA-eth3,up,34751178422174,netem,22609852,16546,0,0,0,0,0,21522710,3211,0,21735070,3291,0
355,34751176712665,34751180413916,19982631,sB-eth3,up,34751180240894,netem,26438924,19278,0,0,0,0,0,25417742,3809,0,25416542,3787,0
356,34751196708576,34751198546686,19995911,sA-eth3,up,34751198373905,netem,22609852,16546,0,0,0,0,0,21522710,3211,0,21735070,3291,0
356,34751196708576,34751200458087,19995911,sB-eth3,up,34751200240976,netem,26438924,19278,0,0,0,0,0,25417742,3809,0,25416542,3787,0
357,34751216716287,34751218597088,20007711,sA-eth3,up,34751218421186,netem,22609852,16546,0,0,0,0,0,21522710,3211,0,21735070,3291,0
357,34751216716287,34751220414418,20007711,sB-eth3,up,34751220242786,netem,26438924,19278,0,0,0,0,0,25417742,3809,0,25416542,3787,0
358,34751236704797,34751238646419,19988510,sA-eth3,up,34751238474817,netem,22609852,16546,0,0,0,0,0,21522710,3211,0,21735070,3291,0
358,34751236704797,34751240363788,19988510,sB-eth3,up,34751240192356,netem,26438924,19278,0,0,0,0,0,25417742,3809,0,25416542,3787,0
359,34751256704929,34751258500879,20000132,sA-eth3,up,34751258327217,netem,22609852,16546,0,0,0,0,0,21522710,3211,0,21735070,3291,0
359,34751256704929,34751260186707,20000132,sB-eth3,up,34751260029295,netem,26438924,19278,0,0,0,0,0,25417742,3809,0,25416542,3787,0
360,34751276709030,34751278558190,20004101,sA-eth3,up,34751278380738,netem,22609852,16546,0,0,0,0,0,21522710,3211,0,21735070,3291,0
360,34751276709030,34751280620152,20004101,sB-eth3,up,34751280435171,netem,26438924,19278,0,0,0,0,0,25417742,3809,0,25416542,3787,0
361,34751296719471,34751298629952,20010441,sA-eth3,up,34751298446469,netem,22609852,16546,0,0,0,0,0,21522710,3211,0,21735070,3291,0
361,34751296719471,34751300441181,20010441,sB-eth3,up,34751300270600,netem,26438924,19278,0,0,0,0,0,25417742,3809,0,25416542,3787,0
362,34751316707862,34751318604262,19988391,sA-eth3,up,34751318430291,netem,22609852,16546,0,0,0,0,0,21522710,3211,0,21735070,3291,0
362,34751316707862,34751320345332,19988391,sB-eth3,up,34751320156909,netem,26438924,19278,0,0,0,0,0,25417742,3809,0,25416542,3787,0
363,34751336705972,34751338514202,19998110,sA-eth3,up,34751338345701,netem,22609852,16546,0,0,0,0,0,21522710,3211,0,21735070,3291,0
363,34751336705972,34751340193031,19998110,sB-eth3,up,34751340025379,netem,26438924,19278,0,0,0,0,0,25417742,3809,0,25416542,3787,0
364,34751356708073,34751358547484,20002101,sA-eth3,up,34751358368792,netem,22609852,16546,0,0,0,0,0,21522710,3211,0,21735070,3291,0
364,34751356708073,34751360567646,20002101,sB-eth3,up,34751360402204,netem,26438924,19278,0,0,0,0,0,25417742,3809,0,25416542,3787,0
365,34751376713875,34751378604365,20005802,sA-eth3,up,34751378431673,netem,22609852,16546,0,0,0,0,0,21522710,3211,0,21735070,3291,0
365,34751376713875,34751380408315,20005802,sB-eth3,up,34751380236813,netem,26438924,19278,0,0,0,0,0,25417742,3809,0,25416542,3787,0
366,34751396716985,34751398620826,20003110,sA-eth3,up,34751398440364,netem,22609852,16546,0,0,0,0,0,21522710,3211,0,21735070,3291,0
366,34751396716985,34751400447076,20003110,sB-eth3,up,34751400273224,netem,26438924,19278,0,0,0,0,0,25417742,3809,0,25416542,3787,0
367,34751416714465,34751418600767,19997480,sA-eth3,up,34751418431004,netem,22609852,16546,0,0,0,0,0,21522710,3211,0,21735070,3291,0
367,34751416714465,34751420329036,19997480,sB-eth3,up,34751420156104,netem,26438924,19278,0,0,0,0,0,25417742,3809,0,25416542,3787,0
368,34751436725327,34751438599497,20010862,sA-eth3,up,34751438414546,netem,22609852,16546,0,0,0,0,0,21522710,3211,0,21735070,3291,0
368,34751436725327,34751440296276,20010862,sB-eth3,up,34751440121074,netem,26438924,19278,0,0,0,0,0,25417742,3809,0,25416542,3787,0
369,34751456707398,34751458522418,19982071,sA-eth3,up,34751458352786,netem,22609852,16546,0,0,0,0,0,21522710,3211,0,21735070,3291,0
369,34751456707398,34751460190736,19982071,sB-eth3,up,34751460032514,netem,26438924,19278,0,0,0,0,0,25417742,3809,0,25416542,3787,0
370,34751476710268,34751478672800,20002870,sA-eth3,up,34751478425987,netem,22609852,16546,0,0,0,0,0,21522710,3211,0,21735070,3291,0
370,34751476710268,34751480468390,20002870,sB-eth3,up,34751480260128,netem,26438924,19278,0,0,0,0,0,25417742,3809,0,25416542,3787,0
371,34751496720900,34751499058155,20010632,sA-eth3,up,34751498811073,netem,22609852,16546,0,0,0,0,0,21522710,3211,0,21735070,3291,0
371,34751496720900,34751500921567,20010632,sB-eth3,up,34751500716994,netem,26438924,19278,0,0,0,0,0,25417742,3809,0,25416542,3787,0
372,34751516714700,34751518645412,19993800,sA-eth3,up,34751518429419,netem,22609852,16546,0,0,0,0,0,21522710,3211,0,21735070,3291,0
372,34751516714700,34751521040628,19993800,sB-eth3,up,34751520790555,netem,26438924,19278,0,0,0,0,0,25417742,3809,0,25416542,3787,0
373,34751536720882,34751538656852,20006182,sA-eth3,up,34751538435050,netem,22609852,16546,0,0,0,0,0,21522710,3211,0,21735070,3291,0
373,34751536720882,34751540873667,20006182,sB-eth3,up,34751540665405,netem,26438924,19278,0,0,0,0,0,25417742,3809,0,25416542,3787,0
374,34751556727732,34751558750535,20006850,sA-eth3,up,34751558521362,netem,22609852,16546,0,0,0,0,0,21522710,3211,0,21735070,3291,0
374,34751556727732,34751560873097,20006850,sB-eth3,up,34751560660016,netem,26438924,19278,0,0,0,0,0,25417742,3809,0,25416542,3787,0
375,34751576722483,34751578807846,19994751,sA-eth3,up,34751578516922,netem,22609852,16546,0,0,0,0,0,21522710,3211,0,21735070,3291,0
375,34751576722483,34751581055291,19994751,sB-eth3,up,34751580816068,netem,26438924,19278,0,0,0,0,0,25417742,3809,0,25416542,3787,0
376,34751596717425,34751598701495,19994942,sA-eth3,up,34751598475934,netem,22609852,16546,0,0,0,0,0,21522710,3211,0,21735070,3291,0
376,34751596717425,34751600744349,19994942,sB-eth3,up,34751600532526,netem,26438924,19278,0,0,0,0,0,25417742,3809,0,25416542,3787,0
377,34751616718175,34751618782377,20000750,sA-eth3,up,34751618551695,netem,22609852,16546,0,0,0,0,0,21522710,3211,0,21735070,3291,0
377,34751616718175,34751620756219,20000750,sB-eth3,up,34751620542447,netem,26438924,19278,0,0,0,0,0,25417742,3809,0,25416542,3787,0
378,34751636727626,34751638711568,20009451,sA-eth3,up,34751638501755,netem,22609852,16546,0,0,0,0,0,21522710,3211,0,21735070,3291,0
378,34751636727626,34751640730410,20009451,sB-eth3,up,34751640537788,netem,26438924,19278,0,0,0,0,0,25417742,3809,0,25416542,3787,0
379,34751656716717,34751658709468,19989091,sA-eth3,up,34751658497526,netem,22609852,16546,0,0,0,0,0,21522710,3211,0,21735070,3291,0
379,34751656716717,34751660569699,19989091,sB-eth3,up,34751660377627,netem,26438924,19278,0,0,0,0,0,25417742,3809,0,25416542,3787,0
380,34751676720118,34751678679450,20003401,sA-eth3,up,34751678439167,netem,22609852,16546,0,0,0,0,0,21522710,3211,0,21735070,3291,0
380,34751676720118,34751680432399,20003401,sB-eth3,up,34751680241036,netem,26438924,19278,0,0,0,0,0,25417742,3809,0,25416542,3787,0
381,34751696706378,34751698517958,19986260,sA-eth3,up,34751698336916,netem,22609852,16546,0,0,0,0,0,21522710,3211,0,21735070,3291,0
381,34751696706378,34751700666452,19986260,sB-eth3,up,34751700508900,netem,26438924,19278,0,0,0,0,0,25417742,3809,0,25416542,3787,0
382,34751716709670,34751719034505,20003292,sA-eth3,up,34751718834893,netem,22609852,16546,0,0,0,0,0,21522710,3211,0,21735070,3291,0
382,34751716709670,34751720721334,20003292,sB-eth3,up,34751720560952,netem,26438924,19278,0,0,0,0,0,25417742,3809,0,25416542,3787,0
383,34751736708200,34751738792062,19998530,sA-eth3,up,34751738613291,netem,22609852,16546,0,0,0,0,0,21522710,3211,0,21735070,3291,0
383,34751736708200,34751740741154,19998530,sB-eth3,up,34751740584662,netem,26438924,19278,0,0,0,0,0,25417742,3809,0,25416542,3787,0
384,34751756703770,34751758587232,19995570,sA-eth3,up,34751758418340,netem,22609852,16546,0,0,0,0,0,21522710,3211,0,21735070,3291,0
384,34751756703770,34751760239969,19995570,sB-eth3,up,34751760083398,netem,26438924,19278,0,0,0,0,0,25417742,3809,0,25416542,3787,0
385,34751776706672,34751778506612,20002902,sA-eth3,up,34751778332609,netem,22609852,16546,0,0,0,0,0,21522710,3211,0,21735070,3291,0
385,34751776706672,34751780168780,20002902,sB-eth3,up,34751779998068,netem,26438924,19278,0,0,0,0,0,25417742,3809,0,25416542,3787,0
386,34751796705022,34751798523762,19998350,sA-eth3,up,34751798351801,netem,22609852,16546,0,0,0,0,0,21522710,3211,0,21735070,3291,0
386,34751796705022,34751800260661,19998350,sB-eth3,up,34751800102760,netem,26438924,19278,0,0,0,0,0,25417742,3809,0,25416542,3787,0
387,34751816715033,34751818595424,20010011,sA-eth3,up,34751818410252,netem,22609852,16546,0,0,0,0,0,21522710,3211,0,21735070,3291,0
387,34751816715033,34751820313203,20010011,sB-eth3,up,34751820132361,netem,26438924,19278,0,0,0,0,0,25417742,3809,0,25416542,3787,0
388,34751836709315,34751838511604,19994282,sA-eth3,up,34751838334802,netem,22609852,16546,0,0,0,0,0,21522710,3211,0,21735070,3291,0
388,34751836709315,34751840176862,19994282,sB-eth3,up,34751840017751,netem,26438924,19278,0,0,0,0,0,25417742,3809,0,25416542,3787,0
389,34751856709445,34751858502265,20000130,sA-eth3,up,34751858334943,netem,22609852,16546,0,0,0,0,0,21522710,3211,0,21735070,3291,0
389,34751856709445,34751860187584,20000130,sB-eth3,up,34751860030712,netem,26438924,19278,0,0,0,0,0,25417742,3809,0,25416542,3787,0
390,34751876701276,34751878494937,19991831,sA-eth3,up,34751878330624,netem,22609852,16546,0,0,0,0,0,21522710,3211,0,21735070,3291,0
390,34751876701276,34751880185995,19991831,sB-eth3,up,34751880027043,netem,26438924,19278,0,0,0,0,0,25417742,3809,0,25416542,3787,0
391,34751896716397,34751898569127,20015121,sA-eth3,up,34751898396596,netem,22609852,16546,0,0,0,0,0,21522710,3211,0,21735070,3291,0
391,34751896716397,34751900255737,20015121,sB-eth3,up,34751900096594,netem,26438924,19278,0,0,0,0,0,25417742,3809,0,25416542,3787,0
392,34751916716218,34751918498317,19999821,sA-eth3,up,34751918336986,netem,22609852,16546,0,0,0,0,0,21522710,3211,0,21735070,3291,0
392,34751916716218,34751920129956,19999821,sB-eth3,up,34751919946823,netem,26438924,19278,0,0,0,0,0,25417742,3809,0,25416542,3787,0
393,34751936709519,34751938514169,19993301,sA-eth3,up,34751938340377,netem,22609852,16546,0,0,0,0,0,21522710,3211,0,21735070,3291,0
393,34751936709519,34751940840934,19993301,sB-eth3,up,34751940680343,netem,26438924,19278,0,0,0,0,0,25417742,3809,0,25416542,3787,0
394,34751956707800,34751958577011,19998281,sA-eth3,up,34751958415839,netem,22609852,16546,0,0,0,0,0,21522710,3211,0,21735070,3291,0
394,34751956707800,34751960469671,19998281,sB-eth3,up,34751960310419,netem,26438924,19278,0,0,0,0,0,25417742,3809,0,25416542,3787,0
395,34751976713720,34751978590322,20005920,sA-eth3,up,34751978421979,netem,22609852,16546,0,0,0,0,0,21522710,3211,0,21735070,3291,0
395,34751976713720,34751980596554,20005920,sB-eth3,up,34751980438652,netem,26438924,19278,0,0,0,0,0,25417742,3809,0,25416542,3787,0
396,34751996721422,34751998720244,20007702,sA-eth3,up,34751998540402,netem,22609852,16546,0,0,0,0,0,21522710,3211,0,21735070,3291,0
396,34751996721422,34752000916548,20007702,sB-eth3,up,34752000759977,netem,26438924,19278,0,0,0,0,0,25417742,3809,0,25416542,3787,0
397,34752016698562,34752018533443,19977140,sA-eth3,up,34752018366141,netem,22609852,16546,0,0,0,0,0,21522710,3211,0,21735070,3291,0
397,34752016698562,34752020354942,19977140,sB-eth3,up,34752020183421,netem,26438924,19278,0,0,0,0,0,25417742,3809,0,25416542,3787,0
398,34752036708614,34752038545844,20010052,sA-eth3,up,34752038374652,netem,22609852,16546,0,0,0,0,0,21522710,3211,0,21735070,3291,0
398,34752036708614,34752040695347,20010052,sB-eth3,up,34752040536346,netem,26438924,19278,0,0,0,0,0,25417742,3809,0,25416542,3787,0
399,34752056710785,34752058649785,20002171,sA-eth3,up,34752058482154,netem,22609852,16546,0,0,0,0,0,21522710,3211,0,21735070,3291,0
399,34752056710785,34752060524046,20002171,sB-eth3,up,34752060367094,netem,26438924,19278,0,0,0,0,0,25417742,3809,0,25416542,3787,0
400,34752076710615,34752078599006,19999830,sA-eth3,up,34752078424444,netem,22609852,16546,0,0,0,0,0,21522710,3211,0,21735070,3291,0
400,34752076710615,34752080517787,19999830,sB-eth3,up,34752080352536,netem,26438924,19278,0,0,0,0,0,25417742,3809,0,25416542,3787,0
401,34752096713366,34752098620857,20002751,sA-eth3,up,34752098435395,netem,22609852,16546,0,0,0,0,0,21522710,3211,0,21735070,3291,0
401,34752096713366,34752100443297,20002751,sB-eth3,up,34752100274446,netem,26438924,19278,0,0,0,0,0,25417742,3809,0,25416542,3787,0
402,34752116711087,34752119060093,19997721,sA-eth3,up,34752118859871,netem,22609852,16546,0,0,0,0,0,21522710,3211,0,21735070,3291,0
402,34752116711087,34752120919163,19997721,sB-eth3,up,34752120761092,netem,26438924,19278,0,0,0,0,0,25417742,3809,0,25416542,3787,0
403,34752136706297,34752138703350,19995210,sA-eth3,up,34752138533428,netem,22609852,16546,0,0,0,0,0,21522710,3211,0,21735070,3291,0
403,34752136706297,34752140700492,19995210,sB-eth3,up,34752140545620,netem,26438924,19278,0,0,0,0,0,25417742,3809,0,25416542,3787,0
404,34752156704438,34752158808352,19998141,sA-eth3,up,34752158638920,netem,22609852,16546,0,0,0,0,0,21522710,3211,0,21735070,3291,0
404,34752156704438,34752160757883,19998141,sB-eth3,up,34752160601412,netem,26438924,19278,0,0,0,0,0,25417742,3809,0,25416542,3787,0
405,34752176704000,34752178584560,19999562,sA-eth3,up,34752178421189,netem,22609852,16546,0,0,0,0,0,21522710,3211,0,21735070,3291,0
405,34752176704000,34752180555632,19999562,sB-eth3,up,34752180392330,netem,26438924,19278,0,0,0,0,0,25417742,3809,0,25416542,3787,0
406,34752196705370,34752198568922,20001370,sA-eth3,up,34752198399979,netem,22609852,16546,0,0,0,0,0,21522710,3211,0,21735070,3291,0
406,34752196705370,34752200570784,20001370,sB-eth3,up,34752200409081,netem,26438924,19278,0,0,0,0,0,25417742,3809,0,25416542,3787,0
407,34752216705322,34752218623942,19999952,sA-eth3,up,34752218458150,netem,22609852,16546,0,0,0,0,0,21522710,3211,0,21735070,3291,0
407,34752216705322,34752220547934,19999952,sB-eth3,up,34752220392042,netem,26438924,19278,0,0,0,0,0,25417742,3809,0,25416542,3787,0
408,34752236712792,34752238690344,20007470,sA-eth3,up,34752238518252,netem,22609852,16546,0,0,0,0,0,21522710,3211,0,21735070,3291,0
408,34752236712792,34752240607635,20007470,sB-eth3,up,34752240429154,netem,26438924,19278,0,0,0,0,0,25417742,3809,0,25416542,3787,0
409,34752256700183,34752258669245,19987391,sA-eth3,up,34752258484263,netem,22609852,16546,0,0,0,0,0,21522710,3211,0,21735070,3291,0
409,34752256700183,34752260504885,19987391,sB-eth3,up,34752260347434,netem,26438924,19278,0,0,0,0,0,25417742,3809,0,25416542,3787,0
410,34752276702684,34752278556974,20002501,sA-eth3,up,34752278386612,netem,22609852,16546,0,0,0,0,0,21522710,3211,0,21735070,3291,0
410,34752276702684,34752280548537,20002501,sB-eth3,up,34752280388535,netem,26438924,19278,0,0,0,0,0,25417742,3809,0,25416542,3787,0
411,34752296711375,34752298719007,20008691,sA-eth3,up,34752298543425,netem,22609852,16546,0,0,0,0,0,21522710,3211,0,21735070,3291,0
411,34752296711375,34752300619018,20008691,sB-eth3,up,34752300458677,netem,26438924,19278,0,0,0,0,0,25417742,3809,0,25416542,3787,0
412,34752316708176,34752318751978,19996801,sA-eth3,up,34752318497155,netem,22609852,16546,0,0,0,0,0,21522710,3211,0,21735070,3291,0
412,34752316708176,34752320827702,19996801,sB-eth3,up,34752320647319,netem,26438924,19278,0,0,0,0,0,25417742,3809,0,25416542,3787,0
413,34752336710147,34752338659388,20001971,sA-eth3,up,34752338482116,netem,22609852,16546,0,0,0,0,0,21522710,3211,0,21735070,3291,0
413,34752336710147,34752340555529,20001971,sB-eth3,up,34752340385137,netem,26438924,19278,0,0,0,0,0,25417742,3809,0,25416542,3787,0
414,34752356713647,34752358638149,20003500,sA-eth3,up,34752358460887,netem,22609852,16546,0,0,0,0,0,21522710,3211,0,21735070,3291,0
414,34752356713647,34752360521790,20003500,sB-eth3,up,34752360350647,netem,26438924,19278,0,0,0,0,0,25417742,3809,0,25416542,3787,0
415,34752376704628,34752378630060,19990981,sA-eth3,up,34752378442647,netem,22609852,16546,0,0,0,0,0,21522710,3211,0,21735070,3291,0
415,34752376704628,34752380976905,19990981,sB-eth3,up,34752380796304,netem,26438924,19278,0,0,0,0,0,25417742,3809,0,25416542,3787,0
416,34752396723300,34752398726642,20018672,sA-eth3,up,34752398530029,netem,22609852,16546,0,0,0,0,0,21522710,3211,0,21735070,3291,0
416,34752396723300,34752400837475,20018672,sB-eth3,up,34752400662103,netem,26438924,19278,0,0,0,0,0,25417742,3809,0,25416542,3787,0
417,34752416716480,34752418781323,19993180,sA-eth3,up,34752418590681,netem,22609852,16546,0,0,0,0,0,21522710,3211,0,21735070,3291,0
417,34752416716480,34752420696205,19993180,sB-eth3,up,34752420529242,netem,26438924,19278,0,0,0,0,0,25417742,3809,0,25416542,3787,0
418,34752436702421,34752438554612,19985941,sA-eth3,up,34752438377010,netem,22609852,16546,0,0,0,0,0,21522710,3211,0,21735070,3291,0
418,34752436702421,34752440517373,19985941,sB-eth3,up,34752440346342,netem,26438924,19278,0,0,0,0,0,25417742,3809,0,25416542,3787,0
419,34752456731643,34752458761405,20029222,sA-eth3,up,34752458519672,netem,22609852,16546,0,0,0,0,0,21522710,3211,0,21735070,3291,0
419,34752456731643,34752460929479,20029222,sB-eth3,up,34752460731807,netem,26438924,19278,0,0,0,0,0,25417742,3809,0,25416542,3787,0
420,34752476717033,34752478629094,19985390,sA-eth3,up,34752478449682,netem,22609852,16546,0,0,0,0,0,21522710,3211,0,21735070,3291,0
420,34752476717033,34752480510995,19985390,sB-eth3,up,34752480338123,netem,26438924,19278,0,0,0,0,0,25417742,3809,0,25416542,3787,0
421,34752496706873,34752498675485,19989840,sA-eth3,up,34752498503334,netem,22609852,16546,0,0,0,0,0,21522710,3211,0,21735070,3291,0
421,34752496706873,34752500876070,19989840,sB-eth3,up,34752500715957,netem,26438924,19278,0,0,0,0,0,25417742,3809,0,25416542,3787,0
422,34752516703095,34752518625606,19996222,sA-eth3,up,34752518454364,netem,22609852,16546,0,0,0,0,0,21522710,3211,0,21735070,3291,0
422,34752516703095,34752520481757,19996222,sB-eth3,up,34752520324454,netem,26438924,19278,0,0,0,0,0,25417742,3809,0,25416542,3787,0
423,34752536705966,34752538658277,20002871,sA-eth3,up,34752538479135,netem,22609852,16546,0,0,0,0,0,21522710,3211,0,21735070,3291,0
423,34752536705966,34752540486507,20002871,sB-eth3,up,34752540327276,netem,26438924,19278,0,0,0,0,0,25417742,3809,0,25416542,3787,0
424,34752556714497,34752558694268,20008531,sA-eth3,up,34752558515227,netem,22609852,16546,0,0,0,0,0,21522710,3211,0,21735070,3291,0
424,34752556714497,34752560854222,20008531,sB-eth3,up,34752560685460,netem,26438924,19278,0,0,0,0,0,25417742,3809,0,25416542,3787,0
425,34752576705147,34752578635599,19990650,sA-eth3,up,34752578459177,netem,22609918,16547,0,0,0,0,0,21522776,3212,0,21735136,3292,0
425,34752576705147,34752580498709,19990650,sB-eth3,up,34752580344627,netem,26438924,19278,0,0,0,0,0,25417742,3809,0,25416542,3787,0
426,34752596717248,34752598655740,20012101,sA-eth3,up,34752598460888,netem,22609918,16547,0,0,0,0,0,21522776,3212,0,21735136,3292,0
426,34752596717248,34752600564961,20012101,sB-eth3,up,34752600395589,netem,26438924,19278,0,0,0,0,0,25417742,3809,0,25416542,3787,0
427,34752616716330,34752618583240,19999082,sA-eth3,up,34752618397678,netem,22609918,16547,0,0,0,0,0,21522776,3212,0,21735136,3292,0
427,34752616716330,34752620502061,19999082,sB-eth3,up,34752620333939,netem,26438924,19278,0,0,0,0,0,25417742,3809,0,25416542,3787,0
428,34752636709390,34752638644342,19993060,sA-eth3,up,34752638428659,netem,22609918,16547,0,0,0,0,0,21522776,3212,0,21735136,3292,0
428,34752636709390,34752640625093,19993060,sB-eth3,up,34752640459741,netem,26438924,19278,0,0,0,0,0,25417742,3809,0,25416542,3787,0
429,34752656713751,34752658638222,20004361,sA-eth3,up,34752658456300,netem,22609918,16547,0,0,0,0,0,21522776,3212,0,21735136,3292,0
429,34752656713751,34752660621514,20004361,sB-eth3,up,34752660454922,netem,26438924,19278,0,0,0,0,0,25417742,3809,0,25416542,3787,0
430,34752676709562,34752678601552,19995811,sA-eth3,up,34752678414000,netem,22609918,16547,0,0,0,0,0,21522776,3212,0,21735136,3292,0
430,34752676709562,34752680549424,19995811,sB-eth3,up,34752680381092,netem,26438924,19278,0,0,0,0,0,25417742,3809,0,25416542,3787,0
431,34752696715263,34752698615063,20005701,sA-eth3,up,34752698431842,netem,22609918,16547,0,0,0,0,0,21522776,3212,0,21735136,3292,0
431,34752696715263,34752700975390,20005701,sB-eth3,up,34752700788047,netem,26438924,19278,0,0,0,0,0,25417742,3809,0,25416542,3787,0
432,34752716707803,34752718701225,19992540,sA-eth3,up,34752718522453,netem,22609918,16547,0,0,0,0,0,21522776,3212,0,21735136,3292,0
432,34752716707803,34752720696107,19992540,sB-eth3,up,34752720530705,netem,26438924,19278,0,0,0,0,0,25417742,3809,0,25416542,3787,0
433,34752736714245,34752738642655,20006442,sA-eth3,up,34752738469484,netem,22609918,16547,0,0,0,0,0,21522776,3212,0,21735136,3292,0
433,34752736714245,34752740592087,20006442,sB-eth3,up,34752740431085,netem,26438924,19278,0,0,0,0,0,25417742,3809,0,25416542,3787,0
434,34752756712716,34752758681277,19998471,sA-eth3,up,34752758496385,netem,22609918,16547,0,0,0,0,0,21522776,3212,0,21735136,3292,0
434,34752756712716,34752760631519,19998471,sB-eth3,up,34752760467457,netem,26438924,19278,0,0,0,0,0,25417742,3809,0,25416542,3787,0
435,34752776701626,34752778823420,19988910,sA-eth3,up,34752778653168,netem,22609918,16547,0,0,0,0,0,21522776,3212,0,21735136,3292,0
435,34752776701626,34752780758490,19988910,sB-eth3,up,34752780596660,netem,26438924,19278,0,0,0,0,0,25417742,3809,0,25416542,3787,0
436,34752796719547,34752798744030,20017921,sA-eth3,up,34752798563348,netem,22609918,16547,0,0,0,0,0,21522776,3212,0,21735136,3292,0
436,34752796719547,34752800698082,20017921,sB-eth3,up,34752800530520,netem,26438924,19278,0,0,0,0,0,25417742,3809,0,25416542,3787,0
437,34752816724168,34752818869192,20004621,sA-eth3,up,34752818659700,netem,22609918,16547,0,0,0,0,0,21522776,3212,0,21735136,3292,0
437,34752816724168,34752820753143,20004621,sB-eth3,up,34752820576210,netem,26438924,19278,0,0,0,0,0,25417742,3809,0,25416542,3787,0
438,34752836708768,34752838726961,19984600,sA-eth3,up,34752838551140,netem,22609918,16547,0,0,0,0,0,21522776,3212,0,21735136,3292,0
438,34752836708768,34752840821714,19984600,sB-eth3,up,34752840655563,netem,26438924,19278,0,0,0,0,0,25417742,3809,0,25416542,3787,0
439,34752856708940,34752858654411,20000172,sA-eth3,up,34752858413008,netem,22609918,16547,0,0,0,0,0,21522776,3212,0,21735136,3292,0
439,34752856708940,34752860652143,20000172,sB-eth3,up,34752860468161,netem,26438924,19278,0,0,0,0,0,25417742,3809,0,25416542,3787,0
440,34752876709630,34752878595372,20000690,sA-eth3,up,34752878418670,netem,22609918,16547,0,0,0,0,0,21522776,3212,0,21735136,3292,0
440,34752876709630,34752880405322,20000690,sB-eth3,up,34752880228709,netem,26438924,19278,0,0,0,0,0,25417742,3809,0,25416542,3787,0
441,34752896717802,34752898566772,20008172,sA-eth3,up,34752898383970,netem,22609918,16547,0,0,0,0,0,21522776,3212,0,21735136,3292,0
441,34752896717802,34752900489313,20008172,sB-eth3,up,34752900326882,netem,26438924,19278,0,0,0,0,0,25417742,3809,0,25416542,3787,0
442,34752916710302,34752918535103,19992500,sA-eth3,up,34752918370101,netem,22609918,16547,0,0,0,0,0,21522776,3212,0,21735136,3292,0
442,34752916710302,34752920374782,19992500,sB-eth3,up,34752920205271,netem,26438924,19278,0,0,0,0,0,25417742,3809,0,25416542,3787,0
443,34752936699793,34752938477133,19989491,sA-eth3,up,34752938311211,netem,22609918,16547,0,0,0,0,0,21522776,3212,0,21735136,3292,0
443,34752936699793,34752940718977,19989491,sB-eth3,up,34752940565655,netem,26438924,19278,0,0,0,0,0,25417742,3809,0,25416542,3787,0
444,34752956710175,34752958552865,20010382,sA-eth3,up,34752958373743,netem,22609918,16547,0,0,0,0,0,21522776,3212,0,21735136,3292,0
444,34752956710175,34752960409535,20010382,sB-eth3,up,34752960236253,netem,26438924,19278,0,0,0,0,0,25417742,3809,0,25416542,3787,0
445,34752976707835,34752978572055,19997660,sA-eth3,up,34752978399544,netem,22609918,16547,0,0,0,0,0,21522776,3212,0,21735136,3292,0
445,34752976707835,34752980655168,19997660,sB-eth3,up,34752980487487,netem,26438924,19278,0,0,0,0,0,25417742,3809,0,25416542,3787,0
446,34752996712595,34752998678137,20004760,sA-eth3,up,34752998490845,netem,22609918,16547,0,0,0,0,0,21522776,3212,0,21735136,3292,0
446,34752996712595,34753000891813,20004760,sB-eth3,up,34753000731310,netem,26438924,19278,0,0,0,0,0,25417742,3809,0,25416542,3787,0
447,34753016706097,34753018541867,19993502,sA-eth3,up,34753018363385,netem,22609918,16547,0,0,0,0,0,21522776,3212,0,21735136,3292,0
447,34753016706097,34753020691071,19993502,sB-eth3,up,34753020531639,netem,26438924,19278,0,0,0,0,0,25417742,3809,0,25416542,3787,0
448,34753036706548,34753038655299,20000451,sA-eth3,up,34753038487148,netem,22609918,16547,0,0,0,0,0,21522776,3212,0,21735136,3292,0
448,34753036706548,34753040456469,20000451,sB-eth3,up,34753040299367,netem,26438924,19278,0,0,0,0,0,25417742,3809,0,25416542,3787,0
449,34753056708638,34753058508828,20002090,sA-eth3,up,34753058339287,netem,22609918,16547,0,0,0,0,0,21522776,3212,0,21735136,3292,0
449,34753056708638,34753060575002,20002090,sB-eth3,up,34753060421009,netem,26438924,19278,0,0,0,0,0,25417742,3809,0,25416542,3787,0
450,34753076711230,34753078574850,20002592,sA-eth3,up,34753078404818,netem,22609918,16547,0,0,0,0,0,21522776,3212,0,21735136,3292,0
450,34753076711230,34753080542612,20002592,sB-eth3,up,34753080354140,netem,26438924,19278,0,0,0,0,0,25417742,3809,0,25416542,3787,0
451,34753096716471,34753098951725,20005241,sA-eth3,up,34753098773083,netem,22609918,16547,0,0,0,0,0,21522776,3212,0,21735136,3292,0
451,34753096716471,34753100844096,20005241,sB-eth3,up,34753100615573,netem,26438924,19278,0,0,0,0,0,25417742,3809,0,25416542,3787,0
452,34753116717721,34753118825625,20001250,sA-eth3,up,34753118597592,netem,22609918,16547,0,0,0,0,0,21522776,3212,0,21735136,3292,0
452,34753116717721,34753120873127,20001250,sB-eth3,up,34753120664795,netem,26438924,19278,0,0,0,0,0,25417742,3809,0,25416542,3787,0
453,34753136720502,34753138616223,20002781,sA-eth3,up,34753138439952,netem,22609918,16547,0,0,0,0,0,21522776,3212,0,21735136,3292,0
453,34753136720502,34753140471734,20002781,sB-eth3,up,34753140312502,netem,26438924,19278,0,0,0,0,0,25417742,3809,0,25416542,3787,0
454,34753156721543,34753158914577,20001041,sA-eth3,up,34753158735985,netem,22609918,16547,0,0,0,0,0,21522776,3212,0,21735136,3292,0
454,34753156721543,34753161268403,20001041,sB-eth3,up,34753161106911,netem,26438924,19278,0,0,0,0,0,25417742,3809,0,25416542,3787,0
455,34753176707394,34753179201961,19985851,sA-eth3,up,34753179019760,netem,22609918,16547,0,0,0,0,0,21522776,3212,0,21735136,3292,0
455,34753176707394,34753181417966,19985851,sB-eth3,up,34753181231473,netem,26438924,19278,0,0,0,0,0,25417742,3809,0,25416542,3787,0
456,34753196741545,34753199315044,20034151,sA-eth3,up,34753198996140,netem,22609918,16547,0,0,0,0,0,21522776,3212,0,21735136,3292,0
456,34753196741545,34753201369176,20034151,sB-eth3,up,34753201181664,netem,26438924,19278,0,0,0,0,0,25417742,3809,0,25416542,3787,0
457,34753216710425,34753218715758,19968880,sA-eth3,up,34753218542485,netem,22609918,16547,0,0,0,0,0,21522776,3212,0,21735136,3292,0
457,34753216710425,34753220807971,19968880,sB-eth3,up,34753220646880,netem,26438924,19278,0,0,0,0,0,25417742,3809,0,25416542,3787,0
458,34753236712126,34753238570357,20001701,sA-eth3,up,34753238401685,netem,22609918,16547,0,0,0,0,0,21522776,3212,0,21735136,3292,0
458,34753236712126,34753240632460,20001701,sB-eth3,up,34753240477998,netem,26438924,19278,0,0,0,0,0,25417742,3809,0,25416542,3787,0
459,34753256708307,34753258581868,19996181,sA-eth3,up,34753258417457,netem,22609918,16547,0,0,0,0,0,21522776,3212,0,21735136,3292,0
459,34753256708307,34753260784523,19996181,sB-eth3,up,34753260629001,netem,26438924,19278,0,0,0,0,0,25417742,3809,0,25416542,3787,0
460,34753276703748,34753278546658,19995441,sA-eth3,up,34753278369297,netem,22609918,16547,0,0,0,0,0,21522776,3212,0,21735136,3292,0
460,34753276703748,34753280567781,19995441,sB-eth3,up,34753280403789,netem,26438924,19278,0,0,0,0,0,25417742,3809,0,25416542,3787,0
461,34753296709179,34753298555890,20005431,sA-eth3,up,34753298388767,netem,22609918,16547,0,0,0,0,0,21522776,3212,0,21735136,3292,0
461,34753296709179,34753300390830,20005431,sB-eth3,up,34753300225398,netem,26438924,19278,0,0,0,0,0,25417742,3809,0,25416542,3787,0
462,34753316702050,34753318526430,19992871,sA-eth3,up,34753318361278,netem,22609918,16547,0,0,0,0,0,21522776,3212,0,21735136,3292,0
462,34753316702050,34753320621483,19992871,sB-eth3,up,34753320467352,netem,26438924,19278,0,0,0,0,0,25417742,3809,0,25416542,3787,0
463,34753336732091,34753338889345,20030041,sA-eth3,up,34753338702863,netem,22609918,16547,0,0,0,0,0,21522776,3212,0,21735136,3292,0
463,34753336732091,34753340798286,20030041,sB-eth3,up,34753340636135,netem,26438924,19278,0,0,0,0,0,25417742,3809,0,25416542,3787,0
464,34753356701402,34753358521412,19969311,sA-eth3,up,34753358353630,netem,22609918,16547,0,0,0,0,0,21522776,3212,0,21735136,3292,0
464,34753356701402,34753360402553,19969311,sB-eth3,up,34753360231541,netem,26438924,19278,0,0,0,0,0,25417742,3809,0,25416542,3787,0
465,34753376710233,34753378572263,20008831,sA-eth3,up,34753378385942,netem,22609918,16547,0,0,0,0,0,21522776,3212,0,21735136,3292,0
465,34753376710233,34753380565055,20008831,sB-eth3,up,34753380380773,netem,26438924,19278,0,0,0,0,0,25417742,3809,0,25416542,3787,0
466,34753396703913,34753398588245,19993680,sA-eth3,up,34753398414312,netem,22609918,16547,0,0,0,0,0,21522776,3212,0,21735136,3292,0
466,34753396703913,34753400594107,19993680,sB-eth3,up,34753400421534,netem,26438924,19278,0,0,0,0,0,25417742,3809,0,25416542,3787,0
467,34753416711345,34753418671296,20007432,sA-eth3,up,34753418492044,netem,22609918,16547,0,0,0,0,0,21522776,3212,0,21735136,3292,0
467,34753416711345,34753420671578,20007432,sB-eth3,up,34753420506457,netem,26438924,19278,0,0,0,0,0,25417742,3809,0,25416542,3787,0
468,34753436702586,34753438653747,19991241,sA-eth3,up,34753438472055,netem,22609918,16547,0,0,0,0,0,21522776,3212,0,21735136,3292,0
468,34753436702586,34753440481997,19991241,sB-eth3,up,34753440314385,netem,26438924,19278,0,0,0,0,0,25417742,3809,0,25416542,3787,0
469,34753456709426,34753458691178,20006840,sA-eth3,up,34753458504956,netem,22609918,16547,0,0,0,0,0,21522776,3212,0,21735136,3292,0
469,34753456709426,34753460818222,20006840,sB-eth3,up,34753460650840,netem,26438924,19278,0,0,0,0,0,25417742,3809,0,25416542,3787,0
470,34753476704287,34753478543688,19994861,sA-eth3,up,34753478370475,netem,22609918,16547,0,0,0,0,0,21522776,3212,0,21735136,3292,0
470,34753476704287,34753480496499,19994861,sB-eth3,up,34753480327417,netem,26438924,19278,0,0,0,0,0,25417742,3809,0,25416542,3787,0
471,34753496710378,34753498649250,20006091,sA-eth3,up,34753498463617,netem,22609918,16547,0,0,0,0,0,21522776,3212,0,21735136,3292,0
471,34753496710378,34753500506610,20006091,sB-eth3,up,34753500342898,netem,26438924,19278,0,0,0,0,0,25417742,3809,0,25416542,3787,0
472,34753516708089,34753518553130,19997711,sA-eth3,up,34753518382538,netem,22609918,16547,0,0,0,0,0,21522776,3212,0,21735136,3292,0
472,34753516708089,34753520766483,19997711,sB-eth3,up,34753520590062,netem,26438924,19278,0,0,0,0,0,25417742,3809,0,25416542,3787,0
473,34753536712360,34753538582780,20004271,sA-eth3,up,34753538400238,netem,22609918,16547,0,0,0,0,0,21522776,3212,0,21735136,3292,0
473,34753536712360,34753540493982,20004271,sB-eth3,up,34753540336130,netem,26438924,19278,0,0,0,0,0,25417742,3809,0,25416542,3787,0
474,34753556709801,34753558578131,19997441,sA-eth3,up,34753558408980,netem,22609918,16547,0,0,0,0,0,21522776,3212,0,21735136,3292,0
474,34753556709801,34753560606303,19997441,sB-eth3,up,34753560425682,netem,26438924,19278,0,0,0,0,0,25417742,3809,0,25416542,3787,0
475,34753576719431,34753578660563,20009630,sA-eth3,up,34753578480401,netem,22609918,16547,0,0,0,0,0,21522776,3212,0,21735136,3292,0
475,34753576719431,34753580573105,20009630,sB-eth3,up,34753580388972,netem,26438924,19278,0,0,0,0,0,25417742,3809,0,25416542,3787,0
476,34753596703643,34753598863316,19984212,sA-eth3,up,34753598690335,netem,22609918,16547,0,0,0,0,0,21522776,3212,0,21735136,3292,0
476,34753596703643,34753600721747,19984212,sB-eth3,up,34753600563025,netem,26438924,19278,0,0,0,0,0,25417742,3809,0,25416542,3787,0
477,34753616702793,34753618525943,19999150,sA-eth3,up,34753618352762,netem,22609918,16547,0,0,0,0,0,21522776,3212,0,21735136,3292,0
477,34753616702793,34753620548776,19999150,sB-eth3,up,34753620374254,netem,26438924,19278,0,0,0,0,0,25417742,3809,0,25416542,3787,0
478,34753636709044,34753638567615,20006251,sA-eth3,up,34753638391833,netem,22609918,16547,0,0,0,0,0,21522776,3212,0,21735136,3292,0
478,34753636709044,34753640560927,20006251,sB-eth3,up,34753640396205,netem,26438924,19278,0,0,0,0,0,25417742,3809,0,25416542,3787,0
479,34753656711576,34753658698247,20002532,sA-eth3,up,34753658525125,netem,22609918,16547,0,0,0,0,0,21522776,3212,0,21735136,3292,0
479,34753656711576,34753660614428,20002532,sB-eth3,up,34753660442227,netem,26438924,19278,0,0,0,0,0,25417742,3809,0,25416542,3787,0
480,34753676705526,34753678651498,19993950,sA-eth3,up,34753678475745,netem,22609918,16547,0,0,0,0,0,21522776,3212,0,21735136,3292,0
480,34753676705526,34753680650350,19993950,sB-eth3,up,34753680486248,netem,26438924,19278,0,0,0,0,0,25417742,3809,0,25416542,3787,0
481,34753696701377,34753698483197,19995851,sA-eth3,up,34753698313545,netem,22609918,16547,0,0,0,0,0,21522776,3212,0,21735136,3292,0
481,34753696701377,34753700433838,19995851,sB-eth3,up,34753700250576,netem,26438924,19278,0,0,0,0,0,25417742,3809,0,25416542,3787,0
482,34753716709938,34753718541218,20008561,sA-eth3,up,34753718366256,netem,22609918,16547,0,0,0,0,0,21522776,3212,0,21735136,3292,0
482,34753716709938,34753720637441,20008561,sB-eth3,up,34753720478469,netem,26438924,19278,0,0,0,0,0,25417742,3809,0,25416542,3787,0
483,34753736707099,34753738566349,19997161,sA-eth3,up,34753738393798,netem,22609918,16547,0,0,0,0,0,21522776,3212,0,21735136,3292,0
483,34753736707099,34753740591082,19997161,sB-eth3,up,34753740419350,netem,26438924,19278,0,0,0,0,0,25417742,3809,0,25416542,3787,0
484,34753756715980,34753758713982,20008881,sA-eth3,up,34753758535590,netem,22609918,16547,0,0,0,0,0,21522776,3212,0,21735136,3292,0
484,34753756715980,34753761451161,20008881,sB-eth3,up,34753761276440,netem,26438924,19278,0,0,0,0,0,25417742,3809,0,25416542,3787,0
485,34753776701581,34753778876055,19985601,sA-eth3,up,34753778702923,netem,22609918,16547,0,0,0,0,0,21522776,3212,0,21735136,3292,0
485,34753776701581,34753780888526,19985601,sB-eth3,up,34753780722855,netem,26438924,19278,0,0,0,0,0,25417742,3809,0,25416542,3787,0
486,34753796704701,34753799084788,20003120,sA-eth3,up,34753798880226,netem,22609918,16547,0,0,0,0,0,21522776,3212,0,21735136,3292,0
486,34753796704701,34753801215961,20003120,sB-eth3,up,34753801034509,netem,26438924,19278,0,0,0,0,0,25417742,3809,0,25416542,3787,0
487,34753816712372,34753819087678,20007671,sA-eth3,up,34753818858656,netem,22609918,16547,0,0,0,0,0,21522776,3212,0,21735136,3292,0
487,34753816712372,34753820934848,20007671,sB-eth3,up,34753820754677,netem,26438924,19278,0,0,0,0,0,25417742,3809,0,25416542,3787,0
488,34753836706773,34753838889528,19994401,sA-eth3,up,34753838705735,netem,22609918,16547,0,0,0,0,0,21522776,3212,0,21735136,3292,0
488,34753836706773,34753840612136,19994401,sB-eth3,up,34753840447215,netem,26438924,19278,0,0,0,0,0,25417742,3809,0,25416542,3787,0
489,34753856708724,34753859405624,20001951,sA-eth3,up,34753859212951,netem,22609918,16547,0,0,0,0,0,21522776,3212,0,21735136,3292,0
489,34753856708724,34753861281104,20001951,sB-eth3,up,34753861093203,netem,26438924,19278,0,0,0,0,0,25417742,3809,0,25416542,3787,0
490,34753876704805,34753879066921,19996081,sA-eth3,up,34753878847858,netem,22609918,16547,0,0,0,0,0,21522776,3212,0,21735136,3292,0
490,34753876704805,34753881272445,19996081,sB-eth3,up,34753881087873,netem,26438924,19278,0,0,0,0,0,25417742,3809,0,25416542,3787,0
491,34753896709966,34753898729408,20005161,sA-eth3,up,34753898541506,netem,22609918,16547,0,0,0,0,0,21522776,3212,0,21735136,3292,0
491,34753896709966,34753900967793,20005161,sB-eth3,up,34753900783151,netem,26438924,19278,0,0,0,0,0,25417742,3809,0,25416542,3787,0
492,34753916726836,34753918688288,20016870,sA-eth3,up,34753918500146,netem,22609918,16547,0,0,0,0,0,21522776,3212,0,21735136,3292,0
492,34753916726836,34753920861113,20016870,sB-eth3,up,34753920667430,netem,26438924,19278,0,0,0,0,0,25417742,3809,0,25416542,3787,0
493,34753936713748,34753938617289,19986912,sA-eth3,up,34753938434277,netem,22609918,16547,0,0,0,0,0,21522776,3212,0,21735136,3292,0
493,34753936713748,34753940765203,19986912,sB-eth3,up,34753940574450,netem,26438924,19278,0,0,0,0,0,25417742,3809,0,25416542,3787,0
494,34753956708588,34753958633020,19994840,sA-eth3,up,34753958418487,netem,22609918,16547,0,0,0,0,0,21522776,3212,0,21735136,3292,0
494,34753956708588,34753960820913,19994840,sB-eth3,up,34753960628642,netem,26438924,19278,0,0,0,0,0,25417742,3809,0,25416542,3787,0
495,34753976717069,34753978651960,20008481,sA-eth3,up,34753978457198,netem,22609918,16547,0,0,0,0,0,21522776,3212,0,21735136,3292,0
495,34753976717069,34753980856665,20008481,sB-eth3,up,34753980667263,netem,26438924,19278,0,0,0,0,0,25417742,3809,0,25416542,3787,0
496,34753996713270,34753998664961,19996201,sA-eth3,up,34753998476160,netem,22609918,16547,0,0,0,0,0,21522776,3212,0,21735136,3292,0
496,34753996713270,34754000788675,19996201,sB-eth3,up,34754000601343,netem,26438924,19278,0,0,0,0,0,25417742,3809,0,25416542,3787,0
497,34754016710451,34754018617493,19997181,sA-eth3,up,34754018437800,netem,22609918,16547,0,0,0,0,0,21522776,3212,0,21735136,3292,0
497,34754016710451,34754020705785,19997181,sB-eth3,up,34754020522703,netem,26438924,19278,0,0,0,0,0,25417742,3809,0,25416542,3787,0
498,34754036712072,34754038763915,20001621,sA-eth3,up,34754038575382,netem,22609918,16547,0,0,0,0,0,21522776,3212,0,21735136,3292,0
498,34754036712072,34754040634155,20001621,sB-eth3,up,34754040460173,netem,26438924,19278,0,0,0,0,0,25417742,3809,0,25416542,3787,0
499,34754056705063,34754058563733,19992991,sA-eth3,up,34754058381811,netem,22609918,16547,0,0,0,0,0,21522776,3212,0,21735136,3292,0
499,34754056705063,34754060689357,19992991,sB-eth3,up,34754060507385,netem,26438924,19278,0,0,0,0,0,25417742,3809,0,25416542,3787,0
500,34754076718514,34754078668436,20013451,sA-eth3,up,34754078477653,netem,22609918,16547,0,0,0,0,0,21522776,3212,0,21735136,3292,0
500,34754076718514,34754080779328,20013451,sB-eth3,up,34754080591226,netem,26438924,19278,0,0,0,0,0,25417742,3809,0,25416542,3787,0
501,34754096706294,34754098622405,19987780,sA-eth3,up,34754098437403,netem,22609918,16547,0,0,0,0,0,21522776,3212,0,21735136,3292,0
501,34754096706294,34754101498707,19987780,sB-eth3,up,34754101325866,netem,26438924,19278,0,0,0,0,0,25417742,3809,0,25416542,3787,0
502,34754116713546,34754118594586,20007252,sA-eth3,up,34754118412295,netem,22609918,16547,0,0,0,0,0,21522776,3212,0,21735136,3292,0
502,34754116713546,34754120881491,20007252,sB-eth3,up,34754120708680,netem,26438924,19278,0,0,0,0,0,25417742,3809,0,25416542,3787,0
503,34754136711866,34754138619847,19998320,sA-eth3,up,34754138430896,netem,22609918,16547,0,0,0,0,0,21522776,3212,0,21735136,3292,0
503,34754136711866,34754140788541,19998320,sB-eth3,up,34754140617400,netem,26438924,19278,0,0,0,0,0,25417742,3809,0,25416542,3787,0
504,34754156711518,34754159061013,19999652,sA-eth3,up,34754158837901,netem,22609918,16547,0,0,0,0,0,21522776,3212,0,21735136,3292,0
504,34754156711518,34754160946084,19999652,sB-eth3,up,34754160781732,netem,26438924,19278,0,0,0,0,0,25417742,3809,0,25416542,3787,0
505,34754176734248,34754178787181,20022730,sA-eth3,up,34754178540948,netem,22609918,16547,0,0,0,0,0,21522776,3212,0,21735136,3292,0
505,34754176734248,34754181087046,20022730,sB-eth3,up,34754180835103,netem,26438924,19278,0,0,0,0,0,25417742,3809,0,25416542,3787,0
506,34754196719429,34754198744741,19985181,sA-eth3,up,34754198524599,netem,22609918,16547,0,0,0,0,0,21522776,3212,0,21735136,3292,0
506,34754196719429,34754201293829,19985181,sB-eth3,up,34754201062327,netem,26438924,19278,0,0,0,0,0,25417742,3809,0,25416542,3787,0
507,34754216721310,34754219098856,20001881,sA-eth3,up,34754218837053,netem,22609918,16547,0,0,0,0,0,21522776,3212,0,21735136,3292,0
507,34754216721310,34754221221210,20001881,sB-eth3,up,34754220982187,netem,26438924,19278,0,0,0,0,0,25417742,3809,0,25416542,3787,0
508,34754236723691,34754238791854,20002381,sA-eth3,up,34754238566561,netem,22609918,16547,0,0,0,0,0,21522776,3212,0,21735136,3292,0
508,34754236723691,34754240993108,20002381,sB-eth3,up,34754240775556,netem,26438924,19278,0,0,0,0,0,25417742,3809,0,25416542,3787,0
509,34754256723772,34754258738664,20000081,sA-eth3,up,34754258501071,netem,22609918,16547,0,0,0,0,0,21522776,3212,0,21735136,3292,0
509,34754256723772,34754261032319,20000081,sB-eth3,up,34754260795357,netem,26438924,19278,0,0,0,0,0,25417742,3809,0,25416542,3787,0
510,34754276735723,34754278819716,20011951,sA-eth3,up,34754278575043,netem,22609918,16547,0,0,0,0,0,21522776,3212,0,21735136,3292,0
510,34754276735723,34754280925219,20011951,sB-eth3,up,34754280730988,netem,26438924,19278,0,0,0,0,0,25417742,3809,0,25416542,3787,0
511,34754296715574,34754299150011,19979851,sA-eth3,up,34754298945878,netem,22609918,16547,0,0,0,0,0,21522776,3212,0,21735136,3292,0
511,34754296715574,34754301181153,19979851,sB-eth3,up,34754301020041,netem,26438924,19278,0,0,0,0,0,25417742,3809,0,25416542,3787,0
512,34754316718854,34754318875049,20003280,sA-eth3,up,34754318699036,netem,22609918,16547,0,0,0,0,0,21522776,3212,0,21735136,3292,0
512,34754316718854,34754320710848,20003280,sB-eth3,up,34754320549907,netem,26438924,19278,0,0,0,0,0,25417742,3809,0,25416542,3787,0
513,34754336712566,34754338622026,19993712,sA-eth3,up,34754338444415,netem,22609918,16547,0,0,0,0,0,21522776,3212,0,21735136,3292,0
513,34754336712566,34754340810160,19993712,sB-eth3,up,34754340647569,netem,26438924,19278,0,0,0,0,0,25417742,3809,0,25416542,3787,0
514,34754356698666,34754358564496,19986100,sA-eth3,up,34754358398985,netem,22609918,16547,0,0,0,0,0,21522776,3212,0,21735136,3292,0
514,34754356698666,34754360522158,19986100,sB-eth3,up,34754360364677,netem,26438924,19278,0,0,0,0,0,25417742,3809,0,25416542,3787,0
515,34754376715807,34754378594858,20017141,sA-eth3,up,34754378405535,netem,22609918,16547,0,0,0,0,0,21522776,3212,0,21735136,3292,0
515,34754376715807,34754380660341,20017141,sB-eth3,up,34754380493268,netem,26438924,19278,0,0,0,0,0,25417742,3809,0,25416542,3787,0
516,34754396707958,34754398593468,19992151,sA-eth3,up,34754398420626,netem,22609918,16547,0,0,0,0,0,21522776,3212,0,21735136,3292,0
516,34754396707958,34754400466570,19992151,sB-eth3,up,34754400309817,netem,26438924,19278,0,0,0,0,0,25417742,3809,0,25416542,3787,0
517,34754416711409,34754418685251,20003451,sA-eth3,up,34754418513128,netem,22609918,16547,0,0,0,0,0,21522776,3212,0,21735136,3292,0
517,34754416711409,34754420503320,20003451,sB-eth3,up,34754420338769,netem,26438924,19278,0,0,0,0,0,25417742,3809,0,25416542,3787,0
518,34754436710259,34754438577880,19998850,sA-eth3,up,34754438411028,netem,22609918,16547,0,0,0,0,0,21522776,3212,0,21735136,3292,0
518,34754436710259,34754440708983,19998850,sB-eth3,up,34754440548612,netem,26438924,19278,0,0,0,0,0,25417742,3809,0,25416542,3787,0
519,34754456698461,34754458525731,19988202,sA-eth3,up,34754458357029,netem,22609918,16547,0,0,0,0,0,21522776,3212,0,21735136,3292,0
519,34754456698461,34754460333750,19988202,sB-eth3,up,34754460167008,netem,26438924,19278,0,0,0,0,0,25417742,3809,0,25416542,3787,0
520,34754476716352,34754478641333,20017891,sA-eth3,up,34754478455440,netem,22609918,16547,0,0,0,0,0,21522776,3212,0,21735136,3292,0
520,34754476716352,34754480529923,20017891,sB-eth3,up,34754480371562,netem,26438924,19278,0,0,0,0,0,25417742,3809,0,25416542,3787,0
521,34754496710212,34754498807276,19993860,sA-eth3,up,34754498633893,netem,22609918,16547,0,0,0,0,0,21522776,3212,0,21735136,3292,0
521,34754496710212,34754500733017,19993860,sB-eth3,up,34754500558555,netem,26438924,19278,0,0,0,0,0,25417742,3809,0,25416542,3787,0
522,34754516701443,34754518527203,19991231,sA-eth3,up,34754518361281,netem,22609918,16547,0,0,0,0,0,21522776,3212,0,21735136,3292,0
522,34754516701443,34754520551135,19991231,sB-eth3,up,34754520395404,netem,26438924,19278,0,0,0,0,0,25417742,3809,0,25416542,3787,0
523,34754536715764,34754538546784,20014321,sA-eth3,up,34754538376233,netem,22609918,16547,0,0,0,0,0,21522776,3212,0,21735136,3292,0
523,34754536715764,34754540435055,20014321,sB-eth3,up,34754540261953,netem,26438924,19278,0,0,0,0,0,25417742,3809,0,25416542,3787,0
524,34754556707185,34754558452304,19991421,sA-eth3,up,34754558279773,netem,22609918,16547,0,0,0,0,0,21522776,3212,0,21735136,3292,0
524,34754556707185,34754560347715,19991421,sB-eth3,up,34754560174453,netem,26438924,19278,0,0,0,0,0,25417742,3809,0,25416542,3787,0
525,34754576714346,34754578573056,20007161,sA-eth3,up,34754578401055,netem,22609918,16547,0,0,0,0,0,21522776,3212,0,21735136,3292,0
525,34754576714346,34754580520768,20007161,sB-eth3,up,34754580302955,netem,26438924,19278,0,0,0,0,0,25417742,3809,0,25416542,3787,0
526,34754596711386,34754598594698,19997040,sA-eth3,up,34754598417496,netem,22609918,16547,0,0,0,0,0,21522776,3212,0,21735136,3292,0
526,34754596711386,34754600455438,19997040,sB-eth3,up,34754600295716,netem,26438924,19278,0,0,0,0,0,25417742,3809,0,25416542,3787,0
527,34754616704788,34754618514708,19993402,sA-eth3,up,34754618347665,netem,22609918,16547,0,0,0,0,0,21522776,3212,0,21735136,3292,0
527,34754616704788,34754620250657,19993402,sB-eth3,up,34754620092235,netem,26438924,19278,0,0,0,0,0,25417742,3809,0,25416542,3787,0
528,34754636714079,34754638542229,20009291,sA-eth3,up,34754638376407,netem,22609918,16547,0,0,0,0,0,21522776,3212,0,21735136,3292,0
528,34754636714079,34754640771953,20009291,sB-eth3,up,34754640614581,netem,26438924,19278,0,0,0,0,0,25417742,3809,0,25416542,3787,0
529,34754656712539,34754658588770,19998460,sA-eth3,up,34754658422588,netem,22609918,16547,0,0,0,0,0,21522776,3212,0,21735136,3292,0
529,34754656712539,34754660275108,19998460,sB-eth3,up,34754660121617,netem,26438924,19278,0,0,0,0,0,25417742,3809,0,25416542,3787,0
530,34754676702830,34754678560071,19990291,sA-eth3,up,34754678391789,netem,22609918,16547,0,0,0,0,0,21522776,3212,0,21735136,3292,0
530,34754676702830,34754680244469,19990291,sB-eth3,up,34754680089977,netem,26438924,19278,0,0,0,0,0,25417742,3809,0,25416542,3787,0
531,34754696703981,34754698491971,20001151,sA-eth3,up,34754698331668,netem,22609918,16547,0,0,0,0,0,21522776,3212,0,21735136,3292,0
531,34754696703981,34754700159199,20001151,sB-eth3,up,34754699985517,netem,26438924,19278,0,0,0,0,0,25417742,3809,0,25416542,3787,0
532,34754716722782,34754718586843,20018801,sA-eth3,up,34754718397001,netem,22609918,16547,0,0,0,0,0,21522776,3212,0,21735136,3292,0
532,34754716722782,34754720301422,20018801,sB-eth3,up,34754720130090,netem,26438924,19278,0,0,0,0,0,25417742,3809,0,25416542,3787,0
533,34754736716363,34754738567013,19993581,sA-eth3,up,34754738393331,netem,22609918,16547,0,0,0,0,0,21522776,3212,0,21735136,3292,0
533,34754736716363,34754740263312,19993581,sB-eth3,up,34754740107661,netem,26438924,19278,0,0,0,0,0,25417742,3809,0,25416542,3787,0
534,34754756703264,34754758558644,19986901,sA-eth3,up,34754758387292,netem,22609918,16547,0,0,0,0,0,21522776,3212,0,21735136,3292,0
534,34754756703264,34754761253754,19986901,sB-eth3,up,34754761095822,netem,26438924,19278,0,0,0,0,0,25417742,3809,0,25416542,3787,0
535,34754776703674,34754778560355,20000410,sA-eth3,up,34754778395453,netem,22609918,16547,0,0,0,0,0,21522776,3212,0,21735136,3292,0
535,34754776703674,34754780812180,20000410,sB-eth3,up,34754780652608,netem,26438924,19278,0,0,0,0,0,25417742,3809,0,25416542,3787,0
536,34754796697256,34754798532116,19993582,sA-eth3,up,34754798360424,netem,22609918,16547,0,0,0,0,0,21522776,3212,0,21735136,3292,0
536,34754796697256,34754800249745,19993582,sB-eth3,up,34754800087693,netem,26438924,19278,0,0,0,0,0,25417742,3809,0,25416542,3787,0
537,34754816719256,34754818600098,20022000,sA-eth3,up,34754818422566,netem,22609918,16547,0,0,0,0,0,21522776,3212,0,21735136,3292,0
537,34754816719256,34754820301486,20022000,sB-eth3,up,34754820130635,netem,26438924,19278,0,0,0,0,0,25417742,3809,0,25416542,3787,0
538,34754836706388,34754838559068,19987132,sA-eth3,up,34754838385166,netem,22609918,16547,0,0,0,0,0,21522776,3212,0,21735136,3292,0
538,34754836706388,34754840237636,19987132,sB-eth3,up,34754840081535,netem,26438924,19278,0,0,0,0,0,25417742,3809,0,25416542,3787,0
539,34754856708599,34754858525278,20002211,sA-eth3,up,34754858359956,netem,22609918,16547,0,0,0,0,0,21522776,3212,0,21735136,3292,0
539,34754856708599,34754860178247,20002211,sB-eth3,up,34754860018755,netem,26438924,19278,0,0,0,0,0,25417742,3809,0,25416542,3787,0
540,34754876708499,34754878505769,19999900,sA-eth3,up,34754878340428,netem,22609918,16547,0,0,0,0,0,21522776,3212,0,21735136,3292,0
540,34754876708499,34754880670233,19999900,sB-eth3,up,34754880514081,netem,26438924,19278,0,0,0,0,0,25417742,3809,0,25416542,3787,0
541,34754896707441,34754898585631,19998942,sA-eth3,up,34754898418139,netem,22609918,16547,0,0,0,0,0,21522776,3212,0,21735136,3292,0
541,34754896707441,34754900369570,19998942,sB-eth3,up,34754900205218,netem,26438924,19278,0,0,0,0,0,25417742,3809,0,25416542,3787,0
542,34754916712641,34754918605052,20005200,sA-eth3,up,34754918437340,netem,22609918,16547,0,0,0,0,0,21522776,3212,0,21735136,3292,0
542,34754916712641,34754920852876,20005200,sB-eth3,up,34754920699136,netem,26438924,19278,0,0,0,0,0,25417742,3809,0,25416542,3787,0
543,34754936701472,34754938553233,19988831,sA-eth3,up,34754938391720,netem,22609918,16547,0,0,0,0,0,21522776,3212,0,21735136,3292,0
543,34754936701472,34754940458373,19988831,sB-eth3,up,34754940299722,netem,26438924,19278,0,0,0,0,0,25417742,3809,0,25416542,3787,0
544,34754956703863,34754958542553,20002391,sA-eth3,up,34754958379661,netem,22609918,16547,0,0,0,0,0,21522776,3212,0,21735136,3292,0
544,34754956703863,34754960518155,20002391,sB-eth3,up,34754960367753,netem,26438924,19278,0,0,0,0,0,25417742,3809,0,25416542,3787,0
545,34754976700063,34754978629005,19996200,sA-eth3,up,34754978470553,netem,22609918,16547,0,0,0,0,0,21522776,3212,0,21735136,3292,0
545,34754976700063,34754980419365,19996200,sB-eth3,up,34754980248302,netem,26438924,19278,0,0,0,0,0,25417742,3809,0,25416542,3787,0
546,34754996701684,34754998476204,20001621,sA-eth3,up,34754998309923,netem,22609918,16547,0,0,0,0,0,21522776,3212,0,21735136,3292,0
546,34754996701684,34755000365175,20001621,sB-eth3,up,34755000191173,netem,26438924,19278,0,0,0,0,0,25417742,3809,0,25416542,3787,0
547,34755016701345,34755018496336,19999661,sA-eth3,up,34755018332573,netem,22609918,16547,0,0,0,0,0,21522776,3212,0,21735136,3292,0
547,34755016701345,34755020355585,19999661,sB-eth3,up,34755020188864,netem,26438924,19278,0,0,0,0,0,25417742,3809,0,25416542,3787,0
548,34755036704326,34755038481336,20002981,sA-eth3,up,34755038318943,netem,22609918,16547,0,0,0,0,0,21522776,3212,0,21735136,3292,0
548,34755036704326,34755040278016,20002981,sB-eth3,up,34755040125905,netem,26438924,19278,0,0,0,0,0,25417742,3809,0,25416542,3787,0
549,34755056698777,34755058482498,19994451,sA-eth3,up,34755058321315,netem,22609918,16547,0,0,0,0,0,21522776,3212,0,21735136,3292,0
549,34755056698777,34755060669051,19994451,sB-eth3,up,34755060516370,netem,26438924,19278,0,0,0,0,0,25417742,3809,0,25416542,3787,0
550,34755076706638,34755078491698,20007861,sA-eth3,up,34755078329586,netem,22609918,16547,0,0,0,0,0,21522776,3212,0,21735136,3292,0
550,34755076706638,34755080344388,20007861,sB-eth3,up,34755080170837,netem,26438924,19278,0,0,0,0,0,25417742,3809,0,25416542,3787,0
551,34755096704009,34755098558539,19997371,sA-eth3,up,34755098397448,netem,22609918,16547,0,0,0,0,0,21522776,3212,0,21735136,3292,0
551,34755096704009,34755100410220,19997371,sB-eth3,up,34755100245628,netem,26438924,19278,0,0,0,0,0,25417742,3809,0,25416542,3787,0
552,34755116704830,34755118477550,20000821,sA-eth3,up,34755118316148,netem,22609918,16547,0,0,0,0,0,21522776,3212,0,21735136,3292,0
552,34755116704830,34755120282249,20000821,sB-eth3,up,34755120126858,netem,26438924,19278,0,0,0,0,0,25417742,3809,0,25416542,3787,0
553,34755136698421,34755138886554,19993591,sA-eth3,up,34755138722263,netem,22609918,16547,0,0,0,0,0,21522776,3212,0,21735136,3292,0
553,34755136698421,34755141084449,19993591,sB-eth3,up,34755140907667,netem,26438924,19278,0,0,0,0,0,25417742,3809,0,25416542,3787,0
554,34755156706811,34755158556552,20008390,sA-eth3,up,34755158389980,netem,22609918,16547,0,0,0,0,0,21522776,3212,0,21735136,3292,0
554,34755156706811,34755160762046,20008390,sB-eth3,up,34755160607815,netem,26438924,19278,0,0,0,0,0,25417742,3809,0,25416542,3787,0
555,34755176711632,34755178581853,20004821,sA-eth3,up,34755178416451,netem,22609918,16547,0,0,0,0,0,21522776,3212,0,21735136,3292,0
555,34755176711632,34755180736618,20004821,sB-eth3,up,34755180580166,netem,26438924,19278,0,0,0,0,0,25417742,3809,0,25416542,3787,0
556,34755196699763,34755198664875,19988131,sA-eth3,up,34755198485353,netem,22609918,16547,0,0,0,0,0,21522776,3212,0,21735136,3292,0
556,34755196699763,34755200599906,19988131,sB-eth3,up,34755200427555,netem,26438924,19278,0,0,0,0,0,25417742,3809,0,25416542,3787,0
557,34755216708564,34755218658116,20008801,sA-eth3,up,34755218459243,netem,22609918,16547,0,0,0,0,0,21522776,3212,0,21735136,3292,0
557,34755216708564,34755221116383,20008801,sB-eth3,up,34755220926861,netem,26438924,19278,0,0,0,0,0,25417742,3809,0,25416542,3787,0
558,34755236705826,34755238614816,19997262,sA-eth3,up,34755238437774,netem,22609918,16547,0,0,0,0,0,21522776,3212,0,21735136,3292,0
558,34755236705826,34755240279345,19997262,sB-eth3,up,34755240121533,netem,26438924,19278,0,0,0,0,0,25417742,3809,0,25416542,3787,0
559,34755256717086,34755258549686,20011260,sA-eth3,up,34755258376965,netem,22609918,16547,0,0,0,0,0,21522776,3212,0,21735136,3292,0
559,34755256717086,34755260192765,20011260,sB-eth3,up,34755260035103,netem,26438924,19278,0,0,0,0,0,25417742,3809,0,25416542,3787,0
560,34755276707416,34755278886211,19990330,sA-eth3,up,34755278717919,netem,22609918,16547,0,0,0,0,0,21522776,3212,0,21735136,3292,0
560,34755276707416,34755283250139,19990330,sB-eth3,up,34755283083858,netem,26438924,19278,0,0,0,0,0,25417742,3809,0,25416542,3787,0
561,34755296704948,34755298564848,19997532,sA-eth3,up,34755298384496,netem,22609918,16547,0,0,0,0,0,21522776,3212,0,21735136,3292,0
561,34755296704948,34755300343608,19997532,sB-eth3,up,34755300167906,netem,26438924,19278,0,0,0,0,0,25417742,3809,0,25416542,3787,0
562,34755316702938,34755318500178,19997990,sA-eth3,up,34755318335816,netem,22609918,16547,0,0,0,0,0,21522776,3212,0,21735136,3292,0
562,34755316702938,34755320138787,19997990,sB-eth3,up,34755319969425,netem,26438924,19278,0,0,0,0,0,25417742,3809,0,25416542,3787,0
563,34755336712530,34755338585940,20009592,sA-eth3,up,34755338408158,netem,22609918,16547,0,0,0,0,0,21522776,3212,0,21735136,3292,0
563,34755336712530,34755340603553,20009592,sB-eth3,up,34755340445491,netem,26438924,19278,0,0,0,0,0,25417742,3809,0,25416542,3787,0
564,34755356710781,34755358595651,19998251,sA-eth3,up,34755358431980,netem,22609918,16547,0,0,0,0,0,21522776,3212,0,21735136,3292,0
564,34755356710781,34755360437712,19998251,sB-eth3,up,34755360269580,netem,26438924,19278,0,0,0,0,0,25417742,3809,0,25416542,3787,0
565,34755376705841,34755378941086,19995060,sA-eth3,up,34755378762794,netem,22609918,16547,0,0,0,0,0,21522776,3212,0,21735136,3292,0
565,34755376705841,34755380889148,19995060,sB-eth3,up,34755380723006,netem,26438924,19278,0,0,0,0,0,25417742,3809,0,25416542,3787,0
566,34755396709572,34755398955257,20003731,sA-eth3,up,34755398784666,netem,22609918,16547,0,0,0,0,0,21522776,3212,0,21735136,3292,0
566,34755396709572,34755401050221,20003731,sB-eth3,up,34755400863959,netem,26438924,19278,0,0,0,0,0,25417742,3809,0,25416542,3787,0
567,34755416715374,34755418796406,20005802,sA-eth3,up,34755418621544,netem,22609918,16547,0,0,0,0,0,21522776,3212,0,21735136,3292,0
567,34755416715374,34755420658546,20005802,sB-eth3,up,34755420501365,netem,26438924,19278,0,0,0,0,0,25417742,3809,0,25416542,3787,0
568,34755436710774,34755438691056,19995400,sA-eth3,up,34755438512274,netem,22609918,16547,0,0,0,0,0,21522776,3212,0,21735136,3292,0
568,34755436710774,34755440538646,19995400,sB-eth3,up,34755440379255,netem,26438924,19278,0,0,0,0,0,25417742,3809,0,25416542,3787,0
569,34755456712834,34755458534756,20002060,sA-eth3,up,34755458361263,netem,22609918,16547,0,0,0,0,0,21522776,3212,0,21735136,3292,0
569,34755456712834,34755460256434,20002060,sB-eth3,up,34755460099832,netem,26438924,19278,0,0,0,0,0,25417742,3809,0,25416542,3787,0
570,34755476718466,34755478492636,20005632,sA-eth3,up,34755478310303,netem,22609918,16547,0,0,0,0,0,21522776,3212,0,21735136,3292,0
570,34755476718466,34755480581228,20005632,sB-eth3,up,34755480404676,netem,26438924,19278,0,0,0,0,0,25417742,3809,0,25416542,3787,0
571,34755496723006,34755498609768,20004540,sA-eth3,up,34755498432846,netem,22609918,16547,0,0,0,0,0,21522776,3212,0,21735136,3292,0
571,34755496723006,34755500643070,20004540,sB-eth3,up,34755500479688,netem,26438924,19278,0,0,0,0,0,25417742,3809,0,25416542,3787,0
572,34755516712497,34755518579368,19989491,sA-eth3,up,34755518401506,netem,22609918,16547,0,0,0,0,0,21522776,3212,0,21735136,3292,0
572,34755516712497,34755520678281,19989491,sB-eth3,up,34755520514740,netem,26438924,19278,0,0,0,0,0,25417742,3809,0,25416542,3787,0
573,34755536711088,34755538497868,19998591,sA-eth3,up,34755538327836,netem,22609918,16547,0,0,0,0,0,21522776,3212,0,21735136,3292,0
573,34755536711088,34755540646352,19998591,sB-eth3,up,34755540485720,netem,26438924,19278,0,0,0,0,0,25417742,3809,0,25416542,3787,0
574,34755556713349,34755558575021,20002261,sA-eth3,up,34755558400758,netem,22609918,16547,0,0,0,0,0,21522776,3212,0,21735136,3292,0
574,34755556713349,34755560684653,20002261,sB-eth3,up,34755560525141,netem,26438924,19278,0,0,0,0,0,25417742,3809,0,25416542,3787,0
575,34755576713350,34755578616881,20000001,sA-eth3,up,34755578402089,netem,22609918,16547,0,0,0,0,0,21522776,3212,0,21735136,3292,0
575,34755576713350,34755580816386,20000001,sB-eth3,up,34755580603053,netem,26438924,19278,0,0,0,0,0,25417742,3809,0,25416542,3787,0
576,34755596713061,34755598696264,19999711,sA-eth3,up,34755598515021,netem,22609918,16547,0,0,0,0,0,21522776,3212,0,21735136,3292,0
576,34755596713061,34755600723466,19999711,sB-eth3,up,34755600558583,netem,26438924,19278,0,0,0,0,0,25417742,3809,0,25416542,3787,0
577,34755616714342,34755618713984,20001281,sA-eth3,up,34755618533162,netem,22609918,16547,0,0,0,0,0,21522776,3212,0,21735136,3292,0
577,34755616714342,34755620668786,20001281,sB-eth3,up,34755620504434,netem,26438924,19278,0,0,0,0,0,25417742,3809,0,25416542,3787,0
578,34755636702003,34755638589424,19987661,sA-eth3,up,34755638422872,netem,22609918,16547,0,0,0,0,0,21522776,3212,0,21735136,3292,0
578,34755636702003,34755640728277,19987661,sB-eth3,up,34755640564306,netem,26438924,19278,0,0,0,0,0,25417742,3809,0,25416542,3787,0
579,34755656701144,34755658549294,19999141,sA-eth3,up,34755658374762,netem,22609918,16547,0,0,0,0,0,21522776,3212,0,21735136,3292,0
579,34755656701144,34755660627067,19999141,sB-eth3,up,34755660465426,netem,26438924,19278,0,0,0,0,0,25417742,3809,0,25416542,3787,0
580,34755676710214,34755678619916,20009070,sA-eth3,up,34755678450994,netem,22609918,16547,0,0,0,0,0,21522776,3212,0,21735136,3292,0
580,34755676710214,34755680477436,20009070,sB-eth3,up,34755680324415,netem,26438924,19278,0,0,0,0,0,25417742,3809,0,25416542,3787,0
581,34755696700486,34755698526876,19990272,sA-eth3,up,34755698362944,netem,22609918,16547,0,0,0,0,0,21522776,3212,0,21735136,3292,0
581,34755696700486,34755700412366,19990272,sB-eth3,up,34755700240535,netem,26438924,19278,0,0,0,0,0,25417742,3809,0,25416542,3787,0
582,34755716700876,34755718559627,20000390,sA-eth3,up,34755718394285,netem,22609918,16547,0,0,0,0,0,21522776,3212,0,21735136,3292,0
582,34755716700876,34755720418738,20000390,sB-eth3,up,34755720231595,netem,26438924,19278,0,0,0,0,0,25417742,3809,0,25416542,3787,0
583,34755736709058,34755738567668,20008182,sA-eth3,up,34755738397036,netem,22609918,16547,0,0,0,0,0,21522776,3212,0,21735136,3292,0
583,34755736709058,34755740454938,20008182,sB-eth3,up,34755740253886,netem,26438924,19278,0,0,0,0,0,25417742,3809,0,25416542,3787,0
584,34755756721459,34755758713700,20012401,sA-eth3,up,34755758511508,netem,22609918,16547,0,0,0,0,0,21522776,3212,0,21735136,3292,0
584,34755756721459,34755761111486,20012401,sB-eth3,up,34755760926514,netem,26438924,19278,0,0,0,0,0,25417742,3809,0,25416542,3787,0
585,34755776706409,34755778897963,19984950,sA-eth3,up,34755778731401,netem,22609918,16547,0,0,0,0,0,21522776,3212,0,21735136,3292,0
585,34755776706409,34755780869486,19984950,sB-eth3,up,34755780705133,netem,26438924,19278,0,0,0,0,0,25417742,3809,0,25416542,3787,0
586,34755796708020,34755798684811,20001611,sA-eth3,up,34755798511290,netem,22609918,16547,0,0,0,0,0,21522776,3212,0,21735136,3292,0
586,34755796708020,34755800544642,20001611,sB-eth3,up,34755800363000,netem,26438924,19278,0,0,0,0,0,25417742,3809,0,25416542,3787,0
587,34755816705931,34755818587052,19997911,sA-eth3,up,34755818396699,netem,22609918,16547,0,0,0,0,0,21522776,3212,0,21735136,3292,0
587,34755816705931,34755820461793,19997911,sB-eth3,up,34755820299090,netem,26438924,19278,0,0,0,0,0,25417742,3809,0,25416542,3787,0
588,34755836710062,34755838520771,20004131,sA-eth3,up,34755838351871,netem,22609918,16547,0,0,0,0,0,21522776,3212,0,21735136,3292,0
588,34755836710062,34755840422383,20004131,sB-eth3,up,34755840249351,netem,26438924,19278,0,0,0,0,0,25417742,3809,0,25416542,3787,0
589,34755856710612,34755858553343,20000550,sA-eth3,up,34755858391521,netem,22609918,16547,0,0,0,0,0,21522776,3212,0,21735136,3292,0
589,34755856710612,34755860388323,20000550,sB-eth3,up,34755860218021,netem,26438924,19278,0,0,0,0,0,25417742,3809,0,25416542,3787,0
590,34755876710794,34755878522453,20000182,sA-eth3,up,34755878348961,netem,22609918,16547,0,0,0,0,0,21522776,3212,0,21735136,3292,0
590,34755876710794,34755880360054,20000182,sB-eth3,up,34755880186362,netem,26438924,19278,0,0,0,0,0,25417742,3809,0,25416542,3787,0
591,34755896703494,34755898545934,19992700,sA-eth3,up,34755898378673,netem,22609918,16547,0,0,0,0,0,21522776,3212,0,21735136,3292,0
591,34755896703494,34755900277543,19992700,sB-eth3,up,34755900121753,netem,26438924,19278,0,0,0,0,0,25417742,3809,0,25416542,3787,0
592,34755916716355,34755918565016,20012861,sA-eth3,up,34755918393204,netem,22609918,16547,0,0,0,0,0,21522776,3212,0,21735136,3292,0
592,34755916716355,34755920297985,20012861,sB-eth3,up,34755920129763,netem,26438924,19278,0,0,0,0,0,25417742,3809,0,25416542,3787,0
593,34755936717026,34755938620197,20000671,sA-eth3,up,34755938443596,netem,22609918,16547,0,0,0,0,0,21522776,3212,0,21735136,3292,0
593,34755936717026,34755940368076,20000671,sB-eth3,up,34755940177655,netem,26438924,19278,0,0,0,0,0,25417742,3809,0,25416542,3787,0
594,34755956705327,34755958576148,19988301,sA-eth3,up,34755958403666,netem,22609918,16547,0,0,0,0,0,21522776,3212,0,21735136,3292,0
594,34755956705327,34755960271146,19988301,sB-eth3,up,34755960105205,netem,26438924,19278,0,0,0,0,0,25417742,3809,0,25416542,3787,0
595,34755976701439,34755978627699,19996112,sA-eth3,up,34755978458417,netem,22609918,16547,0,0,0,0,0,21522776,3212,0,21735136,3292,0
595,34755976701439,34755980316438,19996112,sB-eth3,up,34755980148046,netem,26438924,19278,0,0,0,0,0,25417742,3809,0,25416542,3787,0
596,34755996704679,34755998526979,20003240,sA-eth3,up,34755998365626,netem,22609918,16547,0,0,0,0,0,21522776,3212,0,21735136,3292,0
596,34755996704679,34756000672213,20003240,sB-eth3,up,34756000514301,netem,26438924,19278,0,0,0,0,0,25417742,3809,0,25416542,3787,0
597,34756016711120,34756018648851,20006441,sA-eth3,up,34756018477229,netem,22609918,16547,0,0,0,0,0,21522776,3212,0,21735136,3292,0
597,34756016711120,34756020500931,20006441,sB-eth3,up,34756020341780,netem,26438924,19278,0,0,0,0,0,25417742,3809,0,25416542,3787,0
598,34756036707911,34756038638351,19996791,sA-eth3,up,34756038473041,netem,22609918,16547,0,0,0,0,0,21522776,3212,0,21735136,3292,0
598,34756036707911,34756040438922,19996791,sB-eth3,up,34756040265600,netem,26438924,19278,0,0,0,0,0,25417742,3809,0,25416542,3787,0
599,34756056709122,34756058687803,20001211,sA-eth3,up,34756058517001,netem,22609918,16547,0,0,0,0,0,21522776,3212,0,21735136,3292,0
599,34756056709122,34756060955969,20001211,sB-eth3,up,34756060793817,netem,26438924,19278,0,0,0,0,0,25417742,3809,0,25416542,3787,0
600,34756076705842,34756078956417,19996720,sA-eth3,up,34756078762535,netem,22609918,16547,0,0,0,0,0,21522776,3212,0,21735136,3292,0
600,34756076705842,34756080958559,19996720,sB-eth3,up,34756080800228,netem,26438924,19278,0,0,0,0,0,25417742,3809,0,25416542,3787,0
601,34756096705964,34756098760096,20000122,sA-eth3,up,34756098585184,netem,22609918,16547,0,0,0,0,0,21522776,3212,0,21735136,3292,0
601,34756096705964,34756100632496,20000122,sB-eth3,up,34756100469505,netem,26438924,19278,0,0,0,0,0,25417742,3809,0,25416542,3787,0
602,34756116705954,34756118843387,19999990,sA-eth3,up,34756118651436,netem,22609918,16547,0,0,0,0,0,21522776,3212,0,21735136,3292,0
602,34756116705954,34756120726698,19999990,sB-eth3,up,34756120567336,netem,26438924,19278,0,0,0,0,0,25417742,3809,0,25416542,3787,0
603,34756136707485,34756138992340,20001531,sA-eth3,up,34756138819929,netem,22609918,16547,0,0,0,0,0,21522776,3212,0,21735136,3292,0
603,34756136707485,34756140988262,20001531,sB-eth3,up,34756140824951,netem,26438924,19278,0,0,0,0,0,25417742,3809,0,25416542,3787,0
604,34756156706316,34756158950501,19998831,sA-eth3,up,34756158760929,netem,22609918,16547,0,0,0,0,0,21522776,3212,0,21735136,3292,0
604,34756156706316,34756161158735,19998831,sB-eth3,up,34756160971893,netem,26438924,19278,0,0,0,0,0,25417742,3809,0,25416542,3787,0
605,34756176709647,34756178720539,20003331,sA-eth3,up,34756178547827,netem,22609918,16547,0,0,0,0,0,21522776,3212,0,21735136,3292,0
605,34756176709647,34756181045375,20003331,sB-eth3,up,34756180839642,netem,26438924,19278,0,0,0,0,0,25417742,3809,0,25416542,3787,0
606,34756196704047,34756198693599,19994400,sA-eth3,up,34756198523968,netem,22609918,16547,0,0,0,0,0,21522776,3212,0,21735136,3292,0
606,34756196704047,34756200572371,19994400,sB-eth3,up,34756200411829,netem,26438924,19278,0,0,0,0,0,25417742,3809,0,25416542,3787,0
607,34756216710349,34756218699541,20006302,sA-eth3,up,34756218526349,netem,22609918,16547,0,0,0,0,0,21522776,3212,0,21735136,3292,0
607,34756216710349,34756220560881,20006302,sB-eth3,up,34756220398439,netem,26438924,19278,0,0,0,0,0,25417742,3809,0,25416542,3787,0
608,34756236707510,34756238665951,19997161,sA-eth3,up,34756238481789,netem,22609918,16547,0,0,0,0,0,21522776,3212,0,21735136,3292,0
608,34756236707510,34756240519952,19997161,sB-eth3,up,34756240360180,netem,26438924,19278,0,0,0,0,0,25417742,3809,0,25416542,3787,0
609,34756256720701,34756258687702,20013191,sA-eth3,up,34756258495361,netem,22609918,16547,0,0,0,0,0,21522776,3212,0,21735136,3292,0
609,34756256720701,34756261048229,20013191,sB-eth3,up,34756260860476,netem,26438924,19278,0,0,0,0,0,25417742,3809,0,25416542,3787,0
610,34756276704261,34756278664363,19983560,sA-eth3,up,34756278495701,netem,22609918,16547,0,0,0,0,0,21522776,3212,0,21735136,3292,0
610,34756276704261,34756280548854,19983560,sB-eth3,up,34756280388642,netem,26438924,19278,0,0,0,0,0,25417742,3809,0,25416542,3787,0
611,34756296708412,34756298606743,20004151,sA-eth3,up,34756298429831,netem,22609918,16547,0,0,0,0,0,21522776,3212,0,21735136,3292,0
611,34756296708412,34756300525854,20004151,sB-eth3,up,34756300362073,netem,26438924,19278,0,0,0,0,0,25417742,3809,0,25416542,3787,0
612,34756316716693,34756318618214,20008281,sA-eth3,up,34756318423182,netem,22609918,16547,0,0,0,0,0,21522776,3212,0,21735136,3292,0
612,34756316716693,34756321040401,20008281,sB-eth3,up,34756320850699,netem,26438924,19278,0,0,0,0,0,25417742,3809,0,25416542,3787,0
613,34756336710834,34756338887878,19994141,sA-eth3,up,34756338709316,netem,22609918,16547,0,0,0,0,0,21522776,3212,0,21735136,3292,0
613,34756336710834,34756340749429,19994141,sB-eth3,up,34756340568876,netem,26438924,19278,0,0,0,0,0,25417742,3809,0,25416542,3787,0
614,34756356706395,34756358560736,19995561,sA-eth3,up,34756358393894,netem,22609918,16547,0,0,0,0,0,21522776,3212,0,21735136,3292,0
614,34756356706395,34756360543357,19995561,sB-eth3,up,34756360372615,netem,26438924,19278,0,0,0,0,0,25417742,3809,0,25416542,3787,0
615,34756376706896,34756378468926,20000501,sA-eth3,up,34756378298653,netem,22609918,16547,0,0,0,0,0,21522776,3212,0,21735136,3292,0
615,34756376706896,34756380540448,20000501,sB-eth3,up,34756380378256,netem,26438924,19278,0,0,0,0,0,25417742,3809,0,25416542,3787,0
616,34756396702557,34756398880411,19995661,sA-eth3,up,34756398713499,netem,22609918,16547,0,0,0,0,0,21522776,3212,0,21735136,3292,0
616,34756396702557,34756401154496,19995661,sB-eth3,up,34756400975174,netem,26438924,19278,0,0,0,0,0,25417742,3809,0,25416542,3787,0
617,34756416706067,34756418771500,20003510,sA-eth3,up,34756418582978,netem,22609918,16547,0,0,0,0,0,21522776,3212,0,21735136,3292,0
617,34756416706067,34756420999844,20003510,sB-eth3,up,34756420841563,netem,26438924,19278,0,0,0,0,0,25417742,3809,0,25416542,3787,0
618,34756436710759,34756438930583,20004692,sA-eth3,up,34756438763821,netem,22609918,16547,0,0,0,0,0,21522776,3212,0,21735136,3292,0
618,34756436710759,34756441029096,20004692,sB-eth3,up,34756440849004,netem,26438924,19278,0,0,0,0,0,25417742,3809,0,25416542,3787,0
619,34756456702719,34756458728082,19991960,sA-eth3,up,34756458547159,netem,22609918,16547,0,0,0,0,0,21522776,3212,0,21735136,3292,0
619,34756456702719,34756460973086,19991960,sB-eth3,up,34756460794444,netem,26438924,19278,0,0,0,0,0,25417742,3809,0,25416542,3787,0
620,34756476730711,34756478789563,20027992,sA-eth3,up,34756478621721,netem,22609918,16547,0,0,0,0,0,21522776,3212,0,21735136,3292,0
620,34756476730711,34756480617524,20027992,sB-eth3,up,34756480459141,netem,26438924,19278,0,0,0,0,0,25417742,3809,0,25416542,3787,0
621,34756496702801,34756498742204,19972090,sA-eth3,up,34756498573981,netem,22609918,16547,0,0,0,0,0,21522776,3212,0,21735136,3292,0
621,34756496702801,34756500537813,19972090,sB-eth3,up,34756500372121,netem,26438924,19278,0,0,0,0,0,25417742,3809,0,25416542,3787,0
622,34756516713272,34756518565182,20010471,sA-eth3,up,34756518396021,netem,22609918,16547,0,0,0,0,0,21522776,3212,0,21735136,3292,0
622,34756516713272,34756520712306,20010471,sB-eth3,up,34756520550074,netem,26438924,19278,0,0,0,0,0,25417742,3809,0,25416542,3787,0
623,34756536703392,34756538485072,19990120,sA-eth3,up,34756538317611,netem,22609918,16547,0,0,0,0,0,21522776,3212,0,21735136,3292,0
623,34756536703392,34756540524574,19990120,sB-eth3,up,34756540345423,netem,26438924,19278,0,0,0,0,0,25417742,3809,0,25416542,3787,0
624,34756556704134,34756558529094,20000742,sA-eth3,up,34756558341731,netem,22609918,16547,0,0,0,0,0,21522776,3212,0,21735136,3292,0
624,34756556704134,34756560608777,20000742,sB-eth3,up,34756560443214,netem,26438924,19278,0,0,0,0,0,25417742,3809,0,25416542,3787,0
625,34756576711065,34756578534314,20006931,sA-eth3,up,34756578361953,netem,22609918,16547,0,0,0,0,0,21522776,3212,0,21735136,3292,0
625,34756576711065,34756580446566,20006931,sB-eth3,up,34756580261604,netem,26438924,19278,0,0,0,0,0,25417742,3809,0,25416542,3787,0
626,34756596718665,34756598552006,20007600,sA-eth3,up,34756598375114,netem,22609918,16547,0,0,0,0,0,21522776,3212,0,21735136,3292,0
626,34756596718665,34756600217844,20007600,sB-eth3,up,34756600057543,netem,26438924,19278,0,0,0,0,0,25417742,3809,0,25416542,3787,0
627,34756616704707,34756618473476,19986042,sA-eth3,up,34756618302684,netem,22609918,16547,0,0,0,0,0,21522776,3212,0,21735136,3292,0
627,34756616704707,34756620135334,19986042,sB-eth3,up,34756619956543,netem,26438924,19278,0,0,0,0,0,25417742,3809,0,25416542,3787,0
628,34756636707647,34756638507727,20002940,sA-eth3,up,34756638315124,netem,22609918,16547,0,0,0,0,0,21522776,3212,0,21735136,3292,0
628,34756636707647,34756640177176,20002940,sB-eth3,up,34756639977263,netem,26438924,19278,0,0,0,0,0,25417742,3809,0,25416542,3787,0
629,34756656712498,34756658923592,20004851,sA-eth3,up,34756658752931,netem,22609918,16547,0,0,0,0,0,21522776,3212,0,21735136,3292,0
629,34756656712498,34756661191547,20004851,sB-eth3,up,34756661032026,netem,26438924,19278,0,0,0,0,0,25417812,3810,0,25416542,3787,0
630,34756676715299,34756678607779,20002801,sA-eth3,up,34756678425588,netem,22609918,16547,0,0,0,0,0,21522776,3212,0,21735136,3292,0
630,34756676715299,34756680808074,20002801,sB-eth3,up,34756680637682,netem,26438924,19278,0,0,0,0,0,25417812,3810,0,25416542,3787,0
631,34756696706920,34756698580000,19991621,sA-eth3,up,34756698407918,netem,22609918,16547,0,0,0,0,0,21522776,3212,0,21735136,3292,0
631,34756696706920,34756700803464,19991621,sB-eth3,up,34756700619763,netem,26438924,19278,0,0,0,0,0,25417812,3810,0,25416542,3787,0
632,34756716709891,34756718563411,20002971,sA-eth3,up,34756718394829,netem,22609918,16547,0,0,0,0,0,21522776,3212,0,21735136,3292,0
632,34756716709891,34756720780296,20002971,sB-eth3,up,34756720620994,netem,26438924,19278,0,0,0,0,0,25417812,3810,0,25416542,3787,0
633,34756736704562,34756738530332,19994671,sA-eth3,up,34756738366860,netem,22609918,16547,0,0,0,0,0,21522776,3212,0,21735136,3292,0
633,34756736704562,34756740689446,19994671,sB-eth3,up,34756740536634,netem,26438924,19278,0,0,0,0,0,25417812,3810,0,25416542,3787,0
634,34756756709642,34756758568252,20005080,sA-eth3,up,34756758396261,netem,22609918,16547,0,0,0,0,0,21522776,3212,0,21735136,3292,0
634,34756756709642,34756760841407,20005080,sB-eth3,up,34756760680236,netem,26438924,19278,0,0,0,0,0,25417812,3810,0,25416542,3787,0
635,34756776708273,34756778604154,19998631,sA-eth3,up,34756778433622,netem,22609918,16547,0,0,0,0,0,21522776,3212,0,21735136,3292,0
635,34756776708273,34756780447034,19998631,sB-eth3,up,34756780291233,netem,26438924,19278,0,0,0,0,0,25417812,3810,0,25416542,3787,0
636,34756796703415,34756798509104,19995142,sA-eth3,up,34756798347312,netem,22609918,16547,0,0,0,0,0,21522776,3212,0,21735136,3292,0
636,34756796703415,34756800294643,19995142,sB-eth3,up,34756800132961,netem,26438924,19278,0,0,0,0,0,25417812,3810,0,25416542,3787,0
637,34756816698915,34756818508555,19995500,sA-eth3,up,34756818349734,netem,22609918,16547,0,0,0,0,0,21522776,3212,0,21735136,3292,0
637,34756816698915,34756820320885,19995500,sB-eth3,up,34756820159053,netem,26438924,19278,0,0,0,0,0,25417812,3810,0,25416542,3787,0
638,34756836702936,34756838541406,20004021,sA-eth3,up,34756838377224,netem,22609918,16547,0,0,0,0,0,21522776,3212,0,21735136,3292,0
638,34756836702936,34756840359646,20004021,sB-eth3,up,34756840197184,netem,26438924,19278,0,0,0,0,0,25417812,3810,0,25416542,3787,0
639,34756856705477,34756858532097,20002541,sA-eth3,up,34756858366625,netem,22609918,16547,0,0,0,0,0,21522776,3212,0,21735136,3292,0
639,34756856705477,34756860181756,20002541,sB-eth3,up,34756860026723,netem,26438924,19278,0,0,0,0,0,25417812,3810,0,25416542,3787,0
640,34756876699178,34756878443247,19993701,sA-eth3,up,34756878276854,netem,22609918,16547,0,0,0,0,0,21522776,3212,0,21735136,3292,0
640,34756876699178,34756880340968,19993701,sB-eth3,up,34756880172116,netem,26438924,19278,0,0,0,0,0,25417812,3810,0,25416542,3787,0
641,34756896700349,34756898442827,20001171,sA-eth3,up,34756898269276,netem,22609918,16547,0,0,0,0,0,21522776,3212,0,21735136,3292,0
641,34756896700349,34756900104686,20001171,sB-eth3,up,34756899931144,netem,26438924,19278,0,0,0,0,0,25417812,3810,0,25416542,3787,0
642,34756916706809,34756918460829,20006460,sA-eth3,up,34756918298857,netem,22609918,16547,0,0,0,0,0,21522776,3212,0,21735136,3292,0
642,34756916706809,34756920141488,20006460,sB-eth3,up,34756919972466,netem,26438924,19278,0,0,0,0,0,25417812,3810,0,25416542,3787,0
643,34756936706210,34756938496420,19999401,sA-eth3,up,34756938327539,netem,22609918,16547,0,0,0,0,0,21522776,3212,0,21735136,3292,0
643,34756936706210,34756940146898,19999401,sB-eth3,up,34756939977736,netem,26438924,19278,0,0,0,0,0,25417812,3810,0,25416542,3787,0
644,34756956704251,34756958864715,19998041,sA-eth3,up,34756958703574,netem,22609918,16547,0,0,0,0,0,21522776,3212,0,21735136,3292,0
644,34756956704251,34756960497403,19998041,sB-eth3,up,34756960332591,netem,26438924,19278,0,0,0,0,0,25417812,3810,0,25416542,3787,0
645,34756976702422,34756978879837,19998171,sA-eth3,up,34756978712124,netem,22609918,16547,0,0,0,0,0,21522776,3212,0,21735136,3292,0
645,34756976702422,34756981629617,19998171,sB-eth3,up,34756981471435,netem,26438924,19278,0,0,0,0,0,25417812,3810,0,25416542,3787,0
646,34756996701492,34756998602344,19999070,sA-eth3,up,34756998433382,netem,22609918,16547,0,0,0,0,0,21522776,3212,0,21735136,3292,0
646,34756996701492,34757000474004,19999070,sB-eth3,up,34757000312623,netem,26438924,19278,0,0,0,0,0,25417812,3810,0,25416542,3787,0
647,34757016707624,34757018560465,20006132,sA-eth3,up,34757018389282,netem,22609918,16547,0,0,0,0,0,21522776,3212,0,21735136,3292,0
647,34757016707624,34757020499586,20006132,sB-eth3,up,34757020317904,netem,26438924,19278,0,0,0,0,0,25417812,3810,0,25416542,3787,0
648,34757036717795,34757038547395,20010171,sA-eth3,up,34757038380974,netem,22609918,16547,0,0,0,0,0,21522776,3212,0,21735136,3292,0
648,34757036717795,34757040398156,20010171,sB-eth3,up,34757040222984,netem,26438924,19278,0,0,0,0,0,25417812,3810,0,25416542,3787,0
649,34757056716155,34757058530576,19998360,sA-eth3,up,34757058360444,netem,22609918,16547,0,0,0,0,0,21522776,3212,0,21735136,3292,0
649,34757056716155,34757060355366,19998360,sB-eth3,up,34757060174534,netem,26438924,19278,0,0,0,0,0,25417812,3810,0,25416542,3787,0
650,34757076706367,34757078533017,19990212,sA-eth3,up,34757078362325,netem,22609918,16547,0,0,0,0,0,21522776,3212,0,21735136,3292,0
650,34757076706367,34757080399807,19990212,sB-eth3,up,34757080224076,netem,26438924,19278,0,0,0,0,0,25417812,3810,0,25416542,3787,0
651,34757096713777,34757098591069,20007410,sA-eth3,up,34757098421376,netem,22609918,16547,0,0,0,0,0,21522776,3212,0,21735136,3292,0
651,34757096713777,34757100231607,20007410,sB-eth3,up,34757100069905,netem,26438924,19278,0,0,0,0,0,25417812,3810,0,25416542,3787,0
652,34757116709708,34757118500899,19995931,sA-eth3,up,34757118334176,netem,22609918,16547,0,0,0,0,0,21522776,3212,0,21735136,3292,0
652,34757116709708,34757120163316,19995931,sB-eth3,up,34757119965254,netem,26438924,19278,0,0,0,0,0,25417812,3810,0,25416542,3787,0
653,34757136711829,34757138494729,20002121,sA-eth3,up,34757138323027,netem,22609918,16547,0,0,0,0,0,21522776,3212,0,21735136,3292,0
653,34757136711829,34757140152428,20002121,sB-eth3,up,34757139973086,netem,26438924,19278,0,0,0,0,0,25417812,3810,0,25416542,3787,0
654,34757156727070,34757159051556,20015241,sA-eth3,up,34757158848704,netem,22609918,16547,0,0,0,0,0,21522776,3212,0,21735136,3292,0
654,34757156727070,34757160842876,20015241,sB-eth3,up,34757160673514,netem,26438924,19278,0,0,0,0,0,25417812,3810,0,25416542,3787,0
655,34757176710892,34757178533641,19983822,sA-eth3,up,34757178359869,netem,22610124,16550,0,0,0,0,0,21522776,3212,0,21735342,3295,0
655,34757176710892,34757180495854,19983822,sB-eth3,up,34757180333651,netem,26438924,19278,0,0,0,0,0,25417812,3810,0,25416542,3787,0
656,34757196705052,34757198538452,19994160,sA-eth3,up,34757198368360,netem,22610124,16550,0,0,0,0,0,21522776,3212,0,21735342,3295,0
656,34757196705052,34757200415573,19994160,sB-eth3,up,34757200241561,netem,26438924,19278,0,0,0,0,0,25417812,3810,0,25416542,3787,0
657,34757216708872,34757218518652,20003820,sA-eth3,up,34757218346621,netem,22610124,16550,0,0,0,0,0,21522776,3212,0,21735342,3295,0
657,34757216708872,34757220355894,20003820,sB-eth3,up,34757220177811,netem,26438924,19278,0,0,0,0,0,25417812,3810,0,25416542,3787,0
658,34757236708414,34757238588204,19999542,sA-eth3,up,34757238417012,netem,22610124,16550,0,0,0,0,0,21522776,3212,0,21735342,3295,0
658,34757236708414,34757240413284,19999542,sB-eth3,up,34757240224883,netem,26438924,19278,0,0,0,0,0,25417812,3810,0,25416542,3787,0
659,34757256718375,34757258509824,20009961,sA-eth3,up,34757258344512,netem,22610124,16550,0,0,0,0,0,21522776,3212,0,21735342,3295,0
659,34757256718375,34757260410786,20009961,sB-eth3,up,34757260235774,netem,26438924,19278,0,0,0,0,0,25417812,3810,0,25416542,3787,0
660,34757276720305,34757278631487,20001930,sA-eth3,up,34757278456234,netem,22610124,16550,0,0,0,0,0,21522776,3212,0,21735342,3295,0
660,34757276720305,34757280506647,20001930,sB-eth3,up,34757280346466,netem,26438924,19278,0,0,0,0,0,25417812,3810,0,25416542,3787,0
661,34757296714117,34757298577247,19993812,sA-eth3,up,34757298407605,netem,22610124,16550,0,0,0,0,0,21522776,3212,0,21735342,3295,0
661,34757296714117,34757300356166,19993812,sB-eth3,up,34757300184296,netem,26438924,19278,0,0,0,0,0,25417812,3810,0,25416542,3787,0
662,34757316705517,34757318529367,19991400,sA-eth3,up,34757318344076,netem,22610124,16550,0,0,0,0,0,21522776,3212,0,21735342,3295,0
662,34757316705517,34757320206006,19991400,sB-eth3,up,34757320039734,netem,26438924,19278,0,0,0,0,0,25417812,3810,0,25416542,3787,0
663,34757336705698,34757338493898,20000181,sA-eth3,up,34757338326516,netem,22610124,16550,0,0,0,0,0,21522776,3212,0,21735342,3295,0
663,34757336705698,34757340467829,20000181,sB-eth3,up,34757340311358,netem,26438924,19278,0,0,0,0,0,25417812,3810,0,25416542,3787,0
664,34757356711509,34757358961324,20005811,sA-eth3,up,34757358773502,netem,22610124,16550,0,0,0,0,0,21522776,3212,0,21735342,3295,0
664,34757356711509,34757361065847,20005811,sB-eth3,up,34757360877755,netem,26438924,19278,0,0,0,0,0,25417812,3810,0,25416542,3787,0
665,34757376702500,34757378659172,19990991,sA-eth3,up,34757378490490,netem,22610124,16550,0,0,0,0,0,21522776,3212,0,21735342,3295,0
665,34757376702500,34757380579473,19990991,sB-eth3,up,34757380424261,netem,26438924,19278,0,0,0,0,0,25417812,3810,0,25416542,3787,0
666,34757396714461,34757398511521,20011961,sA-eth3,up,34757398336829,netem,22610124,16550,0,0,0,0,0,21522776,3212,0,21735342,3295,0
666,34757396714461,34757400384781,20011961,sB-eth3,up,34757400204719,netem,26438924,19278,0,0,0,0,0,25417812,3810,0,25416542,3787,0
667,34757416711742,34757418581232,19997281,sA-eth3,up,34757418406711,netem,22610124,16550,0,0,0,0,0,21522776,3212,0,21735342,3295,0
667,34757416711742,34757420392192,19997281,sB-eth3,up,34757420225301,netem,26438924,19278,0,0,0,0,0,25417812,3810,0,25416542,3787,0
668,34757436702963,34757438595594,19991221,sA-eth3,up,34757438427302,netem,22610124,16550,0,0,0,0,0,21522776,3212,0,21735342,3295,0
668,34757436702963,34757440334143,19991221,sB-eth3,up,34757440150601,netem,26438924,19278,0,0,0,0,0,25417812,3810,0,25416542,3787,0
669,34757456710353,34757458565684,20007390,sA-eth3,up,34757458397992,netem,22610124,16550,0,0,0,0,0,21522776,3212,0,21735342,3295,0
669,34757456710353,34757460225153,20007390,sB-eth3,up,34757460070251,netem,26438924,19278,0,0,0,0,0,25417812,3810,0,25416542,3787,0
670,34757476705255,34757478495464,19994902,sA-eth3,up,34757478321702,netem,22610124,16550,0,0,0,0,0,21522776,3212,0,21735342,3295,0
670,34757476705255,34757480550707,19994902,sB-eth3,up,34757480388775,netem,26438924,19278,0,0,0,0,0,25417812,3810,0,25416542,3787,0
671,34757496704605,34757498781557,19999350,sA-eth3,up,34757498529325,netem,22610124,16550,0,0,0,0,0,21522776,3212,0,21735342,3295,0
671,34757496704605,34757500686289,19999350,sB-eth3,up,34757500517897,netem,26438924,19278,0,0,0,0,0,25417812,3810,0,25416542,3787,0
672,34757516719707,34757518704138,20015102,sA-eth3,up,34757518532486,netem,22610124,16550,0,0,0,0,0,21522776,3212,0,21735342,3295,0
672,34757516719707,34757520584299,20015102,sB-eth3,up,34757520422337,netem,26438924,19278,0,0,0,0,0,25417812,3810,0,25416542,3787,0
673,34757536704607,34757538552077,19984900,sA-eth3,up,34757538389636,netem,22610124,16550,0,0,0,0,0,21522776,3212,0,21735342,3295,0
673,34757536704607,34757540357477,19984900,sB-eth3,up,34757540190646,netem,26438924,19278,0,0,0,0,0,25417812,3810,0,25416542,3787,0
674,34757556704568,34757558520599,19999961,sA-eth3,up,34757558348016,netem,22610124,16550,0,0,0,0,0,21522776,3212,0,21735342,3295,0
674,34757556704568,34757560361689,19999961,sB-eth3,up,34757560188146,netem,26438924,19278,0,0,0,0,0,25417812,3810,0,25416542,3787,0
675,34757576702789,34757578518859,19998221,sA-eth3,up,34757578352657,netem,22610124,16550,0,0,0,0,0,21522776,3212,0,21735342,3295,0
675,34757576702789,34757580361499,19998221,sB-eth3,up,34757580188457,netem,26438924,19278,0,0,0,0,0,25417812,3810,0,25416542,3787,0
676,34757596708690,34757598570410,20005901,sA-eth3,up,34757598396289,netem,22610124,16550,0,0,0,0,0,21522776,3212,0,21735342,3295,0
676,34757596708690,34757600894476,20005901,sB-eth3,up,34757600722144,netem,26438924,19278,0,0,0,0,0,25417812,3810,0,25416542,3787,0
677,34757616718010,34757618639452,20009320,sA-eth3,up,34757618449630,netem,22610124,16550,0,0,0,0,0,21522776,3212,0,21735342,3295,0
677,34757616718010,34757620383961,20009320,sB-eth3,up,34757620211939,netem,26438924,19278,0,0,0,0,0,25417812,3810,0,25416542,3787,0
678,34757636707282,34757638460081,19989272,sA-eth3,up,34757638291289,netem,22610124,16550,0,0,0,0,0,21522776,3212,0,21735342,3295,0
678,34757636707282,34757641060160,19989272,sB-eth3,up,34757640881397,netem,26438924,19278,0,0,0,0,0,25417812,3810,0,25416542,3787,0
679,34757656707002,34757658516662,19999720,sA-eth3,up,34757658349511,netem,22610124,16550,0,0,0,0,0,21522776,3212,0,21735342,3295,0
679,34757656707002,34757660826217,19999720,sB-eth3,up,34757660669357,netem,26438924,19278,0,0,0,0,0,25417812,3810,0,25416542,3787,0
680,34757676706413,34757678517254,19999411,sA-eth3,up,34757678351501,netem,22610124,16550,0,0,0,0,0,21522776,3212,0,21735342,3295,0
680,34757676706413,34757680787589,19999411,sB-eth3,up,34757680633017,netem,26438924,19278,0,0,0,0,0,25417812,3810,0,25416542,3787,0
681,34757696729995,34757698802727,20023582,sA-eth3,up,34757698551255,netem,22610124,16550,0,0,0,0,0,21522776,3212,0,21735342,3295,0
681,34757696729995,34757701243525,20023582,sB-eth3,up,34757701000012,netem,26438924,19278,0,0,0,0,0,25417812,3810,0,25416542,3787,0
682,34757716734645,34757718689477,20004650,sA-eth3,up,34757718447224,netem,22610124,16550,0,0,0,0,0,21522776,3212,0,21735342,3295,0
682,34757716734645,34757721119594,20004650,sB-eth3,up,34757720861471,netem,26438924,19278,0,0,0,0,0,25417812,3810,0,25416542,3787,0
683,34757736707065,34757738545907,19972420,sA-eth3,up,34757738366604,netem,22610124,16550,0,0,0,0,0,21522776,3212,0,21735342,3295,0
683,34757736707065,34757740246695,19972420,sB-eth3,up,34757740087754,netem,26438924,19278,0,0,0,0,0,25417812,3810,0,25416542,3787,0
684,34757756708057,34757758490866,20000992,sA-eth3,up,34757758325294,netem,22610124,16550,0,0,0,0,0,21522776,3212,0,21735342,3295,0
684,34757756708057,34757761088555,20000992,sB-eth3,up,34757760917754,netem,26438924,19278,0,0,0,0,0,25417812,3810,0,25416542,3787,0
685,34757776705947,34757778554548,19997890,sA-eth3,up,34757778380746,netem,22610124,16550,0,0,0,0,0,21522776,3212,0,21735342,3295,0
685,34757776705947,34757780217077,19997890,sB-eth3,up,34757780060725,netem,26438924,19278,0,0,0,0,0,25417812,3810,0,25416542,3787,0
686,34757796704578,34757798454569,19998631,sA-eth3,up,34757798293746,netem,22610124,16550,0,0,0,0,0,21522776,3212,0,21735342,3295,0
686,34757796704578,34757800096596,19998631,sB-eth3,up,34757799895704,netem,26438924,19278,0,0,0,0,0,25417812,3810,0,25416542,3787,0
687,34757816699410,34757818928974,19994832,sA-eth3,up,34757818759182,netem,22610124,16550,0,0,0,0,0,21522776,3212,0,21735342,3295,0
687,34757816699410,34757820708934,19994832,sB-eth3,up,34757820550132,netem,26438924,19278,0,0,0,0,0,25417812,3810,0,25416542,3787,0
688,34757836704480,34757838551741,20005070,sA-eth3,up,34757838386929,netem,22610124,16550,0,0,0,0,0,21522776,3212,0,21735342,3295,0
688,34757836704480,34757840206689,20005070,sB-eth3,up,34757840052537,netem,26438924,19278,0,0,0,0,0,25417812,3810,0,25416542,3787,0
689,34757856703422,34757858548962,19998942,sA-eth3,up,34757858383129,netem,22610124,16550,0,0,0,0,0,21522776,3212,0,21735342,3295,0
689,34757856703422,34757860676755,19998942,sB-eth3,up,34757860521724,netem,26438924,19278,0,0,0,0,0,25417812,3810,0,25416542,3787,0
690,34757876706072,34757878620204,20002650,sA-eth3,up,34757878406031,netem,22610124,16550,0,0,0,0,0,21522776,3212,0,21735342,3295,0
690,34757876706072,34757880433404,20002650,sB-eth3,up,34757880219151,netem,26438924,19278,0,0,0,0,0,25417812,3810,0,25416542,3787,0
691,34757896707363,34757898587744,20001291,sA-eth3,up,34757898370371,netem,22610124,16550,0,0,0,0,0,21522776,3212,0,21735342,3295,0
691,34757896707363,34757900528695,20001291,sB-eth3,up,34757900329844,netem,26438924,19278,0,0,0,0,0,25417812,3810,0,25416542,3787,0
692,34757916711594,34757918637215,20004231,sA-eth3,up,34757918424182,netem,22610124,16550,0,0,0,0,0,21522776,3212,0,21735342,3295,0
692,34757916711594,34757920419174,20004231,sB-eth3,up,34757920210403,netem,26438924,19278,0,0,0,0,0,25417812,3810,0,25416542,3787,0
693,34757936710595,34757938662616,19999001,sA-eth3,up,34757938445174,netem,22610124,16550,0,0,0,0,0,21522776,3212,0,21735342,3295,0
693,34757936710595,34757940460786,19999001,sB-eth3,up,34757940244824,netem,26438924,19278,0,0,0,0,0,25417812,3810,0,25416542,3787,0
694,34757956712066,34757958738277,20001471,sA-eth3,up,34757958523956,netem,22610124,16550,0,0,0,0,0,21522776,3212,0,21735342,3295,0
694,34757956712066,34757960808201,20001471,sB-eth3,up,34757960604839,netem,26438924,19278,0,0,0,0,0,25417812,3810,0,25416542,3787,0
695,34757976711317,34757978800230,19999251,sA-eth3,up,34757978573937,netem,22610124,16550,0,0,0,0,0,21522776,3212,0,21735342,3295,0
695,34757976711317,34757981050535,19999251,sB-eth3,up,34757980824372,netem,26438924,19278,0,0,0,0,0,25417812,3810,0,25416542,3787,0
696,34757996710918,34757998731890,19999601,sA-eth3,up,34757998517277,netem,22610124,16550,0,0,0,0,0,21522776,3212,0,21735342,3295,0
696,34757996710918,34758000553899,19999601,sB-eth3,up,34758000357668,netem,26438924,19278,0,0,0,0,0,25417812,3810,0,25416542,3787,0
697,34758016714378,34758018670550,20003460,sA-eth3,up,34758018451487,netem,22610124,16550,0,0,0,0,0,21522776,3212,0,21735342,3295,0
697,34758016714378,34758020467669,20003460,sB-eth3,up,34758020255907,netem,26438924,19278,0,0,0,0,0,25417812,3810,0,25416542,3787,0
698,34758036714019,34758038668321,19999641,sA-eth3,up,34758038457889,netem,22610124,16550,0,0,0,0,0,21522776,3212,0,21735342,3295,0
698,34758036714019,34758040446071,19999641,sB-eth3,up,34758040228589,netem,26438924,19278,0,0,0,0,0,25417812,3810,0,25416542,3787,0
699,34758056706870,34758058577611,19992851,sA-eth3,up,34758058362099,netem,22610124,16550,0,0,0,0,0,21522776,3212,0,21735342,3295,0
699,34758056706870,34758060345291,19992851,sB-eth3,up,34758060138918,netem,26438924,19278,0,0,0,0,0,25417812,3810,0,25416542,3787,0
700,34758076712562,34758078622392,20005692,sA-eth3,up,34758078406670,netem,22610124,16550,0,0,0,0,0,21522776,3212,0,21735342,3295,0
700,34758076712562,34758080374762,20005692,sB-eth3,up,34758080161279,netem,26438924,19278,0,0,0,0,0,25417812,3810,0,25416542,3787,0
701,34758096713632,34758098634573,20001070,sA-eth3,up,34758098417361,netem,22610124,16550,0,0,0,0,0,21522776,3212,0,21735342,3295,0
701,34758096713632,34758100380912,20001070,sB-eth3,up,34758100172210,netem,26438924,19278,0,0,0,0,0,25417812,3810,0,25416542,3787,0
702,34758116723473,34758118755265,20009841,sA-eth3,up,34758118509213,netem,22610124,16550,0,0,0,0,0,21522776,3212,0,21735342,3295,0
702,34758116723473,34758120992900,20009841,sB-eth3,up,34758120793078,netem,26438924,19278,0,0,0,0,0,25417812,3810,0,25416542,3787,0
703,34758136706853,34758138605565,19983380,sA-eth3,up,34758138394922,netem,22610124,16550,0,0,0,0,0,21522776,3212,0,21735342,3295,0
703,34758136706853,34758140358724,19983380,sB-eth3,up,34758140143462,netem,26438924,19278,0,0,0,0,0,25417812,3810,0,25416542,3787,0
704,34758156705875,34758158604605,19999022,sA-eth3,up,34758158390704,netem,22610124,16550,0,0,0,0,0,21522776,3212,0,21735342,3295,0
704,34758156705875,34758160390615,19999022,sB-eth3,up,34758160136402,netem,26438924,19278,0,0,0,0,0,25417812,3810,0,25416542,3787,0
705,34758176716185,34758178661767,20010310,sA-eth3,up,34758178440344,netem,22610124,16550,0,0,0,0,0,21522776,3212,0,21735342,3295,0
705,34758176716185,34758180439677,20010310,sB-eth3,up,34758180226464,netem,26438924,19278,0,0,0,0,0,25417812,3810,0,25416542,3787,0
706,34758196711266,34758198641567,19995081,sA-eth3,up,34758198415985,netem,22610264,16552,0,0,0,0,0,21522776,3212,0,21735482,3297,0
706,34758196711266,34758200822122,19995081,sB-eth3,up,34758200647850,netem,26439134,19281,0,0,0,0,0,25417812,3810,0,25416752,3790,0
707,34758216704547,34758218935462,19993281,sA-eth3,up,34758218765590,netem,22610264,16552,0,0,0,0,0,21522776,3212,0,21735482,3297,0
707,34758216704547,34758220738512,19993281,sB-eth3,up,34758220577649,netem,26439134,19281,0,0,0,0,0,25417812,3810,0,25416752,3790,0
708,34758236716268,34758239038483,20011721,sA-eth3,up,34758238828862,netem,22610264,16552,0,0,0,0,0,21522776,3212,0,21735482,3297,0
708,34758236716268,34758240797623,20011721,sB-eth3,up,34758240634302,netem,26439134,19281,0,0,0,0,0,25417812,3810,0,25416752,3790,0
709,34758256705238,34758258589880,19988970,sA-eth3,up,34758258414928,netem,22610264,16552,0,0,0,0,0,21522776,3212,0,21735482,3297,0
709,34758256705238,34758260641822,19988970,sB-eth3,up,34758260479840,netem,26439134,19281,0,0,0,0,0,25417812,3810,0,25416752,3790,0
710,34758276716570,34758278611010,20011332,sA-eth3,up,34758278433729,netem,22610264,16552,0,0,0,0,0,21522776,3212,0,21735482,3297,0
710,34758276716570,34758280631592,20011332,sB-eth3,up,34758280474351,netem,26439134,19281,0,0,0,0,0,25417812,3810,0,25416752,3790,0
711,34758296704560,34758298539620,19987990,sA-eth3,up,34758298363419,netem,22610264,16552,0,0,0,0,0,21522776,3212,0,21735482,3297,0
711,34758296704560,34758300624074,19987990,sB-eth3,up,34758300417011,netem,26439134,19281,0,0,0,0,0,25417812,3810,0,25416752,3790,0
712,34758316707092,34758318540412,20002532,sA-eth3,up,34758318362320,netem,22610264,16552,0,0,0,0,0,21522776,3212,0,21735482,3297,0
712,34758316707092,34758320568744,20002532,sB-eth3,up,34758320409722,netem,26439134,19281,0,0,0,0,0,25417812,3810,0,25416752,3790,0
713,34758336703812,34758338528452,19996720,sA-eth3,up,34758338355490,netem,22610264,16552,0,0,0,0,0,21522776,3212,0,21735482,3297,0
713,34758336703812,34758340541405,19996720,sB-eth3,up,34758340382972,netem,26439134,19281,0,0,0,0,0,25417812,3810,0,25416752,3790,0
714,34758356721833,34758358595884,20018021,sA-eth3,up,34758358404722,netem,22610264,16552,0,0,0,0,0,21522776,3212,0,21735482,3297,0
714,34758356721833,34758360654777,20018021,sB-eth3,up,34758360493775,netem,26439134,19281,0,0,0,0,0,25417812,3810,0,25416752,3790,0
715,34758376718965,34758378651775,19997132,sA-eth3,up,34758378418383,netem,22610264,16552,0,0,0,0,0,21522776,3212,0,21735482,3297,0
715,34758376718965,34758380710159,19997132,sB-eth3,up,34758380547527,netem,26439134,19281,0,0,0,0,0,25417812,3810,0,25416752,3790,0
716,34758396711495,34758398519605,19992530,sA-eth3,up,34758398332763,netem,22610264,16552,0,0,0,0,0,21522776,3212,0,21735482,3297,0
716,34758396711495,34758400674819,19992530,sB-eth3,up,34758400515437,netem,26439134,19281,0,0,0,0,0,25417812,3810,0,25416752,3790,0
717,34758416704676,34758418506146,19993181,sA-eth3,up,34758418340994,netem,22610264,16552,0,0,0,0,0,21522776,3212,0,21735482,3297,0
717,34758416704676,34758420735030,19993181,sB-eth3,up,34758420571839,netem,26439134,19281,0,0,0,0,0,25417812,3810,0,25416752,3790,0
718,34758436714917,34758438950052,20010241,sA-eth3,up,34758438779470,netem,22610264,16552,0,0,0,0,0,21522776,3212,0,21735482,3297,0
718,34758436714917,34758440784422,20010241,sB-eth3,up,34758440627690,netem,26439134,19281,0,0,0,0,0,25417812,3810,0,25416752,3790,0
719,34758456705208,34758458974233,19990291,sA-eth3,up,34758458807960,netem,22610264,16552,0,0,0,0,0,21522776,3212,0,21735482,3297,0
719,34758456705208,34758460785123,19990291,sB-eth3,up,34758460629472,netem,26439134,19281,0,0,0,0,0,25417812,3810,0,25416752,3790,0
720,34758476707948,34758478919373,20002740,sA-eth3,up,34758478746301,netem,22610264,16552,0,0,0,0,0,21522776,3212,0,21735482,3297,0
720,34758476707948,34758480694562,20002740,sB-eth3,up,34758480540381,netem,26439134,19281,0,0,0,0,0,25417812,3810,0,25416752,3790,0
721,34758496710380,34758498965715,20002432,sA-eth3,up,34758498785682,netem,22610264,16552,0,0,0,0,0,21522776,3212,0,21735482,3297,0
721,34758496710380,34758500778245,20002432,sB-eth3,up,34758500622443,netem,26439134,19281,0,0,0,0,0,25417812,3810,0,25416752,3790,0
722,34758516725461,34758518945585,20015081,sA-eth3,up,34758518767463,netem,22610264,16552,0,0,0,0,0,21522776,3212,0,21735482,3297,0
722,34758516725461,34758520972167,20015081,sB-eth3,up,34758520813945,netem,26439134,19281,0,0,0,0,0,25417812,3810,0,25416752,3790,0
723,34758536705381,34758538920536,19979920,sA-eth3,up,34758538753983,netem,22610264,16552,0,0,0,0,0,21522776,3212,0,21735482,3297,0
723,34758536705381,34758540913118,19979920,sB-eth3,up,34758540757345,netem,26439134,19281,0,0,0,0,0,25417812,3810,0,25416752,3790,0
724,34758556709282,34758558879056,20003901,sA-eth3,up,34758558704694,netem,22610264,16552,0,0,0,0,0,21522776,3212,0,21735482,3297,0
724,34758556709282,34758560649656,20003901,sB-eth3,up,34758560492234,netem,26439134,19281,0,0,0,0,0,25417812,3810,0,25416752,3790,0
725,34758576699713,34758578544363,19990431,sA-eth3,up,34758578379572,netem,22610264,16552,0,0,0,0,0,21522776,3212,0,21735482,3297,0
725,34758576699713,34758580673657,19990431,sB-eth3,up,34758580520255,netem,26439134,19281,0,0,0,0,0,25417812,3810,0,25416752,3790,0
726,34758596713504,34758598857328,20013791,sA-eth3,up,34758598681265,netem,22610264,16552,0,0,0,0,0,21522776,3212,0,21735482,3297,0
726,34758596713504,34758600914390,20013791,sB-eth3,up,34758600756919,netem,26439134,19281,0,0,0,0,0,25417812,3810,0,25416752,3790,0
727,34758616717565,34758619120791,20004061,sA-eth3,up,34758618856718,netem,22610264,16552,0,0,0,0,0,21522776,3212,0,21735482,3297,0
727,34758616717565,34758621106013,20004061,sB-eth3,up,34758620918721,netem,26439134,19281,0,0,0,0,0,25417812,3810,0,25416752,3790,0
728,34758636705456,34758638498305,19987891,sA-eth3,up,34758638322284,netem,22610264,16552,0,0,0,0,0,21522776,3212,0,21735482,3297,0
728,34758636705456,34758640736670,19987891,sB-eth3,up,34758640576339,netem,26439134,19281,0,0,0,0,0,25417812,3810,0,25416752,3790,0
729,34758656717617,34758658902981,20012161,sA-eth3,up,34758658725278,netem,22610264,16552,0,0,0,0,0,21522776,3212,0,21735482,3297,0
729,34758656717617,34758660906013,20012161,sB-eth3,up,34758660746612,netem,26439134,19281,0,0,0,0,0,25417812,3810,0,25416752,3790,0
730,34758676704908,34758678574268,19987291,sA-eth3,up,34758678394386,netem,22610264,16552,0,0,0,0,0,21522776,3212,0,21735482,3297,0
730,34758676704908,34758680479929,19987291,sB-eth3,up,34758680322557,netem,26439134,19281,0,0,0,0,0,25417812,3810,0,25416752,3790,0
731,34758696711738,34758698519968,20006830,sA-eth3,up,34758698353967,netem,22610264,16552,0,0,0,0,0,21522776,3212,0,21735482,3297,0
731,34758696711738,34758700804923,20006830,sB-eth3,up,34758700647242,netem,26439134,19281,0,0,0,0,0,25417812,3810,0,25416752,3790,0
732,34758716714550,34758718570080,20002812,sA-eth3,up,34758718391038,netem,22610264,16552,0,0,0,0,0,21522776,3212,0,21735482,3297,0
732,34758716714550,34758720843455,20002812,sB-eth3,up,34758720675813,netem,26439134,19281,0,0,0,0,0,25417812,3810,0,25416752,3790,0
733,34758736719630,34758738625562,20005080,sA-eth3,up,34758738402829,netem,22610264,16552,0,0,0,0,0,21522776,3212,0,21735482,3297,0
733,34758736719630,34758740600703,20005080,sB-eth3,up,34758740396901,netem,26439134,19281,0,0,0,0,0,25417812,3810,0,25416752,3790,0
734,34758756710921,34758758691943,19991291,sA-eth3,up,34758758483580,netem,22610264,16552,0,0,0,0,0,21522776,3212,0,21735482,3297,0
734,34758756710921,34758760581214,19991291,sB-eth3,up,34758760380022,netem,26439134,19281,0,0,0,0,0,25417812,3810,0,25416752,3790,0
735,34758776710212,34758778756525,19999291,sA-eth3,up,34758778534162,netem,22610264,16552,0,0,0,0,0,21522776,3212,0,21735482,3297,0
735,34758776710212,34758780693846,19999291,sB-eth3,up,34758780488564,netem,26439134,19281,0,0,0,0,0,25417812,3810,0,25416752,3790,0
736,34758796706283,34758798663605,19996071,sA-eth3,up,34758798443192,netem,22610264,16552,0,0,0,0,0,21522776,3212,0,21735482,3297,0
736,34758796706283,34758800424444,19996071,sB-eth3,up,34758800209462,netem,26439134,19281,0,0,0,0,0,25417812,3810,0,25416752,3790,0
737,34758816712684,34758819155401,20006401,sA-eth3,up,34758818913388,netem,22610264,16552,0,0,0,0,0,21522776,3212,0,21735482,3297,0
737,34758816712684,34758820998021,20006401,sB-eth3,up,34758820800109,netem,26439134,19281,0,0,0,0,0,25417812,3810,0,25416752,3790,0
738,34758836715705,34758838668486,20003021,sA-eth3,up,34758838458974,netem,22610264,16552,0,0,0,0,0,21522776,3212,0,21735482,3297,0
738,34758836715705,34758840578748,20003021,sB-eth3,up,34758840374315,netem,26439134,19281,0,0,0,0,0,25417812,3810,0,25416752,3790,0
739,34758856719035,34758858675188,20003330,sA-eth3,up,34758858458135,netem,22610264,16552,0,0,0,0,0,21522776,3212,0,21735482,3297,0
739,34758856719035,34758860491967,20003330,sB-eth3,up,34758860280775,netem,26439134,19281,0,0,0,0,0,25417812,3810,0,25416752,3790,0
740,34758876715776,34758878601947,19996741,sA-eth3,up,34758878392815,netem,22610264,16552,0,0,0,0,0,21522776,3212,0,21735482,3297,0
740,34758876715776,34758880705140,19996741,sB-eth3,up,34758880506829,netem,26439134,19281,0,0,0,0,0,25417812,3810,0,25416752,3790,0
741,34758896712197,34758898637518,19996421,sA-eth3,up,34758898427616,netem,22610264,16552,0,0,0,0,0,21522776,3212,0,21735482,3297,0
741,34758896712197,34758900629790,19996421,sB-eth3,up,34758900428509,netem,26439134,19281,0,0,0,0,0,25417812,3810,0,25416752,3790,0
742,34758916710938,34758918703520,19998741,sA-eth3,up,34758918482117,netem,22610264,16552,0,0,0,0,0,21522776,3212,0,21735482,3297,0
742,34758916710938,34758920639252,19998741,sB-eth3,up,34758920438830,netem,26439134,19281,0,0,0,0,0,25417812,3810,0,25416752,3790,0
743,34758936716500,34758938701271,20005562,sA-eth3,up,34758938486429,netem,22610264,16552,0,0,0,0,0,21522776,3212,0,21735482,3297,0
743,34758936716500,34758940581332,20005562,sB-eth3,up,34758940375650,netem,26439134,19281,0,0,0,0,0,25417812,3810,0,25416752,3790,0
744,34758956715490,34758958652292,19998990,sA-eth3,up,34758958432010,netem,22610264,16552,0,0,0,0,0,21522776,3212,0,21735482,3297,0
744,34758956715490,34758960577843,19998990,sB-eth3,up,34758960323050,netem,26439134,19281,0,0,0,0,0,25417812,3810,0,25416752,3790,0
745,34758976711411,34758978589432,19995921,sA-eth3,up,34758978385609,netem,22610264,16552,0,0,0,0,0,21522776,3212,0,21735482,3297,0
745,34758976711411,34758980330551,19995921,sB-eth3,up,34758980151229,netem,26439134,19281,0,0,0,0,0,25417812,3810,0,25416752,3790,0
746,34758996703532,34758998486832,19992121,sA-eth3,up,34758998317829,netem,22610264,16552,0,0,0,0,0,21522776,3212,0,21735482,3297,0
746,34758996703532,34759000173690,19992121,sB-eth3,up,34758999994359,netem,26439134,19281,0,0,0,0,0,25417812,3810,0,25416752,3790,0
747,34759016707613,34759018499722,20004081,sA-eth3,up,34759018331550,netem,22610264,16552,0,0,0,0,0,21522776,3212,0,21735482,3297,0
747,34759016707613,34759020694237,20004081,sB-eth3,up,34759020531255,netem,26439134,19281,0,0,0,0,0,25417812,3810,0,25416752,3790,0
748,34759036716944,34759038617155,20009331,sA-eth3,up,34759038447282,netem,22610264,16552,0,0,0,0,0,21522776,3212,0,21735482,3297,0
748,34759036716944,34759040489185,20009331,sB-eth3,up,34759040328444,netem,26439134,19281,0,0,0,0,0,25417812,3810,0,25416752,3790,0
749,34759056702725,34759058570285,19985781,sA-eth3,up,34759058398463,netem,22610264,16552,0,0,0,0,0,21522776,3212,0,21735482,3297,0
749,34759056702725,34759060353164,19985781,sB-eth3,up,34759060178832,netem,26439134,19281,0,0,0,0,0,25417812,3810,0,25416752,3790,0
750,34759076704476,34759078472925,20001751,sA-eth3,up,34759078302143,netem,22610264,16552,0,0,0,0,0,21522776,3212,0,21735482,3297,0
750,34759076704476,34759080126393,20001751,sB-eth3,up,34759079945901,netem,26439134,19281,0,0,0,0,0,25417812,3810,0,25416752,3790,0
751,34759096705006,34759098476365,20000530,sA-eth3,up,34759098306594,netem,22610264,16552,0,0,0,0,0,21522776,3212,0,21735482,3297,0
751,34759096705006,34759100153584,20000530,sB-eth3,up,34759099953862,netem,26439134,19281,0,0,0,0,0,25417812,3810,0,25416752,3790,0
752,34759116705918,34759118516287,20000912,sA-eth3,up,34759118348385,netem,22610264,16552,0,0,0,0,0,21522776,3212,0,21735482,3297,0
752,34759116705918,34759120360317,20000912,sB-eth3,up,34759120170305,netem,26439134,19281,0,0,0,0,0,25417812,3810,0,25416752,3790,0
753,34759136729298,34759138631259,20023380,sA-eth3,up,34759138442697,netem,22610264,16552,0,0,0,0,0,21522776,3212,0,21735482,3297,0
753,34759136729298,34759140414799,20023380,sB-eth3,up,34759140225627,netem,26439134,19281,0,0,0,0,0,25417812,3810,0,25416752,3790,0
754,34759156706908,34759158975744,19977610,sA-eth3,up,34759158795962,netem,22610264,16552,0,0,0,0,0,21522776,3212,0,21735482,3297,0
754,34759156706908,34759160669552,19977610,sB-eth3,up,34759160506190,netem,26439134,19281,0,0,0,0,0,25417812,3810,0,25416752,3790,0
755,34759176713040,34759178531390,20006132,sA-eth3,up,34759178358307,netem,22610264,16552,0,0,0,0,0,21522776,3212,0,21735482,3297,0
755,34759176713040,34759180244069,20006132,sB-eth3,up,34759180083237,netem,26439134,19281,0,0,0,0,0,25417812,3810,0,25416752,3790,0
756,34759196706700,34759198504050,19993660,sA-eth3,up,34759198335728,netem,22610264,16552,0,0,0,0,0,21522776,3212,0,21735482,3297,0
756,34759196706700,34759200542592,19993660,sB-eth3,up,34759200384661,netem,26439134,19281,0,0,0,0,0,25417812,3810,0,25416752,3790,0
757,34759216719381,34759218543312,20012681,sA-eth3,up,34759218372140,netem,22610264,16552,0,0,0,0,0,21522776,3212,0,21735482,3297,0
757,34759216719381,34759220631465,20012681,sB-eth3,up,34759220471953,netem,26439134,19281,0,0,0,0,0,25417812,3810,0,25416752,3790,0
758,34759236707573,34759238455642,19988192,sA-eth3,up,34759238279289,netem,22610264,16552,0,0,0,0,0,21522776,3212,0,21735482,3297,0
758,34759236707573,34759240533645,19988192,sB-eth3,up,34759240376523,netem,26439134,19281,0,0,0,0,0,25417812,3810,0,25416752,3790,0
759,34759256703643,34759258953758,19996070,sA-eth3,up,34759258785216,netem,22610264,16552,0,0,0,0,0,21522776,3212,0,21735482,3297,0
759,34759256703643,34759260683567,19996070,sB-eth3,up,34759260527685,netem,26439134,19281,0,0,0,0,0,25417812,3810,0,25416752,3790,0
760,34759276725095,34759278690106,20021452,sA-eth3,up,34759278493764,netem,22610264,16552,0,0,0,0,0,21522776,3212,0,21735482,3297,0
760,34759276725095,34759280858330,20021452,sB-eth3,up,34759280692588,netem,26439134,19281,0,0,0,0,0,25417812,3810,0,25416752,3790,0
761,34759296712255,34759298586126,19987160,sA-eth3,up,34759298409094,netem,22610264,16552,0,0,0,0,0,21522776,3212,0,21735482,3297,0
761,34759296712255,34759300319815,19987160,sB-eth3,up,34759300149553,netem,26439134,19281,0,0,0,0,0,25417812,3810,0,25416752,3790,0
762,34759316702256,34759318456845,19990001,sA-eth3,up,34759318273653,netem,22610264,16552,0,0,0,0,0,21522776,3212,0,21735482,3297,0
762,34759316702256,34759320534468,19990001,sB-eth3,up,34759320355916,netem,26439134,19281,0,0,0,0,0,25417812,3810,0,25416752,3790,0
763,34759336704636,34759338489477,20002380,sA-eth3,up,34759338320095,netem,22610264,16552,0,0,0,0,0,21522776,3212,0,21735482,3297,0
763,34759336704636,34759340540499,20002380,sB-eth3,up,34759340380237,netem,26439134,19281,0,0,0,0,0,25417812,3810,0,25416752,3790,0
764,34759356717318,34759359062114,20012682,sA-eth3,up,34759358861901,netem,22610264,16552,0,0,0,0,0,21522776,3212,0,21735482,3297,0
764,34759356717318,34759360782493,20012682,sB-eth3,up,34759360627030,netem,26439134,19281,0,0,0,0,0,25417812,3810,0,25416752,3790,0
765,34759376709229,34759379191246,19991911,sA-eth3,up,34759379022344,netem,22610264,16552,0,0,0,0,0,21522776,3212,0,21735482,3297,0
765,34759376709229,34759381058586,19991911,sB-eth3,up,34759380873815,netem,26439134,19281,0,0,0,0,0,25417812,3810,0,25416752,3790,0
766,34759396708960,34759398512490,19999731,sA-eth3,up,34759398341327,netem,22610264,16552,0,0,0,0,0,21522776,3212,0,21735482,3297,0
766,34759396708960,34759400686343,19999731,sB-eth3,up,34759400527512,netem,26439134,19281,0,0,0,0,0,25417812,3810,0,25416752,3790,0
767,34759416704780,34759418813543,19995820,sA-eth3,up,34759418646611,netem,22610264,16552,0,0,0,0,0,21522776,3212,0,21735482,3297,0
767,34759416704780,34759421131799,19995820,sB-eth3,up,34759420945047,netem,26439134,19281,0,0,0,0,0,25417812,3810,0,25416752,3790,0
768,34759436706141,34759438945686,20001361,sA-eth3,up,34759438767813,netem,22610264,16552,0,0,0,0,0,21522776,3212,0,21735482,3297,0
768,34759436706141,34759441020918,20001361,sB-eth3,up,34759440835997,netem,26439134,19281,0,0,0,0,0,25417812,3810,0,25416752,3790,0
769,34759456713802,34759459056628,20007661,sA-eth3,up,34759458811416,netem,22610264,16552,0,0,0,0,0,21522776,3212,0,21735482,3297,0
769,34759456713802,34759461741447,20007661,sB-eth3,up,34759461554696,netem,26439134,19281,0,0,0,0,0,25417812,3810,0,25416752,3790,0
770,34759476710813,34759479099249,19997011,sA-eth3,up,34759478885906,netem,22610264,16552,0,0,0,0,0,21522776,3212,0,21735482,3297,0
770,34759476710813,34759481378224,19997011,sB-eth3,up,34759481196203,netem,26439134,19281,0,0,0,0,0,25417812,3810,0,25416752,3790,0
771,34759496710034,34759499159861,19999221,sA-eth3,up,34759498955688,netem,22610264,16552,0,0,0,0,0,21522776,3212,0,21735482,3297,0
771,34759496710034,34759501399056,19999221,sB-eth3,up,34759501224564,netem,26439134,19281,0,0,0,0,0,25417812,3810,0,25416752,3790,0
772,34759516710175,34759519057251,20000141,sA-eth3,up,34759518860359,netem,22610264,16552,0,0,0,0,0,21522776,3212,0,21735482,3297,0
772,34759516710175,34759521092983,20000141,sB-eth3,up,34759520913241,netem,26439134,19281,0,0,0,0,0,25417812,3810,0,25416752,3790,0
773,34759536713406,34759538974311,20003231,sA-eth3,up,34759538802128,netem,22610264,16552,0,0,0,0,0,21522776,3212,0,21735482,3297,0
773,34759536713406,34759541490449,20003231,sB-eth3,up,34759541329336,netem,26439134,19281,0,0,0,0,0,25417812,3810,0,25416752,3790,0
774,34759556704106,34759558829530,19990700,sA-eth3,up,34759558662718,netem,22610264,16552,0,0,0,0,0,21522776,3212,0,21735482,3297,0
774,34759556704106,34759560557740,19990700,sB-eth3,up,34759560397297,netem,26439134,19281,0,0,0,0,0,25417812,3810,0,25416752,3790,0
775,34759576708458,34759578524828,20004352,sA-eth3,up,34759578351725,netem,22610264,16552,0,0,0,0,0,21522776,3212,0,21735482,3297,0
775,34759576708458,34759580688331,20004352,sB-eth3,up,34759580273287,netem,26439134,19281,0,0,0,0,0,25417812,3810,0,25416752,3790,0
776,34759596724979,34759598727260,20016521,sA-eth3,up,34759598536088,netem,22610264,16552,0,0,0,0,0,21522776,3212,0,21735482,3297,0
776,34759596724979,34759600562831,20016521,sB-eth3,up,34759600401479,netem,26439134,19281,0,0,0,0,0,25417812,3810,0,25416752,3790,0
777,34759616709629,34759618581450,19984650,sA-eth3,up,34759618404448,netem,22610264,16552,0,0,0,0,0,21522776,3212,0,21735482,3297,0
777,34759616709629,34759620742764,19984650,sB-eth3,up,34759620556852,netem,26439134,19281,0,0,0,0,0,25417812,3810,0,25416752,3790,0
778,34759636715890,34759638570500,20006261,sA-eth3,up,34759638387718,netem,22610264,16552,0,0,0,0,0,21522776,3212,0,21735482,3297,0
778,34759636715890,34759640691413,20006261,sB-eth3,up,34759640519322,netem,26439134,19281,0,0,0,0,0,25417812,3810,0,25416752,3790,0
779,34759656728031,34759658600362,20012141,sA-eth3,up,34759658416880,netem,22610264,16552,0,0,0,0,0,21522776,3212,0,21735482,3297,0
779,34759656728031,34759660347782,20012141,sB-eth3,up,34759660173160,netem,26439134,19281,0,0,0,0,0,25417812,3810,0,25416752,3790,0
780,34759676712891,34759679559734,19984860,sA-eth3,up,34759679378641,netem,22610264,16552,0,0,0,0,0,21522776,3212,0,21735482,3297,0
780,34759676712891,34759681488314,19984860,sB-eth3,up,34759681316203,netem,26439134,19281,0,0,0,0,0,25417812,3810,0,25416752,3790,0
781,34759696712913,34759698669974,20000022,sA-eth3,up,34759698497092,netem,22610264,16552,0,0,0,0,0,21522776,3212,0,21735482,3297,0
781,34759696712913,34759700970689,20000022,sB-eth3,up,34759700815358,netem,26439134,19281,0,0,0,0,0,25417812,3810,0,25416752,3790,0
782,34759716707973,34759718613935,19995060,sA-eth3,up,34759718450183,netem,22610264,16552,0,0,0,0,0,21522776,3212,0,21735482,3297,0
782,34759716707973,34759720346523,19995060,sB-eth3,up,34759720176892,netem,26439134,19281,0,0,0,0,0,25417812,3810,0,25416752,3790,0
783,34759736700014,34759738518995,19992041,sA-eth3,up,34759738324242,netem,22610264,16552,0,0,0,0,0,21522776,3212,0,21735482,3297,0
783,34759736700014,34759740976101,19992041,sB-eth3,up,34759740807790,netem,26439204,19282,0,0,0,0,0,25417812,3810,0,25416822,3791,0
784,34759756721716,34759758558546,20021702,sA-eth3,up,34759758390813,netem,22610264,16552,0,0,0,0,0,21522776,3212,0,21735482,3297,0
784,34759756721716,34759760427226,20021702,sB-eth3,up,34759760258005,netem,26439204,19282,0,0,0,0,0,25417812,3810,0,25416822,3791,0
785,34759776714826,34759778577086,19993110,sA-eth3,up,34759778404785,netem,22610264,16552,0,0,0,0,0,21522776,3212,0,21735482,3297,0
785,34759776714826,34759780376887,19993110,sB-eth3,up,34759780156565,netem,26439204,19282,0,0,0,0,0,25417812,3810,0,25416822,3791,0
786,34759796711207,34759798578338,19996381,sA-eth3,up,34759798406006,netem,22610264,16552,0,0,0,0,0,21522776,3212,0,21735482,3297,0
786,34759796711207,34759800261895,19996381,sB-eth3,up,34759800104905,netem,26439204,19282,0,0,0,0,0,25417812,3810,0,25416822,3791,0
787,34759816710488,34759818535788,19999281,sA-eth3,up,34759818360946,netem,22610264,16552,0,0,0,0,0,21522776,3212,0,21735482,3297,0
787,34759816710488,34759821268158,19999281,sB-eth3,up,34759821108666,netem,26439204,19282,0,0,0,0,0,25417812,3810,0,25416822,3791,0
788,34759836708239,34759838585659,19997751,sA-eth3,up,34759838411228,netem,22610264,16552,0,0,0,0,0,21522776,3212,0,21735482,3297,0
788,34759836708239,34759840348318,19997751,sB-eth3,up,34759840169577,netem,26439204,19282,0,0,0,0,0,25417812,3810,0,25416822,3791,0
789,34759856708949,34759858626511,20000710,sA-eth3,up,34759858400068,netem,22610264,16552,0,0,0,0,0,21522776,3212,0,21735482,3297,0
789,34759856708949,34759860423400,20000710,sB-eth3,up,34759860219238,netem,26439204,19282,0,0,0,0,0,25417812,3810,0,25416822,3791,0
790,34759876723621,34759878642081,20014672,sA-eth3,up,34759878456680,netem,22610264,16552,0,0,0,0,0,21522776,3212,0,21735482,3297,0
790,34759876723621,34759880415211,20014672,sB-eth3,up,34759880217950,netem,26439204,19282,0,0,0,0,0,25417812,3810,0,25416822,3791,0
791,34759896721932,34759898663403,19998311,sA-eth3,up,34759898415240,netem,22610264,16552,0,0,0,0,0,21522776,3212,0,21735482,3297,0
791,34759896721932,34759900441023,19998311,sB-eth3,up,34759900235350,netem,26439204,19282,0,0,0,0,0,25417812,3810,0,25416822,3791,0
792,34759916716842,34759918548413,19994910,sA-eth3,up,34759918366840,netem,22610264,16552,0,0,0,0,0,21522776,3212,0,21735482,3297,0
792,34759916716842,34759921376494,19994910,sB-eth3,up,34759921197391,netem,26439204,19282,0,0,0,0,0,25417812,3810,0,25416822,3791,0
793,34759936705763,34759938926008,19988921,sA-eth3,up,34759938751096,netem,22610264,16552,0,0,0,0,0,21522776,3212,0,21735482,3297,0
793,34759936705763,34759940673207,19988921,sB-eth3,up,34759940515185,netem,26439204,19282,0,0,0,0,0,25417812,3810,0,25416822,3791,0
794,34759956716374,34759958610056,20010611,sA-eth3,up,34759958430293,netem,22610264,16552,0,0,0,0,0,21522776,3212,0,21735482,3297,0
794,34759956716374,34759961123113,20010611,sB-eth3,up,34759960944761,netem,26439204,19282,0,0,0,0,0,25417812,3810,0,25416822,3791,0
795,34759976698655,34759978573196,19982281,sA-eth3,up,34759978409564,netem,22610264,16552,0,0,0,0,0,21522776,3212,0,21735482,3297,0
795,34759976698655,34759980483456,19982281,sB-eth3,up,34759980315045,netem,26439204,19282,0,0,0,0,0,25417812,3810,0,25416822,3791,0
796,34759996710006,34759998683258,20011351,sA-eth3,up,34759998453475,netem,22610264,16552,0,0,0,0,0,21522776,3212,0,21735482,3297,0
796,34759996710006,34760000662699,20011351,sB-eth3,up,34760000484227,netem,26439204,19282,0,0,0,0,0,25417812,3810,0,25416822,3791,0
797,34760016711796,34760018588398,20001790,sA-eth3,up,34760018412385,netem,22610264,16552,0,0,0,0,0,21522776,3212,0,21735482,3297,0
797,34760016711796,34760020462778,20001790,sB-eth3,up,34760020299196,netem,26439204,19282,0,0,0,0,0,25417812,3810,0,25416822,3791,0
798,34760036716527,34760038652769,20004731,sA-eth3,up,34760038474347,netem,22610264,16552,0,0,0,0,0,21522776,3212,0,21735482,3297,0
798,34760036716527,34760040402638,20004731,sB-eth3,up,34760040233387,netem,26439204,19282,0,0,0,0,0,25417812,3810,0,25416822,3791,0
799,34760056709648,34760058943613,19993121,sA-eth3,up,34760058772441,netem,22610264,16552,0,0,0,0,0,21522776,3212,0,21735482,3297,0
799,34760056709648,34760060983726,19993121,sB-eth3,up,34760060826584,netem,26439204,19282,0,0,0,0,0,25417812,3810,0,25416822,3791,0
800,34760076700749,34760078912634,19991101,sA-eth3,up,34760078742432,netem,22610264,16552,0,0,0,0,0,21522776,3212,0,21735482,3297,0
800,34760076700749,34760081098748,19991101,sB-eth3,up,34760080914826,netem,26439204,19282,0,0,0,0,0,25417812,3810,0,25416822,3791,0
801,34760096713901,34760098780983,20013152,sA-eth3,up,34760098556771,netem,22610264,16552,0,0,0,0,0,21522776,3212,0,21735482,3297,0
801,34760096713901,34760101198110,20013152,sB-eth3,up,34760101027478,netem,26439204,19282,0,0,0,0,0,25417812,3810,0,25416822,3791,0
802,34760116710391,34760119074657,19996490,sA-eth3,up,34760118878066,netem,22610264,16552,0,0,0,0,0,21522776,3212,0,21735482,3297,0
802,34760116710391,34760121084839,19996490,sB-eth3,up,34760120902647,netem,26439204,19282,0,0,0,0,0,25417812,3810,0,25416822,3791,0
803,34760136722052,34760138658244,20011661,sA-eth3,up,34760138481261,netem,22610264,16552,0,0,0,0,0,21522776,3212,0,21735482,3297,0
803,34760136722052,34760140970809,20011661,sB-eth3,up,34760140809968,netem,26439204,19282,0,0,0,0,0,25417812,3810,0,25416822,3791,0
804,34760156715383,34760158644684,19993331,sA-eth3,up,34760158472643,netem,22610264,16552,0,0,0,0,0,21522776,3212,0,21735482,3297,0
804,34760156715383,34760160923879,19993331,sB-eth3,up,34760160696937,netem,26439204,19282,0,0,0,0,0,25417812,3810,0,25416822,3791,0
805,34760176708574,34760178636366,19993191,sA-eth3,up,34760178465503,netem,22610264,16552,0,0,0,0,0,21522776,3212,0,21735482,3297,0
805,34760176708574,34760180595796,19993191,sB-eth3,up,34760180426125,netem,26439204,19282,0,0,0,0,0,25417812,3810,0,25416822,3791,0
806,34760196715485,34760198672006,20006911,sA-eth3,up,34760198496334,netem,22610264,16552,0,0,0,0,0,21522776,3212,0,21735482,3297,0
806,34760196715485,34760200576077,20006911,sB-eth3,up,34760200405846,netem,26439204,19282,0,0,0,0,0,25417812,3810,0,25416822,3791,0
807,34760216707156,34760218772809,19991671,sA-eth3,up,34760218533676,netem,22610264,16552,0,0,0,0,0,21522776,3212,0,21735482,3297,0
807,34760216707156,34760221190144,19991671,sB-eth3,up,34760221022394,netem,26439204,19282,0,0,0,0,0,25417812,3810,0,25416822,3791,0
808,34760236712066,34760238625598,20004910,sA-eth3,up,34760238450966,netem,22610264,16552,0,0,0,0,0,21522776,3212,0,21735482,3297,0
808,34760236712066,34760240919603,20004910,sB-eth3,up,34760240761071,netem,26439204,19282,0,0,0,0,0,25417812,3810,0,25416822,3791,0
809,34760256710537,34760258618838,19998471,sA-eth3,up,34760258448076,netem,22610264,16552,0,0,0,0,0,21522776,3212,0,21735482,3297,0
809,34760256710537,34760260875493,19998471,sB-eth3,up,34760260653361,netem,26439204,19282,0,0,0,0,0,25417812,3810,0,25416822,3791,0
810,34760276714769,34760278600119,20004232,sA-eth3,up,34760278425078,netem,22610264,16552,0,0,0,0,0,21522776,3212,0,21735482,3297,0
810,34760276714769,34760280387579,20004232,sB-eth3,up,34760280195907,netem,26439204,19282,0,0,0,0,0,25417812,3810,0,25416822,3791,0
811,34760296715679,34760298659001,20000910,sA-eth3,up,34760298479428,netem,22610264,16552,0,0,0,0,0,21522776,3212,0,21735482,3297,0
811,34760296715679,34760300404830,20000910,sB-eth3,up,34760300232668,netem,26439204,19282,0,0,0,0,0,25417812,3810,0,25416822,3791,0
812,34760316706039,34760319440950,19990360,sA-eth3,up,34760319251529,netem,22610264,16552,0,0,0,0,0,21522776,3212,0,21735482,3297,0
812,34760316706039,34760321274811,19990360,sB-eth3,up,34760321116619,netem,26439204,19282,0,0,0,0,0,25417812,3810,0,25416822,3791,0
813,34760336704881,34760338838884,19998842,sA-eth3,up,34760338655342,netem,22610264,16552,0,0,0,0,0,21522776,3212,0,21735482,3297,0
813,34760336704881,34760340533123,19998842,sB-eth3,up,34760340372191,netem,26439204,19282,0,0,0,0,0,25417812,3810,0,25416822,3791,0
814,34760356716822,34760359060217,20011941,sA-eth3,up,34760358850456,netem,22610264,16552,0,0,0,0,0,21522776,3212,0,21735482,3297,0
814,34760356716822,34760361233472,20011941,sB-eth3,up,34760361069549,netem,26439204,19282,0,0,0,0,0,25417812,3810,0,25416822,3791,0
815,34760376715902,34760379096609,19999080,sA-eth3,up,34760378893787,netem,22610264,16552,0,0,0,0,0,21522776,3212,0,21735482,3297,0
815,34760376715902,34760380829728,19999080,sB-eth3,up,34760380658996,netem,26439204,19282,0,0,0,0,0,25417812,3810,0,25416822,3791,0
816,34760396709883,34760398607244,19993981,sA-eth3,up,34760398429423,netem,22610264,16552,0,0,0,0,0,21522776,3212,0,21735482,3297,0
816,34760396709883,34760400759128,19993981,sB-eth3,up,34760400592156,netem,26439204,19282,0,0,0,0,0,25417812,3810,0,25416822,3791,0
817,34760416713004,34760419028329,20003121,sA-eth3,up,34760418826838,netem,22610264,16552,0,0,0,0,0,21522776,3212,0,21735482,3297,0
817,34760416713004,34760421150254,20003121,sB-eth3,up,34760420976091,netem,26439204,19282,0,0,0,0,0,25417812,3810,0,25416822,3791,0
818,34760436716116,34760438915649,20003112,sA-eth3,up,34760438740118,netem,22610264,16552,0,0,0,0,0,21522776,3212,0,21735482,3297,0
818,34760436716116,34760440849201,20003112,sB-eth3,up,34760440682319,netem,26439204,19282,0,0,0,0,0,25417812,3810,0,25416822,3791,0
819,34760456718646,34760458659738,20002530,sA-eth3,up,34760458482446,netem,22610264,16552,0,0,0,0,0,21522776,3212,0,21735482,3297,0
819,34760456718646,34760460399767,20002530,sB-eth3,up,34760460222555,netem,26439204,19282,0,0,0,0,0,25417812,3810,0,25416822,3791,0
820,34760476717377,34760478596658,19998731,sA-eth3,up,34760478426236,netem,22610264,16552,0,0,0,0,0,21522776,3212,0,21735482,3297,0
820,34760476717377,34760480340658,19998731,sB-eth3,up,34760480169905,netem,26439204,19282,0,0,0,0,0,25417812,3810,0,25416822,3791,0
821,34760496708919,34760498551928,19991542,sA-eth3,up,34760498374786,netem,22610264,16552,0,0,0,0,0,21522776,3212,0,21735482,3297,0
821,34760496708919,34760500219247,19991542,sB-eth3,up,34760500060605,netem,26439204,19282,0,0,0,0,0,25417812,3810,0,25416822,3791,0
822,34760516708939,34760518595379,20000020,sA-eth3,up,34760518391628,netem,22610264,16552,0,0,0,0,0,21522776,3212,0,21735482,3297,0
822,34760516708939,34760520903055,20000020,sB-eth3,up,34760520668593,netem,26439204,19282,0,0,0,0,0,25417812,3810,0,25416822,3791,0
823,34760536717970,34760538645841,20009031,sA-eth3,up,34760538467539,netem,22610264,16552,0,0,0,0,0,21522776,3212,0,21735482,3297,0
823,34760536717970,34760540495961,20009031,sB-eth3,up,34760540335980,netem,26439204,19282,0,0,0,0,0,25417812,3810,0,25416822,3791,0
824,34760556711871,34760558639962,19993901,sA-eth3,up,34760558465100,netem,22610264,16552,0,0,0,0,0,21522776,3212,0,21735482,3297,0
824,34760556711871,34760560423101,19993901,sB-eth3,up,34760560248180,netem,26439204,19282,0,0,0,0,0,25417812,3810,0,25416822,3791,0
825,34760576708682,34760578549491,19996811,sA-eth3,up,34760578360990,netem,22610264,16552,0,0,0,0,0,21522776,3212,0,21735482,3297,0
825,34760576708682,34760580221030,19996811,sB-eth3,up,34760580058718,netem,26439204,19282,0,0,0,0,0,25417812,3810,0,25416822,3791,0
826,34760596702972,34760598624404,19994290,sA-eth3,up,34760598385311,netem,22610264,16552,0,0,0,0,0,21522776,3212,0,21735482,3297,0
826,34760596702972,34760600387733,19994290,sB-eth3,up,34760600214331,netem,26439204,19282,0,0,0,0,0,25417812,3810,0,25416822,3791,0
827,34760616711343,34760618554724,20008371,sA-eth3,up,34760618386942,netem,22610264,16552,0,0,0,0,0,21522776,3212,0,21735482,3297,0
827,34760616711343,34760620296273,20008371,sB-eth3,up,34760620131441,netem,26439204,19282,0,0,0,0,0,25417812,3810,0,25416822,3791,0
828,34760636724034,34760638620555,20012691,sA-eth3,up,34760638444833,netem,22610264,16552,0,0,0,0,0,21522776,3212,0,21735482,3297,0
828,34760636724034,34760640301544,20012691,sB-eth3,up,34760640134112,netem,26439204,19282,0,0,0,0,0,25417812,3810,0,25416822,3791,0
829,34760656717165,34760658543716,19993131,sA-eth3,up,34760658359263,netem,22610264,16552,0,0,0,0,0,21522776,3212,0,21735482,3297,0
829,34760656717165,34760660793600,19993131,sB-eth3,up,34760660631929,netem,26439204,19282,0,0,0,0,0,25417812,3810,0,25416822,3791,0
830,34760676714566,34760678588996,19997401,sA-eth3,up,34760678408905,netem,22610264,16552,0,0,0,0,0,21522776,3212,0,21735482,3297,0
830,34760676714566,34760680394576,19997401,sB-eth3,up,34760680204435,netem,26439204,19282,0,0,0,0,0,25417812,3810,0,25416822,3791,0
831,34760696709977,34760698587578,19995411,sA-eth3,up,34760698413886,netem,22610264,16552,0,0,0,0,0,21522776,3212,0,21735482,3297,0
831,34760696709977,34760700304196,19995411,sB-eth3,up,34760700128995,netem,26439204,19282,0,0,0,0,0,25417812,3810,0,25416822,3791,0
832,34760716720817,34760718604758,20010840,sA-eth3,up,34760718431016,netem,22610264,16552,0,0,0,0,0,21522776,3212,0,21735482,3297,0
832,34760716720817,34760720790153,20010840,sB-eth3,up,34760720629331,netem,26439204,19282,0,0,0,0,0,25417812,3810,0,25416822,3791,0
833,34760736706669,34760738505168,19985852,sA-eth3,up,34760738331306,netem,22610264,16552,0,0,0,0,0,21522776,3212,0,21735482,3297,0
833,34760736706669,34760740339798,19985852,sB-eth3,up,34760740174147,netem,26439204,19282,0,0,0,0,0,25417812,3810,0,25416822,3791,0
834,34760756709929,34760758580381,20003260,sA-eth3,up,34760758396648,netem,22610264,16552,0,0,0,0,0,21522776,3212,0,21735482,3297,0
834,34760756709929,34760760263928,20003260,sB-eth3,up,34760760108508,netem,26439204,19282,0,0,0,0,0,25417812,3810,0,25416822,3791,0
835,34760776714111,34760778734733,20004182,sA-eth3,up,34760778564631,netem,22610264,16552,0,0,0,0,0,21522776,3212,0,21735482,3297,0
835,34760776714111,34760780506933,20004182,sB-eth3,up,34760780350811,netem,26439204,19282,0,0,0,0,0,25417812,3810,0,25416822,3791,0
836,34760796714681,34760798680833,20000570,sA-eth3,up,34760798501671,netem,22610264,16552,0,0,0,0,0,21522776,3212,0,21735482,3297,0
836,34760796714681,34760800399163,20000570,sB-eth3,up,34760800215670,netem,26439204,19282,0,0,0,0,0,25417812,3810,0,25416822,3791,0
837,34760816705722,34760818529772,19991041,sA-eth3,up,34760818348191,netem,22610264,16552,0,0,0,0,0,21522776,3212,0,21735482,3297,0
837,34760816705722,34760820192891,19991041,sB-eth3,up,34760820033238,netem,26439204,19282,0,0,0,0,0,25417812,3810,0,25416822,3791,0
838,34760836704994,34760838571923,19999272,sA-eth3,up,34760838396101,netem,22610264,16552,0,0,0,0,0,21522776,3212,0,21735482,3297,0
838,34760836704994,34760840404693,19999272,sB-eth3,up,34760840215492,netem,26439204,19282,0,0,0,0,0,25417812,3810,0,25416822,3791,0
839,34760856704414,34760858542344,19999420,sA-eth3,up,34760858370073,netem,22610264,16552,0,0,0,0,0,21522776,3212,0,21735482,3297,0
839,34760856704414,34760860208482,19999420,sB-eth3,up,34760860052051,netem,26439204,19282,0,0,0,0,0,25417812,3810,0,25416822,3791,0
840,34760876712294,34760878567436,20007880,sA-eth3,up,34760878399793,netem,22610264,16552,0,0,0,0,0,21522776,3212,0,21735482,3297,0
840,34760876712294,34760880729349,20007880,sB-eth3,up,34760880547557,netem,26439204,19282,0,0,0,0,0,25417812,3810,0,25416822,3791,0
841,34760896706426,34760899064782,19994132,sA-eth3,up,34760898873949,netem,22610264,16552,0,0,0,0,0,21522776,3212,0,21735482,3297,0
841,34760896706426,34760900708590,19994132,sB-eth3,up,34760900550858,netem,26439204,19282,0,0,0,0,0,25417812,3810,0,25416822,3791,0
842,34760916720917,34760919208604,20014491,sA-eth3,up,34760918916241,netem,22610264,16552,0,0,0,0,0,21522776,3212,0,21735482,3297,0
842,34760916720917,34760920958984,20014491,sB-eth3,up,34760920789651,netem,26439204,19282,0,0,0,0,0,25417812,3810,0,25416822,3791,0
843,34760936712567,34760938580108,19991650,sA-eth3,up,34760938400496,netem,22610264,16552,0,0,0,0,0,21522776,3212,0,21735482,3297,0
843,34760936712567,34760940548970,19991650,sB-eth3,up,34760940384598,netem,26439204,19282,0,0,0,0,0,25417812,3810,0,25416822,3791,0
844,34760956717359,34760958647180,20004792,sA-eth3,up,34760958471738,netem,22610264,16552,0,0,0,0,0,21522776,3212,0,21735482,3297,0
844,34760956717359,34760960522131,20004792,sB-eth3,up,34760960363769,netem,26439204,19282,0,0,0,0,0,25417812,3810,0,25416822,3791,0
845,34760976712919,34760978534829,19995560,sA-eth3,up,34760978362158,netem,22610264,16552,0,0,0,0,0,21522776,3212,0,21735482,3297,0
845,34760976712919,34760980395520,19995560,sB-eth3,up,34760980224528,netem,26439204,19282,0,0,0,0,0,25417812,3810,0,25416822,3791,0
846,34760996709290,34760998524440,19996371,sA-eth3,up,34760998340818,netem,22610264,16552,0,0,0,0,0,21522776,3212,0,21735482,3297,0
846,34760996709290,34761000365470,19996371,sB-eth3,up,34761000185079,netem,26439204,19282,0,0,0,0,0,25417812,3810,0,25416822,3791,0
847,34761016704961,34761018515751,19995671,sA-eth3,up,34761018342039,netem,22610264,16552,0,0,0,0,0,21522776,3212,0,21735482,3297,0
847,34761016704961,34761020779386,19995671,sB-eth3,up,34761020617754,netem,26439204,19282,0,0,0,0,0,25417812,3810,0,25416822,3791,0
848,34761036744902,34761038793684,20039941,sA-eth3,up,34761038553782,netem,22610264,16552,0,0,0,0,0,21522776,3212,0,21735482,3297,0
848,34761036744902,34761041198351,20039941,sB-eth3,up,34761041028050,netem,26439204,19282,0,0,0,0,0,25417812,3810,0,25416822,3791,0
849,34761056713712,34761058641884,19968810,sA-eth3,up,34761058461071,netem,22610264,16552,0,0,0,0,0,21522776,3212,0,21735482,3297,0
849,34761056713712,34761060420053,19968810,sB-eth3,up,34761060249103,netem,26439204,19282,0,0,0,0,0,25417812,3810,0,25416822,3791,0
850,34761076705414,34761078518674,19991702,sA-eth3,up,34761078344371,netem,22610264,16552,0,0,0,0,0,21522776,3212,0,21735482,3297,0
850,34761076705414,34761080208992,19991702,sB-eth3,up,34761080053700,netem,26439204,19282,0,0,0,0,0,25417812,3810,0,25416822,3791,0
851,34761096704694,34761098544805,19999280,sA-eth3,up,34761098365393,netem,22610264,16552,0,0,0,0,0,21522776,3212,0,21735482,3297,0
851,34761096704694,34761100694149,19999280,sB-eth3,up,34761100535387,netem,26439204,19282,0,0,0,0,0,25417812,3810,0,25416822,3791,0
852,34761116722046,34761118637416,20017352,sA-eth3,up,34761118463365,netem,22610264,16552,0,0,0,0,0,21522776,3212,0,21735482,3297,0
852,34761116722046,34761120493348,20017352,sB-eth3,up,34761120334315,netem,26439204,19282,0,0,0,0,0,25417812,3810,0,25416822,3791,0
853,34761136723987,34761138629388,20001941,sA-eth3,up,34761138454366,netem,22610264,16552,0,0,0,0,0,21522776,3212,0,21735482,3297,0
853,34761136723987,34761140534829,20001941,sB-eth3,up,34761140379547,netem,26439204,19282,0,0,0,0,0,25417812,3810,0,25416822,3791,0
854,34761156708057,34761158493227,19984070,sA-eth3,up,34761158328125,netem,22610264,16552,0,0,0,0,0,21522776,3212,0,21735482,3297,0
854,34761156708057,34761160783112,19984070,sB-eth3,up,34761160609301,netem,26439204,19282,0,0,0,0,0,25417812,3810,0,25416822,3791,0
855,34761176702898,34761178643789,19994841,sA-eth3,up,34761178393207,netem,22610264,16552,0,0,0,0,0,21522776,3212,0,21735482,3297,0
855,34761176702898,34761180503920,19994841,sB-eth3,up,34761180339108,netem,26439204,19282,0,0,0,0,0,25417812,3810,0,25416822,3791,0
856,34761196715619,34761198560729,20012721,sA-eth3,up,34761198389138,netem,22610264,16552,0,0,0,0,0,21522776,3212,0,21735482,3297,0
856,34761196715619,34761200443480,20012721,sB-eth3,up,34761200276558,netem,26439204,19282,0,0,0,0,0,25417812,3810,0,25416822,3791,0
857,34761216714170,34761218711092,19998551,sA-eth3,up,34761218484419,netem,22610264,16552,0,0,0,0,0,21522776,3212,0,21735482,3297,0
857,34761216714170,34761220754854,19998551,sB-eth3,up,34761220547993,netem,26439204,19282,0,0,0,0,0,25417812,3810,0,25416822,3791,0
858,34761236709381,34761238542891,19995211,sA-eth3,up,34761238367029,netem,22610264,16552,0,0,0,0,0,21522776,3212,0,21735482,3297,0
858,34761236709381,34761240847577,19995211,sB-eth3,up,34761240687304,netem,26439204,19282,0,0,0,0,0,25417812,3810,0,25416822,3791,0
859,34761256718781,34761258644553,20009400,sA-eth3,up,34761258455421,netem,22610264,16552,0,0,0,0,0,21522776,3212,0,21735482,3297,0
859,34761256718781,34761260917608,20009400,sB-eth3,up,34761260727346,netem,26439204,19282,0,0,0,0,0,25417812,3810,0,25416822,3791,0
860,34761276719333,34761278597044,20000552,sA-eth3,up,34761278419521,netem,22610264,16552,0,0,0,0,0,21522776,3212,0,21735482,3297,0
860,34761276719333,34761280385013,20000552,sB-eth3,up,34761280184291,netem,26439204,19282,0,0,0,0,0,25417812,3810,0,25416822,3791,0
861,34761296712204,34761298614204,19992871,sA-eth3,up,34761298435673,netem,22610264,16552,0,0,0,0,0,21522776,3212,0,21735482,3297,0
861,34761296712204,34761300316673,19992871,sB-eth3,up,34761300147931,netem,26439204,19282,0,0,0,0,0,25417812,3810,0,25416822,3791,0
862,34761316707614,34761318538614,19995410,sA-eth3,up,34761318367933,netem,22610264,16552,0,0,0,0,0,21522776,3212,0,21735482,3297,0
862,34761316707614,34761320300883,19995410,sB-eth3,up,34761320129143,netem,26439204,19282,0,0,0,0,0,25417812,3810,0,25416822,3791,0
863,34761336706345,34761338517716,19998731,sA-eth3,up,34761338342473,netem,22610264,16552,0,0,0,0,0,21522776,3212,0,21735482,3297,0
863,34761336706345,34761341203345,19998731,sB-eth3,up,34761341043473,netem,26439204,19282,0,0,0,0,0,25417812,3810,0,25416822,3791,0
864,34761356712326,34761358957711,20005981,sA-eth3,up,34761358781329,netem,22610264,16552,0,0,0,0,0,21522776,3212,0,21735482,3297,0
864,34761356712326,34761361023714,20005981,sB-eth3,up,34761360836742,netem,26439204,19282,0,0,0,0,0,25417812,3810,0,25416822,3791,0
865,34761376715257,34761378809991,20002931,sA-eth3,up,34761378628878,netem,22610264,16552,0,0,0,0,0,21522776,3212,0,21735482,3297,0
865,34761376715257,34761380557819,20002931,sB-eth3,up,34761380390578,netem,26439204,19282,0,0,0,0,0,25417812,3810,0,25416822,3791,0
866,34761396705108,34761398524338,19989851,sA-eth3,up,34761398354476,netem,22610264,16552,0,0,0,0,0,21522776,3212,0,21735482,3297,0
866,34761396705108,34761400257247,19989851,sB-eth3,up,34761400095515,netem,26439204,19282,0,0,0,0,0,25417812,3810,0,25416822,3791,0
867,34761416736799,34761418613469,20031691,sA-eth3,up,34761418432508,netem,22610264,16552,0,0,0,0,0,21522776,3212,0,21735482,3297,0
867,34761416736799,34761420372119,20031691,sB-eth3,up,34761420194138,netem,26439204,19282,0,0,0,0,0,25417812,3810,0,25416822,3791,0
868,34761436708479,34761438542600,19971680,sA-eth3,up,34761438354728,netem,22610264,16552,0,0,0,0,0,21522776,3212,0,21735482,3297,0
868,34761436708479,34761440331280,19971680,sB-eth3,up,34761440144758,netem,26439204,19282,0,0,0,0,0,25417812,3810,0,25416822,3791,0
869,34761456718141,34761458687882,20009662,sA-eth3,up,34761458464910,netem,22610264,16552,0,0,0,0,0,21522776,3212,0,21735482,3297,0
869,34761456718141,34761460907207,20009662,sB-eth3,up,34761460741395,netem,26439204,19282,0,0,0,0,0,25417812,3810,0,25416822,3791,0
870,34761476719392,34761478629163,20001251,sA-eth3,up,34761478450851,netem,22610264,16552,0,0,0,0,0,21522776,3212,0,21735482,3297,0
870,34761476719392,34761480900138,20001251,sB-eth3,up,34761480737056,netem,26439204,19282,0,0,0,0,0,25417812,3810,0,25416822,3791,0
871,34761496717862,34761498578733,19998470,sA-eth3,up,34761498403471,netem,22610264,16552,0,0,0,0,0,21522776,3212,0,21735482,3297,0
871,34761496717862,34761500794187,19998470,sB-eth3,up,34761500624306,netem,26439204,19282,0,0,0,0,0,25417812,3810,0,25416822,3791,0
872,34761516707904,34761518576154,19990042,sA-eth3,up,34761518399532,netem,22610264,16552,0,0,0,0,0,21522776,3212,0,21735482,3297,0
872,34761516707904,34761520415634,19990042,sB-eth3,up,34761520247492,netem,26439204,19282,0,0,0,0,0,25417812,3810,0,25416822,3791,0
873,34761536724244,34761538649146,20016340,sA-eth3,up,34761538466773,netem,22610264,16552,0,0,0,0,0,21522776,3212,0,21735482,3297,0
873,34761536724244,34761540658278,20016340,sB-eth3,up,34761540491226,netem,26439204,19282,0,0,0,0,0,25417812,3810,0,25416822,3791,0
874,34761556714505,34761558633546,19990261,sA-eth3,up,34761558453874,netem,22610264,16552,0,0,0,0,0,21522776,3212,0,21735482,3297,0
874,34761556714505,34761560527017,19990261,sB-eth3,up,34761560354335,netem,26439204,19282,0,0,0,0,0,25417812,3810,0,25416822,3791,0
875,34761576710006,34761578507716,19995501,sA-eth3,up,34761578335994,netem,22610264,16552,0,0,0,0,0,21522776,3212,0,21735482,3297,0
875,34761576710006,34761580398936,19995501,sB-eth3,up,34761580215135,netem,26439204,19282,0,0,0,0,0,25417812,3810,0,25416822,3791,0
876,34761596706776,34761598569917,19996770,sA-eth3,up,34761598396315,netem,22610264,16552,0,0,0,0,0,21522776,3212,0,21735482,3297,0
876,34761596706776,34761600231276,19996770,sB-eth3,up,34761600065344,netem,26439204,19282,0,0,0,0,0,25417812,3810,0,25416822,3791,0
877,34761616715317,34761618574968,20008541,sA-eth3,up,34761618392456,netem,22610264,16552,0,0,0,0,0,21522776,3212,0,21735482,3297,0
877,34761616715317,34761620238046,20008541,sB-eth3,up,34761620081615,netem,26439204,19282,0,0,0,0,0,25417812,3810,0,25416822,3791,0
878,34761636713599,34761638584899,19998282,sA-eth3,up,34761638404618,netem,22610264,16552,0,0,0,0,0,21522776,3212,0,21735482,3297,0
878,34761636713599,34761640780474,19998282,sB-eth3,up,34761640621192,netem,26439204,19282,0,0,0,0,0,25417812,3810,0,25416822,3791,0
879,34761656714099,34761658542750,20000500,sA-eth3,up,34761658374008,netem,22610264,16552,0,0,0,0,0,21522776,3212,0,21735482,3297,0
879,34761656714099,34761660387171,20000500,sB-eth3,up,34761660215618,netem,26439204,19282,0,0,0,0,0,25417812,3810,0,25416822,3791,0
880,34761676712340,34761678615801,19998241,sA-eth3,up,34761678443149,netem,22610264,16552,0,0,0,0,0,21522776,3212,0,21735482,3297,0
880,34761676712340,34761680422771,19998241,sB-eth3,up,34761680255640,netem,26439204,19282,0,0,0,0,0,25417812,3810,0,25416822,3791,0
881,34761696715012,34761698586692,20002672,sA-eth3,up,34761698411930,netem,22610264,16552,0,0,0,0,0,21522776,3212,0,21735482,3297,0
881,34761696715012,34761700446973,20002672,sB-eth3,up,34761700254150,netem,26439204,19282,0,0,0,0,0,25417812,3810,0,25416822,3791,0
882,34761716711812,34761718614913,19996800,sA-eth3,up,34761718441561,netem,22610264,16552,0,0,0,0,0,21522776,3212,0,21735482,3297,0
882,34761716711812,34761720501074,19996800,sB-eth3,up,34761720339382,netem,26439204,19282,0,0,0,0,0,25417812,3810,0,25416822,3791,0
883,34761736725064,34761738596994,20013252,sA-eth3,up,34761738421123,netem,22610264,16552,0,0,0,0,0,21522776,3212,0,21735482,3297,0
883,34761736725064,34761740691257,20013252,sB-eth3,up,34761740532645,netem,26439204,19282,0,0,0,0,0,25417812,3810,0,25416822,3791,0
884,34761756705934,34761758489014,19980870,sA-eth3,up,34761758318041,netem,22610264,16552,0,0,0,0,0,21522776,3212,0,21735482,3297,0
884,34761756705934,34761760396514,19980870,sB-eth3,up,34761760229693,netem,26439204,19282,0,0,0,0,0,25417812,3810,0,25416822,3791,0
885,34761776727555,34761778595656,20021621,sA-eth3,up,34761778421284,netem,22610264,16552,0,0,0,0,0,21522776,3212,0,21735482,3297,0
885,34761776727555,34761780432036,20021621,sB-eth3,up,34761780264594,netem,26439204,19282,0,0,0,0,0,25417812,3810,0,25416822,3791,0
886,34761796724766,34761798702758,19997211,sA-eth3,up,34761798483906,netem,22610264,16552,0,0,0,0,0,21522776,3212,0,21735482,3297,0
886,34761796724766,34761800616759,19997211,sB-eth3,up,34761800443448,netem,26439204,19282,0,0,0,0,0,25417812,3810,0,25416822,3791,0
887,34761816706307,34761818582227,19981541,sA-eth3,up,34761818411236,netem,22610264,16552,0,0,0,0,0,21522776,3212,0,21735482,3297,0
887,34761816706307,34761820504539,19981541,sB-eth3,up,34761820333937,netem,26439204,19282,0,0,0,0,0,25417812,3810,0,25416822,3791,0
888,34761836714107,34761838574348,20007800,sA-eth3,up,34761838390056,netem,22610264,16552,0,0,0,0,0,21522776,3212,0,21735482,3297,0
888,34761836714107,34761840411168,20007800,sB-eth3,up,34761840239566,netem,26439204,19282,0,0,0,0,0,25417812,3810,0,25416822,3791,0
889,34761856716419,34761858596759,20002312,sA-eth3,up,34761858423547,netem,22610264,16552,0,0,0,0,0,21522776,3212,0,21735482,3297,0
889,34761856716419,34761860274898,20002312,sB-eth3,up,34761860115676,netem,26439204,19282,0,0,0,0,0,25417812,3810,0,25416822,3791,0
890,34761876709369,34761878538519,19992950,sA-eth3,up,34761878368607,netem,22610264,16552,0,0,0,0,0,21522776,3212,0,21735482,3297,0
890,34761876709369,34761880546811,19992950,sB-eth3,up,34761880390129,netem,26439204,19282,0,0,0,0,0,25417812,3810,0,25416822,3791,0
891,34761896718030,34761898623491,20008661,sA-eth3,up,34761898447209,netem,22610264,16552,0,0,0,0,0,21522776,3212,0,21735482,3297,0
891,34761896718030,34761900504411,20008661,sB-eth3,up,34761900348330,netem,26439204,19282,0,0,0,0,0,25417812,3810,0,25416822,3791,0
892,34761916714651,34761918592032,19996621,sA-eth3,up,34761918409420,netem,22610264,16552,0,0,0,0,0,21522776,3212,0,21735482,3297,0
892,34761916714651,34761920440732,19996621,sB-eth3,up,34761920268710,netem,26439204,19282,0,0,0,0,0,25417812,3810,0,25416822,3791,0
893,34761936706952,34761938532572,19992301,sA-eth3,up,34761938358600,netem,22610264,16552,0,0,0,0,0,21522776,3212,0,21735482,3297,0
893,34761936706952,34761940847147,19992301,sB-eth3,up,34761940688376,netem,26439204,19282,0,0,0,0,0,25417812,3810,0,25416822,3791,0
894,34761956713512,34761959122729,20006560,sA-eth3,up,34761958930107,netem,22610264,16552,0,0,0,0,0,21522776,3212,0,21735482,3297,0
894,34761956713512,34761960984820,20006560,sB-eth3,up,34761960819948,netem,26439204,19282,0,0,0,0,0,25417812,3810,0,25416822,3791,0
895,34761976704884,34761979227032,19991372,sA-eth3,up,34761979063189,netem,22610264,16552,0,0,0,0,0,21522776,3212,0,21735482,3297,0
895,34761976704884,34761981116772,19991372,sB-eth3,up,34761980933410,netem,26439204,19282,0,0,0,0,0,25417812,3810,0,25416822,3791,0
896,34761996705434,34761999216472,20000550,sA-eth3,up,34761999054290,netem,22610264,16552,0,0,0,0,0,21522776,3212,0,21735482,3297,0
896,34761996705434,34762001117614,20000550,sB-eth3,up,34762000948081,netem,26439204,19282,0,0,0,0,0,25417812,3810,0,25416822,3791,0
897,34762016697545,34762018644067,19992111,sA-eth3,up,34762018476285,netem,22610264,16552,0,0,0,0,0,21522776,3212,0,21735482,3297,0
897,34762016697545,34762020492197,19992111,sB-eth3,up,34762020339166,netem,26439204,19282,0,0,0,0,0,25417812,3810,0,25416822,3791,0
898,34762036711066,34762038608347,20013521,sA-eth3,up,34762038419915,netem,22610264,16552,0,0,0,0,0,21522776,3212,0,21735482,3297,0
898,34762036711066,34762040444608,20013521,sB-eth3,up,34762040274596,netem,26439204,19282,0,0,0,0,0,25417812,3810,0,25416822,3791,0
899,34762056711777,34762058618668,20000711,sA-eth3,up,34762058449706,netem,22610264,16552,0,0,0,0,0,21522776,3212,0,21735482,3297,0
899,34762056711777,34762060455679,20000711,sB-eth3,up,34762060299816,netem,26439204,19282,0,0,0,0,0,25417812,3810,0,25416822,3791,0
900,34762076710548,34762078538719,19998771,sA-eth3,up,34762078372456,netem,22610264,16552,0,0,0,0,0,21522776,3212,0,21735482,3297,0
900,34762076710548,34762080309918,19998771,sB-eth3,up,34762080141896,netem,26439204,19282,0,0,0,0,0,25417812,3810,0,25416822,3791,0
901,34762096701669,34762098782282,19991121,sA-eth3,up,34762098610900,netem,22610264,16552,0,0,0,0,0,21522776,3212,0,21735482,3297,0
901,34762096701669,34762100504691,19991121,sB-eth3,up,34762100349959,netem,26439204,19282,0,0,0,0,0,25417812,3810,0,25416822,3791,0
902,34762116703550,34762119087407,20001881,sA-eth3,up,34762118902694,netem,22610264,16552,0,0,0,0,0,21522776,3212,0,21735482,3297,0
902,34762116703550,34762121296920,20001881,sB-eth3,up,34762121133749,netem,26439204,19282,0,0,0,0,0,25417812,3810,0,25416822,3791,0
903,34762136709710,34762139026707,20006160,sA-eth3,up,34762138830414,netem,22610264,16552,0,0,0,0,0,21522776,3212,0,21735482,3297,0
903,34762136709710,34762141033089,20006160,sB-eth3,up,34762140854176,netem,26439204,19282,0,0,0,0,0,25417812,3810,0,25416822,3791,0
904,34762156709312,34762158623572,19999602,sA-eth3,up,34762158462911,netem,22610264,16552,0,0,0,0,0,21522776,3212,0,21735482,3297,0
904,34762156709312,34762160819427,19999602,sB-eth3,up,34762160665736,netem,26439204,19282,0,0,0,0,0,25417812,3810,0,25416822,3791,0
905,34762176702452,34762178547313,19993140,sA-eth3,up,34762178382391,netem,22610264,16552,0,0,0,0,0,21522776,3212,0,21735482,3297,0
905,34762176702452,34762180413013,19993140,sB-eth3,up,34762180250011,netem,26439204,19282,0,0,0,0,0,25417812,3810,0,25416822,3791,0
906,34762196705814,34762198515684,20003362,sA-eth3,up,34762198354832,netem,22610264,16552,0,0,0,0,0,21522776,3212,0,21735482,3297,0
906,34762196705814,34762200164371,20003362,sB-eth3,up,34762199992300,netem,26439204,19282,0,0,0,0,0,25417812,3810,0,25416822,3791,0
907,34762216712344,34762218567154,20006530,sA-eth3,up,34762218399014,netem,22610264,16552,0,0,0,0,0,21522776,3212,0,21735482,3297,0
907,34762216712344,34762220200403,20006530,sB-eth3,up,34762220047941,netem,26439204,19282,0,0,0,0,0,25417812,3810,0,25416822,3791,0
908,34762236714795,34762238548586,20002451,sA-eth3,up,34762238370663,netem,22610264,16552,0,0,0,0,0,21522776,3212,0,21735482,3297,0
908,34762236714795,34762240715719,20002451,sB-eth3,up,34762240556018,netem,26439204,19282,0,0,0,0,0,25417812,3810,0,25416822,3791,0
909,34762256697786,34762258483036,19982991,sA-eth3,up,34762258317254,netem,22610264,16552,0,0,0,0,0,21522776,3212,0,21735482,3297,0
909,34762256697786,34762260213374,19982991,sB-eth3,up,34762260055503,netem,26439204,19282,0,0,0,0,0,25417812,3810,0,25416822,3791,0
910,34762276719367,34762278644699,20021581,sA-eth3,up,34762278446416,netem,22610264,16552,0,0,0,0,0,21522776,3212,0,21735482,3297,0
910,34762276719367,34762280398488,20021581,sB-eth3,up,34762280212506,netem,26439204,19282,0,0,0,0,0,25417812,3810,0,25416822,3791,0
911,34762296712307,34762298605299,19992940,sA-eth3,up,34762298426046,netem,22610264,16552,0,0,0,0,0,21522776,3212,0,21735482,3297,0
911,34762296712307,34762300742782,19992940,sB-eth3,up,34762300585351,netem,26439204,19282,0,0,0,0,0,25417812,3810,0,25416822,3791,0
912,34762316720589,34762318591339,20008282,sA-eth3,up,34762318416777,netem,22610264,16552,0,0,0,0,0,21522776,3212,0,21735482,3297,0
912,34762316720589,34762320466110,20008282,sB-eth3,up,34762320308928,netem,26439204,19282,0,0,0,0,0,25417812,3810,0,25416822,3791,0
913,34762336709650,34762338504069,19989061,sA-eth3,up,34762338337037,netem,22610264,16552,0,0,0,0,0,21522776,3212,0,21735482,3297,0
913,34762336709650,34762340313269,19989061,sB-eth3,up,34762340146458,netem,26439204,19282,0,0,0,0,0,25417812,3810,0,25416822,3791,0
914,34762356701140,34762358542221,19991490,sA-eth3,up,34762358378839,netem,22610264,16552,0,0,0,0,0,21522776,3212,0,21735482,3297,0
914,34762356701140,34762360372431,19991490,sB-eth3,up,34762360203709,netem,26439204,19282,0,0,0,0,0,25417812,3810,0,25416822,3791,0
915,34762376709271,34762379310080,20008131,sA-eth3,up,34762378576392,netem,22610264,16552,0,0,0,0,0,21522776,3212,0,21735482,3297,0
915,34762376709271,34762381203360,20008131,sB-eth3,up,34762381035169,netem,26439204,19282,0,0,0,0,0,25417812,3810,0,25416822,3791,0
916,34762396706192,34762398551592,19996921,sA-eth3,up,34762398387001,netem,22610264,16552,0,0,0,0,0,21522776,3212,0,21735482,3297,0
916,34762396706192,34762400559164,19996921,sB-eth3,up,34762400398993,netem,26439204,19282,0,0,0,0,0,25417812,3810,0,25416822,3791,0
917,34762416704643,34762418478922,19998451,sA-eth3,up,34762418315381,netem,22610264,16552,0,0,0,0,0,21522776,3212,0,21735482,3297,0
917,34762416704643,34762420339893,19998451,sB-eth3,up,34762420161541,netem,26439204,19282,0,0,0,0,0,25417812,3810,0,25416822,3791,0
918,34762436711654,34762438581264,20007011,sA-eth3,up,34762438406492,netem,22610264,16552,0,0,0,0,0,21522776,3212,0,21735482,3297,0
918,34762436711654,34762440403934,20007011,sB-eth3,up,34762440233453,netem,26439204,19282,0,0,0,0,0,25417812,3810,0,25416822,3791,0
919,34762456708675,34762458568575,19997021,sA-eth3,up,34762458394114,netem,22610264,16552,0,0,0,0,0,21522776,3212,0,21735482,3297,0
919,34762456708675,34762460400986,19997021,sB-eth3,up,34762460236734,netem,26439204,19282,0,0,0,0,0,25417812,3810,0,25416822,3791,0
920,34762476720515,34762478665977,20011840,sA-eth3,up,34762478487725,netem,22610264,16552,0,0,0,0,0,21522776,3212,0,21735482,3297,0
920,34762476720515,34762480538148,20011840,sB-eth3,up,34762480384176,netem,26439204,19282,0,0,0,0,0,25417812,3810,0,25416822,3791,0
921,34762496703657,34762498507757,19983142,sA-eth3,up,34762498340454,netem,22610264,16552,0,0,0,0,0,21522776,3212,0,21735482,3297,0
921,34762496703657,34762500221046,19983142,sB-eth3,up,34762500067054,netem,26439204,19282,0,0,0,0,0,25417812,3810,0,25416822,3791,0
922,34762516699548,34762518483027,19995891,sA-eth3,up,34762518315205,netem,22610264,16552,0,0,0,0,0,21522776,3212,0,21735482,3297,0
922,34762516699548,34762520121045,19995891,sB-eth3,up,34762519949664,netem,26439204,19282,0,0,0,0,0,25417812,3810,0,25416822,3791,0
923,34762536704228,34762538535439,20004680,sA-eth3,up,34762538365667,netem,22610264,16552,0,0,0,0,0,21522776,3212,0,21735482,3297,0
923,34762536704228,34762540174826,20004680,sB-eth3,up,34762540019905,netem,26439204,19282,0,0,0,0,0,25417812,3810,0,25416822,3791,0
924,34762556719089,34762558590470,20014861,sA-eth3,up,34762558417707,netem,22610264,16552,0,0,0,0,0,21522776,3212,0,21735482,3297,0
924,34762556719089,34762560235278,20014861,sB-eth3,up,34762560082307,netem,26439204,19282,0,0,0,0,0,25417812,3810,0,25416822,3791,0
925,34762576703030,34762578504979,19983941,sA-eth3,up,34762578329357,netem,22610264,16552,0,0,0,0,0,21522776,3212,0,21735482,3297,0
925,34762576703030,34762580177148,19983941,sB-eth3,up,34762580018026,netem,26439204,19282,0,0,0,0,0,25417812,3810,0,25416822,3791,0
926,34762596703681,34762598560672,20000651,sA-eth3,up,34762598383939,netem,22610264,16552,0,0,0,0,0,21522776,3212,0,21735482,3297,0
926,34762596703681,34762600257499,20000651,sB-eth3,up,34762600100919,netem,26439204,19282,0,0,0,0,0,25417812,3810,0,25416822,3791,0
927,34762616710352,34762618528322,20006671,sA-eth3,up,34762618363419,netem,22610264,16552,0,0,0,0,0,21522776,3212,0,21735482,3297,0
927,34762616710352,34762620252331,20006671,sB-eth3,up,34762620066739,netem,26439204,19282,0,0,0,0,0,25417812,3810,0,25416822,3791,0
928,34762636736753,34762638701585,20026401,sA-eth3,up,34762638521533,netem,22610264,16552,0,0,0,0,0,21522776,3212,0,21735482,3297,0
928,34762636736753,34762640396764,20026401,sB-eth3,up,34762640221792,netem,26439204,19282,0,0,0,0,0,25417812,3810,0,25416822,3791,0
929,34762656704503,34762658487693,19967750,sA-eth3,up,34762658321411,netem,22610264,16552,0,0,0,0,0,21522776,3212,0,21735482,3297,0
929,34762656704503,34762660169632,19967750,sB-eth3,up,34762659993679,netem,26439204,19282,0,0,0,0,0,25417812,3810,0,25416822,3791,0
930,34762676711464,34762678533345,20006961,sA-eth3,up,34762678349212,netem,22610264,16552,0,0,0,0,0,21522776,3212,0,21735482,3297,0
930,34762676711464,34762680254274,20006961,sB-eth3,up,34762680083371,netem,26439204,19282,0,0,0,0,0,25417812,3810,0,25416822,3791,0
931,34762696712345,34762698591866,20000881,sA-eth3,up,34762698422464,netem,22610264,16552,0,0,0,0,0,21522776,3212,0,21735482,3297,0
931,34762696712345,34762700347936,20000881,sB-eth3,up,34762700176384,netem,26439204,19282,0,0,0,0,0,25417812,3810,0,25416822,3791,0
932,34762716706265,34762718558077,19993920,sA-eth3,up,34762718389545,netem,22610264,16552,0,0,0,0,0,21522776,3212,0,21735482,3297,0
932,34762716706265,34762720260936,19993920,sB-eth3,up,34762720108444,netem,26439204,19282,0,0,0,0,0,25417812,3810,0,25416822,3791,0
933,34762736712537,34762738585838,20006272,sA-eth3,up,34762738412536,netem,22610264,16552,0,0,0,0,0,21522776,3212,0,21735482,3297,0
933,34762736712537,34762740243516,20006272,sB-eth3,up,34762740081434,netem,26439204,19282,0,0,0,0,0,25417812,3810,0,25416822,3791,0
934,34762756701707,34762758483767,19989170,sA-eth3,up,34762758317546,netem,22610264,16552,0,0,0,0,0,21522776,3212,0,21735482,3297,0
934,34762756701707,34762760178646,19989170,sB-eth3,up,34762760023764,netem,26439204,19282,0,0,0,0,0,25417812,3810,0,25416822,3791,0
935,34762776706648,34762778505679,20004941,sA-eth3,up,34762778343917,netem,22610264,16552,0,0,0,0,0,21522776,3212,0,21735482,3297,0
935,34762776706648,34762780158557,20004941,sB-eth3,up,34762779990626,netem,26439204,19282,0,0,0,0,0,25417812,3810,0,25416822,3791,0
936,34762796704170,34762798642570,19997522,sA-eth3,up,34762798440349,netem,22610264,16552,0,0,0,0,0,21522776,3212,0,21735482,3297,0
936,34762796704170,34762800391560,19997522,sB-eth3,up,34762800216969,netem,26439204,19282,0,0,0,0,0,25417812,3810,0,25416822,3791,0
937,34762816713381,34762818611502,20009211,sA-eth3,up,34762818425899,netem,22610264,16552,0,0,0,0,0,21522776,3212,0,21735482,3297,0
937,34762816713381,34762820369622,20009211,sB-eth3,up,34762820166209,netem,26439204,19282,0,0,0,0,0,25417812,3810,0,25416822,3791,0
938,34762836705442,34762838524832,19992061,sA-eth3,up,34762838352889,netem,22610264,16552,0,0,0,0,0,21522776,3212,0,21735482,3297,0
938,34762836705442,34762840211869,19992061,sB-eth3,up,34762840052999,netem,26439204,19282,0,0,0,0,0,25417812,3810,0,25416822,3791,0
939,34762856709633,34762858529472,20004191,sA-eth3,up,34762858354370,netem,22610264,16552,0,0,0,0,0,21522776,3212,0,21735482,3297,0
939,34762856709633,34762860209171,20004191,sB-eth3,up,34762860052269,netem,26439204,19282,0,0,0,0,0,25417812,3810,0,25416822,3791,0
940,34762876707863,34762878585494,19998230,sA-eth3,up,34762878398202,netem,22610264,16552,0,0,0,0,0,21522776,3212,0,21735482,3297,0
940,34762876707863,34762880255172,19998230,sB-eth3,up,34762880096591,netem,26439204,19282,0,0,0,0,0,25417812,3810,0,25416822,3791,0
941,34762896732894,34762898630175,20025031,sA-eth3,up,34762898457954,netem,22610264,16552,0,0,0,0,0,21522776,3212,0,21735482,3297,0
941,34762896732894,34762900355434,20025031,sB-eth3,up,34762900173242,netem,26439204,19282,0,0,0,0,0,25417812,3810,0,25416822,3791,0
942,34762916703185,34762918533975,19970291,sA-eth3,up,34762918364584,netem,22610264,16552,0,0,0,0,0,21522776,3212,0,21735482,3297,0
942,34762916703185,34762920200664,19970291,sB-eth3,up,34762920042391,netem,26439204,19282,0,0,0,0,0,25417812,3810,0,25416822,3791,0
943,34762936713346,34762938545796,20010161,sA-eth3,up,34762938369384,netem,22610264,16552,0,0,0,0,0,21522776,3212,0,21735482,3297,0
943,34762936713346,34762940225884,20010161,sB-eth3,up,34762940066723,netem,26439204,19282,0,0,0,0,0,25417812,3810,0,25416822,3791,0
944,34762956705327,34762958574737,19991981,sA-eth3,up,34762958391245,netem,22610264,16552,0,0,0,0,0,21522776,3212,0,21735482,3297,0
944,34762956705327,34762960259656,19991981,sB-eth3,up,34762960096964,netem,26439204,19282,0,0,0,0,0,25417812,3810,0,25416822,3791,0
945,34762976716777,34762979098185,20011450,sA-eth3,up,34762978890272,netem,22610264,16552,0,0,0,0,0,21522776,3212,0,21735482,3297,0
945,34762976716777,34762980761222,20011450,sB-eth3,up,34762980604120,netem,26439204,19282,0,0,0,0,0,25417812,3810,0,25416822,3791,0
946,34762996701758,34762998714810,19984981,sA-eth3,up,34762998548979,netem,22610264,16552,0,0,0,0,0,21522776,3212,0,21735482,3297,0
946,34762996701758,34763000541801,19984981,sB-eth3,up,34763000385409,netem,26439204,19282,0,0,0,0,0,25417812,3810,0,25416822,3791,0
947,34763016711260,34763018610430,20009502,sA-eth3,up,34763018432739,netem,22610264,16552,0,0,0,0,0,21522776,3212,0,21735482,3297,0
947,34763016711260,34763020442331,20009502,sB-eth3,up,34763020267229,netem,26439204,19282,0,0,0,0,0,25417812,3810,0,25416822,3791,0
948,34763036709330,34763038588941,19998070,sA-eth3,up,34763038413089,netem,22610264,16552,0,0,0,0,0,21522776,3212,0,21735482,3297,0
948,34763036709330,34763040463892,19998070,sB-eth3,up,34763040306030,netem,26439204,19282,0,0,0,0,0,25417812,3810,0,25416822,3791,0
949,34763056717281,34763058601222,20007951,sA-eth3,up,34763058433820,netem,22610264,16552,0,0,0,0,0,21522776,3212,0,21735482,3297,0
949,34763056717281,34763060482593,20007951,sB-eth3,up,34763060326611,netem,26439204,19282,0,0,0,0,0,25417812,3810,0,25416822,3791,0
950,34763076705472,34763078558342,19988191,sA-eth3,up,34763078396521,netem,22610264,16552,0,0,0,0,0,21522776,3212,0,21735482,3297,0
950,34763076705472,34763080397903,19988191,sB-eth3,up,34763080222451,netem,26439204,19282,0,0,0,0,0,25417812,3810,0,25416822,3791,0
951,34763096703183,34763098588074,19997711,sA-eth3,up,34763098417102,netem,22610264,16552,0,0,0,0,0,21522776,3212,0,21735482,3297,0
951,34763096703183,34763100396664,19997711,sB-eth3,up,34763100233342,netem,26439204,19282,0,0,0,0,0,25417812,3810,0,25416822,3791,0
952,34763116703543,34763118571944,20000360,sA-eth3,up,34763118404442,netem,22610264,16552,0,0,0,0,0,21522776,3212,0,21735482,3297,0
952,34763116703543,34763120403764,20000360,sB-eth3,up,34763120236462,netem,26439204,19282,0,0,0,0,0,25417812,3810,0,25416822,3791,0
953,34763136713355,34763138606245,20009812,sA-eth3,up,34763138435054,netem,22610264,16552,0,0,0,0,0,21522776,3212,0,21735482,3297,0
953,34763136713355,34763140489226,20009812,sB-eth3,up,34763140331485,netem,26439204,19282,0,0,0,0,0,25417812,3810,0,25416822,3791,0
954,34763156708296,34763158571537,19994941,sA-eth3,up,34763158408704,netem,22610264,16552,0,0,0,0,0,21522776,3212,0,21735482,3297,0
954,34763156708296,34763160416777,19994941,sB-eth3,up,34763160248465,netem,26439204,19282,0,0,0,0,0,25417812,3810,0,25416822,3791,0
955,34763176704907,34763178648158,19996611,sA-eth3,up,34763178483457,netem,22610264,16552,0,0,0,0,0,21522776,3212,0,21735482,3297,0
955,34763176704907,34763180446778,19996611,sB-eth3,up,34763180290186,netem,26439204,19282,0,0,0,0,0,25417812,3810,0,25416822,3791,0
956,34763196703327,34763198689139,19998420,sA-eth3,up,34763198523827,netem,22610264,16552,0,0,0,0,0,21522776,3212,0,21735482,3297,0
956,34763196703327,34763200529879,19998420,sB-eth3,up,34763200374917,netem,26439204,19282,0,0,0,0,0,25417812,3810,0,25416822,3791,0
957,34763216708268,34763218680040,20004941,sA-eth3,up,34763218511078,netem,22610264,16552,0,0,0,0,0,21522776,3212,0,21735482,3297,0
957,34763216708268,34763220703542,20004941,sB-eth3,up,34763220549810,netem,26439204,19282,0,0,0,0,0,25417812,3810,0,25416822,3791,0
958,34763236709820,34763238745112,20001552,sA-eth3,up,34763238570210,netem,22610264,16552,0,0,0,0,0,21522776,3212,0,21735482,3297,0
958,34763236709820,34763240606052,20001552,sB-eth3,up,34763240448240,netem,26439204,19282,0,0,0,0,0,25417812,3810,0,25416822,3791,0
959,34763256705220,34763258567810,19995400,sA-eth3,up,34763258398779,netem,22610264,16552,0,0,0,0,0,21522776,3212,0,21735482,3297,0
959,34763256705220,34763260491172,19995400,sB-eth3,up,34763260333080,netem,26439204,19282,0,0,0,0,0,25417812,3810,0,25416822,3791,0
960,34763276701821,34763278594352,19996601,sA-eth3,up,34763278430670,netem,22610264,16552,0,0,0,0,0,21522776,3212,0,21735482,3297,0
960,34763276701821,34763280478912,19996601,sB-eth3,up,34763280326121,netem,26439204,19282,0,0,0,0,0,25417812,3810,0,25416822,3791,0
961,34763296708532,34763298628663,20006711,sA-eth3,up,34763298465142,netem,22610264,16552,0,0,0,0,0,21522776,3212,0,21735482,3297,0
961,34763296708532,34763300501544,20006711,sB-eth3,up,34763300332492,netem,26439204,19282,0,0,0,0,0,25417812,3810,0,25416822,3791,0
962,34763316711473,34763318707425,20002941,sA-eth3,up,34763318453772,netem,22610264,16552,0,0,0,0,0,21522776,3212,0,21735482,3297,0
962,34763316711473,34763320779737,20002941,sB-eth3,up,34763320594965,netem,26439204,19282,0,0,0,0,0,25417812,3810,0,25416822,3791,0
963,34763336709823,34763338632895,19998350,sA-eth3,up,34763338448003,netem,22610264,16552,0,0,0,0,0,21522776,3212,0,21735482,3297,0
963,34763336709823,34763340558346,19998350,sB-eth3,up,34763340351984,netem,26439204,19282,0,0,0,0,0,25417812,3810,0,25416822,3791,0
964,34763356717155,34763358739817,20007332,sA-eth3,up,34763358554235,netem,22610264,16552,0,0,0,0,0,21522776,3212,0,21735482,3297,0
964,34763356717155,34763360623207,20007332,sB-eth3,up,34763360449756,netem,26439204,19282,0,0,0,0,0,25417812,3810,0,25416822,3791,0
965,34763376713665,34763378706028,19996510,sA-eth3,up,34763378526235,netem,22610264,16552,0,0,0,0,0,21522776,3212,0,21735482,3297,0
965,34763376713665,34763380611559,19996510,sB-eth3,up,34763380454417,netem,26439204,19282,0,0,0,0,0,25417812,3810,0,25416822,3791,0
966,34763396713796,34763398603827,20000131,sA-eth3,up,34763398426005,netem,22610264,16552,0,0,0,0,0,21522776,3212,0,21735482,3297,0
966,34763396713796,34763400447357,20000131,sB-eth3,up,34763400289756,netem,26439204,19282,0,0,0,0,0,25417812,3810,0,25416822,3791,0
967,34763416725787,34763418550918,20011991,sA-eth3,up,34763418357515,netem,22610264,16552,0,0,0,0,0,21522776,3212,0,21735482,3297,0
967,34763416725787,34763420402187,20011991,sB-eth3,up,34763420231066,netem,26439204,19282,0,0,0,0,0,25417812,3810,0,25416822,3791,0
968,34763436712468,34763438504258,19986681,sA-eth3,up,34763438335687,netem,22610264,16552,0,0,0,0,0,21522776,3212,0,21735482,3297,0
968,34763436712468,34763440331969,19986681,sB-eth3,up,34763440164876,netem,26439204,19282,0,0,0,0,0,25417812,3810,0,25416822,3791,0
969,34763456700339,34763458508959,19987871,sA-eth3,up,34763458340247,netem,22610264,16552,0,0,0,0,0,21522776,3212,0,21735482,3297,0
969,34763456700339,34763460310159,19987871,sB-eth3,up,34763460146177,netem,26439204,19282,0,0,0,0,0,25417812,3810,0,25416822,3791,0
970,34763476708580,34763478515030,20008241,sA-eth3,up,34763478347188,netem,22610264,16552,0,0,0,0,0,21522776,3212,0,21735482,3297,0
970,34763476708580,34763480456872,20008241,sB-eth3,up,34763480289830,netem,26439204,19282,0,0,0,0,0,25417812,3810,0,25416822,3791,0
971,34763496711800,34763498618742,20003220,sA-eth3,up,34763498389310,netem,22610264,16552,0,0,0,0,0,21522776,3212,0,21735482,3297,0
971,34763496711800,34763500418462,20003220,sB-eth3,up,34763500248580,netem,26439204,19282,0,0,0,0,0,25417812,3810,0,25416822,3791,0
972,34763516708702,34763518569422,19996902,sA-eth3,up,34763518393490,netem,22610264,16552,0,0,0,0,0,21522776,3212,0,21735482,3297,0
972,34763516708702,34763520337342,19996902,sB-eth3,up,34763520169870,netem,26439204,19282,0,0,0,0,0,25417812,3810,0,25416822,3791,0
973,34763536713453,34763538610103,20004751,sA-eth3,up,34763538433282,netem,22610264,16552,0,0,0,0,0,21522776,3212,0,21735482,3297,0
973,34763536713453,34763540396663,20004751,sB-eth3,up,34763540230151,netem,26439204,19282,0,0,0,0,0,25417812,3810,0,25416822,3791,0
974,34763556715043,34763558647265,20001590,sA-eth3,up,34763558476753,netem,22610264,16552,0,0,0,0,0,21522776,3212,0,21735482,3297,0
974,34763556715043,34763560395184,20001590,sB-eth3,up,34763560225392,netem,26439204,19282,0,0,0,0,0,25417812,3810,0,25416822,3791,0
975,34763576710745,34763578516304,19995702,sA-eth3,up,34763578352322,netem,22610264,16552,0,0,0,0,0,21522776,3212,0,21735482,3297,0
975,34763576710745,34763580424605,19995702,sB-eth3,up,34763580261934,netem,26439204,19282,0,0,0,0,0,25417812,3810,0,25416822,3791,0
976,34763596711035,34763598592176,20000290,sA-eth3,up,34763598414364,netem,22610264,16552,0,0,0,0,0,21522776,3212,0,21735482,3297,0
976,34763596711035,34763600388626,20000290,sB-eth3,up,34763600220074,netem,26439204,19282,0,0,0,0,0,25417812,3810,0,25416822,3791,0
977,34763616710826,34763618555287,19999791,sA-eth3,up,34763618386965,netem,22610264,16552,0,0,0,0,0,21522776,3212,0,21735482,3297,0
977,34763616710826,34763620344027,19999791,sB-eth3,up,34763620166734,netem,26439204,19282,0,0,0,0,0,25417812,3810,0,25416822,3791,0
978,34763636709478,34763638603468,19998652,sA-eth3,up,34763638431587,netem,22610264,16552,0,0,0,0,0,21522776,3212,0,21735482,3297,0
978,34763636709478,34763640402688,19998652,sB-eth3,up,34763640237637,netem,26439204,19282,0,0,0,0,0,25417812,3810,0,25416822,3791,0
979,34763656705968,34763658591839,19996490,sA-eth3,up,34763658420127,netem,22610264,16552,0,0,0,0,0,21522776,3212,0,21735482,3297,0
979,34763656705968,34763660397659,19996490,sB-eth3,up,34763660231197,netem,26439204,19282,0,0,0,0,0,25417812,3810,0,25416822,3791,0
980,34763676719818,34763678622290,20013850,sA-eth3,up,34763678417047,netem,22610264,16552,0,0,0,0,0,21522776,3212,0,21735482,3297,0
980,34763676719818,34763680443300,20013850,sB-eth3,up,34763680274609,netem,26439204,19282,0,0,0,0,0,25417812,3810,0,25416822,3791,0
981,34763696712380,34763698581150,19992562,sA-eth3,up,34763698406478,netem,22610264,16552,0,0,0,0,0,21522776,3212,0,21735482,3297,0
981,34763696712380,34763700410790,19992562,sB-eth3,up,34763700238299,netem,26439204,19282,0,0,0,0,0,25417812,3810,0,25416822,3791,0
982,34763716717990,34763718610182,20005610,sA-eth3,up,34763718430950,netem,22610264,16552,0,0,0,0,0,21522776,3212,0,21735482,3297,0
982,34763716717990,34763720392941,20005610,sB-eth3,up,34763720209349,netem,26439204,19282,0,0,0,0,0,25417812,3810,0,25416822,3791,0
983,34763736706531,34763738575242,19988541,sA-eth3,up,34763738404480,netem,22610264,16552,0,0,0,0,0,21522776,3212,0,21735482,3297,0
983,34763736706531,34763740531124,19988541,sB-eth3,up,34763740375032,netem,26439204,19282,0,0,0,0,0,25417812,3810,0,25416822,3791,0
984,34763756701653,34763758572503,19995122,sA-eth3,up,34763758396250,netem,22610264,16552,0,0,0,0,0,21522776,3212,0,21735482,3297,0
984,34763756701653,34763760449684,19995122,sB-eth3,up,34763760271812,netem,26439204,19282,0,0,0,0,0,25417812,3810,0,25416822,3791,0
985,34763776712323,34763778563573,20010670,sA-eth3,up,34763778385992,netem,22610264,16552,0,0,0,0,0,21522776,3212,0,21735482,3297,0
985,34763776712323,34763780378794,20010670,sB-eth3,up,34763780211082,netem,26439204,19282,0,0,0,0,0,25417812,3810,0,25416822,3791,0
986,34763796709524,34763798566635,19997201,sA-eth3,up,34763798395562,netem,22610264,16552,0,0,0,0,0,21522776,3212,0,21735482,3297,0
986,34763796709524,34763800389905,19997201,sB-eth3,up,34763800224992,netem,26439204,19282,0,0,0,0,0,25417812,3810,0,25416822,3791,0
987,34763816713795,34763818637706,20004271,sA-eth3,up,34763818461354,netem,22610264,16552,0,0,0,0,0,21522776,3212,0,21735482,3297,0
987,34763816713795,34763820479327,20004271,sB-eth3,up,34763820322694,netem,26439204,19282,0,0,0,0,0,25417812,3810,0,25416822,3791,0
988,34763836699086,34763838637927,19985291,sA-eth3,up,34763838467095,netem,22610264,16552,0,0,0,0,0,21522776,3212,0,21735482,3297,0
988,34763836699086,34763840451347,19985291,sB-eth3,up,34763840294025,netem,26439204,19282,0,0,0,0,0,25417812,3810,0,25416822,3791,0
989,34763856708637,34763858594768,20009551,sA-eth3,up,34763858415785,netem,22610264,16552,0,0,0,0,0,21522776,3212,0,21735482,3297,0
989,34763856708637,34763860377147,20009551,sB-eth3,up,34763860207465,netem,26439204,19282,0,0,0,0,0,25417812,3810,0,25416822,3791,0
990,34763876706458,34763878558908,19997821,sA-eth3,up,34763878390947,netem,22610264,16552,0,0,0,0,0,21522776,3212,0,21735482,3297,0
990,34763876706458,34763880331577,19997821,sB-eth3,up,34763880164576,netem,26439204,19282,0,0,0,0,0,25417812,3810,0,25416822,3791,0
991,34763896712398,34763898533468,20005940,sA-eth3,up,34763898359757,netem,22610264,16552,0,0,0,0,0,21522776,3212,0,21735482,3297,0
991,34763896712398,34763900431819,20005940,sB-eth3,up,34763900262748,netem,26439204,19282,0,0,0,0,0,25417812,3810,0,25416822,3791,0
992,34763916704830,34763918617680,19992432,sA-eth3,up,34763918425088,netem,22610264,16552,0,0,0,0,0,21522776,3212,0,21735482,3297,0
992,34763916704830,34763920416860,19992432,sB-eth3,up,34763920239399,netem,26439204,19282,0,0,0,0,0,25417812,3810,0,25416822,3791,0
993,34763936703871,34763938559501,19999041,sA-eth3,up,34763938384739,netem,22610264,16552,0,0,0,0,0,21522776,3212,0,21735482,3297,0
993,34763936703871,34763940356840,19999041,sB-eth3,up,34763940186259,netem,26439204,19282,0,0,0,0,0,25417812,3810,0,25416822,3791,0
994,34763956702271,34763958631892,19998400,sA-eth3,up,34763958416190,netem,22610264,16552,0,0,0,0,0,21522776,3212,0,21735482,3297,0
994,34763956702271,34763960493853,19998400,sB-eth3,up,34763960332972,netem,26439204,19282,0,0,0,0,0,25417812,3810,0,25416822,3791,0
995,34763976713513,34763978618093,20011242,sA-eth3,up,34763978447171,netem,22610264,16552,0,0,0,0,0,21522776,3212,0,21735482,3297,0
995,34763976713513,34763980430553,20011242,sB-eth3,up,34763980264891,netem,26439204,19282,0,0,0,0,0,25417812,3810,0,25416822,3791,0
996,34763996713813,34763998613155,20000300,sA-eth3,up,34763998433322,netem,22610264,16552,0,0,0,0,0,21522776,3212,0,21735482,3297,0
996,34763996713813,34764000481524,20000300,sB-eth3,up,34764000318133,netem,26439204,19282,0,0,0,0,0,25417812,3810,0,25416822,3791,0
997,34764016711173,34764018576225,19997360,sA-eth3,up,34764018403053,netem,22610264,16552,0,0,0,0,0,21522776,3212,0,21735482,3297,0
997,34764016711173,34764020390875,19997360,sB-eth3,up,34764020223932,netem,26439204,19282,0,0,0,0,0,25417812,3810,0,25416822,3791,0
998,34764036705005,34764038553065,19993832,sA-eth3,up,34764038385733,netem,22610264,16552,0,0,0,0,0,21522776,3212,0,21735482,3297,0
998,34764036705005,34764040359435,19993832,sB-eth3,up,34764040190562,netem,26439204,19282,0,0,0,0,0,25417812,3810,0,25416822,3791,0
999,34764056717216,34764058642667,20012211,sA-eth3,up,34764058464405,netem,22610264,16552,0,0,0,0,0,21522776,3212,0,21735482,3297,0
999,34764056717216,34764060446207,20012211,sB-eth3,up,34764060279065,netem,26439204,19282,0,0,0,0,0,25417812,3810,0,25416822,3791,0
1000,34764076710566,34764078591027,19993350,sA-eth3,up,34764078420425,netem,22610264,16552,0,0,0,0,0,21522776,3212,0,21735482,3297,0
1000,34764076710566,34764080397147,19993350,sB-eth3,up,34764080229675,netem,26439204,19282,0,0,0,0,0,25417812,3810,0,25416822,3791,0
1001,34764096709978,34764098488647,19999412,sA-eth3,up,34764098313305,netem,22610264,16552,0,0,0,0,0,21522776,3212,0,21735482,3297,0
1001,34764096709978,34764100824063,19999412,sB-eth3,up,34764100667291,netem,26439204,19282,0,0,0,0,0,25417812,3810,0,25416822,3791,0
1002,34764116708808,34764118618050,19998830,sA-eth3,up,34764118439087,netem,22610264,16552,0,0,0,0,0,21522776,3212,0,21735482,3297,0
1002,34764116708808,34764120391429,19998830,sB-eth3,up,34764120226637,netem,26439204,19282,0,0,0,0,0,25417812,3810,0,25416822,3791,0
1003,34764136719589,34764138684361,20010781,sA-eth3,up,34764138502220,netem,22610264,16552,0,0,0,0,0,21522776,3212,0,21735482,3297,0
1003,34764136719589,34764140486201,20010781,sB-eth3,up,34764140323619,netem,26439204,19282,0,0,0,0,0,25417812,3810,0,25416822,3791,0
1004,34764156723461,34764158699172,20003872,sA-eth3,up,34764158513600,netem,22610264,16552,0,0,0,0,0,21522776,3212,0,21735482,3297,0
1004,34764156723461,34764160452651,20003872,sB-eth3,up,34764160292140,netem,26439204,19282,0,0,0,0,0,25417812,3810,0,25416822,3791,0
1005,34764176706901,34764178529071,19983440,sA-eth3,up,34764178356049,netem,22610264,16552,0,0,0,0,0,21522776,3212,0,21735482,3297,0
1005,34764176706901,34764180304200,19983440,sB-eth3,up,34764180128089,netem,26439204,19282,0,0,0,0,0,25417812,3810,0,25416822,3791,0
1006,34764196711071,34764198539502,20004170,sA-eth3,up,34764198367390,netem,22610264,16552,0,0,0,0,0,21522776,3212,0,21735482,3297,0
1006,34764196711071,34764200219920,20004170,sB-eth3,up,34764200064299,netem,26439204,19282,0,0,0,0,0,25417812,3810,0,25416822,3791,0
1007,34764216706683,34764218586963,19995612,sA-eth3,up,34764218408312,netem,22610264,16552,0,0,0,0,0,21522776,3212,0,21735482,3297,0
1007,34764216706683,34764220296392,19995612,sB-eth3,up,34764220122480,netem,26439204,19282,0,0,0,0,0,25417812,3810,0,25416822,3791,0
1008,34764236709133,34764238645025,20002450,sA-eth3,up,34764238469073,netem,22610264,16552,0,0,0,0,0,21522776,3212,0,21735482,3297,0
1008,34764236709133,34764240341844,20002450,sB-eth3,up,34764240169022,netem,26439204,19282,0,0,0,0,0,25417812,3810,0,25416822,3791,0
1009,34764256703914,34764258514985,19994781,sA-eth3,up,34764258345612,netem,22610264,16552,0,0,0,0,0,21522776,3212,0,21735482,3297,0
1009,34764256703914,34764260274884,19994781,sB-eth3,up,34764260108562,netem,26439204,19282,0,0,0,0,0,25417812,3810,0,25416822,3791,0
1010,34764276709015,34764278500205,20005101,sA-eth3,up,34764278328143,netem,22610264,16552,0,0,0,0,0,21522776,3212,0,21735482,3297,0
1010,34764276709015,34764280170154,20005101,sB-eth3,up,34764279996011,netem,26439204,19282,0,0,0,0,0,25417812,3810,0,25416822,3791,0
1011,34764296707056,34764298556607,19998041,sA-eth3,up,34764298382305,netem,22610264,16552,0,0,0,0,0,21522776,3212,0,21735482,3297,0
1011,34764296707056,34764300683760,19998041,sB-eth3,up,34764300525978,netem,26439204,19282,0,0,0,0,0,25417812,3810,0,25416822,3791,0
1012,34764316707878,34764318596118,20000822,sA-eth3,up,34764318416466,netem,22610264,16552,0,0,0,0,0,21522776,3212,0,21735482,3297,0
1012,34764316707878,34764320257747,20000822,sB-eth3,up,34764320100724,netem,26439204,19282,0,0,0,0,0,25417812,3810,0,25416822,3791,0
1013,34764336698908,34764338498097,19991030,sA-eth3,up,34764338334076,netem,22610264,16552,0,0,0,0,0,21522776,3212,0,21735482,3297,0
1013,34764336698908,34764340490510,19991030,sB-eth3,up,34764340336477,netem,26439204,19282,0,0,0,0,0,25417812,3810,0,25416822,3791,0
1014,34764356711889,34764358567039,20012981,sA-eth3,up,34764358392458,netem,22610264,16552,0,0,0,0,0,21522776,3212,0,21735482,3297,0
1014,34764356711889,34764360363240,20012981,sB-eth3,up,34764360196207,netem,26439204,19282,0,0,0,0,0,25417812,3810,0,25416822,3791,0
1015,34764376703700,34764378549680,19991811,sA-eth3,up,34764378376918,netem,22610264,16552,0,0,0,0,0,21522776,3212,0,21735482,3297,0
1015,34764376703700,34764380367390,19991811,sB-eth3,up,34764380199758,netem,26439204,19282,0,0,0,0,0,25417812,3810,0,25416822,3791,0
1016,34764396717431,34764398636933,20013731,sA-eth3,up,34764398456330,netem,22610264,16552,0,0,0,0,0,21522776,3212,0,21735482,3297,0
1016,34764396717431,34764400448962,20013731,sB-eth3,up,34764400291950,netem,26439204,19282,0,0,0,0,0,25417812,3810,0,25416822,3791,0
1017,34764416704981,34764418523841,19987550,sA-eth3,up,34764418359000,netem,22610264,16552,0,0,0,0,0,21522776,3212,0,21735482,3297,0
1017,34764416704981,34764420375582,19987550,sB-eth3,up,34764420205970,netem,26439204,19282,0,0,0,0,0,25417812,3810,0,25416822,3791,0
1018,34764436707603,34764438519703,20002622,sA-eth3,up,34764438346030,netem,22610264,16552,0,0,0,0,0,21522776,3212,0,21735482,3297,0
1018,34764436707603,34764440316322,20002622,sB-eth3,up,34764440148230,netem,26439204,19282,0,0,0,0,0,25417812,3810,0,25416822,3791,0
1019,34764456699453,34764458487483,19991850,sA-eth3,up,34764458322951,netem,22610264,16552,0,0,0,0,0,21522776,3212,0,21735482,3297,0
1019,34764456699453,34764460297153,19991850,sB-eth3,up,34764460124991,netem,26439204,19282,0,0,0,0,0,25417812,3810,0,25416822,3791,0
1020,34764476714224,34764478522394,20014771,sA-eth3,up,34764478355992,netem,22610264,16552,0,0,0,0,0,21522776,3212,0,21735482,3297,0
1020,34764476714224,34764480689318,20014771,sB-eth3,up,34764480533367,netem,26439204,19282,0,0,0,0,0,25417812,3810,0,25416822,3791,0
1021,34764496712235,34764498530605,19998011,sA-eth3,up,34764498367573,netem,22610264,16552,0,0,0,0,0,21522776,3212,0,21735482,3297,0
1021,34764496712235,34764500692089,19998011,sB-eth3,up,34764500540077,netem,26439204,19282,0,0,0,0,0,25417812,3810,0,25416822,3791,0
1022,34764516704066,34764518510165,19991831,sA-eth3,up,34764518339243,netem,22610264,16552,0,0,0,0,0,21522776,3212,0,21735482,3297,0
1022,34764516704066,34764520307345,19991831,sB-eth3,up,34764520138324,netem,26439204,19282,0,0,0,0,0,25417812,3810,0,25416822,3791,0
1023,34764536704777,34764538550977,20000711,sA-eth3,up,34764538384215,netem,22610264,16552,0,0,0,0,0,21522776,3212,0,21735482,3297,0
1023,34764536704777,34764540332247,20000711,sB-eth3,up,34764540168445,netem,26439204,19282,0,0,0,0,0,25417812,3810,0,25416822,3791,0
1024,34764556714928,34764558556318,20010151,sA-eth3,up,34764558385956,netem,22610264,16552,0,0,0,0,0,21522776,3212,0,21735482,3297,0
1024,34764556714928,34764560354898,20010151,sB-eth3,up,34764560185966,netem,26439204,19282,0,0,0,0,0,25417812,3810,0,25416822,3791,0
1025,34764576709558,34764578616600,19994630,sA-eth3,up,34764578443278,netem,22610264,16552,0,0,0,0,0,21522776,3212,0,21735482,3297,0
1025,34764576709558,34764580372759,19994630,sB-eth3,up,34764580201487,netem,26439204,19282,0,0,0,0,0,25417812,3810,0,25416822,3791,0
1026,34764596705689,34764598547910,19996131,sA-eth3,up,34764598375748,netem,22610264,16552,0,0,0,0,0,21522776,3212,0,21735482,3297,0
1026,34764596705689,34764600226568,19996131,sB-eth3,up,34764600067707,netem,26439204,19282,0,0,0,0,0,25417812,3810,0,25416822,3791,0
1027,34764616709650,34764618505500,20003961,sA-eth3,up,34764618334078,netem,22610264,16552,0,0,0,0,0,21522776,3212,0,21735482,3297,0
1027,34764616709650,34764620159838,20003961,sB-eth3,up,34764619994607,netem,26439204,19282,0,0,0,0,0,25417812,3810,0,25416822,3791,0
1028,34764636708171,34764638518811,19998521,sA-eth3,up,34764638354230,netem,22610264,16552,0,0,0,0,0,21522776,3212,0,21735482,3297,0
1028,34764636708171,34764640373552,19998521,sB-eth3,up,34764640204430,netem,26439204,19282,0,0,0,0,0,25417812,3810,0,25416822,3791,0
1029,34764656722203,34764658648084,20014032,sA-eth3,up,34764658464572,netem,22610264,16552,0,0,0,0,0,21522776,3212,0,21735482,3297,0
1029,34764656722203,34764660807768,20014032,sB-eth3,up,34764660652805,netem,26439204,19282,0,0,0,0,0,25417812,3810,0,25416822,3791,0
1030,34764676709593,34764678611784,19987390,sA-eth3,up,34764678439271,netem,22610264,16552,0,0,0,0,0,21522776,3212,0,21735482,3297,0
1030,34764676709593,34764680335273,19987390,sB-eth3,up,34764680160030,netem,26439204,19282,0,0,0,0,0,25417812,3810,0,25416822,3791,0
1031,34764696711234,34764698534254,20001641,sA-eth3,up,34764698358603,netem,22610264,16552,0,0,0,0,0,21522776,3212,0,21735482,3297,0
1031,34764696711234,34764700211473,20001641,sB-eth3,up,34764700055470,netem,26439204,19282,0,0,0,0,0,25417812,3810,0,25416822,3791,0
1032,34764716703284,34764718513875,19992050,sA-eth3,up,34764718343753,netem,22610264,16552,0,0,0,0,0,21522776,3212,0,21735482,3297,0
1032,34764716703284,34764720541697,19992050,sB-eth3,up,34764720387125,netem,26439204,19282,0,0,0,0,0,25417812,3810,0,25416822,3791,0
1033,34764736704596,34764738682327,20001312,sA-eth3,up,34764738435165,netem,22610264,16552,0,0,0,0,0,21522776,3212,0,21735482,3297,0
1033,34764736704596,34764740940082,20001312,sB-eth3,up,34764740767620,netem,26439204,19282,0,0,0,0,0,25417812,3810,0,25416822,3791,0
1034,34764756707836,34764758511936,20003240,sA-eth3,up,34764758341725,netem,22610264,16552,0,0,0,0,0,21522776,3212,0,21735482,3297,0
1034,34764756707836,34764760393467,20003240,sB-eth3,up,34764760223305,netem,26439204,19282,0,0,0,0,0,25417812,3810,0,25416822,3791,0
1035,34764776700917,34764778485546,19993081,sA-eth3,up,34764778315565,netem,22610264,16552,0,0,0,0,0,21522776,3212,0,21735482,3297,0
1035,34764776700917,34764780371918,19993081,sB-eth3,up,34764780186135,netem,26439204,19282,0,0,0,0,0,25417812,3810,0,25416822,3791,0
1036,34764796702548,34764798533898,20001631,sA-eth3,up,34764798361216,netem,22610264,16552,0,0,0,0,0,21522776,3212,0,21735482,3297,0
1036,34764796702548,34764800413118,20001631,sB-eth3,up,34764800246657,netem,26439204,19282,0,0,0,0,0,25417812,3810,0,25416822,3791,0
1037,34764816703849,34764818545709,20001301,sA-eth3,up,34764818381568,netem,22610264,16552,0,0,0,0,0,21522776,3212,0,21735482,3297,0
1037,34764816703849,34764820257098,20001301,sB-eth3,up,34764820077186,netem,26439204,19282,0,0,0,0,0,25417812,3810,0,25416822,3791,0
1038,34764836704469,34764838534800,20000620,sA-eth3,up,34764838368208,netem,22610264,16552,0,0,0,0,0,21522776,3212,0,21735482,3297,0
1038,34764836704469,34764840568103,20000620,sB-eth3,up,34764840414581,netem,26439204,19282,0,0,0,0,0,25417812,3810,0,25416822,3791,0
1039,34764856700201,34764858491501,19995732,sA-eth3,up,34764858322958,netem,22610264,16552,0,0,0,0,0,21522776,3212,0,21735482,3297,0
1039,34764856700201,34764860302100,19995732,sB-eth3,up,34764860136468,netem,26439204,19282,0,0,0,0,0,25417812,3810,0,25416822,3791,0
1040,34764876699191,34764878469341,19998990,sA-eth3,up,34764878308660,netem,22610264,16552,0,0,0,0,0,21522776,3212,0,21735482,3297,0
1040,34764876699191,34764880134860,19998990,sB-eth3,up,34764879966898,netem,26439204,19282,0,0,0,0,0,25417812,3810,0,25416822,3791,0
1041,34764896711742,34764898502922,20012551,sA-eth3,up,34764898330830,netem,22610264,16552,0,0,0,0,0,21522776,3212,0,21735482,3297,0
1041,34764896711742,34764900141511,20012551,sB-eth3,up,34764899972269,netem,26439204,19282,0,0,0,0,0,25417812,3810,0,25416822,3791,0
1042,34764916704833,34764918488663,19993091,sA-eth3,up,34764918325721,netem,22610264,16552,0,0,0,0,0,21522776,3212,0,21735482,3297,0
1042,34764916704833,34764920631757,19993091,sB-eth3,up,34764920477485,netem,26439204,19282,0,0,0,0,0,25417812,3810,0,25416822,3791,0
1043,34764936713854,34764938590056,20009021,sA-eth3,up,34764938403813,netem,22610264,16552,0,0,0,0,0,21522776,3212,0,21735482,3297,0
1043,34764936713854,34764940427956,20009021,sB-eth3,up,34764940253383,netem,26439204,19282,0,0,0,0,0,25417812,3810,0,25416822,3791,0
1044,34764956718176,34764958522166,20004322,sA-eth3,up,34764958352333,netem,22610264,16552,0,0,0,0,0,21522776,3212,0,21735482,3297,0
1044,34764956718176,34764960362506,20004322,sB-eth3,up,34764960186423,netem,26439204,19282,0,0,0,0,0,25417812,3810,0,25416822,3791,0
1045,34764976750946,34764978846719,20032770,sA-eth3,up,34764978614578,netem,22610264,16552,0,0,0,0,0,21522776,3212,0,21735482,3297,0
1045,34764976750946,34764980770641,20032770,sB-eth3,up,34764980594299,netem,26439204,19282,0,0,0,0,0,25417812,3810,0,25416822,3791,0
1046,34764996721557,34764998630119,19970611,sA-eth3,up,34764998449806,netem,22610264,16552,0,0,0,0,0,21522776,3212,0,21735482,3297,0
1046,34764996721557,34765000506779,19970611,sB-eth3,up,34765000346018,netem,26439204,19282,0,0,0,0,0,25417812,3810,0,25416822,3791,0
1047,34765016710168,34765019091574,19988611,sA-eth3,up,34765018882552,netem,22610264,16552,0,0,0,0,0,21522776,3212,0,21735482,3297,0
1047,34765016710168,34765020952834,19988611,sB-eth3,up,34765020790073,netem,26439204,19282,0,0,0,0,0,25417812,3810,0,25416822,3791,0
1048,34765036702119,34765038612440,19991951,sA-eth3,up,34765038442738,netem,22610264,16552,0,0,0,0,0,21522776,3212,0,21735482,3297,0
1048,34765036702119,34765040549341,19991951,sB-eth3,up,34765040392150,netem,26439204,19282,0,0,0,0,0,25417812,3810,0,25416822,3791,0
1049,34765056708529,34765058659771,20006410,sA-eth3,up,34765058493110,netem,22610264,16552,0,0,0,0,0,21522776,3212,0,21735482,3297,0
1049,34765056708529,34765060482081,20006410,sB-eth3,up,34765060328610,netem,26439204,19282,0,0,0,0,0,25417812,3810,0,25416822,3791,0
1050,34765076711861,34765078771983,20003332,sA-eth3,up,34765078592291,netem,22610264,16552,0,0,0,0,0,21522776,3212,0,21735482,3297,0
1050,34765076711861,34765080656144,20003332,sB-eth3,up,34765080491243,netem,26439204,19282,0,0,0,0,0,25417812,3810,0,25416822,3791,0
1051,34765096703021,34765098736234,19991160,sA-eth3,up,34765098554281,netem,22610264,16552,0,0,0,0,0,21522776,3212,0,21735482,3297,0
1051,34765096703021,34765100613725,19991160,sB-eth3,up,34765100450003,netem,26439204,19282,0,0,0,0,0,25417812,3810,0,25416822,3791,0
1052,34765116705442,34765118732204,20002421,sA-eth3,up,34765118559173,netem,22610264,16552,0,0,0,0,0,21522776,3212,0,21735482,3297,0
1052,34765116705442,34765120621006,20002421,sB-eth3,up,34765120458813,netem,26439204,19282,0,0,0,0,0,25417812,3810,0,25416822,3791,0
1053,34765136703604,34765138555034,19998162,sA-eth3,up,34765138384721,netem,22610264,16552,0,0,0,0,0,21522776,3212,0,21735482,3297,0
1053,34765136703604,34765140417054,19998162,sB-eth3,up,34765140241283,netem,26439204,19282,0,0,0,0,0,25417812,3810,0,25416822,3791,0
1054,34765156708564,34765158622315,20004960,sA-eth3,up,34765158452023,netem,22610264,16552,0,0,0,0,0,21522776,3212,0,21735482,3297,0
1054,34765156708564,34765160499446,20004960,sB-eth3,up,34765160339844,netem,26439204,19282,0,0,0,0,0,25417812,3810,0,25416822,3791,0
1055,34765176704495,34765178551615,19995931,sA-eth3,up,34765178380653,netem,22610264,16552,0,0,0,0,0,21522776,3212,0,21735482,3297,0
1055,34765176704495,34765180376235,19995931,sB-eth3,up,34765180202633,netem,26439204,19282,0,0,0,0,0,25417812,3810,0,25416822,3791,0
1056,34765196707156,34765198614426,20002661,sA-eth3,up,34765198418075,netem,22610264,16552,0,0,0,0,0,21522776,3212,0,21735482,3297,0
1056,34765196707156,34765200449348,20002661,sB-eth3,up,34765200270785,netem,26439204,19282,0,0,0,0,0,25417812,3810,0,25416822,3791,0
1057,34765216707137,34765218602498,19999981,sA-eth3,up,34765218434316,netem,22610264,16552,0,0,0,0,0,21522776,3212,0,21735482,3297,0
1057,34765216707137,34765220467068,19999981,sB-eth3,up,34765220261046,netem,26439204,19282,0,0,0,0,0,25417812,3810,0,25416822,3791,0
1058,34765236717117,34765238757400,20009980,sA-eth3,up,34765238579169,netem,22610264,16552,0,0,0,0,0,21522776,3212,0,21735482,3297,0
1058,34765236717117,34765240636341,20009980,sB-eth3,up,34765240478899,netem,26439204,19282,0,0,0,0,0,25417812,3810,0,25416822,3791,0
1059,34765256703489,34765258969503,19986372,sA-eth3,up,34765258801392,netem,22610264,16552,0,0,0,0,0,21522776,3212,0,21735482,3297,0
1059,34765256703489,34765260651333,19986372,sB-eth3,up,34765260485790,netem,26439204,19282,0,0,0,0,0,25417812,3810,0,25416822,3791,0
1060,34765276700649,34765278530939,19997160,sA-eth3,up,34765278360748,netem,22610264,16552,0,0,0,0,0,21522776,3212,0,21735482,3297,0
1060,34765276700649,34765280516631,19997160,sB-eth3,up,34765280356070,netem,26439204,19282,0,0,0,0,0,25417812,3810,0,25416822,3791,0
1061,34765296706781,34765298547631,20006132,sA-eth3,up,34765298373309,netem,22610264,16552,0,0,0,0,0,21522776,3212,0,21735482,3297,0
1061,34765296706781,34765300416691,20006132,sB-eth3,up,34765300243190,netem,26439204,19282,0,0,0,0,0,25417812,3810,0,25416822,3791,0
1062,34765316704311,34765318600053,19997530,sA-eth3,up,34765318424860,netem,22610264,16552,0,0,0,0,0,21522776,3212,0,21735482,3297,0
1062,34765316704311,34765320492483,19997530,sB-eth3,up,34765320321641,netem,26439204,19282,0,0,0,0,0,25417812,3810,0,25416822,3791,0
1063,34765336708942,34765338557703,20004631,sA-eth3,up,34765338389611,netem,22610264,16552,0,0,0,0,0,21522776,3212,0,21735482,3297,0
1063,34765336708942,34765340400903,20004631,sB-eth3,up,34765340231661,netem,26439204,19282,0,0,0,0,0,25417812,3810,0,25416822,3791,0
1064,34765356703173,34765358515383,19994231,sA-eth3,up,34765358350761,netem,22610264,16552,0,0,0,0,0,21522776,3212,0,21735482,3297,0
1064,34765356703173,34765360326043,19994231,sB-eth3,up,34765360159501,netem,26439204,19282,0,0,0,0,0,25417812,3810,0,25416822,3791,0
1065,34765376701814,34765378533964,19998641,sA-eth3,up,34765378371062,netem,22610264,16552,0,0,0,0,0,21522776,3212,0,21735482,3297,0
1065,34765376701814,34765380352854,19998641,sB-eth3,up,34765380181352,netem,26439204,19282,0,0,0,0,0,25417812,3810,0,25416822,3791,0
1066,34765396709275,34765398580316,20007461,sA-eth3,up,34765398408563,netem,22610264,16552,0,0,0,0,0,21522776,3212,0,21735482,3297,0
1066,34765396709275,34765400421465,20007461,sB-eth3,up,34765400255103,netem,26439204,19282,0,0,0,0,0,25417812,3810,0,25416822,3791,0
1067,34765416712656,34765418613096,20003381,sA-eth3,up,34765418440075,netem,22610264,16552,0,0,0,0,0,21522776,3212,0,21735482,3297,0
1067,34765416712656,34765420852821,20003381,sB-eth3,up,34765420696130,netem,26439204,19282,0,0,0,0,0,25417812,3810,0,25416822,3791,0
1068,34765436700677,34765438533876,19988021,sA-eth3,up,34765438367825,netem,22610264,16552,0,0,0,0,0,21522776,3212,0,21735482,3297,0
1068,34765436700677,34765440482268,19988021,sB-eth3,up,34765440322376,netem,26439204,19282,0,0,0,0,0,25417812,3810,0,25416822,3791,0
1069,34765456703217,34765458973752,20002540,sA-eth3,up,34765458807071,netem,22610264,16552,0,0,0,0,0,21522776,3212,0,21735482,3297,0
1069,34765456703217,34765460643361,20002540,sB-eth3,up,34765460489839,netem,26439204,19282,0,0,0,0,0,25417812,3810,0,25416822,3791,0
1070,34765476702138,34765478565229,19998921,sA-eth3,up,34765478396436,netem,22610264,16552,0,0,0,0,0,21522776,3212,0,21735482,3297,0
1070,34765476702138,34765480559231,19998921,sB-eth3,up,34765480406139,netem,26439204,19282,0,0,0,0,0,25417812,3810,0,25416822,3791,0
1071,34765496709869,34765498674771,20007731,sA-eth3,up,34765498499839,netem,22610264,16552,0,0,0,0,0,21522776,3212,0,21735482,3297,0
1071,34765496709869,34765500567721,20007731,sB-eth3,up,34765500410730,netem,26439204,19282,0,0,0,0,0,25417812,3810,0,25416822,3791,0
1072,34765516701200,34765518935034,19991331,sA-eth3,up,34765518769753,netem,22610264,16552,0,0,0,0,0,21522776,3212,0,21735482,3297,0
1072,34765516701200,34765520799115,19991331,sB-eth3,up,34765520644694,netem,26439204,19282,0,0,0,0,0,25417812,3810,0,25416822,3791,0
1073,34765536698911,34765538546651,19997711,sA-eth3,up,34765538382069,netem,22610264,16552,0,0,0,0,0,21522776,3212,0,21735482,3297,0
1073,34765536698911,34765540357431,19997711,sB-eth3,up,34765540191920,netem,26439204,19282,0,0,0,0,0,25417812,3810,0,25416822,3791,0
1074,34765556706942,34765558538731,20008031,sA-eth3,up,34765558370730,netem,22610264,16552,0,0,0,0,0,21522776,3212,0,21735482,3297,0
1074,34765556706942,34765560403943,20008031,sB-eth3,up,34765560225900,netem,26439204,19282,0,0,0,0,0,25417812,3810,0,25416822,3791,0
1075,34765576716183,34765578621074,20009241,sA-eth3,up,34765578448112,netem,22610264,16552,0,0,0,0,0,21522776,3212,0,21735482,3297,0
1075,34765576716183,34765580529585,20009241,sB-eth3,up,34765580371973,netem,26439204,19282,0,0,0,0,0,25417812,3810,0,25416822,3791,0
1076,34765596705244,34765598984129,19989061,sA-eth3,up,34765598815927,netem,22610264,16552,0,0,0,0,0,21522776,3212,0,21735482,3297,0
1076,34765596705244,34765600863649,19989061,sB-eth3,up,34765600706848,netem,26439204,19282,0,0,0,0,0,25417812,3810,0,25416822,3791,0
1077,34765616698574,34765618477474,19993330,sA-eth3,up,34765618309312,netem,22610264,16552,0,0,0,0,0,21522776,3212,0,21735482,3297,0
1077,34765616698574,34765620320695,19993330,sB-eth3,up,34765620153163,netem,26439204,19282,0,0,0,0,0,25417812,3810,0,25416822,3791,0
1078,34765636704476,34765638545406,20005902,sA-eth3,up,34765638377573,netem,22610264,16552,0,0,0,0,0,21522776,3212,0,21735482,3297,0
1078,34765636704476,34765640407006,20005902,sB-eth3,up,34765640233465,netem,26439204,19282,0,0,0,0,0,25417812,3810,0,25416822,3791,0
1079,34765656715126,34765658592127,20010650,sA-eth3,up,34765658417006,netem,22610264,16552,0,0,0,0,0,21522776,3212,0,21735482,3297,0
1079,34765656715126,34765660510568,20010650,sB-eth3,up,34765660349646,netem,26439204,19282,0,0,0,0,0,25417812,3810,0,25416822,3791,0
1080,34765676713407,34765678537418,19998281,sA-eth3,up,34765678367426,netem,22610264,16552,0,0,0,0,0,21522776,3212,0,21735482,3297,0
1080,34765676713407,34765680402428,19998281,sB-eth3,up,34765680232786,netem,26439204,19282,0,0,0,0,0,25417812,3810,0,25416822,3791,0
1081,34765696705749,34765698557308,19992342,sA-eth3,up,34765698382536,netem,22610264,16552,0,0,0,0,0,21522776,3212,0,21735482,3297,0
1081,34765696705749,34765700372568,19992342,sB-eth3,up,34765700204287,netem,26439204,19282,0,0,0,0,0,25417812,3810,0,25416822,3791,0
1082,34765716701559,34765718580759,19995810,sA-eth3,up,34765718402188,netem,22610264,16552,0,0,0,0,0,21522776,3212,0,21735482,3297,0
1082,34765716701559,34765720448740,19995810,sB-eth3,up,34765720290948,netem,26439204,19282,0,0,0,0,0,25417812,3810,0,25416822,3791,0
1083,34765736713400,34765738589011,20011841,sA-eth3,up,34765738416529,netem,22610264,16552,0,0,0,0,0,21522776,3212,0,21735482,3297,0
1083,34765736713400,34765740513001,20011841,sB-eth3,up,34765740357780,netem,26439204,19282,0,0,0,0,0,25417812,3810,0,25416822,3791,0
1084,34765756708891,34765758538851,19995491,sA-eth3,up,34765758374229,netem,22610264,16552,0,0,0,0,0,21522776,3212,0,21735482,3297,0
1084,34765756708891,34765760406791,19995491,sB-eth3,up,34765760238280,netem,26439204,19282,0,0,0,0,0,25417812,3810,0,25416822,3791,0
1085,34765776702141,34765778575492,19993250,sA-eth3,up,34765778398040,netem,22610264,16552,0,0,0,0,0,21522776,3212,0,21735482,3297,0
1085,34765776702141,34765780399702,19993250,sB-eth3,up,34765780224730,netem,26439204,19282,0,0,0,0,0,25417812,3810,0,25416822,3791,0
1086,34765796707522,34765798579763,20005381,sA-eth3,up,34765798404401,netem,22610264,16552,0,0,0,0,0,21522776,3212,0,21735482,3297,0
1086,34765796707522,34765800439094,20005381,sB-eth3,up,34765800255122,netem,26439204,19282,0,0,0,0,0,25417812,3810,0,25416822,3791,0
1087,34765816708214,34765818646775,20000692,sA-eth3,up,34765818465023,netem,22610264,16552,0,0,0,0,0,21522776,3212,0,21735482,3297,0
1087,34765816708214,34765820682718,20000692,sB-eth3,up,34765820514375,netem,26439204,19282,0,0,0,0,0,25417812,3810,0,25416822,3791,0
1088,34765836711074,34765838625385,20002860,sA-eth3,up,34765838451074,netem,22610264,16552,0,0,0,0,0,21522776,3212,0,21735482,3297,0
1088,34765836711074,34765840502456,20002860,sB-eth3,up,34765840342595,netem,26439204,19282,0,0,0,0,0,25417812,3810,0,25416822,3791,0
1089,34765856701195,34765858539186,19990121,sA-eth3,up,34765858355063,netem,22610264,16552,0,0,0,0,0,21522776,3212,0,21735482,3297,0
1089,34765856701195,34765860377905,19990121,sB-eth3,up,34765860205783,netem,26439204,19282,0,0,0,0,0,25417812,3810,0,25416822,3791,0
1090,34765876702616,34765878549216,20001421,sA-eth3,up,34765878381044,netem,22610330,16553,0,0,0,0,0,21522842,3213,0,21735548,3298,0
1090,34765876702616,34765880363866,20001421,sB-eth3,up,34765880191125,netem,26439204,19282,0,0,0,0,0,25417812,3810,0,25416822,3791,0
1091,34765896711067,34765898582498,20008451,sA-eth3,up,34765898413396,netem,22610330,16553,0,0,0,0,0,21522842,3213,0,21735548,3298,0
1091,34765896711067,34765900456799,20008451,sB-eth3,up,34765900298386,netem,26439204,19282,0,0,0,0,0,25417812,3810,0,25416822,3791,0
1092,34765916711967,34765918631169,20000900,sA-eth3,up,34765918452517,netem,22610330,16553,0,0,0,0,0,21522842,3213,0,21735548,3298,0
1092,34765916711967,34765920539810,20000900,sB-eth3,up,34765920380459,netem,26439204,19282,0,0,0,0,0,25417812,3810,0,25416822,3791,0
1093,34765936701749,34765938548119,19989782,sA-eth3,up,34765938377028,netem,22610330,16553,0,0,0,0,0,21522842,3213,0,21735548,3298,0
1093,34765936701749,34765940434110,19989782,sB-eth3,up,34765940259708,netem,26439204,19282,0,0,0,0,0,25417812,3810,0,25416822,3791,0
1094,34765956706199,34765958539801,20004450,sA-eth3,up,34765958369578,netem,22610330,16553,0,0,0,0,0,21522842,3213,0,21735548,3298,0
1094,34765956706199,34765960438311,20004450,sB-eth3,up,34765960272349,netem,26439204,19282,0,0,0,0,0,25417812,3810,0,25416822,3791,0
1095,34765976702221,34765978559671,19996022,sA-eth3,up,34765978391689,netem,22610330,16553,0,0,0,0,0,21522842,3213,0,21735548,3298,0
1095,34765976702221,34765980483112,19996022,sB-eth3,up,34765980327651,netem,26439204,19282,0,0,0,0,0,25417812,3810,0,25416822,3791,0
1096,34765996715592,34765998629143,20013371,sA-eth3,up,34765998450761,netem,22610330,16553,0,0,0,0,0,21522842,3213,0,21735548,3298,0
1096,34765996715592,34766000537264,20013371,sB-eth3,up,34766000378412,netem,26439204,19282,0,0,0,0,0,25417812,3810,0,25416822,3791,0
1097,34766016709342,34766018531293,19993750,sA-eth3,up,34766018359671,netem,22610330,16553,0,0,0,0,0,21522842,3213,0,21735548,3298,0
1097,34766016709342,34766020806098,19993750,sB-eth3,up,34766020647956,netem,26439204,19282,0,0,0,0,0,25417812,3810,0,25416822,3791,0
1098,34766036705203,34766038558084,19995861,sA-eth3,up,34766038386403,netem,22610330,16553,0,0,0,0,0,21522842,3213,0,21735548,3298,0
1098,34766036705203,34766040389594,19995861,sB-eth3,up,34766040221482,netem,26439204,19282,0,0,0,0,0,25417812,3810,0,25416822,3791,0
1099,34766056701924,34766058546014,19996721,sA-eth3,up,34766058381223,netem,22610330,16553,0,0,0,0,0,21522842,3213,0,21735548,3298,0
1099,34766056701924,34766060384605,19996721,sB-eth3,up,34766060216653,netem,26439204,19282,0,0,0,0,0,25417812,3810,0,25416822,3791,0
1100,34766076706534,34766078583616,20004610,sA-eth3,up,34766078411844,netem,22610330,16553,0,0,0,0,0,21522842,3213,0,21735548,3298,0
1100,34766076706534,34766080446886,20004610,sB-eth3,up,34766080290935,netem,26439204,19282,0,0,0,0,0,25417812,3810,0,25416822,3791,0
1101,34766096709216,34766098559946,20002682,sA-eth3,up,34766098389634,netem,22610330,16553,0,0,0,0,0,21522842,3213,0,21735548,3298,0
1101,34766096709216,34766100815001,20002682,sB-eth3,up,34766100658249,netem,26439204,19282,0,0,0,0,0,25417812,3810,0,25416822,3791,0
1102,34766116704416,34766118504367,19995200,sA-eth3,up,34766118338505,netem,22610330,16553,0,0,0,0,0,21522842,3213,0,21735548,3298,0
1102,34766116704416,34766120434698,19995200,sB-eth3,up,34766120271486,netem,26439204,19282,0,0,0,0,0,25417812,3810,0,25416822,3791,0
1103,34766136701247,34766138527708,19996831,sA-eth3,up,34766138355766,netem,22610330,16553,0,0,0,0,0,21522842,3213,0,21735548,3298,0
1103,34766136701247,34766140390328,19996831,sB-eth3,up,34766140224316,netem,26439204,19282,0,0,0,0,0,25417812,3810,0,25416822,3791,0
1104,34766156707029,34766158609099,20005782,sA-eth3,up,34766158436678,netem,22610330,16553,0,0,0,0,0,21522842,3213,0,21735548,3298,0
1104,34766156707029,34766160474410,20005782,sB-eth3,up,34766160317278,netem,26439204,19282,0,0,0,0,0,25417812,3810,0,25416822,3791,0
1105,34766176704379,34766178979875,19997350,sA-eth3,up,34766178806913,netem,22610330,16553,0,0,0,0,0,21522842,3213,0,21735548,3298,0
1105,34766176704379,34766180822525,19997350,sB-eth3,up,34766180665243,netem,26439204,19282,0,0,0,0,0,25417812,3810,0,25416822,3791,0
1106,34766196700540,34766198478051,19996161,sA-eth3,up,34766198313328,netem,22610330,16553,0,0,0,0,0,21522842,3213,0,21735548,3298,0
1106,34766196700540,34766200358171,19996161,sB-eth3,up,34766200191679,netem,26439204,19282,0,0,0,0,0,25417812,3810,0,25416822,3791,0
1107,34766216699471,34766218538641,19998931,sA-eth3,up,34766218375869,netem,22610330,16553,0,0,0,0,0,21522842,3213,0,21735548,3298,0
1107,34766216699471,34766220540993,19998931,sB-eth3,up,34766220388482,netem,26439204,19282,0,0,0,0,0,25417812,3810,0,25416822,3791,0
1108,34766236706532,34766238659354,20007061,sA-eth3,up,34766238449581,netem,22610330,16553,0,0,0,0,0,21522842,3213,0,21735548,3298,0
1108,34766236706532,34766240602935,20007061,sB-eth3,up,34766240433953,netem,26439204,19282,0,0,0,0,0,25417812,3810,0,25416822,3791,0
1109,34766256716344,34766258645494,20009812,sA-eth3,up,34766258430722,netem,22610330,16553,0,0,0,0,0,21522842,3213,0,21735548,3298,0
1109,34766256716344,34766260508105,20009812,sB-eth3,up,34766260350693,netem,26439204,19282,0,0,0,0,0,25417812,3810,0,25416822,3791,0
1110,34766276703394,34766278481374,19987050,sA-eth3,up,34766278310611,netem,22610330,16553,0,0,0,0,0,21522842,3213,0,21735548,3298,0
1110,34766276703394,34766280300383,19987050,sB-eth3,up,34766280135652,netem,26439204,19282,0,0,0,0,0,25417812,3810,0,25416822,3791,0
1111,34766296700184,34766298520235,19996790,sA-eth3,up,34766298355153,netem,22610330,16553,0,0,0,0,0,21522842,3213,0,21735548,3298,0
1111,34766296700184,34766300436216,19996790,sB-eth3,up,34766300263664,netem,26439204,19282,0,0,0,0,0,25417812,3810,0,25416822,3791,0
1112,34766316709386,34766318503036,20009202,sA-eth3,up,34766318334553,netem,22610330,16553,0,0,0,0,0,21522842,3213,0,21735548,3298,0
1112,34766316709386,34766320159333,20009202,sB-eth3,up,34766319989492,netem,26439204,19282,0,0,0,0,0,25417812,3810,0,25416822,3791,0
1113,34766336710006,34766338540456,20000620,sA-eth3,up,34766338374985,netem,22610330,16553,0,0,0,0,0,21522842,3213,0,21735548,3298,0
1113,34766336710006,34766340556339,20000620,sB-eth3,up,34766340396438,netem,26439204,19282,0,0,0,0,0,25417812,3810,0,25416822,3791,0
1114,34766356702347,34766358511868,19992341,sA-eth3,up,34766358348805,netem,22610330,16553,0,0,0,0,0,21522842,3213,0,21735548,3298,0
1114,34766356702347,34766360149785,19992341,sB-eth3,up,34766359983823,netem,26439204,19282,0,0,0,0,0,25417812,3810,0,25416822,3791,0
1115,34766376696309,34766378481558,19993962,sA-eth3,up,34766378315666,netem,22610330,16553,0,0,0,0,0,21522842,3213,0,21735548,3298,0
1115,34766376696309,34766380437160,19993962,sB-eth3,up,34766380269348,netem,26439204,19282,0,0,0,0,0,25417812,3810,0,25416822,3791,0
1116,34766396711179,34766398606010,20014870,sA-eth3,up,34766398430899,netem,22610330,16553,0,0,0,0,0,21522842,3213,0,21735548,3298,0
1116,34766396711179,34766400279208,20014870,sB-eth3,up,34766400122678,netem,26439204,19282,0,0,0,0,0,25417812,3810,0,25416822,3791,0
1117,34766416711480,34766418616751,20000301,sA-eth3,up,34766418446169,netem,22610330,16553,0,0,0,0,0,21522842,3213,0,21735548,3298,0
1117,34766416711480,34766420296620,20000301,sB-eth3,up,34766420128488,netem,26439204,19282,0,0,0,0,0,25417812,3810,0,25416822,3791,0
1118,34766436700601,34766438492981,19989121,sA-eth3,up,34766438311779,netem,22610330,16553,0,0,0,0,0,21522842,3213,0,21735548,3298,0
1118,34766436700601,34766440646834,19989121,sB-eth3,up,34766440490813,netem,26439204,19282,0,0,0,0,0,25417812,3810,0,25416822,3791,0
1119,34766456699392,34766458500411,19998791,sA-eth3,up,34766458330460,netem,22610330,16553,0,0,0,0,0,21522842,3213,0,21735548,3298,0
1119,34766456699392,34766460352492,19998791,sB-eth3,up,34766460189010,netem,26439204,19282,0,0,0,0,0,25417812,3810,0,25416822,3791,0
1120,34766476700732,34766478542423,20001340,sA-eth3,up,34766478378231,netem,22610330,16553,0,0,0,0,0,21522842,3213,0,21735548,3298,0
1120,34766476700732,34766480367483,20001340,sB-eth3,up,34766480203561,netem,26439204,19282,0,0,0,0,0,25417812,3810,0,25416822,3791,0
1121,34766496708164,34766498593324,20007432,sA-eth3,up,34766498425463,netem,22610330,16553,0,0,0,0,0,21522842,3213,0,21735548,3298,0
1121,34766496708164,34766500483575,20007432,sB-eth3,up,34766500318283,netem,26439204,19282,0,0,0,0,0,25417812,3810,0,25416822,3791,0
1122,34766516699664,34766518540585,19991500,sA-eth3,up,34766518370493,netem,22610330,16553,0,0,0,0,0,21522842,3213,0,21735548,3298,0
1122,34766516699664,34766520296594,19991500,sB-eth3,up,34766520124742,netem,26439204,19282,0,0,0,0,0,25417812,3810,0,25416822,3791,0
1123,34766536708156,34766538510936,20008492,sA-eth3,up,34766538325244,netem,22610330,16553,0,0,0,0,0,21522842,3213,0,21735548,3298,0
1123,34766536708156,34766540170953,20008492,sB-eth3,up,34766540000502,netem,26439204,19282,0,0,0,0,0,25417812,3810,0,25416822,3791,0
1124,34766556706816,34766558514866,19998660,sA-eth3,up,34766558347154,netem,22610330,16553,0,0,0,0,0,21522842,3213,0,21735548,3298,0
1124,34766556706816,34766560188085,19998660,sB-eth3,up,34766560036083,netem,26439204,19282,0,0,0,0,0,25417812,3810,0,25416822,3791,0
1125,34766576706327,34766578549108,19999511,sA-eth3,up,34766578383286,netem,22610330,16553,0,0,0,0,0,21522842,3213,0,21735548,3298,0
1125,34766576706327,34766580211546,19999511,sB-eth3,up,34766580053285,netem,26439204,19282,0,0,0,0,0,25417812,3810,0,25416822,3791,0
1126,34766596707038,34766598498828,20000711,sA-eth3,up,34766598337656,netem,22610330,16553,0,0,0,0,0,21522842,3213,0,21735548,3298,0
1126,34766596707038,34766600129786,20000711,sB-eth3,up,34766599958165,netem,26439204,19282,0,0,0,0,0,25417812,3810,0,25416822,3791,0
1127,34766616707639,34766618485499,20000601,sA-eth3,up,34766618320537,netem,22610330,16553,0,0,0,0,0,21522842,3213,0,21735548,3298,0
1127,34766616707639,34766620173358,20000601,sB-eth3,up,34766620017236,netem,26439204,19282,0,0,0,0,0,25417812,3810,0,25416822,3791,0
1128,34766636698300,34766638470969,19990661,sA-eth3,up,34766638311018,netem,22610330,16553,0,0,0,0,0,21522842,3213,0,21735548,3298,0
1128,34766636698300,34766640133198,19990661,sB-eth3,up,34766639960955,netem,26439204,19282,0,0,0,0,0,25417812,3810,0,25416822,3791,0
1129,34766656707141,34766658567471,20008841,sA-eth3,up,34766658393689,netem,22610330,16553,0,0,0,0,0,21522842,3213,0,21735548,3298,0
1129,34766656707141,34766660213480,20008841,sB-eth3,up,34766660060018,netem,26439204,19282,0,0,0,0,0,25417812,3810,0,25416822,3791,0
1130,34766676705312,34766678499961,19998171,sA-eth3,up,34766678338110,netem,22610330,16553,0,0,0,0,0,21522842,3213,0,21735548,3298,0
1130,34766676705312,34766680142690,19998171,sB-eth3,up,34766679963877,netem,26439204,19282,0,0,0,0,0,25417812,3810,0,25416822,3791,0
1131,34766696705242,34766698467573,19999930,sA-eth3,up,34766698301240,netem,22610330,16553,0,0,0,0,0,21522842,3213,0,21735548,3298,0
1131,34766696705242,34766700115111,19999930,sB-eth3,up,34766699929238,netem,26439204,19282,0,0,0,0,0,25417812,3810,0,25416822,3791,0
1132,34766716702064,34766718494354,19996822,sA-eth3,up,34766718330831,netem,22610330,16553,0,0,0,0,0,21522842,3213,0,21735548,3298,0
1132,34766716702064,34766720118701,19996822,sB-eth3,up,34766719950170,netem,26439204,19282,0,0,0,0,0,25417812,3810,0,25416822,3791,0
1133,34766736712154,34766738533975,20010090,sA-eth3,up,34766738371973,netem,22610330,16553,0,0,0,0,0,21522842,3213,0,21735548,3298,0
1133,34766736712154,34766740158963,20010090,sB-eth3,up,34766739993441,netem,26439204,19282,0,0,0,0,0,25417812,3810,0,25416822,3791,0
1134,34766756712385,34766758695608,20000231,sA-eth3,up,34766758508446,netem,22610330,16553,0,0,0,0,0,21522842,3213,0,21735548,3298,0
1134,34766756712385,34766760424536,20000231,sB-eth3,up,34766760262435,netem,26439204,19282,0,0,0,0,0,25417812,3810,0,25416822,3791,0
1135,34766776703796,34766778495106,19991411,sA-eth3,up,34766778325424,netem,22610330,16553,0,0,0,0,0,21522842,3213,0,21735548,3298,0
1135,34766776703796,34766780133325,19991411,sB-eth3,up,34766779958362,netem,26439204,19282,0,0,0,0,0,25417812,3810,0,25416822,3791,0
1136,34766796706267,34766798472896,20002471,sA-eth3,up,34766798310665,netem,22610330,16553,0,0,0,0,0,21522842,3213,0,21735548,3298,0
1136,34766796706267,34766800109005,20002471,sB-eth3,up,34766799936762,netem,26439204,19282,0,0,0,0,0,25417812,3810,0,25416822,3791,0
1137,34766816702788,34766818591879,19996521,sA-eth3,up,34766818426166,netem,22610330,16553,0,0,0,0,0,21522842,3213,0,21735548,3298,0
1137,34766816702788,34766820865684,19996521,sB-eth3,up,34766820712703,netem,26439204,19282,0,0,0,0,0,25417812,3810,0,25416822,3791,0
1138,34766836711089,34766838574969,20008301,sA-eth3,up,34766838408718,netem,22610330,16553,0,0,0,0,0,21522842,3213,0,21735548,3298,0
1138,34766836711089,34766840459261,20008301,sB-eth3,up,34766840300419,netem,26439204,19282,0,0,0,0,0,25417812,3810,0,25416822,3791,0
1139,34766856705539,34766858503969,19994450,sA-eth3,up,34766858337548,netem,22610330,16553,0,0,0,0,0,21522842,3213,0,21735548,3298,0
1139,34766856705539,34766860354160,19994450,sB-eth3,up,34766860186848,netem,26439204,19282,0,0,0,0,0,25417812,3810,0,25416822,3791,0
1140,34766876697381,34766878513401,19991842,sA-eth3,up,34766878349969,netem,22610330,16553,0,0,0,0,0,21522842,3213,0,21735548,3298,0
1140,34766876697381,34766880348461,19991842,sB-eth3,up,34766880180729,netem,26439204,19282,0,0,0,0,0,25417812,3810,0,25416822,3791,0
1141,34766896702421,34766898550982,20005040,sA-eth3,up,34766898380370,netem,22610330,16553,0,0,0,0,0,21522842,3213,0,21735548,3298,0
1141,34766896702421,34766900383072,20005040,sB-eth3,up,34766900213830,netem,26439204,19282,0,0,0,0,0,25417812,3810,0,25416822,3791,0
1142,34766916722232,34766918719104,20019811,sA-eth3,up,34766918522063,netem,22610330,16553,0,0,0,0,0,21522842,3213,0,21735548,3298,0
1142,34766916722232,34766920606846,20019811,sB-eth3,up,34766920443173,netem,26439204,19282,0,0,0,0,0,25417812,3810,0,25416822,3791,0
1143,34766936700124,34766938477383,19977892,sA-eth3,up,34766938310471,netem,22610330,16553,0,0,0,0,0,21522842,3213,0,21735548,3298,0
1143,34766936700124,34766940331103,19977892,sB-eth3,up,34766940162731,netem,26439204,19282,0,0,0,0,0,25417812,3810,0,25416822,3791,0
1144,34766956705914,34766958500924,20005790,sA-eth3,up,34766958332592,netem,22610330,16553,0,0,0,0,0,21522842,3213,0,21735548,3298,0
1144,34766956705914,34766960326714,20005790,sB-eth3,up,34766960159233,netem,26439204,19282,0,0,0,0,0,25417812,3810,0,25416822,3791,0
1145,34766976701415,34766978536255,19995501,sA-eth3,up,34766978365213,netem,22610330,16553,0,0,0,0,0,21522842,3213,0,21735548,3298,0
1145,34766976701415,34766980393706,19995501,sB-eth3,up,34766980219934,netem,26439204,19282,0,0,0,0,0,25417812,3810,0,25416822,3791,0
1146,34766996713796,34766998605827,20012381,sA-eth3,up,34766998431175,netem,22610330,16553,0,0,0,0,0,21522842,3213,0,21735548,3298,0
1146,34766996713796,34767000462498,20012381,sB-eth3,up,34767000305476,netem,26439204,19282,0,0,0,0,0,25417812,3810,0,25416822,3791,0
1147,34767016702247,34767018487547,19988451,sA-eth3,up,34767018322275,netem,22610330,16553,0,0,0,0,0,21522842,3213,0,21735548,3298,0
1147,34767016702247,34767020471078,19988451,sB-eth3,up,34767020208616,netem,26439204,19282,0,0,0,0,0,25417812,3810,0,25416822,3791,0
1148,34767036707308,34767038572729,20005061,sA-eth3,up,34767038390506,netem,22610330,16553,0,0,0,0,0,21522842,3213,0,21735548,3298,0
1148,34767036707308,34767040266318,20005061,sB-eth3,up,34767040103855,netem,26439204,19282,0,0,0,0,0,25417812,3810,0,25416822,3791,0
1149,34767056709959,34767058521049,20002651,sA-eth3,up,34767058349676,netem,22610330,16553,0,0,0,0,0,21522842,3213,0,21735548,3298,0
1149,34767056709959,34767060237278,20002651,sB-eth3,up,34767060073526,netem,26439204,19282,0,0,0,0,0,25417812,3810,0,25416822,3791,0
1150,34767076709110,34767078560079,19999151,sA-eth3,up,34767078384098,netem,22610330,16553,0,0,0,0,0,21522842,3213,0,21735548,3298,0
1150,34767076709110,34767080238038,19999151,sB-eth3,up,34767080079287,netem,26439204,19282,0,0,0,0,0,25417812,3810,0,25416822,3791,0
1151,34767096710320,34767098537621,20001210,sA-eth3,up,34767098370929,netem,22610330,16553,0,0,0,0,0,21522842,3213,0,21735548,3298,0
1151,34767096710320,34767100798156,20001210,sB-eth3,up,34767100642163,netem,26439204,19282,0,0,0,0,0,25417812,3810,0,25416822,3791,0
1152,34767116706581,34767118546151,19996261,sA-eth3,up,34767118373580,netem,22610330,16553,0,0,0,0,0,21522842,3213,0,21735548,3298,0
1152,34767116706581,34767120768936,19996261,sB-eth3,up,34767120613554,netem,26439204,19282,0,0,0,0,0,25417812,3810,0,25416822,3791,0
1153,34767136707832,34767138529442,20001251,sA-eth3,up,34767138363971,netem,22610330,16553,0,0,0,0,0,21522842,3213,0,21735548,3298,0
1153,34767136707832,34767140470923,20001251,sB-eth3,up,34767140316933,netem,26439204,19282,0,0,0,0,0,25417812,3810,0,25416822,3791,0
1154,34767156713634,34767158623054,20005802,sA-eth3,up,34767158445372,netem,22610330,16553,0,0,0,0,0,21522842,3213,0,21735548,3298,0
1154,34767156713634,34767160273893,20005802,sB-eth3,up,34767160116211,netem,26439204,19282,0,0,0,0,0,25417812,3810,0,25416822,3791,0
1155,34767176703854,34767178534794,19990220,sA-eth3,up,34767178369952,netem,22610330,16553,0,0,0,0,0,21522842,3213,0,21735548,3298,0
1155,34767176703854,34767180200183,19990220,sB-eth3,up,34767180044461,netem,26439204,19282,0,0,0,0,0,25417812,3810,0,25416822,3791,0
1156,34767196699464,34767198471064,19995610,sA-eth3,up,34767198303963,netem,22610330,16553,0,0,0,0,0,21522842,3213,0,21735548,3298,0
1156,34767196699464,34767200132953,19995610,sB-eth3,up,34767199958330,netem,26439204,19282,0,0,0,0,0,25417812,3810,0,25416822,3791,0
1157,34767216706796,34767218939830,20007332,sA-eth3,up,34767218768628,netem,22610330,16553,0,0,0,0,0,21522842,3213,0,21735548,3298,0
1157,34767216706796,34767220615168,20007332,sB-eth3,up,34767220461957,netem,26439204,19282,0,0,0,0,0,25417812,3810,0,25416822,3791,0
1158,34767236707986,34767238669358,20001190,sA-eth3,up,34767238503346,netem,22610330,16553,0,0,0,0,0,21522842,3213,0,21735548,3298,0
1158,34767236707986,34767240529708,20001190,sB-eth3,up,34767240374386,netem,26439204,19282,0,0,0,0,0,25417812,3810,0,25416822,3791,0
1159,34767256710387,34767258609969,20002401,sA-eth3,up,34767258434837,netem,22610330,16553,0,0,0,0,0,21522842,3213,0,21735548,3298,0
1159,34767256710387,34767260882114,20002401,sB-eth3,up,34767260726851,netem,26439204,19282,0,0,0,0,0,25417812,3810,0,25416822,3791,0
1160,34767276696559,34767278559999,19986172,sA-eth3,up,34767278390187,netem,22610330,16553,0,0,0,0,0,21522842,3213,0,21735548,3298,0
1160,34767276696559,34767280417489,19986172,sB-eth3,up,34767280252728,netem,26439204,19282,0,0,0,0,0,25417812,3810,0,25416822,3791,0
1161,34767296702089,34767298479259,20005530,sA-eth3,up,34767298310376,netem,22610330,16553,0,0,0,0,0,21522842,3213,0,21735548,3298,0
1161,34767296702089,34767300534031,20005530,sB-eth3,up,34767300373480,netem,26439204,19282,0,0,0,0,0,25417812,3810,0,25416822,3791,0
1162,34767316700320,34767318631622,19998231,sA-eth3,up,34767318460629,netem,22610330,16553,0,0,0,0,0,21522842,3213,0,21735548,3298,0
1162,34767316700320,34767320499052,19998231,sB-eth3,up,34767320343771,netem,26439204,19282,0,0,0,0,0,25417812,3810,0,25416822,3791,0
1163,34767336711222,34767338549842,20010902,sA-eth3,up,34767338382899,netem,22610330,16553,0,0,0,0,0,21522842,3213,0,21735548,3298,0
1163,34767336711222,34767340209040,20010902,sB-eth3,up,34767340055868,netem,26439204,19282,0,0,0,0,0,25417812,3810,0,25416822,3791,0
1164,34767356702002,34767358539342,19990780,sA-eth3,up,34767358368871,netem,22610330,16553,0,0,0,0,0,21522842,3213,0,21735548,3298,0
1164,34767356702002,34767360184470,19990780,sB-eth3,up,34767360026519,netem,26439204,19282,0,0,0,0,0,25417812,3810,0,25416822,3791,0
1165,34767376703842,34767378499192,20001840,sA-eth3,up,34767378333521,netem,22610330,16553,0,0,0,0,0,21522842,3213,0,21735548,3298,0
1165,34767376703842,34767380178531,20001840,sB-eth3,up,34767380018510,netem,26439204,19282,0,0,0,0,0,25417812,3810,0,25416822,3791,0
1166,34767396703824,34767398524544,19999982,sA-eth3,up,34767398353571,netem,22610330,16553,0,0,0,0,0,21522842,3213,0,21735548,3298,0
1166,34767396703824,34767400805609,19999982,sB-eth3,up,34767400648247,netem,26439204,19282,0,0,0,0,0,25417812,3810,0,25416822,3791,0
1167,34767416711585,34767418627046,20007761,sA-eth3,up,34767418462354,netem,22610330,16553,0,0,0,0,0,21522842,3213,0,21735548,3298,0
1167,34767416711585,34767420915601,20007761,sB-eth3,up,34767420758609,netem,26439204,19282,0,0,0,0,0,25417812,3810,0,25416822,3791,0
1168,34767436703675,34767438590496,19992090,sA-eth3,up,34767438429254,netem,22610330,16553,0,0,0,0,0,21522842,3213,0,21735548,3298,0
1168,34767436703675,34767440630129,19992090,sB-eth3,up,34767440475847,netem,26439204,19282,0,0,0,0,0,25417812,3810,0,25416822,3791,0
1169,34767456714736,34767458615407,20011061,sA-eth3,up,34767458428646,netem,22610330,16553,0,0,0,0,0,21522842,3213,0,21735548,3298,0
1169,34767456714736,34767460571239,20011061,sB-eth3,up,34767460414456,netem,26439204,19282,0,0,0,0,0,25417812,3810,0,25416822,3791,0
1170,34767476704397,34767478750249,19989661,sA-eth3,up,34767478585808,netem,22610330,16553,0,0,0,0,0,21522842,3213,0,21735548,3298,0
1170,34767476704397,34767480437298,19989661,sB-eth3,up,34767480270646,netem,26439204,19282,0,0,0,0,0,25417812,3810,0,25416822,3791,0
1171,34767496706458,34767498521188,20002061,sA-eth3,up,34767498356986,netem,22610330,16553,0,0,0,0,0,21522842,3213,0,21735548,3298,0
1171,34767496706458,34767500213507,20002061,sB-eth3,up,34767500053585,netem,26439204,19282,0,0,0,0,0,25417812,3810,0,25416822,3791,0
1172,34767516703329,34767518934094,19996871,sA-eth3,up,34767518764852,netem,22610330,16553,0,0,0,0,0,21522842,3213,0,21735548,3298,0
1172,34767516703329,34767520952956,19996871,sB-eth3,up,34767520797824,netem,26439204,19282,0,0,0,0,0,25417812,3810,0,25416822,3791,0
1173,34767536700680,34767538854354,19997351,sA-eth3,up,34767538688241,netem,22610330,16553,0,0,0,0,0,21522842,3213,0,21735548,3298,0
1173,34767536700680,34767541083529,19997351,sB-eth3,up,34767540909437,netem,26439204,19282,0,0,0,0,0,25417812,3810,0,25416822,3791,0
1174,34767556706640,34767558956245,20005960,sA-eth3,up,34767558784714,netem,22610330,16553,0,0,0,0,0,21522842,3213,0,21735548,3298,0
1174,34767556706640,34767560974477,20005960,sB-eth3,up,34767560818466,netem,26439204,19282,0,0,0,0,0,25417812,3810,0,25416822,3791,0
1175,34767576744842,34767578988147,20038202,sA-eth3,up,34767578817084,netem,22610330,16553,0,0,0,0,0,21522842,3213,0,21735548,3298,0
1175,34767576744842,34767581114390,20038202,sB-eth3,up,34767580941139,netem,26439204,19282,0,0,0,0,0,25417812,3810,0,25416822,3791,0
1176,34767596704902,34767598574084,19960060,sA-eth3,up,34767598406691,netem,22610330,16553,0,0,0,0,0,21522842,3213,0,21735548,3298,0
1176,34767596704902,34767600877139,19960060,sB-eth3,up,34767600714757,netem,26439204,19282,0,0,0,0,0,25417812,3810,0,25416822,3791,0
1177,34767616703424,34767618877927,19998522,sA-eth3,up,34767618712045,netem,22610330,16553,0,0,0,0,0,21522842,3213,0,21735548,3298,0
1177,34767616703424,34767621121092,19998522,sB-eth3,up,34767620950850,netem,26439204,19282,0,0,0,0,0,25417812,3810,0,25416822,3791,0
1178,34767636698914,34767638911919,19995490,sA-eth3,up,34767638748127,netem,22610330,16553,0,0,0,0,0,21522842,3213,0,21735548,3298,0
1178,34767636698914,34767640757769,19995490,sB-eth3,up,34767640592717,netem,26439204,19282,0,0,0,0,0,25417812,3810,0,25416822,3791,0
1179,34767656705105,34767658976230,20006191,sA-eth3,up,34767658803019,netem,22610330,16553,0,0,0,0,0,21522842,3213,0,21735548,3298,0
1179,34767656705105,34767661040603,20006191,sB-eth3,up,34767660869642,netem,26439204,19282,0,0,0,0,0,25417812,3810,0,25416822,3791,0
1180,34767676704057,34767678738059,19998952,sA-eth3,up,34767678570087,netem,22610330,16553,0,0,0,0,0,21522842,3213,0,21735548,3298,0
1180,34767676704057,34767681028764,19998952,sB-eth3,up,34767680850632,netem,26439204,19282,0,0,0,0,0,25417812,3810,0,25416822,3791,0
1181,34767696696047,34767698853110,19991990,sA-eth3,up,34767698688979,netem,22610330,16553,0,0,0,0,0,21522842,3213,0,21735548,3298,0
1181,34767696696047,34767701085695,19991990,sB-eth3,up,34767700904113,netem,26439204,19282,0,0,0,0,0,25417812,3810,0,25416822,3791,0
1182,34767716697058,34767718476287,20001011,sA-eth3,up,34767718310096,netem,22610330,16553,0,0,0,0,0,21522842,3213,0,21735548,3298,0
1182,34767716697058,34767720360828,20001011,sB-eth3,up,34767720195016,netem,26439204,19282,0,0,0,0,0,25417812,3810,0,25416822,3791,0
1183,34767736705369,34767739032924,20008311,sA-eth3,up,34767738831542,netem,22610330,16553,0,0,0,0,0,21522842,3213,0,21735548,3298,0
1183,34767736705369,34767741307690,20008311,sB-eth3,up,34767741134608,netem,26439204,19282,0,0,0,0,0,25417812,3810,0,25416822,3791,0
1184,34767756716710,34767759054945,20011341,sA-eth3,up,34767758843023,netem,22610330,16553,0,0,0,0,0,21522842,3213,0,21735548,3298,0
1184,34767756716710,34767760918596,20011341,sB-eth3,up,34767760760444,netem,26439204,19282,0,0,0,0,0,25417812,3810,0,25416822,3791,0
1185,34767776708640,34767778949815,19991930,sA-eth3,up,34767778785314,netem,22610330,16553,0,0,0,0,0,21522842,3213,0,21735548,3298,0
1185,34767776708640,34767780937027,19991930,sB-eth3,up,34767780779635,netem,26439204,19282,0,0,0,0,0,25417812,3810,0,25416822,3791,0
1186,34767796701051,34767798585882,19992411,sA-eth3,up,34767798405660,netem,22610330,16553,0,0,0,0,0,21522842,3213,0,21735548,3298,0
1186,34767796701051,34767800327461,19992411,sB-eth3,up,34767800154179,netem,26439204,19282,0,0,0,0,0,25417812,3810,0,25416822,3791,0
1187,34767816709802,34767818616944,20008751,sA-eth3,up,34767818449121,netem,22610330,16553,0,0,0,0,0,21522842,3213,0,21735548,3298,0
1187,34767816709802,34767820359323,20008751,sB-eth3,up,34767820190351,netem,26439204,19282,0,0,0,0,0,25417812,3810,0,25416822,3791,0
1188,34767836717612,34767838699495,20007810,sA-eth3,up,34767838518164,netem,22610330,16553,0,0,0,0,0,21522842,3213,0,21735548,3298,0
1188,34767836717612,34767840449994,20007810,sB-eth3,up,34767840263732,netem,26439204,19282,0,0,0,0,0,25417812,3810,0,25416822,3791,0
1189,34767856710094,34767858656305,19992482,sA-eth3,up,34767858488134,netem,22610330,16553,0,0,0,0,0,21522842,3213,0,21735548,3298,0
1189,34767856710094,34767861402345,19992482,sB-eth3,up,34767861232014,netem,26439204,19282,0,0,0,0,0,25417812,3810,0,25416822,3791,0
1190,34767876698955,34767878679697,19988861,sA-eth3,up,34767878514504,netem,22610330,16553,0,0,0,0,0,21522842,3213,0,21735548,3298,0
1190,34767876698955,34767880896272,19988861,sB-eth3,up,34767880738069,netem,26439204,19282,0,0,0,0,0,25417812,3810,0,25416822,3791,0
1191,34767896701245,34767898721308,20002290,sA-eth3,up,34767898558206,netem,22610330,16553,0,0,0,0,0,21522842,3213,0,21735548,3298,0
1191,34767896701245,34767900615479,20002290,sB-eth3,up,34767900454267,netem,26439204,19282,0,0,0,0,0,25417812,3810,0,25416822,3791,0
1192,34767916712957,34767918601347,20011712,sA-eth3,up,34767918430126,netem,22610330,16553,0,0,0,0,0,21522842,3213,0,21735548,3298,0
1192,34767916712957,34767920653160,20011712,sB-eth3,up,34767920498159,netem,26439204,19282,0,0,0,0,0,25417812,3810,0,25416822,3791,0
1193,34767936703208,34767938695470,19990251,sA-eth3,up,34767938517367,netem,22610330,16553,0,0,0,0,0,21522842,3213,0,21735548,3298,0
1193,34767936703208,34767940561340,19990251,sB-eth3,up,34767940406369,netem,26439204,19282,0,0,0,0,0,25417812,3810,0,25416822,3791,0
1194,34767956705728,34767958525489,20002520,sA-eth3,up,34767958354116,netem,22610330,16553,0,0,0,0,0,21522842,3213,0,21735548,3298,0
1194,34767956705728,34767960694702,20002520,sB-eth3,up,34767960509900,netem,26439204,19282,0,0,0,0,0,25417812,3810,0,25416822,3791,0
1195,34767976706159,34767978563000,20000431,sA-eth3,up,34767978387148,netem,22610330,16553,0,0,0,0,0,21522842,3213,0,21735548,3298,0
1195,34767976706159,34767980613682,20000431,sB-eth3,up,34767980453311,netem,26439204,19282,0,0,0,0,0,25417812,3810,0,25416822,3791,0
1196,34767996709060,34767998582980,20002901,sA-eth3,up,34767998409399,netem,22610330,16553,0,0,0,0,0,21522842,3213,0,21735548,3298,0
1196,34767996709060,34768000808225,20002901,sB-eth3,up,34768000645034,netem,26439204,19282,0,0,0,0,0,25417812,3810,0,25416822,3791,0
1197,34768016705310,34768018639382,19996250,sA-eth3,up,34768018470960,netem,22610330,16553,0,0,0,0,0,21522842,3213,0,21735548,3298,0
1197,34768016705310,34768020959767,19996250,sB-eth3,up,34768020799097,netem,26439204,19282,0,0,0,0,0,25417812,3810,0,25416822,3791,0
1198,34768036707222,34768038889626,20001912,sA-eth3,up,34768038718694,netem,22610330,16553,0,0,0,0,0,21522842,3213,0,21735548,3298,0
1198,34768036707222,34768040795017,20001912,sB-eth3,up,34768040630475,netem,26439204,19282,0,0,0,0,0,25417812,3810,0,25416822,3791,0
1199,34768056705333,34768058979488,19998111,sA-eth3,up,34768058802815,netem,22610330,16553,0,0,0,0,0,21522842,3213,0,21735548,3298,0
1199,34768056705333,34768061066360,19998111,sB-eth3,up,34768060887779,netem,26439204,19282,0,0,0,0,0,25417812,3810,0,25416822,3791,0
1200,34768076723853,34768078842127,20018520,sA-eth3,up,34768078663305,netem,22610330,16553,0,0,0,0,0,21522842,3213,0,21735548,3298,0
1200,34768076723853,34768081162943,20018520,sB-eth3,up,34768080979550,netem,26439204,19282,0,0,0,0,0,25417812,3810,0,25416822,3791,0
1201,34768096706315,34768098792137,19982462,sA-eth3,up,34768098619995,netem,22610330,16553,0,0,0,0,0,21522842,3213,0,21735548,3298,0
1201,34768096706315,34768101097063,19982462,sB-eth3,up,34768100911240,netem,26439204,19282,0,0,0,0,0,25417812,3810,0,25416822,3791,0
1202,34768116704955,34768118686557,19998640,sA-eth3,up,34768118515935,netem,22610330,16553,0,0,0,0,0,21522842,3213,0,21735548,3298,0
1202,34768116704955,34768120885442,19998640,sB-eth3,up,34768120725240,netem,26439204,19282,0,0,0,0,0,25417812,3810,0,25416822,3791,0
1203,34768136713206,34768138979321,20008251,sA-eth3,up,34768138801059,netem,22610330,16553,0,0,0,0,0,21522842,3213,0,21735548,3298,0
1203,34768136713206,34768141209356,20008251,sB-eth3,up,34768141054275,netem,26439204,19282,0,0,0,0,0,25417812,3810,0,25416822,3791,0
1204,34768156706467,34768158615807,19993261,sA-eth3,up,34768158449326,netem,22610330,16553,0,0,0,0,0,21522842,3213,0,21735548,3298,0
1204,34768156706467,34768160320737,19993261,sB-eth3,up,34768160151205,netem,26439204,19282,0,0,0,0,0,25417812,3810,0,25416822,3791,0
1205,34768176704367,34768178566459,19997900,sA-eth3,up,34768178396447,netem,22610330,16553,0,0,0,0,0,21522842,3213,0,21735548,3298,0
1205,34768176704367,34768180979045,19997900,sB-eth3,up,34768180820173,netem,26439204,19282,0,0,0,0,0,25417812,3810,0,25416822,3791,0
1206,34768196700479,34768198516259,19996112,sA-eth3,up,34768198354767,netem,22610330,16553,0,0,0,0,0,21522842,3213,0,21735548,3298,0
1206,34768196700479,34768200208057,19996112,sB-eth3,up,34768200049336,netem,26439204,19282,0,0,0,0,0,25417812,3810,0,25416822,3791,0
1207,34768216702960,34768218501949,20002481,sA-eth3,up,34768218335747,netem,22610330,16553,0,0,0,0,0,21522842,3213,0,21735548,3298,0
1207,34768216702960,34768220860315,20002481,sB-eth3,up,34768220707174,netem,26439204,19282,0,0,0,0,0,25417812,3810,0,25416822,3791,0
1208,34768236702041,34768238614002,19999081,sA-eth3,up,34768238450729,netem,22610330,16553,0,0,0,0,0,21522842,3213,0,21735548,3298,0
1208,34768236702041,34768240264749,19999081,sB-eth3,up,34768240109948,netem,26439204,19282,0,0,0,0,0,25417812,3810,0,25416822,3791,0
1209,34768256705122,34768258572062,20003081,sA-eth3,up,34768258404920,netem,22610330,16553,0,0,0,0,0,21522842,3213,0,21735548,3298,0
1209,34768256705122,34768260999929,20003081,sB-eth3,up,34768260842047,netem,26439204,19282,0,0,0,0,0,25417812,3810,0,25416822,3791,0
1210,34768276706732,34768278583324,20001610,sA-eth3,up,34768278419222,netem,22610330,16553,0,0,0,0,0,21522842,3213,0,21735548,3298,0
1210,34768276706732,34768280801677,20001610,sB-eth3,up,34768280647706,netem,26439204,19282,0,0,0,0,0,25417812,3810,0,25416822,3791,0
1211,34768296703463,34768298532394,19996731,sA-eth3,up,34768298363362,netem,22610330,16553,0,0,0,0,0,21522842,3213,0,21735548,3298,0
1211,34768296703463,34768300251462,19996731,sB-eth3,up,34768300100251,netem,26439204,19282,0,0,0,0,0,25417812,3810,0,25416822,3791,0
1212,34768316701224,34768318694726,19997761,sA-eth3,up,34768318519954,netem,22610330,16553,0,0,0,0,0,21522842,3213,0,21735548,3298,0
1212,34768316701224,34768320386914,19997761,sB-eth3,up,34768320214023,netem,26439204,19282,0,0,0,0,0,25417812,3810,0,25416822,3791,0
1213,34768336716655,34768338574515,20015431,sA-eth3,up,34768338400684,netem,22610330,16553,0,0,0,0,0,21522842,3213,0,21735548,3298,0
1213,34768336716655,34768340660709,20015431,sB-eth3,up,34768340503387,netem,26439204,19282,0,0,0,0,0,25417812,3810,0,25416822,3791,0
1214,34768356708966,34768358531806,19992311,sA-eth3,up,34768358360904,netem,22610330,16553,0,0,0,0,0,21522842,3213,0,21735548,3298,0
1214,34768356708966,34768360567659,19992311,sB-eth3,up,34768360415437,netem,26439204,19282,0,0,0,0,0,25417812,3810,0,25416822,3791,0
1215,34768376701857,34768378487577,19992891,sA-eth3,up,34768378320394,netem,22610330,16553,0,0,0,0,0,21522842,3213,0,21735548,3298,0
1215,34768376701857,34768380595440,19992891,sB-eth3,up,34768380442167,netem,26439204,19282,0,0,0,0,0,25417812,3810,0,25416822,3791,0
1216,34768396703588,34768398482977,20001731,sA-eth3,up,34768398320945,netem,22610330,16553,0,0,0,0,0,21522842,3213,0,21735548,3298,0
1216,34768396703588,34768400507519,20001731,sB-eth3,up,34768400356468,netem,26439204,19282,0,0,0,0,0,25417812,3810,0,25416822,3791,0
1217,34768416713708,34768418552989,20010120,sA-eth3,up,34768418378267,netem,22610330,16553,0,0,0,0,0,21522842,3213,0,21735548,3298,0
1217,34768416713708,34768420630852,20010120,sB-eth3,up,34768420467700,netem,26439204,19282,0,0,0,0,0,25417812,3810,0,25416822,3791,0
1218,34768436709430,34768438950174,19995722,sA-eth3,up,34768438780812,netem,22610330,16553,0,0,0,0,0,21522842,3213,0,21735548,3298,0
1218,34768436709430,34768440611192,19995722,sB-eth3,up,34768440456841,netem,26439204,19282,0,0,0,0,0,25417812,3810,0,25416822,3791,0
1219,34768456705270,34768458457310,19995840,sA-eth3,up,34768458289888,netem,22610330,16553,0,0,0,0,0,21522842,3213,0,21735548,3298,0
1219,34768456705270,34768460509442,19995840,sB-eth3,up,34768460355161,netem,26439204,19282,0,0,0,0,0,25417812,3810,0,25416822,3791,0
1220,34768476703441,34768478920076,19998171,sA-eth3,up,34768478752594,netem,22610330,16553,0,0,0,0,0,21522842,3213,0,21735548,3298,0
1220,34768476703441,34768481196720,19998171,sB-eth3,up,34768481041199,netem,26439204,19282,0,0,0,0,0,25417812,3810,0,25416822,3791,0
1221,34768496705702,34768498592082,20002261,sA-eth3,up,34768498428212,netem,22610330,16553,0,0,0,0,0,21522842,3213,0,21735548,3298,0
1221,34768496705702,34768500289732,20002261,sB-eth3,up,34768500122409,netem,26439204,19282,0,0,0,0,0,25417812,3810,0,25416822,3791,0
1222,34768516705653,34768518556033,19999951,sA-eth3,up,34768518389932,netem,22610330,16553,0,0,0,0,0,21522842,3213,0,21735548,3298,0
1222,34768516705653,34768520560485,19999951,sB-eth3,up,34768520407834,netem,26439204,19282,0,0,0,0,0,25417812,3810,0,25416822,3791,0
1223,34768536704383,34768538520574,19998730,sA-eth3,up,34768538359682,netem,22610330,16553,0,0,0,0,0,21522842,3213,0,21735548,3298,0
1223,34768536704383,34768540902670,19998730,sB-eth3,up,34768540751408,netem,26439204,19282,0,0,0,0,0,25417812,3810,0,25416822,3791,0
1224,34768556704465,34768558562515,20000082,sA-eth3,up,34768558388443,netem,22610330,16553,0,0,0,0,0,21522842,3213,0,21735548,3298,0
1224,34768556704465,34768560406395,20000082,sB-eth3,up,34768560237204,netem,26439204,19282,0,0,0,0,0,25417812,3810,0,25416822,3791,0
1225,34768576705255,34768578586757,20000790,sA-eth3,up,34768578418945,netem,22610330,16553,0,0,0,0,0,21522842,3213,0,21735548,3298,0
1225,34768576705255,34768580483527,20000790,sB-eth3,up,34768580325886,netem,26439204,19282,0,0,0,0,0,25417812,3810,0,25416822,3791,0
1226,34768596705886,34768598687278,20000631,sA-eth3,up,34768598520327,netem,22610330,16553,0,0,0,0,0,21522842,3213,0,21735548,3298,0
1226,34768596705886,34768600550459,20000631,sB-eth3,up,34768600393617,netem,26439204,19282,0,0,0,0,0,25417812,3810,0,25416822,3791,0
1227,34768616707187,34768618563218,20001301,sA-eth3,up,34768618401526,netem,22610330,16553,0,0,0,0,0,21522842,3213,0,21735548,3298,0
1227,34768616707187,34768620390318,20001301,sB-eth3,up,34768620213997,netem,26439204,19282,0,0,0,0,0,25417812,3810,0,25416822,3791,0
1228,34768636699468,34768638511208,19992281,sA-eth3,up,34768638345297,netem,22610330,16553,0,0,0,0,0,21522842,3213,0,21735548,3298,0
1228,34768636699468,34768640186817,19992281,sB-eth3,up,34768640034724,netem,26439204,19282,0,0,0,0,0,25417812,3810,0,25416822,3791,0
1229,34768656720640,34768658572440,20021172,sA-eth3,up,34768658396117,netem,22610330,16553,0,0,0,0,0,21522842,3213,0,21735548,3298,0
1229,34768656720640,34768660263499,20021172,sB-eth3,up,34768660106617,netem,26439204,19282,0,0,0,0,0,25417812,3810,0,25416822,3791,0
1230,34768676708470,34768678566210,19987830,sA-eth3,up,34768678396449,netem,22610330,16553,0,0,0,0,0,21522842,3213,0,21735548,3298,0
1230,34768676708470,34768681062208,19987830,sB-eth3,up,34768680880796,netem,26439204,19282,0,0,0,0,0,25417812,3810,0,25416822,3791,0
1231,34768696701731,34768698634183,19993261,sA-eth3,up,34768698471550,netem,22610330,16553,0,0,0,0,0,21522842,3213,0,21735548,3298,0
1231,34768696701731,34768700462092,19993261,sB-eth3,up,34768700307441,netem,26439204,19282,0,0,0,0,0,25417812,3810,0,25416822,3791,0
1232,34768716703042,34768718527962,20001311,sA-eth3,up,34768718363830,netem,22610330,16553,0,0,0,0,0,21522842,3213,0,21735548,3298,0
1232,34768716703042,34768720363432,20001311,sB-eth3,up,34768720189060,netem,26439204,19282,0,0,0,0,0,25417812,3810,0,25416822,3791,0
1233,34768736701072,34768738556313,19998030,sA-eth3,up,34768738392912,netem,22610330,16553,0,0,0,0,0,21522842,3213,0,21735548,3298,0
1233,34768736701072,34768740364893,19998030,sB-eth3,up,34768740199381,netem,26439204,19282,0,0,0,0,0,25417812,3810,0,25416822,3791,0
1234,34768756730563,34768758699025,20029491,sA-eth3,up,34768758514573,netem,22610330,16553,0,0,0,0,0,21522842,3213,0,21735548,3298,0
1234,34768756730563,34768760580877,20029491,sB-eth3,up,34768760424115,netem,26439204,19282,0,0,0,0,0,25417812,3810,0,25416822,3791,0
1235,34768776702255,34768778643226,19971692,sA-eth3,up,34768778469074,netem,22610330,16553,0,0,0,0,0,21522842,3213,0,21735548,3298,0
1235,34768776702255,34768780606577,19971692,sB-eth3,up,34768780446825,netem,26439204,19282,0,0,0,0,0,25417812,3810,0,25416822,3791,0
1236,34768796702605,34768798499405,20000350,sA-eth3,up,34768798335313,netem,22610330,16553,0,0,0,0,0,21522842,3213,0,21735548,3298,0
1236,34768796702605,34768800302925,20000350,sB-eth3,up,34768800133123,netem,26439204,19282,0,0,0,0,0,25417812,3810,0,25416822,3791,0
1237,34768816702836,34768818527507,20000231,sA-eth3,up,34768818363805,netem,22610330,16553,0,0,0,0,0,21522842,3213,0,21735548,3298,0
1237,34768816702836,34768820327036,20000231,sB-eth3,up,34768820162214,netem,26439204,19282,0,0,0,0,0,25417812,3810,0,25416822,3791,0
1238,34768836707508,34768838581068,20004672,sA-eth3,up,34768838410785,netem,22610330,16553,0,0,0,0,0,21522842,3213,0,21735548,3298,0
1238,34768836707508,34768840426518,20004672,sB-eth3,up,34768840261046,netem,26439204,19282,0,0,0,0,0,25417812,3810,0,25416822,3791,0
1239,34768856714238,34768858672510,20006730,sA-eth3,up,34768858493537,netem,22610330,16553,0,0,0,0,0,21522842,3213,0,21735548,3298,0
1239,34768856714238,34768860581630,20006730,sB-eth3,up,34768860422409,netem,26439204,19282,0,0,0,0,0,25417812,3810,0,25416822,3791,0
1240,34768876712288,34768878537210,19998050,sA-eth3,up,34768878358947,netem,22610330,16553,0,0,0,0,0,21522842,3213,0,21735548,3298,0
1240,34768876712288,34768880357199,19998050,sB-eth3,up,34768880186527,netem,26439204,19282,0,0,0,0,0,25417812,3810,0,25416822,3791,0
1241,34768896702760,34768898483310,19990472,sA-eth3,up,34768898318037,netem,22610330,16553,0,0,0,0,0,21522842,3213,0,21735548,3298,0
1241,34768896702760,34768900315460,19990472,sB-eth3,up,34768900143547,netem,26439204,19282,0,0,0,0,0,25417812,3810,0,25416822,3791,0
1242,34768916706650,34768918571011,20003890,sA-eth3,up,34768918402829,netem,22610330,16553,0,0,0,0,0,21522842,3213,0,21735548,3298,0
1242,34768916706650,34768920430562,20003890,sB-eth3,up,34768920262890,netem,26439204,19282,0,0,0,0,0,25417812,3810,0,25416822,3791,0
1243,34768936705471,34768938583362,19998821,sA-eth3,up,34768938413510,netem,22610330,16553,0,0,0,0,0,21522842,3213,0,21735548,3298,0
1243,34768936705471,34768940442773,19998821,sB-eth3,up,34768940273881,netem,26439204,19282,0,0,0,0,0,25417812,3810,0,25416822,3791,0
1244,34768956699812,34768958518562,19994341,sA-eth3,up,34768958350250,netem,22610330,16553,0,0,0,0,0,21522842,3213,0,21735548,3298,0
1244,34768956699812,34768960323832,19994341,sB-eth3,up,34768960152661,netem,26439204,19282,0,0,0,0,0,25417812,3810,0,25416822,3791,0
1245,34768976698853,34768978501343,19999041,sA-eth3,up,34768978336341,netem,22610330,16553,0,0,0,0,0,21522842,3213,0,21735548,3298,0
1245,34768976698853,34768980302463,19999041,sB-eth3,up,34768980139321,netem,26439204,19282,0,0,0,0,0,25417812,3810,0,25416822,3791,0
1246,34768996707304,34768998558105,20008451,sA-eth3,up,34768998387722,netem,22610330,16553,0,0,0,0,0,21522842,3213,0,21735548,3298,0
1246,34768996707304,34769000376195,20008451,sB-eth3,up,34769000210843,netem,26439204,19282,0,0,0,0,0,25417812,3810,0,25416822,3791,0
1247,34769016706465,34769018585855,19999161,sA-eth3,up,34769018415224,netem,22610330,16553,0,0,0,0,0,21522842,3213,0,21735548,3298,0
1247,34769016706465,34769020455677,19999161,sB-eth3,up,34769020295684,netem,26439204,19282,0,0,0,0,0,25417812,3810,0,25416822,3791,0
1248,34769036706746,34769038529376,20000281,sA-eth3,up,34769038368545,netem,22610330,16553,0,0,0,0,0,21522842,3213,0,21735548,3298,0
1248,34769036706746,34769040370727,20000281,sB-eth3,up,34769040195725,netem,26439204,19282,0,0,0,0,0,25417812,3810,0,25416822,3791,0
1249,34769056703246,34769058543867,19996500,sA-eth3,up,34769058372615,netem,22610330,16553,0,0,0,0,0,21522842,3213,0,21735548,3298,0
1249,34769056703246,34769060381797,19996500,sB-eth3,up,34769060216345,netem,26439204,19282,0,0,0,0,0,25417812,3810,0,25416822,3791,0
1250,34769076707398,34769078536028,20004152,sA-eth3,up,34769078373477,netem,22610330,16553,0,0,0,0,0,21522842,3213,0,21735548,3298,0
1250,34769076707398,34769080355558,20004152,sB-eth3,up,34769080184997,netem,26439204,19282,0,0,0,0,0,25417812,3810,0,25416822,3791,0
1251,34769096706088,34769098584460,19998690,sA-eth3,up,34769098412198,netem,22610330,16553,0,0,0,0,0,21522842,3213,0,21735548,3298,0
1251,34769096706088,34769100445960,19998690,sB-eth3,up,34769100270778,netem,26439204,19282,0,0,0,0,0,25417812,3810,0,25416822,3791,0
1252,34769116709150,34769118552630,20003062,sA-eth3,up,34769118389978,netem,22610330,16553,0,0,0,0,0,21522842,3213,0,21735548,3298,0
1252,34769116709150,34769120368030,20003062,sB-eth3,up,34769120202728,netem,26439204,19282,0,0,0,0,0,25417812,3810,0,25416822,3791,0
1253,34769136708800,34769138546441,19999650,sA-eth3,up,34769138365819,netem,22610330,16553,0,0,0,0,0,21522842,3213,0,21735548,3298,0
1253,34769136708800,34769140394792,19999650,sB-eth3,up,34769140218340,netem,26439204,19282,0,0,0,0,0,25417812,3810,0,25416822,3791,0
1254,34769156701881,34769158512681,19993081,sA-eth3,up,34769158338150,netem,22610330,16553,0,0,0,0,0,21522842,3213,0,21735548,3298,0
1254,34769156701881,34769160404862,19993081,sB-eth3,up,34769160227100,netem,26439204,19282,0,0,0,0,0,25417812,3810,0,25416822,3791,0
1255,34769176707012,34769178570213,20005131,sA-eth3,up,34769178403430,netem,22610330,16553,0,0,0,0,0,21522842,3213,0,21735548,3298,0
1255,34769176707012,34769180451783,20005131,sB-eth3,up,34769180299122,netem,26439204,19282,0,0,0,0,0,25417812,3810,0,25416822,3791,0
1256,34769196701973,34769198544893,19994961,sA-eth3,up,34769198383942,netem,22610330,16553,0,0,0,0,0,21522842,3213,0,21735548,3298,0
1256,34769196701973,34769200514785,19994961,sB-eth3,up,34769200358013,netem,26439204,19282,0,0,0,0,0,25417812,3810,0,25416822,3791,0
1257,34769216702373,34769218504253,20000400,sA-eth3,up,34769218344702,netem,22610330,16553,0,0,0,0,0,21522842,3213,0,21735548,3298,0
1257,34769216702373,34769220197612,20000400,sB-eth3,up,34769220044091,netem,26439204,19282,0,0,0,0,0,25417812,3810,0,25416822,3791,0
1258,34769236698985,34769239139291,19996612,sA-eth3,up,34769238959770,netem,22610330,16553,0,0,0,0,0,21522842,3213,0,21735548,3298,0
1258,34769236698985,34769241620029,19996612,sB-eth3,up,34769241450987,netem,26439204,19282,0,0,0,0,0,25417812,3810,0,25416822,3791,0
1259,34769256717126,34769258617937,20018141,sA-eth3,up,34769258444435,netem,22610330,16553,0,0,0,0,0,21522842,3213,0,21735548,3298,0
1259,34769256717126,34769260510807,20018141,sB-eth3,up,34769260352517,netem,26439204,19282,0,0,0,0,0,25417812,3810,0,25416822,3791,0
1260,34769276712466,34769278566337,19995340,sA-eth3,up,34769278404845,netem,22610330,16553,0,0,0,0,0,21522842,3213,0,21735548,3298,0
1260,34769276712466,34769280195525,19995340,sB-eth3,up,34769280044494,netem,26439204,19282,0,0,0,0,0,25417812,3810,0,25416822,3791,0
1261,34769296699588,34769298479527,19987122,sA-eth3,up,34769298313005,netem,22610330,16553,0,0,0,0,0,21522842,3213,0,21735548,3298,0
1261,34769296699588,34769300458389,19987122,sB-eth3,up,34769300301917,netem,26439204,19282,0,0,0,0,0,25417812,3810,0,25416822,3791,0
1262,34769316711208,34769318617330,20011620,sA-eth3,up,34769318416028,netem,22610330,16553,0,0,0,0,0,21522842,3213,0,21735548,3298,0
1262,34769316711208,34769320433590,20011620,sB-eth3,up,34769320259747,netem,26439204,19282,0,0,0,0,0,25417812,3810,0,25416822,3791,0
1263,34769336711539,34769338577420,20000331,sA-eth3,up,34769338411338,netem,22610330,16553,0,0,0,0,0,21522842,3213,0,21735548,3298,0
1263,34769336711539,34769340231268,20000331,sB-eth3,up,34769340078647,netem,26439204,19282,0,0,0,0,0,25417812,3810,0,25416822,3791,0
1264,34769356702731,34769358560540,19991192,sA-eth3,up,34769358389178,netem,22610330,16553,0,0,0,0,0,21522842,3213,0,21735548,3298,0
1264,34769356702731,34769360218769,19991192,sB-eth3,up,34769360062657,netem,26439204,19282,0,0,0,0,0,25417812,3810,0,25416822,3791,0
1265,34769376702711,34769378469331,19999980,sA-eth3,up,34769378305819,netem,22610330,16553,0,0,0,0,0,21522842,3213,0,21735548,3298,0
1265,34769376702711,34769380558153,19999980,sB-eth3,up,34769380405972,netem,26439204,19282,0,0,0,0,0,25417812,3810,0,25416822,3791,0
1266,34769396700413,34769398575123,19997702,sA-eth3,up,34769398402180,netem,22610330,16553,0,0,0,0,0,21522842,3213,0,21735548,3298,0
1266,34769396700413,34769400255641,19997702,sB-eth3,up,34769400103659,netem,26439204,19282,0,0,0,0,0,25417812,3810,0,25416822,3791,0
1267,34769416705613,34769418528743,20005200,sA-eth3,up,34769418367031,netem,22610330,16553,0,0,0,0,0,21522842,3213,0,21735548,3298,0
1267,34769416705613,34769420237072,20005200,sB-eth3,up,34769420083990,netem,26439204,19282,0,0,0,0,0,25417812,3810,0,25416822,3791,0
1268,34769436716254,34769438552925,20010641,sA-eth3,up,34769438389092,netem,22610330,16553,0,0,0,0,0,21522842,3213,0,21735548,3298,0
1268,34769436716254,34769440234272,20010641,sB-eth3,up,34769440056451,netem,26439204,19282,0,0,0,0,0,25417812,3810,0,25416822,3791,0
1269,34769456706005,34769458503545,19989751,sA-eth3,up,34769458336352,netem,22610330,16553,0,0,0,0,0,21522842,3213,0,21735548,3298,0
1269,34769456706005,34769460748320,19989751,sB-eth3,up,34769460589118,netem,26439204,19282,0,0,0,0,0,25417812,3810,0,25416822,3791,0
1270,34769476704256,34769478491185,19998251,sA-eth3,up,34769478321693,netem,22610330,16553,0,0,0,0,0,21522842,3213,0,21735548,3298,0
1270,34769476704256,34769480138864,19998251,sB-eth3,up,34769479968992,netem,26439204,19282,0,0,0,0,0,25417812,3810,0,25416822,3791,0
1271,34769496701256,34769498497076,19997000,sA-eth3,up,34769498331575,netem,22610330,16553,0,0,0,0,0,21522842,3213,0,21735548,3298,0
1271,34769496701256,34769500150344,19997000,sB-eth3,up,34769499980252,netem,26439204,19282,0,0,0,0,0,25417812,3810,0,25416822,3791,0
1272,34769516705378,34769518540078,20004122,sA-eth3,up,34769518372556,netem,22610330,16553,0,0,0,0,0,21522842,3213,0,21735548,3298,0
1272,34769516705378,34769520892023,20004122,sB-eth3,up,34769520719412,netem,26439204,19282,0,0,0,0,0,25417812,3810,0,25416822,3791,0
1273,34769536705398,34769538547948,20000020,sA-eth3,up,34769538383137,netem,22610330,16553,0,0,0,0,0,21522842,3213,0,21735548,3298,0
1273,34769536705398,34769540527550,20000020,sB-eth3,up,34769540369788,netem,26439204,19282,0,0,0,0,0,25417812,3810,0,25416822,3791,0
1274,34769556707579,34769558557400,20002181,sA-eth3,up,34769558388678,netem,22610330,16553,0,0,0,0,0,21522842,3213,0,21735548,3298,0
1274,34769556707579,34769560551802,20002181,sB-eth3,up,34769560399670,netem,26439204,19282,0,0,0,0,0,25417812,3810,0,25416822,3791,0
1275,34769576700790,34769578598021,19993211,sA-eth3,up,34769578435540,netem,22610330,16553,0,0,0,0,0,21522842,3213,0,21735548,3298,0
1275,34769576700790,34769580483342,19993211,sB-eth3,up,34769580331440,netem,26439204,19282,0,0,0,0,0,25417812,3810,0,25416822,3791,0
1276,34769596718751,34769599082907,20017961,sA-eth3,up,34769598883645,netem,22610330,16553,0,0,0,0,0,21522842,3213,0,21735548,3298,0
1276,34769596718751,34769601015528,20017961,sB-eth3,up,34769600843986,netem,26439204,19282,0,0,0,0,0,25417812,3810,0,25416822,3791,0
1277,34769616704261,34769618964696,19985510,sA-eth3,up,34769618796415,netem,22610330,16553,0,0,0,0,0,21522842,3213,0,21735548,3298,0
1277,34769616704261,34769620865608,19985510,sB-eth3,up,34769620708566,netem,26439204,19282,0,0,0,0,0,25417812,3810,0,25416822,3791,0
1278,34769636704193,34769638494022,19999932,sA-eth3,up,34769638325590,netem,22610330,16553,0,0,0,0,0,21522842,3213,0,21735548,3298,0
1278,34769636704193,34769640577265,19999932,sB-eth3,up,34769640419283,netem,26439204,19282,0,0,0,0,0,25417812,3810,0,25416822,3791,0
1279,34769656711893,34769658538653,20007700,sA-eth3,up,34769658372722,netem,22610330,16553,0,0,0,0,0,21522842,3213,0,21735548,3298,0
1279,34769656711893,34769660664957,20007700,sB-eth3,up,34769660507075,netem,26439204,19282,0,0,0,0,0,25417812,3810,0,25416822,3791,0
1280,34769676711214,34769678576285,19999321,sA-eth3,up,34769678408903,netem,22610330,16553,0,0,0,0,0,21522842,3213,0,21735548,3298,0
1280,34769676711214,34769680623208,19999321,sB-eth3,up,34769680465266,netem,26439204,19282,0,0,0,0,0,25417812,3810,0,25416822,3791,0
1281,34769696712896,34769698559226,20001682,sA-eth3,up,34769698394664,netem,22610330,16553,0,0,0,0,0,21522842,3213,0,21735548,3298,0
1281,34769696712896,34769700625138,20001682,sB-eth3,up,34769700470237,netem,26439204,19282,0,0,0,0,0,25417812,3810,0,25416822,3791,0
1282,34769716707046,34769718497206,19994150,sA-eth3,up,34769718334215,netem,22610330,16553,0,0,0,0,0,21522842,3213,0,21735548,3298,0
1282,34769716707046,34769720579899,19994150,sB-eth3,up,34769720429037,netem,26439204,19282,0,0,0,0,0,25417812,3810,0,25416822,3791,0
1283,34769736701316,34769738483277,19994270,sA-eth3,up,34769738321145,netem,22610330,16553,0,0,0,0,0,21522842,3213,0,21735548,3298,0
1283,34769736701316,34769740745071,19994270,sB-eth3,up,34769740590510,netem,26439204,19282,0,0,0,0,0,25417812,3810,0,25416822,3791,0
1284,34769756718988,34769758627129,20017672,sA-eth3,up,34769758452977,netem,22610330,16553,0,0,0,0,0,21522842,3213,0,21735548,3298,0
1284,34769756718988,34769760638531,20017672,sB-eth3,up,34769760481600,netem,26439204,19282,0,0,0,0,0,25417812,3810,0,25416822,3791,0
1285,34769776713259,34769778599490,19994271,sA-eth3,up,34769778438288,netem,22610330,16553,0,0,0,0,0,21522842,3213,0,21735548,3298,0
1285,34769776713259,34769780642942,19994271,sB-eth3,up,34769780488400,netem,26439204,19282,0,0,0,0,0,25417812,3810,0,25416822,3791,0
1286,34769796707419,34769798502470,19994160,sA-eth3,up,34769798332908,netem,22610330,16553,0,0,0,0,0,21522842,3213,0,21735548,3298,0
1286,34769796707419,34769800562212,19994160,sB-eth3,up,34769800408800,netem,26439204,19282,0,0,0,0,0,25417812,3810,0,25416822,3791,0
1287,34769816705981,34769818489050,19998562,sA-eth3,up,34769818323468,netem,22610330,16553,0,0,0,0,0,21522842,3213,0,21735548,3298,0
1287,34769816705981,34769820570753,19998562,sB-eth3,up,34769820417612,netem,26439204,19282,0,0,0,0,0,25417812,3810,0,25416822,3791,0
1288,34769836701961,34769838513111,19995980,sA-eth3,up,34769838347600,netem,22610330,16553,0,0,0,0,0,21522842,3213,0,21735548,3298,0
1288,34769836701961,34769840609875,19995980,sB-eth3,up,34769840458413,netem,26439204,19282,0,0,0,0,0,25417812,3810,0,25416822,3791,0
1289,34769856704983,34769858967706,20003022,sA-eth3,up,34769858792465,netem,22610330,16553,0,0,0,0,0,21522842,3213,0,21735548,3298,0
1289,34769856704983,34769860644056,20003022,sB-eth3,up,34769860486695,netem,26439204,19282,0,0,0,0,0,25417812,3810,0,25416822,3791,0
1290,34769876712193,34769878990859,20007210,sA-eth3,up,34769878814646,netem,22610330,16553,0,0,0,0,0,21522842,3213,0,21735548,3298,0
1290,34769876712193,34769880675127,20007210,sB-eth3,up,34769880520005,netem,26439204,19282,0,0,0,0,0,25417812,3810,0,25416822,3791,0
1291,34769896698763,34769898487943,19986570,sA-eth3,up,34769898318802,netem,22610330,16553,0,0,0,0,0,21522842,3213,0,21735548,3298,0
1291,34769896698763,34769900484656,19986570,sB-eth3,up,34769900330364,netem,26439204,19282,0,0,0,0,0,25417812,3810,0,25416822,3791,0
1292,34769916705276,34769918495425,20006513,sA-eth3,up,34769918328963,netem,22610330,16553,0,0,0,0,0,21522842,3213,0,21735548,3298,0
1292,34769916705276,34769920175243,20006513,sB-eth3,up,34769920023382,netem,26439204,19282,0,0,0,0,0,25417812,3810,0,25416822,3791,0
1293,34769936706146,34769938592116,20000870,sA-eth3,up,34769938421885,netem,22610330,16553,0,0,0,0,0,21522842,3213,0,21735548,3298,0
1293,34769936706146,34769940306345,20000870,sB-eth3,up,34769940144284,netem,26439204,19282,0,0,0,0,0,25417812,3810,0,25416822,3791,0
1294,34769956713706,34769958520257,20007560,sA-eth3,up,34769958353145,netem,22610330,16553,0,0,0,0,0,21522842,3213,0,21735548,3298,0
1294,34769956713706,34769960184165,20007560,sB-eth3,up,34769960028673,netem,26439204,19282,0,0,0,0,0,25417812,3810,0,25416822,3791,0
1295,34769976699998,34769978507298,19986292,sA-eth3,up,34769978339126,netem,22610330,16553,0,0,0,0,0,21522842,3213,0,21735548,3298,0
1295,34769976699998,34769980156485,19986292,sB-eth3,up,34769979991134,netem,26439204,19282,0,0,0,0,0,25417812,3810,0,25416822,3791,0
1296,34769996709649,34769998519968,20009651,sA-eth3,up,34769998356817,netem,22610330,16553,0,0,0,0,0,21522842,3213,0,21735548,3298,0
1296,34769996709649,34770000791053,20009651,sB-eth3,up,34770000639492,netem,26439204,19282,0,0,0,0,0,25417812,3810,0,25416822,3791,0
1297,34770016703409,34770018571260,19993760,sA-eth3,up,34770018402808,netem,22610330,16553,0,0,0,0,0,21522842,3213,0,21735548,3298,0
1297,34770016703409,34770020742093,19993760,sB-eth3,up,34770020583682,netem,26439204,19282,0,0,0,0,0,25417812,3810,0,25416822,3791,0
1298,34770036703331,34770038518370,19999922,sA-eth3,up,34770038358138,netem,22610330,16553,0,0,0,0,0,21522842,3213,0,21735548,3298,0
1298,34770036703331,34770040481292,19999922,sB-eth3,up,34770040324330,netem,26439204,19282,0,0,0,0,0,25417812,3810,0,25416822,3791,0
1299,34770056709731,34770058545001,20006400,sA-eth3,up,34770058372600,netem,22610330,16553,0,0,0,0,0,21522842,3213,0,21735548,3298,0
1299,34770056709731,34770060397932,20006400,sB-eth3,up,34770060228850,netem,26439204,19282,0,0,0,0,0,25417812,3810,0,25416822,3791,0
1300,34770076717223,34770078566263,20007492,sA-eth3,up,34770078396370,netem,22610330,16553,0,0,0,0,0,21522842,3213,0,21735548,3298,0
1300,34770076717223,34770080386643,20007492,sB-eth3,up,34770080219641,netem,26439204,19282,0,0,0,0,0,25417812,3810,0,25416822,3791,0
1301,34770096703803,34770098581073,19986580,sA-eth3,up,34770098413461,netem,22610330,16553,0,0,0,0,0,21522842,3213,0,21735548,3298,0
1301,34770096703803,34770100440954,19986580,sB-eth3,up,34770100272272,netem,26439204,19282,0,0,0,0,0,25417812,3810,0,25416822,3791,0
1302,34770116700494,34770118570104,19996691,sA-eth3,up,34770118406033,netem,22610330,16553,0,0,0,0,0,21522842,3213,0,21735548,3298,0
1302,34770116700494,34770120398915,19996691,sB-eth3,up,34770120229542,netem,26439204,19282,0,0,0,0,0,25417812,3810,0,25416822,3791,0
1303,34770136704274,34770138514335,20003780,sA-eth3,up,34770138346803,netem,22610330,16553,0,0,0,0,0,21522842,3213,0,21735548,3298,0
1303,34770136704274,34770140308494,20003780,sB-eth3,up,34770140143583,netem,26439204,19282,0,0,0,0,0,25417812,3810,0,25416822,3791,0
1304,34770156700915,34770158527815,19996641,sA-eth3,up,34770158362733,netem,22610330,16553,0,0,0,0,0,21522842,3213,0,21735548,3298,0
1304,34770156700915,34770160320195,19996641,sB-eth3,up,34770160155173,netem,26439204,19282,0,0,0,0,0,25417812,3810,0,25416822,3791,0
1305,34770176708566,34770178554306,20007651,sA-eth3,up,34770178390375,netem,22610330,16553,0,0,0,0,0,21522842,3213,0,21735548,3298,0
1305,34770176708566,34770180387407,20007651,sB-eth3,up,34770180222185,netem,26439204,19282,0,0,0,0,0,25417812,3810,0,25416822,3791,0
1306,34770196713727,34770198657189,20005161,sA-eth3,up,34770198442066,netem,22610330,16553,0,0,0,0,0,21522842,3213,0,21735548,3298,0
1306,34770196713727,34770200541680,20005161,sB-eth3,up,34770200379568,netem,26439204,19282,0,0,0,0,0,25417812,3810,0,25416822,3791,0
1307,34770216700829,34770218499678,19987102,sA-eth3,up,34770218332846,netem,22610330,16553,0,0,0,0,0,21522842,3213,0,21735548,3298,0
1307,34770216700829,34770220228287,19987102,sB-eth3,up,34770220073685,netem,26439204,19282,0,0,0,0,0,25417812,3810,0,25416822,3791,0
1308,34770236705219,34770238504208,20004390,sA-eth3,up,34770238335647,netem,22610330,16553,0,0,0,0,0,21522842,3213,0,21735548,3298,0
1308,34770236705219,34770240171817,20004390,sB-eth3,up,34770240021215,netem,26439204,19282,0,0,0,0,0,25417812,3810,0,25416822,3791,0
1309,34770256716520,34770258538731,20011301,sA-eth3,up,34770258371268,netem,22610330,16553,0,0,0,0,0,21522842,3213,0,21735548,3298,0
1309,34770256716520,34770260205588,20011301,sB-eth3,up,34770260051867,netem,26439204,19282,0,0,0,0,0,25417812,3810,0,25416822,3791,0
1310,34770276703111,34770278531081,19986591,sA-eth3,up,34770278366698,netem,22610330,16553,0,0,0,0,0,21522842,3213,0,21735548,3298,0
1310,34770276703111,34770280210890,19986591,sB-eth3,up,34770280053557,netem,26439204,19282,0,0,0,0,0,25417812,3810,0,25416822,3791,0
1311,34770296700501,34770301253662,19997390,sA-eth3,up,34770301061739,netem,22610330,16553,0,0,0,0,0,21522842,3213,0,21735548,3298,0
1311,34770296700501,34770302935450,19997390,sB-eth3,up,34770302777888,netem,26439204,19282,0,0,0,0,0,25417812,3810,0,25416822,3791,0
1312,34770316701493,34770318475673,20000992,sA-eth3,up,34770318311040,netem,22610330,16553,0,0,0,0,0,21522842,3213,0,21735548,3298,0
1312,34770316701493,34770320125570,20000992,sB-eth3,up,34770319948838,netem,26439204,19282,0,0,0,0,0,25417812,3810,0,25416822,3791,0
1313,34770336704453,34770338515863,20002960,sA-eth3,up,34770338344051,netem,22610330,16553,0,0,0,0,0,21522842,3213,0,21735548,3298,0
1313,34770336704453,34770340169222,20002960,sB-eth3,up,34770340014510,netem,26439204,19282,0,0,0,0,0,25417812,3810,0,25416822,3791,0
1314,34770356714364,34770358611036,20009911,sA-eth3,up,34770358436754,netem,22610330,16553,0,0,0,0,0,21522842,3213,0,21735548,3298,0
1314,34770356714364,34770360312055,20009911,sB-eth3,up,34770360147312,netem,26439204,19282,0,0,0,0,0,25417812,3810,0,25416822,3791,0
1315,34770376704766,34770378527136,19990402,sA-eth3,up,34770378363903,netem,22610330,16553,0,0,0,0,0,21522842,3213,0,21735548,3298,0
1315,34770376704766,34770380212964,19990402,sB-eth3,up,34770380057473,netem,26439204,19282,0,0,0,0,0,25417812,3810,0,25416822,3791,0
1316,34770396707936,34770398530176,20003170,sA-eth3,up,34770398362965,netem,22610330,16553,0,0,0,0,0,21522842,3213,0,21735548,3298,0
1316,34770396707936,34770400171395,20003170,sB-eth3,up,34770399998503,netem,26439204,19282,0,0,0,0,0,25417812,3810,0,25416822,3791,0
1317,34770416701357,34770418800850,19993421,sA-eth3,up,34770418639238,netem,22610330,16553,0,0,0,0,0,21522842,3213,0,21735548,3298,0
1317,34770416701357,34770420498828,19993421,sB-eth3,up,34770420347177,netem,26439204,19282,0,0,0,0,0,25417812,3810,0,25416822,3791,0
1318,34770436714358,34770438589039,20013001,sA-eth3,up,34770438417478,netem,22610330,16553,0,0,0,0,0,21522842,3213,0,21735548,3298,0
1318,34770436714358,34770440850563,20013001,sB-eth3,up,34770440695513,netem,26439204,19282,0,0,0,0,0,25417812,3810,0,25416822,3791,0
1319,34770456706689,34770458550959,19992331,sA-eth3,up,34770458381927,netem,22610330,16553,0,0,0,0,0,21522842,3213,0,21735548,3298,0
1319,34770456706689,34770460249358,19992331,sB-eth3,up,34770460093917,netem,26439204,19282,0,0,0,0,0,25417812,3810,0,25416822,3791,0
1320,34770476701519,34770478476049,19994830,sA-eth3,up,34770478310787,netem,22610330,16553,0,0,0,0,0,21522842,3213,0,21735548,3298,0
1320,34770476701519,34770480163298,19994830,sB-eth3,up,34770479986605,netem,26439204,19282,0,0,0,0,0,25417812,3810,0,25416822,3791,0
1321,34770496713131,34770498904955,20011612,sA-eth3,up,34770498738893,netem,22610330,16553,0,0,0,0,0,21522842,3213,0,21735548,3298,0
1321,34770496713131,34770500589913,20011612,sB-eth3,up,34770500429722,netem,26439204,19282,0,0,0,0,0,25417812,3810,0,25416822,3791,0
1322,34770516704782,34770519037097,19991651,sA-eth3,up,34770518846235,netem,22610330,16553,0,0,0,0,0,21522842,3213,0,21735548,3298,0
1322,34770516704782,34770521108791,19991651,sB-eth3,up,34770520934818,netem,26439204,19282,0,0,0,0,0,25417812,3810,0,25416822,3791,0
1323,34770536704752,34770538985488,19999970,sA-eth3,up,34770538820536,netem,22610330,16553,0,0,0,0,0,21522842,3213,0,21735548,3298,0
1323,34770536704752,34770541318694,19999970,sB-eth3,up,34770541152271,netem,26439204,19282,0,0,0,0,0,25417812,3810,0,25416822,3791,0
1324,34770556702973,34770558873187,19998221,sA-eth3,up,34770558707315,netem,22610330,16553,0,0,0,0,0,21522842,3213,0,21735548,3298,0
1324,34770556702973,34770560753448,19998221,sB-eth3,up,34770560597326,netem,26439204,19282,0,0,0,0,0,25417812,3810,0,25416822,3791,0
1325,34770576700384,34770578543924,19997411,sA-eth3,up,34770578377583,netem,22610330,16553,0,0,0,0,0,21522842,3213,0,21735548,3298,0
1325,34770576700384,34770580720889,19997411,sB-eth3,up,34770580567167,netem,26439204,19282,0,0,0,0,0,25417812,3810,0,25416822,3791,0
1326,34770596729186,34770599046521,20028802,sA-eth3,up,34770598833409,netem,22610330,16553,0,0,0,0,0,21522842,3213,0,21735548,3298,0
1326,34770596729186,34770600983942,20028802,sB-eth3,up,34770600813700,netem,26439204,19282,0,0,0,0,0,25417812,3810,0,25416822,3791,0
1327,34770616716956,34770618648398,19987770,sA-eth3,up,34770618471815,netem,22610330,16553,0,0,0,0,0,21522842,3213,0,21735548,3298,0
1327,34770616716956,34770620989843,19987770,sB-eth3,up,34770620803741,netem,26439204,19282,0,0,0,0,0,25417812,3810,0,25416822,3791,0
1328,34770636710536,34770638625648,19993580,sA-eth3,up,34770638444746,netem,22610330,16553,0,0,0,0,0,21522842,3213,0,21735548,3298,0
1328,34770636710536,34770640947964,19993580,sB-eth3,up,34770640787482,netem,26439204,19282,0,0,0,0,0,25417812,3810,0,25416822,3791,0
1329,34770656712448,34770658589998,20001912,sA-eth3,up,34770658413116,netem,22610330,16553,0,0,0,0,0,21522842,3213,0,21735548,3298,0
1329,34770656712448,34770660800593,20001912,sB-eth3,up,34770660643051,netem,26439204,19282,0,0,0,0,0,25417812,3810,0,25416822,3791,0
1330,34770676717549,34770678645691,20005101,sA-eth3,up,34770678475028,netem,22610330,16553,0,0,0,0,0,21522842,3213,0,21735548,3298,0
1330,34770676717549,34770681195559,20005101,sB-eth3,up,34770681039446,netem,26439204,19282,0,0,0,0,0,25417812,3810,0,25416822,3791,0
1331,34770696704629,34770698701891,19987080,sA-eth3,up,34770698526110,netem,22610330,16553,0,0,0,0,0,21522842,3213,0,21735548,3298,0
1331,34770696704629,34770700562602,19987080,sB-eth3,up,34770700406700,netem,26439204,19282,0,0,0,0,0,25417812,3810,0,25416822,3791,0
1332,34770716701420,34770718939175,19996791,sA-eth3,up,34770718764533,netem,22610330,16553,0,0,0,0,0,21522842,3213,0,21735548,3298,0
1332,34770716701420,34770720830466,19996791,sB-eth3,up,34770720671294,netem,26439204,19282,0,0,0,0,0,25417812,3810,0,25416822,3791,0
1333,34770736710391,34770738667323,20008971,sA-eth3,up,34770738492851,netem,22610330,16553,0,0,0,0,0,21522842,3213,0,21735548,3298,0
1333,34770736710391,34770740395032,20008971,sB-eth3,up,34770740214770,netem,26439204,19282,0,0,0,0,0,25417812,3810,0,25416822,3791,0
1334,34770756738472,34770758640344,20028081,sA-eth3,up,34770758454181,netem,22610330,16553,0,0,0,0,0,21522842,3213,0,21735548,3298,0
1334,34770756738472,34770760721256,20028081,sB-eth3,up,34770760556685,netem,26439204,19282,0,0,0,0,0,25417812,3810,0,25416822,3791,0
1335,34770776714614,34770778620124,19976142,sA-eth3,up,34770778445093,netem,22610330,16553,0,0,0,0,0,21522842,3213,0,21735548,3298,0
1335,34770776714614,34770780601686,19976142,sB-eth3,up,34770780440755,netem,26439204,19282,0,0,0,0,0,25417812,3810,0,25416822,3791,0
1336,34770796709774,34770798601815,19995160,sA-eth3,up,34770798424873,netem,22610330,16553,0,0,0,0,0,21522842,3213,0,21735548,3298,0
1336,34770796709774,34770800568446,19995160,sB-eth3,up,34770800390395,netem,26439204,19282,0,0,0,0,0,25417812,3810,0,25416822,3791,0
1337,34770816704895,34770818597396,19995121,sA-eth3,up,34770818422204,netem,22610330,16553,0,0,0,0,0,21522842,3213,0,21735548,3298,0
1337,34770816704895,34770820543268,19995121,sB-eth3,up,34770820383265,netem,26439204,19282,0,0,0,0,0,25417812,3810,0,25416822,3791,0
1338,34770836703366,34770838578276,19998471,sA-eth3,up,34770838406434,netem,22610330,16553,0,0,0,0,0,21522842,3213,0,21735548,3298,0
1338,34770836703366,34770840319305,19998471,sB-eth3,up,34770840142073,netem,26439204,19282,0,0,0,0,0,25417812,3810,0,25416822,3791,0
1339,34770856722596,34770858611678,20019230,sA-eth3,up,34770858427625,netem,22610330,16553,0,0,0,0,0,21522842,3213,0,21735548,3298,0
1339,34770856722596,34770860373006,20019230,sB-eth3,up,34770860172315,netem,26439204,19282,0,0,0,0,0,25417812,3810,0,25416822,3791,0
1340,34770876705647,34770878528578,19983051,sA-eth3,up,34770878357016,netem,22610330,16553,0,0,0,0,0,21522842,3213,0,21735548,3298,0
1340,34770876705647,34770880294687,19983051,sB-eth3,up,34770880123215,netem,26439204,19282,0,0,0,0,0,25417812,3810,0,25416822,3791,0
1341,34770896704509,34770898504798,19998862,sA-eth3,up,34770898333666,netem,22610330,16553,0,0,0,0,0,21522842,3213,0,21735548,3298,0
1341,34770896704509,34770900182256,19998862,sB-eth3,up,34770900020775,netem,26439204,19282,0,0,0,0,0,25417812,3810,0,25416822,3791,0
1342,34770916723589,34770918595150,20019080,sA-eth3,up,34770918404468,netem,22610330,16553,0,0,0,0,0,21522842,3213,0,21735548,3298,0
1342,34770916723589,34770920363419,20019080,sB-eth3,up,34770920155657,netem,26439204,19282,0,0,0,0,0,25417812,3810,0,25416822,3791,0
1343,34770936727500,34770938616821,20003911,sA-eth3,up,34770938429829,netem,22610330,16553,0,0,0,0,0,21522842,3213,0,21735548,3298,0
1343,34770936727500,34770940338450,20003911,sB-eth3,up,34770940167238,netem,26439204,19282,0,0,0,0,0,25417812,3810,0,25416822,3791,0
1344,34770956713831,34770958555891,19986331,sA-eth3,up,34770958383139,netem,22610330,16553,0,0,0,0,0,21522842,3213,0,21735548,3298,0
1344,34770956713831,34770960241700,19986331,sB-eth3,up,34770960084698,netem,26439204,19282,0,0,0,0,0,25417812,3810,0,25416822,3791,0
1345,34770976711242,34770978560192,19997411,sA-eth3,up,34770978354210,netem,22610330,16553,0,0,0,0,0,21522842,3213,0,21735548,3298,0
1345,34770976711242,34770980275741,19997411,sB-eth3,up,34770980116820,netem,26439204,19282,0,0,0,0,0,25417812,3810,0,25416822,3791,0
1346,34770996717522,34770998593523,20006280,sA-eth3,up,34770998417491,netem,22610330,16553,0,0,0,0,0,21522842,3213,0,21735548,3298,0
1346,34770996717522,34771000301413,20006280,sB-eth3,up,34771000133491,netem,26439204,19282,0,0,0,0,0,25417812,3810,0,25416822,3791,0
1347,34771016712604,34771018556294,19995082,sA-eth3,up,34771018387582,netem,22610330,16553,0,0,0,0,0,21522842,3213,0,21735548,3298,0
1347,34771016712604,34771020354714,19995082,sB-eth3,up,34771020180212,netem,26439204,19282,0,0,0,0,0,25417812,3810,0,25416822,3791,0
1348,34771036705194,34771038704947,19992590,sA-eth3,up,34771038534104,netem,22610330,16553,0,0,0,0,0,21522842,3213,0,21735548,3298,0
1348,34771036705194,34771040460536,19992590,sB-eth3,up,34771040303344,netem,26439204,19282,0,0,0,0,0,25417812,3810,0,25416822,3791,0
1349,34771056704915,34771058590626,19999721,sA-eth3,up,34771058422314,netem,22610330,16553,0,0,0,0,0,21522842,3213,0,21735548,3298,0
1349,34771056704915,34771061346937,19999721,sB-eth3,up,34771061166324,netem,26439204,19282,0,0,0,0,0,25417812,3810,0,25416822,3791,0
1350,34771076704727,34771078702738,19999812,sA-eth3,up,34771078529376,netem,22610330,16553,0,0,0,0,0,21522842,3213,0,21735548,3298,0
1350,34771076704727,34771080535738,19999812,sB-eth3,up,34771080381516,netem,26439204,19282,0,0,0,0,0,25417812,3810,0,25416822,3791,0
1351,34771096707167,34771098619818,20002440,sA-eth3,up,34771098445576,netem,22610330,16553,0,0,0,0,0,21522842,3213,0,21735548,3298,0
1351,34771096707167,34771100411008,20002440,sB-eth3,up,34771100240476,netem,26439204,19282,0,0,0,0,0,25417812,3810,0,25416822,3791,0
1352,34771116705547,34771118607269,19998380,sA-eth3,up,34771118436507,netem,22610330,16553,0,0,0,0,0,21522842,3213,0,21735548,3298,0
1352,34771116705547,34771120345748,19998380,sB-eth3,up,34771120181306,netem,26439204,19282,0,0,0,0,0,25417812,3810,0,25416822,3791,0
1353,34771136708019,34771138572249,20002472,sA-eth3,up,34771138405688,netem,22610330,16553,0,0,0,0,0,21522842,3213,0,21735548,3298,0
1353,34771136708019,34771140312349,20002472,sB-eth3,up,34771140145547,netem,26439204,19282,0,0,0,0,0,25417812,3810,0,25416822,3791,0
1354,34771156711170,34771158599111,20003151,sA-eth3,up,34771158419949,netem,22610330,16553,0,0,0,0,0,21522842,3213,0,21735548,3298,0
1354,34771156711170,34771160308519,20003151,sB-eth3,up,34771160143568,netem,26439204,19282,0,0,0,0,0,25417812,3810,0,25416822,3791,0
1355,34771176704730,34771178532001,19993560,sA-eth3,up,34771178370299,netem,22610330,16553,0,0,0,0,0,21522842,3213,0,21735548,3298,0
1355,34771176704730,34771180288810,19993560,sB-eth3,up,34771180116918,netem,26439204,19282,0,0,0,0,0,25417812,3810,0,25416822,3791,0
1356,34771196709151,34771198592122,20004421,sA-eth3,up,34771198423331,netem,22610330,16553,0,0,0,0,0,21522842,3213,0,21735548,3298,0
1356,34771196709151,34771200271661,20004421,sB-eth3,up,34771200118979,netem,26439204,19282,0,0,0,0,0,25417812,3810,0,25416822,3791,0
1357,34771216706502,34771218517952,19997351,sA-eth3,up,34771218351960,netem,22610330,16553,0,0,0,0,0,21522842,3213,0,21735548,3298,0
1357,34771216706502,34771220137730,19997351,sB-eth3,up,34771219969128,netem,26439204,19282,0,0,0,0,0,25417812,3810,0,25416822,3791,0
1358,34771236707264,34771238502243,20000762,sA-eth3,up,34771238334631,netem,22610330,16553,0,0,0,0,0,21522842,3213,0,21735548,3298,0
1358,34771236707264,34771240196852,20000762,sB-eth3,up,34771240041310,netem,26439204,19282,0,0,0,0,0,25417812,3810,0,25416822,3791,0
1359,34771256708664,34771259073430,20001400,sA-eth3,up,34771258877459,netem,22610330,16553,0,0,0,0,0,21522842,3213,0,21735548,3298,0
1359,34771256708664,34771260750299,20001400,sB-eth3,up,34771260590287,netem,26439204,19282,0,0,0,0,0,25417812,3810,0,25416822,3791,0
1360,34771276707465,34771278745067,19998801,sA-eth3,up,34771278571666,netem,22610330,16553,0,0,0,0,0,21522842,3213,0,21735548,3298,0
1360,34771276707465,34771280495476,19998801,sB-eth3,up,34771280340525,netem,26439204,19282,0,0,0,0,0,25417812,3810,0,25416822,3791,0
1361,34771296701576,34771298490926,19994111,sA-eth3,up,34771298323474,netem,22610330,16553,0,0,0,0,0,21522842,3213,0,21735548,3298,0
1361,34771296701576,34771300161364,19994111,sB-eth3,up,34771299995033,netem,26439204,19282,0,0,0,0,0,25417812,3810,0,25416822,3791,0
1362,34771316706697,34771318505247,20005121,sA-eth3,up,34771318335424,netem,22610330,16553,0,0,0,0,0,21522842,3213,0,21735548,3298,0
1362,34771316706697,34771320140755,20005121,sB-eth3,up,34771319963383,netem,26439204,19282,0,0,0,0,0,25417812,3810,0,25416822,3791,0
1363,34771336701227,34771338569688,19994530,sA-eth3,up,34771338401466,netem,22610330,16553,0,0,0,0,0,21522842,3213,0,21735548,3298,0
1363,34771336701227,34771340218336,19994530,sB-eth3,up,34771340063535,netem,26439204,19282,0,0,0,0,0,25417812,3810,0,25416822,3791,0
1364,34771356721889,34771358576889,20020662,sA-eth3,up,34771358400787,netem,22610330,16553,0,0,0,0,0,21522842,3213,0,21735548,3298,0
1364,34771356721889,34771360236128,20020662,sB-eth3,up,34771360081996,netem,26439204,19282,0,0,0,0,0,25417812,3810,0,25416822,3791,0
1365,34771376702579,34771378498379,19980690,sA-eth3,up,34771378334428,netem,22610330,16553,0,0,0,0,0,21522842,3213,0,21735548,3298,0
1365,34771376702579,34771380173608,19980690,sB-eth3,up,34771380021356,netem,26439204,19282,0,0,0,0,0,25417812,3810,0,25416822,3791,0
1366,34771396705630,34771398497980,20003051,sA-eth3,up,34771398325839,netem,22610330,16553,0,0,0,0,0,21522842,3213,0,21735548,3298,0
1366,34771396705630,34771400163868,20003051,sB-eth3,up,34771399993856,netem,26439204,19282,0,0,0,0,0,25417812,3810,0,25416822,3791,0
1367,34771416710642,34771418525891,20005012,sA-eth3,up,34771418358059,netem,22610330,16553,0,0,0,0,0,21522842,3213,0,21735548,3298,0
1367,34771416710642,34771420163670,20005012,sB-eth3,up,34771419993347,netem,26439204,19282,0,0,0,0,0,25417812,3810,0,25416822,3791,0
1368,34771436717492,34771438573243,20006850,sA-eth3,up,34771438398821,netem,22610330,16553,0,0,0,0,0,21522842,3213,0,21735548,3298,0
1368,34771436717492,34771440266201,20006850,sB-eth3,up,34771440108250,netem,26439204,19282,0,0,0,0,0,25417812,3810,0,25416822,3791,0
1369,34771456709414,34771458619994,19991922,sA-eth3,up,34771458444112,netem,22610330,16553,0,0,0,0,0,21522842,3213,0,21735548,3298,0
1369,34771456709414,34771460267192,19991922,sB-eth3,up,34771460112390,netem,26439204,19282,0,0,0,0,0,25417812,3810,0,25416822,3791,0
1370,34771476704344,34771478519224,19994930,sA-eth3,up,34771478348991,netem,22610330,16553,0,0,0,0,0,21522842,3213,0,21735548,3298,0
1370,34771476704344,34771480162172,19994930,sB-eth3,up,34771479989030,netem,26439204,19282,0,0,0,0,0,25417812,3810,0,25416822,3791,0
1371,34771496702005,34771498471994,19997661,sA-eth3,up,34771498304863,netem,22610330,16553,0,0,0,0,0,21522842,3213,0,21735548,3298,0
1371,34771496702005,34771500174663,19997661,sB-eth3,up,34771500019441,netem,26439204,19282,0,0,0,0,0,25417812,3810,0,25416822,3791,0
1372,34771516706846,34771518498336,20004841,sA-eth3,up,34771518334014,netem,22610330,16553,0,0,0,0,0,21522842,3213,0,21735548,3298,0
1372,34771516706846,34771520188074,20004841,sB-eth3,up,34771520035103,netem,26439204,19282,0,0,0,0,0,25417812,3810,0,25416822,3791,0
1373,34771536704636,34771538546696,19997790,sA-eth3,up,34771538374775,netem,22610330,16553,0,0,0,0,0,21522842,3213,0,21735548,3298,0
1373,34771536704636,34771540226176,19997790,sB-eth3,up,34771540067124,netem,26439204,19282,0,0,0,0,0,25417812,3810,0,25416822,3791,0
1374,34771556712587,34771558513578,20007951,sA-eth3,up,34771558341106,netem,22610330,16553,0,0,0,0,0,21522842,3213,0,21735548,3298,0
1374,34771556712587,34771560227046,20007951,sB-eth3,up,34771560069245,netem,26439204,19282,0,0,0,0,0,25417812,3810,0,25416822,3791,0
1375,34771576702589,34771578528349,19990002,sA-eth3,up,34771578335746,netem,22610330,16553,0,0,0,0,0,21522842,3213,0,21735548,3298,0
1375,34771576702589,34771580161446,19990002,sB-eth3,up,34771579996855,netem,26439204,19282,0,0,0,0,0,25417812,3810,0,25416822,3791,0
1376,34771596704709,34771598557610,20002120,sA-eth3,up,34771598389048,netem,22610330,16553,0,0,0,0,0,21522842,3213,0,21735548,3298,0
1376,34771596704709,34771600184158,20002120,sB-eth3,up,34771600030776,netem,26439204,19282,0,0,0,0,0,25417812,3810,0,25416822,3791,0
1377,34771616729830,34771618749472,20025121,sA-eth3,up,34771618504920,netem,22610330,16553,0,0,0,0,0,21522842,3213,0,21735548,3298,0
1377,34771616729830,34771620551483,20025121,sB-eth3,up,34771620321660,netem,26439204,19282,0,0,0,0,0,25417812,3810,0,25416822,3791,0
1378,34771636715232,34771638565231,19985402,sA-eth3,up,34771638385799,netem,22610330,16553,0,0,0,0,0,21522842,3213,0,21735548,3298,0
1378,34771636715232,34771640219050,19985402,sB-eth3,up,34771640056218,netem,26439204,19282,0,0,0,0,0,25417812,3810,0,25416822,3791,0
1379,34771656709482,34771658533212,19994250,sA-eth3,up,34771658354511,netem,22610330,16553,0,0,0,0,0,21522842,3213,0,21735548,3298,0
1379,34771656709482,34771660291611,19994250,sB-eth3,up,34771660101580,netem,26439204,19282,0,0,0,0,0,25417812,3810,0,25416822,3791,0
1380,34771676706162,34771678806146,19996680,sA-eth3,up,34771678632734,netem,22610330,16553,0,0,0,0,0,21522842,3213,0,21735548,3298,0
1380,34771676706162,34771680473794,19996680,sB-eth3,up,34771680316263,netem,26439204,19282,0,0,0,0,0,25417812,3810,0,25416822,3791,0
1381,34771696710584,34771698577914,20004422,sA-eth3,up,34771698400142,netem,22610330,16553,0,0,0,0,0,21522842,3213,0,21735548,3298,0
1381,34771696710584,34771700231153,20004422,sB-eth3,up,34771700071191,netem,26439204,19282,0,0,0,0,0,25417812,3810,0,25416822,3791,0
1382,34771716706264,34771718553034,19995680,sA-eth3,up,34771718384534,netem,22610330,16553,0,0,0,0,0,21522842,3213,0,21735548,3298,0
1382,34771716706264,34771720199843,19995680,sB-eth3,up,34771720044171,netem,26439204,19282,0,0,0,0,0,25417812,3810,0,25416822,3791,0
1383,34771736702805,34771738477454,19996541,sA-eth3,up,34771738307933,netem,22610330,16553,0,0,0,0,0,21522842,3213,0,21735548,3298,0
1383,34771736702805,34771740153134,19996541,sB-eth3,up,34771739983291,netem,26439204,19282,0,0,0,0,0,25417812,3810,0,25416822,3791,0
1384,34771756719527,34771758586147,20016722,sA-eth3,up,34771758403376,netem,22610330,16553,0,0,0,0,0,21522842,3213,0,21735548,3298,0
1384,34771756719527,34771760313946,20016722,sB-eth3,up,34771760142104,netem,26439204,19282,0,0,0,0,0,25417812,3810,0,25416822,3791,0
1385,34771776707387,34771778791310,19987860,sA-eth3,up,34771778619019,netem,22610330,16553,0,0,0,0,0,21522842,3213,0,21735548,3298,0
1385,34771776707387,34771780470619,19987860,sB-eth3,up,34771780314537,netem,26439204,19282,0,0,0,0,0,25417812,3810,0,25416822,3791,0
1386,34771796732839,34771798652159,20025452,sA-eth3,up,34771798469818,netem,22610330,16553,0,0,0,0,0,21522842,3213,0,21735548,3298,0
1386,34771796732839,34771800373058,20025452,sB-eth3,up,34771800185956,netem,26439204,19282,0,0,0,0,0,25417812,3810,0,25416822,3791,0
1387,34771816706429,34771818602939,19973590,sA-eth3,up,34771818428788,netem,22610330,16553,0,0,0,0,0,21522842,3213,0,21735548,3298,0
1387,34771816706429,34771820293238,19973590,sB-eth3,up,34771820123886,netem,26439204,19282,0,0,0,0,0,25417812,3810,0,25416822,3791,0
1388,34771836707130,34771838526980,20000701,sA-eth3,up,34771838359478,netem,22610330,16553,0,0,0,0,0,21522842,3213,0,21735548,3298,0
1388,34771836707130,34771840183458,20000701,sB-eth3,up,34771840024346,netem,26439204,19282,0,0,0,0,0,25417812,3810,0,25416822,3791,0
1389,34771856725480,34771858602362,20018350,sA-eth3,up,34771858429320,netem,22610330,16553,0,0,0,0,0,21522842,3213,0,21735548,3298,0
1389,34771856725480,34771860289951,20018350,sB-eth3,up,34771860123779,netem,26439204,19282,0,0,0,0,0,25417812,3810,0,25416822,3791,0
1390,34771876706462,34771878532002,19980982,sA-eth3,up,34771878369049,netem,22610330,16553,0,0,0,0,0,21522842,3213,0,21735548,3298,0
1390,34771876706462,34771880232910,19980982,sB-eth3,up,34771880077769,netem,26439204,19282,0,0,0,0,0,25417812,3810,0,25416822,3791,0
1391,34771896706342,34771898536253,19999880,sA-eth3,up,34771898366431,netem,22610330,16553,0,0,0,0,0,21522842,3213,0,21735548,3298,0
1391,34771896706342,34771900268262,19999880,sB-eth3,up,34771900113261,netem,26439204,19282,0,0,0,0,0,25417812,3810,0,25416822,3791,0
1392,34771916703504,34771918586124,19997162,sA-eth3,up,34771918371091,netem,22610330,16553,0,0,0,0,0,21522842,3213,0,21735548,3298,0
1392,34771916703504,34771920364793,19997162,sB-eth3,up,34771920179362,netem,26439204,19282,0,0,0,0,0,25417812,3810,0,25416822,3791,0
1393,34771936709084,34771938578535,20005580,sA-eth3,up,34771938411593,netem,22610330,16553,0,0,0,0,0,21522842,3213,0,21735548,3298,0
1393,34771936709084,34771940296413,20005580,sB-eth3,up,34771940124793,netem,26439204,19282,0,0,0,0,0,25417812,3810,0,25416822,3791,0
1394,34771956710025,34771958565996,20000941,sA-eth3,up,34771958394244,netem,22610330,16553,0,0,0,0,0,21522842,3213,0,21735548,3298,0
1394,34771956710025,34771960267484,20000941,sB-eth3,up,34771960105603,netem,26439204,19282,0,0,0,0,0,25417812,3810,0,25416822,3791,0
1395,34771976715307,34771978582196,20005282,sA-eth3,up,34771978402344,netem,22610330,16553,0,0,0,0,0,21522842,3213,0,21735548,3298,0
1395,34771976715307,34771980303136,20005282,sB-eth3,up,34771980134413,netem,26439204,19282,0,0,0,0,0,25417812,3810,0,25416822,3791,0
1396,34771996706987,34771998507027,19991680,sA-eth3,up,34771998334275,netem,22610330,16553,0,0,0,0,0,21522842,3213,0,21735548,3298,0
1396,34771996706987,34772000193806,19991680,sB-eth3,up,34772000033913,netem,26439204,19282,0,0,0,0,0,25417812,3810,0,25416822,3791,0
1397,34772016705148,34772018977162,19998161,sA-eth3,up,34772018811701,netem,22610330,16553,0,0,0,0,0,21522842,3213,0,21735548,3298,0
1397,34772016705148,34772020840354,19998161,sB-eth3,up,34772020686122,netem,26439204,19282,0,0,0,0,0,25417812,3810,0,25416822,3791,0
1398,34772036710539,34772038739552,20005391,sA-eth3,up,34772038573099,netem,22610330,16553,0,0,0,0,0,21522842,3213,0,21735548,3298,0
1398,34772036710539,34772040666622,20005391,sB-eth3,up,34772040480720,netem,26439204,19282,0,0,0,0,0,25417812,3810,0,25416822,3791,0
1399,34772056706049,34772058707992,19995510,sA-eth3,up,34772058531519,netem,22610330,16553,0,0,0,0,0,21522842,3213,0,21735548,3298,0
1399,34772056706049,34772060536322,19995510,sB-eth3,up,34772060376370,netem,26439204,19282,0,0,0,0,0,25417812,3810,0,25416822,3791,0
1400,34772076701630,34772078544601,19995581,sA-eth3,up,34772078373909,netem,22610330,16553,0,0,0,0,0,21522842,3213,0,21735548,3298,0
1400,34772076701630,34772080217389,19995581,sB-eth3,up,34772080062598,netem,26439204,19282,0,0,0,0,0,25417812,3810,0,25416822,3791,0
1401,34772096710592,34772098532481,20008962,sA-eth3,up,34772098361170,netem,22610330,16553,0,0,0,0,0,21522842,3213,0,21735548,3298,0
1401,34772096710592,34772100206080,20008962,sB-eth3,up,34772100050638,netem,26439204,19282,0,0,0,0,0,25417812,3810,0,25416822,3791,0
1402,34772116704022,34772118562523,19993430,sA-eth3,up,34772118393571,netem,22610330,16553,0,0,0,0,0,21522842,3213,0,21735548,3298,0
1402,34772116704022,34772120292092,19993430,sB-eth3,up,34772120123830,netem,26439204,19282,0,0,0,0,0,25417812,3810,0,25416822,3791,0
1403,34772136713874,34772138605114,20009852,sA-eth3,up,34772138418752,netem,22610330,16553,0,0,0,0,0,21522842,3213,0,21735548,3298,0
1403,34772136713874,34772140297943,20009852,sB-eth3,up,34772140126531,netem,26439204,19282,0,0,0,0,0,25417812,3810,0,25416822,3791,0
1404,34772156703514,34772158492604,19989640,sA-eth3,up,34772158320301,netem,22610330,16553,0,0,0,0,0,21522842,3213,0,21735548,3298,0
1404,34772156703514,34772160221733,19989640,sB-eth3,up,34772160067551,netem,26439204,19282,0,0,0,0,0,25417812,3810,0,25416822,3791,0
1405,34772176708805,34772178537165,20005291,sA-eth3,up,34772178363633,netem,22610330,16553,0,0,0,0,0,21522842,3213,0,21735548,3298,0
1405,34772176708805,34772180253814,20005291,sB-eth3,up,34772180092582,netem,26439204,19282,0,0,0,0,0,25417812,3810,0,25416822,3791,0
1406,34772196707546,34772198776559,19998741,sA-eth3,up,34772198478136,netem,22610330,16553,0,0,0,0,0,21522842,3213,0,21735548,3298,0
1406,34772196707546,34772200626659,19998741,sB-eth3,up,34772200424537,netem,26439204,19282,0,0,0,0,0,25417812,3810,0,25416822,3791,0
1407,34772216732447,34772218645029,20024901,sA-eth3,up,34772218433106,netem,22610330,16553,0,0,0,0,0,21522842,3213,0,21735548,3298,0
1407,34772216732447,34772220501068,20024901,sB-eth3,up,34772220294416,netem,26439204,19282,0,0,0,0,0,25417812,3810,0,25416822,3791,0
1408,34772236722367,34772239041083,19989920,sA-eth3,up,34772238834042,netem,22610330,16553,0,0,0,0,0,21522842,3213,0,21735548,3298,0
1408,34772236722367,34772240773302,19989920,sB-eth3,up,34772240605841,netem,26439204,19282,0,0,0,0,0,25417812,3810,0,25416822,3791,0
1409,34772256707339,34772258868472,19984972,sA-eth3,up,34772258695991,netem,22610330,16553,0,0,0,0,0,21522842,3213,0,21735548,3298,0
1409,34772256707339,34772260563331,19984972,sB-eth3,up,34772260406229,netem,26439204,19282,0,0,0,0,0,25417812,3810,0,25416822,3791,0
1410,34772276752540,34772278791282,20045201,sA-eth3,up,34772278592390,netem,22610330,16553,0,0,0,0,0,21522842,3213,0,21735548,3298,0
1410,34772276752540,34772280901166,20045201,sB-eth3,up,34772280725374,netem,26439204,19282,0,0,0,0,0,25417812,3810,0,25416822,3791,0
1411,34772296706640,34772298850614,19954100,sA-eth3,up,34772298678992,netem,22610330,16553,0,0,0,0,0,21522842,3213,0,21735548,3298,0
1411,34772296706640,34772300839266,19954100,sB-eth3,up,34772300683274,netem,26439204,19282,0,0,0,0,0,25417812,3810,0,25416822,3791,0
1412,34772316708801,34772318902085,20002161,sA-eth3,up,34772318711944,netem,22610330,16553,0,0,0,0,0,21522842,3213,0,21735548,3298,0
1412,34772316708801,34772320988989,20002161,sB-eth3,up,34772320825917,netem,26439204,19282,0,0,0,0,0,25417812,3810,0,25416822,3791,0
1413,34772336706222,34772338518742,19997421,sA-eth3,up,34772338344881,netem,22610330,16553,0,0,0,0,0,21522842,3213,0,21735548,3298,0
1413,34772336706222,34772340217931,19997421,sB-eth3,up,34772340060469,netem,26439204,19282,0,0,0,0,0,25417812,3810,0,25416822,3791,0
1414,34772356710243,34772358482672,20004021,sA-eth3,up,34772358321161,netem,22610330,16553,0,0,0,0,0,21522842,3213,0,21735548,3298,0
1414,34772356710243,34772360114271,20004021,sB-eth3,up,34772359944968,netem,26439204,19282,0,0,0,0,0,25417812,3810,0,25416822,3791,0
1415,34772376706054,34772378894508,19995811,sA-eth3,up,34772378731166,netem,22610330,16553,0,0,0,0,0,21522842,3213,0,21735548,3298,0
1415,34772376706054,34772380575447,19995811,sB-eth3,up,34772380407514,netem,26439204,19282,0,0,0,0,0,25417812,3810,0,25416822,3791,0
1416,34772396721105,34772398887049,20015051,sA-eth3,up,34772398659607,netem,22610330,16553,0,0,0,0,0,21522842,3213,0,21735548,3298,0
1416,34772396721105,34772400634058,20015051,sB-eth3,up,34772400426856,netem,26439204,19282,0,0,0,0,0,25417812,3810,0,25416822,3791,0
1417,34772416708285,34772418591147,19987180,sA-eth3,up,34772418379244,netem,22610330,16553,0,0,0,0,0,21522842,3213,0,21735548,3298,0
1417,34772416708285,34772420599189,19987180,sB-eth3,up,34772420394336,netem,26439204,19282,0,0,0,0,0,25417812,3810,0,25416822,3791,0
1418,34772436715397,34772438573897,20007112,sA-eth3,up,34772438359485,netem,22610330,16553,0,0,0,0,0,21522842,3213,0,21735548,3298,0
1418,34772436715397,34772440327276,20007112,sB-eth3,up,34772440110854,netem,26439204,19282,0,0,0,0,0,25417812,3810,0,25416822,3791,0
1419,34772456712768,34772458615869,19997371,sA-eth3,up,34772458399636,netem,22610330,16553,0,0,0,0,0,21522842,3213,0,21735548,3298,0
1419,34772456712768,34772460374708,19997371,sB-eth3,up,34772460163976,netem,26439204,19282,0,0,0,0,0,25417812,3810,0,25416822,3791,0
1420,34772476704548,34772478664970,19991780,sA-eth3,up,34772478447347,netem,22610330,16553,0,0,0,0,0,21522842,3213,0,21735548,3298,0
1420,34772476704548,34772480384739,19991780,sB-eth3,up,34772480169707,netem,26439204,19282,0,0,0,0,0,25417812,3810,0,25416822,3791,0
1421,34772496709039,34772498553729,20004491,sA-eth3,up,34772498333587,netem,22610330,16553,0,0,0,0,0,21522842,3213,0,21735548,3298,0
1421,34772496709039,34772500253838,20004491,sB-eth3,up,34772500055366,netem,26439204,19282,0,0,0,0,0,25417812,3810,0,25416822,3791,0
1422,34772516705620,34772518555751,19996581,sA-eth3,up,34772518346868,netem,22610330,16553,0,0,0,0,0,21522842,3213,0,21735548,3298,0
1422,34772516705620,34772520857846,19996581,sB-eth3,up,34772520657284,netem,26439204,19282,0,0,0,0,0,25417812,3810,0,25416822,3791,0
1423,34772536710951,34772538714373,20005331,sA-eth3,up,34772538499321,netem,22610330,16553,0,0,0,0,0,21522842,3213,0,21735548,3298,0
1423,34772536710951,34772541025139,20005331,sB-eth3,up,34772540799626,netem,26439204,19282,0,0,0,0,0,25417882,3811,0,25416822,3791,0
1424,34772556704552,34772558661794,19993601,sA-eth3,up,34772558453011,netem,22610330,16553,0,0,0,0,0,21522842,3213,0,21735548,3298,0
1424,34772556704552,34772560422443,19993601,sB-eth3,up,34772560210620,netem,26439204,19282,0,0,0,0,0,25417882,3811,0,25416822,3791,0
1425,34772576705093,34772578547364,20000541,sA-eth3,up,34772578336561,netem,22610330,16553,0,0,0,0,0,21522842,3213,0,21735548,3298,0
1425,34772576705093,34772580594406,20000541,sB-eth3,up,34772580394854,netem,26439204,19282,0,0,0,0,0,25417882,3811,0,25416822,3791,0
1426,34772596706624,34772598612985,20001531,sA-eth3,up,34772598417532,netem,22610330,16553,0,0,0,0,0,21522842,3213,0,21735548,3298,0
1426,34772596706624,34772600509036,20001531,sB-eth3,up,34772600345794,netem,26439204,19282,0,0,0,0,0,25417882,3811,0,25416822,3791,0
1427,34772616709695,34772618575085,20003071,sA-eth3,up,34772618400903,netem,22610330,16553,0,0,0,0,0,21522842,3213,0,21735548,3298,0
1427,34772616709695,34772620487556,20003071,sB-eth3,up,34772620328564,netem,26439204,19282,0,0,0,0,0,25417882,3811,0,25416822,3791,0
1428,34772636709505,34772638556956,19999810,sA-eth3,up,34772638387954,netem,22610330,16553,0,0,0,0,0,21522842,3213,0,21735548,3298,0
1428,34772636709505,34772640434917,19999810,sB-eth3,up,34772640266094,netem,26439204,19282,0,0,0,0,0,25417882,3811,0,25416822,3791,0
1429,34772656704846,34772658501056,19995341,sA-eth3,up,34772658335114,netem,22610330,16553,0,0,0,0,0,21522842,3213,0,21735548,3298,0
1429,34772656704846,34772660291136,19995341,sB-eth3,up,34772660122764,netem,26439204,19282,0,0,0,0,0,25417882,3811,0,25416822,3791,0
1430,34772676728067,34772678704629,20023221,sA-eth3,up,34772678515587,netem,22610330,16553,0,0,0,0,0,21522842,3213,0,21735548,3298,0
1430,34772676728067,34772680623280,20023221,sB-eth3,up,34772680449329,netem,26439204,19282,0,0,0,0,0,25417882,3811,0,25416822,3791,0
1431,34772696711287,34772698651659,19983220,sA-eth3,up,34772698471787,netem,22610330,16553,0,0,0,0,0,21522842,3213,0,21735548,3298,0
1431,34772696711287,34772700535520,19983220,sB-eth3,up,34772700375869,netem,26439204,19282,0,0,0,0,0,25417882,3811,0,25416822,3791,0
1432,34772716712939,34772718657590,20001652,sA-eth3,up,34772718487119,netem,22610330,16553,0,0,0,0,0,21522842,3213,0,21735548,3298,0
1432,34772716712939,34772720489501,20001652,sB-eth3,up,34772720328879,netem,26439204,19282,0,0,0,0,0,25417882,3811,0,25416822,3791,0
1433,34772736718670,34772738535220,20005731,sA-eth3,up,34772738361068,netem,22610330,16553,0,0,0,0,0,21522842,3213,0,21735548,3298,0
1433,34772736718670,34772740375641,20005731,sB-eth3,up,34772740207069,netem,26439204,19282,0,0,0,0,0,25417882,3811,0,25416822,3791,0
1434,34772756700800,34772758519851,19982130,sA-eth3,up,34772758353149,netem,22610330,16553,0,0,0,0,0,21522842,3213,0,21735548,3298,0
1434,34772756700800,34772760365061,19982130,sB-eth3,up,34772760195659,netem,26439204,19282,0,0,0,0,0,25417882,3811,0,25416822,3791,0
1435,34772776711932,34772778994247,20011132,sA-eth3,up,34772778821955,netem,22610330,16553,0,0,0,0,0,21522842,3213,0,21735548,3298,0
1435,34772776711932,34772780912718,20011132,sB-eth3,up,34772780731716,netem,26439204,19282,0,0,0,0,0,25417882,3811,0,25416822,3791,0
1436,34772796709742,34772798568932,19997810,sA-eth3,up,34772798389621,netem,22610330,16553,0,0,0,0,0,21522842,3213,0,21735548,3298,0
1436,34772796709742,34772800488864,19997810,sB-eth3,up,34772800329472,netem,26439204,19282,0,0,0,0,0,25417882,3811,0,25416822,3791,0
1437,34772816717913,34772818558444,20008171,sA-eth3,up,34772818377142,netem,22610330,16553,0,0,0,0,0,21522842,3213,0,21735548,3298,0
1437,34772816717913,34772820431284,20008171,sB-eth3,up,34772820263313,netem,26439204,19282,0,0,0,0,0,25417882,3811,0,25416822,3791,0
1438,34772836720135,34772838611445,20002222,sA-eth3,up,34772838424123,netem,22610330,16553,0,0,0,0,0,21522842,3213,0,21735548,3298,0
1438,34772836720135,34772840563747,20002222,sB-eth3,up,34772840399665,netem,26439204,19282,0,0,0,0,0,25417882,3811,0,25416822,3791,0
1439,34772856720015,34772858711747,19999880,sA-eth3,up,34772858496135,netem,22610330,16553,0,0,0,0,0,21522842,3213,0,21735548,3298,0
1439,34772856720015,34772860458907,19999880,sB-eth3,up,34772860291105,netem,26439204,19282,0,0,0,0,0,25417882,3811,0,25416822,3791,0
1440,34772876718447,34772878611537,19998432,sA-eth3,up,34772878433965,netem,22610330,16553,0,0,0,0,0,21522842,3213,0,21735548,3298,0
1440,34772876718447,34772880676879,19998432,sB-eth3,up,34772880507118,netem,26439204,19282,0,0,0,0,0,25417882,3811,0,25416822,3791,0
1441,34772896705537,34772898510797,19987090,sA-eth3,up,34772898337295,netem,22610330,16553,0,0,0,0,0,21522842,3213,0,21735548,3298,0
1441,34772896705537,34772900417308,19987090,sB-eth3,up,34772900248396,netem,26439204,19282,0,0,0,0,0,25417882,3811,0,25416822,3791,0
1442,34772916705808,34772918536257,20000271,sA-eth3,up,34772918368216,netem,22610330,16553,0,0,0,0,0,21522842,3213,0,21735548,3298,0
1442,34772916705808,34772920441549,20000271,sB-eth3,up,34772920271367,netem,26439204,19282,0,0,0,0,0,25417882,3811,0,25416822,3791,0
1443,34772936711469,34772938633039,20005661,sA-eth3,up,34772938455517,netem,22610330,16553,0,0,0,0,0,21522842,3213,0,21735548,3298,0
1443,34772936711469,34772940462160,20005661,sB-eth3,up,34772940304848,netem,26439204,19282,0,0,0,0,0,25417882,3811,0,25416822,3791,0
1444,34772956710470,34772958562980,19999001,sA-eth3,up,34772958387879,netem,22610330,16553,0,0,0,0,0,21522842,3213,0,21735548,3298,0
1444,34772956710470,34772960457871,19999001,sB-eth3,up,34772960297039,netem,26439204,19282,0,0,0,0,0,25417882,3811,0,25416822,3791,0
1445,34772976714390,34772978579881,20003920,sA-eth3,up,34772978409179,netem,22610330,16553,0,0,0,0,0,21522842,3213,0,21735548,3298,0
1445,34772976714390,34772980394851,20003920,sB-eth3,up,34772980207709,netem,26439204,19282,0,0,0,0,0,25417882,3811,0,25416822,3791,0
1446,34772996709472,34772998508402,19995082,sA-eth3,up,34772998333519,netem,22610330,16553,0,0,0,0,0,21522842,3213,0,21735548,3298,0
1446,34772996709472,34773000470723,19995082,sB-eth3,up,34773000308111,netem,26439204,19282,0,0,0,0,0,25417882,3811,0,25416822,3791,0
1447,34773016708752,34773018555562,19999280,sA-eth3,up,34773018385011,netem,22610330,16553,0,0,0,0,0,21522842,3213,0,21735548,3298,0
1447,34773016708752,34773020347022,19999280,sB-eth3,up,34773020162931,netem,26439204,19282,0,0,0,0,0,25417882,3811,0,25416822,3791,0
1448,34773036713183,34773038566944,20004431,sA-eth3,up,34773038391541,netem,22610330,16553,0,0,0,0,0,21522842,3213,0,21735548,3298,0
1448,34773036713183,34773040340264,20004431,sB-eth3,up,34773040157641,netem,26439204,19282,0,0,0,0,0,25417882,3811,0,25416822,3791,0
1449,34773056705764,34773058563345,19992581,sA-eth3,up,34773058390892,netem,22610400,16554,0,0,0,0,0,21522842,3213,0,21735618,3299,0
1449,34773056705764,34773060694598,19992581,sB-eth3,up,34773060523157,netem,26439204,19282,0,0,0,0,0,25417882,3811,0,25416822,3791,0
1450,34773076729965,34773078886339,20024201,sA-eth3,up,34773078681327,netem,22610400,16554,0,0,0,0,0,21522842,3213,0,21735618,3299,0
1450,34773076729965,34773080738860,20024201,sB-eth3,up,34773080543287,netem,26439204,19282,0,0,0,0,0,25417882,3811,0,25416822,3791,0
1451,34773096715676,34773098785169,19985711,sA-eth3,up,34773098590787,netem,22610400,16554,0,0,0,0,0,21522842,3213,0,21735618,3299,0
1451,34773096715676,34773100748290,19985711,sB-eth3,up,34773100570599,netem,26439204,19282,0,0,0,0,0,25417882,3811,0,25416822,3791,0
1452,34773116715117,34773119096953,19999441,sA-eth3,up,34773118876440,netem,22610400,16554,0,0,0,0,0,21522842,3213,0,21735618,3299,0
1452,34773116715117,34773120800952,19999441,sB-eth3,up,34773120636640,netem,26439204,19282,0,0,0,0,0,25417882,3811,0,25416822,3791,0
1453,34773136719328,34773139107754,20004211,sA-eth3,up,34773138896452,netem,22610400,16554,0,0,0,0,0,21522842,3213,0,21735618,3299,0
1453,34773136719328,34773141198327,20004211,sB-eth3,up,34773141029175,netem,26439204,19282,0,0,0,0,0,25417882,3811,0,25416822,3791,0
1454,34773156709768,34773158684040,19990440,sA-eth3,up,34773158510468,netem,22610400,16554,0,0,0,0,0,21522842,3213,0,21735618,3299,0
1454,34773156709768,34773160982065,19990440,sB-eth3,up,34773160818854,netem,26439204,19282,0,0,0,0,0,25417882,3811,0,25416822,3791,0
1455,34773176706520,34773178761172,19996752,sA-eth3,up,34773178583990,netem,22610400,16554,0,0,0,0,0,21522842,3213,0,21735618,3299,0
1455,34773176706520,34773181139868,19996752,sB-eth3,up,34773180910225,netem,26439204,19282,0,0,0,0,0,25417882,3811,0,25416822,3791,0
1456,34773196722560,34773198937745,20016040,sA-eth3,up,34773198759742,netem,22610400,16554,0,0,0,0,0,21522842,3213,0,21735618,3299,0
1456,34773196722560,34773200840747,20016040,sB-eth3,up,34773200668964,netem,26439204,19282,0,0,0,0,0,25417882,3811,0,25416822,3791,0
1457,34773216714621,34773218903535,19992061,sA-eth3,up,34773218717963,netem,22610400,16554,0,0,0,0,0,21522842,3213,0,21735618,3299,0
1457,34773216714621,34773220683185,19992061,sB-eth3,up,34773220516993,netem,26439204,19282,0,0,0,0,0,25417882,3811,0,25416822,3791,0
1458,34773236718132,34773238589363,20003511,sA-eth3,up,34773238399721,netem,22610400,16554,0,0,0,0,0,21522842,3213,0,21735618,3299,0
1458,34773236718132,34773240674636,20003511,sB-eth3,up,34773240508464,netem,26439204,19282,0,0,0,0,0,25417882,3811,0,25416822,3791,0
1459,34773256711653,34773258684585,19993521,sA-eth3,up,34773258508752,netem,22610400,16554,0,0,0,0,0,21522842,3213,0,21735618,3299,0
1459,34773256711653,34773260555605,19993521,sB-eth3,up,34773260374604,netem,26439204,19282,0,0,0,0,0,25417882,3811,0,25416822,3791,0
1460,34773276721513,34773278695765,20009860,sA-eth3,up,34773278513164,netem,22610400,16554,0,0,0,0,0,21522842,3213,0,21735618,3299,0
1460,34773276721513,34773280556587,20009860,sB-eth3,up,34773280386304,netem,26439204,19282,0,0,0,0,0,25417882,3811,0,25416822,3791,0
1461,34773296713035,34773298665517,19991522,sA-eth3,up,34773298477934,netem,22610400,16554,0,0,0,0,0,21522842,3213,0,21735618,3299,0
1461,34773296713035,34773300431276,19991522,sB-eth3,up,34773300254114,netem,26439204,19282,0,0,0,0,0,25417882,3811,0,25416822,3791,0
1462,34773316711235,34773318611516,19998200,sA-eth3,up,34773318429434,netem,22610400,16554,0,0,0,0,0,21522842,3213,0,21735618,3299,0
1462,34773316711235,34773320330416,19998200,sB-eth3,up,34773320149004,netem,26439204,19282,0,0,0,0,0,25417882,3811,0,25416822,3791,0
1463,34773336715047,34773338668358,20003812,sA-eth3,up,34773338479766,netem,22610400,16554,0,0,0,0,0,21522842,3213,0,21735618,3299,0
1463,34773336715047,34773340418297,20003812,sB-eth3,up,34773340238986,netem,26439204,19282,0,0,0,0,0,25417882,3811,0,25416822,3791,0
1464,34773356704117,34773358606579,19989070,sA-eth3,up,34773358427497,netem,22610400,16554,0,0,0,0,0,21522842,3213,0,21735618,3299,0
1464,34773356704117,34773360327277,19989070,sB-eth3,up,34773360150975,netem,26439204,19282,0,0,0,0,0,25417882,3811,0,25416822,3791,0
1465,34773376716088,34773378641739,20011971,sA-eth3,up,34773378461787,netem,22610400,16554,0,0,0,0,0,21522842,3213,0,21735618,3299,0
1465,34773376716088,34773380956475,20011971,sB-eth3,up,34773380790324,netem,26439204,19282,0,0,0,0,0,25417882,3811,0,25416822,3791,0
1466,34773396713840,34773398574900,19997752,sA-eth3,up,34773398397777,netem,22610400,16554,0,0,0,0,0,21522842,3213,0,21735618,3299,0
1466,34773396713840,34773400477271,19997752,sB-eth3,up,34773400315569,netem,26439204,19282,0,0,0,0,0,25417882,3811,0,25416822,3791,0
1467,34773416709810,34773418629771,19995970,sA-eth3,up,34773418439749,netem,22610400,16554,0,0,0,0,0,21522842,3213,0,21735618,3299,0
1467,34773416709810,34773420557092,19995970,sB-eth3,up,34773420327149,netem,26439204,19282,0,0,0,0,0,25417882,3811,0,25416822,3791,0
1468,34773436728741,34773438799804,20018931,sA-eth3,up,34773438594132,netem,22610400,16554,0,0,0,0,0,21522842,3213,0,21735618,3299,0
1468,34773436728741,34773440833097,20018931,sB-eth3,up,34773440661454,netem,26439204,19282,0,0,0,0,0,25417882,3811,0,25416822,3791,0
1469,34773456715382,34773458667374,19986641,sA-eth3,up,34773458484341,netem,22610400,16554,0,0,0,0,0,21522842,3213,0,21735618,3299,0
1469,34773456715382,34773460712657,19986641,sB-eth3,up,34773460530094,netem,26439204,19282,0,0,0,0,0,25417882,3811,0,25416822,3791,0
1470,34773476713073,34773478667744,19997691,sA-eth3,up,34773478447782,netem,22610400,16554,0,0,0,0,0,21522842,3213,0,21735618,3299,0
1470,34773476713073,34773480689487,19997691,sB-eth3,up,34773480519174,netem,26439204,19282,0,0,0,0,0,25417882,3811,0,25416822,3791,0
1471,34773496729904,34773498765106,20016831,sA-eth3,up,34773498522504,netem,22610400,16554,0,0,0,0,0,21522842,3213,0,21735618,3299,0
1471,34773496729904,34773500794839,20016831,sB-eth3,up,34773500575886,netem,26439204,19282,0,0,0,0,0,25417882,3811,0,25416822,3791,0
1472,34773516713935,34773518740057,19984031,sA-eth3,up,34773518511314,netem,22610400,16554,0,0,0,0,0,21522842,3213,0,21735618,3299,0
1472,34773516713935,34773521114153,19984031,sB-eth3,up,34773520869440,netem,26439204,19282,0,0,0,0,0,25417882,3811,0,25416822,3791,0
1473,34773536718075,34773538843149,20004140,sA-eth3,up,34773538629547,netem,22610400,16554,0,0,0,0,0,21522842,3213,0,21735618,3299,0
1473,34773536718075,34773540765430,20004140,sB-eth3,up,34773540572528,netem,26439204,19282,0,0,0,0,0,25417882,3811,0,25416822,3791,0
1474,34773556719977,34773558761859,20001902,sA-eth3,up,34773558555697,netem,22610400,16554,0,0,0,0,0,21522842,3213,0,21735618,3299,0
1474,34773556719977,34773560624379,20001902,sB-eth3,up,34773560432167,netem,26439204,19282,0,0,0,0,0,25417882,3811,0,25416822,3791,0
1475,34773576716277,34773578764070,19996300,sA-eth3,up,34773578555078,netem,22610400,16554,0,0,0,0,0,21522842,3213,0,21735618,3299,0
1475,34773576716277,34773581565121,19996300,sB-eth3,up,34773581367518,netem,26439204,19282,0,0,0,0,0,25417882,3811,0,25416822,3791,0
1476,34773596717298,34773598820982,20001021,sA-eth3,up,34773598613269,netem,22610400,16554,0,0,0,0,0,21522842,3213,0,21735618,3299,0
1476,34773596717298,34773600762192,20001021,sB-eth3,up,34773600558721,netem,26439204,19282,0,0,0,0,0,25417882,3811,0,25416822,3791,0
1477,34773616721789,34773618807142,20004491,sA-eth3,up,34773618575149,netem,22610400,16554,0,0,0,0,0,21522842,3213,0,21735618,3299,0
1477,34773616721789,34773621674123,20004491,sB-eth3,up,34773621456121,netem,26439204,19282,0,0,0,0,0,25417882,3811,0,25416822,3791,0
1478,34773636731070,34773639220768,20009281,sA-eth3,up,34773638973265,netem,22610400,16554,0,0,0,0,0,21522842,3213,0,21735618,3299,0
1478,34773636731070,34773641258100,20009281,sB-eth3,up,34773641048378,netem,26439204,19282,0,0,0,0,0,25417882,3811,0,25416822,3791,0
1479,34773656706710,34773658586452,19975640,sA-eth3,up,34773658416379,netem,22610400,16554,0,0,0,0,0,21522842,3213,0,21735618,3299,0
1479,34773656706710,34773660492242,19975640,sB-eth3,up,34773660334971,netem,26439204,19282,0,0,0,0,0,25417882,3811,0,25416822,3791,0
1480,34773676711862,34773678590282,20005152,sA-eth3,up,34773678418410,netem,22610400,16554,0,0,0,0,0,21522842,3213,0,21735618,3299,0
1480,34773676711862,34773680453572,20005152,sB-eth3,up,34773680287421,netem,26439204,19282,0,0,0,0,0,25417882,3811,0,25416822,3791,0
1481,34773696712892,34773698585803,20001030,sA-eth3,up,34773698421892,netem,22610400,16554,0,0,0,0,0,21522842,3213,0,21735618,3299,0
1481,34773696712892,34773700260232,20001030,sB-eth3,up,34773700104839,netem,26439204,19282,0,0,0,0,0,25417882,3811,0,25416822,3791,0
1482,34773716700143,34773718537114,19987251,sA-eth3,up,34773718374992,netem,22610400,16554,0,0,0,0,0,21522842,3213,0,21735618,3299,0
1482,34773716700143,34773720563636,19987251,sB-eth3,up,34773720409404,netem,26439204,19282,0,0,0,0,0,25417882,3811,0,25416822,3791,0
1483,34773736702785,34773738526534,20002642,sA-eth3,up,34773738357492,netem,22610400,16554,0,0,0,0,0,21522842,3213,0,21735618,3299,0
1483,34773736702785,34773740331454,20002642,sB-eth3,up,34773740164592,netem,26439204,19282,0,0,0,0,0,25417882,3811,0,25416822,3791,0
1484,34773756702725,34773758482654,19999940,sA-eth3,up,34773758311512,netem,22610400,16554,0,0,0,0,0,21522842,3213,0,21735618,3299,0
1484,34773756702725,34773760343425,19999940,sB-eth3,up,34773760172414,netem,26439204,19282,0,0,0,0,0,25417882,3811,0,25416822,3791,0
1485,34773776702106,34773778510786,19999381,sA-eth3,up,34773778348864,netem,22610400,16554,0,0,0,0,0,21522842,3213,0,21735618,3299,0
1485,34773776702106,34773780219334,19999381,sB-eth3,up,34773780056213,netem,26439204,19282,0,0,0,0,0,25417882,3811,0,25416822,3791,0
1486,34773796705167,34773798575717,20003061,sA-eth3,up,34773798397115,netem,22610400,16554,0,0,0,0,0,21522842,3213,0,21735618,3299,0
1486,34773796705167,34773800647340,20003061,sB-eth3,up,34773800478179,netem,26439204,19282,0,0,0,0,0,25417882,3811,0,25416822,3791,0
1487,34773816729108,34773818645399,20023941,sA-eth3,up,34773818425717,netem,22610400,16554,0,0,0,0,0,21522842,3213,0,21735618,3299,0
1487,34773816729108,34773821082926,20023941,sB-eth3,up,34773820845203,netem,26439204,19282,0,0,0,0,0,25417882,3811,0,25416822,3791,0
1488,34773836718528,34773838686520,19989420,sA-eth3,up,34773838450817,netem,22610400,16554,0,0,0,0,0,21522842,3213,0,21735618,3299,0
1488,34773836718528,34773840729322,19989420,sB-eth3,up,34773840513351,netem,26439204,19282,0,0,0,0,0,25417882,3811,0,25416822,3791,0
1489,34773856727550,34773858746192,20009022,sA-eth3,up,34773858522749,netem,22610400,16554,0,0,0,0,0,21522842,3213,0,21735618,3299,0
1489,34773856727550,34773860964667,20009022,sB-eth3,up,34773860752854,netem,26439204,19282,0,0,0,0,0,25417882,3811,0,25416822,3791,0
1490,34773876734380,34773878666992,20006830,sA-eth3,up,34773878459939,netem,22610400,16554,0,0,0,0,0,21522842,3213,0,21735618,3299,0
1490,34773876734380,34773881156520,20006830,sB-eth3,up,34773880931327,netem,26439204,19282,0,0,0,0,0,25417882,3811,0,25416822,3791,0
1491,34773896722931,34773899157398,19988551,sA-eth3,up,34773898915185,netem,22610400,16554,0,0,0,0,0,21522842,3213,0,21735618,3299,0
1491,34773896722931,34773901265822,19988551,sB-eth3,up,34773901041059,netem,26439204,19282,0,0,0,0,0,25417882,3811,0,25416822,3791,0
1492,34773916717493,34773919139469,19994562,sA-eth3,up,34773918886597,netem,22610400,16554,0,0,0,0,0,21522842,3213,0,21735618,3299,0
1492,34773916717493,34773921194222,19994562,sB-eth3,up,34773920951409,netem,26439204,19282,0,0,0,0,0,25417882,3811,0,25416822,3791,0
1493,34773936735243,34773939210530,20017750,sA-eth3,up,34773938961128,netem,22610400,16554,0,0,0,0,0,21522842,3213,0,21735618,3299,0
1493,34773936735243,34773941426945,20017750,sB-eth3,up,34773941197363,netem,26439204,19282,0,0,0,0,0,25417882,3811,0,25416822,3791,0
1494,34773956722385,34773959128670,19987142,sA-eth3,up,34773958861398,netem,22610400,16554,0,0,0,0,0,21522842,3213,0,21735618,3299,0
1494,34773956722385,34773961287505,19987142,sB-eth3,up,34773961057542,netem,26439204,19282,0,0,0,0,0,25417882,3811,0,25416822,3791,0
1495,34773976721635,34773979080641,19999250,sA-eth3,up,34773978822498,netem,22610400,16554,0,0,0,0,0,21522842,3213,0,21735618,3299,0
1495,34773976721635,34773981246335,19999250,sB-eth3,up,34773981031552,netem,26439204,19282,0,0,0,0,0,25417882,3811,0,25416822,3791,0
1496,34773996718205,34773999058962,19996570,sA-eth3,up,34773998808689,netem,22610400,16554,0,0,0,0,0,21522842,3213,0,21735618,3299,0
1496,34773996718205,34774001212946,19996570,sB-eth3,up,34774000976833,netem,26439204,19282,0,0,0,0,0,25417882,3811,0,25416822,3791,0
1497,34774016717967,34774019032492,19999762,sA-eth3,up,34774018787220,netem,22610400,16554,0,0,0,0,0,21522842,3213,0,21735618,3299,0
1497,34774016717967,34774021181475,19999762,sB-eth3,up,34774020942963,netem,26439204,19282,0,0,0,0,0,25417882,3811,0,25416822,3791,0
1498,34774036731258,34774038733330,20013291,sA-eth3,up,34774038509587,netem,22610400,16554,0,0,0,0,0,21522842,3213,0,21735618,3299,0
1498,34774036731258,34774041086556,20013291,sB-eth3,up,34774040853453,netem,26439204,19282,0,0,0,0,0,25417882,3811,0,25416822,3791,0
1499,34774056716638,34774058743981,19985380,sA-eth3,up,34774058562659,netem,22610400,16554,0,0,0,0,0,21522842,3213,0,21735618,3299,0
1499,34774056716638,34774060617022,19985380,sB-eth3,up,34774060449739,netem,26439204,19282,0,0,0,0,0,25417882,3811,0,25416822,3791,0
1500,34774076703860,34774078987145,19987222,sA-eth3,up,34774078819112,netem,22610470,16555,0,0,0,0,0,21522842,3213,0,21735688,3300,0
1500,34774076703860,34774081021697,19987222,sB-eth3,up,34774080837485,netem,26439274,19283,0,0,0,0,0,25417882,3811,0,25416892,3792,0
1501,34774096709370,34774098874294,20005510,sA-eth3,up,34774098700892,netem,22610470,16555,0,0,0,0,0,21522842,3213,0,21735688,3300,0
1501,34774096709370,34774100822345,20005510,sB-eth3,up,34774100663324,netem,26439274,19283,0,0,0,0,0,25417882,3811,0,25416892,3792,0
1502,34774116709981,34774118926275,20000611,sA-eth3,up,34774118758453,netem,22610470,16555,0,0,0,0,0,21522842,3213,0,21735688,3300,0
1502,34774116709981,34774120780045,20000611,sB-eth3,up,34774120623545,netem,26439274,19283,0,0,0,0,0,25417882,3811,0,25416892,3792,0
1503,34774136717792,34774139067418,20007811,sA-eth3,up,34774138859405,netem,22610470,16555,0,0,0,0,0,21522842,3213,0,21735688,3300,0
1503,34774136717792,34774141184961,20007811,sB-eth3,up,34774141001540,netem,26439274,19283,0,0,0,0,0,25417882,3811,0,25416892,3792,0
1504,34774156708463,34774158778575,19990671,sA-eth3,up,34774158588423,netem,22610470,16555,0,0,0,0,0,21522842,3213,0,21735688,3300,0
1504,34774156708463,34774161143042,19990671,sB-eth3,up,34774160957160,netem,26439274,19283,0,0,0,0,0,25417882,3811,0,25416892,3792,0
1505,34774176710583,34774178674735,20002120,sA-eth3,up,34774178485983,netem,22610470,16555,0,0,0,0,0,21522842,3213,0,21735688,3300,0
1505,34774176710583,34774181060152,20002120,sB-eth3,up,34774180881160,netem,26439274,19283,0,0,0,0,0,25417882,3811,0,25416892,3792,0
1506,34774196705255,34774198999510,19994672,sA-eth3,up,34774198832558,netem,22610470,16555,0,0,0,0,0,21522842,3213,0,21735688,3300,0
1506,34774196705255,34774201048462,19994672,sB-eth3,up,34774200867290,netem,26439274,19283,0,0,0,0,0,25417882,3811,0,25416892,3792,0
1507,34774216715615,34774219032611,20010360,sA-eth3,up,34774218835259,netem,22610470,16555,0,0,0,0,0,21522842,3213,0,21735688,3300,0
1507,34774216715615,34774221050233,20010360,sB-eth3,up,34774220837840,netem,26439274,19283,0,0,0,0,0,25417882,3811,0,25416892,3792,0
1508,34774236702006,34774238916981,19986391,sA-eth3,up,34774238752459,netem,22610470,16555,0,0,0,0,0,21522842,3213,0,21735688,3300,0
1508,34774236702006,34774240818232,19986391,sB-eth3,up,34774240656030,netem,26439274,19283,0,0,0,0,0,25417882,3811,0,25416892,3792,0
1509,34774256716088,34774258971212,20014082,sA-eth3,up,34774258775540,netem,22610470,16555,0,0,0,0,0,21522842,3213,0,21735688,3300,0
1509,34774256716088,34774260914303,20014082,sB-eth3,up,34774260751182,netem,26439274,19283,0,0,0,0,0,25417882,3811,0,25416892,3792,0
1510,34774276706928,34774278581479,19990840,sA-eth3,up,34774278409867,netem,22610470,16555,0,0,0,0,0,21522842,3213,0,21735688,3300,0
1510,34774276706928,34774280630112,19990840,sB-eth3,up,34774280465449,netem,26439274,19283,0,0,0,0,0,25417882,3811,0,25416892,3792,0
1511,34774296710700,34774298527719,20003772,sA-eth3,up,34774298354897,netem,22610470,16555,0,0,0,0,0,21522842,3213,0,21735688,3300,0
1511,34774296710700,34774300579782,20003772,sB-eth3,up,34774300418670,netem,26439274,19283,0,0,0,0,0,25417882,3811,0,25416892,3792,0
1512,34774316722260,34774318599180,20011560,sA-eth3,up,34774318420049,netem,22610470,16555,0,0,0,0,0,21522842,3213,0,21735688,3300,0
1512,34774316722260,34774321120288,20011560,sB-eth3,up,34774320934467,netem,26439274,19283,0,0,0,0,0,25417882,3811,0,25416892,3792,0
1513,34774336709270,34774339086167,19987010,sA-eth3,up,34774338875775,netem,22610470,16555,0,0,0,0,0,21522842,3213,0,21735688,3300,0
1513,34774336709270,34774341145500,19987010,sB-eth3,up,34774340961538,netem,26439274,19283,0,0,0,0,0,25417882,3811,0,25416892,3792,0
1514,34774356704321,34774358911356,19995051,sA-eth3,up,34774358730443,netem,22610470,16555,0,0,0,0,0,21522842,3213,0,21735688,3300,0
1514,34774356704321,34774361229151,19995051,sB-eth3,up,34774361063970,netem,26439274,19283,0,0,0,0,0,25417882,3811,0,25416892,3792,0
1515,34774376712463,34774379385602,20008142,sA-eth3,up,34774379191220,netem,22610470,16555,0,0,0,0,0,21522842,3213,0,21735688,3300,0
1515,34774376712463,34774381654176,20008142,sB-eth3,up,34774381490295,netem,26439274,19283,0,0,0,0,0,25417882,3811,0,25416892,3792,0
1516,34774396713623,34774398891068,20001160,sA-eth3,up,34774398722185,netem,22610470,16555,0,0,0,0,0,21522842,3213,0,21735688,3300,0
1516,34774396713623,34774401351765,20001160,sB-eth3,up,34774401179383,netem,26439274,19283,0,0,0,0,0,25417882,3811,0,25416892,3792,0
1517,34774416698864,34774418875108,19985241,sA-eth3,up,34774418711196,netem,22610470,16555,0,0,0,0,0,21522842,3213,0,21735688,3300,0
1517,34774416698864,34774420678598,19985241,sB-eth3,up,34774420499366,netem,26439274,19283,0,0,0,0,0,25417882,3811,0,25416892,3792,0
1518,34774436708265,34774438564195,20009401,sA-eth3,up,34774438387813,netem,22610470,16555,0,0,0,0,0,21522842,3213,0,21735688,3300,0
1518,34774436708265,34774440591187,20009401,sB-eth3,up,34774440429096,netem,26439274,19283,0,0,0,0,0,25417882,3811,0,25416892,3792,0
1519,34774456713356,34774458601587,20005091,sA-eth3,up,34774458422735,netem,22610470,16555,0,0,0,0,0,21522842,3213,0,21735688,3300,0
1519,34774456713356,34774460632839,20005091,sB-eth3,up,34774460472627,netem,26439274,19283,0,0,0,0,0,25417882,3811,0,25416892,3792,0
1520,34774476708107,34774478601687,19994751,sA-eth3,up,34774478423296,netem,22610470,16555,0,0,0,0,0,21522842,3213,0,21735688,3300,0
1520,34774476708107,34774480903553,19994751,sB-eth3,up,34774480742322,netem,26439274,19283,0,0,0,0,0,25417882,3811,0,25416892,3792,0
1521,34774496702988,34774498596638,19994881,sA-eth3,up,34774498418437,netem,22610470,16555,0,0,0,0,0,21522842,3213,0,21735688,3300,0
1521,34774496702988,34774500427989,19994881,sB-eth3,up,34774500256667,netem,26439274,19283,0,0,0,0,0,25417882,3811,0,25416892,3792,0
1522,34774516703908,34774518645760,20000920,sA-eth3,up,34774518468438,netem,22610470,16555,0,0,0,0,0,21522842,3213,0,21735688,3300,0
1522,34774516703908,34774520874845,20000920,sB-eth3,up,34774520711613,netem,26439274,19283,0,0,0,0,0,25417882,3811,0,25416892,3792,0
1523,34774536708610,34774538984685,20004702,sA-eth3,up,34774538812533,netem,22610470,16555,0,0,0,0,0,21522842,3213,0,21735688,3300,0
1523,34774536708610,34774540974457,20004702,sB-eth3,up,34774540814265,netem,26439274,19283,0,0,0,0,0,25417882,3811,0,25416892,3792,0
1524,34774556733441,34774558652992,20024831,sA-eth3,up,34774558469020,netem,22610470,16555,0,0,0,0,0,21522842,3213,0,21735688,3300,0
1524,34774556733441,34774560696775,20024831,sB-eth3,up,34774560535883,netem,26439274,19283,0,0,0,0,0,25417882,3811,0,25416892,3792,0
1525,34774576711691,34774578567932,19978250,sA-eth3,up,34774578389970,netem,22610470,16555,0,0,0,0,0,21522842,3213,0,21735688,3300,0
1525,34774576711691,34774580629134,19978250,sB-eth3,up,34774580462833,netem,26439274,19283,0,0,0,70,1,25417882,3811,0,25416962,3793,0
1526,34774596702293,34774598546263,19990602,sA-eth3,up,34774598361950,netem,22610540,16556,0,0,0,0,0,21522842,3213,0,21735758,3301,0
1526,34774596702293,34774600843508,19990602,sB-eth3,up,34774600682007,netem,26439344,19284,0,0,0,0,0,25417882,3811,0,25416962,3793,0
1527,34774616706073,34774618563594,20003780,sA-eth3,up,34774618395652,netem,22610540,16556,0,0,0,0,0,21522842,3213,0,21735758,3301,0
1527,34774616706073,34774620945450,20003780,sB-eth3,up,34774620787398,netem,26439344,19284,0,0,0,0,0,25417882,3811,0,25416962,3793,0
1528,34774636720205,34774638695596,20014132,sA-eth3,up,34774638508014,netem,22610540,16556,0,0,0,0,0,21522842,3213,0,21735758,3301,0
1528,34774636720205,34774640611597,20014132,sB-eth3,up,34774640450245,netem,26439344,19284,0,0,0,0,0,25417882,3811,0,25416962,3793,0
1529,34774656711615,34774658582795,19991410,sA-eth3,up,34774658408644,netem,22610540,16556,0,0,0,0,0,21522842,3213,0,21735758,3301,0
1529,34774656711615,34774660522487,19991410,sB-eth3,up,34774660305625,netem,26439344,19284,0,0,0,0,0,25417882,3811,0,25416962,3793,0
1530,34774676710155,34774678562387,19998540,sA-eth3,up,34774678385524,netem,22610540,16556,0,0,0,0,0,21522842,3213,0,21735758,3301,0
1530,34774676710155,34774680411137,19998540,sB-eth3,up,34774680242794,netem,26439344,19284,0,0,0,0,0,25417882,3811,0,25416962,3793,0
1531,34774696710567,34774698593077,20000412,sA-eth3,up,34774698423465,netem,22610540,16556,0,0,0,0,0,21522842,3213,0,21735758,3301,0
1531,34774696710567,34774701207306,20000412,sB-eth3,up,34774701044995,netem,26439344,19284,0,0,0,0,0,25417882,3811,0,25416962,3793,0
1532,34774716709317,34774718919102,19998750,sA-eth3,up,34774718743980,netem,22610540,16556,0,0,0,0,0,21522842,3213,0,21735758,3301,0
1532,34774716709317,34774720959575,19998750,sB-eth3,up,34774720804143,netem,26439344,19284,0,0,0,0,0,25417882,3811,0,25416962,3793,0
1533,34774736706438,34774738873493,19997121,sA-eth3,up,34774738708100,netem,22610540,16556,0,0,0,0,0,21522842,3213,0,21735758,3301,0
1533,34774736706438,34774741408761,19997121,sB-eth3,up,34774741234038,netem,26439344,19284,0,0,0,0,0,25417882,3811,0,25416962,3793,0
1534,34774756700070,34774758859253,19993632,sA-eth3,up,34774758696511,netem,22610540,16556,0,0,0,0,0,21522842,3213,0,21735758,3301,0
1534,34774756700070,34774760977877,19993632,sB-eth3,up,34774760822015,netem,26439344,19284,0,0,0,0,0,25417882,3811,0,25416962,3793,0
1535,34774776710551,34774778919625,20010481,sA-eth3,up,34774778743113,netem,22610540,16556,0,0,0,0,0,21522842,3213,0,21735758,3301,0
1535,34774776710551,34774780907627,20010481,sB-eth3,up,34774780751175,netem,26439344,19284,0,0,0,0,0,25417882,3811,0,25416962,3793,0
1536,34774796707261,34774798882315,19996710,sA-eth3,up,34774798712153,netem,22610540,16556,0,0,0,0,0,21522842,3213,0,21735758,3301,0
1536,34774796707261,34774801583515,19996710,sB-eth3,up,34774801417593,netem,26439344,19284,0,0,0,0,0,25417882,3811,0,25416962,3793,0
1537,34774816707982,34774818993468,20000721,sA-eth3,up,34774818825075,netem,22610540,16556,0,0,0,0,0,21522842,3213,0,21735758,3301,0
1537,34774816707982,34774820980650,20000721,sB-eth3,up,34774820805767,netem,26439344,19284,0,0,0,0,0,25417882,3811,0,25416962,3793,0
1538,34774836717253,34774838518993,20009271,sA-eth3,up,34774838342081,netem,22610540,16556,0,0,0,0,0,21522842,3213,0,21735758,3301,0
1538,34774836717253,34774840821498,20009271,sB-eth3,up,34774840657547,netem,26439344,19284,0,0,0,0,0,25417882,3811,0,25416962,3793,0
1539,34774856700733,34774858513053,19983480,sA-eth3,up,34774858348182,netem,22610540,16556,0,0,0,0,0,21522842,3213,0,21735758,3301,0
1539,34774856700733,34774860793008,19983480,sB-eth3,up,34774860636547,netem,26439344,19284,0,0,0,0,0,25417882,3811,0,25416962,3793,0
1540,34774876703575,34774878993700,20002842,sA-eth3,up,34774878824558,netem,22610540,16556,0,0,0,0,0,21522842,3213,0,21735758,3301,0
1540,34774876703575,34774880815190,20002842,sB-eth3,up,34774880652628,netem,26439344,19284,0,0,0,0,0,25417882,3811,0,25416962,3793,0
1541,34774896716046,34774898527435,20012471,sA-eth3,up,34774898346093,netem,22610540,16556,0,0,0,0,0,21522842,3213,0,21735758,3301,0
1541,34774896716046,34774900186954,20012471,sB-eth3,up,34774900030342,netem,26439344,19284,0,0,0,0,0,25417882,3811,0,25416962,3793,0
1542,34774916717316,34774918495176,20001270,sA-eth3,up,34774918322115,netem,22610540,16556,0,0,0,0,0,21522842,3213,0,21735758,3301,0
1542,34774916717316,34774920128424,20001270,sB-eth3,up,34774919956092,netem,26439344,19284,0,0,0,0,0,25417882,3811,0,25416962,3793,0
1543,34774936709078,34774938483447,19991762,sA-eth3,up,34774938284995,netem,22610540,16556,0,0,0,0,0,21522842,3213,0,21735758,3301,0
1543,34774936709078,34774940112555,19991762,sB-eth3,up,34774939942053,netem,26439344,19284,0,0,0,0,0,25417882,3811,0,25416962,3793,0
1544,34774956724409,34774958503359,20015331,sA-eth3,up,34774958334706,netem,22610540,16556,0,0,0,0,0,21522842,3213,0,21735758,3301,0
1544,34774956724409,34774960127337,20015331,sB-eth3,up,34774959957594,netem,26439344,19284,0,0,0,0,0,25417882,3811,0,25416962,3793,0
1545,34774976716988,34774978517710,19992579,sA-eth3,up,34774978349357,netem,22610540,16556,0,0,0,0,0,21522842,3213,0,21735758,3301,0
1545,34774976716988,34774980511031,19992579,sB-eth3,up,34774980205207,netem,26439344,19284,0,0,0,0,0,25417882,3811,0,25416962,3793,0
1546,34774996718910,34774998574161,20001922,sA-eth3,up,34774998389008,netem,22610540,16556,0,0,0,0,0,21522842,3213,0,21735758,3301,0
1546,34774996718910,34775000352310,20001922,sB-eth3,up,34775000171808,netem,26439344,19284,0,0,0,0,0,25417882,3811,0,25416962,3793,0
1547,34775016703891,34775018573732,19984981,sA-eth3,up,34775018396270,netem,22610540,16556,0,0,0,0,0,21522842,3213,0,21735758,3301,0
1547,34775016703891,34775020233020,19984981,sB-eth3,up,34775020061667,netem,26439344,19284,0,0,0,0,0,25417882,3811,0,25416962,3793,0
1548,34775036718572,34775038554112,20014681,sA-eth3,up,34775038376760,netem,22610540,16556,0,0,0,0,0,21522842,3213,0,21735758,3301,0
1548,34775036718572,34775040275022,20014681,sB-eth3,up,34775040113100,netem,26439344,19284,0,0,0,0,0,25417882,3811,0,25416962,3793,0
1549,34775056714823,34775058554233,19996251,sA-eth3,up,34775058375232,netem,22610540,16556,0,0,0,0,0,21522842,3213,0,21735758,3301,0
1549,34775056714823,34775060252102,19996251,sB-eth3,up,34775060082340,netem,26439344,19284,0,0,0,0,0,25417882,3811,0,25416962,3793,0
1550,34775076702363,34775078494143,19987540,sA-eth3,up,34775078325672,netem,22610540,16556,0,0,0,0,0,21522842,3213,0,21735758,3301,0
1550,34775076702363,34775080167462,19987540,sB-eth3,up,34775079996729,netem,26439344,19284,0,0,0,0,0,25417882,3811,0,25416962,3793,0
1551,34775096704495,34775098479625,20002132,sA-eth3,up,34775098303112,netem,22610610,16557,0,0,0,0,0,21522842,3213,0,21735828,3302,0
1551,34775096704495,34775100180392,20002132,sB-eth3,up,34775100021451,netem,26439414,19285,0,0,0,0,0,25417882,3811,0,25417032,3794,0
1552,34775116716005,34775118551166,20011510,sA-eth3,up,34775118374824,netem,22610610,16557,0,0,0,0,0,21522842,3213,0,21735828,3302,0
1552,34775116716005,34775120298685,20011510,sB-eth3,up,34775120123283,netem,26439414,19285,0,0,0,0,0,25417882,3811,0,25417032,3794,0
1553,34775136711536,34775138545327,19995531,sA-eth3,up,34775138373854,netem,22610610,16557,0,0,0,0,0,21522842,3213,0,21735828,3302,0
1553,34775136711536,34775140241505,19995531,sB-eth3,up,34775140077734,netem,26439414,19285,0,0,0,0,0,25417882,3811,0,25417032,3794,0
1554,34775156706777,34775158501157,19995241,sA-eth3,up,34775158332975,netem,22610610,16557,0,0,0,0,0,21522842,3213,0,21735828,3302,0
1554,34775156706777,34775160178895,19995241,sB-eth3,up,34775160020544,netem,26439414,19285,0,0,0,0,0,25417882,3811,0,25417032,3794,0
1555,34775176710118,34775178536668,20003341,sA-eth3,up,34775178339436,netem,22610610,16557,0,0,0,0,0,21522842,3213,0,21735828,3302,0
1555,34775176710118,34775180221997,20003341,sB-eth3,up,34775180060194,netem,26439414,19285,0,0,0,0,0,25417882,3811,0,25417032,3794,0
1556,34775196706418,34775198548389,19996300,sA-eth3,up,34775198365728,netem,22610610,16557,0,0,0,0,0,21522842,3213,0,21735828,3302,0
1556,34775196706418,34775200228158,19996300,sB-eth3,up,34775200071107,netem,26439414,19285,0,0,0,0,0,25417882,3811,0,25417032,3794,0
1557,34775216722440,34775218619401,20016022,sA-eth3,up,34775218440199,netem,22610610,16557,0,0,0,0,0,21522842,3213,0,21735828,3302,0
1557,34775216722440,34775220300340,20016022,sB-eth3,up,34775220127417,netem,26439414,19285,0,0,0,0,0,25417882,3811,0,25417032,3794,0
1558,34775236709651,34775238551291,19987211,sA-eth3,up,34775238356828,netem,22610610,16557,0,0,0,0,0,21522842,3213,0,21735828,3302,0
1558,34775236709651,34775240299000,19987211,sB-eth3,up,34775240123179,netem,26439414,19285,0,0,0,0,0,25417882,3811,0,25417032,3794,0
1559,34775256704971,34775258481940,19995320,sA-eth3,up,34775258309299,netem,22610610,16557,0,0,0,0,0,21522842,3213,0,21735828,3302,0
1559,34775256704971,34775260204990,19995320,sB-eth3,up,34775260031197,netem,26439414,19285,0,0,0,0,0,25417882,3811,0,25417032,3794,0
1560,34775276714983,34775278551303,20010012,sA-eth3,up,34775278377230,netem,22610610,16557,0,0,0,0,0,21522842,3213,0,21735828,3302,0
1560,34775276714983,34775280275432,20010012,sB-eth3,up,34775280095990,netem,26439414,19285,0,0,0,0,0,25417882,3811,0,25417032,3794,0
1561,34775296710863,34775298600974,19995880,sA-eth3,up,34775298417322,netem,22610610,16557,0,0,0,0,0,21522842,3213,0,21735828,3302,0
1561,34775296710863,34775300274583,19995880,sB-eth3,up,34775300115681,netem,26439414,19285,0,0,0,0,0,25417882,3811,0,25417032,3794,0
1562,34775316721664,34775318581675,20010801,sA-eth3,up,34775318401803,netem,22610610,16557,0,0,0,0,0,21522842,3213,0,21735828,3302,0
1562,34775316721664,34775320250123,20010801,sB-eth3,up,34775320091642,netem,26439414,19285,0,0,0,0,0,25417882,3811,0,25417032,3794,0
1563,34775336716745,34775338551565,19995081,sA-eth3,up,34775338383363,netem,22610610,16557,0,0,0,0,0,21522842,3213,0,21735828,3302,0
1563,34775336716745,34775340177433,19995081,sB-eth3,up,34775340020732,netem,26439414,19285,0,0,0,0,0,25417882,3811,0,25417032,3794,0
1564,34775356704936,34775358462725,19988191,sA-eth3,up,34775358289323,netem,22610610,16557,0,0,0,0,0,21522842,3213,0,21735828,3302,0
1564,34775356704936,34775360275695,19988191,sB-eth3,up,34775360115234,netem,26439414,19285,0,0,0,0,0,25417882,3811,0,25417032,3794,0
1565,34775376773238,34775378669728,20068302,sA-eth3,up,34775378490616,netem,22610610,16557,0,0,0,0,0,21522842,3213,0,21735828,3302,0
1565,34775376773238,34775380358157,20068302,sB-eth3,up,34775380185615,netem,26439414,19285,0,0,0,0,0,25417882,3811,0,25417032,3794,0
1566,34775396708598,34775399043253,19935360,sA-eth3,up,34775398850501,netem,22610610,16557,0,0,0,0,0,21522842,3213,0,21735828,3302,0
1566,34775396708598,34775400778733,19935360,sB-eth3,up,34775400621451,netem,26439414,19285,0,0,0,0,0,25417882,3811,0,25417032,3794,0
1567,34775416705358,34775418580610,19996760,sA-eth3,up,34775418408678,netem,22610610,16557,0,0,0,0,0,21522842,3213,0,21735828,3302,0
1567,34775416705358,34775420591671,19996760,sB-eth3,up,34775420435070,netem,26439414,19285,0,0,0,0,0,25417882,3811,0,25417032,3794,0
1568,34775436718999,34775438654401,20013641,sA-eth3,up,34775438478229,netem,22610610,16557,0,0,0,0,0,21522842,3213,0,21735828,3302,0
1568,34775436718999,34775440507922,20013641,sB-eth3,up,34775440350530,netem,26439414,19285,0,0,0,0,0,25417882,3811,0,25417032,3794,0
1569,34775456721281,34775458565270,20002282,sA-eth3,up,34775458395139,netem,22610610,16557,0,0,0,0,0,21522842,3213,0,21735828,3302,0
1569,34775456721281,34775460440382,20002282,sB-eth3,up,34775460273160,netem,26439414,19285,0,0,0,0,0,25417882,3811,0,25417032,3794,0
1570,34775476718061,34775478646613,19996780,sA-eth3,up,34775478471800,netem,22610610,16557,0,0,0,0,0,21522842,3213,0,21735828,3302,0
1570,34775476718061,34775480430612,19996780,sB-eth3,up,34775480258490,netem,26439414,19285,0,0,0,0,0,25417882,3811,0,25417032,3794,0
1571,34775496713892,34775498597213,19995831,sA-eth3,up,34775498410701,netem,22610610,16557,0,0,0,0,0,21522842,3213,0,21735828,3302,0
1571,34775496713892,34775500645386,19995831,sB-eth3,up,34775500482754,netem,26439414,19285,0,0,0,0,0,25417882,3811,0,25417032,3794,0
1572,34775516713623,34775518605584,19999731,sA-eth3,up,34775518428772,netem,22610610,16557,0,0,0,0,0,21522842,3213,0,21735828,3302,0
1572,34775516713623,34775520362303,19999731,sB-eth3,up,34775520172302,netem,26439414,19285,0,0,0,0,0,25417882,3811,0,25417032,3794,0
1573,34775536713354,34775538565885,19999731,sA-eth3,up,34775538389222,netem,22610610,16557,0,0,0,0,0,21522842,3213,0,21735828,3302,0
1573,34775536713354,34775540262193,19999731,sB-eth3,up,34775540104562,netem,26439414,19285,0,0,0,0,0,25417882,3811,0,25417032,3794,0
1574,34775556714455,34775558588226,20001101,sA-eth3,up,34775558405823,netem,22610610,16557,0,0,0,0,0,21522842,3213,0,21735828,3302,0
1574,34775556714455,34775560294855,20001101,sB-eth3,up,34775560116552,netem,26439414,19285,0,0,0,0,0,25417882,3811,0,25417032,3794,0
1575,34775576712716,34775578587436,19998261,sA-eth3,up,34775578411455,netem,22610610,16557,0,0,0,0,0,21522842,3213,0,21735828,3302,0
1575,34775576712716,34775580296905,19998261,sB-eth3,up,34775580090063,netem,26439414,19285,0,0,0,0,0,25417882,3811,0,25417032,3794,0
1576,34775596710256,34775598550487,19997540,sA-eth3,up,34775598363375,netem,22610610,16557,0,0,0,0,0,21522842,3213,0,21735828,3302,0
1576,34775596710256,34775600253535,19997540,sB-eth3,up,34775600087564,netem,26439414,19285,0,0,0,0,0,25417882,3811,0,25417032,3794,0
1577,34775616713008,34775618539588,20002752,sA-eth3,up,34775618362166,netem,22610610,16557,0,0,0,0,0,21522842,3213,0,21735828,3302,0
1577,34775616713008,34775620316028,20002752,sB-eth3,up,34775620147275,netem,26439414,19285,0,0,0,0,0,25417882,3811,0,25417032,3794,0
1578,34775636713249,34775638595879,20000241,sA-eth3,up,34775638404148,netem,22610610,16557,0,0,0,0,0,21522842,3213,0,21735828,3302,0
1578,34775636713249,34775640380650,20000241,sB-eth3,up,34775640201227,netem,26439414,19285,0,0,0,0,0,25417882,3811,0,25417032,3794,0
1579,34775656712899,34775658523899,19999650,sA-eth3,up,34775658351877,netem,22610610,16557,0,0,0,0,0,21522842,3213,0,21735828,3302,0
1579,34775656712899,34775660809835,19999650,sB-eth3,up,34775660641182,netem,26439414,19285,0,0,0,0,0,25417882,3811,0,25417032,3794,0
1580,34775676716440,34775678573311,20003541,sA-eth3,up,34775678401848,netem,22610610,16557,0,0,0,0,0,21522842,3213,0,21735828,3302,0
1580,34775676716440,34775680354270,20003541,sB-eth3,up,34775680159988,netem,26439414,19285,0,0,0,0,0,25417882,3811,0,25417032,3794,0
1581,34775696711591,34775698717543,19995151,sA-eth3,up,34775698540841,netem,22610610,16557,0,0,0,0,0,21522842,3213,0,21735828,3302,0
1581,34775696711591,34775700571073,19995151,sB-eth3,up,34775700409452,netem,26439414,19285,0,0,0,0,0,25417882,3811,0,25417032,3794,0
1582,34775716714751,34775718570413,20003160,sA-eth3,up,34775718394940,netem,22610610,16557,0,0,0,0,0,21522842,3213,0,21735828,3302,0
1582,34775716714751,34775720486663,20003160,sB-eth3,up,34775720327762,netem,26439414,19285,0,0,0,0,0,25417882,3811,0,25417032,3794,0
1583,34775736714823,34775738639274,20000072,sA-eth3,up,34775738469752,netem,22610610,16557,0,0,0,0,0,21522842,3213,0,21735828,3302,0
1583,34775736714823,34775740563605,20000072,sB-eth3,up,34775740403683,netem,26439414,19285,0,0,0,0,0,25417882,3811,0,25417032,3794,0
1584,34775756718963,34775758596024,20004140,sA-eth3,up,34775758416813,netem,22610610,16557,0,0,0,0,0,21522842,3213,0,21735828,3302,0
1584,34775756718963,34775760428135,20004140,sB-eth3,up,34775760259802,netem,26439414,19285,0,0,0,0,0,25417882,3811,0,25417032,3794,0
1585,34775776716024,34775778629716,19997061,sA-eth3,up,34775778446663,netem,22610610,16557,0,0,0,0,0,21522842,3213,0,21735828,3302,0
1585,34775776716024,34775780473265,19997061,sB-eth3,up,34775780314125,netem,26439414,19285,0,0,0,0,0,25417882,3811,0,25417032,3794,0
1586,34775796716356,34775798560816,20000332,sA-eth3,up,34775798382874,netem,22610610,16557,0,0,0,0,0,21522842,3213,0,21735828,3302,0
1586,34775796716356,34775800262605,20000332,sB-eth3,up,34775800105133,netem,26439414,19285,0,0,0,0,0,25417882,3811,0,25417032,3794,0
1587,34775816708926,34775818566556,19992570,sA-eth3,up,34775818393725,netem,22610610,16557,0,0,0,0,0,21522842,3213,0,21735828,3302,0
1587,34775816708926,34775820250025,19992570,sB-eth3,up,34775820091743,netem,26439414,19285,0,0,0,0,0,25417882,3811,0,25417032,3794,0
1588,34775836718737,34775838518867,20009811,sA-eth3,up,34775838345485,netem,22610610,16557,0,0,0,0,0,21522842,3213,0,21735828,3302,0
1588,34775836718737,34775840723971,20009811,sB-eth3,up,34775840567270,netem,26439414,19285,0,0,0,0,0,25417882,3811,0,25417032,3794,0
1589,34775856717898,34775858575008,19999161,sA-eth3,up,34775858388066,netem,22610610,16557,0,0,0,0,0,21522842,3213,0,21735828,3302,0
1589,34775856717898,34775860347918,19999161,sB-eth3,up,34775860168757,netem,26439414,19285,0,0,0,0,0,25417882,3811,0,25417032,3794,0
1590,34775876707979,34775878533359,19990081,sA-eth3,up,34775878359507,netem,22610610,16557,0,0,0,0,0,21522842,3213,0,21735828,3302,0
1590,34775876707979,34775880223908,19990081,sB-eth3,up,34775880063035,netem,26439414,19285,0,0,0,0,0,25417882,3811,0,25417032,3794,0
1591,34775896704689,34775898981014,19996710,sA-eth3,up,34775898808553,netem,22610610,16557,0,0,0,0,0,21522842,3213,0,21735828,3302,0
1591,34775896704689,34775900655353,19996710,sB-eth3,up,34775900500472,netem,26439414,19285,0,0,0,0,0,25417882,3811,0,25417032,3794,0
1592,34775916706911,34775918491451,20002222,sA-eth3,up,34775918327948,netem,22610610,16557,0,0,0,0,0,21522842,3213,0,21735828,3302,0
1592,34775916706911,34775920181119,20002222,sB-eth3,up,34775920024547,netem,26439414,19285,0,0,0,0,0,25417882,3811,0,25417032,3794,0
1593,34775936702621,34775938490231,19995710,sA-eth3,up,34775938324220,netem,22610610,16557,0,0,0,0,0,21522842,3213,0,21735828,3302,0
1593,34775936702621,34775940138690,19995710,sB-eth3,up,34775939967118,netem,26439414,19285,0,0,0,0,0,25417882,3811,0,25417032,3794,0
1594,34775956708252,34775958518103,20005631,sA-eth3,up,34775958355380,netem,22610610,16557,0,0,0,0,0,21522842,3213,0,21735828,3302,0
1594,34775956708252,34775960203061,20005631,sB-eth3,up,34775960043369,netem,26439414,19285,0,0,0,0,0,25417882,3811,0,25417032,3794,0
1595,34775976709364,34775978577424,20001112,sA-eth3,up,34775978404132,netem,22610610,16557,0,0,0,0,0,21522842,3213,0,21735828,3302,0
1595,34775976709364,34775980229832,20001112,sB-eth3,up,34775980073320,netem,26439414,19285,0,0,0,0,0,25417882,3811,0,25417032,3794,0
1596,34775996712514,34775998544884,20003150,sA-eth3,up,34775998376603,netem,22610610,16557,0,0,0,0,0,21522842,3213,0,21735828,3302,0
1596,34775996712514,34776000206863,20003150,sB-eth3,up,34776000048432,netem,26439414,19285,0,0,0,0,0,25417882,3811,0,25417032,3794,0
1597,34776016698686,34776018457265,19986172,sA-eth3,up,34776018290083,netem,22610610,16557,0,0,0,0,0,21522842,3213,0,21735828,3302,0
1597,34776016698686,34776020307415,19986172,sB-eth3,up,34776020143513,netem,26439414,19285,0,0,0,0,0,25417882,3811,0,25417032,3794,0
1598,34776036709506,34776038522506,20010820,sA-eth3,up,34776038353305,netem,22610610,16557,0,0,0,0,0,21522842,3213,0,21735828,3302,0
1598,34776036709506,34776040174305,20010820,sB-eth3,up,34776040000602,netem,26439414,19285,0,0,0,0,0,25417882,3811,0,25417032,3794,0
1599,34776056711617,34776058567457,20002111,sA-eth3,up,34776058394706,netem,22610610,16557,0,0,0,0,0,21522842,3213,0,21735828,3302,0
1599,34776056711617,34776060207035,20002111,sB-eth3,up,34776060052944,netem,26439414,19285,0,0,0,0,0,25417882,3811,0,25417032,3794,0
1600,34776076710248,34776078548808,19998631,sA-eth3,up,34776078380016,netem,22610610,16557,0,0,0,0,0,21522842,3213,0,21735828,3302,0
1600,34776076710248,34776080217897,19998631,sB-eth3,up,34776080064205,netem,26439414,19285,0,0,0,0,0,25417882,3811,0,25417032,3794,0
1601,34776096705758,34776098478368,19995510,sA-eth3,up,34776098310456,netem,22610610,16557,0,0,0,0,0,21522842,3213,0,21735828,3302,0
1601,34776096705758,34776100822314,19995510,sB-eth3,up,34776100664143,netem,26439414,19285,0,0,0,0,0,25417882,3811,0,25417032,3794,0
1602,34776116702609,34776118614680,19996851,sA-eth3,up,34776118442118,netem,22610610,16557,0,0,0,0,0,21522842,3213,0,21735828,3302,0
1602,34776116702609,34776120834245,19996851,sB-eth3,up,34776120674673,netem,26439414,19285,0,0,0,0,0,25417882,3811,0,25417032,3794,0
1603,34776136710261,34776138602171,20007652,sA-eth3,up,34776138428830,netem,22610610,16557,0,0,0,0,0,21522842,3213,0,21735828,3302,0
1603,34776136710261,34776141027998,20007652,sB-eth3,up,34776140847686,netem,26439414,19285,0,0,0,0,0,25417882,3811,0,25417032,3794,0
1604,34776156708371,34776158637103,19998110,sA-eth3,up,34776158469931,netem,22610610,16557,0,0,0,0,0,21522842,3213,0,21735828,3302,0
1604,34776156708371,34776160345682,19998110,sB-eth3,up,34776160175010,netem,26439414,19285,0,0,0,0,0,25417882,3811,0,25417032,3794,0
1605,34776176703552,34776178533942,19995181,sA-eth3,up,34776178362380,netem,22610610,16557,0,0,0,0,0,21522842,3213,0,21735828,3302,0
1605,34776176703552,34776180192750,19995181,sB-eth3,up,34776180035219,netem,26439414,19285,0,0,0,0,0,25417882,3811,0,25417032,3794,0
1606,34776196719023,34776198611034,20015471,sA-eth3,up,34776198420533,netem,22610610,16557,0,0,0,0,0,21522842,3213,0,21735828,3302,0
1606,34776196719023,34776200853099,20015471,sB-eth3,up,34776200687067,netem,26439414,19285,0,0,0,0,0,25417882,3811,0,25417032,3794,0
1607,34776216712394,34776218615135,19993371,sA-eth3,up,34776218443093,netem,22610610,16557,0,0,0,0,0,21522842,3213,0,21735828,3302,0
1607,34776216712394,34776220486965,19993371,sB-eth3,up,34776220329083,netem,26439414,19285,0,0,0,0,0,25417882,3811,0,25417032,3794,0
1608,34776236710224,34776238584186,19997830,sA-eth3,up,34776238410593,netem,22610610,16557,0,0,0,0,0,21522842,3213,0,21735828,3302,0
1608,34776236710224,34776240505836,19997830,sB-eth3,up,34776240348755,netem,26439414,19285,0,0,0,0,0,25417882,3811,0,25417032,3794,0
1609,34776256708896,34776258504696,19998672,sA-eth3,up,34776258334594,netem,22610610,16557,0,0,0,0,0,21522842,3213,0,21735828,3302,0
1609,34776256708896,34776260205375,19998672,sB-eth3,up,34776260048783,netem,26439414,19285,0,0,0,0,0,25417882,3811,0,25417032,3794,0
1610,34776276706456,34776278563327,19997560,sA-eth3,up,34776278379465,netem,22610610,16557,0,0,0,0,0,21522842,3213,0,21735828,3302,0
1610,34776276706456,34776280229335,19997560,sB-eth3,up,34776280067613,netem,26439414,19285,0,0,0,0,0,25417882,3811,0,25417032,3794,0
1611,34776296726877,34776298597748,20020421,sA-eth3,up,34776298406396,netem,22610610,16557,0,0,0,0,0,21522842,3213,0,21735828,3302,0
1611,34776296726877,34776300333127,20020421,sB-eth3,up,34776300156725,netem,26439414,19285,0,0,0,0,0,25417882,3811,0,25417032,3794,0
1612,34776316707348,34776318573199,19980471,sA-eth3,up,34776318393407,netem,22610610,16557,0,0,0,0,0,21522842,3213,0,21735828,3302,0
1612,34776316707348,34776320216718,19980471,sB-eth3,up,34776320058905,netem,26439414,19285,0,0,0,0,0,25417882,3811,0,25417032,3794,0
1613,34776336708269,34776338538089,20000921,sA-eth3,up,34776338341778,netem,22610610,16557,0,0,0,0,0,21522842,3213,0,21735828,3302,0
1613,34776336708269,34776340253488,20000921,sB-eth3,up,34776340073837,netem,26439414,19285,0,0,0,0,0,25417882,3811,0,25417032,3794,0
1614,34776356713611,34776358545991,20005342,sA-eth3,up,34776358364808,netem,22610610,16557,0,0,0,0,0,21522842,3213,0,21735828,3302,0
1614,34776356713611,34776360225920,20005342,sB-eth3,up,34776360067467,netem,26439414,19285,0,0,0,0,0,25417882,3811,0,25417032,3794,0
1615,34776376721901,34776378618392,20008290,sA-eth3,up,34776378434270,netem,22610610,16557,0,0,0,0,0,21522842,3213,0,21735828,3302,0
1615,34776376721901,34776380299431,20008290,sB-eth3,up,34776380127059,netem,26439414,19285,0,0,0,0,0,25417882,3811,0,25417032,3794,0
1616,34776396716262,34776398582863,19994361,sA-eth3,up,34776398401501,netem,22610610,16557,0,0,0,0,0,21522842,3213,0,21735828,3302,0
1616,34776396716262,34776400304232,19994361,sB-eth3,up,34776400130420,netem,26439414,19285,0,0,0,0,0,25417882,3811,0,25417032,3794,0
1617,34776416703943,34776418499203,19987681,sA-eth3,up,34776418323321,netem,22610610,16557,0,0,0,0,0,21522842,3213,0,21735828,3302,0
1617,34776416703943,34776420166981,19987681,sB-eth3,up,34776419993750,netem,26439414,19285,0,0,0,0,0,25417882,3811,0,25417032,3794,0
1618,34776436706094,34776438508074,20002151,sA-eth3,up,34776438331701,netem,22610610,16557,0,0,0,0,0,21522842,3213,0,21735828,3302,0
1618,34776436706094,34776440200203,20002151,sB-eth3,up,34776440040810,netem,26439414,19285,0,0,0,0,0,25417882,3811,0,25417032,3794,0
1619,34776456705994,34776458514175,19999900,sA-eth3,up,34776458346193,netem,22610610,16557,0,0,0,0,0,21522842,3213,0,21735828,3302,0
1619,34776456705994,34776460171153,19999900,sB-eth3,up,34776460000171,netem,26439414,19285,0,0,0,0,0,25417882,3811,0,25417032,3794,0
1620,34776476712936,34776478587916,20006942,sA-eth3,up,34776478410074,netem,22610610,16557,0,0,0,0,0,21522842,3213,0,21735828,3302,0
1620,34776476712936,34776480257805,20006942,sB-eth3,up,34776480103793,netem,26439414,19285,0,0,0,0,0,25417882,3811,0,25417032,3794,0
1621,34776496703656,34776498550607,19990720,sA-eth3,up,34776498378265,netem,22610610,16557,0,0,0,0,0,21522842,3213,0,21735828,3302,0
1621,34776496703656,34776500242655,19990720,sB-eth3,up,34776500081784,netem,26439414,19285,0,0,0,0,0,25417882,3811,0,25417032,3794,0
1622,34776516706928,34776518488958,20003272,sA-eth3,up,34776518321025,netem,22610610,16557,0,0,0,0,0,21522842,3213,0,21735828,3302,0
1622,34776516706928,34776520130345,20003272,sB-eth3,up,34776519960434,netem,26439414,19285,0,0,0,0,0,25417882,3811,0,25417032,3794,0
1623,34776536703408,34776538512308,19996480,sA-eth3,up,34776538346826,netem,22610610,16557,0,0,0,0,0,21522842,3213,0,21735828,3302,0
1623,34776536703408,34776540157056,19996480,sB-eth3,up,34776539984825,netem,26439414,19285,0,0,0,0,0,25417882,3811,0,25417032,3794,0
1624,34776556713339,34776558533019,20009931,sA-eth3,up,34776558365768,netem,22610610,16557,0,0,0,0,0,21522842,3213,0,21735828,3302,0
1624,34776556713339,34776560202408,20009931,sB-eth3,up,34776560039856,netem,26439414,19285,0,0,0,0,0,25417882,3811,0,25417032,3794,0
1625,34776576711249,34776578557261,19997910,sA-eth3,up,34776578382138,netem,22610610,16557,0,0,0,0,0,21522842,3213,0,21735828,3302,0
1625,34776576711249,34776580275750,19997910,sB-eth3,up,34776580118628,netem,26439414,19285,0,0,0,0,0,25417882,3811,0,25417032,3794,0
1626,34776596700401,34776598471801,19989152,sA-eth3,up,34776598305189,netem,22610610,16557,0,0,0,0,0,21522842,3213,0,21735828,3302,0
1626,34776596700401,34776600125498,19989152,sB-eth3,up,34776599948557,netem,26439414,19285,0,0,0,0,0,25417882,3811,0,25417032,3794,0
1627,34776616706611,34776618503261,20006210,sA-eth3,up,34776618328280,netem,22610610,16557,0,0,0,0,0,21522842,3213,0,21735828,3302,0
1627,34776616706611,34776620158790,20006210,sB-eth3,up,34776619992458,netem,26439414,19285,0,0,0,0,0,25417882,3811,0,25417032,3794,0
1628,34776636708963,34776638564493,20002352,sA-eth3,up,34776638374031,netem,22610610,16557,0,0,0,0,0,21522842,3213,0,21735828,3302,0
1628,34776636708963,34776640210381,20002352,sB-eth3,up,34776640055140,netem,26439414,19285,0,0,0,0,0,25417882,3811,0,25417032,3794,0
1629,34776656711044,34776658528024,20002081,sA-eth3,up,34776658362132,netem,22610610,16557,0,0,0,0,0,21522842,3213,0,21735828,3302,0
1629,34776656711044,34776660151922,20002081,sB-eth3,up,34776659985020,netem,26439414,19285,0,0,0,0,0,25417882,3811,0,25417032,3794,0
1630,34776676710114,34776678474804,19999070,sA-eth3,up,34776678302452,netem,22610610,16557,0,0,0,0,0,21522842,3213,0,21735828,3302,0
1630,34776676710114,34776680182653,19999070,sB-eth3,up,34776680026271,netem,26439414,19285,0,0,0,0,0,25417882,3811,0,25417032,3794,0
1631,34776696714696,34776698531576,20004582,sA-eth3,up,34776698342733,netem,22610610,16557,0,0,0,0,0,21522842,3213,0,21735828,3302,0
1631,34776696714696,34776700196844,20004582,sB-eth3,up,34776700035552,netem,26439414,19285,0,0,0,0,0,25417882,3811,0,25417032,3794,0
1632,34776716707466,34776718499636,19992770,sA-eth3,up,34776718329434,netem,22610610,16557,0,0,0,0,0,21522842,3213,0,21735828,3302,0
1632,34776716707466,34776720163244,19992770,sB-eth3,up,34776719978312,netem,26439414,19285,0,0,0,0,0,25417882,3811,0,25417032,3794,0
1633,34776736714187,34776738534958,20006721,sA-eth3,up,34776738349555,netem,22610610,16557,0,0,0,0,0,21522842,3213,0,21735828,3302,0
1633,34776736714187,34776740289807,20006721,sB-eth3,up,34776740059485,netem,26439414,19285,0,0,0,0,0,25417882,3811,0,25417032,3794,0
1634,34776756708099,34776758490108,19993912,sA-eth3,up,34776758315446,netem,22610610,16557,0,0,0,0,0,21522842,3213,0,21735828,3302,0
1634,34776756708099,34776760416269,19993912,sB-eth3,up,34776760148456,netem,26439414,19285,0,0,0,0,0,25417882,3811,0,25417032,3794,0
1635,34776776708699,34776778653381,20000600,sA-eth3,up,34776778467048,netem,22610610,16557,0,0,0,0,0,21522842,3213,0,21735828,3302,0
1635,34776776708699,34776780335529,20000600,sB-eth3,up,34776780127497,netem,26439414,19285,0,0,0,0,0,25417882,3811,0,25417032,3794,0
1636,34776796712749,34776798575070,20004050,sA-eth3,up,34776798397319,netem,22610610,16557,0,0,0,0,0,21522842,3213,0,21735828,3302,0
1636,34776796712749,34776800244038,20004050,sB-eth3,up,34776800083227,netem,26439414,19285,0,0,0,0,0,25417882,3811,0,25417032,3794,0
1637,34776816704171,34776818600161,19991422,sA-eth3,up,34776818420960,netem,22610610,16557,0,0,0,0,0,21522842,3213,0,21735828,3302,0
1637,34776816704171,34776820235710,19991422,sB-eth3,up,34776820076698,netem,26439414,19285,0,0,0,0,0,25417882,3811,0,25417032,3794,0
1638,34776836698931,34776838546362,19994760,sA-eth3,up,34776838370230,netem,22610610,16557,0,0,0,0,0,21522842,3213,0,21735828,3302,0
1638,34776836698931,34776840166360,19994760,sB-eth3,up,34776839984207,netem,26439414,19285,0,0,0,0,0,25417882,3811,0,25417032,3794,0
1639,34776856705252,34776858499663,20006321,sA-eth3,up,34776858328640,netem,22610610,16557,0,0,0,0,0,21522842,3213,0,21735828,3302,0
1639,34776856705252,34776860128580,20006321,sB-eth3,up,34776859954188,netem,26439414,19285,0,0,0,0,0,25417882,3811,0,25417032,3794,0
1640,34776876701323,34776878474993,19996071,sA-eth3,up,34776878316491,netem,22610610,16557,0,0,0,0,0,21522842,3213,0,21735828,3302,0
1640,34776876701323,34776880074170,19996071,sB-eth3,up,34776879904398,netem,26439414,19285,0,0,0,0,0,25417882,3811,0,25417032,3794,0
1641,34776896709634,34776898509804,20008311,sA-eth3,up,34776898345233,netem,22610610,16557,0,0,0,0,0,21522842,3213,0,21735828,3302,0
1641,34776896709634,34776900174493,20008311,sB-eth3,up,34776900017411,netem,26439414,19285,0,0,0,0,0,25417882,3811,0,25417032,3794,0
1642,34776916699964,34776918463985,19990330,sA-eth3,up,34776918298773,netem,22610610,16557,0,0,0,0,0,21522842,3213,0,21735828,3302,0
1642,34776916699964,34776920104723,19990330,sB-eth3,up,34776919925850,netem,26439414,19285,0,0,0,0,0,25417882,3811,0,25417032,3794,0
1643,34776936697836,34776938460596,19997872,sA-eth3,up,34776938294264,netem,22610610,16557,0,0,0,0,0,21522842,3213,0,21735828,3302,0
1643,34776936697836,34776940102493,19997872,sB-eth3,up,34776939933822,netem,26439414,19285,0,0,0,0,0,25417882,3811,0,25417032,3794,0
1644,34776956699517,34776958492466,20001681,sA-eth3,up,34776958327775,netem,22610610,16557,0,0,0,0,0,21522842,3213,0,21735828,3302,0
1644,34776956699517,34776960113094,20001681,sB-eth3,up,34776959943663,netem,26439414,19285,0,0,0,0,0,25417882,3811,0,25417032,3794,0
1645,34776976703298,34776978484188,20003781,sA-eth3,up,34776978325546,netem,22610610,16557,0,0,0,0,0,21522842,3213,0,21735828,3302,0
1645,34776976703298,34776980128225,20003781,sB-eth3,up,34776979954413,netem,26439414,19285,0,0,0,0,0,25417882,3811,0,25417032,3794,0
1646,34776996700138,34776998472288,19996840,sA-eth3,up,34776998306916,netem,22610610,16557,0,0,0,0,0,21522842,3213,0,21735828,3302,0
1646,34776996700138,34777000101286,19996840,sB-eth3,up,34776999926654,netem,26439414,19285,0,0,0,0,0,25417882,3811,0,25417032,3794,0
1647,34777016700459,34777018438488,20000321,sA-eth3,up,34777018265096,netem,22610610,16557,0,0,0,0,0,21522842,3213,0,21735828,3302,0
1647,34777016700459,34777020042806,20000321,sB-eth3,up,34777019875194,netem,26439414,19285,0,0,0,0,0,25417882,3811,0,25417032,3794,0
1648,34777036699241,34777038459130,19998782,sA-eth3,up,34777038286598,netem,22610610,16557,0,0,0,0,0,21522842,3213,0,21735828,3302,0
1648,34777036699241,34777040098418,19998782,sB-eth3,up,34777039909395,netem,26439414,19285,0,0,0,0,0,25417882,3811,0,25417032,3794,0
1649,34777056705511,34777058479781,20006270,sA-eth3,up,34777058313778,netem,22610610,16557,0,0,0,0,0,21522842,3213,0,21735828,3302,0
1649,34777056705511,34777060096298,20006270,sB-eth3,up,34777059923687,netem,26439414,19285,0,0,0,0,0,25417882,3811,0,25417032,3794,0
1650,34777076711742,34777078487612,20006231,sA-eth3,up,34777078328030,netem,22610610,16557,0,0,0,0,0,21522842,3213,0,21735828,3302,0
1650,34777076711742,34777080091410,20006231,sB-eth3,up,34777079923457,netem,26439414,19285,0,0,0,0,0,25417882,3811,0,25417032,3794,0
1651,34777096714353,34777098468053,20002611,sA-eth3,up,34777098302171,netem,22610610,16557,0,0,0,0,0,21522842,3213,0,21735828,3302,0
1651,34777096714353,34777100153711,20002611,sB-eth3,up,34777099980220,netem,26439414,19285,0,0,0,0,0,25417882,3811,0,25417032,3794,0
1652,34777116700914,34777118503734,19986561,sA-eth3,up,34777118339773,netem,22610610,16557,0,0,0,0,0,21522842,3213,0,21735828,3302,0
1652,34777116700914,34777120132652,19986561,sB-eth3,up,34777119963070,netem,26439414,19285,0,0,0,0,0,25417882,3811,0,25417032,3794,0
1653,34777136705994,34777138647806,20005080,sA-eth3,up,34777138434404,netem,22610610,16557,0,0,0,0,0,21522842,3213,0,21735828,3302,0
1653,34777136705994,34777140919591,20005080,sB-eth3,up,34777140754819,netem,26439484,19286,0,0,0,0,0,25417882,3811,0,25417102,3795,0
1654,34777156702596,34777158568266,19996602,sA-eth3,up,34777158402354,netem,22610610,16557,0,0,0,0,0,21522912,3214,0,21735828,3302,0
1654,34777156702596,34777160256165,19996602,sB-eth3,up,34777160103653,netem,26439484,19286,0,0,0,0,0,25417882,3811,0,25417102,3795,0
1655,34777176698017,34777178457646,19995421,sA-eth3,up,34777178295624,netem,22610610,16557,0,0,0,0,0,21522912,3214,0,21735828,3302,0
1655,34777176698017,34777180105364,19995421,sB-eth3,up,34777179924453,netem,26439484,19286,0,0,0,0,0,25417882,3811,0,25417102,3795,0
1656,34777196708518,34777198477207,20010501,sA-eth3,up,34777198312865,netem,22610610,16557,0,0,0,0,0,21522912,3214,0,21735828,3302,0
1656,34777196708518,34777200124965,20010501,sB-eth3,up,34777199957763,netem,26439484,19286,0,0,0,0,0,25417882,3811,0,25417102,3795,0
1657,34777216703349,34777218493398,19994831,sA-eth3,up,34777218328456,netem,22610610,16557,0,0,0,0,0,21522912,3214,0,21735828,3302,0
1657,34777216703349,34777220144136,19994831,sB-eth3,up,34777219968564,netem,26439484,19286,0,0,0,0,0,25417882,3811,0,25417102,3795,0
1658,34777236706589,34777238510609,20003240,sA-eth3,up,34777238348418,netem,22610610,16557,0,0,0,0,0,21522912,3214,0,21735828,3302,0
1658,34777236706589,34777240147137,20003240,sB-eth3,up,34777239982625,netem,26439484,19286,0,0,0,0,0,25417882,3811,0,25417102,3795,0
1659,34777256702350,34777258475479,19995761,sA-eth3,up,34777258321018,netem,22610610,16557,0,0,0,0,0,21522912,3214,0,21735828,3302,0
1659,34777256702350,34777260133278,19995761,sB-eth3,up,34777259967546,netem,26439484,19286,0,0,0,0,0,25417882,3811,0,25417102,3795,0
1660,34777276697301,34777278438261,19994951,sA-eth3,up,34777278257568,netem,22610610,16557,0,0,0,0,0,21522912,3214,0,21735828,3302,0
1660,34777276697301,34777280088718,19994951,sB-eth3,up,34777279906796,netem,26439484,19286,0,0,0,0,0,25417882,3811,0,25417102,3795,0
1661,34777296702282,34777298498202,20004981,sA-eth3,up,34777298338330,netem,22610610,16557,0,0,0,0,0,21522912,3214,0,21735828,3302,0
1661,34777296702282,34777300144450,20004981,sB-eth3,up,34777299978038,netem,26439484,19286,0,0,0,0,0,25417882,3811,0,25417102,3795,0
1662,34777316718252,34777318565064,20015970,sA-eth3,up,34777318390241,netem,22610610,16557,0,0,0,0,0,21522912,3214,0,21735828,3302,0
1662,34777316718252,34777320217481,20015970,sB-eth3,up,34777320062850,netem,26439484,19286,0,0,0,0,0,25417882,3811,0,25417102,3795,0
1663,34777336700604,34777338453513,19982352,sA-eth3,up,34777338289701,netem,22610610,16557,0,0,0,0,0,21522912,3214,0,21735828,3302,0
1663,34777336700604,34777340077511,19982352,sB-eth3,up,34777339905460,netem,26439484,19286,0,0,0,0,0,25417882,3811,0,25417102,3795,0
1664,34777356702384,34777358465324,20001780,sA-eth3,up,34777358295502,netem,22610610,16557,0,0,0,0,0,21522912,3214,0,21735828,3302,0
1664,34777356702384,34777360076622,20001780,sB-eth3,up,34777359901440,netem,26439484,19286,0,0,0,0,0,25417882,3811,0,25417102,3795,0
1665,34777376697545,34777378443784,19995161,sA-eth3,up,34777378275513,netem,22610610,16557,0,0,0,0,0,21522912,3214,0,21735828,3302,0
1665,34777376697545,34777380057772,19995161,sB-eth3,up,34777379886821,netem,26439484,19286,0,0,0,0,0,25417882,3811,0,25417102,3795,0
1666,34777396715337,34777398528036,20017792,sA-eth3,up,34777398355734,netem,22610610,16557,0,0,0,0,0,21522912,3214,0,21735828,3302,0
1666,34777396715337,34777400142735,20017792,sB-eth3,up,34777399973613,netem,26439484,19286,0,0,0,0,0,25417882,3811,0,25417102,3795,0
1667,34777416706517,34777418535597,19991180,sA-eth3,up,34777418337336,netem,22610610,16557,0,0,0,0,0,21522912,3214,0,21735828,3302,0
1667,34777416706517,34777420249476,19991180,sB-eth3,up,34777420091365,netem,26439484,19286,0,0,0,0,0,25417882,3811,0,25417102,3795,0
1668,34777436714758,34777438457067,20008241,sA-eth3,up,34777438292626,netem,22610610,16557,0,0,0,0,0,21522912,3214,0,21735828,3302,0
1668,34777436714758,34777440116096,20008241,sB-eth3,up,34777439941484,netem,26439484,19286,0,0,0,0,0,25417882,3811,0,25417102,3795,0
1669,34777456709529,34777458451428,19994771,sA-eth3,up,34777458290836,netem,22610610,16557,0,0,0,0,0,21522912,3214,0,21735828,3302,0
1669,34777456709529,34777460706843,19994771,sB-eth3,up,34777460551691,netem,26439484,19286,0,0,0,0,0,25417882,3811,0,25417102,3795,0
1670,34777476705180,34777478528711,19995651,sA-eth3,up,34777478365688,netem,22610610,16557,0,0,0,0,0,21522912,3214,0,21735828,3302,0
1670,34777476705180,34777480175518,19995651,sB-eth3,up,34777480023536,netem,26439484,19286,0,0,0,0,0,25417882,3811,0,25417102,3795,0
1671,34777496708111,34777498516581,20002931,sA-eth3,up,34777498356079,netem,22610610,16557,0,0,0,0,0,21522912,3214,0,21735828,3302,0
1671,34777496708111,34777500181458,20002931,sB-eth3,up,34777500024687,netem,26439484,19286,0,0,0,0,0,25417882,3811,0,25417102,3795,0
1672,34777516697092,34777518439011,19988981,sA-eth3,up,34777518256789,netem,22610610,16557,0,0,0,0,0,21522912,3214,0,21735828,3302,0
1672,34777516697092,34777520111539,19988981,sB-eth3,up,34777519934397,netem,26439484,19286,0,0,0,0,0,25417882,3811,0,25417102,3795,0
1673,34777536710102,34777538502782,20013010,sA-eth3,up,34777538339211,netem,22610610,16557,0,0,0,0,0,21522912,3214,0,21735828,3302,0
1673,34777536710102,34777540114790,20013010,sB-eth3,up,34777539946588,netem,26439484,19286,0,0,0,0,0,25417882,3811,0,25417102,3795,0
1674,34777556711744,34777558491803,20001642,sA-eth3,up,34777558328291,netem,22610610,16557,0,0,0,0,0,21522912,3214,0,21735828,3302,0
1674,34777556711744,34777560140891,20001642,sB-eth3,up,34777559946620,netem,26439484,19286,0,0,0,0,0,25417882,3811,0,25417102,3795,0
1675,34777576707074,34777578487004,19995330,sA-eth3,up,34777578317801,netem,22610610,16557,0,0,0,0,0,21522912,3214,0,21735828,3302,0
1675,34777576707074,34777580174423,19995330,sB-eth3,up,34777580017411,netem,26439484,19286,0,0,0,0,0,25417882,3811,0,25417102,3795,0
1676,34777596701495,34777598426194,19994421,sA-eth3,up,34777598255732,netem,22610610,16557,0,0,0,0,0,21522912,3214,0,21735828,3302,0
1676,34777596701495,34777600058192,19994421,sB-eth3,up,34777599876860,netem,26439484,19286,0,0,0,0,0,25417882,3811,0,25417102,3795,0
1677,34777616706056,34777618453176,20004561,sA-eth3,up,34777618285003,netem,22610610,16557,0,0,0,0,0,21522912,3214,0,21735828,3302,0
1677,34777616706056,34777620062223,20004561,sB-eth3,up,34777619894861,netem,26439484,19286,0,0,0,0,0,25417882,3811,0,25417102,3795,0
1678,34777636704857,34777638489717,19998801,sA-eth3,up,34777638324364,netem,22610610,16557,0,0,0,0,0,21522912,3214,0,21735828,3302,0
1678,34777636704857,34777640112625,19998801,sB-eth3,up,34777639937453,netem,26439484,19286,0,0,0,0,0,25417882,3811,0,25417102,3795,0
1679,34777656705967,34777659122675,20001110,sA-eth3,up,34777658939872,netem,22610610,16557,0,0,0,0,0,21522912,3214,0,21735828,3302,0
1679,34777656705967,34777660730122,20001110,sB-eth3,up,34777660573161,netem,26439484,19286,0,0,0,0,0,25417882,3811,0,25417102,3795,0
1680,34777676705889,34777678427178,19999922,sA-eth3,up,34777678262136,netem,22610610,16557,0,0,0,0,0,21522912,3214,0,21735828,3302,0
1680,34777676705889,34777680063125,19999922,sB-eth3,up,34777679893393,netem,26439484,19286,0,0,0,0,0,25417882,3811,0,25417102,3795,0
1681,34777696709800,34777698477489,20003911,sA-eth3,up,34777698307197,netem,22610610,16557,0,0,0,0,0,21522912,3214,0,21735828,3302,0
1681,34777696709800,34777700108947,20003911,sB-eth3,up,34777699938956,netem,26439484,19286,0,0,0,0,0,25417882,3811,0,25417102,3795,0
1682,34777716701880,34777718495291,19992080,sA-eth3,up,34777718335188,netem,22610610,16557,0,0,0,0,0,21522912,3214,0,21735828,3302,0
1682,34777716701880,34777720120548,19992080,sB-eth3,up,34777719952426,netem,26439484,19286,0,0,0,0,0,25417882,3811,0,25417102,3795,0
1683,34777736711882,34777738493651,20010002,sA-eth3,up,34777738327259,netem,22610610,16557,0,0,0,0,0,21522912,3214,0,21735828,3302,0
1683,34777736711882,34777740118179,20010002,sB-eth3,up,34777739946627,netem,26439484,19286,0,0,0,0,0,25417882,3811,0,25417102,3795,0
1684,34777756704902,34777758459821,19993020,sA-eth3,up,34777758297089,netem,22610610,16557,0,0,0,0,0,21522912,3214,0,21735828,3302,0
1684,34777756704902,34777760073080,19993020,sB-eth3,up,34777759904198,netem,26439484,19286,0,0,0,0,0,25417882,3811,0,25417102,3795,0
1685,34777776708564,34777778513213,20003662,sA-eth3,up,34777778343431,netem,22610610,16557,0,0,0,0,0,21522912,3214,0,21735828,3302,0
1685,34777776708564,34777780167441,20003662,sB-eth3,up,34777780016050,netem,26439484,19286,0,0,0,0,0,25417882,3811,0,25417102,3795,0
1686,34777796704584,34777798597024,19996020,sA-eth3,up,34777798425003,netem,22610610,16557,0,0,0,0,0,21522912,3214,0,21735828,3302,0
1686,34777796704584,34777800307754,19996020,sB-eth3,up,34777800137612,netem,26439484,19286,0,0,0,0,0,25417882,3811,0,25417102,3795,0
1687,34777816709385,34777818525334,20004801,sA-eth3,up,34777818360133,netem,22610610,16557,0,0,0,0,0,21522912,3214,0,21735828,3302,0
1687,34777816709385,34777820184643,20004801,sB-eth3,up,34777820030691,netem,26439484,19286,0,0,0,0,0,25417882,3811,0,25417102,3795,0
1688,34777836711756,34777838510686,20002371,sA-eth3,up,34777838346914,netem,22610610,16557,0,0,0,0,0,21522912,3214,0,21735828,3302,0
1688,34777836711756,34777840194694,20002371,sB-eth3,up,34777840032073,netem,26439484,19286,0,0,0,0,0,25417882,3811,0,25417102,3795,0
1689,34777856698817,34777858969962,19987061,sA-eth3,up,34777858803859,netem,22610610,16557,0,0,0,0,0,21522912,3214,0,21735828,3302,0
1689,34777856698817,34777860787412,19987061,sB-eth3,up,34777860619331,netem,26439484,19286,0,0,0,0,0,25417882,3811,0,25417102,3795,0
1690,34777876706337,34777878484957,20007520,sA-eth3,up,34777878320066,netem,22610610,16557,0,0,0,0,0,21522912,3214,0,21735828,3302,0
1690,34777876706337,34777880143765,20007520,sB-eth3,up,34777879974003,netem,26439484,19286,0,0,0,0,0,25417882,3811,0,25417102,3795,0
1691,34777896706869,34777898500759,20000532,sA-eth3,up,34777898339396,netem,22610610,16557,0,0,0,0,0,21522912,3214,0,21735828,3302,0
1691,34777896706869,34777900529181,20000532,sB-eth3,up,34777900376309,netem,26439484,19286,0,0,0,0,0,25417882,3811,0,25417102,3795,0
1692,34777916706390,34777918581650,19999521,sA-eth3,up,34777918422529,netem,22610610,16557,0,0,0,0,0,21522912,3214,0,21735828,3302,0
1692,34777916706390,34777920480391,19999521,sB-eth3,up,34777920326009,netem,26439484,19286,0,0,0,0,0,25417882,3811,0,25417102,3795,0
1693,34777936707700,34777938521751,20001310,sA-eth3,up,34777938356568,netem,22610610,16557,0,0,0,0,0,21522912,3214,0,21735828,3302,0
1693,34777936707700,34777940319550,20001310,sB-eth3,up,34777940151828,netem,26439484,19286,0,0,0,0,0,25417882,3811,0,25417102,3795,0
1694,34777956699681,34777958507341,19991981,sA-eth3,up,34777958333339,netem,22610610,16557,0,0,0,0,0,21522912,3214,0,21735828,3302,0
1694,34777956699681,34777960182370,19991981,sB-eth3,up,34777960026998,netem,26439484,19286,0,0,0,0,0,25417882,3811,0,25417102,3795,0
1695,34777976705842,34777978474621,20006161,sA-eth3,up,34777978311129,netem,22610610,16557,0,0,0,0,0,21522912,3214,0,21735828,3302,0
1695,34777976705842,34777980100809,20006161,sB-eth3,up,34777979928048,netem,26439484,19286,0,0,0,0,0,25417882,3811,0,25417102,3795,0
1696,34777996703022,34777998523553,19997180,sA-eth3,up,34777998362101,netem,22610610,16557,0,0,0,0,0,21522912,3214,0,21735828,3302,0
1696,34777996703022,34778000181051,19997180,sB-eth3,up,34778000026520,netem,26439484,19286,0,0,0,0,0,25417882,3811,0,25417102,3795,0
1697,34778016706434,34778018462794,20003412,sA-eth3,up,34778018297511,netem,22610610,16557,0,0,0,0,0,21522912,3214,0,21735828,3302,0
1697,34778016706434,34778020099451,20003412,sB-eth3,up,34778019930550,netem,26439484,19286,0,0,0,0,0,25417882,3811,0,25417102,3795,0
1698,34778036702814,34778038457074,19996380,sA-eth3,up,34778038289032,netem,22610610,16557,0,0,0,0,0,21522912,3214,0,21735828,3302,0
1698,34778036702814,34778040084833,19996380,sB-eth3,up,34778039916970,netem,26439484,19286,0,0,0,0,0,25417882,3811,0,25417102,3795,0
1699,34778056706165,34778058447275,20003351,sA-eth3,up,34778058288873,netem,22610610,16557,0,0,0,0,0,21522912,3214,0,21735828,3302,0
1699,34778056706165,34778060076933,20003351,sB-eth3,up,34778059910811,netem,26439484,19286,0,0,0,0,0,25417882,3811,0,25417102,3795,0
1700,34778076710957,34778078497856,20004792,sA-eth3,up,34778078338274,netem,22610610,16557,0,0,0,0,0,21522912,3214,0,21735828,3302,0
1700,34778076710957,34778080184065,20004792,sB-eth3,up,34778080025073,netem,26439484,19286,0,0,0,0,0,25417882,3811,0,25417102,3795,0
1701,34778096699757,34778098433766,19988800,sA-eth3,up,34778098257754,netem,22610610,16557,0,0,0,0,0,21522912,3214,0,21735828,3302,0
1701,34778096699757,34778100081625,19988800,sB-eth3,up,34778099909813,netem,26439484,19286,0,0,0,0,0,25417882,3811,0,25417102,3795,0
1702,34778116706827,34778118490788,20007070,sA-eth3,up,34778118317726,netem,22610610,16557,0,0,0,0,0,21522912,3214,0,21735828,3302,0
1702,34778116706827,34778120141346,20007070,sB-eth3,up,34778119972714,netem,26439484,19286,0,0,0,0,0,25417882,3811,0,25417102,3795,0
1703,34778136720100,34778138545059,20013273,sA-eth3,up,34778138368917,netem,22610610,16557,0,0,0,0,0,21522912,3214,0,21735828,3302,0
1703,34778136720100,34778140258368,20013273,sB-eth3,up,34778140089086,netem,26439484,19286,0,0,0,0,0,25417882,3811,0,25417102,3795,0
1704,34778156705020,34778158500409,19984920,sA-eth3,up,34778158332698,netem,22610610,16557,0,0,0,0,0,21522912,3214,0,21735828,3302,0
1704,34778156705020,34778160143878,19984920,sB-eth3,up,34778159974386,netem,26439484,19286,0,0,0,0,0,25417882,3811,0,25417102,3795,0
1705,34778176709582,34778178482101,20004562,sA-eth3,up,34778178316779,netem,22610610,16557,0,0,0,0,0,21522912,3214,0,21735828,3302,0
1705,34778176709582,34778180116148,20004562,sB-eth3,up,34778179948306,netem,26439484,19286,0,0,0,0,0,25417882,3811,0,25417102,3795,0
1706,34778196701712,34778198432471,19992130,sA-eth3,up,34778198257679,netem,22610610,16557,0,0,0,0,0,21522912,3214,0,21735828,3302,0
1706,34778196701712,34778200088479,19992130,sB-eth3,up,34778199921627,netem,26439484,19286,0,0,0,0,0,25417882,3811,0,25417102,3795,0
1707,34778216707122,34778218484022,20005410,sA-eth3,up,34778218315741,netem,22610610,16557,0,0,0,0,0,21522912,3214,0,21735828,3302,0
1707,34778216707122,34778220155521,20005410,sB-eth3,up,34778219980848,netem,26439484,19286,0,0,0,0,0,25417882,3811,0,25417102,3795,0
1708,34778236717514,34778238490864,20010392,sA-eth3,up,34778238325361,netem,22610610,16557,0,0,0,0,0,21522912,3214,0,21735828,3302,0
1708,34778236717514,34778240162461,20010392,sB-eth3,up,34778239979280,netem,26439484,19286,0,0,0,0,0,25417882,3811,0,25417102,3795,0
1709,34778256705734,34778258511124,19988220,sA-eth3,up,34778258347803,netem,22610610,16557,0,0,0,0,0,21522912,3214,0,21735828,3302,0
1709,34778256705734,34778260147173,19988220,sB-eth3,up,34778259978431,netem,26439484,19286,0,0,0,0,0,25417882,3811,0,25417102,3795,0
1710,34778276708025,34778278455444,20002291,sA-eth3,up,34778278294303,netem,22610610,16557,0,0,0,0,0,21522912,3214,0,21735828,3302,0
1710,34778276708025,34778280089473,20002291,sB-eth3,up,34778279920181,netem,26439484,19286,0,0,0,0,0,25417882,3811,0,25417102,3795,0
1711,34778296701696,34778298477986,19993671,sA-eth3,up,34778298307274,netem,22610610,16557,0,0,0,0,0,21522912,3214,0,21735828,3302,0
1711,34778296701696,34778300133704,19993671,sB-eth3,up,34778299959282,netem,26439484,19286,0,0,0,0,0,25417882,3811,0,25417102,3795,0
1712,34778316723857,34778318581068,20022161,sA-eth3,up,34778318403246,netem,22610610,16557,0,0,0,0,0,21522912,3214,0,21735828,3302,0
1712,34778316723857,34778320391698,20022161,sB-eth3,up,34778320205296,netem,26439484,19286,0,0,0,0,0,25417882,3811,0,25417102,3795,0
1713,34778336713058,34778338513809,19989201,sA-eth3,up,34778338347246,netem,22610610,16557,0,0,0,0,0,21522912,3214,0,21735828,3302,0
1713,34778336713058,34778340173706,19989201,sB-eth3,up,34778340016925,netem,26439484,19286,0,0,0,0,0,25417882,3811,0,25417102,3795,0
1714,34778356705119,34778358456138,19992061,sA-eth3,up,34778358266576,netem,22610610,16557,0,0,0,0,0,21522912,3214,0,21735828,3302,0
1714,34778356705119,34778360211048,19992061,sB-eth3,up,34778360037266,netem,26439484,19286,0,0,0,0,0,25417882,3811,0,25417102,3795,0
1715,34778376706950,34778378576411,20001831,sA-eth3,up,34778378400129,netem,22610610,16557,0,0,0,0,0,21522912,3214,0,21735828,3302,0
1715,34778376706950,34778380225999,20001831,sB-eth3,up,34778380066108,netem,26439484,19286,0,0,0,0,0,25417882,3811,0,25417102,3795,0
1716,34778396714520,34778398480641,20007570,sA-eth3,up,34778398310919,netem,22610610,16557,0,0,0,0,0,21522912,3214,0,21735828,3302,0
1716,34778396714520,34778400225280,20007570,sB-eth3,up,34778400054218,netem,26439484,19286,0,0,0,0,0,25417882,3811,0,25417102,3795,0
1717,34778416706301,34778418517382,19991781,sA-eth3,up,34778418346610,netem,22610610,16557,0,0,0,0,0,21522912,3214,0,21735828,3302,0
1717,34778416706301,34778420337851,19991781,sB-eth3,up,34778420154770,netem,26439484,19286,0,0,0,0,0,25417882,3811,0,25417102,3795,0
1718,34778436711622,34778438462712,20005321,sA-eth3,up,34778438294031,netem,22610610,16557,0,0,0,0,0,21522912,3214,0,21735828,3302,0
1718,34778436711622,34778440192031,20005321,sB-eth3,up,34778440000219,netem,26439484,19286,0,0,0,0,0,25417882,3811,0,25417102,3795,0
1719,34778456702844,34778458458483,19991222,sA-eth3,up,34778458286131,netem,22610610,16557,0,0,0,0,0,21522912,3214,0,21735828,3302,0
1719,34778456702844,34778460201612,19991222,sB-eth3,up,34778460017040,netem,26439484,19286,0,0,0,0,0,25417882,3811,0,25417102,3795,0
1720,34778476711504,34778478496734,20008660,sA-eth3,up,34778478329222,netem,22610610,16557,0,0,0,0,0,21522912,3214,0,21735828,3302,0
1720,34778476711504,34778480291323,20008660,sB-eth3,up,34778480108932,netem,26439484,19286,0,0,0,0,0,25417882,3811,0,25417102,3795,0
1721,34778496713715,34778498526226,20002211,sA-eth3,up,34778498351904,netem,22610610,16557,0,0,0,0,0,21522912,3214,0,21735828,3302,0
1721,34778496713715,34778500208004,20002211,sB-eth3,up,34778500045532,netem,26439484,19286,0,0,0,0,0,25417882,3811,0,25417102,3795,0
1722,34778516707326,34778518448985,19993611,sA-eth3,up,34778518268963,netem,22610610,16557,0,0,0,0,0,21522912,3214,0,21735828,3302,0
1722,34778516707326,34778520080833,19993611,sB-eth3,up,34778519910221,netem,26439484,19286,0,0,0,0,0,25417882,3811,0,25417102,3795,0
1723,34778536698177,34778538442416,19990851,sA-eth3,up,34778538263214,netem,22610610,16557,0,0,0,0,0,21522912,3214,0,21735828,3302,0
1723,34778536698177,34778540049314,19990851,sB-eth3,up,34778539878412,netem,26439484,19286,0,0,0,0,0,25417882,3811,0,25417102,3795,0
1724,34778556712687,34778558517468,20014510,sA-eth3,up,34778558353656,netem,22610610,16557,0,0,0,0,0,21522912,3214,0,21735828,3302,0
1724,34778556712687,34778560193616,20014510,sB-eth3,up,34778560034565,netem,26439484,19286,0,0,0,0,0,25417882,3811,0,25417102,3795,0
1725,34778576702679,34778578979744,19989992,sA-eth3,up,34778578810762,netem,22610610,16557,0,0,0,0,0,21522912,3214,0,21735828,3302,0
1725,34778576702679,34778580806174,19989992,sB-eth3,up,34778580652112,netem,26439484,19286,0,0,0,0,0,25417882,3811,0,25417102,3795,0
1726,34778596703569,34778598468869,20000890,sA-eth3,up,34778598297237,netem,22610610,16557,0,0,0,0,0,21522912,3214,0,21735828,3302,0
1726,34778596703569,34778600139728,20000890,sB-eth3,up,34778599970885,netem,26439484,19286,0,0,0,0,0,25417882,3811,0,25417102,3795,0
1727,34778616701210,34778618451319,19997641,sA-eth3,up,34778618271738,netem,22610610,16557,0,0,0,0,0,21522912,3214,0,21735828,3302,0
1727,34778616701210,34778620440332,19997641,sB-eth3,up,34778620275050,netem,26439484,19286,0,0,0,0,0,25417882,3811,0,25417102,3795,0
1728,34778636704952,34778638527591,20003742,sA-eth3,up,34778638362549,netem,22610610,16557,0,0,0,0,0,21522912,3214,0,21735828,3302,0
1728,34778636704952,34778640358751,20003742,sB-eth3,up,34778640194150,netem,26439484,19286,0,0,0,0,0,25417882,3811,0,25417102,3795,0
1729,34778656704732,34778658594933,19999780,sA-eth3,up,34778658427171,netem,22610610,16557,0,0,0,0,0,21522912,3214,0,21735828,3302,0
1729,34778656704732,34778660400673,19999780,sB-eth3,up,34778660232961,netem,26439484,19286,0,0,0,0,0,25417882,3811,0,25417102,3795,0
1730,34778676706903,34778678571084,20002171,sA-eth3,up,34778678405882,netem,22610610,16557,0,0,0,0,0,21522912,3214,0,21735828,3302,0
1730,34778676706903,34778680339493,20002171,sB-eth3,up,34778680174131,netem,26439484,19286,0,0,0,0,0,25417882,3811,0,25417102,3795,0
1731,34778696698954,34778698496554,19992051,sA-eth3,up,34778698331402,netem,22610610,16557,0,0,0,0,0,21522912,3214,0,21735828,3302,0
1731,34778696698954,34778700117811,19992051,sB-eth3,up,34778699939440,netem,26439484,19286,0,0,0,0,0,25417882,3811,0,25417102,3795,0
1732,34778716706334,34778718440604,20007380,sA-eth3,up,34778718273972,netem,22610610,16557,0,0,0,0,0,21522912,3214,0,21735828,3302,0
1732,34778716706334,34778720075303,20007380,sB-eth3,up,34778719909190,netem,26439484,19286,0,0,0,0,0,25417882,3811,0,25417102,3795,0
1733,34778736702586,34778738479516,19996252,sA-eth3,up,34778738319524,netem,22610610,16557,0,0,0,0,0,21522912,3214,0,21735828,3302,0
1733,34778736702586,34778740095483,19996252,sB-eth3,up,34778739925621,netem,26439484,19286,0,0,0,0,0,25417882,3811,0,25417102,3795,0
1734,34778756714337,34778758512247,20011751,sA-eth3,up,34778758342525,netem,22610610,16557,0,0,0,0,0,21522912,3214,0,21735828,3302,0
1734,34778756714337,34778760121234,20011751,sB-eth3,up,34778759948443,netem,26439484,19286,0,0,0,0,0,25417882,3811,0,25417102,3795,0
1735,34778776703747,34778778436477,19989410,sA-eth3,up,34778778262354,netem,22610610,16557,0,0,0,0,0,21522912,3214,0,21735828,3302,0
1735,34778776703747,34778780058145,19989410,sB-eth3,up,34778779890923,netem,26439484,19286,0,0,0,0,0,25417882,3811,0,25417102,3795,0
1736,34778796702779,34778798453238,19999032,sA-eth3,up,34778798289966,netem,22610610,16557,0,0,0,0,0,21522912,3214,0,21735828,3302,0
1736,34778796702779,34778800118586,19999032,sB-eth3,up,34778799949845,netem,26439484,19286,0,0,0,0,0,25417882,3811,0,25417102,3795,0
1737,34778816711819,34778818475789,20009040,sA-eth3,up,34778818318697,netem,22610610,16557,0,0,0,0,0,21522912,3214,0,21735828,3302,0
1737,34778816711819,34778820117328,20009040,sB-eth3,up,34778819946345,netem,26439484,19286,0,0,0,0,0,25417882,3811,0,25417102,3795,0
1738,34778836711050,34778838498981,19999231,sA-eth3,up,34778838337489,netem,22610610,16557,0,0,0,0,0,21522912,3214,0,21735828,3302,0
1738,34778836711050,34778840127758,19999231,sB-eth3,up,34778839960766,netem,26439484,19286,0,0,0,0,0,25417882,3811,0,25417102,3795,0
1739,34778856705982,34778858460351,19994932,sA-eth3,up,34778858298018,netem,22610610,16557,0,0,0,0,0,21522912,3214,0,21735828,3302,0
1739,34778856705982,34778860062398,19994932,sB-eth3,up,34778859897336,netem,26439484,19286,0,0,0,0,0,25417882,3811,0,25417102,3795,0
1740,34778876698142,34778878414621,19992160,sA-eth3,up,34778878246579,netem,22610610,16557,0,0,0,0,0,21522912,3214,0,21735828,3302,0
1740,34778876698142,34778880027448,19992160,sB-eth3,up,34778879861268,netem,26439484,19286,0,0,0,0,0,25417882,3811,0,25417102,3795,0
1741,34778896707562,34778898478473,20009420,sA-eth3,up,34778898308111,netem,22610610,16557,0,0,0,0,0,21522912,3214,0,21735828,3302,0
1741,34778896707562,34778900125760,20009420,sB-eth3,up,34778899955089,netem,26439484,19286,0,0,0,0,0,25417882,3811,0,25417102,3795,0
1742,34778916704924,34778918497784,19997362,sA-eth3,up,34778918334551,netem,22610610,16557,0,0,0,0,0,21522912,3214,0,21735828,3302,0
1742,34778916704924,34778920141861,19997362,sB-eth3,up,34778919969700,netem,26439484,19286,0,0,0,0,0,25417882,3811,0,25417102,3795,0
1743,34778936728555,34778938554006,20023631,sA-eth3,up,34778938376994,netem,22610610,16557,0,0,0,0,0,21522912,3214,0,21735828,3302,0
1743,34778936728555,34778940223614,20023631,sB-eth3,up,34778940054733,netem,26439484,19286,0,0,0,0,0,25417882,3811,0,25417102,3795,0
1744,34778956704736,34778958461416,19976181,sA-eth3,up,34778958288854,netem,22610610,16557,0,0,0,0,0,21522912,3214,0,21735828,3302,0
1744,34778956704736,34778960126003,19976181,sB-eth3,up,34778959956921,netem,26439484,19286,0,0,0,0,0,25417882,3811,0,25417102,3795,0
1745,34778976701357,34778978494206,19996621,sA-eth3,up,34778978336974,netem,22610610,16557,0,0,0,0,0,21522912,3214,0,21735828,3302,0
1745,34778976701357,34778980113164,19996621,sB-eth3,up,34778979936202,netem,26439484,19286,0,0,0,0,0,25417882,3811,0,25417102,3795,0
1746,34778996708097,34778998500497,20006740,sA-eth3,up,34778998332245,netem,22610610,16557,0,0,0,0,0,21522912,3214,0,21735828,3302,0
1746,34778996708097,34779000243776,20006740,sB-eth3,up,34779000059455,netem,26439484,19286,0,0,0,0,0,25417882,3811,0,25417102,3795,0
1747,34779016720979,34779018519938,20012882,sA-eth3,up,34779018347806,netem,22610610,16557,0,0,0,0,0,21522912,3214,0,21735828,3302,0
1747,34779016720979,34779020179377,20012882,sB-eth3,up,34779019985175,netem,26439484,19286,0,0,0,0,0,25417882,3811,0,25417102,3795,0
1748,34779036722419,34779038491009,20001440,sA-eth3,up,34779038316686,netem,22610610,16557,0,0,0,0,0,21522912,3214,0,21735828,3302,0
1748,34779036722419,34779040133387,20001440,sB-eth3,up,34779039951135,netem,26439484,19286,0,0,0,0,0,25417882,3811,0,25417102,3795,0
1749,34779056713070,34779058480649,19990651,sA-eth3,up,34779058317138,netem,22610610,16557,0,0,0,0,0,21522912,3214,0,21735828,3302,0
1749,34779056713070,34779060105918,19990651,sB-eth3,up,34779059931266,netem,26439484,19286,0,0,0,0,0,25417882,3811,0,25417102,3795,0
1750,34779076716831,34779078617682,20003761,sA-eth3,up,34779078443461,netem,22610610,16557,0,0,0,0,0,21522912,3214,0,21735828,3302,0
1750,34779076716831,34779080266340,20003761,sB-eth3,up,34779080109778,netem,26439484,19286,0,0,0,0,0,25417882,3811,0,25417102,3795,0
1751,34779096711522,34779098533812,19994691,sA-eth3,up,34779098363741,netem,22610610,16557,0,0,0,0,0,21522912,3214,0,21735828,3302,0
1751,34779096711522,34779100207930,19994691,sB-eth3,up,34779100044798,netem,26439484,19286,0,0,0,0,0,25417882,3811,0,25417102,3795,0
1752,34779116714222,34779118523783,20002700,sA-eth3,up,34779118352181,netem,22610610,16557,0,0,0,0,0,21522912,3214,0,21735828,3302,0
1752,34779116714222,34779120191991,20002700,sB-eth3,up,34779119997908,netem,26439484,19286,0,0,0,0,0,25417882,3811,0,25417102,3795,0
1753,34779136711634,34779138549684,19997412,sA-eth3,up,34779138369422,netem,22610610,16557,0,0,0,0,0,21522912,3214,0,21735828,3302,0
1753,34779136711634,34779140222543,19997412,sB-eth3,up,34779140061791,netem,26439484,19286,0,0,0,0,0,25417882,3811,0,25417102,3795,0
1754,34779156710984,34779158526994,19999350,sA-eth3,up,34779158359023,netem,22610610,16557,0,0,0,0,0,21522912,3214,0,21735828,3302,0
1754,34779156710984,34779160857291,19999350,sB-eth3,up,34779160688899,netem,26439484,19286,0,0,0,0,0,25417882,3811,0,25417102,3795,0
1755,34779176710965,34779178554846,19999981,sA-eth3,up,34779178390154,netem,22610610,16557,0,0,0,0,0,21522912,3214,0,21735828,3302,0
1755,34779176710965,34779180498678,19999981,sB-eth3,up,34779180344436,netem,26439484,19286,0,0,0,0,0,25417882,3811,0,25417102,3795,0
1756,34779196716137,34779198580627,20005172,sA-eth3,up,34779198395596,netem,22610610,16557,0,0,0,0,0,21522912,3214,0,21735828,3302,0
1756,34779196716137,34779200414178,20005172,sB-eth3,up,34779200236646,netem,26439484,19286,0,0,0,0,0,25417882,3811,0,25417102,3795,0
1757,34779216706757,34779218586298,19990620,sA-eth3,up,34779218410446,netem,22610610,16557,0,0,0,0,0,21522912,3214,0,21735828,3302,0
1757,34779216706757,34779220376508,19990620,sB-eth3,up,34779220209276,netem,26439484,19286,0,0,0,0,0,25417882,3811,0,25417102,3795,0
1758,34779236715398,34779238531218,20008641,sA-eth3,up,34779238361747,netem,22610610,16557,0,0,0,0,0,21522912,3214,0,21735828,3302,0
1758,34779236715398,34779240503061,20008641,sB-eth3,up,34779240343788,netem,26439484,19286,0,0,0,0,0,25417882,3811,0,25417102,3795,0
1759,34779256705069,34779258674401,19989671,sA-eth3,up,34779258504549,netem,22610610,16557,0,0,0,0,0,21522912,3214,0,21735828,3302,0
1759,34779256705069,34779260586341,19989671,sB-eth3,up,34779260431180,netem,26439484,19286,0,0,0,0,0,25417882,3811,0,25417102,3795,0
1760,34779276707540,34779278549191,20002471,sA-eth3,up,34779278383288,netem,22610610,16557,0,0,0,0,0,21522912,3214,0,21735828,3302,0
1760,34779276707540,34779280384200,20002471,sB-eth3,up,34779280211219,netem,26439484,19286,0,0,0,0,0,25417882,3811,0,25417102,3795,0
1761,34779296701821,34779298497921,19994281,sA-eth3,up,34779298334399,netem,22610610,16557,0,0,0,0,0,21522912,3214,0,21735828,3302,0
1761,34779296701821,34779300357971,19994281,sB-eth3,up,34779300181129,netem,26439484,19286,0,0,0,0,0,25417882,3811,0,25417102,3795,0
1762,34779316710882,34779318543222,20009061,sA-eth3,up,34779318376241,netem,22610610,16557,0,0,0,0,0,21522912,3214,0,21735828,3302,0
1762,34779316710882,34779320542674,20009061,sB-eth3,up,34779320373042,netem,26439484,19286,0,0,0,0,0,25417882,3811,0,25417102,3795,0
1763,34779336707313,34779338593794,19996431,sA-eth3,up,34779338418781,netem,22610610,16557,0,0,0,0,0,21522912,3214,0,21735828,3302,0
1763,34779336707313,34779340455224,19996431,sB-eth3,up,34779340297003,netem,26439484,19286,0,0,0,0,0,25417882,3811,0,25417102,3795,0
1764,34779356709694,34779358485773,20002381,sA-eth3,up,34779358323161,netem,22610610,16557,0,0,0,0,0,21522912,3214,0,21735828,3302,0
1764,34779356709694,34779360661747,20002381,sB-eth3,up,34779360501976,netem,26439484,19286,0,0,0,0,0,25417882,3811,0,25417102,3795,0
1765,34779376702635,34779378543384,19992941,sA-eth3,up,34779378369783,netem,22610610,16557,0,0,0,0,0,21522912,3214,0,21735828,3302,0
1765,34779376702635,34779380243154,19992941,sB-eth3,up,34779380085941,netem,26439484,19286,0,0,0,0,0,25417882,3811,0,25417102,3795,0
1766,34779396709456,34779398506736,20006821,sA-eth3,up,34779398343543,netem,22610610,16557,0,0,0,0,0,21522912,3214,0,21735828,3302,0
1766,34779396709456,34779400499417,20006821,sB-eth3,up,34779400342786,netem,26439484,19286,0,0,0,0,0,25417882,3811,0,25417102,3795,0
1767,34779416711527,34779418572566,20002071,sA-eth3,up,34779418406995,netem,22610610,16557,0,0,0,0,0,21522912,3214,0,21735828,3302,0
1767,34779416711527,34779420254255,20002071,sB-eth3,up,34779420093053,netem,26439484,19286,0,0,0,0,0,25417882,3811,0,25417102,3795,0
1768,34779436708037,34779438555437,19996510,sA-eth3,up,34779438382766,netem,22610610,16557,0,0,0,0,0,21522912,3214,0,21735828,3302,0
1768,34779436708037,34779440579420,19996510,sB-eth3,up,34779440422108,netem,26439484,19286,0,0,0,0,0,25417882,3811,0,25417102,3795,0
1769,34779456702648,34779458531478,19994611,sA-eth3,up,34779458360026,netem,22610610,16557,0,0,0,0,0,21522912,3214,0,21735828,3302,0
1769,34779456702648,34779460352679,19994611,sB-eth3,up,34779460182306,netem,26439484,19286,0,0,0,0,0,25417882,3811,0,25417102,3795,0
1770,34779476705859,34779478561019,20003211,sA-eth3,up,34779478396507,netem,22610610,16557,0,0,0,0,0,21522912,3214,0,21735828,3302,0
1770,34779476705859,34779480375799,20003211,sB-eth3,up,34779480209498,netem,26439484,19286,0,0,0,0,0,25417882,3811,0,25417102,3795,0
1771,34779496708200,34779498605171,20002341,sA-eth3,up,34779498435569,netem,22610610,16557,0,0,0,0,0,21522912,3214,0,21735828,3302,0
1771,34779496708200,34779500429011,20002341,sB-eth3,up,34779500261449,netem,26439484,19286,0,0,0,0,0,25417882,3811,0,25417102,3795,0
1772,34779516709930,34779518490910,20001730,sA-eth3,up,34779518328698,netem,22610610,16557,0,0,0,0,0,21522912,3214,0,21735828,3302,0
1772,34779516709930,34779520453011,20001730,sB-eth3,up,34779520291010,netem,26439484,19286,0,0,0,0,0,25417882,3811,0,25417102,3795,0
1773,34779536708022,34779538520312,19998092,sA-eth3,up,34779538350259,netem,22610610,16557,0,0,0,0,0,21522912,3214,0,21735828,3302,0
1773,34779536708022,34779540376471,19998092,sB-eth3,up,34779540204740,netem,26439484,19286,0,0,0,0,0,25417882,3811,0,25417102,3795,0
1774,34779556700832,34779558516642,19992810,sA-eth3,up,34779558353421,netem,22610610,16557,0,0,0,0,0,21522912,3214,0,21735828,3302,0
1774,34779556700832,34779560364083,19992810,sB-eth3,up,34779560194871,netem,26439484,19286,0,0,0,0,0,25417882,3811,0,25417102,3795,0
1775,34779576714544,34779578581144,20013712,sA-eth3,up,34779578413252,netem,22610610,16557,0,0,0,0,0,21522912,3214,0,21735828,3302,0
1775,34779576714544,34779580316983,20013712,sB-eth3,up,34779580134401,netem,26439484,19286,0,0,0,0,0,25417882,3811,0,25417102,3795,0
1776,34779596711794,34779598691416,19997250,sA-eth3,up,34779598505454,netem,22610610,16557,0,0,0,0,0,21522912,3214,0,21735828,3302,0
1776,34779596711794,34779601362855,19997250,sB-eth3,up,34779601181834,netem,26439484,19286,0,0,0,0,0,25417882,3811,0,25417102,3795,0
1777,34779616707805,34779618586696,19996011,sA-eth3,up,34779618406534,netem,22610610,16557,0,0,0,0,0,21522912,3214,0,21735828,3302,0
1777,34779616707805,34779620257874,19996011,sB-eth3,up,34779620097483,netem,26439484,19286,0,0,0,0,0,25417882,3811,0,25417102,3795,0
1778,34779636709886,34779638575436,20002081,sA-eth3,up,34779638393634,netem,22610610,16557,0,0,0,0,0,21522912,3214,0,21735828,3302,0
1778,34779636709886,34779640319606,20002081,sB-eth3,up,34779640139364,netem,26439484,19286,0,0,0,0,0,25417882,3811,0,25417102,3795,0
1779,34779656716957,34779658631528,20007071,sA-eth3,up,34779658445876,netem,22610610,16557,0,0,0,0,0,21522912,3214,0,21735828,3302,0
1779,34779656716957,34779660337847,20007071,sB-eth3,up,34779660163886,netem,26439484,19286,0,0,0,0,0,25417882,3811,0,25417102,3795,0
1780,34779676705868,34779678511517,19988911,sA-eth3,up,34779678348776,netem,22610610,16557,0,0,0,0,0,21522912,3214,0,21735828,3302,0
1780,34779676705868,34779685226012,19988911,sB-eth3,up,34779685056019,netem,26439484,19286,0,0,0,0,0,25417882,3811,0,25417102,3795,0
1781,34779696699129,34779699073915,19993261,sA-eth3,up,34779698878602,netem,22610610,16557,0,0,0,0,0,21522912,3214,0,21735828,3302,0
1781,34779696699129,34779700874324,19993261,sB-eth3,up,34779700720143,netem,26439484,19286,0,0,0,0,0,25417882,3811,0,25417102,3795,0
1782,34779716700369,34779718447549,20001240,sA-eth3,up,34779718284967,netem,22610610,16557,0,0,0,0,0,21522912,3214,0,21735828,3302,0
1782,34779716700369,34779720121027,20001240,sB-eth3,up,34779719935415,netem,26439484,19286,0,0,0,0,0,25417882,3811,0,25417102,3795,0
1783,34779736707970,34779738494850,20007601,sA-eth3,up,34779738333168,netem,22610610,16557,0,0,0,0,0,21522912,3214,0,21735828,3302,0
1783,34779736707970,34779740175918,20007601,sB-eth3,up,34779740022327,netem,26439484,19286,0,0,0,0,0,25417882,3811,0,25417102,3795,0
1784,34779756706682,34779758535231,19998712,sA-eth3,up,34779758366249,netem,22610610,16557,0,0,0,0,0,21522912,3214,0,21735828,3302,0
1784,34779756706682,34779760875557,19998712,sB-eth3,up,34779760720476,netem,26439484,19286,0,0,0,0,0,25417882,3811,0,25417102,3795,0
1785,34779776701052,34779778553162,19994370,sA-eth3,up,34779778390151,netem,22610610,16557,0,0,0,0,0,21522912,3214,0,21735828,3302,0
1785,34779776701052,34779780415743,19994370,sB-eth3,up,34779780250111,netem,26439484,19286,0,0,0,0,0,25417882,3811,0,25417102,3795,0
1786,34779796701723,34779798546504,20000671,sA-eth3,up,34779798379422,netem,22610610,16557,0,0,0,0,0,21522912,3214,0,21735828,3302,0
1786,34779796701723,34779800339463,20000671,sB-eth3,up,34779800170301,netem,26439484,19286,0,0,0,0,0,25417882,3811,0,25417102,3795,0
1787,34779816703794,34779818554034,20002071,sA-eth3,up,34779818389522,netem,22610610,16557,0,0,0,0,0,21522912,3214,0,21735828,3302,0
1787,34779816703794,34779820372074,20002071,sB-eth3,up,34779820203793,netem,26439484,19286,0,0,0,0,0,25417882,3811,0,25417102,3795,0
1788,34779836704464,34779838591086,20000670,sA-eth3,up,34779838421054,netem,22610610,16557,0,0,0,0,0,21522912,3214,0,21735828,3302,0
1788,34779836704464,34779840490426,20000670,sB-eth3,up,34779840336704,netem,26439484,19286,0,0,0,0,0,25417882,3811,0,25417102,3795,0
1789,34779856702285,34779858446304,19997821,sA-eth3,up,34779858286923,netem,22610610,16557,0,0,0,0,0,21522912,3214,0,21735828,3302,0
1789,34779856702285,34779860269914,19997821,sB-eth3,up,34779860113673,netem,26439484,19286,0,0,0,0,0,25417882,3811,0,25417102,3795,0
1790,34779876703687,34779878652677,20001402,sA-eth3,up,34779878460066,netem,22610610,16557,0,0,0,0,0,21522912,3214,0,21735828,3302,0
1790,34779876703687,34779880353167,20001402,sB-eth3,up,34779880177694,netem,26439484,19286,0,0,0,0,0,25417882,3811,0,25417102,3795,0
1791,34779896707707,34779898621629,20004020,sA-eth3,up,34779898445197,netem,22610610,16557,0,0,0,0,0,21522912,3214,0,21735828,3302,0
1791,34779896707707,34779900308747,20004020,sB-eth3,up,34779900135136,netem,26439484,19286,0,0,0,0,0,25417882,3811,0,25417102,3795,0
1792,34779916707728,34779918612969,20000021,sA-eth3,up,34779918433307,netem,22610610,16557,0,0,0,0,0,21522912,3214,0,21735828,3302,0
1792,34779916707728,34779920250567,20000021,sB-eth3,up,34779920090456,netem,26439484,19286,0,0,0,0,0,25417882,3811,0,25417102,3795,0
1793,34779936714529,34779938478159,20006801,sA-eth3,up,34779938313077,netem,22610610,16557,0,0,0,0,0,21522912,3214,0,21735828,3302,0
1793,34779936714529,34779940224338,20006801,sB-eth3,up,34779940051856,netem,26439484,19286,0,0,0,0,0,25417882,3811,0,25417102,3795,0
1794,34779956702150,34779958463749,19987621,sA-eth3,up,34779958288687,netem,22610610,16557,0,0,0,0,0,21522912,3214,0,21735828,3302,0
1794,34779956702150,34779960189698,19987621,sB-eth3,up,34779959995176,netem,26439484,19286,0,0,0,0,0,25417882,3811,0,25417102,3795,0
1795,34779976704960,34779978479941,20002810,sA-eth3,up,34779978310899,netem,22610610,16557,0,0,0,0,0,21522912,3214,0,21735828,3302,0
1795,34779976704960,34779980158869,20002810,sB-eth3,up,34779979989567,netem,26439484,19286,0,0,0,0,0,25417882,3811,0,25417102,3795,0
1796,34779996706042,34779998485392,20001082,sA-eth3,up,34779998317569,netem,22610610,16557,0,0,0,0,0,21522912,3214,0,21735828,3302,0
1796,34779996706042,34780000139189,20001082,sB-eth3,up,34779999967838,netem,26439484,19286,0,0,0,0,0,25417882,3811,0,25417102,3795,0
1797,34780016704412,34780018470712,19998370,sA-eth3,up,34780018309181,netem,22610610,16557,0,0,0,0,0,21522912,3214,0,21735828,3302,0
1797,34780016704412,34780020099671,19998370,sB-eth3,up,34780019931019,netem,26439484,19286,0,0,0,0,0,25417882,3811,0,25417102,3795,0
1798,34780036700093,34780038584684,19995681,sA-eth3,up,34780038398852,netem,22610610,16557,0,0,0,0,0,21522912,3214,0,21735828,3302,0
1798,34780036700093,34780040228702,19995681,sB-eth3,up,34780040069411,netem,26439484,19286,0,0,0,0,0,25417882,3811,0,25417102,3795,0
1799,34780056705804,34780058564554,20005711,sA-eth3,up,34780058385964,netem,22610610,16557,0,0,0,0,0,21522912,3214,0,21735828,3302,0
1799,34780056705804,34780060182383,20005711,sB-eth3,up,34780060021531,netem,26439484,19286,0,0,0,0,0,25417882,3811,0,25417102,3795,0
1800,34780076708785,34780078624317,20002981,sA-eth3,up,34780078445865,netem,22610610,16557,0,0,0,0,0,21522912,3214,0,21735828,3302,0
1800,34780076708785,34780080317326,20002981,sB-eth3,up,34780080142713,netem,26439484,19286,0,0,0,0,0,25417882,3811,0,25417102,3795,0
1801,34780096704456,34780098592707,19995671,sA-eth3,up,34780098415205,netem,22610610,16557,0,0,0,0,0,21522912,3214,0,21735828,3302,0
1801,34780096704456,34780100240716,19995671,sB-eth3,up,34780100078554,netem,26439484,19286,0,0,0,0,0,25417882,3811,0,25417102,3795,0
1802,34780116699257,34780118551907,19994801,sA-eth3,up,34780118373046,netem,22610610,16557,0,0,0,0,0,21522912,3214,0,21735828,3302,0
1802,34780116699257,34780120194066,19994801,sB-eth3,up,34780120034244,netem,26439484,19286,0,0,0,0,0,25417882,3811,0,25417102,3795,0
1803,34780136699388,34780138558419,20000131,sA-eth3,up,34780138379876,netem,22610610,16557,0,0,0,0,0,21522912,3214,0,21735828,3302,0
1803,34780136699388,34780140191476,20000131,sB-eth3,up,34780140031234,netem,26439484,19286,0,0,0,0,0,25417882,3811,0,25417102,3795,0
1804,34780156704449,34780158557950,20005061,sA-eth3,up,34780158382007,netem,22610610,16557,0,0,0,0,0,21522912,3214,0,21735828,3302,0
1804,34780156704449,34780160204187,20005061,sB-eth3,up,34780160045186,netem,26439484,19286,0,0,0,0,0,25417882,3811,0,25417102,3795,0
1805,34780176703050,34780178589850,19998601,sA-eth3,up,34780178411319,netem,22610610,16557,0,0,0,0,0,21522912,3214,0,21735828,3302,0
1805,34780176703050,34780180237849,19998601,sB-eth3,up,34780180077107,netem,26439484,19286,0,0,0,0,0,25417882,3811,0,25417102,3795,0
1806,34780196703320,34780198523520,20000270,sA-eth3,up,34780198353339,netem,22610610,16557,0,0,0,0,0,21522912,3214,0,21735828,3302,0
1806,34780196703320,34780200189239,20000270,sB-eth3,up,34780200030578,netem,26439484,19286,0,0,0,0,0,25417882,3811,0,25417102,3795,0
1807,34780216699802,34780218479741,19996482,sA-eth3,up,34780218310279,netem,22610610,16557,0,0,0,0,0,21522912,3214,0,21735828,3302,0
1807,34780216699802,34780220135159,19996482,sB-eth3,up,34780219962828,netem,26439484,19286,0,0,0,0,0,25417882,3811,0,25417102,3795,0
1808,34780236705792,34780238488242,20005990,sA-eth3,up,34780238325150,netem,22610610,16557,0,0,0,0,0,21522912,3214,0,21735828,3302,0
1808,34780236705792,34780240139760,20005990,sB-eth3,up,34780239970068,netem,26439484,19286,0,0,0,0,0,25417882,3811,0,25417102,3795,0
1809,34780256705003,34780258524303,19999211,sA-eth3,up,34780258357041,netem,22610610,16557,0,0,0,0,0,21522912,3214,0,21735828,3302,0
1809,34780256705003,34780260167181,19999211,sB-eth3,up,34780259993539,netem,26439484,19286,0,0,0,0,0,25417882,3811,0,25417102,3795,0
1810,34780276703855,34780278486974,19998852,sA-eth3,up,34780278324492,netem,22610610,16557,0,0,0,0,0,21522912,3214,0,21735828,3302,0
1810,34780276703855,34780280114961,19998852,sB-eth3,up,34780279943080,netem,26439484,19286,0,0,0,0,0,25417882,3811,0,25417102,3795,0
1811,34780296704325,34780298457855,20000470,sA-eth3,up,34780298292523,netem,22610610,16557,0,0,0,0,0,21522912,3214,0,21735828,3302,0
1811,34780296704325,34780300094483,20000470,sB-eth3,up,34780299922380,netem,26439484,19286,0,0,0,0,0,25417882,3811,0,25417102,3795,0
1812,34780316701946,34780318635577,19997621,sA-eth3,up,34780318450095,netem,22610610,16557,0,0,0,0,0,21522912,3214,0,21735828,3302,0
1812,34780316701946,34780320313206,19997621,sB-eth3,up,34780320137884,netem,26439484,19286,0,0,0,0,0,25417882,3811,0,25417102,3795,0
1813,34780336708087,34780338606077,20006141,sA-eth3,up,34780338424425,netem,22610610,16557,0,0,0,0,0,21522912,3214,0,21735828,3302,0
1813,34780336708087,34780340269146,20006141,sB-eth3,up,34780340105484,netem,26439484,19286,0,0,0,0,0,25417882,3811,0,25417102,3795,0
1814,34780356703938,34780358555707,19995851,sA-eth3,up,34780358379686,netem,22610610,16557,0,0,0,0,0,21522912,3214,0,21735828,3302,0
1814,34780356703938,34780360199706,19995851,sB-eth3,up,34780360039444,netem,26439484,19286,0,0,0,0,0,25417882,3811,0,25417102,3795,0
1815,34780376706618,34780378563379,20002680,sA-eth3,up,34780378385557,netem,22610610,16557,0,0,0,0,0,21522912,3214,0,21735828,3302,0
1815,34780376706618,34780380223687,20002680,sB-eth3,up,34780380062516,netem,26439484,19286,0,0,0,0,0,25417882,3811,0,25417102,3795,0
1816,34780396701600,34780398556149,19994982,sA-eth3,up,34780398379448,netem,22610610,16557,0,0,0,0,0,21522912,3214,0,21735828,3302,0
1816,34780396701600,34780400220678,19994982,sB-eth3,up,34780400060036,netem,26439484,19286,0,0,0,0,0,25417882,3811,0,25417102,3795,0
1817,34780416708250,34780418587031,20006650,sA-eth3,up,34780418407359,netem,22610610,16557,0,0,0,0,0,21522912,3214,0,21735828,3302,0
1817,34780416708250,34780420226099,20006650,sB-eth3,up,34780420065037,netem,26439484,19286,0,0,0,0,0,25417882,3811,0,25417102,3795,0
1818,34780436703921,34780438574052,19995671,sA-eth3,up,34780438396549,netem,22610610,16557,0,0,0,0,0,21522912,3214,0,21735828,3302,0
1818,34780436703921,34780440237880,19995671,sB-eth3,up,34780440078429,netem,26439484,19286,0,0,0,0,0,25417882,3811,0,25417102,3795,0
1819,34780456702242,34780458545872,19998321,sA-eth3,up,34780458365950,netem,22610610,16557,0,0,0,0,0,21522912,3214,0,21735828,3302,0
1819,34780456702242,34780460187880,19998321,sB-eth3,up,34780460025359,netem,26439484,19286,0,0,0,0,0,25417882,3811,0,25417102,3795,0
1820,34780476701073,34780478552493,19998831,sA-eth3,up,34780478375882,netem,22610610,16557,0,0,0,0,0,21522912,3214,0,21735828,3302,0
1820,34780476701073,34780480186571,19998831,sB-eth3,up,34780480023969,netem,26439484,19286,0,0,0,0,0,25417882,3811,0,25417102,3795,0
1821,34780496710893,34780498583934,20009820,sA-eth3,up,34780498405192,netem,22610610,16557,0,0,0,0,0,21522912,3214,0,21735828,3302,0
1821,34780496710893,34780500322564,20009820,sB-eth3,up,34780500119332,netem,26439484,19286,0,0,0,0,0,25417882,3811,0,25417102,3795,0
1822,34780516705005,34780518584105,19994112,sA-eth3,up,34780518407393,netem,22610610,16557,0,0,0,0,0,21522912,3214,0,21735828,3302,0
1822,34780516705005,34780520225064,19994112,sB-eth3,up,34780520063131,netem,26439484,19286,0,0,0,0,0,25417882,3811,0,25417102,3795,0
1823,34780536700015,34780538523405,19995010,sA-eth3,up,34780538346073,netem,22610610,16557,0,0,0,0,0,21522912,3214,0,21735828,3302,0
1823,34780536700015,34780540232254,19995010,sB-eth3,up,34780540071562,netem,26439484,19286,0,0,0,0,0,25417882,3811,0,25417102,3795,0
1824,34780556701676,34780558521697,20001661,sA-eth3,up,34780558345354,netem,22610610,16557,0,0,0,0,0,21522912,3214,0,21735828,3302,0
1824,34780556701676,34780560197765,20001661,sB-eth3,up,34780560037043,netem,26439484,19286,0,0,0,0,0,25417882,3811,0,25417102,3795,0
1825,34780576713317,34780578630958,20011641,sA-eth3,up,34780578456237,netem,22610610,16557,0,0,0,0,0,21522912,3214,0,21735828,3302,0
1825,34780576713317,34780580289037,20011641,sB-eth3,up,34780580119285,netem,26439484,19286,0,0,0,0,0,25417882,3811,0,25417102,3795,0
1826,34780596707258,34780598602999,19993941,sA-eth3,up,34780598425987,netem,22610610,16557,0,0,0,0,0,21522912,3214,0,21735828,3302,0
1826,34780596707258,34780600306668,19993941,sB-eth3,up,34780600133826,netem,26439484,19286,0,0,0,0,0,25417882,3811,0,25417102,3795,0
1827,34780616702899,34780618532400,19995641,sA-eth3,up,34780618354397,netem,22610610,16557,0,0,0,0,0,21522912,3214,0,21735828,3302,0
1827,34780616702899,34780620168817,19995641,sB-eth3,up,34780619984295,netem,26439484,19286,0,0,0,0,0,25417882,3811,0,25417102,3795,0
1828,34780636708980,34780638567580,20006081,sA-eth3,up,34780638386898,netem,22610610,16557,0,0,0,0,0,21522912,3214,0,21735828,3302,0
1828,34780636708980,34780640187409,20006081,sB-eth3,up,34780640029376,netem,26439484,19286,0,0,0,0,0,25417882,3811,0,25417102,3795,0
1829,34780656704511,34780658567112,19995531,sA-eth3,up,34780658377479,netem,22610610,16557,0,0,0,0,0,21522912,3214,0,21735828,3302,0
1829,34780656704511,34780660946148,19995531,sB-eth3,up,34780660784826,netem,26439484,19286,0,0,0,0,0,25417882,3811,0,25417102,3795,0
1830,34780676704711,34780678638013,20000200,sA-eth3,up,34780678460411,netem,22610610,16557,0,0,0,0,0,21522912,3214,0,21735828,3302,0
1830,34780676704711,34780680763597,20000200,sB-eth3,up,34780680596335,netem,26439484,19286,0,0,0,0,0,25417882,3811,0,25417102,3795,0
1831,34780696703673,34780698597193,19998962,sA-eth3,up,34780698419412,netem,22610610,16557,0,0,0,0,0,21522912,3214,0,21735828,3302,0
1831,34780696703673,34780700643365,19998962,sB-eth3,up,34780700481084,netem,26439484,19286,0,0,0,0,0,25417882,3811,0,25417102,3795,0
1832,34780716705443,34780718551354,20001770,sA-eth3,up,34780718376412,netem,22610610,16557,0,0,0,0,0,21522912,3214,0,21735828,3302,0
1832,34780716705443,34780720552365,20001770,sB-eth3,up,34780720395704,netem,26439484,19286,0,0,0,0,0,25417882,3811,0,25417102,3795,0
1833,34780736702095,34780738602125,19996652,sA-eth3,up,34780738423583,netem,22610610,16557,0,0,0,0,0,21522912,3214,0,21735828,3302,0
1833,34780736702095,34780740313904,19996652,sB-eth3,up,34780740140762,netem,26439484,19286,0,0,0,0,0,25417882,3811,0,25417102,3795,0
1834,34780756714065,34780758620176,20011970,sA-eth3,up,34780758439015,netem,22610610,16557,0,0,0,0,0,21522912,3214,0,21735828,3302,0
1834,34780756714065,34780760306115,20011970,sB-eth3,up,34780760129222,netem,26439484,19286,0,0,0,0,0,25417882,3811,0,25417102,3795,0
1835,34780776712506,34780778561787,19998441,sA-eth3,up,34780778379495,netem,22610610,16557,0,0,0,0,0,21522912,3214,0,21735828,3302,0
1835,34780776712506,34780780384567,19998441,sB-eth3,up,34780780168424,netem,26439484,19286,0,0,0,0,0,25417882,3811,0,25417102,3795,0
1836,34780796710617,34780798553178,19998111,sA-eth3,up,34780798376085,netem,22610610,16557,0,0,0,0,0,21522912,3214,0,21735828,3302,0
1836,34780796710617,34780800879233,19998111,sB-eth3,up,34780800720042,netem,26439484,19286,0,0,0,0,0,25417882,3811,0,25417102,3795,0
1837,34780816707118,34780818608489,19996501,sA-eth3,up,34780818439667,netem,22610610,16557,0,0,0,0,0,21522912,3214,0,21735828,3302,0
1837,34780816707118,34780820733282,19996501,sB-eth3,up,34780820575620,netem,26439484,19286,0,0,0,0,0,25417882,3811,0,25417102,3795,0
1838,34780836722618,34780838600920,20015500,sA-eth3,up,34780838432358,netem,22610610,16557,0,0,0,0,0,21522912,3214,0,21735828,3302,0
1838,34780836722618,34780840387410,20015500,sB-eth3,up,34780840200017,netem,26439484,19286,0,0,0,0,0,25417882,3811,0,25417102,3795,0
1839,34780856700900,34780858545810,19978282,sA-eth3,up,34780858379398,netem,22610610,16557,0,0,0,0,0,21522912,3214,0,21735828,3302,0
1839,34780856700900,34780860711134,19978282,sB-eth3,up,34780860553142,netem,26439484,19286,0,0,0,0,0,25417882,3811,0,25417102,3795,0
1840,34780876701641,34780878522920,20000741,sA-eth3,up,34780878355849,netem,22610610,16557,0,0,0,0,0,21522912,3214,0,21735828,3302,0
1840,34780876701641,34780880481112,20000741,sB-eth3,up,34780880325500,netem,26439484,19286,0,0,0,0,0,25417882,3811,0,25417102,3795,0
1841,34780896716041,34780898575032,20014400,sA-eth3,up,34780898401770,netem,22610610,16557,0,0,0,0,0,21522912,3214,0,21735828,3302,0
1841,34780896716041,34780900561434,20014400,sB-eth3,up,34780900404852,netem,26439484,19286,0,0,0,0,0,25417882,3811,0,25417102,3795,0
1842,34780916720443,34780918591483,20004402,sA-eth3,up,34780918423662,netem,22610610,16557,0,0,0,0,0,21522912,3214,0,21735828,3302,0
1842,34780916720443,34780920391583,20004402,sB-eth3,up,34780920206842,netem,26439484,19286,0,0,0,0,0,25417882,3811,0,25417102,3795,0
1843,34780936709803,34780939024158,19989360,sA-eth3,up,34780938831266,netem,22610610,16557,0,0,0,0,0,21522912,3214,0,21735828,3302,0
1843,34780936709803,34780940811808,19989360,sB-eth3,up,34780940656117,netem,26439484,19286,0,0,0,0,0,25417882,3811,0,25417102,3795,0
1844,34780956705313,34780958657415,19995510,sA-eth3,up,34780958487593,netem,22610610,16557,0,0,0,0,0,21522912,3214,0,21735828,3302,0
1844,34780956705313,34780960477865,19995510,sB-eth3,up,34780960320724,netem,26439484,19286,0,0,0,0,0,25417882,3811,0,25417102,3795,0
1845,34780976702425,34780978665486,19997112,sA-eth3,up,34780978419673,netem,22610610,16557,0,0,0,0,0,21522912,3214,0,21735828,3302,0
1845,34780976702425,34780980975092,19997112,sB-eth3,up,34780980810170,netem,26439484,19286,0,0,0,0,0,25417882,3811,0,25417102,3795,0
1846,34780996745666,34780998686777,20043241,sA-eth3,up,34780998511005,netem,22610610,16557,0,0,0,0,0,21522912,3214,0,21735828,3302,0
1846,34780996745666,34781000847981,20043241,sB-eth3,up,34781000683790,netem,26439484,19286,0,0,0,0,0,25417882,3811,0,25417102,3795,0
1847,34781016709406,34781018607117,19963740,sA-eth3,up,34781018410275,netem,22610610,16557,0,0,0,0,0,21522912,3214,0,21735828,3302,0
1847,34781016709406,34781020349377,19963740,sB-eth3,up,34781020155905,netem,26439484,19286,0,0,0,0,0,25417882,3811,0,25417102,3795,0
1848,34781036738008,34781038738580,20028602,sA-eth3,up,34781038561188,netem,22610610,16557,0,0,0,0,0,21522912,3214,0,21735828,3302,0
1848,34781036738008,34781040423358,20028602,sB-eth3,up,34781040245277,netem,26439484,19286,0,0,0,0,0,25417882,3811,0,25417102,3795,0
1849,34781056719669,34781058600910,19981661,sA-eth3,up,34781058404067,netem,22610610,16557,0,0,0,0,0,21522912,3214,0,21735828,3302,0
1849,34781056719669,34781060322408,19981661,sB-eth3,up,34781060141336,netem,26439484,19286,0,0,0,0,0,25417882,3811,0,25417102,3795,0
1850,34781076708749,34781078534510,19989080,sA-eth3,up,34781078349518,netem,22610610,16557,0,0,0,0,0,21522912,3214,0,21735828,3302,0
1850,34781076708749,34781080215668,19989080,sB-eth3,up,34781080045076,netem,26439484,19286,0,0,0,0,0,25417882,3811,0,25417102,3795,0
1851,34781096713360,34781098577400,20004611,sA-eth3,up,34781098394879,netem,22610610,16557,0,0,0,0,0,21522912,3214,0,21735828,3302,0
1851,34781096713360,34781100309200,20004611,sB-eth3,up,34781100122758,netem,26439484,19286,0,0,0,0,0,25417882,3811,0,25417102,3795,0
1852,34781116703411,34781118647373,19990051,sA-eth3,up,34781118439540,netem,22610610,16557,0,0,0,0,0,21522912,3214,0,21735828,3302,0
1852,34781116703411,34781120462293,19990051,sB-eth3,up,34781120272550,netem,26439484,19286,0,0,0,0,0,25417882,3811,0,25417102,3795,0
1853,34781136717332,34781138897096,20013921,sA-eth3,up,34781138714163,netem,22610610,16557,0,0,0,0,0,21522912,3214,0,21735828,3302,0
1853,34781136717332,34781140583055,20013921,sB-eth3,up,34781140421953,netem,26439484,19286,0,0,0,0,0,25417882,3811,0,25417102,3795,0
1854,34781156707733,34781158570683,19990401,sA-eth3,up,34781158388172,netem,22610610,16557,0,0,0,0,0,21522912,3214,0,21735828,3302,0
1854,34781156707733,34781160331562,19990401,sB-eth3,up,34781160155332,netem,26439484,19286,0,0,0,0,0,25417882,3811,0,25417102,3795,0
1855,34781176719924,34781178558964,20012191,sA-eth3,up,34781178379642,netem,22610610,16557,0,0,0,0,0,21522912,3214,0,21735828,3302,0
1855,34781176719924,34781180296033,20012191,sB-eth3,up,34781180121741,netem,26439484,19286,0,0,0,0,0,25417882,3811,0,25417102,3795,0
1856,34781196705334,34781198472405,19985410,sA-eth3,up,34781198308873,netem,22610610,16557,0,0,0,0,0,21522912,3214,0,21735828,3302,0
1856,34781196705334,34781200150802,19985410,sB-eth3,up,34781199980751,netem,26439484,19286,0,0,0,0,0,25417882,3811,0,25417102,3795,0
1857,34781216701095,34781218469935,19995761,sA-eth3,up,34781218300683,netem,22610610,16557,0,0,0,0,0,21522912,3214,0,21735828,3302,0
1857,34781216701095,34781220113763,19995761,sB-eth3,up,34781219943602,netem,26439484,19286,0,0,0,0,0,25417882,3811,0,25417102,3795,0
1858,34781236704556,34781238811810,20003461,sA-eth3,up,34781238651308,netem,22610610,16557,0,0,0,0,0,21522912,3214,0,21735828,3302,0
1858,34781236704556,34781240446407,20003461,sB-eth3,up,34781240295627,netem,26439484,19286,0,0,0,0,0,25417882,3811,0,25417102,3795,0
1859,34781256718278,34781258655038,20013722,sA-eth3,up,34781258470867,netem,22610610,16557,0,0,0,0,0,21522912,3214,0,21735828,3302,0
1859,34781256718278,34781260377678,20013722,sB-eth3,up,34781260206295,netem,26439484,19286,0,0,0,0,0,25417882,3811,0,25417102,3795,0
1860,34781276705468,34781278602268,19987190,sA-eth3,up,34781278418207,netem,22610610,16557,0,0,0,0,0,21522912,3214,0,21735828,3302,0
1860,34781276705468,34781280307078,19987190,sB-eth3,up,34781280129066,netem,26439484,19286,0,0,0,0,0,25417882,3811,0,25417102,3795,0
1861,34781296701119,34781298542230,19995651,sA-eth3,up,34781298360927,netem,22610610,16557,0,0,0,0,0,21522912,3214,0,21735828,3302,0
1861,34781296701119,34781300212878,19995651,sB-eth3,up,34781300044855,netem,26439484,19286,0,0,0,0,0,25417882,3811,0,25417102,3795,0
1862,34781316707260,34781318559260,20006141,sA-eth3,up,34781318376328,netem,22610610,16557,0,0,0,0,0,21522912,3214,0,21735828,3302,0
1862,34781316707260,34781320209209,20006141,sB-eth3,up,34781320042387,netem,26439484,19286,0,0,0,0,0,25417882,3811,0,25417102,3795,0
1863,34781336704891,34781338576051,19997631,sA-eth3,up,34781338396780,netem,22610610,16557,0,0,0,0,0,21522912,3214,0,21735828,3302,0
1863,34781336704891,34781340217709,19997631,sB-eth3,up,34781340054968,netem,26439484,19286,0,0,0,0,0,25417882,3811,0,25417102,3795,0
1864,34781356701622,34781358477101,19996731,sA-eth3,up,34781358308349,netem,22610610,16557,0,0,0,0,0,21522912,3214,0,21735828,3302,0
1864,34781356701622,34781360220180,19996731,sB-eth3,up,34781360048399,netem,26439484,19286,0,0,0,0,0,25417882,3811,0,25417102,3795,0
1865,34781376703953,34781378515593,20002331,sA-eth3,up,34781378345330,netem,22610610,16557,0,0,0,0,0,21522912,3214,0,21735828,3302,0
1865,34781376703953,34781380255552,20002331,sB-eth3,up,34781380082710,netem,26439484,19286,0,0,0,0,0,25417882,3811,0,25417102,3795,0
1866,34781396706083,34781398486463,20002130,sA-eth3,up,34781398315831,netem,22610610,16557,0,0,0,0,0,21522912,3214,0,21735828,3302,0
1866,34781396706083,34781400146682,20002130,sB-eth3,up,34781399969100,netem,26439484,19286,0,0,0,0,0,25417882,3811,0,25417102,3795,0
1867,34781416716774,34781418535015,20010691,sA-eth3,up,34781418366913,netem,22610610,16557,0,0,0,0,0,21522912,3214,0,21735828,3302,0
1867,34781416716774,34781420160432,20010691,sB-eth3,up,34781419987790,netem,26439484,19286,0,0,0,0,0,25417882,3811,0,25417102,3795,0
1868,34781436706965,34781438516775,19990191,sA-eth3,up,34781438350863,netem,22610610,16557,0,0,0,0,0,21522912,3214,0,21735828,3302,0
1868,34781436706965,34781440300095,19990191,sB-eth3,up,34781440107543,netem,26439484,19286,0,0,0,0,0,25417882,3811,0,25417102,3795,0
1869,34781456702486,34781458463266,19995521,sA-eth3,up,34781458295223,netem,22610610,16557,0,0,0,0,0,21522912,3214,0,21735828,3302,0
1869,34781456702486,34781460121224,19995521,sB-eth3,up,34781459926782,netem,26439484,19286,0,0,0,0,0,25417882,3811,0,25417102,3795,0
1870,34781476708767,34781478481567,20006281,sA-eth3,up,34781478314525,netem,22610610,16557,0,0,0,0,0,21522912,3214,0,21735828,3302,0
1870,34781476708767,34781480108294,20006281,sB-eth3,up,34781479939012,netem,26439484,19286,0,0,0,0,0,25417882,3811,0,25417102,3795,0
1871,34781496713468,34781498544938,20004701,sA-eth3,up,34781498377626,netem,22610610,16557,0,0,0,0,0,21522912,3214,0,21735828,3302,0
1871,34781496713468,34781500327848,20004701,sB-eth3,up,34781500140966,netem,26439484,19286,0,0,0,0,0,25417882,3811,0,25417102,3795,0
1872,34781516708009,34781518524099,19994541,sA-eth3,up,34781518352327,netem,22610610,16557,0,0,0,0,0,21522912,3214,0,21735828,3302,0
1872,34781516708009,34781520185707,19994541,sB-eth3,up,34781520021305,netem,26439484,19286,0,0,0,0,0,25417882,3811,0,25417102,3795,0
1873,34781536712110,34781538654871,20004101,sA-eth3,up,34781538477578,netem,22610610,16557,0,0,0,0,0,21522912,3214,0,21735828,3302,0
1873,34781536712110,34781540309700,20004101,sB-eth3,up,34781540135427,netem,26439484,19286,0,0,0,0,0,25417882,3811,0,25417102,3795,0
1874,34781556709031,34781558558431,19996921,sA-eth3,up,34781558377439,netem,22610610,16557,0,0,0,0,0,21522912,3214,0,21735828,3302,0
1874,34781556709031,34781560188979,19996921,sB-eth3,up,34781560027117,netem,26439484,19286,0,0,0,0,0,25417882,3811,0,25417102,3795,0
1875,34781576702291,34781578548432,19993260,sA-eth3,up,34781578375800,netem,22610610,16557,0,0,0,0,0,21522912,3214,0,21735828,3302,0
1875,34781576702291,34781580225790,19993260,sB-eth3,up,34781580063869,netem,26439484,19286,0,0,0,0,0,25417882,3811,0,25417102,3795,0
1876,34781596710683,34781598529333,20008392,sA-eth3,up,34781598359830,netem,22610610,16557,0,0,0,0,0,21522912,3214,0,21735828,3302,0
1876,34781596710683,34781600167460,20008392,sB-eth3,up,34781599990149,netem,26439484,19286,0,0,0,0,0,25417882,3811,0,25417102,3795,0
1877,34781616709463,34781618477643,19998780,sA-eth3,up,34781618309481,netem,22610610,16557,0,0,0,0,0,21522912,3214,0,21735828,3302,0
1877,34781616709463,34781620233252,19998780,sB-eth3,up,34781620057010,netem,26439484,19286,0,0,0,0,0,25417882,3811,0,25417102,3795,0
1878,34781636701714,34781638506273,19992251,sA-eth3,up,34781638336462,netem,22610610,16557,0,0,0,0,0,21522912,3214,0,21735828,3302,0
1878,34781636701714,34781640178412,19992251,sB-eth3,up,34781639976510,netem,26439484,19286,0,0,0,0,0,25417882,3811,0,25417102,3795,0
1879,34781656704505,34781658471325,20002791,sA-eth3,up,34781658307373,netem,22610610,16557,0,0,0,0,0,21522912,3214,0,21735828,3302,0
1879,34781656704505,34781660230714,20002791,sB-eth3,up,34781660057952,netem,26439484,19286,0,0,0,0,0,25417882,3811,0,25417102,3795,0
1880,34781676711036,34781678511146,20006531,sA-eth3,up,34781678342734,netem,22610610,16557,0,0,0,0,0,21522912,3214,0,21735828,3302,0
1880,34781676711036,34781680172764,20006531,sB-eth3,up,34781679986482,netem,26439484,19286,0,0,0,0,0,25417882,3811,0,25417102,3795,0
1881,34781696704196,34781698577038,19993160,sA-eth3,up,34781698397836,netem,22610610,16557,0,0,0,0,0,21522912,3214,0,21735828,3302,0
1881,34781696704196,34781700215735,19993160,sB-eth3,up,34781700053714,netem,26439484,19286,0,0,0,0,0,25417882,3811,0,25417102,3795,0
1882,34781716700598,34781718534318,19996402,sA-eth3,up,34781718354626,netem,22610610,16557,0,0,0,0,0,21522912,3214,0,21735828,3302,0
1882,34781716700598,34781720179846,19996402,sB-eth3,up,34781719997874,netem,26439484,19286,0,0,0,0,0,25417882,3811,0,25417102,3795,0
1883,34781736709168,34781738558929,20008570,sA-eth3,up,34781738384007,netem,22610610,16557,0,0,0,0,0,21522912,3214,0,21735828,3302,0
1883,34781736709168,34781740199007,20008570,sB-eth3,up,34781740035005,netem,26439484,19286,0,0,0,0,0,25417882,3811,0,25417102,3795,0
1884,34781756708029,34781758618311,19998861,sA-eth3,up,34781758440588,netem,22610610,16557,0,0,0,0,0,21522912,3214,0,21735828,3302,0
1884,34781756708029,34781760265799,19998861,sB-eth3,up,34781760100427,netem,26439484,19286,0,0,0,0,0,25417882,3811,0,25417102,3795,0
1885,34781776704890,34781778581031,19996861,sA-eth3,up,34781778404320,netem,22610610,16557,0,0,0,0,0,21522912,3214,0,21735828,3302,0
1885,34781776704890,34781780297710,19996861,sB-eth3,up,34781780124798,netem,26439484,19286,0,0,0,0,0,25417882,3811,0,25417102,3795,0
1886,34781796704411,34781798465200,19999521,sA-eth3,up,34781798298228,netem,22610610,16557,0,0,0,0,0,21522912,3214,0,21735828,3302,0
1886,34781796704411,34781800204740,19999521,sB-eth3,up,34781800033608,netem,26439484,19286,0,0,0,0,0,25417882,3811,0,25417102,3795,0
1887,34781816702472,34781818487682,19998061,sA-eth3,up,34781818317450,netem,22610610,16557,0,0,0,0,0,21522912,3214,0,21735828,3302,0
1887,34781816702472,34781820151250,19998061,sB-eth3,up,34781819981238,netem,26439484,19286,0,0,0,0,0,25417882,3811,0,25417102,3795,0
1888,34781836714663,34781838486053,20012191,sA-eth3,up,34781838320861,netem,22610610,16557,0,0,0,0,0,21522912,3214,0,21735828,3302,0
1888,34781836714663,34781840139501,20012191,sB-eth3,up,34781839963049,netem,26439484,19286,0,0,0,0,0,25417882,3811,0,25417102,3795,0
1889,34781856714384,34781858544674,19999721,sA-eth3,up,34781858379843,netem,22610610,16557,0,0,0,0,0,21522912,3214,0,21735828,3302,0
1889,34781856714384,34781860160722,19999721,sB-eth3,up,34781859992860,netem,26439484,19286,0,0,0,0,0,25417882,3811,0,25417102,3795,0
1890,34781876704475,34781878467645,19990091,sA-eth3,up,34781878298143,netem,22610610,16557,0,0,0,0,0,21522912,3214,0,21735828,3302,0
1890,34781876704475,34781880121302,19990091,sB-eth3,up,34781879948120,netem,26439484,19286,0,0,0,0,0,25417882,3811,0,25417102,3795,0
1891,34781896701006,34781898498025,19996531,sA-eth3,up,34781898327483,netem,22610610,16557,0,0,0,0,0,21522912,3214,0,21735828,3302,0
1891,34781896701006,34781900264275,19996531,sB-eth3,up,34781900085433,netem,26439484,19286,0,0,0,0,0,25417882,3811,0,25417102,3795,0
1892,34781916713956,34781918598048,20012950,sA-eth3,up,34781918417075,netem,22610610,16557,0,0,0,0,0,21522912,3214,0,21735828,3302,0
1892,34781916713956,34781920289226,20012950,sB-eth3,up,34781920112685,netem,26439484,19286,0,0,0,0,0,25417882,3811,0,25417102,3795,0
1893,34781936702708,34781938682139,19988752,sA-eth3,up,34781938502947,netem,22610610,16557,0,0,0,0,0,21522912,3214,0,21735828,3302,0
1893,34781936702708,34781940336228,19988752,sB-eth3,up,34781940164815,netem,26439484,19286,0,0,0,0,0,25417882,3811,0,25417102,3795,0
1894,34781956699478,34781958539038,19996770,sA-eth3,up,34781958361467,netem,22610610,16557,0,0,0,0,0,21522912,3214,0,21735828,3302,0
1894,34781956699478,34781960215927,19996770,sB-eth3,up,34781960053145,netem,26439484,19286,0,0,0,0,0,25417882,3811,0,25417102,3795,0
1895,34781976699359,34781978548030,19999881,sA-eth3,up,34781978368428,netem,22610610,16557,0,0,0,0,0,21522912,3214,0,21735828,3302,0
1895,34781976699359,34781980298969,19999881,sB-eth3,up,34781980118287,netem,26439484,19286,0,0,0,0,0,25417882,3811,0,25417102,3795,0
1896,34781996701870,34781998556031,20002511,sA-eth3,up,34781998382738,netem,22610610,16557,0,0,0,0,0,21522912,3214,0,21735828,3302,0
1896,34781996701870,34782000212319,20002511,sB-eth3,up,34782000041637,netem,26439484,19286,0,0,0,0,0,25417882,3811,0,25417102,3795,0
1897,34782016706521,34782018573151,20004651,sA-eth3,up,34782018395310,netem,22610610,16557,0,0,0,0,0,21522912,3214,0,21735828,3302,0
1897,34782016706521,34782020261110,20004651,sB-eth3,up,34782020099668,netem,26439484,19286,0,0,0,0,0,25417882,3811,0,25417102,3795,0
1898,34782036704391,34782038568782,19997870,sA-eth3,up,34782038393300,netem,22610610,16557,0,0,0,0,0,21522912,3214,0,21735828,3302,0
1898,34782036704391,34782040210720,19997870,sB-eth3,up,34782040050829,netem,26439484,19286,0,0,0,0,0,25417882,3811,0,25417102,3795,0
1899,34782056710863,34782058509843,20006472,sA-eth3,up,34782058327851,netem,22610610,16557,0,0,0,0,0,21522912,3214,0,21735828,3302,0
1899,34782056710863,34782060310323,20006472,sB-eth3,up,34782060121400,netem,26439484,19286,0,0,0,0,0,25417882,3811,0,25417102,3795,0
1900,34782076703774,34782078555983,19992911,sA-eth3,up,34782078378972,netem,22610610,16557,0,0,0,0,0,21522912,3214,0,21735828,3302,0
1900,34782076703774,34782080210982,19992911,sB-eth3,up,34782080048490,netem,26439484,19286,0,0,0,0,0,25417882,3811,0,25417102,3795,0
1901,34782096712494,34782098592466,20008720,sA-eth3,up,34782098412443,netem,22610610,16557,0,0,0,0,0,21522912,3214,0,21735828,3302,0
1901,34782096712494,34782100229613,20008720,sB-eth3,up,34782100068902,netem,26439484,19286,0,0,0,0,0,25417882,3811,0,25417102,3795,0
1902,34782116700296,34782118564356,19987802,sA-eth3,up,34782118386983,netem,22610610,16557,0,0,0,0,0,21522912,3214,0,21735828,3302,0
1902,34782116700296,34782120251585,19987802,sB-eth3,up,34782120091223,netem,26439484,19286,0,0,0,0,0,25417882,3811,0,25417102,3795,0
1903,34782136708176,34782138459226,20007880,sA-eth3,up,34782138286313,netem,22610610,16557,0,0,0,0,0,21522912,3214,0,21735828,3302,0
1903,34782136708176,34782140145765,20007880,sB-eth3,up,34782139971942,netem,26439484,19286,0,0,0,0,0,25417882,3811,0,25417102,3795,0
1904,34782156698046,34782158456396,19989870,sA-eth3,up,34782158291195,netem,22610610,16557,0,0,0,0,0,21522912,3214,0,21735828,3302,0
1904,34782156698046,34782160114765,19989870,sB-eth3,up,34782159934802,netem,26439484,19286,0,0,0,0,0,25417882,3811,0,25417102,3795,0
1905,34782176709399,34782178517878,20011353,sA-eth3,up,34782178349276,netem,22610610,16557,0,0,0,0,0,21522912,3214,0,21735828,3302,0
1905,34782176709399,34782180322498,20011353,sB-eth3,up,34782180129425,netem,26439484,19286,0,0,0,0,0,25417882,3811,0,25417102,3795,0
1906,34782196701959,34782198492428,19992560,sA-eth3,up,34782198322697,netem,22610610,16557,0,0,0,0,0,21522912,3214,0,21735828,3302,0
1906,34782196701959,34782200145427,19992560,sB-eth3,up,34782199961365,netem,26439484,19286,0,0,0,0,0,25417882,3811,0,25417102,3795,0
1907,34782216706680,34782218456808,20004721,sA-eth3,up,34782218274098,netem,22610610,16557,0,0,0,0,0,21522912,3214,0,21735828,3302,0
1907,34782216706680,34782220205598,20004721,sB-eth3,up,34782220023527,netem,26439484,19286,0,0,0,0,0,25417882,3811,0,25417102,3795,0
1908,34782236711191,34782238477870,20004511,sA-eth3,up,34782238307938,netem,22610610,16557,0,0,0,0,0,21522912,3214,0,21735828,3302,0
1908,34782236711191,34782240157279,20004511,sB-eth3,up,34782239990147,netem,26439484,19286,0,0,0,0,0,25417882,3811,0,25417102,3795,0
1909,34782256707371,34782258479591,19996180,sA-eth3,up,34782258316620,netem,22610610,16557,0,0,0,0,0,21522912,3214,0,21735828,3302,0
1909,34782256707371,34782260240601,19996180,sB-eth3,up,34782260064208,netem,26439484,19286,0,0,0,0,0,25417882,3811,0,25417102,3795,0
1910,34782276708623,34782278524363,20001252,sA-eth3,up,34782278351811,netem,22610610,16557,0,0,0,0,0,21522912,3214,0,21735828,3302,0
1910,34782276708623,34782280269072,20001252,sB-eth3,up,34782280097390,netem,26439484,19286,0,0,0,0,0,25417882,3811,0,25417102,3795,0
1911,34782296700513,34782298445963,19991890,sA-eth3,up,34782298262890,netem,22610610,16557,0,0,0,0,0,21522912,3214,0,21735828,3302,0
1911,34782296700513,34782300125390,19991890,sB-eth3,up,34782299932920,netem,26439484,19286,0,0,0,0,0,25417882,3811,0,25417102,3795,0
1912,34782316702964,34782318431753,20002451,sA-eth3,up,34782318250931,netem,22610610,16557,0,0,0,0,0,21522912,3214,0,21735828,3302,0
1912,34782316702964,34782320074311,20002451,sB-eth3,up,34782319905760,netem,26439484,19286,0,0,0,0,0,25417882,3811,0,25417102,3795,0
1913,34782336704114,34782338458614,20001150,sA-eth3,up,34782338295913,netem,22610610,16557,0,0,0,0,0,21522912,3214,0,21735828,3302,0
1913,34782336704114,34782340217084,20001150,sB-eth3,up,34782340040132,netem,26439484,19286,0,0,0,0,0,25417882,3811,0,25417102,3795,0
1914,34782356706536,34782358513196,20002422,sA-eth3,up,34782358339414,netem,22610610,16557,0,0,0,0,0,21522912,3214,0,21735828,3302,0
1914,34782356706536,34782360255355,20002422,sB-eth3,up,34782360084473,netem,26439484,19286,0,0,0,0,0,25417882,3811,0,25417102,3795,0
1915,34782376702987,34782378468046,19996451,sA-eth3,up,34782378297464,netem,22610610,16557,0,0,0,0,0,21522912,3214,0,21735828,3302,0
1915,34782376702987,34782380130865,19996451,sB-eth3,up,34782379949742,netem,26439484,19286,0,0,0,0,0,25417882,3811,0,25417102,3795,0
1916,34782396702217,34782398494478,19999230,sA-eth3,up,34782398325346,netem,22610610,16557,0,0,0,0,0,21522912,3214,0,21735828,3302,0
1916,34782396702217,34782400140036,19999230,sB-eth3,up,34782399955353,netem,26439484,19286,0,0,0,0,0,25417882,3811,0,25417102,3795,0
1917,34782416706449,34782418468028,20004232,sA-eth3,up,34782418303246,netem,22610610,16557,0,0,0,0,0,21522912,3214,0,21735828,3302,0
1917,34782416706449,34782420086355,20004232,sB-eth3,up,34782419917274,netem,26439484,19286,0,0,0,0,0,25417882,3811,0,25417102,3795,0
1918,34782436704689,34782438541739,19998240,sA-eth3,up,34782438370088,netem,22610610,16557,0,0,0,0,0,21522912,3214,0,21735828,3302,0
1918,34782436704689,34782440196478,19998240,sB-eth3,up,34782440039976,netem,26439484,19286,0,0,0,0,0,25417882,3811,0,25417102,3795,0
1919,34782456708941,34782458488850,20004252,sA-eth3,up,34782458321908,netem,22610610,16557,0,0,0,0,0,21522912,3214,0,21735828,3302,0
1919,34782456708941,34782460293520,20004252,sB-eth3,up,34782460099208,netem,26439484,19286,0,0,0,0,0,25417882,3811,0,25417102,3795,0
1920,34782476702901,34782478460781,19993960,sA-eth3,up,34782478288388,netem,22610610,16557,0,0,0,0,0,21522912,3214,0,21735828,3302,0
1920,34782476702901,34782480128408,19993960,sB-eth3,up,34782479952507,netem,26439484,19286,0,0,0,0,0,25417882,3811,0,25417102,3795,0
1921,34782496709102,34782498514233,20006201,sA-eth3,up,34782498348940,netem,22610610,16557,0,0,0,0,0,21522912,3214,0,21735828,3302,0
1921,34782496709102,34782500131550,20006201,sB-eth3,up,34782499961218,netem,26439484,19286,0,0,0,0,0,25417882,3811,0,25417102,3795,0
1922,34782516705502,34782518519773,19996400,sA-eth3,up,34782518350351,netem,22610610,16557,0,0,0,0,0,21522912,3214,0,21735828,3302,0
1922,34782516705502,34782520320853,19996400,sB-eth3,up,34782520128810,netem,26439484,19286,0,0,0,0,0,25417882,3811,0,25417102,3795,0
1923,34782536702994,34782538496183,19997492,sA-eth3,up,34782538327131,netem,22610610,16557,0,0,0,0,0,21522912,3214,0,21735828,3302,0
1923,34782536702994,34782540212733,19997492,sB-eth3,up,34782540046070,netem,26439484,19286,0,0,0,0,0,25417882,3811,0,25417102,3795,0
1924,34782556701424,34782558458354,19998430,sA-eth3,up,34782558290361,netem,22610610,16557,0,0,0,0,0,21522912,3214,0,21735828,3302,0
1924,34782556701424,34782560147573,19998430,sB-eth3,up,34782559956151,netem,26439484,19286,0,0,0,0,0,25417882,3811,0,25417102,3795,0
1925,34782576707296,34782578472495,20005872,sA-eth3,up,34782578307474,netem,22610610,16557,0,0,0,0,0,21522912,3214,0,21735828,3302,0
1925,34782576707296,34782580163654,20005872,sB-eth3,up,34782579994852,netem,26439484,19286,0,0,0,0,0,25417882,3811,0,25417102,3795,0
1926,34782596708357,34782598512946,20001061,sA-eth3,up,34782598346504,netem,22610610,16557,0,0,0,0,0,21522912,3214,0,21735828,3302,0
1926,34782596708357,34782600216516,20001061,sB-eth3,up,34782600061613,netem,26439484,19286,0,0,0,0,0,25417882,3811,0,25417102,3795,0
1927,34782616706607,34782618518317,19998250,sA-eth3,up,34782618352006,netem,22610610,16557,0,0,0,0,0,21522912,3214,0,21735828,3302,0
1927,34782616706607,34782620244846,19998250,sB-eth3,up,34782620086685,netem,26439484,19286,0,0,0,0,0,25417882,3811,0,25417102,3795,0
1928,34782636700878,34782638461787,19994271,sA-eth3,up,34782638295526,netem,22610610,16557,0,0,0,0,0,21522912,3214,0,21735828,3302,0
1928,34782636700878,34782640138506,19994271,sB-eth3,up,34782639969204,netem,26439484,19286,0,0,0,0,0,25417882,3811,0,25417102,3795,0
1929,34782656702939,34782658440258,20002061,sA-eth3,up,34782658269726,netem,22610610,16557,0,0,0,0,0,21522912,3214,0,21735828,3302,0
1929,34782656702939,34782660076236,20002061,sB-eth3,up,34782659909435,netem,26439484,19286,0,0,0,0,0,25417882,3811,0,25417102,3795,0
1930,34782676705309,34782678486569,20002370,sA-eth3,up,34782678316348,netem,22610610,16557,0,0,0,0,0,21522912,3214,0,21735828,3302,0
1930,34782676705309,34782680163308,20002370,sB-eth3,up,34782679974846,netem,26439484,19286,0,0,0,0,0,25417882,3811,0,25417102,3795,0
1931,34782696704660,34782698504441,19999351,sA-eth3,up,34782698341279,netem,22610610,16557,0,0,0,0,0,21522912,3214,0,21735828,3302,0
1931,34782696704660,34782700144078,19999351,sB-eth3,up,34782699972106,netem,26439484,19286,0,0,0,0,0,25417882,3811,0,25417102,3795,0
1932,34782716702862,34782718439491,19998202,sA-eth3,up,34782718266489,netem,22610610,16557,0,0,0,0,0,21522912,3214,0,21735828,3302,0
1932,34782716702862,34782720081889,19998202,sB-eth3,up,34782719916427,netem,26439484,19286,0,0,0,0,0,25417882,3811,0,25417102,3795,0
1933,34782736699632,34782738454742,19996770,sA-eth3,up,34782738285409,netem,22610610,16557,0,0,0,0,0,21522912,3214,0,21735828,3302,0
1933,34782736699632,34782740080790,19996770,sB-eth3,up,34782739913118,netem,26439484,19286,0,0,0,0,0,25417882,3811,0,25417102,3795,0
1934,34782756720234,34782758512053,20020602,sA-eth3,up,34782758345291,netem,22610610,16557,0,0,0,0,0,21522912,3214,0,21735828,3302,0
1934,34782756720234,34782760151411,20020602,sB-eth3,up,34782759984160,netem,26439484,19286,0,0,0,0,0,25417882,3811,0,25417102,3795,0
1935,34782776711545,34782778532534,19991311,sA-eth3,up,34782778368892,netem,22610676,16558,0,0,0,0,0,21522978,3215,0,21735894,3303,0
1935,34782776711545,34782780148623,19991311,sB-eth3,up,34782779982191,netem,26439484,19286,0,0,0,0,0,25417882,3811,0,25417102,3795,0
1936,34782796708395,34782798468924,19996850,sA-eth3,up,34782798307533,netem,22610676,16558,0,0,0,0,0,21522978,3215,0,21735894,3303,0
1936,34782796708395,34782800091543,19996850,sB-eth3,up,34782799920811,netem,26439484,19286,0,0,0,0,0,25417882,3811,0,25417102,3795,0
1937,34782816720246,34782818538136,20011851,sA-eth3,up,34782818352674,netem,22610676,16558,0,0,0,0,0,21522978,3215,0,21735894,3303,0
1937,34782816720246,34782820178164,20011851,sB-eth3,up,34782820019713,netem,26439484,19286,0,0,0,0,0,25417882,3811,0,25417102,3795,0
1938,34782836707737,34782838467796,19987491,sA-eth3,up,34782838307225,netem,22610676,16558,0,0,0,0,0,21522978,3215,0,21735894,3303,0
1938,34782836707737,34782840778161,19987491,sB-eth3,up,34782840621171,netem,26439484,19286,0,0,0,0,0,25417882,3811,0,25417102,3795,0
1939,34782856714268,34782858546609,20006531,sA-eth3,up,34782858381536,netem,22610676,16558,0,0,0,0,0,21522978,3215,0,21735894,3303,0
1939,34782856714268,34782860426049,20006531,sB-eth3,up,34782860259367,netem,26439484,19286,0,0,0,0,0,25417882,3811,0,25417102,3795,0
1940,34782876707019,34782878540519,19992751,sA-eth3,up,34782878376667,netem,22610676,16558,0,0,0,0,0,21522978,3215,0,21735894,3303,0
1940,34782876707019,34782880224058,19992751,sB-eth3,up,34782880062616,netem,26439484,19286,0,0,0,0,0,25417882,3811,0,25417102,3795,0
1941,34782896698249,34782898445389,19991230,sA-eth3,up,34782898268546,netem,22610676,16558,0,0,0,0,0,21522978,3215,0,21735894,3303,0
1941,34782896698249,34782900085246,19991230,sB-eth3,up,34782899908005,netem,26439484,19286,0,0,0,0,0,25417882,3811,0,25417102,3795,0
1942,34782916706340,34782918455049,20008091,sA-eth3,up,34782918296218,netem,22610676,16558,0,0,0,0,0,21522978,3215,0,21735894,3303,0
1942,34782916706340,34782920097278,20008091,sB-eth3,up,34782919926476,netem,26439484,19286,0,0,0,0,0,25417882,3811,0,25417102,3795,0
1943,34782936704981,34782938484481,19998641,sA-eth3,up,34782938323219,netem,22610676,16558,0,0,0,0,0,21522978,3215,0,21735894,3303,0
1943,34782936704981,34782940151149,19998641,sB-eth3,up,34782939985018,netem,26439484,19286,0,0,0,0,0,25417882,3811,0,25417102,3795,0
1944,34782956700962,34782958453392,19995981,sA-eth3,up,34782958292329,netem,22610676,16558,0,0,0,0,0,21522978,3215,0,21735894,3303,0
1944,34782956700962,34782960209551,19995981,sB-eth3,up,34782960054429,netem,26439484,19286,0,0,0,0,0,25417882,3811,0,25417102,3795,0
1945,34782976705633,34782978445802,20004671,sA-eth3,up,34782978271511,netem,22610676,16558,0,0,0,0,0,21522978,3215,0,21735894,3303,0
1945,34782976705633,34782980096831,20004671,sB-eth3,up,34782979931599,netem,26439484,19286,0,0,0,0,0,25417882,3811,0,25417102,3795,0
1946,34782996701854,34782998467634,19996221,sA-eth3,up,34782998308531,netem,22610676,16558,0,0,0,0,0,21522978,3215,0,21735894,3303,0
1946,34782996701854,34783000113711,19996221,sB-eth3,up,34782999938730,netem,26439484,19286,0,0,0,0,0,25417882,3811,0,25417102,3795,0
1947,34783016713825,34783018585666,20011971,sA-eth3,up,34783018407604,netem,22610676,16558,0,0,0,0,0,21522978,3215,0,21735894,3303,0
1947,34783016713825,34783020643188,20011971,sB-eth3,up,34783020487256,netem,26439484,19286,0,0,0,0,0,25417882,3811,0,25417102,3795,0
1948,34783036707916,34783038503606,19994091,sA-eth3,up,34783038328844,netem,22610676,16558,0,0,0,0,0,21522978,3215,0,21735894,3303,0
1948,34783036707916,34783040177114,19994091,sB-eth3,up,34783039999872,netem,26439484,19286,0,0,0,0,0,25417882,3811,0,25417102,3795,0
1949,34783056707587,34783058491937,19999671,sA-eth3,up,34783058328224,netem,22610676,16558,0,0,0,0,0,21522978,3215,0,21735894,3303,0
1949,34783056707587,34783060133675,19999671,sB-eth3,up,34783059961373,netem,26439484,19286,0,0,0,0,0,25417882,3811,0,25417102,3795,0
1950,34783076704037,34783078472127,19996450,sA-eth3,up,34783078308195,netem,22610676,16558,0,0,0,0,0,21522978,3215,0,21735894,3303,0
1950,34783076704037,34783080163276,19996450,sB-eth3,up,34783079955663,netem,26439484,19286,0,0,0,0,0,25417882,3811,0,25417102,3795,0
1951,34783096717259,34783098578979,20013222,sA-eth3,up,34783098405937,netem,22610676,16558,0,0,0,0,0,21522978,3215,0,21735894,3303,0
1951,34783096717259,34783100251678,20013222,sB-eth3,up,34783100091656,netem,26439484,19286,0,0,0,0,0,25417882,3811,0,25417102,3795,0
1952,34783116724420,34783118693821,20007161,sA-eth3,up,34783118510919,netem,22610676,16558,0,0,0,0,0,21522978,3215,0,21735894,3303,0
1952,34783116724420,34783120385759,20007161,sB-eth3,up,34783120210888,netem,26439484,19286,0,0,0,0,0,25417882,3811,0,25417102,3795,0
1953,34783136709620,34783138542991,19985200,sA-eth3,up,34783138356568,netem,22610676,16558,0,0,0,0,0,21522978,3215,0,21735894,3303,0
1953,34783136709620,34783140322921,19985200,sB-eth3,up,34783140136188,netem,26439484,19286,0,0,0,0,0,25417882,3811,0,25417102,3795,0
1954,34783156702672,34783158543682,19993052,sA-eth3,up,34783158372449,netem,22610676,16558,0,0,0,0,0,21522978,3215,0,21735894,3303,0
1954,34783156702672,34783160292451,19993052,sB-eth3,up,34783160113219,netem,26439484,19286,0,0,0,0,0,25417882,3811,0,25417102,3795,0
1955,34783176706862,34783178531932,20004190,sA-eth3,up,34783178362710,netem,22610676,16558,0,0,0,0,0,21522978,3215,0,21735894,3303,0
1955,34783176706862,34783180358052,20004190,sB-eth3,up,34783180160470,netem,26439484,19286,0,0,0,0,0,25417882,3811,0,25417102,3795,0
1956,34783196703652,34783198605874,19996790,sA-eth3,up,34783198427042,netem,22610676,16558,0,0,0,0,0,21522978,3215,0,21735894,3303,0
1956,34783196703652,34783200304652,19996790,sB-eth3,up,34783200132921,netem,26439484,19286,0,0,0,0,0,25417882,3811,0,25417102,3795,0
1957,34783216701754,34783218540224,19998102,sA-eth3,up,34783218362032,netem,22610676,16558,0,0,0,0,0,21522978,3215,0,21735894,3303,0
1957,34783216701754,34783220391864,19998102,sB-eth3,up,34783220199142,netem,26439484,19286,0,0,0,0,0,25417882,3811,0,25417102,3795,0
1958,34783236705065,34783238529005,20003311,sA-eth3,up,34783238355172,netem,22610676,16558,0,0,0,0,0,21522978,3215,0,21735894,3303,0
1958,34783236705065,34783240222403,20003311,sB-eth3,up,34783240051331,netem,26439484,19286,0,0,0,0,0,25417882,3811,0,25417102,3795,0
1959,34783256704535,34783258507355,19999470,sA-eth3,up,34783258333764,netem,22610676,16558,0,0,0,0,0,21522978,3215,0,21735894,3303,0
1959,34783256704535,34783260213984,19999470,sB-eth3,up,34783260043543,netem,26439484,19286,0,0,0,0,0,25417882,3811,0,25417102,3795,0
1960,34783276710867,34783278539007,20006332,sA-eth3,up,34783278365274,netem,22610676,16558,0,0,0,0,0,21522978,3215,0,21735894,3303,0
1960,34783276710867,34783280250146,20006332,sB-eth3,up,34783280063683,netem,26439484,19286,0,0,0,0,0,25417882,3811,0,25417102,3795,0
1961,34783296701897,34783298576268,19991030,sA-eth3,up,34783298393386,netem,22610676,16558,0,0,0,0,0,21522978,3215,0,21735894,3303,0
1961,34783296701897,34783300243276,19991030,sB-eth3,up,34783300083044,netem,26439484,19286,0,0,0,0,0,25417882,3811,0,25417102,3795,0
1962,34783316703728,34783318511538,20001831,sA-eth3,up,34783318341616,netem,22610676,16558,0,0,0,0,0,21522978,3215,0,21735894,3303,0
1962,34783316703728,34783320152056,20001831,sB-eth3,up,34783319981604,netem,26439484,19286,0,0,0,0,0,25417882,3811,0,25417102,3795,0
1963,34783336700539,34783338469039,19996811,sA-eth3,up,34783338306237,netem,22610676,16558,0,0,0,0,0,21522978,3215,0,21735894,3303,0
1963,34783336700539,34783340130196,19996811,sB-eth3,up,34783339958166,netem,26439484,19286,0,0,0,0,0,25417882,3811,0,25417102,3795,0
1964,34783356710470,34783358514079,20009931,sA-eth3,up,34783358349209,netem,22610676,16558,0,0,0,0,0,21522978,3215,0,21735894,3303,0
1964,34783356710470,34783360174738,20009931,sB-eth3,up,34783359993626,netem,26439484,19286,0,0,0,0,0,25417882,3811,0,25417102,3795,0
1965,34783376705340,34783378475300,19994870,sA-eth3,up,34783378313189,netem,22610676,16558,0,0,0,0,0,21522978,3215,0,21735894,3303,0
1965,34783376705340,34783380119299,19994870,sB-eth3,up,34783379950916,netem,26439484,19286,0,0,0,0,0,25417882,3811,0,25417102,3795,0
1966,34783396698832,34783398434791,19993492,sA-eth3,up,34783398262869,netem,22610676,16558,0,0,0,0,0,21522978,3215,0,21735894,3303,0
1966,34783396698832,34783400069919,19993492,sB-eth3,up,34783399900086,netem,26439484,19286,0,0,0,0,0,25417882,3811,0,25417102,3795,0
1967,34783416699862,34783418479872,20001030,sA-eth3,up,34783418311490,netem,22610676,16558,0,0,0,0,0,21522978,3215,0,21735894,3303,0
1967,34783416699862,34783420122280,20001030,sB-eth3,up,34783419951988,netem,26439484,19286,0,0,0,0,0,25417882,3811,0,25417102,3795,0
1968,34783436706523,34783438507923,20006661,sA-eth3,up,34783438344532,netem,22610676,16558,0,0,0,0,0,21522978,3215,0,21735894,3303,0
1968,34783436706523,34783440140351,20006661,sB-eth3,up,34783439973179,netem,26439484,19286,0,0,0,0,0,25417882,3811,0,25417102,3795,0
1969,34783456699215,34783458470914,19992692,sA-eth3,up,34783458314932,netem,22610676,16558,0,0,0,0,0,21522978,3215,0,21735894,3303,0
1969,34783456699215,34783460117552,19992692,sB-eth3,up,34783459949211,netem,26439484,19286,0,0,0,0,0,25417882,3811,0,25417102,3795,0
1970,34783476703175,34783478413674,20003960,sA-eth3,up,34783478243752,netem,22610676,16558,0,0,0,0,0,21522978,3215,0,21735894,3303,0
1970,34783476703175,34783480041642,20003960,sB-eth3,up,34783479867791,netem,26439484,19286,0,0,0,0,0,25417882,3811,0,25417102,3795,0
1971,34783496698445,34783498434455,19995270,sA-eth3,up,34783498264783,netem,22610676,16558,0,0,0,0,0,21522978,3215,0,21735894,3303,0
1971,34783496698445,34783500093584,19995270,sB-eth3,up,34783499928201,netem,26439484,19286,0,0,0,0,0,25417882,3811,0,25417102,3795,0
1972,34783516701537,34783518465977,20003092,sA-eth3,up,34783518304284,netem,22610676,16558,0,0,0,0,0,21522978,3215,0,21735894,3303,0
1972,34783516701537,34783520095714,20003092,sB-eth3,up,34783519928183,netem,26439484,19286,0,0,0,0,0,25417882,3811,0,25417102,3795,0
1973,34783536700878,34783538464827,19999341,sA-eth3,up,34783538300936,netem,22610676,16558,0,0,0,0,0,21522978,3215,0,21735894,3303,0
1973,34783536700878,34783540127156,19999341,sB-eth3,up,34783539951474,netem,26439484,19286,0,0,0,0,0,25417882,3811,0,25417102,3795,0
1974,34783556696429,34783558427427,19995551,sA-eth3,up,34783558257596,netem,22610676,16558,0,0,0,0,0,21522978,3215,0,21735894,3303,0
1974,34783556696429,34783560152127,19995551,sB-eth3,up,34783559981085,netem,26439484,19286,0,0,0,0,0,25417882,3811,0,25417102,3795,0
1975,34783576703560,34783578479089,20007131,sA-eth3,up,34783578318077,netem,22610676,16558,0,0,0,0,0,21522978,3215,0,21735894,3303,0
1975,34783576703560,34783580094297,20007131,sB-eth3,up,34783579928096,netem,26439484,19286,0,0,0,0,0,25417882,3811,0,25417102,3795,0
1976,34783596701290,34783598486250,19997730,sA-eth3,up,34783598327699,netem,22610676,16558,0,0,0,0,0,21522978,3215,0,21735894,3303,0
1976,34783596701290,34783600142788,19997730,sB-eth3,up,34783599975686,netem,26439484,19286,0,0,0,0,0,25417882,3811,0,25417102,3795,0
1977,34783616702172,34783618522622,20000882,sA-eth3,up,34783618356669,netem,22610676,16558,0,0,0,0,0,21522978,3215,0,21735894,3303,0
1977,34783616702172,34783620168599,20000882,sB-eth3,up,34783619998428,netem,26439484,19286,0,0,0,0,0,25417882,3811,0,25417102,3795,0
1978,34783636698522,34783638469612,19996350,sA-eth3,up,34783638305790,netem,22610676,16558,0,0,0,0,0,21522978,3215,0,21735894,3303,0
1978,34783636698522,34783640124580,19996350,sB-eth3,up,34783639946788,netem,26439484,19286,0,0,0,0,0,25417882,3811,0,25417102,3795,0
1979,34783656707063,34783658512854,20008541,sA-eth3,up,34783658338231,netem,22610676,16558,0,0,0,0,0,21522978,3215,0,21735894,3303,0
1979,34783656707063,34783660140491,20008541,sB-eth3,up,34783659972359,netem,26439484,19286,0,0,0,0,0,25417882,3811,0,25417102,3795,0
1980,34783676706354,34783678472544,19999291,sA-eth3,up,34783678310812,netem,22610676,16558,0,0,0,0,0,21522978,3215,0,21735894,3303,0
1980,34783676706354,34783680097711,19999291,sB-eth3,up,34783679925549,netem,26439484,19286,0,0,0,0,0,25417882,3811,0,25417102,3795,0
1981,34783696703855,34783698508815,19997501,sA-eth3,up,34783698348214,netem,22610676,16558,0,0,0,0,0,21522978,3215,0,21735894,3303,0
1981,34783696703855,34783700137953,19997501,sB-eth3,up,34783699960211,netem,26439484,19286,0,0,0,0,0,25417882,3811,0,25417102,3795,0
1982,34783716703355,34783718463355,19999500,sA-eth3,up,34783718304634,netem,22610676,16558,0,0,0,0,0,21522978,3215,0,21735894,3303,0
1982,34783716703355,34783720101313,19999500,sB-eth3,up,34783719934722,netem,26439484,19286,0,0,0,0,0,25417882,3811,0,25417102,3795,0
1983,34783736697187,34783738452816,19993832,sA-eth3,up,34783738290624,netem,22610676,16558,0,0,0,0,0,21522978,3215,0,21735894,3303,0
1983,34783736697187,34783740092484,19993832,sB-eth3,up,34783739919843,netem,26439484,19286,0,0,0,0,0,25417882,3811,0,25417102,3795,0
1984,34783756706907,34783758480037,20009720,sA-eth3,up,34783758319696,netem,22610676,16558,0,0,0,0,0,21522978,3215,0,21735894,3303,0
1984,34783756706907,34783760115776,20009720,sB-eth3,up,34783759947993,netem,26439484,19286,0,0,0,0,0,25417882,3811,0,25417102,3795,0
1985,34783776703229,34783778500159,19996322,sA-eth3,up,34783778338276,netem,22610676,16558,0,0,0,0,0,21522978,3215,0,21735894,3303,0
1985,34783776703229,34783780141787,19996322,sB-eth3,up,34783779971394,netem,26439484,19286,0,0,0,0,0,25417882,3811,0,25417102,3795,0
1986,34783796704830,34783798467809,20001601,sA-eth3,up,34783798309877,netem,22610676,16558,0,0,0,0,0,21522978,3215,0,21735894,3303,0
1986,34783796704830,34783800080217,20001601,sB-eth3,up,34783799913806,netem,26439484,19286,0,0,0,0,0,25417882,3811,0,25417102,3795,0
1987,34783816700150,34783818451010,19995320,sA-eth3,up,34783818291578,netem,22610676,16558,0,0,0,0,0,21522978,3215,0,21735894,3303,0
1987,34783816700150,34783820047088,19995320,sB-eth3,up,34783819878636,netem,26439484,19286,0,0,0,0,0,25417882,3811,0,25417102,3795,0
1988,34783836702022,34783838485061,20001872,sA-eth3,up,34783838322769,netem,22610676,16558,0,0,0,0,0,21522978,3215,0,21735894,3303,0
1988,34783836702022,34783840097118,20001872,sB-eth3,up,34783839930676,netem,26439484,19286,0,0,0,0,0,25417882,3811,0,25417102,3795,0
1989,34783856703982,34783858666614,20001960,sA-eth3,up,34783858475112,netem,22610676,16558,0,0,0,0,0,21522978,3215,0,21735894,3303,0
1989,34783856703982,34783860360692,20001960,sB-eth3,up,34783860187701,netem,26439484,19286,0,0,0,0,0,25417882,3811,0,25417102,3795,0
1990,34783876705423,34783878598284,20001441,sA-eth3,up,34783878419262,netem,22610676,16558,0,0,0,0,0,21522978,3215,0,21735894,3303,0
1990,34783876705423,34783880255472,20001441,sB-eth3,up,34783880088291,netem,26439484,19286,0,0,0,0,0,25417882,3811,0,25417102,3795,0
1991,34783896701174,34783898538274,19995751,sA-eth3,up,34783898360682,netem,22610676,16558,0,0,0,0,0,21522978,3215,0,21735894,3303,0
1991,34783896701174,34783900188353,19995751,sB-eth3,up,34783900025611,netem,26439484,19286,0,0,0,0,0,25417882,3811,0,25417102,3795,0
1992,34783916704935,34783918566485,20003761,sA-eth3,up,34783918388374,netem,22610676,16558,0,0,0,0,0,21522978,3215,0,21735894,3303,0
1992,34783916704935,34783920211464,20003761,sB-eth3,up,34783920051271,netem,26439484,19286,0,0,0,0,0,25417882,3811,0,25417102,3795,0
1993,34783936707225,34783938592086,20002290,sA-eth3,up,34783938413424,netem,22610676,16558,0,0,0,0,0,21522978,3215,0,21735894,3303,0
1993,34783936707225,34783940248315,20002290,sB-eth3,up,34783940089723,netem,26439484,19286,0,0,0,0,0,25417882,3811,0,25417102,3795,0
1994,34783956722467,34783958633358,20015242,sA-eth3,up,34783958456086,netem,22610676,16558,0,0,0,0,0,21522978,3215,0,21735894,3303,0
1994,34783956722467,34783960295266,20015242,sB-eth3,up,34783960124024,netem,26439484,19286,0,0,0,0,0,25417882,3811,0,25417102,3795,0
1995,34783976701318,34783978522827,19978851,sA-eth3,up,34783978346406,netem,22610676,16558,0,0,0,0,0,21522978,3215,0,21735894,3303,0
1995,34783976701318,34783980212886,19978851,sB-eth3,up,34783980052554,netem,26439484,19286,0,0,0,0,0,25417882,3811,0,25417102,3795,0
1996,34783996703738,34783998555899,20002420,sA-eth3,up,34783998378727,netem,22610676,16558,0,0,0,0,0,21522978,3215,0,21735894,3303,0
1996,34783996703738,34784000208507,20002420,sB-eth3,up,34784000047996,netem,26439484,19286,0,0,0,0,0,25417882,3811,0,25417102,3795,0
1997,34784016719840,34784018638070,20016102,sA-eth3,up,34784018463439,netem,22610676,16558,0,0,0,0,0,21522978,3215,0,21735894,3303,0
1997,34784016719840,34784020349629,20016102,sB-eth3,up,34784020150787,netem,26439484,19286,0,0,0,0,0,25417882,3811,0,25417102,3795,0
1998,34784036710330,34784038662932,19990490,sA-eth3,up,34784038477429,netem,22610676,16558,0,0,0,0,0,21522978,3215,0,21735894,3303,0
1998,34784036710330,34784040349631,19990490,sB-eth3,up,34784040174888,netem,26439484,19286,0,0,0,0,0,25417882,3811,0,25417102,3795,0
1999,34784056700801,34784058556011,19990471,sA-eth3,up,34784058377549,netem,22610676,16558,0,0,0,0,0,21522978,3215,0,21735894,3303,0
1999,34784056700801,34784060209369,19990471,sB-eth3,up,34784060046958,netem,26439484,19286,0,0,0,0,0,25417882,3811,0,25417102,3795,0
2000,34784076705922,34784078549932,20005121,sA-eth3,up,34784078370080,netem,22610676,16558,0,0,0,0,0,21522978,3215,0,21735894,3303,0
2000,34784076705922,34784080193601,20005121,sB-eth3,up,34784080030408,netem,26439484,19286,0,0,0,0,0,25417882,3811,0,25417102,3795,0
2001,34784096707463,34784098571254,20001541,sA-eth3,up,34784098392902,netem,22610676,16558,0,0,0,0,0,21522978,3215,0,21735894,3303,0
2001,34784096707463,34784100213002,20001541,sB-eth3,up,34784100052419,netem,26439484,19286,0,0,0,0,0,25417882,3811,0,25417102,3795,0
2002,34784116715594,34784118651695,20008131,sA-eth3,up,34784118471912,netem,22610676,16558,0,0,0,0,0,21522978,3215,0,21735894,3303,0
2002,34784116715594,34784120316314,20008131,sB-eth3,up,34784120140891,netem,26439484,19286,0,0,0,0,0,25417882,3811,0,25417102,3795,0
2003,34784136707985,34784138522334,19992391,sA-eth3,up,34784138345152,netem,22610676,16558,0,0,0,0,0,21522978,3215,0,21735894,3303,0
2003,34784136707985,34784140147332,19992391,sB-eth3,up,34784139967431,netem,26439484,19286,0,0,0,0,0,25417882,3811,0,25417102,3795,0
2004,34784156709355,34784158475725,20001370,sA-eth3,up,34784158303632,netem,22610676,16558,0,0,0,0,0,21522978,3215,0,21735894,3303,0
2004,34784156709355,34784160146024,20001370,sB-eth3,up,34784159978102,netem,26439484,19286,0,0,0,0,0,25417882,3811,0,25417102,3795,0
2005,34784176702887,34784178468996,19993532,sA-eth3,up,34784178307214,netem,22610676,16558,0,0,0,0,0,21522978,3215,0,21735894,3303,0
2005,34784176702887,34784180118124,19993532,sB-eth3,up,34784179941511,netem,26439484,19286,0,0,0,0,0,25417882,3811,0,25417102,3795,0
2006,34784196714757,34784198527937,20011870,sA-eth3,up,34784198360216,netem,22610676,16558,0,0,0,0,0,21522978,3215,0,21735894,3303,0
2006,34784196714757,34784200183376,20011870,sB-eth3,up,34784200024554,netem,26439484,19286,0,0,0,0,0,25417882,3811,0,25417102,3795,0
2007,34784216707508,34784218495377,19992751,sA-eth3,up,34784218326096,netem,22610676,16558,0,0,0,0,0,21522978,3215,0,21735894,3303,0
2007,34784216707508,34784220155136,19992751,sB-eth3,up,34784219977894,netem,26439484,19286,0,0,0,0,0,25417882,3811,0,25417102,3795,0
2008,34784236709590,34784238473829,20002082,sA-eth3,up,34784238303017,netem,22610676,16558,0,0,0,0,0,21522978,3215,0,21735894,3303,0
2008,34784236709590,34784240242118,20002082,sB-eth3,up,34784240064126,netem,26439484,19286,0,0,0,0,0,25417882,3811,0,25417102,3795,0
2009,34784256702310,34784258511710,19992720,sA-eth3,up,34784258346678,netem,22610676,16558,0,0,0,0,0,21522978,3215,0,21735894,3303,0
2009,34784256702310,34784260264649,19992720,sB-eth3,up,34784260096367,netem,26439484,19286,0,0,0,0,0,25417882,3811,0,25417102,3795,0
2010,34784276709820,34784278546591,20007510,sA-eth3,up,34784278375059,netem,22610676,16558,0,0,0,0,0,21522978,3215,0,21735894,3303,0
2010,34784276709820,34784280320021,20007510,sB-eth3,up,34784280140549,netem,26439484,19286,0,0,0,0,0,25417882,3811,0,25417102,3795,0
2011,34784296710502,34784298545092,20000682,sA-eth3,up,34784298375780,netem,22610676,16558,0,0,0,0,0,21522978,3215,0,21735894,3303,0
2011,34784296710502,34784300320121,20000682,sB-eth3,up,34784300137449,netem,26439484,19286,0,0,0,0,0,25417882,3811,0,25417102,3795,0
2012,34784316702473,34784318495872,19991971,sA-eth3,up,34784318324720,netem,22610676,16558,0,0,0,0,0,21522978,3215,0,21735894,3303,0
2012,34784316702473,34784320144921,19991971,sB-eth3,up,34784319968689,netem,26439484,19286,0,0,0,0,0,25417882,3811,0,25417102,3795,0
2013,34784336705813,34784338467542,20003340,sA-eth3,up,34784338304861,netem,22610676,16558,0,0,0,0,0,21522978,3215,0,21735894,3303,0
2013,34784336705813,34784340126851,20003340,sB-eth3,up,34784339952599,netem,26439484,19286,0,0,0,0,0,25417882,3811,0,25417102,3795,0
2014,34784356705565,34784358502744,19999752,sA-eth3,up,34784358336702,netem,22610676,16558,0,0,0,0,0,21522978,3215,0,21735894,3303,0
2014,34784356705565,34784360131622,19999752,sB-eth3,up,34784359959091,netem,26439484,19286,0,0,0,0,0,25417882,3811,0,25417102,3795,0
2015,34784376715805,34784378544675,20010240,sA-eth3,up,34784378380684,netem,22610676,16558,0,0,0,0,0,21522978,3215,0,21735894,3303,0
2015,34784376715805,34784380160113,20010240,sB-eth3,up,34784379995021,netem,26439484,19286,0,0,0,0,0,25417882,3811,0,25417102,3795,0
2016,34784396705086,34784398484265,19989281,sA-eth3,up,34784398320174,netem,22610676,16558,0,0,0,0,0,21522978,3215,0,21735894,3303,0
2016,34784396705086,34784400108823,19989281,sB-eth3,up,34784399935112,netem,26439484,19286,0,0,0,0,0,25417882,3811,0,25417102,3795,0
2017,34784416701787,34784418483807,19996701,sA-eth3,up,34784418320955,netem,22610676,16558,0,0,0,0,0,21522978,3215,0,21735894,3303,0
2017,34784416701787,34784420101974,19996701,sB-eth3,up,34784419927913,netem,26439484,19286,0,0,0,0,0,25417882,3811,0,25417102,3795,0
2018,34784436717438,34784438511517,20015651,sA-eth3,up,34784438348786,netem,22610676,16558,0,0,0,0,0,21522978,3215,0,21735894,3303,0
2018,34784436717438,34784440138976,20015651,sB-eth3,up,34784439967484,netem,26439484,19286,0,0,0,0,0,25417882,3811,0,25417102,3795,0
2019,34784456708898,34784458542279,19991460,sA-eth3,up,34784458375297,netem,22610676,16558,0,0,0,0,0,21522978,3215,0,21735894,3303,0
2019,34784456708898,34784460193117,19991460,sB-eth3,up,34784460038416,netem,26439484,19286,0,0,0,0,0,25417882,3811,0,25417102,3795,0
2020,34784476700720,34784478440109,19991822,sA-eth3,up,34784478264777,netem,22610676,16558,0,0,0,0,0,21522978,3215,0,21735894,3303,0
2020,34784476700720,34784480096257,19991822,sB-eth3,up,34784479920926,netem,26439484,19286,0,0,0,0,0,25417882,3811,0,25417102,3795,0
2021,34784496705590,34784498473570,20004870,sA-eth3,up,34784498309089,netem,22610676,16558,0,0,0,0,0,21522978,3215,0,21735894,3303,0
2021,34784496705590,34784500090218,20004870,sB-eth3,up,34784499921636,netem,26439484,19286,0,0,0,0,0,25417882,3811,0,25417102,3795,0
2022,34784516702441,34784518444300,19996851,sA-eth3,up,34784518271199,netem,22610676,16558,0,0,0,0,0,21522978,3215,0,21735894,3303,0
2022,34784516702441,34784520101209,19996851,sB-eth3,up,34784519932647,netem,26439484,19286,0,0,0,0,0,25417882,3811,0,25417102,3795,0
2023,34784536713313,34784538576093,20010872,sA-eth3,up,34784538405591,netem,22610676,16558,0,0,0,0,0,21522978,3215,0,21735894,3303,0
2023,34784536713313,34784540258491,20010872,sB-eth3,up,34784540101140,netem,26439484,19286,0,0,0,0,0,25417882,3811,0,25417102,3795,0
2024,34784556704743,34784558477402,19991430,sA-eth3,up,34784558306171,netem,22610676,16558,0,0,0,0,0,21522978,3215,0,21735894,3303,0
2024,34784556704743,34784560152611,19991430,sB-eth3,up,34784559983579,netem,26439484,19286,0,0,0,0,0,25417882,3811,0,25417102,3795,0
2025,34784576699273,34784578468014,19994530,sA-eth3,up,34784578300552,netem,22610676,16558,0,0,0,0,0,21522978,3215,0,21735894,3303,0
2025,34784576699273,34784580101161,19994530,sB-eth3,up,34784579935269,netem,26439484,19286,0,0,0,0,0,25417882,3811,0,25417102,3795,0
2026,34784596704565,34784598485005,20005292,sA-eth3,up,34784598317672,netem,22610676,16558,0,0,0,0,0,21522978,3215,0,21735894,3303,0
2026,34784596704565,34784600123582,20005292,sB-eth3,up,34784599952561,netem,26439484,19286,0,0,0,0,0,25417882,3811,0,25417102,3795,0
2027,34784616707335,34784618518286,20002770,sA-eth3,up,34784618346004,netem,22610676,16558,0,0,0,0,0,21522978,3215,0,21735894,3303,0
2027,34784616707335,34784620191094,20002770,sB-eth3,up,34784620037812,netem,26439484,19286,0,0,0,0,0,25417882,3811,0,25417102,3795,0
2028,34784636710937,34784638484357,20003602,sA-eth3,up,34784638320115,netem,22610676,16558,0,0,0,0,0,21522978,3215,0,21735894,3303,0
2028,34784636710937,34784640150775,20003602,sB-eth3,up,34784639984743,netem,26439484,19286,0,0,0,0,0,25417882,3811,0,25417102,3795,0
2029,34784656701228,34784658447907,19990291,sA-eth3,up,34784658283225,netem,22610676,16558,0,0,0,0,0,21522978,3215,0,21735894,3303,0
2029,34784656701228,34784660102985,19990291,sB-eth3,up,34784659925653,netem,26439484,19286,0,0,0,0,0,25417882,3811,0,25417102,3795,0
2030,34784676709769,34784678489349,20008541,sA-eth3,up,34784678321816,netem,22610676,16558,0,0,0,0,0,21522978,3215,0,21735894,3303,0
2030,34784676709769,34784680125786,20008541,sB-eth3,up,34784679959814,netem,26439484,19286,0,0,0,0,0,25417882,3811,0,25417102,3795,0
2031,34784696712160,34784698547530,20002391,sA-eth3,up,34784698379498,netem,22610676,16558,0,0,0,0,0,21522978,3215,0,21735894,3303,0
2031,34784696712160,34784700207039,20002391,sB-eth3,up,34784700052956,netem,26439484,19286,0,0,0,0,0,25417882,3811,0,25417102,3795,0
2032,34784716707240,34784718482870,19995080,sA-eth3,up,34784718320457,netem,22610676,16558,0,0,0,0,0,21522978,3215,0,21735894,3303,0
2032,34784716707240,34784720132449,19995080,sB-eth3,up,34784719963796,netem,26439484,19286,0,0,0,0,0,25417882,3811,0,25417102,3795,0
2033,34784736704801,34784738482891,19997561,sA-eth3,up,34784738315259,netem,22610676,16558,0,0,0,0,0,21522978,3215,0,21735894,3303,0
2033,34784736704801,34784740159059,19997561,sB-eth3,up,34784739986497,netem,26439484,19286,0,0,0,0,0,25417882,3811,0,25417102,3795,0
2034,34784756704382,34784758932557,19999581,sA-eth3,up,34784758771985,netem,22610676,16558,0,0,0,0,0,21522978,3215,0,21735894,3303,0
2034,34784756704382,34784760944998,19999581,sB-eth3,up,34784760789657,netem,26439484,19286,0,0,0,0,0,25417882,3811,0,25417102,3795,0
2035,34784776706013,34784778783586,20001631,sA-eth3,up,34784778621764,netem,22610676,16558,0,0,0,0,0,21522978,3215,0,21735894,3303,0
2035,34784776706013,34784780514425,20001631,sB-eth3,up,34784780359743,netem,26439484,19286,0,0,0,0,0,25417882,3811,0,25417102,3795,0
2036,34784796703574,34784798927718,19997561,sA-eth3,up,34784798764147,netem,22610676,16558,0,0,0,0,0,21522978,3215,0,21735894,3303,0
2036,34784796703574,34784800937950,19997561,sB-eth3,up,34784800781609,netem,26439484,19286,0,0,0,0,0,25417882,3811,0,25417102,3795,0
2037,34784816704035,34784818487354,20000461,sA-eth3,up,34784818314582,netem,22610676,16558,0,0,0,0,0,21522978,3215,0,21735894,3303,0
2037,34784816704035,34784820515047,20000461,sB-eth3,up,34784820353645,netem,26439484,19286,0,0,0,0,0,25417882,3811,0,25417102,3795,0
2038,34784836710405,34784838493385,20006370,sA-eth3,up,34784838322513,netem,22610676,16558,0,0,0,0,0,21522978,3215,0,21735894,3303,0
2038,34784836710405,34784840163744,20006370,sB-eth3,up,34784839995361,netem,26439484,19286,0,0,0,0,0,25417882,3811,0,25417102,3795,0
2039,34784856705826,34784858452845,19995421,sA-eth3,up,34784858292154,netem,22610676,16558,0,0,0,0,0,21522978,3215,0,21735894,3303,0
2039,34784856705826,34784860077734,19995421,sB-eth3,up,34784859906692,netem,26439484,19286,0,0,0,0,0,25417882,3811,0,25417102,3795,0
2040,34784876703308,34784878524627,19997482,sA-eth3,up,34784878359715,netem,22610676,16558,0,0,0,0,0,21522978,3215,0,21735894,3303,0
2040,34784876703308,34784880190646,19997482,sB-eth3,up,34784880033814,netem,26439484,19286,0,0,0,0,0,25417882,3811,0,25417102,3795,0
2041,34784896703208,34784898458567,19999900,sA-eth3,up,34784898293245,netem,22610676,16558,0,0,0,0,0,21522978,3215,0,21735894,3303,0
2041,34784896703208,34784900083695,19999900,sB-eth3,up,34784899916834,netem,26439484,19286,0,0,0,0,0,25417882,3811,0,25417102,3795,0
2042,34784916703339,34784918699381,20000131,sA-eth3,up,34784918531349,netem,22610676,16558,0,0,0,0,0,21522978,3215,0,21735894,3303,0
2042,34784916703339,34784920335949,20000131,sB-eth3,up,34784920172707,netem,26439484,19286,0,0,0,0,0,25417882,3811,0,25417102,3795,0
2043,34784936711560,34784938484440,20008221,sA-eth3,up,34784938319508,netem,22610676,16558,0,0,0,0,0,21522978,3215,0,21735894,3303,0
2043,34784936711560,34784940142017,20008221,sB-eth3,up,34784939969056,netem,26439484,19286,0,0,0,0,0,25417882,3811,0,25417102,3795,0
2044,34784956709071,34784958538221,19997511,sA-eth3,up,34784958373840,netem,22610676,16558,0,0,0,0,0,21522978,3215,0,21735894,3303,0
2044,34784956709071,34784960209900,19997511,sB-eth3,up,34784960056367,netem,26439484,19286,0,0,0,0,0,25417882,3811,0,25417102,3795,0
2045,34784976699871,34784978460701,19990800,sA-eth3,up,34784978299849,netem,22610676,16558,0,0,0,0,0,21522978,3215,0,21735894,3303,0
2045,34784976699871,34784980130729,19990800,sB-eth3,up,34784979961297,netem,26439484,19286,0,0,0,0,0,25417882,3811,0,25417102,3795,0
2046,34784996709323,34784998496052,20009452,sA-eth3,up,34784998329100,netem,22610676,16558,0,0,0,0,0,21522978,3215,0,21735894,3303,0
2046,34784996709323,34785000154590,20009452,sB-eth3,up,34784999987269,netem,26439484,19286,0,0,0,0,0,25417882,3811,0,25417102,3795,0
2047,34785016703763,34785018510613,19994440,sA-eth3,up,34785018340652,netem,22610676,16558,0,0,0,0,0,21522978,3215,0,21735894,3303,0
2047,34785016703763,34785020220842,19994440,sB-eth3,up,34785020052820,netem,26439484,19286,0,0,0,0,0,25417882,3811,0,25417102,3795,0
2048,34785036720945,34785038585565,20017182,sA-eth3,up,34785038401573,netem,22610676,16558,0,0,0,0,0,21522978,3215,0,21735894,3303,0
2048,34785036720945,34785040340835,20017182,sB-eth3,up,34785040159922,netem,26439484,19286,0,0,0,0,0,25417882,3811,0,25417102,3795,0
2049,34785056710246,34785058527015,19989301,sA-eth3,up,34785058356303,netem,22610676,16558,0,0,0,0,0,21522978,3215,0,21735894,3303,0
2049,34785056710246,34785060210884,19989301,sB-eth3,up,34785060049632,netem,26439484,19286,0,0,0,0,0,25417882,3811,0,25417102,3795,0
2050,34785076699136,34785078483686,19988890,sA-eth3,up,34785078315304,netem,22610676,16558,0,0,0,0,0,21522978,3215,0,21735894,3303,0
2050,34785076699136,34785080185515,19988890,sB-eth3,up,34785079988112,netem,26439484,19286,0,0,0,0,0,25417882,3811,0,25417102,3795,0
2051,34785096705857,34785098509417,20006721,sA-eth3,up,34785098339725,netem,22610676,16558,0,0,0,0,0,21522978,3215,0,21735894,3303,0
2051,34785096705857,34785100609480,20006721,sB-eth3,up,34785100450148,netem,26439484,19286,0,0,0,0,0,25417882,3811,0,25417102,3795,0
2052,34785116710738,34785118598698,20004881,sA-eth3,up,34785118417127,netem,22610676,16558,0,0,0,0,0,21522978,3215,0,21735894,3303,0
2052,34785116710738,34785120380818,20004881,sB-eth3,up,34785120199927,netem,26439484,19286,0,0,0,0,0,25417882,3811,0,25417102,3795,0
2053,34785136717049,34785138654800,20006311,sA-eth3,up,34785138464758,netem,22610676,16558,0,0,0,0,0,21522978,3215,0,21735894,3303,0
2053,34785136717049,34785140476200,20006311,sB-eth3,up,34785140300408,netem,26439484,19286,0,0,0,0,0,25417882,3811,0,25417102,3795,0
2054,34785156713450,34785158595760,19996401,sA-eth3,up,34785158418968,netem,22610676,16558,0,0,0,0,0,21522978,3215,0,21735894,3303,0
2054,34785156713450,34785160377300,19996401,sB-eth3,up,34785160198509,netem,26439484,19286,0,0,0,0,0,25417882,3811,0,25417102,3795,0
2055,34785176708371,34785178586381,19994921,sA-eth3,up,34785178408030,netem,22610676,16558,0,0,0,0,0,21522978,3215,0,21735894,3303,0
2055,34785176708371,34785180374531,19994921,sB-eth3,up,34785180189309,netem,26439484,19286,0,0,0,0,0,25417882,3811,0,25417102,3795,0
2056,34785196716091,34785198597392,20007720,sA-eth3,up,34785198419150,netem,22610676,16558,0,0,0,0,0,21522978,3215,0,21735894,3303,0
2056,34785196716091,34785200359472,20007720,sB-eth3,up,34785200181139,netem,26439484,19286,0,0,0,0,0,25417882,3811,0,25417102,3795,0
2057,34785216710322,34785218594753,19994231,sA-eth3,up,34785218416131,netem,22610676,16558,0,0,0,0,0,21522978,3215,0,21735894,3303,0
2057,34785216710322,34785220341162,19994231,sB-eth3,up,34785220144940,netem,26439484,19286,0,0,0,0,0,25417882,3811,0,25417102,3795,0
2058,34785236722023,34785238543223,20011701,sA-eth3,up,34785238366602,netem,22610676,16558,0,0,0,0,0,21522978,3215,0,21735894,3303,0
2058,34785236722023,34785240259772,20011701,sB-eth3,up,34785240093550,netem,26439484,19286,0,0,0,0,0,25417882,3811,0,25417102,3795,0
2059,34785256754875,34785258854558,20032852,sA-eth3,up,34785258618525,netem,22610676,16558,0,0,0,0,0,21522978,3215,0,21735894,3303,0
2059,34785256754875,34785260605867,20032852,sB-eth3,up,34785260427735,netem,26439484,19286,0,0,0,0,0,25417882,3811,0,25417102,3795,0
2060,34785276724215,34785278657586,19969340,sA-eth3,up,34785278462475,netem,22610676,16558,0,0,0,0,0,21522978,3215,0,21735894,3303,0
2060,34785276724215,34785280435345,19969340,sB-eth3,up,34785280251084,netem,26439484,19286,0,0,0,0,0,25417882,3811,0,25417102,3795,0
2061,34785296717826,34785298672768,19993611,sA-eth3,up,34785298481855,netem,22610676,16558,0,0,0,0,0,21522978,3215,0,21735894,3303,0
2061,34785296717826,34785300372677,19993611,sB-eth3,up,34785300192754,netem,26439484,19286,0,0,0,0,0,25417882,3811,0,25417102,3795,0
2062,34785316703656,34785318534257,19985830,sA-eth3,up,34785318359125,netem,22610676,16558,0,0,0,0,0,21522978,3215,0,21735894,3303,0
2062,34785316703656,34785320323517,19985830,sB-eth3,up,34785320086194,netem,26439484,19286,0,0,0,0,0,25417882,3811,0,25417102,3795,0
2063,34785336707658,34785338540898,20004002,sA-eth3,up,34785338355126,netem,22610676,16558,0,0,0,0,0,21522978,3215,0,21735894,3303,0
2063,34785336707658,34785340215997,20004002,sB-eth3,up,34785340046964,netem,26439484,19286,0,0,0,0,0,25417882,3811,0,25417102,3795,0
2064,34785356715608,34785358556998,20007950,sA-eth3,up,34785358371627,netem,22610676,16558,0,0,0,0,0,21522978,3215,0,21735894,3303,0
2064,34785356715608,34785360335618,20007950,sB-eth3,up,34785360155626,netem,26439484,19286,0,0,0,0,0,25417882,3811,0,25417102,3795,0
2065,34785376709849,34785378608140,19994241,sA-eth3,up,34785378418778,netem,22610676,16558,0,0,0,0,0,21522978,3215,0,21735894,3303,0
2065,34785376709849,34785380337980,19994241,sB-eth3,up,34785380158767,netem,26439484,19286,0,0,0,0,0,25417882,3811,0,25417102,3795,0
2066,34785396708220,34785398576850,19998371,sA-eth3,up,34785398399088,netem,22610676,16558,0,0,0,0,0,21522978,3215,0,21735894,3303,0
2066,34785396708220,34785400326160,19998371,sB-eth3,up,34785400150828,netem,26439484,19286,0,0,0,0,0,25417882,3811,0,25417102,3795,0
2067,34785416701321,34785418497731,19993101,sA-eth3,up,34785418329489,netem,22610676,16558,0,0,0,0,0,21522978,3215,0,21735894,3303,0
2067,34785416701321,34785420190910,19993101,sB-eth3,up,34785420023618,netem,26439484,19286,0,0,0,0,0,25417882,3811,0,25417102,3795,0
2068,34785436704301,34785438533303,20002980,sA-eth3,up,34785438361470,netem,22610676,16558,0,0,0,0,0,21522978,3215,0,21735894,3303,0
2068,34785436704301,34785440197520,20002980,sB-eth3,up,34785440035439,netem,26439484,19286,0,0,0,0,0,25417882,3811,0,25417102,3795,0
2069,34785456717533,34785458590713,20013232,sA-eth3,up,34785458414002,netem,22610676,16558,0,0,0,0,0,21522978,3215,0,21735894,3303,0
2069,34785456717533,34785460260992,20013232,sB-eth3,up,34785460104380,netem,26439484,19286,0,0,0,0,0,25417882,3811,0,25417102,3795,0
2070,34785476705663,34785478540185,19988130,sA-eth3,up,34785478364892,netem,22610676,16558,0,0,0,0,0,21522978,3215,0,21735894,3303,0
2070,34785476705663,34785480219092,19988130,sB-eth3,up,34785480064202,netem,26439484,19286,0,0,0,0,0,25417882,3811,0,25417102,3795,0
2071,34785496709055,34785498529955,20003392,sA-eth3,up,34785498354573,netem,22610676,16558,0,0,0,0,0,21522978,3215,0,21735894,3303,0
2071,34785496709055,34785500197983,20003392,sB-eth3,up,34785500041691,netem,26439484,19286,0,0,0,0,0,25417882,3811,0,25417102,3795,0
2072,34785516702496,34785518528695,19993441,sA-eth3,up,34785518365304,netem,22610676,16558,0,0,0,0,0,21522978,3215,0,21735894,3303,0
2072,34785516702496,34785520195134,19993441,sB-eth3,up,34785520034962,netem,26439484,19286,0,0,0,0,0,25417882,3811,0,25417102,3795,0
2073,34785536715466,34785538548707,20012970,sA-eth3,up,34785538376165,netem,22610676,16558,0,0,0,0,0,21522978,3215,0,21735894,3303,0
2073,34785536715466,34785540209605,20012970,sB-eth3,up,34785540053294,netem,26439484,19286,0,0,0,0,0,25417882,3811,0,25417102,3795,0
2074,34785556703018,34785558566378,19987552,sA-eth3,up,34785558401746,netem,22610676,16558,0,0,0,0,0,21522978,3215,0,21735894,3303,0
2074,34785556703018,34785560247717,19987552,sB-eth3,up,34785560093535,netem,26439484,19286,0,0,0,0,0,25417882,3811,0,25417102,3795,0
2075,34785576717528,34785578506518,20014510,sA-eth3,up,34785578331806,netem,22610676,16558,0,0,0,0,0,21522978,3215,0,21735894,3303,0
2075,34785576717528,34785580216147,20014510,sB-eth3,up,34785580060065,netem,26439484,19286,0,0,0,0,0,25417882,3811,0,25417102,3795,0
2076,34785596706479,34785598511378,19988951,sA-eth3,up,34785598339308,netem,22610676,16558,0,0,0,0,0,21522978,3215,0,21735894,3303,0
2076,34785596706479,34785600202968,19988951,sB-eth3,up,34785600044836,netem,26439484,19286,0,0,0,0,0,25417882,3811,0,25417102,3795,0
2077,34785616709920,34785618561331,20003441,sA-eth3,up,34785618390098,netem,22610676,16558,0,0,0,0,0,21522978,3215,0,21735894,3303,0
2077,34785616709920,34785620368850,20003441,sB-eth3,up,34785620152768,netem,26439484,19286,0,0,0,0,0,25417882,3811,0,25417102,3795,0
2078,34785636706121,34785638601651,19996201,sA-eth3,up,34785638429980,netem,22610676,16558,0,0,0,0,0,21522978,3215,0,21735894,3303,0
2078,34785636706121,34785640269290,19996201,sB-eth3,up,34785640113258,netem,26439484,19286,0,0,0,0,0,25417882,3811,0,25417102,3795,0
2079,34785656709741,34785658511221,20003620,sA-eth3,up,34785658335230,netem,22610676,16558,0,0,0,0,0,21522978,3215,0,21735894,3303,0
2079,34785656709741,34785660176390,20003620,sB-eth3,up,34785660018848,netem,26439484,19286,0,0,0,0,0,25417882,3811,0,25417102,3795,0
2080,34785676708453,34785678518422,19998712,sA-eth3,up,34785678336300,netem,22610676,16558,0,0,0,0,0,21522978,3215,0,21735894,3303,0
2080,34785676708453,34785680191651,19998712,sB-eth3,up,34785680031099,netem,26439484,19286,0,0,0,0,0,25417882,3811,0,25417102,3795,0
2081,34785696709114,34785698596734,20000661,sA-eth3,up,34785698419183,netem,22610676,16558,0,0,0,0,0,21522978,3215,0,21735894,3303,0
2081,34785696709114,34785700260382,20000661,sB-eth3,up,34785700101961,netem,26439484,19286,0,0,0,0,0,25417882,3811,0,25417102,3795,0
2082,34785716702384,34785718628836,19993270,sA-eth3,up,34785718463903,netem,22610676,16558,0,0,0,0,0,21522978,3215,0,21735894,3303,0
2082,34785716702384,34785720304914,19993270,sB-eth3,up,34785720130962,netem,26439484,19286,0,0,0,0,0,25417882,3811,0,25417102,3795,0
2083,34785736705516,34785738531665,20003132,sA-eth3,up,34785738362383,netem,22610676,16558,0,0,0,0,0,21522978,3215,0,21735894,3303,0
2083,34785736705516,34785740194744,20003132,sB-eth3,up,34785740039882,netem,26439484,19286,0,0,0,0,0,25417882,3811,0,25417102,3795,0
2084,34785756697786,34785758476585,19992270,sA-eth3,up,34785758308983,netem,22610676,16558,0,0,0,0,0,21522978,3215,0,21735894,3303,0
2084,34785756697786,34785760244355,19992270,sB-eth3,up,34785760070623,netem,26439484,19286,0,0,0,0,0,25417882,3811,0,25417102,3795,0
2085,34785776715177,34785778613438,20017391,sA-eth3,up,34785778411085,netem,22610676,16558,0,0,0,0,0,21522978,3215,0,21735894,3303,0
2085,34785776715177,34785780293507,20017391,sB-eth3,up,34785780125195,netem,26439484,19286,0,0,0,0,0,25417882,3811,0,25417102,3795,0
2086,34785796715768,34785798599858,20000591,sA-eth3,up,34785798419367,netem,22610676,16558,0,0,0,0,0,21522978,3215,0,21735894,3303,0
2086,34785796715768,34785800247257,20000591,sB-eth3,up,34785800091965,netem,26439484,19286,0,0,0,0,0,25417882,3811,0,25417102,3795,0
2087,34785816710539,34785818478898,19994771,sA-eth3,up,34785818311437,netem,22610676,16558,0,0,0,0,0,21522978,3215,0,21735894,3303,0
2087,34785816710539,34785820196257,19994771,sB-eth3,up,34785820034365,netem,26439484,19286,0,0,0,0,0,25417882,3811,0,25417102,3795,0
2088,34785836706099,34785838567801,19995560,sA-eth3,up,34785838369458,netem,22610676,16558,0,0,0,0,0,21522978,3215,0,21735894,3303,0
2088,34785836706099,34785840253639,19995560,sB-eth3,up,34785840089627,netem,26439484,19286,0,0,0,0,0,25417882,3811,0,25417102,3795,0
2089,34785856702121,34785858507951,19996022,sA-eth3,up,34785858334698,netem,22610676,16558,0,0,0,0,0,21522978,3215,0,21735894,3303,0
2089,34785856702121,34785860166969,19996022,sB-eth3,up,34785859996877,netem,26439484,19286,0,0,0,0,0,25417882,3811,0,25417102,3795,0
2090,34785876705021,34785878549471,20002900,sA-eth3,up,34785878381550,netem,22610676,16558,0,0,0,0,0,21522978,3215,0,21735894,3303,0
2090,34785876705021,34785880206080,20002900,sB-eth3,up,34785880051488,netem,26439484,19286,0,0,0,0,0,25417882,3811,0,25417102,3795,0
2091,34785896701742,34785898471221,19996721,sA-eth3,up,34785898308180,netem,22610676,16558,0,0,0,0,0,21522978,3215,0,21735894,3303,0
2091,34785896701742,34785900147400,19996721,sB-eth3,up,34785899965898,netem,26439484,19286,0,0,0,0,0,25417882,3811,0,25417102,3795,0
2092,34785916699553,34785918461432,19997811,sA-eth3,up,34785918292051,netem,22610676,16558,0,0,0,0,0,21522978,3215,0,21735894,3303,0
2092,34785916699553,34785920144981,19997811,sB-eth3,up,34785919966959,netem,26439484,19286,0,0,0,0,0,25417882,3811,0,25417102,3795,0
2093,34785936702844,34785938527154,20003291,sA-eth3,up,34785938361583,netem,22610676,16558,0,0,0,0,0,21522978,3215,0,21735894,3303,0
2093,34785936702844,34785940167582,20003291,sB-eth3,up,34785939998750,netem,26439484,19286,0,0,0,0,0,25417882,3811,0,25417102,3795,0
2094,34785956714346,34785958834038,20011502,sA-eth3,up,34785958664816,netem,22610676,16558,0,0,0,0,0,21522978,3215,0,21735894,3303,0
2094,34785956714346,34785960525437,20011502,sB-eth3,up,34785960369026,netem,26439484,19286,0,0,0,0,0,25417882,3811,0,25417102,3795,0
2095,34785976704036,34785978938371,19989690,sA-eth3,up,34785978774509,netem,22610676,16558,0,0,0,0,0,21522978,3215,0,21735894,3303,0
2095,34785976704036,34785980945503,19989690,sB-eth3,up,34785980772861,netem,26439484,19286,0,0,0,0,0,25417882,3811,0,25417102,3795,0
2096,34785996705926,34785998538077,20001890,sA-eth3,up,34785998357195,netem,22610676,16558,0,0,0,0,0,21522978,3215,0,21735894,3303,0
2096,34785996705926,34786000233725,20001890,sB-eth3,up,34786000069814,netem,26439484,19286,0,0,0,0,0,25417882,3811,0,25417102,3795,0
2097,34786016704938,34786018517648,19999012,sA-eth3,up,34786018345556,netem,22610676,16558,0,0,0,0,0,21522978,3215,0,21735894,3303,0
2097,34786016704938,34786020213297,19999012,sB-eth3,up,34786020040655,netem,26439484,19286,0,0,0,0,0,25417882,3811,0,25417102,3795,0
2098,34786036714448,34786038628200,20009510,sA-eth3,up,34786038443248,netem,22610676,16558,0,0,0,0,0,21522978,3215,0,21735894,3303,0
2098,34786036714448,34786040356758,20009510,sB-eth3,up,34786040174667,netem,26439484,19286,0,0,0,0,0,25417882,3811,0,25417102,3795,0
2099,34786056706349,34786059059945,19991901,sA-eth3,up,34786058873714,netem,22610676,16558,0,0,0,0,0,21522978,3215,0,21735894,3303,0
2099,34786056706349,34786060882036,19991901,sB-eth3,up,34786060710233,netem,26439484,19286,0,0,0,0,0,25417882,3811,0,25417102,3795,0
2100,34786076712391,34786078499100,20006042,sA-eth3,up,34786078325488,netem,22610676,16558,0,0,0,0,0,21522978,3215,0,21735894,3303,0
2100,34786076712391,34786080239650,20006042,sB-eth3,up,34786080080537,netem,26439484,19286,0,0,0,0,0,25417882,3811,0,25417102,3795,0
2101,34786096707531,34786098521711,19995140,sA-eth3,up,34786098349249,netem,22610676,16558,0,0,0,0,0,21522978,3215,0,21735894,3303,0
2101,34786096707531,34786100187400,19995140,sB-eth3,up,34786100027108,netem,26439484,19286,0,0,0,0,0,25417882,3811,0,25417102,3795,0
2102,34786116718842,34786118555893,20011311,sA-eth3,up,34786118385571,netem,22610676,16558,0,0,0,0,0,21522978,3215,0,21735894,3303,0
2102,34786116718842,34786120268221,20011311,sB-eth3,up,34786120111860,netem,26439484,19286,0,0,0,0,0,25417882,3811,0,25417102,3795,0
2103,34786136709413,34786138563133,19990571,sA-eth3,up,34786138393111,netem,22610676,16558,0,0,0,0,0,21522978,3215,0,21735894,3303,0
2103,34786136709413,34786140252813,19990571,sB-eth3,up,34786140085910,netem,26439484,19286,0,0,0,0,0,25417882,3811,0,25417102,3795,0
2104,34786156711504,34786158486153,20002091,sA-eth3,up,34786158313881,netem,22610676,16558,0,0,0,0,0,21522978,3215,0,21735894,3303,0
2104,34786156711504,34786160203803,20002091,sB-eth3,up,34786160043000,netem,26439484,19286,0,0,0,0,0,25417882,3811,0,25417102,3795,0
2105,34786176703554,34786178480814,19992050,sA-eth3,up,34786178307613,netem,22610676,16558,0,0,0,0,0,21522978,3215,0,21735894,3303,0
2105,34786176703554,34786180149893,19992050,sB-eth3,up,34786179980941,netem,26439484,19286,0,0,0,0,0,25417882,3811,0,25417102,3795,0
2106,34786196712846,34786198545976,20009292,sA-eth3,up,34786198376114,netem,22610676,16558,0,0,0,0,0,21522978,3215,0,21735894,3303,0
2106,34786196712846,34786200215504,20009292,sB-eth3,up,34786200050763,netem,26439484,19286,0,0,0,0,0,25417882,3811,0,25417102,3795,0
2107,34786216707126,34786218555047,19994280,sA-eth3,up,34786218381645,netem,22610676,16558,0,0,0,0,0,21522978,3215,0,21735894,3303,0
2107,34786216707126,34786220226415,19994280,sB-eth3,up,34786220063613,netem,26439484,19286,0,0,0,0,0,25417882,3811,0,25417102,3795,0
2108,34786236712308,34786238542848,20005182,sA-eth3,up,34786238368656,netem,22610676,16558,0,0,0,0,0,21522978,3215,0,21735894,3303,0
2108,34786236712308,34786240273387,20005182,sB-eth3,up,34786240115415,netem,26439484,19286,0,0,0,0,0,25417882,3811,0,25417102,3795,0
2109,34786256704488,34786259023094,19992180,sA-eth3,up,34786258832301,netem,22610676,16558,0,0,0,0,0,21522978,3215,0,21735894,3303,0
2109,34786256704488,34786260775073,19992180,sB-eth3,up,34786260613031,netem,26439484,19286,0,0,0,0,0,25417882,3811,0,25417102,3795,0
2110,34786276710449,34786278562010,20005961,sA-eth3,up,34786278392418,netem,22610676,16558,0,0,0,0,0,21522978,3215,0,21735894,3303,0
2110,34786276710449,34786280506881,20005961,sB-eth3,up,34786280350000,netem,26439484,19286,0,0,0,0,0,25417882,3811,0,25417102,3795,0
2111,34786296713110,34786298729672,20002661,sA-eth3,up,34786298534900,netem,22610676,16558,0,0,0,0,0,21522978,3215,0,21735894,3303,0
2111,34786296713110,34786300630533,20002661,sB-eth3,up,34786300467741,netem,26439484,19286,0,0,0,0,0,25417882,3811,0,25417102,3795,0
2112,34786316702421,34786318540591,19989311,sA-eth3,up,34786318376259,netem,22610676,16558,0,0,0,0,0,21522978,3215,0,21735894,3303,0
2112,34786316702421,34786321039609,19989311,sB-eth3,up,34786320858616,netem,26439484,19286,0,0,0,0,0,25417882,3811,0,25417102,3795,0
2113,34786336703731,34786339063177,20001310,sA-eth3,up,34786338848206,netem,22610676,16558,0,0,0,0,0,21522978,3215,0,21735894,3303,0
2113,34786336703731,34786341096220,20001310,sB-eth3,up,34786340911898,netem,26439484,19286,0,0,0,0,0,25417882,3811,0,25417102,3795,0
2114,34786356703512,34786358802216,19999781,sA-eth3,up,34786358636624,netem,22610676,16558,0,0,0,0,0,21522978,3215,0,21735894,3303,0
2114,34786356703512,34786360504615,19999781,sB-eth3,up,34786360351473,netem,26439484,19286,0,0,0,0,0,25417882,3811,0,25417102,3795,0
2115,34786376709824,34786378899428,20006312,sA-eth3,up,34786378716116,netem,22610676,16558,0,0,0,0,0,21522978,3215,0,21735894,3303,0
2115,34786376709824,34786381055032,20006312,sB-eth3,up,34786380871119,netem,26439484,19286,0,0,0,0,0,25417882,3811,0,25417102,3795,0
2116,34786396711504,34786399122871,20001680,sA-eth3,up,34786398923979,netem,22610676,16558,0,0,0,0,0,21522978,3215,0,21735894,3303,0
2116,34786396711504,34786400873411,20001680,sB-eth3,up,34786400710508,netem,26439484,19286,0,0,0,0,0,25417882,3811,0,25417102,3795,0
2117,34786416729996,34786418778548,20018492,sA-eth3,up,34786418524625,netem,22610676,16558,0,0,0,0,0,21522978,3215,0,21735894,3303,0
2117,34786416729996,34786421033093,20018492,sB-eth3,up,34786420778641,netem,26439484,19286,0,0,0,0,0,25417882,3811,0,25417102,3795,0
2118,34786436726356,34786438808139,19996360,sA-eth3,up,34786438560806,netem,22610676,16558,0,0,0,0,0,21522978,3215,0,21735894,3303,0
2118,34786436726356,34786441175326,19996360,sB-eth3,up,34786440935133,netem,26439484,19286,0,0,0,0,0,25417882,3811,0,25417102,3795,0
2119,34786456726807,34786459137264,20000451,sA-eth3,up,34786458880161,netem,22610676,16558,0,0,0,0,0,21522978,3215,0,21735894,3303,0
2119,34786456726807,34786460926703,20000451,sB-eth3,up,34786460718641,netem,26439484,19286,0,0,0,0,0,25417882,3811,0,25417102,3795,0
2120,34786476723828,34786478589258,19997021,sA-eth3,up,34786478412187,netem,22610676,16558,0,0,0,0,0,21522978,3215,0,21735894,3303,0
2120,34786476723828,34786480737833,19997021,sB-eth3,up,34786480577960,netem,26439484,19286,0,0,0,0,0,25417882,3811,0,25417102,3795,0
2121,34786496705599,34786498908983,19981771,sA-eth3,up,34786498742711,netem,22610676,16558,0,0,0,0,0,21522978,3215,0,21735894,3303,0
2121,34786496705599,34786501057946,19981771,sB-eth3,up,34786500885164,netem,26439484,19286,0,0,0,0,0,25417882,3811,0,25417102,3795,0
2122,34786516703279,34786518611481,19997680,sA-eth3,up,34786518448218,netem,22610676,16558,0,0,0,0,0,21522978,3215,0,21735894,3303,0
2122,34786516703279,34786520480871,19997680,sB-eth3,up,34786520321070,netem,26439484,19286,0,0,0,0,0,25417882,3811,0,25417102,3795,0
2123,34786536704231,34786538538941,20000952,sA-eth3,up,34786538365949,netem,22610676,16558,0,0,0,0,0,21522978,3215,0,21735894,3303,0
2123,34786536704231,34786540502843,20000952,sB-eth3,up,34786540347740,netem,26439484,19286,0,0,0,0,0,25417882,3811,0,25417102,3795,0
2124,34786556701852,34786558745584,19997621,sA-eth3,up,34786558562571,netem,22610676,16558,0,0,0,0,0,21522978,3215,0,21735894,3303,0
2124,34786556701852,34786561155040,19997621,sB-eth3,up,34786560984299,netem,26439484,19286,0,0,0,0,0,25417882,3811,0,25417102,3795,0
2125,34786576698862,34786578926947,19997010,sA-eth3,up,34786578758655,netem,22610676,16558,0,0,0,0,0,21522978,3215,0,21735894,3303,0
2125,34786576698862,34786580848668,19997010,sB-eth3,up,34786580693806,netem,26439484,19286,0,0,0,0,0,25417882,3811,0,25417102,3795,0
2126,34786596700904,34786598790446,20002042,sA-eth3,up,34786598624184,netem,22610676,16558,0,0,0,0,0,21522978,3215,0,21735894,3303,0
2126,34786596700904,34786600496915,20002042,sB-eth3,up,34786600339133,netem,26439484,19286,0,0,0,0,0,25417882,3811,0,25417102,3795,0
2127,34786616702724,34786618574724,20001820,sA-eth3,up,34786618412603,netem,22610676,16558,0,0,0,0,0,21522978,3215,0,21735894,3303,0
2127,34786616702724,34786620242273,20001820,sB-eth3,up,34786620091511,netem,26439484,19286,0,0,0,0,0,25417882,3811,0,25417102,3795,0
2128,34786636710715,34786638572826,20007991,sA-eth3,up,34786638400253,netem,22610676,16558,0,0,0,0,0,21522978,3215,0,21735894,3303,0
2128,34786636710715,34786640706519,20007991,sB-eth3,up,34786640552318,netem,26439484,19286,0,0,0,0,0,25417882,3811,0,25417102,3795,0
2129,34786656704046,34786658500516,19993331,sA-eth3,up,34786658334494,netem,22610676,16558,0,0,0,0,0,21522978,3215,0,21735894,3303,0
2129,34786656704046,34786660151484,19993331,sB-eth3,up,34786659985942,netem,26439484,19286,0,0,0,0,0,25417882,3811,0,25417102,3795,0
2130,34786676698597,34786678591617,19994551,sA-eth3,up,34786678425336,netem,22610676,16558,0,0,0,0,0,21522978,3215,0,21735894,3303,0
2130,34786676698597,34786680395158,19994551,sB-eth3,up,34786680229445,netem,26439484,19286,0,0,0,0,0,25417882,3811,0,25417102,3795,0
2131,34786696706237,34786698488597,20007640,sA-eth3,up,34786698321056,netem,22610676,16558,0,0,0,0,0,21522978,3215,0,21735894,3303,0
2131,34786696706237,34786700164396,20007640,sB-eth3,up,34786699991554,netem,26439484,19286,0,0,0,0,0,25417882,3811,0,25417102,3795,0
2132,34786716717659,34786718676501,20011422,sA-eth3,up,34786718507708,netem,22610676,16558,0,0,0,0,0,21522978,3215,0,21735894,3303,0
2132,34786716717659,34786720431660,20011422,sB-eth3,up,34786720251448,netem,26439484,19286,0,0,0,0,0,25417882,3811,0,25417102,3795,0
2133,34786736707479,34786738552159,19989820,sA-eth3,up,34786738384458,netem,22610676,16558,0,0,0,0,0,21522978,3215,0,21735894,3303,0
2133,34786736707479,34786740209898,19989820,sB-eth3,up,34786740052456,netem,26439484,19286,0,0,0,0,0,25417882,3811,0,25417102,3795,0
2134,34786756715160,34786758556731,20007681,sA-eth3,up,34786758377579,netem,22610676,16558,0,0,0,0,0,21522978,3215,0,21735894,3303,0
2134,34786756715160,34786760243949,20007681,sB-eth3,up,34786760085308,netem,26439484,19286,0,0,0,0,0,25417882,3811,0,25417102,3795,0
2135,34786776712861,34786778526351,19997701,sA-eth3,up,34786778356949,netem,22610676,16558,0,0,0,0,0,21522978,3215,0,21735894,3303,0
2135,34786776712861,34786780194300,19997701,sB-eth3,up,34786780037478,netem,26439484,19286,0,0,0,0,0,25417882,3811,0,25417102,3795,0
2136,34786796704832,34786798531032,19991971,sA-eth3,up,34786798360780,netem,22610676,16558,0,0,0,0,0,21522978,3215,0,21735894,3303,0
2136,34786796704832,34786800686546,19991971,sB-eth3,up,34786800520154,netem,26439484,19286,0,0,0,0,0,25417882,3811,0,25417102,3795,0
2137,34786816706702,34786818504193,20001870,sA-eth3,up,34786818328851,netem,22610676,16558,0,0,0,0,0,21522978,3215,0,21735894,3303,0
2137,34786816706702,34786820361213,20001870,sB-eth3,up,34786820190241,netem,26439484,19286,0,0,0,0,0,25417882,3811,0,25417102,3795,0
2138,34786836703224,34786838544914,19996522,sA-eth3,up,34786838370092,netem,22610676,16558,0,0,0,0,0,21522978,3215,0,21735894,3303,0
2138,34786836703224,34786840374974,19996522,sB-eth3,up,34786840206783,netem,26439484,19286,0,0,0,0,0,25417882,3811,0,25417102,3795,0
2139,34786856709434,34786858522825,20006210,sA-eth3,up,34786858357963,netem,22610676,16558,0,0,0,0,0,21522978,3215,0,21735894,3303,0
2139,34786856709434,34786860350815,20006210,sB-eth3,up,34786860179343,netem,26439484,19286,0,0,0,0,0,25417882,3811,0,25417102,3795,0
2140,34786876709686,34786878621436,20000252,sA-eth3,up,34786878439104,netem,22610676,16558,0,0,0,0,0,21522978,3215,0,21735894,3303,0
2140,34786876709686,34786880466807,20000252,sB-eth3,up,34786880310396,netem,26439484,19286,0,0,0,0,0,25417882,3811,0,25417102,3795,0
2141,34786896704167,34786898536997,19994481,sA-eth3,up,34786898367425,netem,22610676,16558,0,0,0,0,0,21522978,3215,0,21735894,3303,0
2141,34786896704167,34786900373847,19994481,sB-eth3,up,34786900206375,netem,26439484,19286,0,0,0,0,0,25417882,3811,0,25417102,3795,0
2142,34786916703207,34786918498987,19999040,sA-eth3,up,34786918336606,netem,22610676,16558,0,0,0,0,0,21522978,3215,0,21735894,3303,0
2142,34786916703207,34786920324168,19999040,sB-eth3,up,34786920131346,netem,26439484,19286,0,0,0,0,0,25417882,3811,0,25417102,3795,0
2143,34786936712328,34786938543569,20009121,sA-eth3,up,34786938376987,netem,22610676,16558,0,0,0,0,0,21522978,3215,0,21735894,3303,0
2143,34786936712328,34786940360169,20009121,sB-eth3,up,34786940192386,netem,26439484,19286,0,0,0,0,0,25417882,3811,0,25417102,3795,0
2144,34786956709959,34786958567759,19997631,sA-eth3,up,34786958400348,netem,22610676,16558,0,0,0,0,0,21522978,3215,0,21735894,3303,0
2144,34786956709959,34786960407271,19997631,sB-eth3,up,34786960238978,netem,26439484,19286,0,0,0,0,0,25417882,3811,0,25417102,3795,0
2145,34786976712110,34786978577581,20002151,sA-eth3,up,34786978409498,netem,22610676,16558,0,0,0,0,0,21522978,3215,0,21735894,3303,0
2145,34786976712110,34786980450731,20002151,sB-eth3,up,34786980291309,netem,26439484,19286,0,0,0,0,0,25417882,3811,0,25417102,3795,0
2146,34786996702701,34786998491271,19990591,sA-eth3,up,34786998326369,netem,22610676,16558,0,0,0,0,0,21522978,3215,0,21735894,3303,0
2146,34786996702701,34787000368951,19990591,sB-eth3,up,34787000198179,netem,26439484,19286,0,0,0,0,0,25417882,3811,0,25417102,3795,0
2147,34787016704692,34787018518181,20001991,sA-eth3,up,34787018353439,netem,22610676,16558,0,0,0,0,0,21522978,3215,0,21735894,3303,0
2147,34787016704692,34787020424663,20001991,sB-eth3,up,34787020247581,netem,26439484,19286,0,0,0,0,0,25417882,3811,0,25417102,3795,0
2148,34787036715153,34787038657044,20010461,sA-eth3,up,34787038472712,netem,22610676,16558,0,0,0,0,0,21522978,3215,0,21735894,3303,0
2148,34787036715153,34787040622226,20010461,sB-eth3,up,34787040446484,netem,26439484,19286,0,0,0,0,0,25417882,3811,0,25417102,3795,0
2149,34787056705154,34787058597394,19990001,sA-eth3,up,34787058423842,netem,22610676,16558,0,0,0,0,0,21522978,3215,0,21735894,3303,0
2149,34787056705154,34787060841649,19990001,sB-eth3,up,34787060682867,netem,26439484,19286,0,0,0,0,0,25417882,3811,0,25417102,3795,0
2150,34787076697435,34787078572135,19992281,sA-eth3,up,34787078401383,netem,22610676,16558,0,0,0,0,0,21522978,3215,0,21735894,3303,0
2150,34787076697435,34787080712409,19992281,sB-eth3,up,34787080556417,netem,26439484,19286,0,0,0,0,0,25417882,3811,0,25417102,3795,0
2151,34787096707235,34787098512185,20009800,sA-eth3,up,34787098345754,netem,22610676,16558,0,0,0,0,0,21522978,3215,0,21735894,3303,0
2151,34787096707235,34787100982022,20009800,sB-eth3,up,34787100825441,netem,26439484,19286,0,0,0,0,0,25417882,3811,0,25417102,3795,0
2152,34787116702637,34787118544186,19995402,sA-eth3,up,34787118369284,netem,22610676,16558,0,0,0,0,0,21522978,3215,0,21735894,3303,0
2152,34787116702637,34787120459888,19995402,sB-eth3,up,34787120305056,netem,26439484,19286,0,0,0,0,0,25417882,3811,0,25417102,3795,0
2153,34787136711987,34787138578137,20009350,sA-eth3,up,34787138413256,netem,22610676,16558,0,0,0,0,0,21522978,3215,0,21735894,3303,0
2153,34787136711987,34787140508219,20009350,sB-eth3,up,34787140355347,netem,26439484,19286,0,0,0,0,0,25417882,3811,0,25417102,3795,0
2154,34787156708297,34787158587179,19996310,sA-eth3,up,34787158423107,netem,22610676,16558,0,0,0,0,0,21522978,3215,0,21735894,3303,0
2154,34787156708297,34787161025295,19996310,sB-eth3,up,34787160858274,netem,26439484,19286,0,0,0,0,0,25417882,3811,0,25417102,3795,0
2155,34787176706109,34787178785111,19997812,sA-eth3,up,34787178504969,netem,22610676,16558,0,0,0,0,0,21522978,3215,0,21735894,3303,0
2155,34787176706109,34787180596862,19997812,sB-eth3,up,34787180426981,netem,26439484,19286,0,0,0,0,0,25417882,3811,0,25417102,3795,0
2156,34787196717109,34787198775772,20011000,sA-eth3,up,34787198595891,netem,22610676,16558,0,0,0,0,0,21522978,3215,0,21735894,3303,0
2156,34787196717109,34787200763684,20011000,sB-eth3,up,34787200602383,netem,26439484,19286,0,0,0,0,0,25417882,3811,0,25417102,3795,0
2157,34787216713921,34787218720462,19996812,sA-eth3,up,34787218544091,netem,22610676,16558,0,0,0,0,0,21522978,3215,0,21735894,3303,0
2157,34787216713921,34787220712244,19996812,sB-eth3,up,34787220539903,netem,26439484,19286,0,0,0,0,0,25417882,3811,0,25417102,3795,0
2158,34787236712882,34787238640433,19998961,sA-eth3,up,34787238468431,netem,22610676,16558,0,0,0,0,0,21522978,3215,0,21735894,3303,0
2158,34787236712882,34787240567674,19998961,sB-eth3,up,34787240388162,netem,26439484,19286,0,0,0,0,0,25417882,3811,0,25417102,3795,0
2159,34787256707082,34787258553993,19994200,sA-eth3,up,34787258374961,netem,22610676,16558,0,0,0,0,0,21522978,3215,0,21735894,3303,0
2159,34787256707082,34787260385853,19994200,sB-eth3,up,34787260209941,netem,26439484,19286,0,0,0,0,0,25417882,3811,0,25417102,3795,0
2160,34787276698804,34787281532517,19991722,sA-eth3,up,34787281349935,netem,22610676,16558,0,0,0,0,0,21522978,3215,0,21735894,3303,0
2160,34787276698804,34787283516499,19991722,sB-eth3,up,34787283358087,netem,26439484,19286,0,0,0,0,0,25417882,3811,0,25417102,3795,0
2161,34787296708284,34787298775207,20009480,sA-eth3,up,34787298606314,netem,22610676,16558,0,0,0,0,0,21522978,3215,0,21735894,3303,0
2161,34787296708284,34787300514836,20009480,sB-eth3,up,34787300357134,netem,26439484,19286,0,0,0,0,0,25417882,3811,0,25417102,3795,0
2162,34787316706055,34787318554276,19997771,sA-eth3,up,34787318387813,netem,22610676,16558,0,0,0,0,0,21522978,3215,0,21735894,3303,0
2162,34787316706055,34787320233153,19997771,sB-eth3,up,34787320065333,netem,26439484,19286,0,0,0,0,0,25417882,3811,0,25417102,3795,0
2163,34787336707787,34787338517156,20001732,sA-eth3,up,34787338346344,netem,22610676,16558,0,0,0,0,0,21522978,3215,0,21735894,3303,0
2163,34787336707787,34787340188564,20001732,sB-eth3,up,34787340025633,netem,26439484,19286,0,0,0,0,0,25417882,3811,0,25417102,3795,0
2164,34787356712617,34787358532127,20004830,sA-eth3,up,34787358362564,netem,22610676,16558,0,0,0,0,0,21522978,3215,0,21735894,3303,0
2164,34787356712617,34787360209696,20004830,sB-eth3,up,34787360054193,netem,26439484,19286,0,0,0,0,0,25417882,3811,0,25417102,3795,0
2165,34787376710148,34787378584589,19997531,sA-eth3,up,34787378412636,netem,22610676,16558,0,0,0,0,0,21522978,3215,0,21735894,3303,0
2165,34787376710148,34787380268376,19997531,sB-eth3,up,34787380114735,netem,26439484,19286,0,0,0,0,0,25417882,3811,0,25417102,3795,0
2166,34787396715959,34787398561299,20005811,sA-eth3,up,34787398391107,netem,22610676,16558,0,0,0,0,0,21522978,3215,0,21735894,3303,0
2166,34787396715959,34787400803664,20005811,sB-eth3,up,34787400647552,netem,26439484,19286,0,0,0,0,0,25417882,3811,0,25417102,3795,0
2167,34787416707320,34787418546370,19991361,sA-eth3,up,34787418377178,netem,22610676,16558,0,0,0,0,0,21522978,3215,0,21735894,3303,0
2167,34787416707320,34787420264399,19991361,sB-eth3,up,34787420107497,netem,26439484,19286,0,0,0,0,0,25417882,3811,0,25417102,3795,0
2168,34787436714290,34787438678872,20006970,sA-eth3,up,34787438505761,netem,22610676,16558,0,0,0,0,0,21522978,3215,0,21735894,3303,0
2168,34787436714290,34787440511623,20006970,sB-eth3,up,34787440356021,netem,26439484,19286,0,0,0,0,0,25417882,3811,0,25417102,3795,0
2169,34787456708731,34787458566761,19994441,sA-eth3,up,34787458400340,netem,22610676,16558,0,0,0,0,0,21522978,3215,0,21735894,3303,0
2169,34787456708731,34787460484283,19994441,sB-eth3,up,34787460329931,netem,26439484,19286,0,0,0,0,0,25417882,3811,0,25417102,3795,0
2170,34787476710202,34787478593474,20001471,sA-eth3,up,34787478429791,netem,22610676,16558,0,0,0,0,0,21522978,3215,0,21735894,3303,0
2170,34787476710202,34787480418913,20001471,sB-eth3,up,34787480244801,netem,26439484,19286,0,0,0,0,0,25417882,3811,0,25417102,3795,0
2171,34787496699603,34787498491143,19989401,sA-eth3,up,34787498320981,netem,22610676,16558,0,0,0,0,0,21522978,3215,0,21735894,3303,0
2171,34787496699603,34787500480395,19989401,sB-eth3,up,34787500325973,netem,26439484,19286,0,0,0,0,0,25417882,3811,0,25417102,3795,0
2172,34787516710034,34787518557584,20010431,sA-eth3,up,34787518381432,netem,22610676,16558,0,0,0,0,0,21522978,3215,0,21735894,3303,0
2172,34787516710034,34787520368384,20010431,sB-eth3,up,34787520199963,netem,26439484,19286,0,0,0,0,0,25417882,3811,0,25417102,3795,0
2173,34787536704645,34787538907179,19994611,sA-eth3,up,34787538741297,netem,22610676,16558,0,0,0,0,0,21522978,3215,0,21735894,3303,0
2173,34787536704645,34787540744709,19994611,sB-eth3,up,34787540592208,netem,26439484,19286,0,0,0,0,0,25417882,3811,0,25417102,3795,0
2174,34787556703316,34787558612197,19998671,sA-eth3,up,34787558447744,netem,22610676,16558,0,0,0,0,0,21522978,3215,0,21735894,3303,0
2174,34787556703316,34787560571208,19998671,sB-eth3,up,34787560418476,netem,26439484,19286,0,0,0,0,0,25417882,3811,0,25417102,3795,0
2175,34787576705247,34787578493966,20001931,sA-eth3,up,34787578328534,netem,22610676,16558,0,0,0,0,0,21522978,3215,0,21735894,3303,0
2175,34787576705247,34787580346136,20001931,sB-eth3,up,34787580180485,netem,26439484,19286,0,0,0,0,0,25417882,3811,0,25417102,3795,0
2176,34787596698387,34787598516827,19993140,sA-eth3,up,34787598346616,netem,22610676,16558,0,0,0,0,0,21522978,3215,0,21735894,3303,0
2176,34787596698387,34787600349388,19993140,sB-eth3,up,34787600184146,netem,26439484,19286,0,0,0,0,0,25417882,3811,0,25417102,3795,0
2177,34787616703989,34787618567889,20005602,sA-eth3,up,34787618406527,netem,22610676,16558,0,0,0,0,0,21522978,3215,0,21735894,3303,0
2177,34787616703989,34787620723433,20005602,sB-eth3,up,34787620565381,netem,26439484,19286,0,0,0,0,0,25417882,3811,0,25417102,3795,0
2178,34787636711559,34787638743632,20007570,sA-eth3,up,34787638563840,netem,22610676,16558,0,0,0,0,0,21522978,3215,0,21735894,3303,0
2178,34787636711559,34787640640973,20007570,sB-eth3,up,34787640479031,netem,26439484,19286,0,0,0,0,0,25417882,3811,0,25417102,3795,0
2179,34787656702300,34787658519540,19990741,sA-eth3,up,34787658358339,netem,22610676,16558,0,0,0,0,0,21522978,3215,0,21735894,3303,0
2179,34787656702300,34787660335201,19990741,sB-eth3,up,34787660169168,netem,26439484,19286,0,0,0,0,0,25417882,3811,0,25417102,3795,0
2180,34787676704171,34787678516421,20001871,sA-eth3,up,34787678339459,netem,22610676,16558,0,0,0,0,0,21522978,3215,0,21735894,3303,0
2180,34787676704171,34787680463473,20001871,sB-eth3,up,34787680231730,netem,26439484,19286,0,0,0,0,0,25417882,3811,0,25417102,3795,0
2181,34787696714042,34787698591702,20009871,sA-eth3,up,34787698418031,netem,22610676,16558,0,0,0,0,0,21522978,3215,0,21735894,3303,0
2181,34787696714042,34787700434044,20009871,sB-eth3,up,34787700261861,netem,26439484,19286,0,0,0,0,0,25417882,3811,0,25417102,3795,0
2182,34787716717452,34787718637134,20003410,sA-eth3,up,34787718465772,netem,22610676,16558,0,0,0,0,0,21522978,3215,0,21735894,3303,0
2182,34787716717452,34787720867739,20003410,sB-eth3,up,34787720707317,netem,26439484,19286,0,0,0,0,0,25417882,3811,0,25417102,3795,0
2183,34787736706224,34787738539294,19988772,sA-eth3,up,34787738374642,netem,22610676,16558,0,0,0,0,0,21522978,3215,0,21735894,3303,0
2183,34787736706224,34787740360254,19988772,sB-eth3,up,34787740194282,netem,26439484,19286,0,0,0,0,0,25417882,3811,0,25417102,3795,0
2184,34787756709174,34787758524114,20002950,sA-eth3,up,34787758353863,netem,22610676,16558,0,0,0,0,0,21522978,3215,0,21735894,3303,0
2184,34787756709174,34787760327704,20002950,sB-eth3,up,34787760161613,netem,26439484,19286,0,0,0,0,0,25417882,3811,0,25417102,3795,0
2185,34787776703165,34787778523946,19993991,sA-eth3,up,34787778355194,netem,22610676,16558,0,0,0,0,0,21522978,3215,0,21735894,3303,0
2185,34787776703165,34787780651359,19993991,sB-eth3,up,34787780484427,netem,26439484,19286,0,0,0,0,0,25417882,3811,0,25417102,3795,0
2186,34787796707867,34787798655157,20004702,sA-eth3,up,34787798468596,netem,22610676,16558,0,0,0,0,0,21522978,3215,0,21735894,3303,0
2186,34787796707867,34787800958494,20004702,sB-eth3,up,34787800791131,netem,26439484,19286,0,0,0,0,0,25417882,3811,0,25417102,3795,0
2187,34787816716867,34787818606479,20009000,sA-eth3,up,34787818428406,netem,22610676,16558,0,0,0,0,0,21522978,3215,0,21735894,3303,0
2187,34787816716867,34787820897614,20009000,sB-eth3,up,34787820722831,netem,26439484,19286,0,0,0,0,0,25417882,3811,0,25417102,3795,0
2188,34787836726578,34787838671279,20009711,sA-eth3,up,34787838469287,netem,22610676,16558,0,0,0,0,0,21522978,3215,0,21735894,3303,0
2188,34787836726578,34787840516310,20009711,sB-eth3,up,34787840351448,netem,26439484,19286,0,0,0,0,0,25417882,3811,0,25417102,3795,0
2189,34787856713099,34787858590379,19986521,sA-eth3,up,34787858416167,netem,22610676,16558,0,0,0,0,0,21522978,3215,0,21735894,3303,0
2189,34787856713099,34787860424451,19986521,sB-eth3,up,34787860255348,netem,26439484,19286,0,0,0,0,0,25417882,3811,0,25417102,3795,0
2190,34787876722960,34787878639751,20009861,sA-eth3,up,34787878457859,netem,22610676,16558,0,0,0,0,0,21522978,3215,0,21735894,3303,0
2190,34787876722960,34787880527842,20009861,sB-eth3,up,34787880364451,netem,26439484,19286,0,0,0,0,0,25417882,3811,0,25417102,3795,0
2191,34787896720900,34787898641732,19997940,sA-eth3,up,34787898457670,netem,22610676,16558,0,0,0,0,0,21522978,3215,0,21735894,3303,0
2191,34787896720900,34787900531473,19997940,sB-eth3,up,34787900366521,netem,26439484,19286,0,0,0,0,0,25417882,3811,0,25417102,3795,0
2192,34787916704332,34787918540712,19983432,sA-eth3,up,34787918373319,netem,22610676,16558,0,0,0,0,0,21522978,3215,0,21735894,3303,0
2192,34787916704332,34787920349762,19983432,sB-eth3,up,34787920175400,netem,26439484,19286,0,0,0,0,0,25417882,3811,0,25417102,3795,0
2193,34787936715862,34787938614494,20011530,sA-eth3,up,34787938429432,netem,22610676,16558,0,0,0,0,0,21522978,3215,0,21735894,3303,0
2193,34787936715862,34787940447624,20011530,sB-eth3,up,34787940268422,netem,26439484,19286,0,0,0,0,0,25417882,3811,0,25417102,3795,0
2194,34787956716564,34787958606434,20000702,sA-eth3,up,34787958429942,netem,22610676,16558,0,0,0,0,0,21522978,3215,0,21735894,3303,0
2194,34787956716564,34787960459334,20000702,sB-eth3,up,34787960301423,netem,26439484,19286,0,0,0,0,0,25417882,3811,0,25417102,3795,0
2195,34787976712495,34787978847667,19995931,sA-eth3,up,34787978667117,netem,22610676,16558,0,0,0,0,0,21522978,3215,0,21735894,3303,0
2195,34787976712495,34787980716479,19995931,sB-eth3,up,34787980559907,netem,26439484,19286,0,0,0,0,0,25417882,3811,0,25417102,3795,0
2196,34787996701745,34787998525375,19989250,sA-eth3,up,34787998360534,netem,22610676,16558,0,0,0,0,0,21522978,3215,0,21735894,3303,0
2196,34787996701745,34788000392246,19989250,sB-eth3,up,34788000205734,netem,26439484,19286,0,0,0,0,0,25417882,3811,0,25417102,3795,0
2197,34788016701697,34788018642497,19999952,sA-eth3,up,34788018466746,netem,22610676,16558,0,0,0,0,0,21522978,3215,0,21735894,3303,0
2197,34788016701697,34788020462567,19999952,sB-eth3,up,34788020299426,netem,26439484,19286,0,0,0,0,0,25417882,3811,0,25417102,3795,0
2198,34788036707247,34788038659769,20005550,sA-eth3,up,34788038481166,netem,22610676,16558,0,0,0,0,0,21522978,3215,0,21735894,3303,0
2198,34788036707247,34788040399098,20005550,sB-eth3,up,34788040216716,netem,26439484,19286,0,0,0,0,0,25417882,3811,0,25417102,3795,0
2199,34788056712738,34788058584039,20005491,sA-eth3,up,34788058409597,netem,22610676,16558,0,0,0,0,0,21522978,3215,0,21735894,3303,0
2199,34788056712738,34788060254277,20005491,sB-eth3,up,34788060100536,netem,26439484,19286,0,0,0,0,0,25417882,3811,0,25417102,3795,0
2200,34788076700909,34788078504759,19988171,sA-eth3,up,34788078341177,netem,22610676,16558,0,0,0,0,0,21522978,3215,0,21735894,3303,0
2200,34788076700909,34788080605742,19988171,sB-eth3,up,34788080451920,netem,26439484,19286,0,0,0,0,0,25417882,3811,0,25417102,3795,0
2201,34788096700649,34788098524949,19999740,sA-eth3,up,34788098355177,netem,22610676,16558,0,0,0,0,0,21522978,3215,0,21735894,3303,0
2201,34788096700649,34788100328599,19999740,sB-eth3,up,34788100159458,netem,26439484,19286,0,0,0,0,0,25417882,3811,0,25417102,3795,0
2202,34788116707170,34788118604222,20006521,sA-eth3,up,34788118436199,netem,22610676,16558,0,0,0,0,0,21522978,3215,0,21735894,3303,0
2202,34788116707170,34788120747225,20006521,sB-eth3,up,34788120592833,netem,26439484,19286,0,0,0,0,0,25417882,3811,0,25417102,3795,0
2203,34788136715092,34788138964556,20007922,sA-eth3,up,34788138794095,netem,22610676,16558,0,0,0,0,0,21522978,3215,0,21735894,3303,0
2203,34788136715092,34788140618044,20007922,sB-eth3,up,34788140461813,netem,26439484,19286,0,0,0,0,0,25417882,3811,0,25417102,3795,0
2204,34788156701662,34788158500182,19986570,sA-eth3,up,34788158336450,netem,22610676,16558,0,0,0,0,0,21522978,3215,0,21735894,3303,0
2204,34788156701662,34788161086710,19986570,sB-eth3,up,34788160900689,netem,26439484,19286,0,0,0,0,0,25417882,3811,0,25417102,3795,0
2205,34788176704293,34788178726305,20002631,sA-eth3,up,34788178557994,netem,22610676,16558,0,0,0,0,0,21522978,3215,0,21735894,3303,0
2205,34788176704293,34788180655197,20002631,sB-eth3,up,34788180494244,netem,26439484,19286,0,0,0,0,0,25417882,3811,0,25417102,3795,0
2206,34788196703664,34788198809337,19999371,sA-eth3,up,34788198641355,netem,22610676,16558,0,0,0,0,0,21522978,3215,0,21735894,3303,0
2206,34788196703664,34788200644667,19999371,sB-eth3,up,34788200483016,netem,26439484,19286,0,0,0,0,0,25417882,3811,0,25417102,3795,0
2207,34788216708395,34788218723707,20004731,sA-eth3,up,34788218552975,netem,22610676,16558,0,0,0,0,0,21522978,3215,0,21735894,3303,0
2207,34788216708395,34788220691169,20004731,sB-eth3,up,34788220517647,netem,26439484,19286,0,0,0,0,0,25417882,3811,0,25417102,3795,0
2208,34788236709415,34788238834339,20001020,sA-eth3,up,34788238639827,netem,22610676,16558,0,0,0,0,0,21522978,3215,0,21735894,3303,0
2208,34788236709415,34788240808231,20001020,sB-eth3,up,34788240633799,netem,26439484,19286,0,0,0,0,0,25417882,3811,0,25417102,3795,0
2209,34788256709847,34788258788910,20000432,sA-eth3,up,34788258609077,netem,22610676,16558,0,0,0,0,0,21522978,3215,0,21735894,3303,0
2209,34788256709847,34788261103355,20000432,sB-eth3,up,34788260916062,netem,26439484,19286,0,0,0,0,0,25417882,3811,0,25417102,3795,0
2210,34788276703077,34788278911372,19993230,sA-eth3,up,34788278741690,netem,22610676,16558,0,0,0,0,0,21522978,3215,0,21735894,3303,0
2210,34788276703077,34788280790893,19993230,sB-eth3,up,34788280627771,netem,26439484,19286,0,0,0,0,0,25417882,3811,0,25417102,3795,0
2211,34788296708728,34788298585179,20005651,sA-eth3,up,34788298411017,netem,22610676,16558,0,0,0,0,0,21522978,3215,0,21735894,3303,0
2211,34788296708728,34788300609482,20005651,sB-eth3,up,34788300450609,netem,26439484,19286,0,0,0,0,0,25417882,3811,0,25417102,3795,0
2212,34788316702909,34788318682501,19994181,sA-eth3,up,34788318506969,netem,22610676,16558,0,0,0,0,0,21522978,3215,0,21735894,3303,0
2212,34788316702909,34788320625302,19994181,sB-eth3,up,34788320450691,netem,26439484,19286,0,0,0,0,0,25417882,3811,0,25417102,3795,0
2213,34788336710660,34788338755082,20007751,sA-eth3,up,34788338575940,netem,22610676,16558,0,0,0,0,0,21522978,3215,0,21735894,3303,0
2213,34788336710660,34788340608434,20007751,sB-eth3,up,34788340443251,netem,26439484,19286,0,0,0,0,0,25417882,3811,0,25417102,3795,0
2214,34788356706491,34788358883635,19995831,sA-eth3,up,34788358704573,netem,22610676,16558,0,0,0,0,0,21522978,3215,0,21735894,3303,0
2214,34788356706491,34788360706195,19995831,sB-eth3,up,34788360542064,netem,26439484,19286,0,0,0,0,0,25417882,3811,0,25417102,3795,0
2215,34788376711492,34788378678014,20005001,sA-eth3,up,34788378502992,netem,22610676,16558,0,0,0,0,0,21522978,3215,0,21735894,3303,0
2215,34788376711492,34788380945749,20005001,sB-eth3,up,34788380783537,netem,26439484,19286,0,0,0,0,0,25417882,3811,0,25417102,3795,0
2216,34788396709882,34788398762855,19998390,sA-eth3,up,34788398586584,netem,22610676,16558,0,0,0,0,0,21522978,3215,0,21735894,3303,0
2216,34788396709882,34788400882569,19998390,sB-eth3,up,34788400717517,netem,26439484,19286,0,0,0,0,0,25417882,3811,0,25417102,3795,0
2217,34788416703453,34788418728965,19993571,sA-eth3,up,34788418562864,netem,22610676,16558,0,0,0,0,0,21522978,3215,0,21735894,3303,0
2217,34788416703453,34788421076142,19993571,sB-eth3,up,34788420897510,netem,26439484,19286,0,0,0,0,0,25417882,3811,0,25417102,3795,0
2218,34788436704625,34788438910579,20001172,sA-eth3,up,34788438684277,netem,22610676,16558,0,0,0,0,0,21522978,3215,0,21735894,3303,0
2218,34788436704625,34788440940451,20001172,sB-eth3,up,34788440777889,netem,26439484,19286,0,0,0,0,0,25417882,3811,0,25417102,3795,0
2219,34788456709525,34788458761968,20004900,sA-eth3,up,34788458588246,netem,22610676,16558,0,0,0,0,0,21522978,3215,0,21735894,3303,0
2219,34788456709525,34788460701099,20004900,sB-eth3,up,34788460537787,netem,26439484,19286,0,0,0,0,0,25417882,3811,0,25417102,3795,0
2220,34788476706357,34788478699548,19996832,sA-eth3,up,34788478526277,netem,22610676,16558,0,0,0,0,0,21522978,3215,0,21735894,3303,0
2220,34788476706357,34788480650929,19996832,sB-eth3,up,34788480492899,netem,26439484,19286,0,0,0,0,0,25417882,3811,0,25417102,3795,0
2221,34788496704347,34788498567877,19997990,sA-eth3,up,34788498399196,netem,22610676,16558,0,0,0,0,0,21522978,3215,0,21735894,3303,0
2221,34788496704347,34788500551939,19997990,sB-eth3,up,34788500391027,netem,26439484,19286,0,0,0,0,0,25417882,3811,0,25417102,3795,0
2222,34788516705838,34788518615449,20001491,sA-eth3,up,34788518443637,netem,22610676,16558,0,0,0,0,0,21522978,3215,0,21735894,3303,0
2222,34788516705838,34788520603811,20001491,sB-eth3,up,34788520410179,netem,26439484,19286,0,0,0,0,0,25417882,3811,0,25417102,3795,0
2223,34788536713800,34788538705330,20007962,sA-eth3,up,34788538528959,netem,22610676,16558,0,0,0,0,0,21522978,3215,0,21735894,3303,0
2223,34788536713800,34788540959166,20007962,sB-eth3,up,34788540792534,netem,26439484,19286,0,0,0,0,0,25417882,3811,0,25417102,3795,0
2224,34788556709800,34788558716942,19996000,sA-eth3,up,34788558537920,netem,22610676,16558,0,0,0,0,0,21522978,3215,0,21735894,3303,0
2224,34788556709800,34788560717854,19996000,sB-eth3,up,34788560559192,netem,26439484,19286,0,0,0,0,0,25417882,3811,0,25417102,3795,0
2225,34788576728070,34788578786214,20018270,sA-eth3,up,34788578598672,netem,22610676,16558,0,0,0,0,0,21522978,3215,0,21735894,3303,0
2225,34788576728070,34788580624664,20018270,sB-eth3,up,34788580459362,netem,26439484,19286,0,0,0,0,0,25417882,3811,0,25417102,3795,0
2226,34788596705442,34788599035938,19977372,sA-eth3,up,34788598828515,netem,22610676,16558,0,0,0,0,0,21522978,3215,0,21735894,3303,0
2226,34788596705442,34788600983689,19977372,sB-eth3,up,34788600821507,netem,26439484,19286,0,0,0,0,0,25417882,3811,0,25417102,3795,0
2227,34788616706883,34788618570963,20001441,sA-eth3,up,34788618402512,netem,22610676,16558,0,0,0,0,0,21522978,3215,0,21735894,3303,0
2227,34788616706883,34788620568295,20001441,sB-eth3,up,34788620408294,netem,26439484,19286,0,0,0,0,0,25417882,3811,0,25417102,3795,0
2228,34788636723733,34788638750616,20016850,sA-eth3,up,34788638555964,netem,22610676,16558,0,0,0,0,0,21522978,3215,0,21735894,3303,0
2228,34788636723733,34788640810149,20016850,sB-eth3,up,34788640625777,netem,26439484,19286,0,0,0,0,0,25417882,3811,0,25417102,3795,0
2229,34788656715845,34788658670895,19992112,sA-eth3,up,34788658488274,netem,22610676,16558,0,0,0,0,0,21522978,3215,0,21735894,3303,0
2229,34788656715845,34788660639347,19992112,sB-eth3,up,34788660474736,netem,26439484,19286,0,0,0,0,0,25417882,3811,0,25417102,3795,0
2230,34788676714555,34788678663517,19998710,sA-eth3,up,34788678486015,netem,22610676,16558,0,0,0,0,0,21522978,3215,0,21735894,3303,0
2230,34788676714555,34788680581108,19998710,sB-eth3,up,34788680415646,netem,26439484,19286,0,0,0,0,0,25417882,3811,0,25417102,3795,0
2231,34788696707656,34788698705588,19993101,sA-eth3,up,34788698535816,netem,22610676,16558,0,0,0,0,0,21522978,3215,0,21735894,3303,0
2231,34788696707656,34788701034714,19993101,sB-eth3,up,34788700830032,netem,26439484,19286,0,0,0,0,0,25417882,3811,0,25417102,3795,0
2232,34788716714557,34788718689709,20006901,sA-eth3,up,34788718503587,netem,22610676,16558,0,0,0,0,0,21522978,3215,0,21735894,3303,0
2232,34788716714557,34788720765562,20006901,sB-eth3,up,34788720608550,netem,26439484,19286,0,0,0,0,0,25417882,3811,0,25417102,3795,0
2233,34788736717918,34788738698540,20003361,sA-eth3,up,34788738523678,netem,22610676,16558,0,0,0,0,0,21522978,3215,0,21735894,3303,0
2233,34788736717918,34788740857944,20003361,sB-eth3,up,34788740687052,netem,26439484,19286,0,0,0,0,0,25417882,3811,0,25417102,3795,0
2234,34788756709248,34788758697540,19991330,sA-eth3,up,34788758515179,netem,22610676,16558,0,0,0,0,0,21522978,3215,0,21735894,3303,0
2234,34788756709248,34788760610262,19991330,sB-eth3,up,34788760439739,netem,26439484,19286,0,0,0,0,0,25417882,3811,0,25417102,3795,0
2235,34788776702800,34788778598960,19993552,sA-eth3,up,34788778415649,netem,22610676,16558,0,0,0,0,0,21522978,3215,0,21735894,3303,0
2235,34788776702800,34788781092818,19993552,sB-eth3,up,34788780903426,netem,26439484,19286,0,0,0,0,0,25417882,3811,0,25417102,3795,0
2236,34788796712330,34788799075036,20009530,sA-eth3,up,34788798867995,netem,22610676,16558,0,0,0,0,0,21522978,3215,0,21735894,3303,0
2236,34788796712330,34788801075058,20009530,sB-eth3,up,34788800887847,netem,26439484,19286,0,0,0,0,0,25417882,3811,0,25417102,3795,0
2237,34788816707031,34788818678353,19994701,sA-eth3,up,34788818505762,netem,22610676,16558,0,0,0,0,0,21522978,3215,0,21735894,3303,0
2237,34788816707031,34788821040409,19994701,sB-eth3,up,34788820842857,netem,26439484,19286,0,0,0,0,0,25417882,3811,0,25417102,3795,0
2238,34788836721812,34788839068688,20014781,sA-eth3,up,34788838852176,netem,22610676,16558,0,0,0,0,0,21522978,3215,0,21735894,3303,0
2238,34788836721812,34788841136021,20014781,sB-eth3,up,34788840941979,netem,26439484,19286,0,0,0,0,0,25417882,3811,0,25417102,3795,0
2239,34788856706603,34788858955188,19984791,sA-eth3,up,34788858772985,netem,22610676,16558,0,0,0,0,0,21522978,3215,0,21735894,3303,0
2239,34788856706603,34788860984990,19984791,sB-eth3,up,34788860824549,netem,26439484,19286,0,0,0,0,0,25417882,3811,0,25417102,3795,0
2240,34788876706554,34788878613235,19999951,sA-eth3,up,34788878447113,netem,22610676,16558,0,0,0,0,0,21522978,3215,0,21735894,3303,0
2240,34788876706554,34788880900160,19999951,sB-eth3,up,34788880737039,netem,26439484,19286,0,0,0,0,0,25417882,3811,0,25417102,3795,0
2241,34788896708125,34788899043220,20001571,sA-eth3,up,34788898845438,netem,22610676,16558,0,0,0,0,0,21522978,3215,0,21735894,3303,0
2241,34788896708125,34788901095093,20001571,sB-eth3,up,34788900910712,netem,26439484,19286,0,0,0,0,0,25417882,3811,0,25417102,3795,0
2242,34788916703025,34788918763178,19994900,sA-eth3,up,34788918597577,netem,22610718,16559,0,0,0,0,0,21523020,3216,0,21735936,3304,0
2242,34788916703025,34788920966712,19994900,sB-eth3,up,34788920808791,netem,26439484,19286,0,0,0,0,0,25417882,3811,0,25417102,3795,0
2243,34788936704256,34788938620067,20001231,sA-eth3,up,34788938453077,netem,22610718,16559,0,0,0,0,0,21523020,3216,0,21735936,3304,0
2243,34788936704256,34788941240727,20001231,sB-eth3,up,34788941079855,netem,26439484,19286,0,0,0,0,0,25417882,3811,0,25417102,3795,0
2244,34788956701248,34788958591268,19996992,sA-eth3,up,34788958430867,netem,22610718,16559,0,0,0,0,0,21523020,3216,0,21735936,3304,0
2244,34788956701248,34788960350247,19996992,sB-eth3,up,34788960175346,netem,26439484,19286,0,0,0,0,0,25417882,3811,0,25417102,3795,0
2245,34788976706158,34788979238196,20004910,sA-eth3,up,34788979069225,netem,22610718,16559,0,0,0,0,0,21523020,3216,0,21735936,3304,0
2245,34788976706158,34788981172368,20004910,sB-eth3,up,34788980990506,netem,26439484,19286,0,0,0,0,0,25417882,3811,0,25417102,3795,0
2246,34788996704000,34788999066575,19997842,sA-eth3,up,34788998877433,netem,22610718,16559,0,0,0,0,0,21523020,3216,0,21735936,3304,0
2246,34788996704000,34789000994777,19997842,sB-eth3,up,34789000833275,netem,26439484,19286,0,0,0,0,0,25417882,3811,0,25417102,3795,0
2247,34789016712600,34789019025195,20008600,sA-eth3,up,34789018820113,netem,22610718,16559,0,0,0,0,0,21523020,3216,0,21735936,3304,0
2247,34789016712600,34789020947497,20008600,sB-eth3,up,34789020777105,netem,26439484,19286,0,0,0,0,0,25417882,3811,0,25417102,3795,0
2248,34789036703861,34789038936405,19991261,sA-eth3,up,34789038737233,netem,22610718,16559,0,0,0,0,0,21523020,3216,0,21735936,3304,0
2248,34789036703861,34789040839647,19991261,sB-eth3,up,34789040661435,netem,26439484,19286,0,0,0,0,0,25417882,3811,0,25417102,3795,0
2249,34789056708912,34789058688285,20005051,sA-eth3,up,34789058501522,netem,22610718,16559,0,0,0,0,0,21523020,3216,0,21735936,3304,0
2249,34789056708912,34789060491264,20005051,sB-eth3,up,34789060324752,netem,26439484,19286,0,0,0,0,0,25417882,3811,0,25417102,3795,0
2250,34789076705453,34789078641545,19996541,sA-eth3,up,34789078455622,netem,22610718,16559,0,0,0,0,0,21523020,3216,0,21735936,3304,0
2250,34789076705453,34789080358193,19996541,sB-eth3,up,34789080180901,netem,26439484,19286,0,0,0,0,0,25417882,3811,0,25417102,3795,0
2251,34789096712453,34789098651715,20007000,sA-eth3,up,34789098462253,netem,22610718,16559,0,0,0,0,0,21523020,3216,0,21735936,3304,0
2251,34789096712453,34789100407534,20007000,sB-eth3,up,34789100226332,netem,26439484,19286,0,0,0,0,0,25417882,3811,0,25417102,3795,0
2252,34789116706435,34789118667787,19993982,sA-eth3,up,34789118475835,netem,22610718,16559,0,0,0,0,0,21523020,3216,0,21735936,3304,0
2252,34789116706435,34789120413265,19993982,sB-eth3,up,34789120233874,netem,26439484,19286,0,0,0,0,0,25417882,3811,0,25417102,3795,0
2253,34789136716375,34789138700098,20009940,sA-eth3,up,34789138510945,netem,22610718,16559,0,0,0,0,0,21523020,3216,0,21735936,3304,0
2253,34789136716375,34789140539047,20009940,sB-eth3,up,34789140362236,netem,26439484,19286,0,0,0,0,0,25417882,3811,0,25417102,3795,0
2254,34789156709086,34789158677948,19992711,sA-eth3,up,34789158491827,netem,22610718,16559,0,0,0,0,0,21523020,3216,0,21735936,3304,0
2254,34789156709086,34789160446568,19992711,sB-eth3,up,34789160270566,netem,26439484,19286,0,0,0,0,0,25417882,3811,0,25417102,3795,0
2255,34789176707988,34789178525257,19998902,sA-eth3,up,34789178359005,netem,22610718,16559,0,0,0,0,0,21523020,3216,0,21735936,3304,0
2255,34789176707988,34789180349117,19998902,sB-eth3,up,34789180155985,netem,26439484,19286,0,0,0,0,0,25417882,3811,0,25417102,3795,0
2256,34789196702528,34789198595899,19994540,sA-eth3,up,34789198414727,netem,22610718,16559,0,0,0,0,0,21523020,3216,0,21735936,3304,0
2256,34789196702528,34789200298067,19994540,sB-eth3,up,34789200122596,netem,26439484,19286,0,0,0,0,0,25417882,3811,0,25417102,3795,0
2257,34789216711639,34789218594510,20009111,sA-eth3,up,34789218416208,netem,22610718,16559,0,0,0,0,0,21523020,3216,0,21735936,3304,0
2257,34789216711639,34789220338249,20009111,sB-eth3,up,34789220164817,netem,26439484,19286,0,0,0,0,0,25417882,3811,0,25417102,3795,0
2258,34789236706310,34789238627211,19994671,sA-eth3,up,34789238440139,netem,22610718,16559,0,0,0,0,0,21523020,3216,0,21735936,3304,0
2258,34789236706310,34789240321410,19994671,sB-eth3,up,34789240147268,netem,26439484,19286,0,0,0,0,0,25417882,3811,0,25417102,3795,0
2259,34789256701940,34789258545080,19995630,sA-eth3,up,34789258372469,netem,22610718,16559,0,0,0,0,0,21523020,3216,0,21735936,3304,0
2259,34789256701940,34789260373512,19995630,sB-eth3,up,34789260180729,netem,26439484,19286,0,0,0,0,0,25417882,3811,0,25417102,3795,0
2260,34789276706842,34789278644133,20004902,sA-eth3,up,34789278454911,netem,22610718,16559,0,0,0,0,0,21523020,3216,0,21735936,3304,0
2260,34789276706842,34789280413942,20004902,sB-eth3,up,34789280231041,netem,26439484,19286,0,0,0,0,0,25417882,3811,0,25417102,3795,0
2261,34789296711733,34789298684215,20004891,sA-eth3,up,34789298499462,netem,22610718,16559,0,0,0,0,0,21523020,3216,0,21735936,3304,0
2261,34789296711733,34789300463115,20004891,sB-eth3,up,34789300291402,netem,26439484,19286,0,0,0,0,0,25417882,3811,0,25417102,3795,0
2262,34789316712743,34789318656405,20001010,sA-eth3,up,34789318474093,netem,22610718,16559,0,0,0,0,0,21523020,3216,0,21735936,3304,0
2262,34789316712743,34789320384775,20001010,sB-eth3,up,34789320208622,netem,26439484,19286,0,0,0,0,0,25417882,3811,0,25417102,3795,0
2263,34789336701415,34789338633896,19988672,sA-eth3,up,34789338465343,netem,22610718,16559,0,0,0,0,0,21523020,3216,0,21735936,3304,0
2263,34789336701415,34789340441195,19988672,sB-eth3,up,34789340251874,netem,26439484,19286,0,0,0,0,0,25417882,3811,0,25417102,3795,0
2264,34789356710315,34789358583096,20008900,sA-eth3,up,34789358405184,netem,22610718,16559,0,0,0,0,0,21523020,3216,0,21735936,3304,0
2264,34789356710315,34789360407297,20008900,sB-eth3,up,34789360221724,netem,26439484,19286,0,0,0,0,0,25417882,3811,0,25417102,3795,0
2265,34789376705946,34789378575237,19995631,sA-eth3,up,34789378399775,netem,22610718,16559,0,0,0,0,0,21523020,3216,0,21735936,3304,0
2265,34789376705946,34789380265595,19995631,sB-eth3,up,34789380104514,netem,26439484,19286,0,0,0,0,0,25417882,3811,0,25417102,3795,0
2266,34789396709218,34789398545087,20003272,sA-eth3,up,34789398375155,netem,22610718,16559,0,0,0,0,0,21523020,3216,0,21735936,3304,0
2266,34789396709218,34789400318617,20003272,sB-eth3,up,34789400134515,netem,26439484,19286,0,0,0,0,0,25417882,3811,0,25417102,3795,0
2267,34789416703148,34789418509428,19993930,sA-eth3,up,34789418340915,netem,22610718,16559,0,0,0,0,0,21523020,3216,0,21735936,3304,0
2267,34789416703148,34789420315817,19993930,sB-eth3,up,34789420125496,netem,26439484,19286,0,0,0,0,0,25417882,3811,0,25417102,3795,0
2268,34789436709638,34789438534669,20006490,sA-eth3,up,34789438359577,netem,22610718,16559,0,0,0,0,0,21523020,3216,0,21735936,3304,0
2268,34789436709638,34789440200487,20006490,sB-eth3,up,34789440042346,netem,26439484,19286,0,0,0,0,0,25417882,3811,0,25417102,3795,0
2269,34789456701650,34789458503860,19992012,sA-eth3,up,34789458327837,netem,22610718,16559,0,0,0,0,0,21523020,3216,0,21735936,3304,0
2269,34789456701650,34789460384290,19992012,sB-eth3,up,34789460197618,netem,26439484,19286,0,0,0,0,0,25417882,3811,0,25417102,3795,0
2270,34789476711650,34789478546851,20010000,sA-eth3,up,34789478373869,netem,22610718,16559,0,0,0,0,0,21523020,3216,0,21735936,3304,0
2270,34789476711650,34789480259670,20010000,sB-eth3,up,34789480102197,netem,26439484,19286,0,0,0,0,0,25417882,3811,0,25417102,3795,0
2271,34789496700161,34789498574583,19988511,sA-eth3,up,34789498403900,netem,22610718,16559,0,0,0,0,0,21523020,3216,0,21735936,3304,0
2271,34789496700161,34789500433262,19988511,sB-eth3,up,34789500233790,netem,26439484,19286,0,0,0,0,0,25417882,3811,0,25417102,3795,0
2272,34789516703563,34789518519613,20003402,sA-eth3,up,34789518344280,netem,22610718,16559,0,0,0,0,0,21523020,3216,0,21735936,3304,0
2272,34789516703563,34789520364202,20003402,sB-eth3,up,34789520167200,netem,26439484,19286,0,0,0,0,0,25417882,3811,0,25417102,3795,0
2273,34789536704773,34789538513033,20001210,sA-eth3,up,34789538328671,netem,22610718,16559,0,0,0,0,0,21523020,3216,0,21735936,3304,0
2273,34789536704773,34789540403114,20001210,sB-eth3,up,34789540209442,netem,26439484,19286,0,0,0,0,0,25417882,3811,0,25417102,3795,0
2274,34789556718344,34789558681435,20013571,sA-eth3,up,34789558495254,netem,22610718,16559,0,0,0,0,0,21523020,3216,0,21735936,3304,0
2274,34789556718344,34789560417335,20013571,sB-eth3,up,34789560240772,netem,26439484,19286,0,0,0,0,0,25417882,3811,0,25417102,3795,0
2275,34789576715275,34789578617356,19996931,sA-eth3,up,34789578438475,netem,22610718,16559,0,0,0,0,0,21523020,3216,0,21735936,3304,0
2275,34789576715275,34789580922222,19996931,sB-eth3,up,34789580758380,netem,26439484,19286,0,0,0,0,0,25417882,3811,0,25417102,3795,0
2276,34789596701386,34789598552566,19986111,sA-eth3,up,34789598382154,netem,22610718,16559,0,0,0,0,0,21523020,3216,0,21735936,3304,0
2276,34789596701386,34789600488078,19986111,sB-eth3,up,34789600316135,netem,26439484,19286,0,0,0,0,0,25417882,3811,0,25417102,3795,0
2277,34789616707746,34789618597737,20006360,sA-eth3,up,34789618414875,netem,22610718,16559,0,0,0,0,0,21523020,3216,0,21735936,3304,0
2277,34789616707746,34789620445148,20006360,sB-eth3,up,34789620266817,netem,26439484,19286,0,0,0,0,0,25417882,3811,0,25417102,3795,0
2278,34789636707458,34789638682070,19999712,sA-eth3,up,34789638499378,netem,22610718,16559,0,0,0,0,0,21523020,3216,0,21735936,3304,0
2278,34789636707458,34789640547450,19999712,sB-eth3,up,34789640380648,netem,26439484,19286,0,0,0,0,0,25417882,3811,0,25417102,3795,0
2279,34789656706329,34789658559510,19998871,sA-eth3,up,34789658388827,netem,22610718,16559,0,0,0,0,0,21523020,3216,0,21735936,3304,0
2279,34789656706329,34789660574120,19998871,sB-eth3,up,34789660417900,netem,26439484,19286,0,0,0,0,0,25417882,3811,0,25417102,3795,0
2280,34789676698040,34789678495319,19991711,sA-eth3,up,34789678331217,netem,22610718,16559,0,0,0,0,0,21523020,3216,0,21735936,3304,0
2280,34789676698040,34789680295849,19991711,sB-eth3,up,34789680105567,netem,26439484,19286,0,0,0,0,0,25417882,3811,0,25417102,3795,0
2281,34789696700910,34789698472450,20002870,sA-eth3,up,34789698296948,netem,22610718,16559,0,0,0,0,0,21523020,3216,0,21735936,3304,0
2281,34789696700910,34789700155159,20002870,sB-eth3,up,34789699982407,netem,26439484,19286,0,0,0,0,0,25417882,3811,0,25417102,3795,0
2282,34789716699391,34789718480501,19998481,sA-eth3,up,34789718313859,netem,22610718,16559,0,0,0,0,0,21523020,3216,0,21735936,3304,0
2282,34789716699391,34789720239260,19998481,sB-eth3,up,34789720061329,netem,26439484,19286,0,0,0,0,0,25417882,3811,0,25417102,3795,0
2283,34789736705792,34789738530462,20006401,sA-eth3,up,34789738360030,netem,22610718,16559,0,0,0,0,0,21523020,3216,0,21735936,3304,0
2283,34789736705792,34789740331102,20006401,sB-eth3,up,34789740144760,netem,26439484,19286,0,0,0,0,0,25417882,3811,0,25417102,3795,0
2284,34789756705203,34789758567303,19999411,sA-eth3,up,34789758392462,netem,22610718,16559,0,0,0,0,0,21523020,3216,0,21735936,3304,0
2284,34789756705203,34789760243572,19999411,sB-eth3,up,34789760082050,netem,26439484,19286,0,0,0,0,0,25417882,3811,0,25417102,3795,0
2285,34789776701934,34789778542504,19996731,sA-eth3,up,34789778361113,netem,22610718,16559,0,0,0,0,0,21523020,3216,0,21735936,3304,0
2285,34789776701934,34789780213032,19996731,sB-eth3,up,34789780050911,netem,26439484,19286,0,0,0,0,0,25417882,3811,0,25417102,3795,0
2286,34789796710965,34789798607346,20009031,sA-eth3,up,34789798428804,netem,22610718,16559,0,0,0,0,0,21523020,3216,0,21735936,3304,0
2286,34789796710965,34789800344675,20009031,sB-eth3,up,34789800164683,netem,26439484,19286,0,0,0,0,0,25417882,3811,0,25417102,3795,0
2287,34789816705316,34789818601207,19994351,sA-eth3,up,34789818421165,netem,22610718,16559,0,0,0,0,0,21523020,3216,0,21735936,3304,0
2287,34789816705316,34789820293165,19994351,sB-eth3,up,34789820122134,netem,26439484,19286,0,0,0,0,0,25417882,3811,0,25417102,3795,0
2288,34789836702776,34789838607668,19997460,sA-eth3,up,34789838425856,netem,22610718,16559,0,0,0,0,0,21523020,3216,0,21735936,3304,0
2288,34789836702776,34789840326207,19997460,sB-eth3,up,34789840148304,netem,26439484,19286,0,0,0,0,0,25417882,3811,0,25417102,3795,0
2289,34789856714058,34789858561208,20011282,sA-eth3,up,34789858371015,netem,22610718,16559,0,0,0,0,0,21523020,3216,0,21735936,3304,0
2289,34789856714058,34789860323247,20011282,sB-eth3,up,34789860144755,netem,26439484,19286,0,0,0,0,0,25417882,3811,0,25417102,3795,0
2290,34789876709578,34789878534318,19995520,sA-eth3,up,34789878360397,netem,22610718,16559,0,0,0,0,0,21523020,3216,0,21735936,3304,0
2290,34789876709578,34789880237557,19995520,sB-eth3,up,34789880077545,netem,26439484,19286,0,0,0,0,0,25417882,3811,0,25417102,3795,0
2291,34789896707959,34789898584370,19998381,sA-eth3,up,34789898411878,netem,22610718,16559,0,0,0,0,0,21523020,3216,0,21735936,3304,0
2291,34789896707959,34789900271069,19998381,sB-eth3,up,34789900111947,netem,26439484,19286,0,0,0,0,0,25417882,3811,0,25417102,3795,0
2292,34789916709430,34789918608241,20001471,sA-eth3,up,34789918431399,netem,22610718,16559,0,0,0,0,0,21523020,3216,0,21735936,3304,0
2292,34789916709430,34789920320420,20001471,sB-eth3,up,34789920137198,netem,26439484,19286,0,0,0,0,0,25417882,3811,0,25417102,3795,0
2293,34789936707871,34789938552071,19998441,sA-eth3,up,34789938371930,netem,22610718,16559,0,0,0,0,0,21523020,3216,0,21735936,3304,0
2293,34789936707871,34789940883717,19998441,sB-eth3,up,34789940723095,netem,26439484,19286,0,0,0,0,0,25417882,3811,0,25417102,3795,0
2294,34789956704061,34789958545463,19996190,sA-eth3,up,34789958376300,netem,22610718,16559,0,0,0,0,0,21523020,3216,0,21735936,3304,0
2294,34789956704061,34789960808728,19996190,sB-eth3,up,34789960649915,netem,26439484,19286,0,0,0,0,0,25417882,3811,0,25417102,3795,0
2295,34789976713333,34789978699315,20009272,sA-eth3,up,34789978528643,netem,22610718,16559,0,0,0,0,0,21523020,3216,0,21735936,3304,0
2295,34789976713333,34789980564945,20009272,sB-eth3,up,34789980409573,netem,26439484,19286,0,0,0,0,0,25417882,3811,0,25417102,3795,0
2296,34789996710294,34789998628155,19996961,sA-eth3,up,34789998453783,netem,22610718,16559,0,0,0,0,0,21523020,3216,0,21735936,3304,0
2296,34789996710294,34790000365234,19996961,sB-eth3,up,34790000195772,netem,26439484,19286,0,0,0,0,0,25417882,3811,0,25417102,3795,0
2297,34790016708315,34790018523665,19998021,sA-eth3,up,34790018354613,netem,22610718,16559,0,0,0,0,0,21523020,3216,0,21735936,3304,0
2297,34790016708315,34790020215483,19998021,sB-eth3,up,34790020046182,netem,26439484,19286,0,0,0,0,0,25417882,3811,0,25417102,3795,0
2298,34790036704105,34790038466485,19995790,sA-eth3,up,34790038294983,netem,22610718,16559,0,0,0,0,0,21523020,3216,0,21735936,3304,0
2298,34790036704105,34790040650588,19995790,sB-eth3,up,34790040493267,netem,26439484,19286,0,0,0,0,0,25417882,3811,0,25417102,3795,0
2299,34790056714096,34790058588307,20009991,sA-eth3,up,34790058421355,netem,22610718,16559,0,0,0,0,0,21523020,3216,0,21735936,3304,0
2299,34790056714096,34790060496458,20009991,sB-eth3,up,34790060336857,netem,26439484,19286,0,0,0,0,0,25417882,3811,0,25417102,3795,0
2300,34790076701417,34790078598398,19987321,sA-eth3,up,34790078434226,netem,22610718,16559,0,0,0,0,0,21523020,3216,0,21735936,3304,0
2300,34790076701417,34790080647051,19987321,sB-eth3,up,34790080490108,netem,26439484,19286,0,0,0,0,0,25417882,3811,0,25417102,3795,0
2301,34790096704698,34790098686720,20003281,sA-eth3,up,34790098509898,netem,22610718,16559,0,0,0,0,0,21523020,3216,0,21735936,3304,0
2301,34790096704698,34790100747113,20003281,sB-eth3,up,34790100578831,netem,26439484,19286,0,0,0,0,0,25417882,3811,0,25417102,3795,0
2302,34790116710958,34790118693961,20006260,sA-eth3,up,34790118519888,netem,22610718,16559,0,0,0,0,0,21523020,3216,0,21735936,3304,0
2302,34790116710958,34790120687233,20006260,sB-eth3,up,34790120520191,netem,26439484,19286,0,0,0,0,0,25417882,3811,0,25417102,3795,0
2303,34790136706750,34790138751373,19995792,sA-eth3,up,34790138572660,netem,22610718,16559,0,0,0,0,0,21523020,3216,0,21735936,3304,0
2303,34790136706750,34790140613233,19995792,sB-eth3,up,34790140450251,netem,26439484,19286,0,0,0,0,0,25417882,3811,0,25417102,3795,0
2304,34790156708621,34790158640482,20001871,sA-eth3,up,34790158470050,netem,22610718,16559,0,0,0,0,0,21523020,3216,0,21735936,3304,0
2304,34790156708621,34790160321300,20001871,sB-eth3,up,34790160152599,netem,26439484,19286,0,0,0,0,0,25417882,3811,0,25417102,3795,0
2305,34790176703311,34790178461251,19994690,sA-eth3,up,34790178296940,netem,22610718,16559,0,0,0,0,0,21523020,3216,0,21735936,3304,0
2305,34790176703311,34790180095109,19994690,sB-eth3,up,34790179928067,netem,26439484,19286,0,0,0,0,0,25417882,3811,0,25417102,3795,0
2306,34790196699653,34790198473532,19996342,sA-eth3,up,34790198306620,netem,22610718,16559,0,0,0,0,0,21523020,3216,0,21735936,3304,0
2306,34790196699653,34790200101010,19996342,sB-eth3,up,34790199931428,netem,26439484,19286,0,0,0,0,0,25417882,3811,0,25417102,3795,0
2307,34790216715413,34790218582184,20015760,sA-eth3,up,34790218405992,netem,22610718,16559,0,0,0,0,0,21523020,3216,0,21735936,3304,0
2307,34790216715413,34790220237092,20015760,sB-eth3,up,34790220069150,netem,26439484,19286,0,0,0,0,0,25417882,3811,0,25417102,3795,0
2308,34790236707354,34790238588095,19991941,sA-eth3,up,34790238408963,netem,22610718,16559,0,0,0,0,0,21523020,3216,0,21735936,3304,0
2308,34790236707354,34790240314935,19991941,sB-eth3,up,34790240134882,netem,26439484,19286,0,0,0,0,0,25417882,3811,0,25417102,3795,0
2309,34790256708745,34790258538005,20001391,sA-eth3,up,34790258366073,netem,22610718,16559,0,0,0,0,0,21523020,3216,0,21735936,3304,0
2309,34790256708745,34790260191663,20001391,sB-eth3,up,34790260030092,netem,26439484,19286,0,0,0,0,0,25417882,3811,0,25417102,3795,0
2310,34790276705046,34790278470196,19996301,sA-eth3,up,34790278302323,netem,22610718,16559,0,0,0,0,0,21523020,3216,0,21735936,3304,0
2310,34790276705046,34790280126634,19996301,sB-eth3,up,34790279951172,netem,26439484,19286,0,0,0,0,0,25417882,3811,0,25417102,3795,0
2311,34790296710146,34790298505176,20005100,sA-eth3,up,34790298342055,netem,22610718,16559,0,0,0,0,0,21523020,3216,0,21735936,3304,0
2311,34790296710146,34790300149205,20005100,sB-eth3,up,34790299984923,netem,26439484,19286,0,0,0,0,0,25417882,3811,0,25417102,3795,0
2312,34790316702028,34790318500278,19991882,sA-eth3,up,34790318335876,netem,22610718,16559,0,0,0,0,0,21523020,3216,0,21735936,3304,0
2312,34790316702028,34790320185416,19991882,sB-eth3,up,34790319997735,netem,26439484,19286,0,0,0,0,0,25417882,3811,0,25417102,3795,0
2313,34790336708428,34790338509638,20006400,sA-eth3,up,34790338343466,netem,22610718,16559,0,0,0,0,0,21523020,3216,0,21735936,3304,0
2313,34790336708428,34790340153367,20006400,sB-eth3,up,34790339984125,netem,26439484,19286,0,0,0,0,0,25417882,3811,0,25417102,3795,0
2314,34790356712299,34790358481659,20003871,sA-eth3,up,34790358313457,netem,22610718,16559,0,0,0,0,0,21523020,3216,0,21735936,3304,0
2314,34790356712299,34790360134218,20003871,sB-eth3,up,34790359959105,netem,26439484,19286,0,0,0,0,0,25417882,3811,0,25417102,3795,0
2315,34790376701060,34790378461010,19988761,sA-eth3,up,34790378299568,netem,22610718,16559,0,0,0,0,0,21523020,3216,0,21735936,3304,0
2315,34790376701060,34790380108627,19988761,sB-eth3,up,34790379939516,netem,26439484,19286,0,0,0,0,0,25417882,3811,0,25417102,3795,0
2316,34790396712181,34790398538051,20011121,sA-eth3,up,34790398361930,netem,22610718,16559,0,0,0,0,0,21523020,3216,0,21735936,3304,0
2316,34790396712181,34790400204180,20011121,sB-eth3,up,34790400044798,netem,26439484,19286,0,0,0,0,0,25417882,3811,0,25417102,3795,0
2317,34790416704762,34790418524802,19992581,sA-eth3,up,34790418356650,netem,22610718,16559,0,0,0,0,0,21523020,3216,0,21735936,3304,0
2317,34790416704762,34790420791698,19992581,sB-eth3,up,34790420628355,netem,26439484,19286,0,0,0,0,0,25417882,3811,0,25417102,3795,0
2318,34790436708063,34790438528663,20003301,sA-eth3,up,34790438359531,netem,22610718,16559,0,0,0,0,0,21523020,3216,0,21735936,3304,0
2318,34790436708063,34790440344193,20003301,sB-eth3,up,34790440175742,netem,26439484,19286,0,0,0,0,0,25417882,3811,0,25417102,3795,0
2319,34790456704174,34790458542284,19996111,sA-eth3,up,34790458372343,netem,22610718,16559,0,0,0,0,0,21523020,3216,0,21735936,3304,0
2319,34790456704174,34790460204262,19996111,sB-eth3,up,34790460047130,netem,26439484,19286,0,0,0,0,0,25417882,3811,0,25417102,3795,0
2320,34790476706934,34790478534995,20002760,sA-eth3,up,34790478369163,netem,22610718,16559,0,0,0,0,0,21523020,3216,0,21735936,3304,0
2320,34790476706934,34790480207903,20002760,sB-eth3,up,34790480052702,netem,26439484,19286,0,0,0,0,0,25417882,3811,0,25417102,3795,0
2321,34790496709286,34790498552666,20002352,sA-eth3,up,34790498388653,netem,22610718,16559,0,0,0,0,0,21523020,3216,0,21735936,3304,0
2321,34790496709286,34790500199575,20002352,sB-eth3,up,34790500045813,netem,26439484,19286,0,0,0,0,0,25417882,3811,0,25417102,3795,0
2322,34790516697907,34790518437946,19988621,sA-eth3,up,34790518268383,netem,22610718,16559,0,0,0,0,0,21523020,3216,0,21735936,3304,0
2322,34790516697907,34790520107174,19988621,sB-eth3,up,34790519919102,netem,26439484,19286,0,0,0,0,0,25417882,3811,0,25417102,3795,0
2323,34790536707377,34790538495407,20009470,sA-eth3,up,34790538326535,netem,22610718,16559,0,0,0,0,0,21523020,3216,0,21735936,3304,0
2323,34790536707377,34790540147325,20009470,sB-eth3,up,34790539977933,netem,26439484,19286,0,0,0,0,0,25417882,3811,0,25417102,3795,0
2324,34790556706048,34790558527598,19998671,sA-eth3,up,34790558354396,netem,22610718,16559,0,0,0,0,0,21523020,3216,0,21735936,3304,0
2324,34790556706048,34790560188907,19998671,sB-eth3,up,34790560034915,netem,26439484,19286,0,0,0,0,0,25417882,3811,0,25417102,3795,0
2325,34790576710939,34790578508009,20004891,sA-eth3,up,34790578345678,netem,22610718,16559,0,0,0,0,0,21523020,3216,0,21735936,3304,0
2325,34790576710939,34790580755963,20004891,sB-eth3,up,34790580603893,netem,26439484,19286,0,0,0,0,0,25417882,3811,0,25417102,3795,0
2326,34790596709059,34790598528540,19998120,sA-eth3,up,34790598361568,netem,22610718,16559,0,0,0,0,0,21523020,3216,0,21735936,3304,0
2326,34790596709059,34790600364970,19998120,sB-eth3,up,34790600177548,netem,26439484,19286,0,0,0,0,0,25417882,3811,0,25417102,3795,0
2327,34790616702741,34790618536331,19993682,sA-eth3,up,34790618366340,netem,22610718,16559,0,0,0,0,0,21523020,3216,0,21735936,3304,0
2327,34790616702741,34790620346681,19993682,sB-eth3,up,34790620178990,netem,26439484,19286,0,0,0,0,0,25417882,3811,0,25417102,3795,0
2328,34790636706192,34790638512231,20003451,sA-eth3,up,34790638319660,netem,22610718,16559,0,0,0,0,0,21523020,3216,0,21735936,3304,0
2328,34790636706192,34790640181440,20003451,sB-eth3,up,34790640024848,netem,26439484,19286,0,0,0,0,0,25417882,3811,0,25417102,3795,0
2329,34790656709173,34790658544633,20002981,sA-eth3,up,34790658373981,netem,22610718,16559,0,0,0,0,0,21523020,3216,0,21735936,3304,0
2329,34790656709173,34790660199832,20002981,sB-eth3,up,34790660047040,netem,26439484,19286,0,0,0,0,0,25417882,3811,0,25417102,3795,0
2330,34790676705383,34790678518593,19996210,sA-eth3,up,34790678344481,netem,22610718,16559,0,0,0,0,0,21523020,3216,0,21735936,3304,0
2330,34790676705383,34790680680468,19996210,sB-eth3,up,34790680521425,netem,26439484,19286,0,0,0,0,0,25417882,3811,0,25417102,3795,0
2331,34790696706474,34790698492074,20001091,sA-eth3,up,34790698322742,netem,22610718,16559,0,0,0,0,0,21523020,3216,0,21735936,3304,0
2331,34790696706474,34790700322445,20001091,sB-eth3,up,34790700158623,netem,26439484,19286,0,0,0,0,0,25417882,3811,0,25417102,3795,0
2332,34790716704246,34790718522306,19997772,sA-eth3,up,34790718357054,netem,22610718,16559,0,0,0,0,0,21523020,3216,0,21735936,3304,0
2332,34790716704246,34790720377526,19997772,sB-eth3,up,34790720208944,netem,26439484,19286,0,0,0,0,0,25417882,3811,0,25417102,3795,0
2333,34790736719266,34790738641838,20015020,sA-eth3,up,34790738463016,netem,22610718,16559,0,0,0,0,0,21523020,3216,0,21735936,3304,0
2333,34790736719266,34790740367767,20015020,sB-eth3,up,34790740198045,netem,26439484,19286,0,0,0,0,0,25417882,3811,0,25417102,3795,0
2334,34790756705317,34790758488097,19986051,sA-eth3,up,34790758326175,netem,22610718,16559,0,0,0,0,0,21523020,3216,0,21735936,3304,0
2334,34790756705317,34790760152435,19986051,sB-eth3,up,34790759973203,netem,26439484,19286,0,0,0,0,0,25417882,3811,0,25417102,3795,0
2335,34790776722528,34790778615369,20017211,sA-eth3,up,34790778402906,netem,22610718,16559,0,0,0,0,0,21523020,3216,0,21735936,3304,0
2335,34790776722528,34790780386539,20017211,sB-eth3,up,34790780183076,netem,26439484,19286,0,0,0,0,0,25417882,3811,0,25417102,3795,0
2336,34790796718539,34790798528369,19996011,sA-eth3,up,34790798350828,netem,22610718,16559,0,0,0,0,0,21523020,3216,0,21735936,3304,0
2336,34790796718539,34790800218707,19996011,sB-eth3,up,34790800054276,netem,26439484,19286,0,0,0,0,0,25417882,3811,0,25417102,3795,0
2337,34790816709149,34790818588051,19990610,sA-eth3,up,34790818413218,netem,22610718,16559,0,0,0,0,0,21523020,3216,0,21735936,3304,0
2337,34790816709149,34790820262509,19990610,sB-eth3,up,34790820102117,netem,26439484,19286,0,0,0,0,0,25417882,3811,0,25417102,3795,0
2338,34790836727081,34790838658331,20017932,sA-eth3,up,34790838439180,netem,22610718,16559,0,0,0,0,0,21523020,3216,0,21735936,3304,0
2338,34790836727081,34790841042169,20017932,sB-eth3,up,34790840818546,netem,26439484,19286,0,0,0,0,0,25417882,3811,0,25417102,3795,0
2339,34790856718401,34790858713324,19991320,sA-eth3,up,34790858481001,netem,22610718,16559,0,0,0,0,0,21523020,3216,0,21735936,3304,0
2339,34790856718401,34790860546384,19991320,sB-eth3,up,34790860336361,netem,26439484,19286,0,0,0,0,0,25417882,3811,0,25417102,3795,0
2340,34790876722662,34790878635544,20004261,sA-eth3,up,34790878406281,netem,22610718,16559,0,0,0,0,0,21523020,3216,0,21735936,3304,0
2340,34790876722662,34790880451503,20004261,sB-eth3,up,34790880228481,netem,26439484,19286,0,0,0,0,0,25417882,3811,0,25417102,3795,0
2341,34790896725853,34790899135450,20003191,sA-eth3,up,34790898873127,netem,22610718,16559,0,0,0,0,0,21523020,3216,0,21735936,3304,0
2341,34790896725853,34790901097092,20003191,sB-eth3,up,34790900857319,netem,26439484,19286,0,0,0,0,0,25417882,3811,0,25417102,3795,0
2342,34790916723134,34790918884159,19997281,sA-eth3,up,34790918656666,netem,22610718,16559,0,0,0,0,0,21523020,3216,0,21735936,3304,0
2342,34790916723134,34790920836319,19997281,sB-eth3,up,34790920625838,netem,26439484,19286,0,0,0,0,0,25417882,3811,0,25417102,3795,0
2343,34790936722035,34790938767628,19998901,sA-eth3,up,34790938553435,netem,22610718,16559,0,0,0,0,0,21523020,3216,0,21735936,3304,0
2343,34790936722035,34790940743329,19998901,sB-eth3,up,34790940545738,netem,26439484,19286,0,0,0,0,0,25417882,3811,0,25417102,3795,0
2344,34790956712286,34790958670318,19990251,sA-eth3,up,34790958475306,netem,22610718,16559,0,0,0,0,0,21523020,3216,0,21735936,3304,0
2344,34790956712286,34790960711070,19990251,sB-eth3,up,34790960523298,netem,26439484,19286,0,0,0,0,0,25417882,3811,0,25417102,3795,0
2345,34790976706837,34790978689859,19994551,sA-eth3,up,34790978511367,netem,22610718,16559,0,0,0,0,0,21523020,3216,0,21735936,3304,0
2345,34790976706837,34790980490199,19994551,sB-eth3,up,34790980324616,netem,26439484,19286,0,0,0,0,0,25417882,3811,0,25417102,3795,0
2346,34790996710557,34790998640869,20003720,sA-eth3,up,34790998459867,netem,22610718,16559,0,0,0,0,0,21523020,3216,0,21735936,3304,0
2346,34790996710557,34791000360758,20003720,sB-eth3,up,34791000181906,netem,26439484,19286,0,0,0,0,0,25417882,3811,0,25417102,3795,0
2347,34791016709199,34791019446799,19998642,sA-eth3,up,34791019261977,netem,22610718,16559,0,0,0,0,0,21523020,3216,0,21735936,3304,0
2347,34791016709199,34791021570312,19998642,sB-eth3,up,34791021407241,netem,26439484,19286,0,0,0,0,0,25417882,3811,0,25417102,3795,0
2348,34791036705279,34791038790482,19996080,sA-eth3,up,34791038593500,netem,22610718,16559,0,0,0,0,0,21523020,3216,0,21735936,3304,0
2348,34791036705279,34791040679654,19996080,sB-eth3,up,34791040514751,netem,26439484,19286,0,0,0,0,0,25417882,3811,0,25417102,3795,0
2349,34791056707830,34791058743062,20002551,sA-eth3,up,34791058556951,netem,22610718,16559,0,0,0,0,0,21523020,3216,0,21735936,3304,0
2349,34791056707830,34791060639114,20002551,sB-eth3,up,34791060471261,netem,26439484,19286,0,0,0,0,0,25417882,3811,0,25417102,3795,0
2350,34791076710071,34791078748834,20002241,sA-eth3,up,34791078561381,netem,22610718,16559,0,0,0,0,0,21523020,3216,0,21735936,3304,0
2350,34791076710071,34791080668764,20002241,sB-eth3,up,34791080497283,netem,26439484,19286,0,0,0,0,0,25417882,3811,0,25417102,3795,0
2351,34791096703532,34791098750314,19993461,sA-eth3,up,34791098563443,netem,22610718,16559,0,0,0,0,0,21523020,3216,0,21735936,3304,0
2351,34791096703532,34791100675736,19993461,sB-eth3,up,34791100511444,netem,26439484,19286,0,0,0,0,0,25417882,3811,0,25417102,3795,0
2352,34791116710693,34791118741806,20007161,sA-eth3,up,34791118553143,netem,22610718,16559,0,0,0,0,0,21523020,3216,0,21735936,3304,0
2352,34791116710693,34791120688987,20007161,sB-eth3,up,34791120520416,netem,26439484,19286,0,0,0,0,0,25417882,3811,0,25417102,3795,0
2353,34791136703634,34791139495955,19992941,sA-eth3,up,34791139320633,netem,22610718,16559,0,0,0,0,0,21523020,3216,0,21735936,3304,0
2353,34791136703634,34791141454537,19992941,sB-eth3,up,34791141288245,netem,26439484,19286,0,0,0,0,0,25417882,3811,0,25417102,3795,0
2354,34791156705834,34791159045580,20002200,sA-eth3,up,34791158849249,netem,22610718,16559,0,0,0,0,0,21523020,3216,0,21735936,3304,0
2354,34791156705834,34791161109493,20002200,sB-eth3,up,34791160933081,netem,26439484,19286,0,0,0,0,0,25417882,3811,0,25417102,3795,0
2355,34791176703086,34791179420295,19997252,sA-eth3,up,34791179207343,netem,22610718,16559,0,0,0,0,0,21523020,3216,0,21735936,3304,0
2355,34791176703086,34791181547530,19997252,sB-eth3,up,34791181374547,netem,26439484,19286,0,0,0,0,0,25417882,3811,0,25417102,3795,0
2356,34791196712097,34791198642928,20009011,sA-eth3,up,34791198457776,netem,22610718,16559,0,0,0,0,0,21523020,3216,0,21735936,3304,0
2356,34791196712097,34791201096614,20009011,sB-eth3,up,34791200898313,netem,26439484,19286,0,0,0,0,0,25417882,3811,0,25417102,3795,0
2357,34791216704297,34791219039983,19992200,sA-eth3,up,34791218826991,netem,22610718,16559,0,0,0,0,0,21523020,3216,0,21735936,3304,0
2357,34791216704297,34791221138167,19992200,sB-eth3,up,34791220945534,netem,26439484,19286,0,0,0,0,0,25417882,3811,0,25417102,3795,0
2358,34791236707608,34791238891152,20003311,sA-eth3,up,34791238705061,netem,22610718,16559,0,0,0,0,0,21523020,3216,0,21735936,3304,0
2358,34791236707608,34791240950445,20003311,sB-eth3,up,34791240790144,netem,26439484,19286,0,0,0,0,0,25417882,3811,0,25417102,3795,0
2359,34791256712879,34791258943304,20005271,sA-eth3,up,34791258755382,netem,22610718,16559,0,0,0,0,0,21523020,3216,0,21735936,3304,0
2359,34791256712879,34791260796604,20005271,sB-eth3,up,34791260623823,netem,26439484,19286,0,0,0,0,0,25417882,3811,0,25417102,3795,0
2360,34791276704310,34791278616871,19991431,sA-eth3,up,34791278434539,netem,22610718,16559,0,0,0,0,0,21523020,3216,0,21735936,3304,0
2360,34791276704310,34791281135489,19991431,sB-eth3,up,34791280938247,netem,26439484,19286,0,0,0,0,0,25417882,3811,0,25417102,3795,0
2361,34791296710071,34791298668042,20005761,sA-eth3,up,34791298487011,netem,22610718,16559,0,0,0,0,0,21523020,3216,0,21735936,3304,0
2361,34791296710071,34791301218381,20005761,sB-eth3,up,34791301041489,netem,26439484,19286,0,0,0,0,0,25417882,3811,0,25417102,3795,0
2362,34791316709342,34791318887006,19999271,sA-eth3,up,34791318707644,netem,22610718,16559,0,0,0,0,0,21523020,3216,0,21735936,3304,0
2362,34791316709342,34791320859737,19999271,sB-eth3,up,34791320687986,netem,26439484,19286,0,0,0,0,0,25417882,3811,0,25417102,3795,0
2363,34791336708302,34791338664204,19998960,sA-eth3,up,34791338488642,netem,22610718,16559,0,0,0,0,0,21523020,3216,0,21735936,3304,0
2363,34791336708302,34791341189632,19998960,sB-eth3,up,34791340990190,netem,26439484,19286,0,0,0,0,0,25417882,3811,0,25417102,3795,0
2364,34791356715264,34791359108540,20006962,sA-eth3,up,34791358903957,netem,22610718,16559,0,0,0,0,0,21523020,3216,0,21735936,3304,0
2364,34791356715264,34791361177843,20006962,sB-eth3,up,34791360969591,netem,26439484,19286,0,0,0,0,0,25417882,3811,0,25417102,3795,0
2365,34791376703474,34791378674756,19988210,sA-eth3,up,34791378490244,netem,22610718,16559,0,0,0,0,0,21523020,3216,0,21735936,3304,0
2365,34791376703474,34791380427776,19988210,sB-eth3,up,34791380252153,netem,26439484,19286,0,0,0,0,0,25417882,3811,0,25417102,3795,0
2366,34791396712455,34791398610676,20008981,sA-eth3,up,34791398434224,netem,22610718,16559,0,0,0,0,0,21523020,3216,0,21735936,3304,0
2366,34791396712455,34791401129414,20008981,sB-eth3,up,34791400934692,netem,26439484,19286,0,0,0,0,0,25417882,3811,0,25417102,3795,0
2367,34791416705857,34791419562867,19993402,sA-eth3,up,34791419382815,netem,22610718,16559,0,0,0,0,0,21523020,3216,0,21735936,3304,0
2367,34791416705857,34791421939034,19993402,sB-eth3,up,34791421779912,netem,26439484,19286,0,0,0,0,0,25417882,3811,0,25417102,3795,0
2368,34791436699607,34791438759679,19993750,sA-eth3,up,34791438596329,netem,22610718,16559,0,0,0,0,0,21523020,3216,0,21735936,3304,0
2368,34791436699607,34791441096925,19993750,sB-eth3,up,34791440911943,netem,26439484,19286,0,0,0,0,0,25417882,3811,0,25417102,3795,0
2369,34791456718138,34791458793771,20018531,sA-eth3,up,34791458618339,netem,22610718,16559,0,0,0,0,0,21523020,3216,0,21735936,3304,0
2369,34791456718138,34791461058636,20018531,sB-eth3,up,34791460869844,netem,26439484,19286,0,0,0,0,0,25417882,3811,0,25417102,3795,0
2370,34791476704619,34791478670441,19986481,sA-eth3,up,34791478496659,netem,22610718,16559,0,0,0,0,0,21523020,3216,0,21735936,3304,0
2370,34791476704619,34791480466220,19986481,sB-eth3,up,34791480304239,netem,26439484,19286,0,0,0,0,0,25417882,3811,0,25417102,3795,0
2371,34791496711319,34791498576241,20006700,sA-eth3,up,34791498402298,netem,22610718,16559,0,0,0,0,0,21523020,3216,0,21735936,3304,0
2371,34791496711319,34791500323280,20006700,sB-eth3,up,34791500147828,netem,26439484,19286,0,0,0,0,0,25417882,3811,0,25417102,3795,0
2372,34791516701400,34791518920425,19990081,sA-eth3,up,34791518752594,netem,22610718,16559,0,0,0,0,0,21523020,3216,0,21735936,3304,0
2372,34791516701400,34791520850367,19990081,sB-eth3,up,34791520690564,netem,26439484,19286,0,0,0,0,0,25417882,3811,0,25417102,3795,0
2373,34791536718612,34791538717184,20017212,sA-eth3,up,34791538525392,netem,22610718,16559,0,0,0,0,0,21523020,3216,0,21735936,3304,0
2373,34791536718612,34791540566164,20017212,sB-eth3,up,34791540402752,netem,26439484,19286,0,0,0,0,0,25417882,3811,0,25417102,3795,0
2374,34791556705982,34791558716184,19987370,sA-eth3,up,34791558545172,netem,22610718,16559,0,0,0,0,0,21523020,3216,0,21735936,3304,0
2374,34791556705982,34791560718576,19987370,sB-eth3,up,34791560562155,netem,26439484,19286,0,0,0,0,0,25417882,3811,0,25417102,3795,0
2375,34791576705513,34791578813117,19999531,sA-eth3,up,34791578644974,netem,22610718,16559,0,0,0,0,0,21523020,3216,0,21735936,3304,0
2375,34791576705513,34791580809379,19999531,sB-eth3,up,34791580615177,netem,26439484,19286,0,0,0,0,0,25417882,3811,0,25417102,3795,0
2376,34791596709435,34791598598145,20003922,sA-eth3,up,34791598421043,netem,22610718,16559,0,0,0,0,0,21523020,3216,0,21735936,3304,0
2376,34791596709435,34791600749959,20003922,sB-eth3,up,34791600589106,netem,26439484,19286,0,0,0,0,0,25417882,3811,0,25417102,3795,0
2377,34791616710255,34791618877049,20000820,sA-eth3,up,34791618697267,netem,22610718,16559,0,0,0,0,0,21523020,3216,0,21735936,3304,0
2377,34791616710255,34791620817510,20000820,sB-eth3,up,34791620640039,netem,26439484,19286,0,0,0,0,0,25417882,3811,0,25417102,3795,0
2378,34791636704536,34791638684127,19994281,sA-eth3,up,34791638499856,netem,22610718,16559,0,0,0,0,0,21523020,3216,0,21735936,3304,0
2378,34791636704536,34791640494978,19994281,sB-eth3,up,34791640331446,netem,26439484,19286,0,0,0,0,0,25417882,3811,0,25417102,3795,0
2379,34791656707697,34791658566687,20003161,sA-eth3,up,34791658395186,netem,22610718,16559,0,0,0,0,0,21523020,3216,0,21735936,3304,0
2379,34791656707697,34791660696351,20003161,sB-eth3,up,34791660537289,netem,26439484,19286,0,0,0,0,0,25417882,3811,0,25417102,3795,0
2380,34791676709358,34791678587459,20001661,sA-eth3,up,34791678416297,netem,22610718,16559,0,0,0,0,0,21523020,3216,0,21735936,3304,0
2380,34791676709358,34791680386298,20001661,sB-eth3,up,34791680200316,netem,26439484,19286,0,0,0,0,0,25417882,3811,0,25417102,3795,0
2381,34791696705369,34791698507959,19996011,sA-eth3,up,34791698314526,netem,22610718,16559,0,0,0,0,0,21523020,3216,0,21735936,3304,0
2381,34791696705369,34791700481010,19996011,sB-eth3,up,34791700321589,netem,26439484,19286,0,0,0,0,0,25417882,3811,0,25417102,3795,0
2382,34791716703939,34791718608501,19998570,sA-eth3,up,34791718437099,netem,22610718,16559,0,0,0,0,0,21523020,3216,0,21735936,3304,0
2382,34791716703939,34791720303509,19998570,sB-eth3,up,34791720136918,netem,26439484,19286,0,0,0,0,0,25417882,3811,0,25417102,3795,0
2383,34791736711970,34791738547021,20008031,sA-eth3,up,34791738376379,netem,22610718,16559,0,0,0,0,0,21523020,3216,0,21735936,3304,0
2383,34791736711970,34791740259639,20008031,sB-eth3,up,34791740101088,netem,26439484,19286,0,0,0,0,0,25417882,3811,0,25417102,3795,0
2384,34791756703861,34791758561072,19991891,sA-eth3,up,34791758397919,netem,22610718,16559,0,0,0,0,0,21523020,3216,0,21735936,3304,0
2384,34791756703861,34791760348402,19991891,sB-eth3,up,34791760183149,netem,26439484,19286,0,0,0,0,0,25417882,3811,0,25417102,3795,0
2385,34791776708482,34791778544302,20004621,sA-eth3,up,34791778371361,netem,22610718,16559,0,0,0,0,0,21523020,3216,0,21735936,3304,0
2385,34791776708482,34791780246571,20004621,sB-eth3,up,34791780088369,netem,26439484,19286,0,0,0,0,0,25417882,3811,0,25417102,3795,0
2386,34791796712392,34791798544104,20003910,sA-eth3,up,34791798379321,netem,22610718,16559,0,0,0,0,0,21523020,3216,0,21735936,3304,0
2386,34791796712392,34791800246162,20003910,sB-eth3,up,34791800091481,netem,26439484,19286,0,0,0,0,0,25417882,3811,0,25417102,3795,0
2387,34791816716204,34791818525974,20003812,sA-eth3,up,34791818359192,netem,22610718,16559,0,0,0,0,0,21523020,3216,0,21735936,3304,0
2387,34791816716204,34791820228733,20003812,sB-eth3,up,34791820064531,netem,26439484,19286,0,0,0,0,0,25417882,3811,0,25417102,3795,0
2388,34791836704674,34791838514065,19988470,sA-eth3,up,34791838349523,netem,22610718,16559,0,0,0,0,0,21523020,3216,0,21735936,3304,0
2388,34791836704674,34791840168883,19988470,sB-eth3,up,34791840001001,netem,26439484,19286,0,0,0,0,0,25417882,3811,0,25417102,3795,0
2389,34791856704876,34791858532146,20000202,sA-eth3,up,34791858372824,netem,22610718,16559,0,0,0,0,0,21523020,3216,0,21735936,3304,0
2389,34791856704876,34791860173054,20000202,sB-eth3,up,34791860018923,netem,26439484,19286,0,0,0,0,0,25417882,3811,0,25417102,3795,0
2390,34791876703767,34791878507867,19998891,sA-eth3,up,34791878340694,netem,22610718,16559,0,0,0,0,0,21523020,3216,0,21735936,3304,0
2390,34791876703767,34791880158324,19998891,sB-eth3,up,34791879989483,netem,26439484,19286,0,0,0,0,0,25417882,3811,0,25417102,3795,0
2391,34791896706197,34791898519007,20002430,sA-eth3,up,34791898360466,netem,22610718,16559,0,0,0,0,0,21523020,3216,0,21735936,3304,0
2391,34791896706197,34791900187976,20002430,sB-eth3,up,34791900033934,netem,26439484,19286,0,0,0,0,0,25417882,3811,0,25417102,3795,0
2392,34791916702258,34791918520199,19996061,sA-eth3,up,34791918359366,netem,22610718,16559,0,0,0,0,0,21523020,3216,0,21735936,3304,0
2392,34791916702258,34791920805694,19996061,sB-eth3,up,34791920648121,netem,26439484,19286,0,0,0,0,0,25417882,3811,0,25417102,3795,0
2393,34791936708449,34791938565159,20006191,sA-eth3,up,34791938398038,netem,22610718,16559,0,0,0,0,0,21523020,3216,0,21735936,3304,0
2393,34791936708449,34791940393150,20006191,sB-eth3,up,34791940222148,netem,26439484,19286,0,0,0,0,0,25417882,3811,0,25417102,3795,0
2394,34791956704280,34791958513151,19995831,sA-eth3,up,34791958349528,netem,22610718,16559,0,0,0,0,0,21523020,3216,0,21735936,3304,0
2394,34791956704280,34791960201749,19995831,sB-eth3,up,34791960049027,netem,26439484,19286,0,0,0,0,0,25417882,3811,0,25417102,3795,0
2395,34791976700080,34791978478021,19995800,sA-eth3,up,34791978320859,netem,22610718,16559,0,0,0,0,0,21523020,3216,0,21735936,3304,0
2395,34791976700080,34791980137349,19995800,sB-eth3,up,34791979965776,netem,26439484,19286,0,0,0,0,0,25417882,3811,0,25417102,3795,0
2396,34791996704082,34791998557332,20004002,sA-eth3,up,34791998391280,netem,22610718,16559,0,0,0,0,0,21523020,3216,0,21735936,3304,0
2396,34791996704082,34792000265001,20004002,sB-eth3,up,34792000110049,netem,26439484,19286,0,0,0,0,0,25417882,3811,0,25417102,3795,0
2397,34792016707473,34792018542423,20003391,sA-eth3,up,34792018368521,netem,22610718,16559,0,0,0,0,0,21523020,3216,0,21735936,3304,0
2397,34792016707473,34792021225102,20003391,sB-eth3,up,34792021060450,netem,26439484,19286,0,0,0,0,0,25417882,3811,0,25417102,3795,0
2398,34792036705753,34792038954458,19998280,sA-eth3,up,34792038780557,netem,22610718,16559,0,0,0,0,0,21523020,3216,0,21735936,3304,0
2398,34792036705753,34792040865100,19998280,sB-eth3,up,34792040703018,netem,26439484,19286,0,0,0,0,0,25417882,3811,0,25417102,3795,0
2399,34792056700325,34792058623375,19994572,sA-eth3,up,34792058452444,netem,22610718,16559,0,0,0,0,0,21523020,3216,0,21735936,3304,0
2399,34792056700325,34792060810330,19994572,sB-eth3,up,34792060651657,netem,26439484,19286,0,0,0,0,0,25417882,3811,0,25417102,3795,0
2400,34792076712785,34792078682157,20012460,sA-eth3,up,34792078507195,netem,22610718,16559,0,0,0,0,0,21523020,3216,0,21735936,3304,0
2400,34792076712785,34792080592768,20012460,sB-eth3,up,34792080436326,netem,26439484,19286,0,0,0,0,0,25417882,3811,0,25417102,3795,0
2401,34792096716626,34792098805260,20003841,sA-eth3,up,34792098622197,netem,22610718,16559,0,0,0,0,0,21523020,3216,0,21735936,3304,0
2401,34792096716626,34792100746111,20003841,sB-eth3,up,34792100568329,netem,26439484,19286,0,0,0,0,0,25417882,3811,0,25417102,3795,0
2402,34792116703317,34792118725680,19986691,sA-eth3,up,34792118528147,netem,22610718,16559,0,0,0,0,0,21523020,3216,0,21735936,3304,0
2402,34792116703317,34792120529529,19986691,sB-eth3,up,34792120359767,netem,26439484,19286,0,0,0,0,0,25417882,3811,0,25417102,3795,0
2403,34792136710158,34792138608849,20006841,sA-eth3,up,34792138428147,netem,22610718,16559,0,0,0,0,0,21523020,3216,0,21735936,3304,0
2403,34792136710158,34792141340359,20006841,sB-eth3,up,34792141155587,netem,26439484,19286,0,0,0,0,0,25417882,3811,0,25417102,3795,0
2404,34792156714149,34792159081685,20003991,sA-eth3,up,34792158866173,netem,22610718,16559,0,0,0,0,0,21523020,3216,0,21735936,3304,0
2404,34792156714149,34792161113797,20003991,sB-eth3,up,34792160905665,netem,26439484,19286,0,0,0,0,0,25417882,3811,0,25417102,3795,0
2405,34792176708790,34792179177207,19994641,sA-eth3,up,34792178957945,netem,22610718,16559,0,0,0,0,0,21523020,3216,0,21735936,3304,0
2405,34792176708790,34792181118688,19994641,sB-eth3,up,34792180923777,netem,26439484,19286,0,0,0,0,0,25417882,3811,0,25417102,3795,0
2406,34792196701600,34792198613712,19992810,sA-eth3,up,34792198441170,netem,22610718,16559,0,0,0,0,0,21523020,3216,0,21735936,3304,0
2406,34792196701600,34792200575204,19992810,sB-eth3,up,34792200381291,netem,26439484,19286,0,0,0,0,0,25417882,3811,0,25417102,3795,0
2407,34792216711662,34792218648412,20010062,sA-eth3,up,34792218465521,netem,22610718,16559,0,0,0,0,0,21523020,3216,0,21735936,3304,0
2407,34792216711662,34792220901037,20010062,sB-eth3,up,34792220725367,netem,26439484,19286,0,0,0,0,0,25417882,3811,0,25417102,3795,0
2408,34792236711482,34792238719825,19999820,sA-eth3,up,34792238533683,netem,22610718,16559,0,0,0,0,0,21523020,3216,0,21735936,3304,0
2408,34792236711482,34792240940510,19999820,sB-eth3,up,34792240770617,netem,26439484,19286,0,0,0,0,0,25417882,3811,0,25417102,3795,0
2409,34792256709223,34792258608185,19997741,sA-eth3,up,34792258425922,netem,22610718,16559,0,0,0,0,0,21523020,3216,0,21735936,3304,0
2409,34792256709223,34792260827619,19997741,sB-eth3,up,34792260658527,netem,26439484,19286,0,0,0,0,0,25417882,3811,0,25417102,3795,0
2410,34792276718075,34792278552725,20008852,sA-eth3,up,34792278373012,netem,22610718,16559,0,0,0,0,0,21523020,3216,0,21735936,3304,0
2410,34792276718075,34792280672887,20008852,sB-eth3,up,34792280510547,netem,26439484,19286,0,0,0,0,0,25417882,3811,0,25417102,3795,0
2411,34792296707075,34792298794338,19989000,sA-eth3,up,34792298599966,netem,22610718,16559,0,0,0,0,0,21523020,3216,0,21735936,3304,0
2411,34792296707075,34792300549677,19989000,sB-eth3,up,34792300379896,netem,26439484,19286,0,0,0,0,0,25417882,3811,0,25417102,3795,0
2412,34792316706196,34792318559476,19999121,sA-eth3,up,34792318380874,netem,22610718,16559,0,0,0,0,0,21523020,3216,0,21735936,3304,0
2412,34792316706196,34792320239835,19999121,sB-eth3,up,34792320071603,netem,26439484,19286,0,0,0,0,0,25417882,3811,0,25417102,3795,0
2413,34792336707127,34792338577927,20000931,sA-eth3,up,34792338400795,netem,22610718,16559,0,0,0,0,0,21523020,3216,0,21735936,3304,0
2413,34792336707127,34792340243726,20000931,sB-eth3,up,34792340079814,netem,26439484,19286,0,0,0,0,0,25417882,3811,0,25417102,3795,0
2414,34792356718588,34792359118284,20011461,sA-eth3,up,34792358899272,netem,22610718,16559,0,0,0,0,0,21523020,3216,0,21735936,3304,0
2414,34792356718588,34792361295358,20011461,sB-eth3,up,34792361112386,netem,26439484,19286,0,0,0,0,0,25417882,3811,0,25417102,3795,0
2415,34792376709688,34792378935623,19991100,sA-eth3,up,34792378753121,netem,22610718,16559,0,0,0,0,0,21523020,3216,0,21735936,3304,0
2415,34792376709688,34792380659852,19991100,sB-eth3,up,34792380494240,netem,26439484,19286,0,0,0,0,0,25417882,3811,0,25417102,3795,0
2416,34792396705450,34792398548719,19995762,sA-eth3,up,34792398371938,netem,22610718,16559,0,0,0,0,0,21523020,3216,0,21735936,3304,0
2416,34792396705450,34792400576012,19995762,sB-eth3,up,34792400413490,netem,26439484,19286,0,0,0,0,0,25417882,3811,0,25417102,3795,0
2417,34792416720491,34792419140678,20015041,sA-eth3,up,34792418907325,netem,22610718,16559,0,0,0,0,0,21523020,3216,0,21735936,3304,0
2417,34792416720491,34792421028298,20015041,sB-eth3,up,34792420815355,netem,26439484,19286,0,0,0,0,0,25417882,3811,0,25417102,3795,0
2418,34792436711081,34792438851595,19990590,sA-eth3,up,34792438645453,netem,22610718,16559,0,0,0,0,0,21523020,3216,0,21735936,3304,0
2418,34792436711081,34792440744185,19990590,sB-eth3,up,34792440559604,netem,26439484,19286,0,0,0,0,0,25417882,3811,0,25417102,3795,0
2419,34792456709912,34792458692324,19998831,sA-eth3,up,34792458507802,netem,22610718,16559,0,0,0,0,0,21523020,3216,0,21735936,3304,0
2419,34792456709912,34792460646645,19998831,sB-eth3,up,34792460447884,netem,26439484,19286,0,0,0,0,0,25417882,3811,0,25417102,3795,0
2420,34792476707143,34792478692995,19997231,sA-eth3,up,34792478504783,netem,22610718,16559,0,0,0,0,0,21523020,3216,0,21735936,3304,0
2420,34792476707143,34792480599535,19997231,sB-eth3,up,34792480413574,netem,26439484,19286,0,0,0,0,0,25417882,3811,0,25417102,3795,0
2421,34792496717313,34792498746897,20010170,sA-eth3,up,34792498551835,netem,22610718,16559,0,0,0,0,0,21523020,3216,0,21735936,3304,0
2421,34792496717313,34792501000450,20010170,sB-eth3,up,34792500829809,netem,26439484,19286,0,0,0,0,0,25417882,3811,0,25417102,3795,0
2422,34792516706325,34792519597016,19989012,sA-eth3,up,34792519414414,netem,22610718,16559,0,0,0,0,0,21523020,3216,0,21735936,3304,0
2422,34792516706325,34792521976313,19989012,sB-eth3,up,34792521807191,netem,26439484,19286,0,0,0,0,0,25417882,3811,0,25417102,3795,0
2423,34792536706755,34792538967310,20000430,sA-eth3,up,34792538781418,netem,22610718,16559,0,0,0,0,0,21523020,3216,0,21735936,3304,0
2423,34792536706755,34792541035793,20000430,sB-eth3,up,34792540823290,netem,26439484,19286,0,0,0,0,0,25417882,3811,0,25417102,3795,0
2424,34792556706606,34792558740989,19999851,sA-eth3,up,34792558548267,netem,22610718,16559,0,0,0,0,0,21523020,3216,0,21735936,3304,0
2424,34792556706606,34792561089085,19999851,sB-eth3,up,34792560883843,netem,26439484,19286,0,0,0,0,0,25417882,3811,0,25417102,3795,0
2425,34792576711388,34792578624768,20004782,sA-eth3,up,34792578445027,netem,22610718,16559,0,0,0,0,0,21523020,3216,0,21735936,3304,0
2425,34792576711388,34792580734392,20004782,sB-eth3,up,34792580550020,netem,26439484,19286,0,0,0,0,0,25417882,3811,0,25417102,3795,0
2426,34792596715988,34792598994953,20004600,sA-eth3,up,34792598803861,netem,22610718,16559,0,0,0,0,0,21523020,3216,0,21735936,3304,0
2426,34792596715988,34792600977845,20004600,sB-eth3,up,34792600806863,netem,26439484,19286,0,0,0,0,0,25417882,3811,0,25417102,3795,0
2427,34792616701259,34792618565770,19985271,sA-eth3,up,34792618384267,netem,22610718,16559,0,0,0,0,0,21523020,3216,0,21735936,3304,0
2427,34792616701259,34792620729763,19985271,sB-eth3,up,34792620566922,netem,26439484,19286,0,0,0,0,0,25417882,3811,0,25417102,3795,0
2428,34792636707020,34792638604381,20005761,sA-eth3,up,34792638428519,netem,22610718,16559,0,0,0,0,0,21523020,3216,0,21735936,3304,0
2428,34792636707020,34792640594283,20005761,sB-eth3,up,34792640436351,netem,26439484,19286,0,0,0,0,0,25417882,3811,0,25417102,3795,0
2429,34792656708101,34792658727953,20001081,sA-eth3,up,34792658560031,netem,22610718,16559,0,0,0,0,0,21523020,3216,0,21735936,3304,0
2429,34792656708101,34792660535172,20001081,sB-eth3,up,34792660353521,netem,26439484,19286,0,0,0,0,0,25417882,3811,0,25417102,3795,0
2430,34792676711972,34792678578922,20003871,sA-eth3,up,34792678405790,netem,22610718,16559,0,0,0,0,0,21523020,3216,0,21735936,3304,0
2430,34792676711972,34792680366602,20003871,sB-eth3,up,34792680180589,netem,26439484,19286,0,0,0,0,0,25417882,3811,0,25417102,3795,0
2431,34792696702183,34792698521832,19990211,sA-eth3,up,34792698348740,netem,22610718,16559,0,0,0,0,0,21523020,3216,0,21735936,3304,0
2431,34792696702183,34792700252802,19990211,sB-eth3,up,34792700081990,netem,26439484,19286,0,0,0,0,0,25417882,3811,0,25417102,3795,0
2432,34792716701423,34792718478173,19999240,sA-eth3,up,34792718297902,netem,22610718,16559,0,0,0,0,0,21523020,3216,0,21735936,3304,0
2432,34792716701423,34792720221522,19999240,sB-eth3,up,34792720050331,netem,26439484,19286,0,0,0,0,0,25417882,3811,0,25417102,3795,0
2433,34792736704435,34792738517504,20003012,sA-eth3,up,34792738347782,netem,22610718,16559,0,0,0,0,0,21523020,3216,0,21735936,3304,0
2433,34792736704435,34792740258174,20003012,sB-eth3,up,34792740089552,netem,26439484,19286,0,0,0,0,0,25417882,3811,0,25417102,3795,0
2434,34792756706775,34792758539915,20002340,sA-eth3,up,34792758369754,netem,22610718,16559,0,0,0,0,0,21523020,3216,0,21735936,3304,0
2434,34792756706775,34792760302695,20002340,sB-eth3,up,34792760116332,netem,26439484,19286,0,0,0,0,0,25417882,3811,0,25417102,3795,0
2435,34792776702126,34792778496625,19995351,sA-eth3,up,34792778327314,netem,22610718,16559,0,0,0,0,0,21523020,3216,0,21735936,3304,0
2435,34792776702126,34792780224654,19995351,sB-eth3,up,34792780054623,netem,26439484,19286,0,0,0,0,0,25417882,3811,0,25417102,3795,0
2436,34792796701977,34792798689098,19999851,sA-eth3,up,34792798516077,netem,22610718,16559,0,0,0,0,0,21523020,3216,0,21735936,3304,0
2436,34792796701977,34792800420898,19999851,sB-eth3,up,34792800239106,netem,26439484,19286,0,0,0,0,0,25417882,3811,0,25417102,3795,0
2437,34792816710728,34792818489968,20008751,sA-eth3,up,34792818323585,netem,22610718,16559,0,0,0,0,0,21523020,3216,0,21735936,3304,0
2437,34792816710728,34792820231707,20008751,sB-eth3,up,34792820058705,netem,26439484,19286,0,0,0,0,0,25417882,3811,0,25417102,3795,0
2438,34792836710489,34792838530470,19999761,sA-eth3,up,34792838360667,netem,22610718,16559,0,0,0,0,0,21523020,3216,0,21735936,3304,0
2438,34792836710489,34792840289239,19999761,sB-eth3,up,34792840108857,netem,26439484,19286,0,0,0,0,0,25417882,3811,0,25417102,3795,0
2439,34792856701540,34792858475250,19991051,sA-eth3,up,34792858307307,netem,22610718,16559,0,0,0,0,0,21523020,3216,0,21735936,3304,0
2439,34792856701540,34792860218529,19991051,sB-eth3,up,34792860047527,netem,26439484,19286,0,0,0,0,0,25417882,3811,0,25417102,3795,0
2440,34792876705251,34792878475730,20003711,sA-eth3,up,34792878297858,netem,22610718,16559,0,0,0,0,0,21523020,3216,0,21735936,3304,0
2440,34792876705251,34792880761335,20003711,sB-eth3,up,34792880604784,netem,26439484,19286,0,0,0,0,0,25417882,3811,0,25417102,3795,0
2441,34792896704431,34792898676873,19999180,sA-eth3,up,34792898505442,netem,22610718,16559,0,0,0,0,0,21523020,3216,0,21735936,3304,0
2441,34792896704431,34792900521294,19999180,sB-eth3,up,34792900364622,netem,26439484,19286,0,0,0,0,0,25417882,3811,0,25417102,3795,0
2442,34792916714743,34792918678254,20010312,sA-eth3,up,34792918496652,netem,22610718,16559,0,0,0,0,0,21523020,3216,0,21735936,3304,0
2442,34792916714743,34792920381522,20010312,sB-eth3,up,34792920211692,netem,26439484,19286,0,0,0,0,0,25417882,3811,0,25417102,3795,0
2443,34792936706283,34792938731496,19991540,sA-eth3,up,34792938563744,netem,22610718,16559,0,0,0,0,0,21523020,3216,0,21735936,3304,0
2443,34792936706283,34792940606487,19991540,sB-eth3,up,34792940435054,netem,26439484,19286,0,0,0,0,0,25417882,3811,0,25417102,3795,0
2444,34792956701435,34792958536104,19995152,sA-eth3,up,34792958367062,netem,22610718,16559,0,0,0,0,0,21523020,3216,0,21735936,3304,0
2444,34792956701435,34792960437625,19995152,sB-eth3,up,34792960255964,netem,26439484,19286,0,0,0,0,0,25417882,3811,0,25417102,3795,0
2445,34792976701235,34792978550655,19999800,sA-eth3,up,34792978379534,netem,22610718,16559,0,0,0,0,0,21523020,3216,0,21735936,3304,0
2445,34792976701235,34792980385595,19999800,sB-eth3,up,34792980214624,netem,26439484,19286,0,0,0,0,0,25417882,3811,0,25417102,3795,0
2446,34792996710386,34792998589617,20009151,sA-eth3,up,34792998417115,netem,22610718,16559,0,0,0,0,0,21523020,3216,0,21735936,3304,0
2446,34792996710386,34793000535848,20009151,sB-eth3,up,34793000361166,netem,26439484,19286,0,0,0,0,0,25417882,3811,0,25417102,3795,0
2447,34793016705967,34793018871151,19995581,sA-eth3,up,34793018696939,netem,22610718,16559,0,0,0,0,0,21523020,3216,0,21735936,3304,0
2447,34793016705967,34793021180936,19995581,sB-eth3,up,34793020995005,netem,26439484,19286,0,0,0,0,0,25417882,3811,0,25417102,3795,0
2448,34793036700727,34793038910452,19994760,sA-eth3,up,34793038731310,netem,22610718,16559,0,0,0,0,0,21523020,3216,0,21735936,3304,0
2448,34793036700727,34793040826313,19994760,sB-eth3,up,34793040653162,netem,26439484,19286,0,0,0,0,0,25417882,3811,0,25417102,3795,0
2449,34793056710279,34793058579750,20009552,sA-eth3,up,34793058405738,netem,22610718,16559,0,0,0,0,0,21523020,3216,0,21735936,3304,0
2449,34793056710279,34793061201838,20009552,sB-eth3,up,34793061039186,netem,26439484,19286,0,0,0,0,0,25417882,3811,0,25417102,3795,0
2450,34793076703510,34793078704742,19993231,sA-eth3,up,34793078532400,netem,22610718,16559,0,0,0,0,0,21523020,3216,0,21735936,3304,0
2450,34793076703510,34793081109548,19993231,sB-eth3,up,34793080910596,netem,26439484,19286,0,0,0,0,0,25417882,3811,0,25417102,3795,0
2451,34793096701681,34793099071096,19998171,sA-eth3,up,34793098872374,netem,22610718,16559,0,0,0,0,0,21523020,3216,0,21735936,3304,0
2451,34793096701681,34793100787765,19998171,sB-eth3,up,34793100629444,netem,26439484,19286,0,0,0,0,0,25417882,3811,0,25417102,3795,0
2452,34793116700981,34793118551992,19999300,sA-eth3,up,34793118366829,netem,22610718,16559,0,0,0,0,0,21523020,3216,0,21735936,3304,0
2452,34793116700981,34793120583034,19999300,sB-eth3,up,34793120426422,netem,26439484,19286,0,0,0,0,0,25417882,3811,0,25417102,3795,0
2453,34793136700952,34793138453942,19999971,sA-eth3,up,34793138288590,netem,22610718,16559,0,0,0,0,0,21523020,3216,0,21735936,3304,0
2453,34793136700952,34793140250301,19999971,sB-eth3,up,34793140069419,netem,26439484,19286,0,0,0,0,0,25417882,3811,0,25417102,3795,0
2454,34793156711893,34793158619674,20010941,sA-eth3,up,34793158450763,netem,22610718,16559,0,0,0,0,0,21523020,3216,0,21735936,3304,0
2454,34793156711893,34793160618727,20010941,sB-eth3,up,34793160463145,netem,26439484,19286,0,0,0,0,0,25417882,3811,0,25417102,3795,0
2455,34793176706364,34793178542094,19994471,sA-eth3,up,34793178369812,netem,22610718,16559,0,0,0,0,0,21523020,3216,0,21735936,3304,0
2455,34793176706364,34793180413355,19994471,sB-eth3,up,34793180246693,netem,26439484,19286,0,0,0,0,0,25417882,3811,0,25417102,3795,0
2456,34793196698775,34793198551605,19992411,sA-eth3,up,34793198383993,netem,22610718,16559,0,0,0,0,0,21523020,3216,0,21735936,3304,0
2456,34793196698775,34793200352355,19992411,sB-eth3,up,34793200182324,netem,26439484,19286,0,0,0,0,0,25417882,3811,0,25417102,3795,0
2457,34793216700985,34793218471355,20002210,sA-eth3,up,34793218301153,netem,22610718,16559,0,0,0,0,0,21523020,3216,0,21735936,3304,0
2457,34793216700985,34793220266095,20002210,sB-eth3,up,34793220086302,netem,26439484,19286,0,0,0,0,0,25417882,3811,0,25417102,3795,0
2458,34793236707176,34793238508317,20006191,sA-eth3,up,34793238339015,netem,22610718,16559,0,0,0,0,0,21523020,3216,0,21735936,3304,0
2458,34793236707176,34793240571809,20006191,sB-eth3,up,34793240411287,netem,26439484,19286,0,0,0,0,0,25417882,3811,0,25417102,3795,0
2459,34793256709368,34793258720000,20002192,sA-eth3,up,34793258550948,netem,22610718,16559,0,0,0,0,0,21523020,3216,0,21735936,3304,0
2459,34793256709368,34793260587530,20002192,sB-eth3,up,34793260432629,netem,26439484,19286,0,0,0,0,0,25417882,3811,0,25417102,3795,0
2460,34793276700518,34793278467428,19991150,sA-eth3,up,34793278306177,netem,22610718,16559,0,0,0,0,0,21523020,3216,0,21735936,3304,0
2460,34793276700518,34793280306948,19991150,sB-eth3,up,34793280140877,netem,26439484,19286,0,0,0,0,0,25417882,3811,0,25417102,3795,0
2461,34793296704669,34793298499249,20004151,sA-eth3,up,34793298328577,netem,22610718,16559,0,0,0,0,0,21523020,3216,0,21735936,3304,0
2461,34793296704669,34793300300819,20004151,sB-eth3,up,34793300105367,netem,26439484,19286,0,0,0,0,0,25417882,3811,0,25417102,3795,0
2462,34793316701170,34793318483200,19996501,sA-eth3,up,34793318314628,netem,22610718,16559,0,0,0,0,0,21523020,3216,0,21735936,3304,0
2462,34793316701170,34793320437132,19996501,sB-eth3,up,34793320271289,netem,26439484,19286,0,0,0,0,0,25417882,3811,0,25417102,3795,0
2463,34793336703001,34793338653633,20001831,sA-eth3,up,34793338470000,netem,22610718,16559,0,0,0,0,0,21523020,3216,0,21735936,3304,0
2463,34793336703001,34793340541203,20001831,sB-eth3,up,34793340380422,netem,26439484,19286,0,0,0,0,0,25417882,3811,0,25417102,3795,0
2464,34793356706571,34793358621003,20003570,sA-eth3,up,34793358444051,netem,22610718,16559,0,0,0,0,0,21523020,3216,0,21735936,3304,0
2464,34793356706571,34793360872838,20003570,sB-eth3,up,34793360709966,netem,26439484,19286,0,0,0,0,0,25417882,3811,0,25417102,3795,0
2465,34793376700833,34793378501353,19994262,sA-eth3,up,34793378329540,netem,22610718,16559,0,0,0,0,0,21523020,3216,0,21735936,3304,0
2465,34793376700833,34793380472434,19994262,sB-eth3,up,34793380313712,netem,26439484,19286,0,0,0,0,0,25417882,3811,0,25417102,3795,0
2466,34793396704343,34793398567825,20003510,sA-eth3,up,34793398404192,netem,22610718,16559,0,0,0,0,0,21523020,3216,0,21735936,3304,0
2466,34793396704343,34793400589077,20003510,sB-eth3,up,34793400410344,netem,26439484,19286,0,0,0,0,0,25417882,3811,0,25417102,3795,0
2467,34793416710185,34793418629956,20005842,sA-eth3,up,34793418455703,netem,22610718,16559,0,0,0,0,0,21523020,3216,0,21735936,3304,0
2467,34793416710185,34793420732700,20005842,sB-eth3,up,34793420572277,netem,26439484,19286,0,0,0,0,0,25417882,3811,0,25417102,3795,0
2468,34793436700126,34793438606196,19989941,sA-eth3,up,34793438437465,netem,22610718,16559,0,0,0,0,0,21523020,3216,0,21735936,3304,0
2468,34793436700126,34793440468467,19989941,sB-eth3,up,34793440311585,netem,26439484,19286,0,0,0,0,0,25417882,3811,0,25417102,3795,0
2469,34793456702136,34793458521856,20002010,sA-eth3,up,34793458352515,netem,22610718,16559,0,0,0,0,0,21523020,3216,0,21735936,3304,0
2469,34793456702136,34793460383417,20002010,sB-eth3,up,34793460214395,netem,26439484,19286,0,0,0,0,0,25417882,3811,0,25417102,3795,0
2470,34793476704137,34793478517567,20002001,sA-eth3,up,34793478352925,netem,22610718,16559,0,0,0,0,0,21523020,3216,0,21735936,3304,0
2470,34793476704137,34793480659481,20002001,sB-eth3,up,34793480503320,netem,26439484,19286,0,0,0,0,0,25417882,3811,0,25417102,3795,0
2471,34793496705288,34793498581978,20001151,sA-eth3,up,34793498414897,netem,22610718,16559,0,0,0,0,0,21523020,3216,0,21735936,3304,0
2471,34793496705288,34793500434870,20001151,sB-eth3,up,34793500271597,netem,26439484,19286,0,0,0,0,0,25417882,3811,0,25417102,3795,0
2472,34793516704308,34793518534369,19999020,sA-eth3,up,34793518371237,netem,22610718,16559,0,0,0,0,0,21523020,3216,0,21735936,3304,0
2472,34793516704308,34793520495070,19999020,sB-eth3,up,34793520341840,netem,26439484,19286,0,0,0,0,0,25417882,3811,0,25417102,3795,0
2473,34793536697700,34793538498240,19993392,sA-eth3,up,34793538334298,netem,22610718,16559,0,0,0,0,0,21523020,3216,0,21735936,3304,0
2473,34793536697700,34793540772075,19993392,sB-eth3,up,34793540590103,netem,26439484,19286,0,0,0,0,0,25417882,3811,0,25417102,3795,0
2474,34793556702790,34793558554511,20005090,sA-eth3,up,34793558382289,netem,22610718,16559,0,0,0,0,0,21523020,3216,0,21735936,3304,0
2474,34793556702790,34793560479422,20005090,sB-eth3,up,34793560308240,netem,26439484,19286,0,0,0,0,0,25417882,3811,0,25417102,3795,0
2475,34793576710371,34793578850895,20007581,sA-eth3,up,34793578653593,netem,22610718,16559,0,0,0,0,0,21523020,3216,0,21735936,3304,0
2475,34793576710371,34793580738906,20007581,sB-eth3,up,34793580563734,netem,26439484,19286,0,0,0,0,0,25417882,3811,0,25417102,3795,0
2476,34793596708453,34793598587393,19998082,sA-eth3,up,34793598405871,netem,22610718,16559,0,0,0,0,0,21523020,3216,0,21735936,3304,0
2476,34793596708453,34793600867408,19998082,sB-eth3,up,34793600705187,netem,26439484,19286,0,0,0,0,0,25417882,3811,0,25417102,3795,0
2477,34793616705464,34793618842528,19997011,sA-eth3,up,34793618669715,netem,22610718,16559,0,0,0,0,0,21523020,3216,0,21735936,3304,0
2477,34793616705464,34793620725248,19997011,sB-eth3,up,34793620563695,netem,26439484,19286,0,0,0,0,0,25417882,3811,0,25417102,3795,0
2478,34793636698324,34793638875138,19992860,sA-eth3,up,34793638706636,netem,22610718,16559,0,0,0,0,0,21523020,3216,0,21735936,3304,0
2478,34793636698324,34793640836640,19992860,sB-eth3,up,34793640680498,netem,26439484,19286,0,0,0,0,0,25417882,3811,0,25417102,3795,0
2479,34793656704525,34793658532555,20006201,sA-eth3,up,34793658365843,netem,22610718,16559,0,0,0,0,0,21523020,3216,0,21735936,3304,0
2479,34793656704525,34793660348595,20006201,sB-eth3,up,34793660159493,netem,26439484,19286,0,0,0,0,0,25417882,3811,0,25417102,3795,0
2480,34793676703246,34793678601607,19998721,sA-eth3,up,34793678420975,netem,22610718,16559,0,0,0,0,0,21523020,3216,0,21735936,3304,0
2480,34793676703246,34793680724771,19998721,sB-eth3,up,34793680559848,netem,26439484,19286,0,0,0,0,0,25417882,3811,0,25417102,3795,0
2481,34793696703616,34793698734649,20000370,sA-eth3,up,34793698566128,netem,22610718,16559,0,0,0,0,0,21523020,3216,0,21735936,3304,0
2481,34793696703616,34793700561920,20000370,sB-eth3,up,34793700402048,netem,26439484,19286,0,0,0,0,0,25417882,3811,0,25417102,3795,0
2482,34793716699958,34793718872752,19996342,sA-eth3,up,34793718707800,netem,22610718,16559,0,0,0,0,0,21523020,3216,0,21735936,3304,0
2482,34793716699958,34793720712402,19996342,sB-eth3,up,34793720546680,netem,26439484,19286,0,0,0,0,0,25417882,3811,0,25417102,3795,0
2483,34793736702688,34793738554188,20002730,sA-eth3,up,34793738389928,netem,22610718,16559,0,0,0,0,0,21523020,3216,0,21735936,3304,0
2483,34793736702688,34793740381280,20002730,sB-eth3,up,34793740212637,netem,26439484,19286,0,0,0,0,0,25417882,3811,0,25417102,3795,0
2484,34793756705469,34793758543470,20002781,sA-eth3,up,34793758373498,netem,22610718,16559,0,0,0,0,0,21523020,3216,0,21735936,3304,0
2484,34793756705469,34793760574693,20002781,sB-eth3,up,34793760387130,netem,26439484,19286,0,0,0,0,0,25417882,3811,0,25417102,3795,0
2485,34793776707791,34793778677882,20002322,sA-eth3,up,34793778494560,netem,22610718,16559,0,0,0,0,0,21523020,3216,0,21735936,3304,0
2485,34793776707791,34793780446282,20002322,sB-eth3,up,34793780269890,netem,26439484,19286,0,0,0,0,0,25417882,3811,0,25417102,3795,0
2486,34793796704941,34793798606833,19997150,sA-eth3,up,34793798420560,netem,22610718,16559,0,0,0,0,0,21523020,3216,0,21735936,3304,0
2486,34793796704941,34793800670815,19997150,sB-eth3,up,34793800506713,netem,26439484,19286,0,0,0,0,0,25417882,3811,0,25417102,3795,0
2487,34793816700842,34793818536713,19995901,sA-eth3,up,34793818363331,netem,22610718,16559,0,0,0,0,0,21523020,3216,0,21735936,3304,0
2487,34793816700842,34793820516635,19995901,sB-eth3,up,34793820337252,netem,26439484,19286,0,0,0,0,0,25417882,3811,0,25417102,3795,0
2488,34793836708593,34793838684745,20007751,sA-eth3,up,34793838506833,netem,22610718,16559,0,0,0,0,0,21523020,3216,0,21735936,3304,0
2488,34793836708593,34793840641266,20007751,sB-eth3,up,34793840480495,netem,26439484,19286,0,0,0,0,0,25417882,3811,0,25417102,3795,0
2489,34793856703044,34793858890238,19994451,sA-eth3,up,34793858711366,netem,22610718,16559,0,0,0,0,0,21523020,3216,0,21735936,3304,0
2489,34793856703044,34793861383806,19994451,sB-eth3,up,34793861205734,netem,26439484,19286,0,0,0,0,0,25417882,3811,0,25417102,3795,0
2490,34793876702395,34793879025491,19999351,sA-eth3,up,34793878840448,netem,22610718,16559,0,0,0,0,0,21523020,3216,0,21735936,3304,0
2490,34793876702395,34793880914961,19999351,sB-eth3,up,34793880755270,netem,26439484,19286,0,0,0,0,0,25417882,3811,0,25417102,3795,0
2491,34793896702586,34793898795248,20000191,sA-eth3,up,34793898621446,netem,22610718,16559,0,0,0,0,0,21523020,3216,0,21735936,3304,0
2491,34793896702586,34793900893952,20000191,sB-eth3,up,34793900700090,netem,26439484,19286,0,0,0,0,0,25417882,3811,0,25417102,3795,0
2492,34793916712966,34793918648968,20010380,sA-eth3,up,34793918461726,netem,22610718,16559,0,0,0,0,0,21523020,3216,0,21735936,3304,0
2492,34793916712966,34793920733641,20010380,sB-eth3,up,34793920546909,netem,26439484,19286,0,0,0,0,0,25417882,3811,0,25417102,3795,0
2493,34793936717308,34793938806090,20004342,sA-eth3,up,34793938617628,netem,22610718,16559,0,0,0,0,0,21523020,3216,0,21735936,3304,0
2493,34793936717308,34793941207236,20004342,sB-eth3,up,34793941039435,netem,26439484,19286,0,0,0,0,0,25417882,3811,0,25417102,3795,0
2494,34793956701728,34793958885183,19984420,sA-eth3,up,34793958714590,netem,22610718,16559,0,0,0,0,0,21523020,3216,0,21735936,3304,0
2494,34793956701728,34793960800593,19984420,sB-eth3,up,34793960639232,netem,26439484,19286,0,0,0,0,0,25417882,3811,0,25417102,3795,0
2495,34793976705859,34793979021135,20004131,sA-eth3,up,34793978832083,netem,22610718,16559,0,0,0,0,0,21523020,3216,0,21735936,3304,0
2495,34793976705859,34793981048458,20004131,sB-eth3,up,34793980871135,netem,26439484,19286,0,0,0,0,0,25417882,3811,0,25417102,3795,0
2496,34793996712040,34793998756793,20006181,sA-eth3,up,34793998557150,netem,22610718,16559,0,0,0,0,0,21523020,3216,0,21735936,3304,0
2496,34793996712040,34794000828975,20006181,sB-eth3,up,34794000654273,netem,26439484,19286,0,0,0,0,0,25417882,3811,0,25417102,3795,0
2497,34794016708701,34794018723623,19996661,sA-eth3,up,34794018536101,netem,22610718,16559,0,0,0,0,0,21523020,3216,0,21735936,3304,0
2497,34794016708701,34794021167880,19996661,sB-eth3,up,34794020974798,netem,26439484,19286,0,0,0,0,0,25417882,3811,0,25417102,3795,0
2498,34794036702662,34794038964306,19993961,sA-eth3,up,34794038795595,netem,22610718,16559,0,0,0,0,0,21523020,3216,0,21735936,3304,0
2498,34794036702662,34794040995519,19993961,sB-eth3,up,34794040828068,netem,26439484,19286,0,0,0,0,0,25417882,3811,0,25417102,3795,0
2499,34794056714573,34794058702485,20011911,sA-eth3,up,34794058501333,netem,22610718,16559,0,0,0,0,0,21523020,3216,0,21735936,3304,0
2499,34794056714573,34794060915499,20011911,sB-eth3,up,34794060741888,netem,26439484,19286,0,0,0,0,0,25417882,3811,0,25417102,3795,0
2500,34794076703234,34794078518713,19988661,sA-eth3,up,34794078346052,netem,22610718,16559,0,0,0,0,0,21523020,3216,0,21735936,3304,0
2500,34794076703234,34794080328723,19988661,sB-eth3,up,34794080129822,netem,26439484,19286,0,0,0,0,0,25417882,3811,0,25417102,3795,0
2501,34794096713804,34794098567695,20010570,sA-eth3,up,34794098396213,netem,22610718,16559,0,0,0,0,0,21523020,3216,0,21735936,3304,0
2501,34794096713804,34794100256064,20010570,sB-eth3,up,34794100099902,netem,26439484,19286,0,0,0,0,0,25417882,3811,0,25417102,3795,0
2502,34794116700156,34794118487515,19986352,sA-eth3,up,34794118320023,netem,22610718,16559,0,0,0,0,0,21523020,3216,0,21735936,3304,0
2502,34794116700156,34794120172084,19986352,sB-eth3,up,34794120013862,netem,26439484,19286,0,0,0,0,0,25417882,3811,0,25417102,3795,0
2503,34794136698086,34794139088453,19997930,sA-eth3,up,34794138894980,netem,22610718,16559,0,0,0,0,0,21523020,3216,0,21735936,3304,0
2503,34794136698086,34794140817381,19997930,sB-eth3,up,34794140657570,netem,26439484,19286,0,0,0,0,0,25417882,3811,0,25417102,3795,0
2504,34794156709538,34794158532808,20011452,sA-eth3,up,34794158361776,netem,22610718,16559,0,0,0,0,0,21523020,3216,0,21735936,3304,0
2504,34794156709538,34794160621921,20011452,sB-eth3,up,34794160196796,netem,26439484,19286,0,0,0,0,0,25417882,3811,0,25417102,3795,0
2505,34794176725038,34794178751891,20015500,sA-eth3,up,34794178554789,netem,22610718,16559,0,0,0,0,0,21523020,3216,0,21735936,3304,0
2505,34794176725038,34794180799123,20015500,sB-eth3,up,34794180637301,netem,26439484,19286,0,0,0,0,0,25417882,3811,0,25417102,3795,0
2506,34794196717039,34794198689951,19992001,sA-eth3,up,34794198517238,netem,22610718,16559,0,0,0,0,0,21523020,3216,0,21735936,3304,0
2506,34794196717039,34794201081798,19992001,sB-eth3,up,34794200874545,netem,26439484,19286,0,0,0,0,0,25417882,3811,0,25417102,3795,0
2507,34794216709171,34794218764253,19992132,sA-eth3,up,34794218584161,netem,22610718,16559,0,0,0,0,0,21523020,3216,0,21735936,3304,0
2507,34794216709171,34794220884836,19992132,sB-eth3,up,34794220709034,netem,26439484,19286,0,0,0,0,0,25417882,3811,0,25417102,3795,0
2508,34794236711151,34794239232729,20001980,sA-eth3,up,34794239054867,netem,22610718,16559,0,0,0,0,0,21523020,3216,0,21735936,3304,0
2508,34794236711151,34794240955188,20001980,sB-eth3,up,34794240794796,netem,26439484,19286,0,0,0,0,0,25417882,3811,0,25417102,3795,0
2509,34794256714471,34794258676683,20003320,sA-eth3,up,34794258503401,netem,22610718,16559,0,0,0,0,0,21523020,3216,0,21735936,3304,0
2509,34794256714471,34794260388183,20003320,sB-eth3,up,34794260216160,netem,26439484,19286,0,0,0,0,0,25417882,3811,0,25417102,3795,0
2510,34794276725033,34794278660074,20010562,sA-eth3,up,34794278473693,netem,22610718,16559,0,0,0,0,0,21523020,3216,0,21735936,3304,0
2510,34794276725033,34794280947749,20010562,sB-eth3,up,34794280766627,netem,26439484,19286,0,0,0,0,0,25417882,3811,0,25417102,3795,0
2511,34794296701713,34794298594764,19976680,sA-eth3,up,34794298423773,netem,22610718,16559,0,0,0,0,0,21523020,3216,0,21735936,3304,0
2511,34794296701713,34794300520336,19976680,sB-eth3,up,34794300358683,netem,26439484,19286,0,0,0,0,0,25417882,3811,0,25417102,3795,0
2512,34794316705794,34794318552885,20004081,sA-eth3,up,34794318381763,netem,22610718,16559,0,0,0,0,0,21523020,3216,0,21735936,3304,0
2512,34794316705794,34794320229803,20004081,sB-eth3,up,34794320076202,netem,26439484,19286,0,0,0,0,0,25417882,3811,0,25417102,3795,0
2513,34794336709835,34794338536326,20004041,sA-eth3,up,34794338369523,netem,22610718,16559,0,0,0,0,0,21523020,3216,0,21735936,3304,0
2513,34794336709835,34794340228975,20004041,sB-eth3,up,34794340074122,netem,26439484,19286,0,0,0,0,0,25417882,3811,0,25417102,3795,0
2514,34794356703406,34794358582546,19993571,sA-eth3,up,34794358411455,netem,22610718,16559,0,0,0,0,0,21523020,3216,0,21735936,3304,0
2514,34794356703406,34794360262585,19993571,sB-eth3,up,34794360105863,netem,26439484,19286,0,0,0,0,0,25417882,3811,0,25417102,3795,0
2515,34794376702806,34794378591558,19999400,sA-eth3,up,34794378418456,netem,22610718,16559,0,0,0,0,0,21523020,3216,0,21735936,3304,0
2515,34794376702806,34794380844113,19999400,sB-eth3,up,34794380674951,netem,26439484,19286,0,0,0,0,0,25417882,3811,0,25417102,3795,0
2516,34794396702588,34794398570339,19999782,sA-eth3,up,34794398398706,netem,22610718,16559,0,0,0,0,0,21523020,3216,0,21735936,3304,0
2516,34794396702588,34794400233807,19999782,sB-eth3,up,34794400077175,netem,26439484,19286,0,0,0,0,0,25417882,3811,0,25417102,3795,0
2517,34794416706239,34794418545799,20003651,sA-eth3,up,34794418379328,netem,22610718,16559,0,0,0,0,0,21523020,3216,0,21735936,3304,0
2517,34794416706239,34794420245778,20003651,sB-eth3,up,34794420091285,netem,26439484,19286,0,0,0,0,0,25417882,3811,0,25417102,3795,0
2518,34794436720659,34794438568501,20014420,sA-eth3,up,34794438394958,netem,22610718,16559,0,0,0,0,0,21523020,3216,0,21735936,3304,0
2518,34794436720659,34794440264288,20014420,sB-eth3,up,34794440099477,netem,26439484,19286,0,0,0,0,0,25417882,3811,0,25417102,3795,0
2519,34794456705741,34794458516731,19985082,sA-eth3,up,34794458345088,netem,22610718,16559,0,0,0,0,0,21523020,3216,0,21735936,3304,0
2519,34794456705741,34794460262350,19985082,sB-eth3,up,34794460103668,netem,26439484,19286,0,0,0,0,0,25417882,3811,0,25417102,3795,0
2520,34794476701901,34794478471251,19996160,sA-eth3,up,34794478305039,netem,22610718,16559,0,0,0,0,0,21523020,3216,0,21735936,3304,0
2520,34794476701901,34794480141069,19996160,sB-eth3,up,34794479960727,netem,26439484,19286,0,0,0,0,0,25417882,3811,0,25417102,3795,0
2521,34794496702212,34794498559123,20000311,sA-eth3,up,34794498388921,netem,22610718,16559,0,0,0,0,0,21523020,3216,0,21735936,3304,0
2521,34794496702212,34794500195810,20000311,sB-eth3,up,34794500043129,netem,26439484,19286,0,0,0,0,0,25417882,3811,0,25417102,3795,0
2522,34794516702924,34794518567794,20000712,sA-eth3,up,34794518399551,netem,22610718,16559,0,0,0,0,0,21523020,3216,0,21735936,3304,0
2522,34794516702924,34794520310343,20000712,sB-eth3,up,34794520140070,netem,26439484,19286,0,0,0,0,0,25417882,3811,0,25417102,3795,0
2523,34794536706714,34794538495894,20003790,sA-eth3,up,34794538331312,netem,22610718,16559,0,0,0,0,0,21523020,3216,0,21735936,3304,0
2523,34794536706714,34794540156312,20003790,sB-eth3,up,34794539989490,netem,26439484,19286,0,0,0,0,0,25417882,3811,0,25417102,3795,0
2524,34794556700984,34794558498515,19994270,sA-eth3,up,34794558322013,netem,22610718,16559,0,0,0,0,0,21523020,3216,0,21735936,3304,0
2524,34794556700984,34794560183103,19994270,sB-eth3,up,34794560025012,netem,26439484,19286,0,0,0,0,0,25417882,3811,0,25417102,3795,0
2525,34794576719436,34794578610956,20018452,sA-eth3,up,34794578427355,netem,22610718,16559,0,0,0,0,0,21523020,3216,0,21735936,3304,0
2525,34794576719436,34794580300626,20018452,sB-eth3,up,34794580117363,netem,26439484,19286,0,0,0,0,0,25417882,3811,0,25417102,3795,0
2526,34794596716276,34794598690138,19996840,sA-eth3,up,34794598511726,netem,22610718,16559,0,0,0,0,0,21523020,3216,0,21735936,3304,0
2526,34794596716276,34794600368067,19996840,sB-eth3,up,34794600197625,netem,26439484,19286,0,0,0,0,0,25417882,3811,0,25417102,3795,0
2527,34794616705758,34794618512278,19989482,sA-eth3,up,34794618341395,netem,22610718,16559,0,0,0,0,0,21523020,3216,0,21735936,3304,0
2527,34794616705758,34794620193596,19989482,sB-eth3,up,34794620033985,netem,26439484,19286,0,0,0,0,0,25417882,3811,0,25417102,3795,0
2528,34794636704308,34794638582769,19998550,sA-eth3,up,34794638402417,netem,22610718,16559,0,0,0,0,0,21523020,3216,0,21735936,3304,0
2528,34794636704308,34794640874994,19998550,sB-eth3,up,34794640706293,netem,26439484,19286,0,0,0,0,0,25417882,3811,0,25417102,3795,0
2529,34794656709349,34794658596990,20005041,sA-eth3,up,34794658427118,netem,22610718,16559,0,0,0,0,0,21523020,3216,0,21735936,3304,0
2529,34794656709349,34794660312870,20005041,sB-eth3,up,34794660127447,netem,26439484,19286,0,0,0,0,0,25417882,3811,0,25417102,3795,0
2530,34794676720081,34794678599331,20010732,sA-eth3,up,34794678422349,netem,22610718,16559,0,0,0,0,0,21523020,3216,0,21735936,3304,0
2530,34794676720081,34794680308930,20010732,sB-eth3,up,34794680130908,netem,26439484,19286,0,0,0,0,0,25417882,3811,0,25417102,3795,0
2531,34794696704511,34794698531461,19984430,sA-eth3,up,34794698362150,netem,22610718,16559,0,0,0,0,0,21523020,3216,0,21735936,3304,0
2531,34794696704511,34794700243650,19984430,sB-eth3,up,34794700085038,netem,26439484,19286,0,0,0,0,0,25417882,3811,0,25417102,3795,0
2532,34794716707432,34794718505042,20002921,sA-eth3,up,34794718336270,netem,22610718,16559,0,0,0,0,0,21523020,3216,0,21735936,3304,0
2532,34794716707432,34794720145370,20002921,sB-eth3,up,34794719976928,netem,26439484,19286,0,0,0,0,0,25417882,3811,0,25417102,3795,0
2533,34794736700733,34794738514763,19993301,sA-eth3,up,34794738331161,netem,22610718,16559,0,0,0,0,0,21523020,3216,0,21735936,3304,0
2533,34794736700733,34794740203211,19993301,sB-eth3,up,34794740046710,netem,26439484,19286,0,0,0,0,0,25417882,3811,0,25417102,3795,0
2534,34794756711134,34794758573364,20010401,sA-eth3,up,34794758392222,netem,22610718,16559,0,0,0,0,0,21523020,3216,0,21735936,3304,0
2534,34794756711134,34794760293803,20010401,sB-eth3,up,34794760125472,netem,26439484,19286,0,0,0,0,0,25417882,3811,0,25417102,3795,0
2535,34794776713075,34794778674606,20001941,sA-eth3,up,34794778495654,netem,22610718,16559,0,0,0,0,0,21523020,3216,0,21735936,3304,0
2535,34794776713075,34794780906751,20001941,sB-eth3,up,34794780734769,netem,26439484,19286,0,0,0,0,0,25417882,3811,0,25417102,3795,0
2536,34794796704806,34794798715218,19991731,sA-eth3,up,34794798542886,netem,22610718,16559,0,0,0,0,0,21523020,3216,0,21735936,3304,0
2536,34794796704806,34794800973593,19991731,sB-eth3,up,34794800811741,netem,26439484,19286,0,0,0,0,0,25417882,3811,0,25417102,3795,0
2537,34794816716746,34794818592006,20011940,sA-eth3,up,34794818414725,netem,22610718,16559,0,0,0,0,0,21523020,3216,0,21735936,3304,0
2537,34794816716746,34794820502368,20011940,sB-eth3,up,34794820332096,netem,26439484,19286,0,0,0,0,0,25417882,3811,0,25417102,3795,0
2538,34794836713918,34794838575648,19997172,sA-eth3,up,34794838396076,netem,22610718,16559,0,0,0,0,0,21523020,3216,0,21735936,3304,0
2538,34794836713918,34794840484389,19997172,sB-eth3,up,34794840310757,netem,26439484,19286,0,0,0,0,0,25417882,3811,0,25417102,3795,0
2539,34794856717809,34794858665289,20003891,sA-eth3,up,34794858472158,netem,22610718,16559,0,0,0,0,0,21523020,3216,0,21735936,3304,0
2539,34794856717809,34794860541910,20003891,sB-eth3,up,34794860377388,netem,26439484,19286,0,0,0,0,0,25417882,3811,0,25417102,3795,0
2540,34794876704199,34794878589080,19986390,sA-eth3,up,34794878397468,netem,22610718,16559,0,0,0,0,0,21523020,3216,0,21735936,3304,0
2540,34794876704199,34794880290419,19986390,sB-eth3,up,34794880114316,netem,26439484,19286,0,0,0,0,0,25417882,3811,0,25417102,3795,0
2541,34794896712690,34794898553581,20008491,sA-eth3,up,34794898369158,netem,22610718,16559,0,0,0,0,0,21523020,3216,0,21735936,3304,0
2541,34794896712690,34794900318730,20008491,sB-eth3,up,34794900144858,netem,26439484,19286,0,0,0,0,0,25417882,3811,0,25417102,3795,0
2542,34794916701401,34794918492870,19988711,sA-eth3,up,34794918325359,netem,22610718,16559,0,0,0,0,0,21523020,3216,0,21735936,3304,0
2542,34794916701401,34794920201380,19988711,sB-eth3,up,34794920045287,netem,26439484,19286,0,0,0,0,0,25417882,3811,0,25417102,3795,0
2543,34794936709351,34794938584573,20007950,sA-eth3,up,34794938409081,netem,22610718,16559,0,0,0,0,0,21523020,3216,0,21735936,3304,0
2543,34794936709351,34794940352711,20007950,sB-eth3,up,34794940172740,netem,26439484,19286,0,0,0,0,0,25417882,3811,0,25417102,3795,0
2544,34794956713422,34794958568004,20004071,sA-eth3,up,34794958398061,netem,22610718,16559,0,0,0,0,0,21523020,3216,0,21735936,3304,0
2544,34794956713422,34794960418163,20004071,sB-eth3,up,34794960242051,netem,26439484,19286,0,0,0,0,0,25417882,3811,0,25417102,3795,0
2545,34794976707584,34794978498313,19994162,sA-eth3,up,34794978322691,netem,22610718,16559,0,0,0,0,0,21523020,3216,0,21735936,3304,0
2545,34794976707584,34794980201203,19994162,sB-eth3,up,34794980034180,netem,26439484,19286,0,0,0,0,0,25417882,3811,0,25417102,3795,0
2546,34794996705874,34794998551144,19998290,sA-eth3,up,34794998381753,netem,22610718,16559,0,0,0,0,0,21523020,3216,0,21735936,3304,0
2546,34794996705874,34795000896271,19998290,sB-eth3,up,34795000739349,netem,26439484,19286,0,0,0,0,0,25417882,3811,0,25417102,3795,0
2547,34795016708645,34795019237673,20002771,sA-eth3,up,34795019070811,netem,22610718,16559,0,0,0,0,0,21523020,3216,0,21735936,3304,0
2547,34795016708645,34795021130954,20002771,sB-eth3,up,34795020951122,netem,26439484,19286,0,0,0,0,0,25417882,3811,0,25417102,3795,0
2548,34795036706776,34795038694238,19998131,sA-eth3,up,34795038529496,netem,22610718,16559,0,0,0,0,0,21523020,3216,0,21735936,3304,0
2548,34795036706776,34795041105715,19998131,sB-eth3,up,34795040926612,netem,26439484,19286,0,0,0,0,0,25417882,3811,0,25417102,3795,0
2549,34795056707127,34795058663818,20000351,sA-eth3,up,34795058488667,netem,22610718,16559,0,0,0,0,0,21523020,3216,0,21735936,3304,0
2549,34795056707127,34795060910304,20000351,sB-eth3,up,34795060742991,netem,26439484,19286,0,0,0,0,0,25417882,3811,0,25417102,3795,0
2550,34795076713197,34795078699709,20006070,sA-eth3,up,34795078524328,netem,22610718,16559,0,0,0,0,0,21523020,3216,0,21735936,3304,0
2550,34795076713197,34795080683832,20006070,sB-eth3,up,34795080521151,netem,26439484,19286,0,0,0,0,0,25417882,3811,0,25417102,3795,0
2551,34795096711779,34795098627849,19998582,sA-eth3,up,34795098456578,netem,22610718,16559,0,0,0,0,0,21523020,3216,0,21735936,3304,0
2551,34795096711779,34795100652192,19998582,sB-eth3,up,34795100497021,netem,26439484,19286,0,0,0,0,0,25417882,3811,0,25417102,3795,0
2552,34795116708099,34795118619281,19996320,sA-eth3,up,34795118441179,netem,22610718,16559,0,0,0,0,0,21523020,3216,0,21735936,3304,0
2552,34795116708099,34795120905036,19996320,sB-eth3,up,34795120749544,netem,26439484,19286,0,0,0,0,0,25417882,3811,0,25417102,3795,0
2553,34795136705610,34795138613371,19997511,sA-eth3,up,34795138442019,netem,22610718,16559,0,0,0,0,0,21523020,3216,0,21735936,3304,0
2553,34795136705610,34795140678184,19997511,sB-eth3,up,34795140511303,netem,26439484,19286,0,0,0,0,0,25417882,3811,0,25417102,3795,0
2554,34795156704872,34795158827975,19999262,sA-eth3,up,34795158656073,netem,22610718,16559,0,0,0,0,0,21523020,3216,0,21735936,3304,0
2554,34795156704872,34795160748246,19999262,sB-eth3,up,34795160586654,netem,26439484,19286,0,0,0,0,0,25417882,3811,0,25417102,3795,0
2555,34795176727872,34795178673804,20023000,sA-eth3,up,34795178484712,netem,22610718,16559,0,0,0,0,0,21523020,3216,0,21735936,3304,0
2555,34795176727872,34795180809588,20023000,sB-eth3,up,34795180648646,netem,26439484,19286,0,0,0,0,0,25417882,3811,0,25417102,3795,0
2556,34795196705874,34795198810457,19978002,sA-eth3,up,34795198638614,netem,22610718,16559,0,0,0,0,0,21523020,3216,0,21735936,3304,0
2556,34795196705874,34795200737288,19978002,sB-eth3,up,34795200580326,netem,26439484,19286,0,0,0,0,0,25417882,3811,0,25417102,3795,0
2557,34795216698584,34795218574014,19992710,sA-eth3,up,34795218408513,netem,22610718,16559,0,0,0,0,0,21523020,3216,0,21735936,3304,0
2557,34795216698584,34795220634177,19992710,sB-eth3,up,34795220479636,netem,26439484,19286,0,0,0,0,0,25417882,3811,0,25417102,3795,0
2558,34795236703845,34795238666326,20005261,sA-eth3,up,34795238500084,netem,22610718,16559,0,0,0,0,0,21523020,3216,0,21735936,3304,0
2558,34795236703845,34795240712369,20005261,sB-eth3,up,34795240552557,netem,26439484,19286,0,0,0,0,0,25417882,3811,0,25417102,3795,0
2559,34795256705056,34795258654447,20001211,sA-eth3,up,34795258488986,netem,22610718,16559,0,0,0,0,0,21523020,3216,0,21735936,3304,0
2559,34795256705056,34795260779221,20001211,sB-eth3,up,34795260550988,netem,26439484,19286,0,0,0,0,0,25417882,3811,0,25417102,3795,0
2560,34795276714737,34795278964371,20009681,sA-eth3,up,34795278744609,netem,22610718,16559,0,0,0,0,0,21523020,3216,0,21735936,3304,0
2560,34795276714737,34795280895643,20009681,sB-eth3,up,34795280693191,netem,26439484,19286,0,0,0,0,0,25417882,3811,0,25417102,3795,0
2561,34795296710397,34795298750860,19995660,sA-eth3,up,34795298528357,netem,22610718,16559,0,0,0,0,0,21523020,3216,0,21735936,3304,0
2561,34795296710397,34795301110936,19995660,sB-eth3,up,34795300879214,netem,26439484,19286,0,0,0,0,0,25417882,3811,0,25417102,3795,0
2562,34795316712939,34795319305017,20002542,sA-eth3,up,34795319075745,netem,22610718,16559,0,0,0,0,0,21523020,3216,0,21735936,3304,0
2562,34795316712939,34795321099287,20002542,sB-eth3,up,34795320877954,netem,26439484,19286,0,0,0,0,0,25417882,3811,0,25417102,3795,0
2563,34795336711269,34795338632321,19998330,sA-eth3,up,34795338410308,netem,22610718,16559,0,0,0,0,0,21523020,3216,0,21735936,3304,0
2563,34795336711269,34795340859165,19998330,sB-eth3,up,34795340653103,netem,26439484,19286,0,0,0,0,0,25417882,3811,0,25417102,3795,0
2564,34795356730910,34795358705162,20019641,sA-eth3,up,34795358513609,netem,22610718,16559,0,0,0,0,0,21523020,3216,0,21735936,3304,0
2564,34795356730910,34795360913537,20019641,sB-eth3,up,34795360748754,netem,26439484,19286,0,0,0,0,0,25417882,3811,0,25417102,3795,0
2565,34795376707831,34795378585212,19976921,sA-eth3,up,34795378412109,netem,22610718,16559,0,0,0,0,0,21523020,3216,0,21735936,3304,0
2565,34795376707831,34795380808316,19976921,sB-eth3,up,34795380630754,netem,26439484,19286,0,0,0,0,0,25417882,3811,0,25417102,3795,0
2566,34795396710762,34795399095668,20002931,sA-eth3,up,34795398898796,netem,22610718,16559,0,0,0,0,0,21523020,3216,0,21735936,3304,0
2566,34795396710762,34795400801927,20002931,sB-eth3,up,34795400626546,netem,26439484,19286,0,0,0,0,0,25417882,3811,0,25417102,3795,0
2567,34795416712212,34795418605494,20001450,sA-eth3,up,34795418433762,netem,22610718,16559,0,0,0,0,0,21523020,3216,0,21735936,3304,0
2567,34795416712212,34795420871149,20001450,sB-eth3,up,34795420711897,netem,26439484,19286,0,0,0,0,0,25417882,3811,0,25417102,3795,0
2568,34795436715624,34795438776227,20003412,sA-eth3,up,34795438539044,netem,22610718,16559,0,0,0,0,0,21523020,3216,0,21735936,3304,0
2568,34795436715624,34795440785389,20003412,sB-eth3,up,34795440579946,netem,26439484,19286,0,0,0,0,0,25417882,3811,0,25417102,3795,0
2569,34795456719885,34795458752597,20004261,sA-eth3,up,34795458538354,netem,22610718,16559,0,0,0,0,0,21523020,3216,0,21735936,3304,0
2569,34795456719885,34795460830980,20004261,sB-eth3,up,34795460626338,netem,26439484,19286,0,0,0,0,0,25417882,3811,0,25417102,3795,0
2570,34795476708695,34795479080432,19988810,sA-eth3,up,34795478837109,netem,22610718,16559,0,0,0,0,0,21523020,3216,0,21735936,3304,0
2570,34795476708695,34795481400007,19988810,sB-eth3,up,34795481181175,netem,26439484,19286,0,0,0,0,0,25417882,3811,0,25417102,3795,0
2571,34795496708807,34795499131433,20000112,sA-eth3,up,34795498880820,netem,22610718,16559,0,0,0,0,0,21523020,3216,0,21735936,3304,0
2571,34795496708807,34795501450279,20000112,sB-eth3,up,34795501234807,netem,26439484,19286,0,0,0,0,0,25417882,3811,0,25417102,3795,0
2572,34795516723387,34795519152334,20014580,sA-eth3,up,34795518907242,netem,22610718,16559,0,0,0,0,0,21523020,3216,0,21735936,3304,0
2572,34795516723387,34795521254807,20014580,sB-eth3,up,34795521052115,netem,26439484,19286,0,0,0,0,0,25417882,3811,0,25417102,3795,0
2573,34795536714229,34795538621869,19990842,sA-eth3,up,34795538414017,netem,22610718,16559,0,0,0,0,0,21523020,3216,0,21735936,3304,0
2573,34795536714229,34795540620621,19990842,sB-eth3,up,34795540416289,netem,26439484,19286,0,0,0,0,0,25417882,3811,0,25417102,3795,0
2574,34795556703879,34795558598329,19989650,sA-eth3,up,34795558382638,netem,22610718,16559,0,0,0,0,0,21523020,3216,0,21735936,3304,0
2574,34795556703879,34795560784064,19989650,sB-eth3,up,34795560577532,netem,26439484,19286,0,0,0,0,0,25417882,3811,0,25417102,3795,0
2575,34795576705690,34795578620441,20001811,sA-eth3,up,34795578407009,netem,22610718,16559,0,0,0,0,0,21523020,3216,0,21735936,3304,0
2575,34795576705690,34795580878826,20001811,sB-eth3,up,34795580675924,netem,26439484,19286,0,0,0,0,0,25417882,3811,0,25417102,3795,0
2576,34795596719281,34795598835164,20013591,sA-eth3,up,34795598615112,netem,22610718,16559,0,0,0,0,0,21523020,3216,0,21735936,3304,0
2576,34795596719281,34795600953338,20013591,sB-eth3,up,34795600749316,netem,26439484,19286,0,0,0,0,0,25417882,3811,0,25417102,3795,0
2577,34795616710792,34795618787055,19991511,sA-eth3,up,34795618573562,netem,22610718,16559,0,0,0,0,0,21523020,3216,0,21735936,3304,0
2577,34795616710792,34795620686296,19991511,sB-eth3,up,34795620485533,netem,26439484,19286,0,0,0,0,0,25417882,3811,0,25417102,3795,0
2578,34795636706392,34795638489892,19995600,sA-eth3,up,34795638319421,netem,22610718,16559,0,0,0,0,0,21523020,3216,0,21735936,3304,0
2578,34795636706392,34795640617896,19995600,sB-eth3,up,34795640454184,netem,26439484,19286,0,0,0,0,0,25417882,3811,0,25417102,3795,0
2579,34795656699264,34795658526314,19992872,sA-eth3,up,34795658360721,netem,22610718,16559,0,0,0,0,0,21523020,3216,0,21735936,3304,0
2579,34795656699264,34795660250633,19992872,sB-eth3,up,34795660096451,netem,26439484,19286,0,0,0,0,0,25417882,3811,0,25417102,3795,0
2580,34795676706714,34795678544654,20007450,sA-eth3,up,34795678371123,netem,22610718,16559,0,0,0,0,0,21523020,3216,0,21735936,3304,0
2580,34795676706714,34795680190903,20007450,sB-eth3,up,34795680031761,netem,26439484,19286,0,0,0,0,0,25417882,3811,0,25417102,3795,0
2581,34795696705975,34795698577546,19999261,sA-eth3,up,34795698408574,netem,22610718,16559,0,0,0,0,0,21523020,3216,0,21735936,3304,0
2581,34795696705975,34795700227364,19999261,sB-eth3,up,34795700071263,netem,26439484,19286,0,0,0,0,0,25417882,3811,0,25417102,3795,0
2582,34795716703057,34795718495446,19997082,sA-eth3,up,34795718328454,netem,22610718,16559,0,0,0,0,0,21523020,3216,0,21735936,3304,0
2582,34795716703057,34795720705891,19997082,sB-eth3,up,34795720549709,netem,26439484,19286,0,0,0,0,0,25417882,3811,0,25417102,3795,0
2583,34795736702367,34795738588247,19999310,sA-eth3,up,34795738417036,netem,22610718,16559,0,0,0,0,0,21523020,3216,0,21735936,3304,0
2583,34795736702367,34795740248346,19999310,sB-eth3,up,34795740094165,netem,26439484,19286,0,0,0,0,0,25417882,3811,0,25417102,3795,0
2584,34795756706527,34795758867462,20004160,sA-eth3,up,34795758690970,netem,22610718,16559,0,0,0,0,0,21523020,3216,0,21735936,3304,0
2584,34795756706527,34795760843324,20004160,sB-eth3,up,34795760670432,netem,26439484,19286,0,0,0,0,0,25417882,3811,0,25417102,3795,0
2585,34795776706639,34795779174867,20000112,sA-eth3,up,34795778978764,netem,22610718,16559,0,0,0,0,0,21523020,3216,0,21735936,3304,0
2585,34795776706639,34795782091598,20000112,sB-eth3,up,34795781912816,netem,26439484,19286,0,0,0,0,0,25417882,3811,0,25417102,3795,0
2586,34795796700180,34795799057665,19993541,sA-eth3,up,34795798873484,netem,22610718,16559,0,0,0,0,0,21523020,3216,0,21735936,3304,0
2586,34795796700180,34795800844096,19993541,sB-eth3,up,34795800687944,netem,26439484,19286,0,0,0,0,0,25417882,3811,0,25417102,3795,0
2587,34795816700610,34795818991926,20000430,sA-eth3,up,34795818828604,netem,22610718,16559,0,0,0,0,0,21523020,3216,0,21735936,3304,0
2587,34795816700610,34795821123450,20000430,sB-eth3,up,34795820945527,netem,26439484,19286,0,0,0,0,0,25417882,3811,0,25417102,3795,0
2588,34795836705072,34795839151318,20004462,sA-eth3,up,34795838950727,netem,22610718,16559,0,0,0,0,0,21523020,3216,0,21735936,3304,0
2588,34795836705072,34795841448954,20004462,sB-eth3,up,34795841284012,netem,26439484,19286,0,0,0,0,0,25417882,3811,0,25417102,3795,0
2589,34795856731963,34795859042048,20026891,sA-eth3,up,34795858784095,netem,22610718,16559,0,0,0,0,0,21523020,3216,0,21735936,3304,0
2589,34795856731963,34795861779748,20026891,sB-eth3,up,34795861570296,netem,26439484,19286,0,0,0,0,0,25417882,3811,0,25417102,3795,0
2590,34795876722054,34795878970058,19990091,sA-eth3,up,34795878745876,netem,22610718,16559,0,0,0,0,0,21523020,3216,0,21735936,3304,0
2590,34795876722054,34795881310164,19990091,sB-eth3,up,34795881080112,netem,26439484,19286,0,0,0,0,0,25417882,3811,0,25417102,3795,0
2591,34795896721624,34795898917999,19999570,sA-eth3,up,34795898688836,netem,22610718,16559,0,0,0,0,0,21523020,3216,0,21735936,3304,0
2591,34795896721624,34795900856990,19999570,sB-eth3,up,34795900644967,netem,26439484,19286,0,0,0,0,0,25417882,3811,0,25417102,3795,0
2592,34795916727565,34795919690308,20005941,sA-eth3,up,34795919463025,netem,22610718,16559,0,0,0,0,0,21523020,3216,0,21735936,3304,0
2592,34795916727565,34795922059014,20005941,sB-eth3,up,34795921822041,netem,26439484,19286,0,0,0,0,0,25417882,3811,0,25417102,3795,0
2593,34795936724177,34795939313895,19996612,sA-eth3,up,34795939066962,netem,22610718,16559,0,0,0,0,0,21523020,3216,0,21735936,3304,0
2593,34795936724177,34795941580320,19996612,sB-eth3,up,34795941368618,netem,26439484,19286,0,0,0,0,0,25417882,3811,0,25417102,3795,0
2594,34795956721257,34795958888920,19997080,sA-eth3,up,34795958664369,netem,22610718,16559,0,0,0,0,0,21523020,3216,0,21735936,3304,0
2594,34795956721257,34795961499000,19997080,sB-eth3,up,34795961287857,netem,26439484,19286,0,0,0,0,0,25417882,3811,0,25417102,3795,0
2595,34795976722728,34795979061414,20001471,sA-eth3,up,34795978817291,netem,22610718,16559,0,0,0,0,0,21523020,3216,0,21735936,3304,0
2595,34795976722728,34795981204317,20001471,sB-eth3,up,34795980968935,netem,26439484,19286,0,0,0,0,0,25417882,3811,0,25417102,3795,0
2596,34795996719019,34795999188245,19996291,sA-eth3,up,34795998952913,netem,22610718,16559,0,0,0,0,0,21523020,3216,0,21735936,3304,0
2596,34795996719019,34796001480921,19996291,sB-eth3,up,34796001269619,netem,26439484,19286,0,0,0,0,0,25417882,3811,0,25417102,3795,0
2597,34796016721050,34796019037335,20002031,sA-eth3,up,34796018789532,netem,22610718,16559,0,0,0,0,0,21523020,3216,0,21735936,3304,0
2597,34796016721050,34796021088477,20002031,sB-eth3,up,34796020853955,netem,26439484,19286,0,0,0,0,0,25417882,3811,0,25417102,3795,0
2598,34796036720780,34796039121417,19999730,sA-eth3,up,34796038878194,netem,22610718,16559,0,0,0,0,0,21523020,3216,0,21735936,3304,0
2598,34796036720780,34796041702875,19999730,sB-eth3,up,34796041403492,netem,26439484,19286,0,0,0,0,0,25417882,3811,0,25417102,3795,0
2599,34796056743192,34796059127968,20022412,sA-eth3,up,34796058877845,netem,22610718,16559,0,0,0,0,0,21523020,3216,0,21735936,3304,0
2599,34796056743192,34796061039699,20022412,sB-eth3,up,34796060839617,netem,26439484,19286,0,0,0,0,0,25417882,3811,0,25417102,3795,0
2600,34796076731502,34796079148189,19988310,sA-eth3,up,34796078863665,netem,22610718,16559,0,0,0,0,0,21523020,3216,0,21735936,3304,0
2600,34796076731502,34796081152892,19988310,sB-eth3,up,34796080906129,netem,26439484,19286,0,0,0,0,0,25417882,3811,0,25417102,3795,0
2601,34796096733333,34796099119570,20001831,sA-eth3,up,34796098880437,netem,22610718,16559,0,0,0,0,0,21523020,3216,0,21735936,3304,0
2601,34796096733333,34796101178252,20001831,sB-eth3,up,34796100940440,netem,26439484,19286,0,0,0,0,0,25417882,3811,0,25417102,3795,0
2602,34796116727804,34796119123610,19994471,sA-eth3,up,34796118846117,netem,22610718,16559,0,0,0,0,0,21523020,3216,0,21735936,3304,0
2602,34796116727804,34796121135563,19994471,sB-eth3,up,34796120882469,netem,26439484,19286,0,0,0,0,0,25417882,3811,0,25417102,3795,0
2603,34796136736125,34796139302613,20008321,sA-eth3,up,34796139026070,netem,22610718,16559,0,0,0,0,0,21523020,3216,0,21735936,3304,0
2603,34796136736125,34796141199755,20008321,sB-eth3,up,34796140935702,netem,26439484,19286,0,0,0,0,0,25417882,3811,0,25417102,3795,0
2604,34796156753815,34796159051082,20017690,sA-eth3,up,34796158712138,netem,22610718,16559,0,0,0,0,0,21523020,3216,0,21735936,3304,0
2604,34796156753815,34796161477178,20017690,sB-eth3,up,34796161207165,netem,26439484,19286,0,0,0,0,0,25417882,3811,0,25417102,3795,0
2605,34796176734817,34796178993192,19981002,sA-eth3,up,34796178743209,netem,22610718,16559,0,0,0,0,0,21523020,3216,0,21735936,3304,0
2605,34796176734817,34796181032714,19981002,sB-eth3,up,34796180794542,netem,26439484,19286,0,0,0,0,0,25417882,3811,0,25417102,3795,0
2606,34796196725598,34796198829330,19990781,sA-eth3,up,34796198595218,netem,22610718,16559,0,0,0,0,0,21523020,3216,0,21735936,3304,0
2606,34796196725598,34796201245658,19990781,sB-eth3,up,34796201027125,netem,26439484,19286,0,0,0,0,0,25417882,3811,0,25417102,3795,0
2607,34796216719698,34796218803242,19994100,sA-eth3,up,34796218576979,netem,22610718,16559,0,0,0,0,0,21523020,3216,0,21735936,3304,0
2607,34796216719698,34796221701893,19994100,sB-eth3,up,34796221482171,netem,26439484,19286,0,0,0,0,0,25417882,3811,0,25417102,3795,0
2608,34796236717499,34796238910513,19997801,sA-eth3,up,34796238680550,netem,22610718,16559,0,0,0,0,0,21523020,3216,0,21735936,3304,0
2608,34796236717499,34796240889665,19997801,sB-eth3,up,34796240676003,netem,26439484,19286,0,0,0,0,0,25417882,3811,0,25417102,3795,0
2609,34796256721990,34796259021326,20004491,sA-eth3,up,34796258774883,netem,22610718,16559,0,0,0,0,0,21523020,3216,0,21735936,3304,0
2609,34796256721990,34796260833535,20004491,sB-eth3,up,34796260620004,netem,26439484,19286,0,0,0,0,0,25417882,3811,0,25417102,3795,0
2610,34796276727482,34796279220878,20005492,sA-eth3,up,34796278965476,netem,22610718,16559,0,0,0,0,0,21523020,3216,0,21735936,3304,0
2610,34796276727482,34796281260000,20005492,sB-eth3,up,34796281046029,netem,26439484,19286,0,0,0,0,0,25417882,3811,0,25417102,3795,0
2611,34796296725492,34796298885447,19998010,sA-eth3,up,34796298658044,netem,22610718,16559,0,0,0,0,0,21523020,3216,0,21735936,3304,0
2611,34796296725492,34796301448304,19998010,sB-eth3,up,34796301222422,netem,26439484,19286,0,0,0,0,0,25417882,3811,0,25417102,3795,0
2612,34796316722933,34796318902967,19997441,sA-eth3,up,34796318662574,netem,22610718,16559,0,0,0,0,0,21523020,3216,0,21735936,3304,0
2612,34796316722933,34796320818448,19997441,sB-eth3,up,34796320616355,netem,26439484,19286,0,0,0,0,0,25417882,3811,0,25417102,3795,0
2613,34796336734873,34796338834607,20011940,sA-eth3,up,34796338601895,netem,22610718,16559,0,0,0,0,0,21523020,3216,0,21735936,3304,0
2613,34796336734873,34796340741438,20011940,sB-eth3,up,34796340555246,netem,26439484,19286,0,0,0,0,0,25417882,3811,0,25417102,3795,0
2614,34796356739375,34796359241452,20004502,sA-eth3,up,34796358990530,netem,22610718,16559,0,0,0,0,0,21523020,3216,0,21735936,3304,0
2614,34796356739375,34796361089653,20004502,sB-eth3,up,34796360866650,netem,26439484,19286,0,0,0,0,0,25417882,3811,0,25417102,3795,0
2615,34796376724375,34796379074401,19985000,sA-eth3,up,34796378816728,netem,22610718,16559,0,0,0,0,0,21523020,3216,0,21735936,3304,0
2615,34796376724375,34796381032773,19985000,sB-eth3,up,34796380802070,netem,26439484,19286,0,0,0,0,0,25417882,3811,0,25417102,3795,0
2616,34796396724606,34796398927060,20000231,sA-eth3,up,34796398700268,netem,22610718,16559,0,0,0,0,0,21523020,3216,0,21735936,3304,0
2616,34796396724606,34796400898472,20000231,sB-eth3,up,34796400704540,netem,26439484,19286,0,0,0,0,0,25417882,3811,0,25417102,3795,0
2617,34796416717087,34796419348506,19992481,sA-eth3,up,34796419117213,netem,22610718,16559,0,0,0,0,0,21523020,3216,0,21735936,3304,0
2617,34796416717087,34796421713472,19992481,sB-eth3,up,34796421504350,netem,26439484,19286,0,0,0,0,0,25417882,3811,0,25417102,3795,0
2618,34796436728068,34796438740170,20010981,sA-eth3,up,34796438516807,netem,22610718,16559,0,0,0,0,0,21523020,3216,0,21735936,3304,0
2618,34796436728068,34796441407000,20010981,sB-eth3,up,34796441171787,netem,26439484,19286,0,0,0,0,0,25417882,3811,0,25417102,3795,0
2619,34796456720819,34796458925803,19992751,sA-eth3,up,34796458698540,netem,22610718,16559,0,0,0,0,0,21523020,3216,0,21735936,3304,0
2619,34796456720819,34796461360140,19992751,sB-eth3,up,34796461131808,netem,26439484,19286,0,0,0,0,0,25417882,3811,0,25417102,3795,0
2620,34796476717580,34796478780822,19996761,sA-eth3,up,34796478561120,netem,22610718,16559,0,0,0,0,0,21523020,3216,0,21735936,3304,0
2620,34796476717580,34796481119078,19996761,sB-eth3,up,34796480882496,netem,26439484,19286,0,0,0,0,0,25417882,3811,0,25417102,3795,0
2621,34796496724610,34796498792724,20007030,sA-eth3,up,34796498561871,netem,22610718,16559,0,0,0,0,0,21523020,3216,0,21735936,3304,0
2621,34796496724610,34796501203470,20007030,sB-eth3,up,34796500971747,netem,26439484,19286,0,0,0,0,0,25417882,3811,0,25417102,3795,0
2622,34796516725922,34796518832645,20001312,sA-eth3,up,34796518606262,netem,22610718,16559,0,0,0,0,0,21523020,3216,0,21735936,3304,0
2622,34796516725922,34796521187640,20001312,sB-eth3,up,34796520949598,netem,26439484,19286,0,0,0,0,0,25417882,3811,0,25417102,3795,0
2623,34796536730723,34796539246421,20004801,sA-eth3,up,34796538985557,netem,22610718,16559,0,0,0,0,0,21523020,3216,0,21735936,3304,0
2623,34796536730723,34796541154922,20004801,sB-eth3,up,34796540919389,netem,26439484,19286,0,0,0,0,0,25417882,3811,0,25417102,3795,0
2624,34796556715313,34796559150870,19984590,sA-eth3,up,34796558909848,netem,22610718,16559,0,0,0,0,0,21523020,3216,0,21735936,3304,0
2624,34796556715313,34796561307754,19984590,sB-eth3,up,34796561033861,netem,26439484,19286,0,0,0,0,0,25417882,3811,0,25417102,3795,0
2625,34796576725915,34796578885938,20010602,sA-eth3,up,34796578658625,netem,22610718,16559,0,0,0,0,0,21523020,3216,0,21735936,3304,0
2625,34796576725915,34796581037492,20010602,sB-eth3,up,34796580816149,netem,26439484,19286,0,0,0,0,0,25417882,3811,0,25417102,3795,0
2626,34796596729305,34796598921330,20003390,sA-eth3,up,34796598691757,netem,22610718,16559,0,0,0,0,0,21523020,3216,0,21735936,3304,0
2626,34796596729305,34796601023273,20003390,sB-eth3,up,34796600790770,netem,26439484,19286,0,0,0,0,0,25417882,3811,0,25417102,3795,0
2627,34796616729976,34796619154963,20000671,sA-eth3,up,34796618890410,netem,22610718,16559,0,0,0,0,0,21523020,3216,0,21735936,3304,0
2627,34796616729976,34796621365448,20000671,sB-eth3,up,34796621136375,netem,26439484,19286,0,0,0,0,0,25417882,3811,0,25417102,3795,0
2628,34796636723627,34796638853490,19993651,sA-eth3,up,34796638625088,netem,22610718,16559,0,0,0,0,0,21523020,3216,0,21735936,3304,0
2628,34796636723627,34796640899933,19993651,sB-eth3,up,34796640686670,netem,26439484,19286,0,0,0,0,0,25417882,3811,0,25417102,3795,0
2629,34796656722848,34796659113235,19999221,sA-eth3,up,34796658864342,netem,22610718,16559,0,0,0,0,0,21523020,3216,0,21735936,3304,0
2629,34796656722848,34796661097046,19999221,sB-eth3,up,34796660870004,netem,26439484,19286,0,0,0,0,0,25417882,3811,0,25417102,3795,0
2630,34796676723788,34796678761271,20000940,sA-eth3,up,34796678532409,netem,22610718,16559,0,0,0,0,0,21523020,3216,0,21735936,3304,0
2630,34796676723788,34796680949325,20000940,sB-eth3,up,34796680737003,netem,26439484,19286,0,0,0,0,0,25417882,3811,0,25417102,3795,0
2631,34796696722290,34796698831023,19998502,sA-eth3,up,34796698647271,netem,22610718,16559,0,0,0,0,0,21523020,3216,0,21735936,3304,0
2631,34796696722290,34796700850285,19998502,sB-eth3,up,34796700688374,netem,26439484,19286,0,0,0,0,0,25417882,3811,0,25417102,3795,0
2632,34796716723541,34796718726592,20001251,sA-eth3,up,34796718519250,netem,22610718,16559,0,0,0,0,0,21523020,3216,0,21735936,3304,0
2632,34796716723541,34796721034928,20001251,sB-eth3,up,34796720822126,netem,26439484,19286,0,0,0,0,0,25417882,3811,0,25417102,3795,0
2633,34796736724722,34796738696934,20001181,sA-eth3,up,34796738481931,netem,22610718,16559,0,0,0,0,0,21523020,3216,0,21735936,3304,0
2633,34796736724722,34796740938898,20001181,sB-eth3,up,34796740734006,netem,26439484,19286,0,0,0,0,0,25417882,3811,0,25417102,3795,0
2634,34796756723223,34796758947957,19998501,sA-eth3,up,34796758719544,netem,22610718,16559,0,0,0,0,0,21523020,3216,0,21735936,3304,0
2634,34796756723223,34796760839367,19998501,sB-eth3,up,34796760637255,netem,26439484,19286,0,0,0,0,0,25417882,3811,0,25417102,3795,0
2635,34796776722563,34796779245541,19999340,sA-eth3,up,34796779023908,netem,22610718,16559,0,0,0,0,0,21523020,3216,0,21735936,3304,0
2635,34796776722563,34796781315924,19999340,sB-eth3,up,34796781105502,netem,26439484,19286,0,0,0,0,0,25417882,3811,0,25417102,3795,0
2636,34796796719515,34796799672017,19996952,sA-eth3,up,34796799458275,netem,22610718,16559,0,0,0,0,0,21523020,3216,0,21735936,3304,0
2636,34796796719515,34796801674079,19996952,sB-eth3,up,34796801475746,netem,26439484,19286,0,0,0,0,0,25417882,3811,0,25417102,3795,0
2637,34796816716085,34796819071420,19996570,sA-eth3,up,34796818838688,netem,22610718,16559,0,0,0,0,0,21523020,3216,0,21735936,3304,0
2637,34796816716085,34796820984202,19996570,sB-eth3,up,34796820789150,netem,26439484,19286,0,0,0,0,0,25417882,3811,0,25417102,3795,0
2638,34796836716866,34796839107672,20000781,sA-eth3,up,34796838873360,netem,22610718,16559,0,0,0,0,0,21523020,3216,0,21735936,3304,0
2638,34796836716866,34796841380657,20000781,sB-eth3,up,34796841165155,netem,26439484,19286,0,0,0,0,0,25417882,3811,0,25417102,3795,0
2639,34796856722577,34796858845460,20005711,sA-eth3,up,34796858626468,netem,22610718,16559,0,0,0,0,0,21523020,3216,0,21735936,3304,0
2639,34796856722577,34796861260907,20005711,sB-eth3,up,34796861064185,netem,26439484,19286,0,0,0,0,0,25417882,3811,0,25417102,3795,0
2640,34796876721248,34796878913442,19998671,sA-eth3,up,34796878682599,netem,22610718,16559,0,0,0,0,0,21523020,3216,0,21735936,3304,0
2640,34796876721248,34796880830603,19998671,sB-eth3,up,34796880619740,netem,26439484,19286,0,0,0,0,0,25417882,3811,0,25417102,3795,0
2641,34796896723888,34796898715350,20002640,sA-eth3,up,34796898530649,netem,22610718,16559,0,0,0,0,0,21523020,3216,0,21735936,3304,0
2641,34796896723888,34796900971175,20002640,sB-eth3,up,34796900801874,netem,26439484,19286,0,0,0,0,0,25417882,3811,0,25417102,3795,0
2642,34796916716859,34796918802192,19992971,sA-eth3,up,34796918577520,netem,22610718,16559,0,0,0,0,0,21523020,3216,0,21735936,3304,0
2642,34796916716859,34796920845875,19992971,sB-eth3,up,34796920640222,netem,26439484,19286,0,0,0,0,0,25417882,3811,0,25417102,3795,0
2643,34796936721440,34796938750993,20004581,sA-eth3,up,34796938525390,netem,22610718,16559,0,0,0,0,0,21523020,3216,0,21735936,3304,0
2643,34796936721440,34796940918007,20004581,sB-eth3,up,34796940705704,netem,26439484,19286,0,0,0,0,0,25417882,3811,0,25417102,3795,0
2644,34796956726522,34796958825785,20005082,sA-eth3,up,34796958594992,netem,22610718,16559,0,0,0,0,0,21523020,3216,0,21735936,3304,0
2644,34796956726522,34796960964978,20005082,sB-eth3,up,34796960752255,netem,26439484,19286,0,0,0,0,0,25417882,3811,0,25417102,3795,0
2645,34796976743352,34796978683614,20016830,sA-eth3,up,34796978502972,netem,22610718,16559,0,0,0,0,0,21523020,3216,0,21735936,3304,0
2645,34796976743352,34796980647885,20016830,sB-eth3,up,34796980486174,netem,26439484,19286,0,0,0,0,0,25417882,3811,0,25417102,3795,0
2646,34796996728193,34796999101680,19984841,sA-eth3,up,34796998880527,netem,22610718,16559,0,0,0,0,0,21523020,3216,0,21735936,3304,0
2646,34796996728193,34797001392185,19984841,sB-eth3,up,34797001220912,netem,26439484,19286,0,0,0,0,0,25417882,3811,0,25417102,3795,0
2647,34797016719033,34797018971488,19990840,sA-eth3,up,34797018743566,netem,22610718,16559,0,0,0,0,0,21523020,3216,0,21735936,3304,0
2647,34797016719033,34797020835990,19990840,sB-eth3,up,34797020625007,netem,26439484,19286,0,0,0,0,0,25417882,3811,0,25417102,3795,0
2648,34797036729805,34797039140151,20010772,sA-eth3,up,34797038864628,netem,22610718,16559,0,0,0,0,0,21523020,3216,0,21735936,3304,0
2648,34797036729805,34797041065143,20010772,sB-eth3,up,34797040834950,netem,26439484,19286,0,0,0,0,0,25417882,3811,0,25417102,3795,0
2649,34797056717105,34797058700627,19987300,sA-eth3,up,34797058493285,netem,22610718,16559,0,0,0,0,0,21523020,3216,0,21735936,3304,0
2649,34797056717105,34797060811890,19987300,sB-eth3,up,34797060609559,netem,26439484,19286,0,0,0,0,0,25417882,3811,0,25417102,3795,0
2650,34797076723787,34797078798760,20006682,sA-eth3,up,34797078573137,netem,22610718,16559,0,0,0,0,0,21523020,3216,0,21735936,3304,0
2650,34797076723787,34797080805112,20006682,sB-eth3,up,34797080607619,netem,26439484,19286,0,0,0,0,0,25417882,3811,0,25417102,3795,0
2651,34797096726197,34797098875741,20002410,sA-eth3,up,34797098659488,netem,22610718,16559,0,0,0,0,0,21523020,3216,0,21735936,3304,0
2651,34797096726197,34797100856123,20002410,sB-eth3,up,34797100657570,netem,26439484,19286,0,0,0,0,0,25417882,3811,0,25417102,3795,0
2652,34797116728178,34797118779001,20001981,sA-eth3,up,34797118547808,netem,22610718,16559,0,0,0,0,0,21523020,3216,0,21735936,3304,0
2652,34797116728178,34797120911935,20001981,sB-eth3,up,34797120705412,netem,26439484,19286,0,0,0,0,0,25417882,3811,0,25417102,3795,0
2653,34797136723199,34797138915753,19995021,sA-eth3,up,34797138691251,netem,22610718,16559,0,0,0,0,0,21523020,3216,0,21735936,3304,0
2653,34797136723199,34797140942645,19995021,sB-eth3,up,34797140723083,netem,26439484,19286,0,0,0,0,0,25417882,3811,0,25417102,3795,0
2654,34797156727590,34797159042965,20004391,sA-eth3,up,34797158788732,netem,22610718,16559,0,0,0,0,0,21523020,3216,0,21735936,3304,0
2654,34797156727590,34797160876545,20004391,sB-eth3,up,34797160657744,netem,26439484,19286,0,0,0,0,0,25417882,3811,0,25417102,3795,0
2655,34797176729231,34797179041207,20001641,sA-eth3,up,34797178790024,netem,22610718,16559,0,0,0,0,0,21523020,3216,0,21735936,3304,0
2655,34797176729231,34797181152530,20001641,sB-eth3,up,34797180920628,netem,26439484,19286,0,0,0,0,0,25417882,3811,0,25417102,3795,0
2656,34797196742312,34797198888095,20013081,sA-eth3,up,34797198661573,netem,22610718,16559,0,0,0,0,0,21523020,3216,0,21735936,3304,0
2656,34797196742312,34797200993850,20013081,sB-eth3,up,34797200788637,netem,26439484,19286,0,0,0,0,0,25417882,3811,0,25417102,3795,0
2657,34797216727533,34797218795115,19985221,sA-eth3,up,34797218573063,netem,22610718,16559,0,0,0,0,0,21523020,3216,0,21735936,3304,0
2657,34797216727533,34797220874589,19985221,sB-eth3,up,34797220663427,netem,26439484,19286,0,0,0,0,0,25417882,3811,0,25417102,3795,0
2658,34797236731063,34797239054050,20003530,sA-eth3,up,34797238822997,netem,22610718,16559,0,0,0,0,0,21523020,3216,0,21735936,3304,0
2658,34797236731063,34797240883359,20003530,sB-eth3,up,34797240711277,netem,26439484,19286,0,0,0,0,0,25417882,3811,0,25417102,3795,0
2659,34797256723485,34797258990920,19992422,sA-eth3,up,34797258796368,netem,22610718,16559,0,0,0,0,0,21523020,3216,0,21735936,3304,0
2659,34797256723485,34797260961462,19992422,sB-eth3,up,34797260784539,netem,26439484,19286,0,0,0,0,0,25417882,3811,0,25417102,3795,0
2660,34797276744915,34797278817728,20021430,sA-eth3,up,34797278591406,netem,22610718,16559,0,0,0,0,0,21523020,3216,0,21735936,3304,0
2660,34797276744915,34797280703580,20021430,sB-eth3,up,34797280520247,netem,26439484,19286,0,0,0,0,0,25417882,3811,0,25417102,3795,0
2661,34797296714276,34797299072752,19969361,sA-eth3,up,34797298879270,netem,22610718,16559,0,0,0,0,0,21523020,3216,0,21735936,3304,0
2661,34797296714276,34797300852482,19969361,sB-eth3,up,34797300695890,netem,26439484,19286,0,0,0,0,0,25417882,3811,0,25417102,3795,0
2662,34797316705207,34797319228815,19990931,sA-eth3,up,34797319054943,netem,22610718,16559,0,0,0,0,0,21523020,3216,0,21735936,3304,0
2662,34797316705207,34797321001145,19990931,sB-eth3,up,34797320842943,netem,26439484,19286,0,0,0,0,0,25417882,3811,0,25417102,3795,0
2663,34797336708478,34797338472857,20003271,sA-eth3,up,34797338306015,netem,22610718,16559,0,0,0,0,0,21523020,3216,0,21735936,3304,0
2663,34797336708478,34797340514090,20003271,sB-eth3,up,34797340359858,netem,26439484,19286,0,0,0,0,0,25417882,3811,0,25417102,3795,0
2664,34797356715228,34797358530429,20006750,sA-eth3,up,34797358362897,netem,22610718,16559,0,0,0,0,0,21523020,3216,0,21735936,3304,0
2664,34797356715228,34797361035577,20006750,sB-eth3,up,34797360858475,netem,26439484,19286,0,0,0,0,0,25417882,3811,0,25417102,3795,0
2665,34797376707910,34797378566230,19992682,sA-eth3,up,34797378391028,netem,22610718,16559,0,0,0,0,0,21523020,3216,0,21735936,3304,0
2665,34797376707910,34797380878825,19992682,sB-eth3,up,34797380716444,netem,26439484,19286,0,0,0,0,0,25417882,3811,0,25417102,3795,0
2666,34797396702560,34797398735143,19994650,sA-eth3,up,34797398567050,netem,22610718,16559,0,0,0,0,0,21523020,3216,0,21735936,3304,0
2666,34797396702560,34797400519222,19994650,sB-eth3,up,34797400364172,netem,26439484,19286,0,0,0,0,0,25417882,3811,0,25417102,3795,0
2667,34797416701051,34797418772244,19998491,sA-eth3,up,34797418599342,netem,22610718,16559,0,0,0,0,0,21523020,3216,0,21735936,3304,0
2667,34797416701051,34797421501504,19998491,sB-eth3,up,34797421344373,netem,26439484,19286,0,0,0,0,0,25417882,3811,0,25417102,3795,0
2668,34797436705573,34797438762115,20004522,sA-eth3,up,34797438593713,netem,22610718,16559,0,0,0,0,0,21523020,3216,0,21735936,3304,0
2668,34797436705573,34797441102370,20004522,sB-eth3,up,34797440914928,netem,26439484,19286,0,0,0,0,0,25417882,3811,0,25417102,3795,0
2669,34797456704213,34797458761685,19998640,sA-eth3,up,34797458586175,netem,22610718,16559,0,0,0,0,0,21523020,3216,0,21735936,3304,0
2669,34797456704213,34797460768398,19998640,sB-eth3,up,34797460610137,netem,26439484,19286,0,0,0,0,0,25417882,3811,0,25417102,3795,0
2670,34797476702624,34797478707446,19998411,sA-eth3,up,34797478534934,netem,22610718,16559,0,0,0,0,0,21523020,3216,0,21735936,3304,0
2670,34797476702624,34797481163073,19998411,sB-eth3,up,34797480990141,netem,26439484,19286,0,0,0,0,0,25417882,3811,0,25417102,3795,0
2671,34797496705265,34797498699407,20002641,sA-eth3,up,34797498524395,netem,22610718,16559,0,0,0,0,0,21523020,3216,0,21735936,3304,0
2671,34797496705265,34797500946152,20002641,sB-eth3,up,34797500786890,netem,26439484,19286,0,0,0,0,0,25417882,3811,0,25417102,3795,0
2672,34797516712596,34797519025431,20007331,sA-eth3,up,34797518833410,netem,22610718,16559,0,0,0,0,0,21523020,3216,0,21735936,3304,0
2672,34797516712596,34797521101165,20007331,sB-eth3,up,34797520924993,netem,26439484,19286,0,0,0,0,0,25417882,3811,0,25417102,3795,0
2673,34797536713367,34797538850970,20000771,sA-eth3,up,34797538674098,netem,22610718,16559,0,0,0,0,0,21523020,3216,0,21735936,3304,0
2673,34797536713367,34797541168736,20000771,sB-eth3,up,34797540984353,netem,26439484,19286,0,0,0,0,0,25417882,3811,0,25417102,3795,0
2674,34797556729308,34797559264876,20015941,sA-eth3,up,34797558972493,netem,22610718,16559,0,0,0,0,0,21523020,3216,0,21735936,3304,0
2674,34797556729308,34797561496201,20015941,sB-eth3,up,34797561286188,netem,26439484,19286,0,0,0,0,0,25417882,3811,0,25417102,3795,0
2675,34797576729808,34797578888492,20000500,sA-eth3,up,34797578657580,netem,22610718,16559,0,0,0,0,0,21523020,3216,0,21735936,3304,0
2675,34797576729808,34797580964375,20000500,sB-eth3,up,34797580748403,netem,26439484,19286,0,0,0,0,0,25417882,3811,0,25417102,3795,0
2676,34797596751740,34797598983255,20021932,sA-eth3,up,34797598712482,netem,22610718,16559,0,0,0,0,0,21523020,3216,0,21735936,3304,0
2676,34797596751740,34797600902996,20021932,sB-eth3,up,34797600695013,netem,26439484,19286,0,0,0,0,0,25417882,3811,0,25417102,3795,0
2677,34797616730361,34797618735292,19978621,sA-eth3,up,34797618505070,netem,22610718,16559,0,0,0,0,0,21523020,3216,0,21735936,3304,0
2677,34797616730361,34797620927087,19978621,sB-eth3,up,34797620711535,netem,26439484,19286,0,0,0,0,0,25417882,3811,0,25417102,3795,0
2678,34797636727371,34797638745683,19997010,sA-eth3,up,34797638519012,netem,22610718,16559,0,0,0,0,0,21523020,3216,0,21735936,3304,0
2678,34797636727371,34797640900908,19997010,sB-eth3,up,34797640688305,netem,26439484,19286,0,0,0,0,0,25417882,3811,0,25417102,3795,0
2679,34797656715462,34797658711065,19988091,sA-eth3,up,34797658529292,netem,22610718,16559,0,0,0,0,0,21523020,3216,0,21735936,3304,0
2679,34797656715462,34797660673355,19988091,sB-eth3,up,34797660490424,netem,26439484,19286,0,0,0,0,0,25417882,3811,0,25417102,3795,0
2680,34797676726433,34797679217831,20010971,sA-eth3,up,34797678941997,netem,22610718,16559,0,0,0,0,0,21523020,3216,0,21735936,3304,0
2680,34797676726433,34797681024050,20010971,sB-eth3,up,34797680792708,netem,26439484,19286,0,0,0,0,0,25417882,3811,0,25417102,3795,0
2681,34797696715764,34797698765726,19989331,sA-eth3,up,34797698587265,netem,22610718,16559,0,0,0,0,0,21523020,3216,0,21735936,3304,0
2681,34797696715764,34797700645787,19989331,sB-eth3,up,34797700484755,netem,26439484,19286,0,0,0,0,0,25417882,3811,0,25417102,3795,0
2682,34797716710265,34797718712237,19994501,sA-eth3,up,34797718532925,netem,22610718,16559,0,0,0,0,0,21523020,3216,0,21735936,3304,0
2682,34797716710265,34797720634988,19994501,sB-eth3,up,34797720468427,netem,26439484,19286,0,0,0,0,0,25417882,3811,0,25417102,3795,0
2683,34797736711745,34797738664357,20001480,sA-eth3,up,34797738489395,netem,22610718,16559,0,0,0,0,0,21523020,3216,0,21735936,3304,0
2683,34797736711745,34797740559408,20001480,sB-eth3,up,34797740396807,netem,26439484,19286,0,0,0,0,0,25417882,3811,0,25417102,3795,0
2684,34797756709697,34797758627437,19997952,sA-eth3,up,34797758456846,netem,22610718,16559,0,0,0,0,0,21523020,3216,0,21735936,3304,0
2684,34797756709697,34797760596169,19997952,sB-eth3,up,34797760437188,netem,26439484,19286,0,0,0,0,0,25417882,3811,0,25417102,3795,0
2685,34797776723957,34797778731230,20014260,sA-eth3,up,34797778549948,netem,22610718,16559,0,0,0,0,0,21523020,3216,0,21735936,3304,0
2685,34797776723957,34797780789543,20014260,sB-eth3,up,34797780619920,netem,26439484,19286,0,0,0,0,0,25417882,3811,0,25417102,3795,0
2686,34797796712888,34797798762160,19988931,sA-eth3,up,34797798584019,netem,22610718,16559,0,0,0,0,0,21523020,3216,0,21735936,3304,0
2686,34797796712888,34797800709913,19988931,sB-eth3,up,34797800549120,netem,26439484,19286,0,0,0,0,0,25417882,3811,0,25417102,3795,0
2687,34797816701069,34797818755522,19988181,sA-eth3,up,34797818554000,netem,22610718,16559,0,0,0,0,0,21523020,3216,0,21735936,3304,0
2687,34797816701069,34797820780804,19988181,sB-eth3,up,34797820600972,netem,26439484,19286,0,0,0,0,0,25417882,3811,0,25417102,3795,0
2688,34797836709450,34797838732693,20008381,sA-eth3,up,34797838548620,netem,22610718,16559,0,0,0,0,0,21523020,3216,0,21735936,3304,0
2688,34797836709450,34797840762685,20008381,sB-eth3,up,34797840593462,netem,26439484,19286,0,0,0,0,0,25417882,3811,0,25417102,3795,0
2689,34797856724701,34797858787343,20015251,sA-eth3,up,34797858568982,netem,22610718,16559,0,0,0,0,0,21523020,3216,0,21735936,3304,0
2689,34797856724701,34797860853767,20015251,sB-eth3,up,34797860650755,netem,26439484,19286,0,0,0,0,0,25417882,3811,0,25417102,3795,0
2690,34797876721732,34797878766065,19997031,sA-eth3,up,34797878529792,netem,22610718,16559,0,0,0,0,0,21523020,3216,0,21735936,3304,0
2690,34797876721732,34797880830267,19997031,sB-eth3,up,34797880612405,netem,26439484,19286,0,0,0,0,0,25417882,3811,0,25417102,3795,0
2691,34797896725973,34797898753555,20004241,sA-eth3,up,34797898526182,netem,22610718,16559,0,0,0,0,0,21523020,3216,0,21735936,3304,0
2691,34797896725973,34797900775218,20004241,sB-eth3,up,34797900562965,netem,26439484,19286,0,0,0,0,0,25417882,3811,0,25417102,3795,0
2692,34797916720283,34797918872967,19994310,sA-eth3,up,34797918640435,netem,22610718,16559,0,0,0,0,0,21523020,3216,0,21735936,3304,0
2692,34797916720283,34797920738338,19994310,sB-eth3,up,34797920527865,netem,26439484,19286,0,0,0,0,0,25417882,3811,0,25417102,3795,0
2693,34797936729435,34797938781387,20009152,sA-eth3,up,34797938559695,netem,22610718,16559,0,0,0,0,0,21523020,3216,0,21735936,3304,0
2693,34797936729435,34797940662008,20009152,sB-eth3,up,34797940458976,netem,26439484,19286,0,0,0,0,0,25417882,3811,0,25417102,3795,0
2694,34797956715015,34797958685018,19985580,sA-eth3,up,34797958506245,netem,22610718,16559,0,0,0,0,0,21523020,3216,0,21735936,3304,0
2694,34797956715015,34797960471747,19985580,sB-eth3,up,34797960251245,netem,26439484,19286,0,0,0,0,0,25417882,3811,0,25417102,3795,0
2695,34797976727236,34797978650587,20012221,sA-eth3,up,34797978431205,netem,22610718,16559,0,0,0,0,0,21523020,3216,0,21735936,3304,0
2695,34797976727236,34797980425147,20012221,sB-eth3,up,34797980204244,netem,26439484,19286,0,0,0,0,0,25417882,3811,0,25417102,3795,0
2696,34797996716118,34797998650158,19988882,sA-eth3,up,34797998421005,netem,22610718,16559,0,0,0,0,0,21523020,3216,0,21735936,3304,0
2696,34797996716118,34798000453158,19988882,sB-eth3,up,34798000232706,netem,26439484,19286,0,0,0,0,0,25417882,3811,0,25417102,3795,0
2697,34798016728488,34798018704090,20012370,sA-eth3,up,34798018480217,netem,22610718,16559,0,0,0,0,0,21523020,3216,0,21735936,3304,0
2697,34798016728488,34798020499840,20012370,sB-eth3,up,34798020290007,netem,26439484,19286,0,0,0,0,0,25417882,3811,0,25417102,3795,0
2698,34798036724039,34798038693601,19995551,sA-eth3,up,34798038466378,netem,22610718,16559,0,0,0,0,0,21523020,3216,0,21735936,3304,0
2698,34798036724039,34798040513380,19995551,sB-eth3,up,34798040303618,netem,26439484,19286,0,0,0,0,0,25417882,3811,0,25417102,3795,0
2699,34798056719590,34798058645781,19995551,sA-eth3,up,34798058423118,netem,22610718,16559,0,0,0,0,0,21523020,3216,0,21735936,3304,0
2699,34798056719590,34798060489322,19995551,sB-eth3,up,34798060269879,netem,26439484,19286,0,0,0,0,0,25417882,3811,0,25417102,3795,0
2700,34798076719141,34798078642762,19999551,sA-eth3,up,34798078412470,netem,22610718,16559,0,0,0,0,0,21523020,3216,0,21735936,3304,0
2700,34798076719141,34798080510352,19999551,sB-eth3,up,34798080299130,netem,26439484,19286,0,0,0,0,0,25417882,3811,0,25417102,3795,0
2701,34798096729031,34798098715343,20009890,sA-eth3,up,34798098487401,netem,22610718,16559,0,0,0,0,0,21523020,3216,0,21735936,3304,0
2701,34798096729031,34798100930768,20009890,sB-eth3,up,34798100718525,netem,26439484,19286,0,0,0,0,0,25417882,3811,0,25417102,3795,0
2702,34798116721293,34798118651883,19992262,sA-eth3,up,34798118426291,netem,22610718,16559,0,0,0,0,0,21523020,3216,0,21735936,3304,0
2702,34798116721293,34798121113221,19992262,sB-eth3,up,34798120891478,netem,26439484,19286,0,0,0,0,0,25417882,3811,0,25417102,3795,0
2703,34798136718573,34798138733785,19997280,sA-eth3,up,34798138511223,netem,22610718,16559,0,0,0,0,0,21523020,3216,0,21735936,3304,0
2703,34798136718573,34798140894360,19997280,sB-eth3,up,34798140683797,netem,26439484,19286,0,0,0,0,0,25417882,3811,0,25417102,3795,0
2704,34798156722374,34798158822817,20003801,sA-eth3,up,34798158505544,netem,22610718,16559,0,0,0,0,0,21523020,3216,0,21735936,3304,0
2704,34798156722374,34798160885611,20003801,sB-eth3,up,34798160679708,netem,26439484,19286,0,0,0,0,0,25417882,3811,0,25417102,3795,0
2705,34798176720335,34798178791618,19997961,sA-eth3,up,34798178569576,netem,22610718,16559,0,0,0,0,0,21523020,3216,0,21735936,3304,0
2705,34798176720335,34798180821580,19997961,sB-eth3,up,34798180609118,netem,26439484,19286,0,0,0,0,0,25417882,3811,0,25417102,3795,0
2706,34798196723056,34798198827519,20002721,sA-eth3,up,34798198597177,netem,22610718,16559,0,0,0,0,0,21523020,3216,0,21735936,3304,0
2706,34798196723056,34798200948543,20002721,sB-eth3,up,34798200735920,netem,26439484,19286,0,0,0,0,0,25417882,3811,0,25417102,3795,0
2707,34798216726136,34798218867920,20003080,sA-eth3,up,34798218643068,netem,22610718,16559,0,0,0,0,0,21523020,3216,0,21735936,3304,0
2707,34798216726136,34798220745011,20003080,sB-eth3,up,34798220532750,netem,26439484,19286,0,0,0,0,0,25417882,3811,0,25417102,3795,0
2708,34798236720348,34798238720560,19994212,sA-eth3,up,34798238481788,netem,22610718,16559,0,0,0,0,0,21523020,3216,0,21735936,3304,0
2708,34798236720348,34798240926304,19994212,sB-eth3,up,34798240704572,netem,26439484,19286,0,0,0,0,0,25417882,3811,0,25417102,3795,0
2709,34798256724709,34798258739641,20004361,sA-eth3,up,34798258509878,netem,22610718,16559,0,0,0,0,0,21523020,3216,0,21735936,3304,0
2709,34798256724709,34798260840014,20004361,sB-eth3,up,34798260623582,netem,26439484,19286,0,0,0,0,0,25417882,3811,0,25417102,3795,0
2710,34798276721069,34798278783342,19996360,sA-eth3,up,34798278565240,netem,22610718,16559,0,0,0,0,0,21523020,3216,0,21735936,3304,0
2710,34798276721069,34798280824705,19996360,sB-eth3,up,34798280615722,netem,26439484,19286,0,0,0,0,0,25417882,3811,0,25417102,3795,0
2711,34798296720980,34798298841424,19999911,sA-eth3,up,34798298613801,netem,22610718,16559,0,0,0,0,0,21523020,3216,0,21735936,3304,0
2711,34798296720980,34798300921296,19999911,sB-eth3,up,34798300715435,netem,26439484,19286,0,0,0,0,0,25417882,3811,0,25417102,3795,0
2712,34798316715921,34798318820854,19994941,sA-eth3,up,34798318564621,netem,22610718,16559,0,0,0,0,0,21523020,3216,0,21735936,3304,0
2712,34798316715921,34798320854156,19994941,sB-eth3,up,34798320639395,netem,26439484,19286,0,0,0,0,0,25417882,3811,0,25417102,3795,0
2713,34798336719562,34798338843965,20003641,sA-eth3,up,34798338605293,netem,22610718,16559,0,0,0,0,0,21523020,3216,0,21735936,3304,0
2713,34798336719562,34798340887548,20003641,sB-eth3,up,34798340671286,netem,26439484,19286,0,0,0,0,0,25417882,3811,0,25417102,3795,0
2714,34798356733313,34798358963508,20013751,sA-eth3,up,34798358718545,netem,22610718,16559,0,0,0,0,0,21523020,3216,0,21735936,3304,0
2714,34798356733313,34798360929659,20013751,sB-eth3,up,34798360765428,netem,26439484,19286,0,0,0,0,0,25417882,3811,0,25417102,3795,0
2715,34798376724254,34798378890638,19990941,sA-eth3,up,34798378660685,netem,22610718,16559,0,0,0,0,0,21523020,3216,0,21735936,3304,0
2715,34798376724254,34798381266894,19990941,sB-eth3,up,34798381055751,netem,26439484,19286,0,0,0,0,0,25417882,3811,0,25417102,3795,0
2716,34798396720134,34798398693376,19995880,sA-eth3,up,34798398465614,netem,22610718,16559,0,0,0,0,0,21523020,3216,0,21735936,3304,0
2716,34798396720134,34798400878511,19995880,sB-eth3,up,34798400678028,netem,26439484,19286,0,0,0,0,0,25417882,3811,0,25417102,3795,0
2717,34798416720186,34798418723158,20000052,sA-eth3,up,34798418505265,netem,22610718,16559,0,0,0,0,0,21523020,3216,0,21735936,3304,0
2717,34798416720186,34798420824071,20000052,sB-eth3,up,34798420624328,netem,26439484,19286,0,0,0,0,0,25417882,3811,0,25417102,3795,0
2718,34798436730777,34798438895041,20010591,sA-eth3,up,34798438674578,netem,22610718,16559,0,0,0,0,0,21523020,3216,0,21735936,3304,0
2718,34798436730777,34798440794791,20010591,sB-eth3,up,34798440586959,netem,26439484,19286,0,0,0,0,0,25417882,3811,0,25417102,3795,0
2719,34798456722208,34798459127104,19991431,sA-eth3,up,34798458892701,netem,22610718,16559,0,0,0,0,0,21523020,3216,0,21735936,3304,0
2719,34798456722208,34798461348489,19991431,sB-eth3,up,34798461138046,netem,26439484,19286,0,0,0,0,0,25417882,3811,0,25417102,3795,0
2720,34798476718958,34798479164186,19996750,sA-eth3,up,34798478930833,netem,22610718,16559,0,0,0,0,0,21523020,3216,0,21735936,3304,0
2720,34798476718958,34798481164388,19996750,sB-eth3,up,34798480941205,netem,26439484,19286,0,0,0,0,0,25417882,3811,0,25417102,3795,0
2721,34798496719839,34798498724631,20000881,sA-eth3,up,34798498487389,netem,22610718,16559,0,0,0,0,0,21523020,3216,0,21735936,3304,0
2721,34798496719839,34798501153489,20000881,sB-eth3,up,34798500909385,netem,26439484,19286,0,0,0,0,0,25417882,3811,0,25417102,3795,0
2722,34798516719400,34798518705692,19999561,sA-eth3,up,34798518498550,netem,22610718,16559,0,0,0,0,0,21523020,3216,0,21735936,3304,0
2722,34798516719400,34798520917646,19999561,sB-eth3,up,34798520719174,netem,26439484,19286,0,0,0,0,0,25417882,3811,0,25417102,3795,0
2723,34798536727031,34798539187269,20007631,sA-eth3,up,34798538924535,netem,22610718,16559,0,0,0,0,0,21523020,3216,0,21735936,3304,0
2723,34798536727031,34798540975788,20007631,sB-eth3,up,34798540761355,netem,26439484,19286,0,0,0,0,0,25417882,3811,0,25417102,3795,0
2724,34798556722281,34798559145629,19995250,sA-eth3,up,34798558851176,netem,22610718,16559,0,0,0,0,0,21523020,3216,0,21735936,3304,0
2724,34798556722281,34798560975569,19995250,sB-eth3,up,34798560804637,netem,26439484,19286,0,0,0,0,0,25417882,3811,0,25417102,3795,0
2725,34798576738003,34798578625544,20015722,sA-eth3,up,34798578448702,netem,22610718,16559,0,0,0,0,0,21523020,3216,0,21735936,3304,0
2725,34798576738003,34798580993491,20015722,sB-eth3,up,34798580826818,netem,26439484,19286,0,0,0,0,0,25417882,3811,0,25417102,3795,0
2726,34798596726184,34798598941588,19988181,sA-eth3,up,34798598748756,netem,22610718,16559,0,0,0,0,0,21523020,3216,0,21735936,3304,0
2726,34798596726184,34798600857419,19988181,sB-eth3,up,34798600694148,netem,26439484,19286,0,0,0,0,0,25417882,3811,0,25417102,3795,0
2727,34798616711664,34798618720347,19985480,sA-eth3,up,34798618541384,netem,22610718,16559,0,0,0,0,0,21523020,3216,0,21735936,3304,0
2727,34798616711664,34798621124743,19985480,sB-eth3,up,34798620928171,netem,26439484,19286,0,0,0,0,0,25417882,3811,0,25417102,3795,0
2728,34798636718046,34798638743658,20006382,sA-eth3,up,34798638557995,netem,22610718,16559,0,0,0,0,0,21523020,3216,0,21735936,3304,0
2728,34798636718046,34798640631528,20006382,sB-eth3,up,34798640457176,netem,26439484,19286,0,0,0,0,0,25417882,3811,0,25417102,3795,0
2729,34798656716476,34798658594656,19998430,sA-eth3,up,34798658421795,netem,22610718,16559,0,0,0,0,0,21523020,3216,0,21735936,3304,0
2729,34798656716476,34798660839711,19998430,sB-eth3,up,34798660681710,netem,26439484,19286,0,0,0,0,0,25417882,3811,0,25417102,3795,0
2730,34798676705237,34798678597058,19988761,sA-eth3,up,34798678427636,netem,22610718,16559,0,0,0,0,0,21523020,3216,0,21735936,3304,0
2730,34798676705237,34798680528138,19988761,sB-eth3,up,34798680370928,netem,26439484,19286,0,0,0,0,0,25417882,3811,0,25417102,3795,0
2731,34798696705548,34798698686529,20000311,sA-eth3,up,34798698518328,netem,22610718,16559,0,0,0,0,0,21523020,3216,0,21735936,3304,0
2731,34798696705548,34798700626431,20000311,sB-eth3,up,34798700405409,netem,26439484,19286,0,0,0,0,0,25417882,3811,0,25417102,3795,0
2732,34798716714889,34798719201996,20009341,sA-eth3,up,34798718960174,netem,22610718,16559,0,0,0,0,0,21523020,3216,0,21735936,3304,0
2732,34798716714889,34798725093201,20009341,sB-eth3,up,34798724858938,netem,26439484,19286,0,0,0,0,0,25417882,3811,0,25417102,3795,0
2733,34798736708299,34798738688131,19993410,sA-eth3,up,34798738472669,netem,22610718,16559,0,0,0,0,0,21523020,3216,0,21735936,3304,0
2733,34798736708299,34798740615133,19993410,sB-eth3,up,34798740420291,netem,26439484,19286,0,0,0,0,0,25417882,3811,0,25417102,3795,0
2734,34798756712651,34798758717723,20004352,sA-eth3,up,34798758502630,netem,22610718,16559,0,0,0,0,0,21523020,3216,0,21735936,3304,0
2734,34798756712651,34798760611823,20004352,sB-eth3,up,34798760413131,netem,26439484,19286,0,0,0,0,0,25417882,3811,0,25417102,3795,0
2735,34798776709391,34798778688354,19996740,sA-eth3,up,34798778476741,netem,22610718,16559,0,0,0,0,0,21523020,3216,0,21735936,3304,0
2735,34798776709391,34798780574454,19996740,sB-eth3,up,34798780369771,netem,26439484,19286,0,0,0,0,0,25417882,3811,0,25417102,3795,0
2736,34798796722362,34798798756714,20012971,sA-eth3,up,34798798533463,netem,22610718,16559,0,0,0,0,0,21523020,3216,0,21735936,3304,0
2736,34798796722362,34798800656206,20012971,sB-eth3,up,34798800451403,netem,26439484,19286,0,0,0,0,0,25417882,3811,0,25417102,3795,0
2737,34798816707163,34798818678595,19984801,sA-eth3,up,34798818466713,netem,22610718,16559,0,0,0,0,0,21523020,3216,0,21735936,3304,0
2737,34798816707163,34798821398995,19984801,sB-eth3,up,34798821183962,netem,26439484,19286,0,0,0,0,0,25417882,3811,0,25417102,3795,0
2738,34798836712054,34798839131821,20004891,sA-eth3,up,34798838883708,netem,22610718,16559,0,0,0,0,0,21523020,3216,0,21735936,3304,0
2738,34798836712054,34798841115542,20004891,sB-eth3,up,34798840893620,netem,26439484,19286,0,0,0,0,0,25417882,3811,0,25417102,3795,0
2739,34798856708674,34798859108351,19996620,sA-eth3,up,34798858865599,netem,22610718,16559,0,0,0,0,0,21523020,3216,0,21735936,3304,0
2739,34798856708674,34798861205974,19996620,sB-eth3,up,34798860983832,netem,26439484,19286,0,0,0,0,0,25417882,3811,0,25417102,3795,0
2740,34798876721296,34798878615737,20012622,sA-eth3,up,34798878400354,netem,22610718,16559,0,0,0,0,0,21523020,3216,0,21735936,3304,0
2740,34798876721296,34798880943783,20012622,sB-eth3,up,34798880742260,netem,26439484,19286,0,0,0,0,0,25417882,3811,0,25417102,3795,0
2741,34798896708387,34798899139894,19987091,sA-eth3,up,34798898903391,netem,22610718,16559,0,0,0,0,0,21523020,3216,0,21735936,3304,0
2741,34798896708387,34798901211547,19987091,sB-eth3,up,34798900992924,netem,26439484,19286,0,0,0,0,0,25417882,3811,0,25417102,3795,0
2742,34798916707187,34798918961722,19998800,sA-eth3,up,34798918731009,netem,22610718,16559,0,0,0,0,0,21523020,3216,0,21735936,3304,0
2742,34798916707187,34798920989254,19998800,sB-eth3,up,34798920788223,netem,26439484,19286,0,0,0,0,0,25417882,3811,0,25417102,3795,0
2743,34798936709159,34798939154425,20001972,sA-eth3,up,34798938916142,netem,22610718,16559,0,0,0,0,0,21523020,3216,0,21735936,3304,0
2743,34798936709159,34798941034466,20001972,sB-eth3,up,34798940813224,netem,26439484,19286,0,0,0,0,0,25417882,3811,0,25417102,3795,0
2744,34798956722419,34798958640641,20013260,sA-eth3,up,34798958421878,netem,22610718,16559,0,0,0,0,0,21523020,3216,0,21735936,3304,0
2744,34798956722419,34798961055567,20013260,sB-eth3,up,34798960828784,netem,26439484,19286,0,0,0,0,0,25417882,3811,0,25417102,3795,0
2745,34798976710880,34798978621251,19988461,sA-eth3,up,34798978411259,netem,22610718,16559,0,0,0,0,0,21523020,3216,0,21735936,3304,0
2745,34798976710880,34798981424172,19988461,sB-eth3,up,34798981206339,netem,26439484,19286,0,0,0,0,0,25417882,3811,0,25417102,3795,0
2746,34798996705551,34798998605562,19994671,sA-eth3,up,34798998396099,netem,22610718,16559,0,0,0,0,0,21523020,3216,0,21735936,3304,0
2746,34798996705551,34799001089589,19994671,sB-eth3,up,34799000860137,netem,26439484,19286,0,0,0,0,0,25417882,3811,0,25417102,3795,0
2747,34799016707172,34799018921256,20001621,sA-eth3,up,34799018704184,netem,22610718,16559,0,0,0,0,0,21523020,3216,0,21735936,3304,0
2747,34799016707172,34799020835947,20001621,sB-eth3,up,34799020629605,netem,26439484,19286,0,0,0,0,0,25417882,3811,0,25417102,3795,0
2748,34799036717803,34799039194990,20010631,sA-eth3,up,34799038956047,netem,22610718,16559,0,0,0,0,0,21523020,3216,0,21735936,3304,0
2748,34799036717803,34799041140212,20010631,sB-eth3,up,34799040909209,netem,26439484,19286,0,0,0,0,0,25417882,3811,0,25417102,3795,0
2749,34799056714044,34799059185012,19996241,sA-eth3,up,34799058948889,netem,22610718,16559,0,0,0,0,0,21523020,3216,0,21735936,3304,0
2749,34799056714044,34799061146862,19996241,sB-eth3,up,34799060924859,netem,26439484,19286,0,0,0,0,0,25417882,3811,0,25417102,3795,0
2750,34799076711264,34799078570494,19997220,sA-eth3,up,34799078358663,netem,22610718,16559,0,0,0,0,0,21523020,3216,0,21735936,3304,0
2750,34799076711264,34799080993172,19997220,sB-eth3,up,34799080793139,netem,26439484,19286,0,0,0,0,0,25417882,3811,0,25417102,3795,0
2751,34799096708275,34799099080052,19997011,sA-eth3,up,34799098839179,netem,22610718,16559,0,0,0,0,0,21523020,3216,0,21735936,3304,0
2751,34799096708275,34799101199725,19997011,sB-eth3,up,34799100980892,netem,26439484,19286,0,0,0,0,0,25417882,3811,0,25417102,3795,0
2752,34799116715087,34799119064572,20006812,sA-eth3,up,34799118831710,netem,22610718,16559,0,0,0,0,0,21523020,3216,0,21735936,3304,0
2752,34799116715087,34799121149165,20006812,sB-eth3,up,34799120917242,netem,26439484,19286,0,0,0,0,0,25417882,3811,0,25417102,3795,0
2753,34799136721487,34799138654719,20006400,sA-eth3,up,34799138442896,netem,22610718,16559,0,0,0,0,0,21523020,3216,0,21735936,3304,0
2753,34799136721487,34799141119306,20006400,sB-eth3,up,34799140897174,netem,26439484,19286,0,0,0,0,0,25417882,3811,0,25417102,3795,0
2754,34799156705018,34799158867182,19983531,sA-eth3,up,34799158656239,netem,22610718,16559,0,0,0,0,0,21523020,3216,0,21735936,3304,0
2754,34799156705018,34799160731072,19983531,sB-eth3,up,34799160533320,netem,26439484,19286,0,0,0,0,0,25417882,3811,0,25417102,3795,0
2755,34799176713969,34799179224697,20008951,sA-eth3,up,34799178983284,netem,22610718,16559,0,0,0,0,0,21523020,3216,0,21735936,3304,0
2755,34799176713969,34799181377660,20008951,sB-eth3,up,34799181163728,netem,26439484,19286,0,0,0,0,0,25417882,3811,0,25417102,3795,0
2756,34799196712750,34799198990045,19998781,sA-eth3,up,34799198771542,netem,22610718,16559,0,0,0,0,0,21523020,3216,0,21735936,3304,0
2756,34799196712750,34799201068107,19998781,sB-eth3,up,34799200835116,netem,26439484,19286,0,0,0,0,0,25417882,3811,0,25417102,3795,0
2757,34799216721421,34799219262119,20008671,sA-eth3,up,34799219024316,netem,22610718,16559,0,0,0,0,0,21523020,3216,0,21735936,3304,0
2757,34799216721421,34799221403432,20008671,sB-eth3,up,34799221210390,netem,26439484,19286,0,0,0,0,0,25417882,3811,0,25417102,3795,0
2758,34799236704892,34799238636873,19983471,sA-eth3,up,34799238457331,netem,22610718,16559,0,0,0,0,0,21523020,3216,0,21735936,3304,0
2758,34799236704892,34799240969059,19983471,sB-eth3,up,34799240797267,netem,26439484,19286,0,0,0,0,0,25417882,3811,0,25417102,3795,0
2759,34799256704762,34799258792125,19999870,sA-eth3,up,34799258580323,netem,22610718,16559,0,0,0,0,0,21523020,3216,0,21735936,3304,0
2759,34799256704762,34799260795727,19999870,sB-eth3,up,34799260617346,netem,26439484,19286,0,0,0,0,0,25417882,3811,0,25417102,3795,0
2760,34799276704194,34799278700685,19999432,sA-eth3,up,34799278509013,netem,22610718,16559,0,0,0,0,0,21523020,3216,0,21735936,3304,0
2760,34799276704194,34799280726657,19999432,sB-eth3,up,34799280556266,netem,26439484,19286,0,0,0,0,0,25417882,3811,0,25417102,3795,0
2761,34799296714635,34799298685256,20010441,sA-eth3,up,34799298495744,netem,22610718,16559,0,0,0,0,0,21523020,3216,0,21735936,3304,0
2761,34799296714635,34799300725889,20010441,sB-eth3,up,34799300546466,netem,26439484,19286,0,0,0,0,0,25417882,3811,0,25417102,3795,0
2762,34799316712005,34799318688627,19997370,sA-eth3,up,34799318506595,netem,22610718,16559,0,0,0,0,0,21523020,3216,0,21735936,3304,0
2762,34799316712005,34799320731259,19997370,sB-eth3,up,34799320554797,netem,26439484,19286,0,0,0,0,0,25417882,3811,0,25417102,3795,0
2763,34799336707197,34799338682247,19995192,sA-eth3,up,34799338496676,netem,22610718,16559,0,0,0,0,0,21523020,3216,0,21735936,3304,0
2763,34799336707197,34799341364137,19995192,sB-eth3,up,34799341181775,netem,26439484,19286,0,0,0,0,0,25417882,3811,0,25417102,3795,0
2764,34799356704317,34799359052632,19997120,sA-eth3,up,34799358837260,netem,22610718,16559,0,0,0,0,0,21523020,3216,0,21735936,3304,0
2764,34799356704317,34799361133885,19997120,sB-eth3,up,34799360952184,netem,26439484,19286,0,0,0,0,0,25417882,3811,0,25417102,3795,0
2765,34799376708657,34799379031813,20004340,sA-eth3,up,34799378814121,netem,22610718,16559,0,0,0,0,0,21523020,3216,0,21735936,3304,0
2765,34799376708657,34799381370930,20004340,sB-eth3,up,34799381189797,netem,26439484,19286,0,0,0,0,0,25417882,3811,0,25417102,3795,0
2766,34799396709999,34799398967434,20001342,sA-eth3,up,34799398784711,netem,22610718,16559,0,0,0,0,0,21523020,3216,0,21735936,3304,0
2766,34799396709999,34799401138687,20001342,sB-eth3,up,34799400915085,netem,26439484,19286,0,0,0,0,0,25417882,3811,0,25417102,3795,0
2767,34799416706730,34799418958394,19996731,sA-eth3,up,34799418777712,netem,22610718,16559,0,0,0,0,0,21523020,3216,0,21735936,3304,0
2767,34799416706730,34799420697704,19996731,sB-eth3,up,34799420529631,netem,26439484,19286,0,0,0,0,0,25417882,3811,0,25417102,3795,0
2768,34799436725130,34799439170817,20018400,sA-eth3,up,34799438948985,netem,22610718,16559,0,0,0,0,0,21523020,3216,0,21735936,3304,0
2768,34799436725130,34799441346932,20018400,sB-eth3,up,34799441147889,netem,26439484,19286,0,0,0,0,0,25417882,3811,0,25417102,3795,0
2769,34799456712772,34799458738174,19987642,sA-eth3,up,34799458552912,netem,22610718,16559,0,0,0,0,0,21523020,3216,0,21735936,3304,0
2769,34799456712772,34799460730226,19987642,sB-eth3,up,34799460554404,netem,26439484,19286,0,0,0,0,0,25417882,3811,0,25417102,3795,0
2770,34799476714742,34799478645424,20001970,sA-eth3,up,34799478470141,netem,22610718,16559,0,0,0,0,0,21523020,3216,0,21735936,3304,0
2770,34799476714742,34799480646216,20001970,sB-eth3,up,34799480483974,netem,26439484,19286,0,0,0,0,0,25417882,3811,0,25417102,3795,0
2771,34799496705363,34799498598354,19990621,sA-eth3,up,34799498429172,netem,22610718,16559,0,0,0,0,0,21523020,3216,0,21735936,3304,0
2771,34799496705363,34799500526256,19990621,sB-eth3,up,34799500364943,netem,26439484,19286,0,0,0,0,0,25417882,3811,0,25417102,3795,0
2772,34799516712944,34799518669306,20007581,sA-eth3,up,34799518485904,netem,22610718,16559,0,0,0,0,0,21523020,3216,0,21735936,3304,0
2772,34799516712944,34799520746759,20007581,sB-eth3,up,34799520546667,netem,26439484,19286,0,0,0,0,0,25417882,3811,0,25417102,3795,0
2773,34799536722565,34799538816097,20009621,sA-eth3,up,34799538620906,netem,22610718,16559,0,0,0,0,0,21523020,3216,0,21735936,3304,0
2773,34799536722565,34799540820810,20009621,sB-eth3,up,34799540648388,netem,26439484,19286,0,0,0,0,0,25417882,3811,0,25417102,3795,0
2774,34799556708625,34799558782999,19986060,sA-eth3,up,34799558594196,netem,22610718,16559,0,0,0,0,0,21523020,3216,0,21735936,3304,0
2774,34799556708625,34799560905902,19986060,sB-eth3,up,34799560714779,netem,26439484,19286,0,0,0,0,0,25417882,3811,0,25417102,3795,0
2775,34799576713497,34799578759429,20004872,sA-eth3,up,34799578573797,netem,22610718,16559,0,0,0,0,0,21523020,3216,0,21735936,3304,0
2775,34799576713497,34799580704731,20004872,sB-eth3,up,34799580537849,netem,26439484,19286,0,0,0,0,0,25417882,3811,0,25417102,3795,0
2776,34799596706327,34799599092244,19992830,sA-eth3,up,34799598881702,netem,22610718,16559,0,0,0,0,0,21523020,3216,0,21735936,3304,0
2776,34799596706327,34799601108865,19992830,sB-eth3,up,34799600900474,netem,26439484,19286,0,0,0,0,0,25417882,3811,0,25417102,3795,0
2777,34799616720188,34799618697510,20013861,sA-eth3,up,34799618508168,netem,22610718,16559,0,0,0,0,0,21523020,3216,0,21735936,3304,0
2777,34799616720188,34799620794984,20013861,sB-eth3,up,34799620623852,netem,26439484,19286,0,0,0,0,0,25417882,3811,0,25417102,3795,0
2778,34799636717510,34799638780842,19997322,sA-eth3,up,34799638586980,netem,22610718,16559,0,0,0,0,0,21523020,3216,0,21735936,3304,0
2778,34799636717510,34799640853895,19997322,sB-eth3,up,34799640673714,netem,26439484,19286,0,0,0,0,0,25417882,3811,0,25417102,3795,0
2779,34799656725360,34799658800163,20007850,sA-eth3,up,34799658611821,netem,22610718,16559,0,0,0,0,0,21523020,3216,0,21735936,3304,0
2779,34799656725360,34799660865606,20007850,sB-eth3,up,34799660680374,netem,26439484,19286,0,0,0,0,0,25417882,3811,0,25417102,3795,0
2780,34799676710311,34799678735873,19984951,sA-eth3,up,34799678548191,netem,22610718,16559,0,0,0,0,0,21523020,3216,0,21735936,3304,0
2780,34799676710311,34799681067169,19984951,sB-eth3,up,34799680869677,netem,26439484,19286,0,0,0,0,0,25417882,3811,0,25417102,3795,0
2781,34799696731202,34799698773235,20020891,sA-eth3,up,34799698571592,netem,22610718,16559,0,0,0,0,0,21523020,3216,0,21735936,3304,0
2781,34799696731202,34799700895468,20020891,sB-eth3,up,34799700701806,netem,26439484,19286,0,0,0,0,0,25417882,3811,0,25417102,3795,0
2782,34799716715273,34799718806105,19984071,sA-eth3,up,34799718613074,netem,22610718,16559,0,0,0,0,0,21523020,3216,0,21735936,3304,0
2782,34799716715273,34799720946269,19984071,sB-eth3,up,34799720775487,netem,26439484,19286,0,0,0,0,0,25417882,3811,0,25417102,3795,0
2783,34799736706643,34799739150310,19991370,sA-eth3,up,34799738945038,netem,22610718,16559,0,0,0,0,0,21523020,3216,0,21735936,3304,0
2783,34799736706643,34799740997702,19991370,sB-eth3,up,34799740813209,netem,26439484,19286,0,0,0,0,0,25417882,3811,0,25417102,3795,0
2784,34799756730005,34799758887479,20023362,sA-eth3,up,34799758689857,netem,22610718,16559,0,0,0,0,0,21523020,3216,0,21735936,3304,0
2784,34799756730005,34799760705179,20023362,sB-eth3,up,34799760538226,netem,26439484,19286,0,0,0,0,0,25417882,3811,0,25417102,3795,0
2785,34799776713555,34799779105292,19983550,sA-eth3,up,34799778898280,netem,22610718,16559,0,0,0,0,0,21523020,3216,0,21735936,3304,0
2785,34799776713555,34799781091704,19983550,sB-eth3,up,34799780867742,netem,26439484,19286,0,0,0,0,0,25417882,3811,0,25417102,3795,0
2786,34799796717477,34799799062772,20003922,sA-eth3,up,34799798839600,netem,22610718,16559,0,0,0,0,0,21523020,3216,0,21735936,3304,0
2786,34799796717477,34799801098005,20003922,sB-eth3,up,34799800901923,netem,26439484,19286,0,0,0,0,0,25417882,3811,0,25417102,3795,0
2787,34799816706567,34799818704249,19989090,sA-eth3,up,34799818527957,netem,22610718,16559,0,0,0,0,0,21523020,3216,0,21735936,3304,0
2787,34799816706567,34799820876943,19989090,sB-eth3,up,34799820707222,netem,26439484,19286,0,0,0,0,0,25417882,3811,0,25417102,3795,0
2788,34799836702888,34799838724370,19996321,sA-eth3,up,34799838549888,netem,22610718,16559,0,0,0,0,0,21523020,3216,0,21735936,3304,0
2788,34799836702888,34799840919935,19996321,sB-eth3,up,34799840732682,netem,26439484,19286,0,0,0,0,0,25417882,3811,0,25417102,3795,0
2789,34799856703439,34799858809472,20000551,sA-eth3,up,34799858616960,netem,22610718,16559,0,0,0,0,0,21523020,3216,0,21735936,3304,0
2789,34799856703439,34799860987016,20000551,sB-eth3,up,34799860756474,netem,26439484,19286,0,0,0,0,0,25417882,3811,0,25417102,3795,0
2790,34799876725910,34799879308598,20022471,sA-eth3,up,34799879065316,netem,22610718,16559,0,0,0,0,0,21523020,3216,0,21735936,3304,0
2790,34799876725910,34799881434472,20022471,sB-eth3,up,34799881209110,netem,26439484,19286,0,0,0,0,0,25417882,3811,0,25417102,3795,0
2791,34799896714701,34799899054087,19988791,sA-eth3,up,34799898813924,netem,22610718,16559,0,0,0,0,0,21523020,3216,0,21735936,3304,0
2791,34799896714701,34799901100030,19988791,sB-eth3,up,34799900870577,netem,26439484,19286,0,0,0,0,0,25417882,3811,0,25417102,3795,0
2792,34799916715172,34799918685633,20000471,sA-eth3,up,34799918465351,netem,22610718,16559,0,0,0,0,0,21523020,3216,0,21735936,3304,0
2792,34799916715172,34799920673705,20000471,sB-eth3,up,34799920472943,netem,26439484,19286,0,0,0,0,0,25417882,3811,0,25417102,3795,0
2793,34799936708472,34799938726045,19993300,sA-eth3,up,34799938510622,netem,22610718,16559,0,0,0,0,0,21523020,3216,0,21735936,3304,0
2793,34799936708472,34799940665896,19993300,sB-eth3,up,34799940463554,netem,26439484,19286,0,0,0,0,0,25417882,3811,0,25417102,3795,0
2794,34799956723793,34799959121170,20015321,sA-eth3,up,34799958880887,netem,22610718,16559,0,0,0,0,0,21523020,3216,0,21735936,3304,0
2794,34799956723793,34799961075312,20015321,sB-eth3,up,34799960858429,netem,26439484,19286,0,0,0,0,0,25417882,3811,0,25417102,3795,0
2795,34799976711454,34799979037110,19987661,sA-eth3,up,34799978806848,netem,22610718,16559,0,0,0,0,0,21523020,3216,0,21735936,3304,0
2795,34799976711454,34799981068802,19987661,sB-eth3,up,34799980840990,netem,26439484,19286,0,0,0,0,0,25417882,3811,0,25417102,3795,0
2796,34799996714875,34799999097452,20003421,sA-eth3,up,34799998850869,netem,22610718,16559,0,0,0,0,0,21523020,3216,0,21735936,3304,0
2796,34799996714875,34800001244865,20003421,sB-eth3,up,34800001020762,netem,26439484,19286,0,0,0,0,0,25417882,3811,0,25417102,3795,0
2797,34800016714156,34800018970421,19999281,sA-eth3,up,34800018737568,netem,22610718,16559,0,0,0,0,0,21523020,3216,0,21735936,3304,0
2797,34800016714156,34800021943303,19999281,sB-eth3,up,34800021693111,netem,26439484,19286,0,0,0,0,0,25417882,3811,0,25417102,3795,0
2798,34800036730687,34800039309076,20016531,sA-eth3,up,34800039074003,netem,22610718,16559,0,0,0,0,0,21523020,3216,0,21735936,3304,0
2798,34800036730687,34800041429008,20016531,sB-eth3,up,34800041199496,netem,26439484,19286,0,0,0,0,0,25417882,3811,0,25417102,3795,0
2799,34800056729388,34800059444588,19998701,sA-eth3,up,34800059195825,netem,22610718,16559,0,0,0,0,0,21523020,3216,0,21735936,3304,0
2799,34800056729388,34800061828994,19998701,sB-eth3,up,34800061649123,netem,26439484,19286,0,0,0,0,0,25417882,3811,0,25417102,3795,0
2800,34800076705678,34800078831042,19976290,sA-eth3,up,34800078656620,netem,22610718,16559,0,0,0,0,0,21523020,3216,0,21735936,3304,0
2800,34800076705678,34800081146517,19976290,sB-eth3,up,34800080958565,netem,26439484,19286,0,0,0,0,0,25417882,3811,0,25417102,3795,0
2801,34800096725140,34800099065065,20019462,sA-eth3,up,34800098857423,netem,22610718,16559,0,0,0,0,0,21523020,3216,0,21735936,3304,0
2801,34800096725140,34800101290160,20019462,sB-eth3,up,34800101112808,netem,26439484,19286,0,0,0,0,0,25417882,3811,0,25417102,3795,0
2802,34800116713540,34800119093927,19988400,sA-eth3,up,34800118862835,netem,22610718,16559,0,0,0,0,0,21523020,3216,0,21735936,3304,0
2802,34800116713540,34800121154800,19988400,sB-eth3,up,34800120947377,netem,26439484,19286,0,0,0,0,0,25417882,3811,0,25417102,3795,0
2803,34800136713721,34800138688273,20000181,sA-eth3,up,34800138503631,netem,22610718,16559,0,0,0,0,0,21523020,3216,0,21735936,3304,0
2803,34800136713721,34800140786546,20000181,sB-eth3,up,34800140616715,netem,26439484,19286,0,0,0,0,0,25417882,3811,0,25417102,3795,0
2804,34800156721222,34800158779975,20007501,sA-eth3,up,34800158599342,netem,22610718,16559,0,0,0,0,0,21523020,3216,0,21735936,3304,0
2804,34800156721222,34800160810067,20007501,sB-eth3,up,34800160643865,netem,26439484,19286,0,0,0,0,0,25417882,3811,0,25417102,3795,0
2805,34800176716743,34800178708315,19995521,sA-eth3,up,34800178519733,netem,22610718,16559,0,0,0,0,0,21523020,3216,0,21735936,3304,0
2805,34800176716743,34800180628877,19995521,sB-eth3,up,34800180452014,netem,26439484,19286,0,0,0,0,0,25417882,3811,0,25417102,3795,0
2806,34800196718044,34800198728826,20001301,sA-eth3,up,34800198539974,netem,22610718,16559,0,0,0,0,0,21523020,3216,0,21735936,3304,0
2806,34800196718044,34800200637757,20001301,sB-eth3,up,34800200459925,netem,26439484,19286,0,0,0,0,0,25417882,3811,0,25417102,3795,0
2807,34800216728145,34800218688127,20010101,sA-eth3,up,34800218488345,netem,22610718,16559,0,0,0,0,0,21523020,3216,0,21735936,3304,0
2807,34800216728145,34800220812860,20010101,sB-eth3,up,34800220630088,netem,26439484,19286,0,0,0,0,0,25417882,3811,0,25417102,3795,0
2808,34800236717616,34800238758358,19989471,sA-eth3,up,34800238564917,netem,22610718,16559,0,0,0,0,0,21523020,3216,0,21735936,3304,0
2808,34800236717616,34800240671449,19989471,sB-eth3,up,34800240490197,netem,26439484,19286,0,0,0,0,0,25417882,3811,0,25417102,3795,0
2809,34800256723967,34800258782840,20006351,sA-eth3,up,34800258590087,netem,22610718,16559,0,0,0,0,0,21523020,3216,0,21735936,3304,0
2809,34800256723967,34800260889133,20006351,sB-eth3,up,34800260696810,netem,26439484,19286,0,0,0,0,0,25417882,3811,0,25417102,3795,0
2810,34800276710047,34800278697320,19986080,sA-eth3,up,34800278520257,netem,22610718,16559,0,0,0,0,0,21523020,3216,0,21735936,3304,0
2810,34800276710047,34800280724302,19986080,sB-eth3,up,34800280522839,netem,26439484,19286,0,0,0,0,0,25417882,3811,0,25417102,3795,0
2811,34800296714138,34800299197876,20004091,sA-eth3,up,34800298985373,netem,22610718,16559,0,0,0,0,0,21523020,3216,0,21735936,3304,0
2811,34800296714138,34800301381140,20004091,sB-eth3,up,34800301200198,netem,26439484,19286,0,0,0,0,0,25417882,3811,0,25417102,3795,0
2812,34800316707870,34800319026815,19993732,sA-eth3,up,34800318834203,netem,22610718,16559,0,0,0,0,0,21523020,3216,0,21735936,3304,0
2812,34800316707870,34800320831085,19993732,sB-eth3,up,34800320661972,netem,26439484,19286,0,0,0,0,0,25417882,3811,0,25417102,3795,0
2813,34800336710920,34800338758762,20003050,sA-eth3,up,34800338576530,netem,22610718,16559,0,0,0,0,0,21523020,3216,0,21735936,3304,0
2813,34800336710920,34800340808715,20003050,sB-eth3,up,34800340639213,netem,26439484,19286,0,0,0,0,0,25417882,3811,0,25417102,3795,0
2814,34800356719770,34800358587292,20008850,sA-eth3,up,34800358406029,netem,22610718,16559,0,0,0,0,0,21523020,3216,0,21735936,3304,0
2814,34800356719770,34800360883037,20008850,sB-eth3,up,34800360719225,netem,26439484,19286,0,0,0,0,0,25417882,3811,0,25417102,3795,0
2815,34800376725662,34800379055888,20005892,sA-eth3,up,34800378852455,netem,22610718,16559,0,0,0,0,0,21523020,3216,0,21735936,3304,0
2815,34800376725662,34800381345323,20005892,sB-eth3,up,34800381081600,netem,26439484,19286,0,0,0,0,0,25417882,3811,0,25417102,3795,0
2816,34800396718703,34800399239891,19993041,sA-eth3,up,34800399030818,netem,22610718,16559,0,0,0,0,0,21523020,3216,0,21735936,3304,0
2816,34800396718703,34800401356533,19993041,sB-eth3,up,34800401123802,netem,26439484,19286,0,0,0,0,0,25417882,3811,0,25417102,3795,0
2817,34800416703563,34800418658455,19984860,sA-eth3,up,34800418483213,netem,22610718,16559,0,0,0,0,0,21523020,3216,0,21735936,3304,0
2817,34800416703563,34800420848220,19984860,sB-eth3,up,34800420686117,netem,26439484,19286,0,0,0,0,0,25417882,3811,0,25417102,3795,0
2818,34800436705985,34800438586895,20002422,sA-eth3,up,34800438413394,netem,22610718,16559,0,0,0,0,0,21523020,3216,0,21735936,3304,0
2818,34800436705985,34800440730499,20002422,sB-eth3,up,34800440574097,netem,26439484,19286,0,0,0,0,0,25417882,3811,0,25417102,3795,0
2819,34800456704545,34800458576546,19998560,sA-eth3,up,34800458415414,netem,22610718,16559,0,0,0,0,0,21523020,3216,0,21735936,3304,0
2819,34800456704545,34800460817280,19998560,sB-eth3,up,34800460663629,netem,26439484,19286,0,0,0,0,0,25417882,3811,0,25417102,3795,0
2820,34800476710877,34800478601857,20006332,sA-eth3,up,34800478437225,netem,22610718,16559,0,0,0,0,0,21523020,3216,0,21735936,3304,0
2820,34800476710877,34800480872862,20006332,sB-eth3,up,34800480719910,netem,26439484,19286,0,0,0,0,0,25417882,3811,0,25417102,3795,0
2821,34800496704657,34800498520447,19993780,sA-eth3,up,34800498360315,netem,22610718,16559,0,0,0,0,0,21523020,3216,0,21735936,3304,0
2821,34800496704657,34800500764292,19993780,sB-eth3,up,34800500590350,netem,26439484,19286,0,0,0,0,0,25417882,3811,0,25417102,3795,0
2822,34800516702438,34800518899992,19997781,sA-eth3,up,34800518726630,netem,22610718,16559,0,0,0,0,0,21523020,3216,0,21735936,3304,0
2822,34800516702438,34800520940265,19997781,sB-eth3,up,34800520784713,netem,26439484,19286,0,0,0,0,0,25417882,3811,0,25417102,3795,0
2823,34800536704458,34800538791632,20002020,sA-eth3,up,34800538546430,netem,22610718,16559,0,0,0,0,0,21523020,3216,0,21735936,3304,0
2823,34800536704458,34800541161338,20002020,sB-eth3,up,34800540975256,netem,26439484,19286,0,0,0,0,0,25417882,3811,0,25417102,3795,0
2824,34800556710770,34800559059416,20006312,sA-eth3,up,34800558863733,netem,22610718,16559,0,0,0,0,0,21523020,3216,0,21735936,3304,0
2824,34800556710770,34800561075168,20006312,sB-eth3,up,34800560900416,netem,26439484,19286,0,0,0,0,0,25417882,3811,0,25417102,3795,0
2825,34800576709301,34800578881125,19998531,sA-eth3,up,34800578711302,netem,22610718,16559,0,0,0,0,0,21523020,3216,0,21735936,3304,0
2825,34800576709301,34800581607004,19998531,sB-eth3,up,34800581435733,netem,26439484,19286,0,0,0,0,0,25417882,3811,0,25417102,3795,0
2826,34800596707121,34800599022286,19997820,sA-eth3,up,34800598826375,netem,22610718,16559,0,0,0,0,0,21523020,3216,0,21735936,3304,0
2826,34800596707121,34800601075030,19997820,sB-eth3,up,34800600897078,netem,26439484,19286,0,0,0,0,0,25417882,3811,0,25417102,3795,0
2827,34800616708013,34800619000838,20000892,sA-eth3,up,34800618832636,netem,22610718,16559,0,0,0,0,0,21523020,3216,0,21735936,3304,0
2827,34800616708013,34800621092570,20000892,sB-eth3,up,34800620915798,netem,26439484,19286,0,0,0,0,0,25417882,3811,0,25417102,3795,0
2828,34800636708183,34800638651825,20000170,sA-eth3,up,34800638480333,netem,22610718,16559,0,0,0,0,0,21523020,3216,0,21735936,3304,0
2828,34800636708183,34800640841448,20000170,sB-eth3,up,34800640683237,netem,26439484,19286,0,0,0,0,0,25417882,3811,0,25417102,3795,0
2829,34800656704374,34800658962529,19996191,sA-eth3,up,34800658792537,netem,22610718,16559,0,0,0,0,0,21523020,3216,0,21735936,3304,0
2829,34800656704374,34800661049292,19996191,sB-eth3,up,34800660868180,netem,26439484,19286,0,0,0,0,0,25417882,3811,0,25417102,3795,0
2830,34800676729865,34800678895109,20025491,sA-eth3,up,34800678628986,netem,22610718,16559,0,0,0,0,0,21523020,3216,0,21735936,3304,0
2830,34800676729865,34800681416106,20025491,sB-eth3,up,34800681218665,netem,26439484,19286,0,0,0,0,0,25417882,3811,0,25417102,3795,0
2831,34800696706596,34800698646417,19976731,sA-eth3,up,34800698470075,netem,22610718,16559,0,0,0,0,0,21523020,3216,0,21735936,3304,0
2831,34800696706596,34800700560318,19976731,sB-eth3,up,34800700399267,netem,26439484,19286,0,0,0,0,0,25417882,3811,0,25417102,3795,0
2832,34800716717626,34800718562717,20011030,sA-eth3,up,34800718388225,netem,22610718,16559,0,0,0,0,0,21523020,3216,0,21735936,3304,0
2832,34800716717626,34800720452218,20011030,sB-eth3,up,34800720294607,netem,26439484,19286,0,0,0,0,0,25417882,3811,0,25417102,3795,0
2833,34800736713118,34800738627738,19995492,sA-eth3,up,34800738447287,netem,22610718,16559,0,0,0,0,0,21523020,3216,0,21735936,3304,0
2833,34800736713118,34800740516070,19995492,sB-eth3,up,34800740355287,netem,26439484,19286,0,0,0,0,0,25417882,3811,0,25417102,3795,0
2834,34800756707928,34800758536878,19994810,sA-eth3,up,34800758352547,netem,22610718,16559,0,0,0,0,0,21523020,3216,0,21735936,3304,0
2834,34800756707928,34800760559140,19994810,sB-eth3,up,34800760398249,netem,26439484,19286,0,0,0,0,0,25417882,3811,0,25417102,3795,0
2835,34800776709979,34800778928364,20002051,sA-eth3,up,34800778755052,netem,22610718,16559,0,0,0,0,0,21523020,3216,0,21735936,3304,0
2835,34800776709979,34800780716293,20002051,sB-eth3,up,34800780557422,netem,26439484,19286,0,0,0,0,0,25417882,3811,0,25417102,3795,0
2836,34800796709530,34800799234448,19999551,sA-eth3,up,34800799050856,netem,22610718,16559,0,0,0,0,0,21523020,3216,0,21735936,3304,0
2836,34800796709530,34800801175790,19999551,sB-eth3,up,34800800993108,netem,26439484,19286,0,0,0,0,0,25417882,3811,0,25417102,3795,0
2837,34800816713151,34800819155988,20003621,sA-eth3,up,34800818953456,netem,22610718,16559,0,0,0,0,0,21523020,3216,0,21735936,3304,0
2837,34800816713151,34800821210951,20003621,sB-eth3,up,34800821047589,netem,26439484,19286,0,0,0,0,0,25417882,3811,0,25417102,3795,0
2838,34800836704011,34800838942706,19990860,sA-eth3,up,34800838770085,netem,22610718,16559,0,0,0,0,0,21523020,3216,0,21735936,3304,0
2838,34800836704011,34800840938908,19990860,sB-eth3,up,34800840778437,netem,26439484,19286,0,0,0,0,0,25417882,3811,0,25417102,3795,0
2839,34800856707413,34800858728225,20003402,sA-eth3,up,34800858556583,netem,22610718,16559,0,0,0,0,0,21523020,3216,0,21735936,3304,0
2839,34800856707413,34800860974110,20003402,sB-eth3,up,34800860811898,netem,26439484,19286,0,0,0,0,0,25417882,3811,0,25417102,3795,0
2840,34800876725524,34800879025929,20018111,sA-eth3,up,34800878827157,netem,22610718,16559,0,0,0,0,0,21523020,3216,0,21735936,3304,0
2840,34800876725524,34800881090022,20018111,sB-eth3,up,34800880902660,netem,26439484,19286,0,0,0,0,0,25417882,3811,0,25417102,3795,0
2841,34800896712314,34800898977670,19986790,sA-eth3,up,34800898799988,netem,22610718,16559,0,0,0,0,0,21523020,3216,0,21735936,3304,0
2841,34800896712314,34800900940431,19986790,sB-eth3,up,34800900779990,netem,26439484,19286,0,0,0,0,0,25417882,3811,0,25417102,3795,0
2842,34800916703195,34800918829959,19990881,sA-eth3,up,34800918662177,netem,22610718,16559,0,0,0,0,0,21523020,3216,0,21735936,3304,0
2842,34800916703195,34800921158644,19990881,sB-eth3,up,34800920949133,netem,26439484,19286,0,0,0,0,0,25417882,3811,0,25417102,3795,0
2843,34800936701726,34800938942761,19998531,sA-eth3,up,34800938762509,netem,22610718,16559,0,0,0,0,0,21523020,3216,0,21735936,3304,0
2843,34800936701726,34800940831633,19998531,sB-eth3,up,34800940674470,netem,26439484,19286,0,0,0,0,0,25417882,3811,0,25417102,3795,0
2844,34800956702867,34800958566308,20001141,sA-eth3,up,34800958396255,netem,22610718,16559,0,0,0,0,0,21523020,3216,0,21735936,3304,0
2844,34800956702867,34800961192326,20001141,sB-eth3,up,34800961035235,netem,26439484,19286,0,0,0,0,0,25417882,3811,0,25417102,3795,0
2845,34800976711278,34800978612209,20008411,sA-eth3,up,34800978443618,netem,22610718,16559,0,0,0,0,0,21523020,3216,0,21735936,3304,0
2845,34800976711278,34800980935745,20008411,sB-eth3,up,34800980776563,netem,26439484,19286,0,0,0,0,0,25417882,3811,0,25417102,3795,0
2846,34800996701419,34800998540289,19990141,sA-eth3,up,34800998375967,netem,22610718,16559,0,0,0,0,0,21523020,3216,0,21735936,3304,0
2846,34800996701419,34801000811665,19990141,sB-eth3,up,34801000656522,netem,26439484,19286,0,0,0,0,0,25417882,3811,0,25417102,3795,0
2847,34801016702530,34801018965895,20001111,sA-eth3,up,34801018799723,netem,22610718,16559,0,0,0,0,0,21523020,3216,0,21735936,3304,0
2847,34801016702530,34801021028818,20001111,sB-eth3,up,34801020860656,netem,26439484,19286,0,0,0,0,0,25417882,3811,0,25417102,3795,0
2848,34801036700831,34801039204769,19998301,sA-eth3,up,34801039035106,netem,22610718,16559,0,0,0,0,0,21523020,3216,0,21735936,3304,0
2848,34801036700831,34801041282701,19998301,sB-eth3,up,34801041117069,netem,26439484,19286,0,0,0,0,0,25417882,3811,0,25417102,3795,0
2849,34801056709131,34801058989867,20008300,sA-eth3,up,34801058820595,netem,22610718,16559,0,0,0,0,0,21523020,3216,0,21735936,3304,0
2849,34801056709131,34801061059729,20008300,sB-eth3,up,34801060886098,netem,26439484,19286,0,0,0,0,0,25417882,3811,0,25417102,3795,0
2850,34801076703833,34801078931377,19994702,sA-eth3,up,34801078767406,netem,22610718,16559,0,0,0,0,0,21523020,3216,0,21735936,3304,0
2850,34801076703833,34801081221842,19994702,sB-eth3,up,34801081063641,netem,26439484,19286,0,0,0,0,0,25417882,3811,0,25417102,3795,0
2851,34801096702103,34801098487203,19998270,sA-eth3,up,34801098319851,netem,22610718,16559,0,0,0,0,0,21523020,3216,0,21735936,3304,0
2851,34801096702103,34801100749968,19998270,sB-eth3,up,34801100593936,netem,26439484,19286,0,0,0,0,0,25417882,3811,0,25417102,3795,0
2852,34801116703534,34801118513943,20001431,sA-eth3,up,34801118347273,netem,22610718,16559,0,0,0,0,0,21523020,3216,0,21735936,3304,0
2852,34801116703534,34801120709488,20001431,sB-eth3,up,34801120554027,netem,26439484,19286,0,0,0,0,0,25417882,3811,0,25417102,3795,0
2853,34801136705676,34801138582365,20002142,sA-eth3,up,34801138413454,netem,22610718,16559,0,0,0,0,0,21523020,3216,0,21735936,3304,0
2853,34801136705676,34801140592808,20002142,sB-eth3,up,34801140407076,netem,26439484,19286,0,0,0,0,0,25417882,3811,0,25417102,3795,0
2854,34801156720816,34801158682418,20015140,sA-eth3,up,34801158496616,netem,22610718,16559,0,0,0,0,0,21523020,3216,0,21735936,3304,0
2854,34801156720816,34801160630650,20015140,sB-eth3,up,34801160467228,netem,26439484,19286,0,0,0,0,0,25417882,3811,0,25417102,3795,0
2855,34801176701146,34801178491276,19980330,sA-eth3,up,34801178325415,netem,22610718,16559,0,0,0,0,0,21523020,3216,0,21735936,3304,0
2855,34801176701146,34801180389768,19980330,sB-eth3,up,34801180220945,netem,26439484,19286,0,0,0,0,0,25417882,3811,0,25417102,3795,0
2856,34801196708178,34801198519118,20007032,sA-eth3,up,34801198353286,netem,22610718,16559,0,0,0,0,0,21523020,3216,0,21735936,3304,0
2856,34801196708178,34801200346878,20007032,sB-eth3,up,34801200181106,netem,26439484,19286,0,0,0,0,0,25417882,3811,0,25417102,3795,0
2857,34801216707068,34801218563309,19998890,sA-eth3,up,34801218392997,netem,22610718,16559,0,0,0,0,0,21523020,3216,0,21735936,3304,0
2857,34801216707068,34801220473420,19998890,sB-eth3,up,34801220284428,netem,26439484,19286,0,0,0,0,0,25417882,3811,0,25417102,3795,0
2858,34801236711259,34801238628201,20004191,sA-eth3,up,34801238461378,netem,22610718,16559,0,0,0,0,0,21523020,3216,0,21735936,3304,0
2858,34801236711259,34801240486821,20004191,sB-eth3,up,34801240333360,netem,26439484,19286,0,0,0,0,0,25417882,3811,0,25417102,3795,0
2859,34801256698701,34801258533991,19987442,sA-eth3,up,34801258366158,netem,22610718,16559,0,0,0,0,0,21523020,3216,0,21735936,3304,0
2859,34801256698701,34801260397351,19987442,sB-eth3,up,34801260230460,netem,26439484,19286,0,0,0,0,0,25417882,3811,0,25417102,3795,0
2860,34801276700451,34801278511151,20001750,sA-eth3,up,34801278346520,netem,22610718,16559,0,0,0,0,0,21523020,3216,0,21735936,3304,0
2860,34801276700451,34801280325671,20001750,sB-eth3,up,34801280156400,netem,26439484,19286,0,0,0,0,0,25417882,3811,0,25417102,3795,0
2861,34801296706792,34801298597623,20006341,sA-eth3,up,34801298428231,netem,22610718,16559,0,0,0,0,0,21523020,3216,0,21735936,3304,0
2861,34801296706792,34801301419514,20006341,sB-eth3,up,34801301246882,netem,26439484,19286,0,0,0,0,0,25417882,3811,0,25417102,3795,0
2862,34801316739603,34801318799436,20032811,sA-eth3,up,34801318580993,netem,22610718,16559,0,0,0,0,0,21523020,3216,0,21735936,3304,0
2862,34801316739603,34801320847018,20032811,sB-eth3,up,34801320680357,netem,26439484,19286,0,0,0,0,0,25417882,3811,0,25417102,3795,0
2863,34801336706644,34801338553274,19967041,sA-eth3,up,34801338379673,netem,22610718,16559,0,0,0,0,0,21523020,3216,0,21735936,3304,0
2863,34801336706644,34801340206902,19967041,sB-eth3,up,34801340044721,netem,26439484,19286,0,0,0,0,0,25417882,3811,0,25417102,3795,0
2864,34801356702604,34801358467614,19995960,sA-eth3,up,34801358301203,netem,22610718,16559,0,0,0,0,0,21523020,3216,0,21735936,3304,0
2864,34801356702604,34801360658858,19995960,sB-eth3,up,34801360504087,netem,26439484,19286,0,0,0,0,0,25417882,3811,0,25417102,3795,0
2865,34801376707016,34801378701638,20004412,sA-eth3,up,34801378533156,netem,22610718,16559,0,0,0,0,0,21523020,3216,0,21735936,3304,0
2865,34801376707016,34801380504698,20004412,sB-eth3,up,34801380350026,netem,26439484,19286,0,0,0,0,0,25417882,3811,0,25417102,3795,0
2866,34801396715616,34801398733979,20008600,sA-eth3,up,34801398562397,netem,22610718,16559,0,0,0,0,0,21523020,3216,0,21735936,3304,0
2866,34801396715616,34801400579880,20008600,sB-eth3,up,34801400407668,netem,26439484,19286,0,0,0,0,0,25417882,3811,0,25417102,3795,0
2867,34801416708277,34801418672959,19992661,sA-eth3,up,34801418505408,netem,22610718,16559,0,0,0,0,0,21523020,3216,0,21735936,3304,0
2867,34801416708277,34801420482740,19992661,sB-eth3,up,34801420316187,netem,26439484,19286,0,0,0,0,0,25417882,3811,0,25417102,3795,0
2868,34801436704599,34801438697950,19996322,sA-eth3,up,34801438529148,netem,22610718,16559,0,0,0,0,0,21523020,3216,0,21735936,3304,0
2868,34801436704599,34801440473330,19996322,sB-eth3,up,34801440319208,netem,26439484,19286,0,0,0,0,0,25417882,3811,0,25417102,3795,0
2869,34801456712359,34801458785883,20007760,sA-eth3,up,34801458614471,netem,22610718,16559,0,0,0,0,0,21523020,3216,0,21735936,3304,0
2869,34801456712359,34801460584223,20007760,sB-eth3,up,34801460423310,netem,26439484,19286,0,0,0,0,0,25417882,3811,0,25417102,3795,0
2870,34801476706530,34801478628111,19994171,sA-eth3,up,34801478456680,netem,22610718,16559,0,0,0,0,0,21523020,3216,0,21735936,3304,0
2870,34801476706530,34801480440831,19994171,sB-eth3,up,34801480285440,netem,26439484,19286,0,0,0,0,0,25417882,3811,0,25417102,3795,0
2871,34801496702911,34801498622693,19996381,sA-eth3,up,34801498452231,netem,22610718,16559,0,0,0,0,0,21523020,3216,0,21735936,3304,0
2871,34801496702911,34801500437392,19996381,sB-eth3,up,34801500269840,netem,26439484,19286,0,0,0,0,0,25417882,3811,0,25417102,3795,0
2872,34801516704012,34801518590633,20001101,sA-eth3,up,34801518420431,netem,22610718,16559,0,0,0,0,0,21523020,3216,0,21735936,3304,0
2872,34801516704012,34801520393302,20001101,sB-eth3,up,34801520216271,netem,26439484,19286,0,0,0,0,0,25417882,3811,0,25417102,3795,0
2873,34801536717313,34801538582284,20013301,sA-eth3,up,34801538380531,netem,22610718,16559,0,0,0,0,0,21523020,3216,0,21735936,3304,0
2873,34801536717313,34801540442344,20013301,sB-eth3,up,34801540282752,netem,26439484,19286,0,0,0,0,0,25417882,3811,0,25417102,3795,0
2874,34801556710823,34801558561644,19993510,sA-eth3,up,34801558391133,netem,22610718,16559,0,0,0,0,0,21523020,3216,0,21735936,3304,0
2874,34801556710823,34801560966401,19993510,sB-eth3,up,34801560806259,netem,26439484,19286,0,0,0,0,0,25417882,3811,0,25417102,3795,0
2875,34801576705324,34801578560465,19994501,sA-eth3,up,34801578394723,netem,22610718,16559,0,0,0,0,0,21523020,3216,0,21735936,3304,0
2875,34801576705324,34801580561247,19994501,sB-eth3,up,34801580403115,netem,26439484,19286,0,0,0,0,0,25417882,3811,0,25417102,3795,0
2876,34801596726666,34801598674268,20021342,sA-eth3,up,34801598449945,netem,22610718,16559,0,0,0,0,0,21523020,3216,0,21735936,3304,0
2876,34801596726666,34801600953703,20021342,sB-eth3,up,34801600737270,netem,26439484,19286,0,0,0,0,0,25417882,3811,0,25417102,3795,0
2877,34801616710446,34801618538996,19983780,sA-eth3,up,34801618367545,netem,22610718,16559,0,0,0,0,0,21523020,3216,0,21735936,3304,0
2877,34801616710446,34801620411677,19983780,sB-eth3,up,34801620235135,netem,26439484,19286,0,0,0,0,0,25417882,3811,0,25417102,3795,0
2878,34801636716137,34801638558988,20005691,sA-eth3,up,34801638390236,netem,22610718,16559,0,0,0,0,0,21523020,3216,0,21735936,3304,0
2878,34801636716137,34801640456098,20005691,sB-eth3,up,34801640299697,netem,26439484,19286,0,0,0,0,0,25417882,3811,0,25417102,3795,0
2879,34801656705288,34801658604179,19989151,sA-eth3,up,34801658433478,netem,22610718,16559,0,0,0,0,0,21523020,3216,0,21735936,3304,0
2879,34801656705288,34801660935146,19989151,sB-eth3,up,34801660775473,netem,26439484,19286,0,0,0,0,0,25417882,3811,0,25417102,3795,0
2880,34801676705099,34801678524629,19999811,sA-eth3,up,34801678351997,netem,22610718,16559,0,0,0,0,0,21523020,3216,0,21735936,3304,0
2880,34801676705099,34801680833044,19999811,sB-eth3,up,34801680676153,netem,26439484,19286,0,0,0,0,0,25417882,3811,0,25417102,3795,0
2881,34801696703860,34801698591831,19998761,sA-eth3,up,34801698348838,netem,22610718,16559,0,0,0,0,0,21523020,3216,0,21735936,3304,0
2881,34801696703860,34801700999687,19998761,sB-eth3,up,34801700839516,netem,26439484,19286,0,0,0,0,0,25417882,3811,0,25417102,3795,0
2882,34801716708711,34801718557521,20004851,sA-eth3,up,34801718392779,netem,22610718,16559,0,0,0,0,0,21523020,3216,0,21735936,3304,0
2882,34801716708711,34801720862716,20004851,sB-eth3,up,34801720695375,netem,26439484,19286,0,0,0,0,0,25417882,3811,0,25417102,3795,0
2883,34801736723592,34801738635093,20014881,sA-eth3,up,34801738453561,netem,22610718,16559,0,0,0,0,0,21523020,3216,0,21735936,3304,0
2883,34801736723592,34801741213291,20014881,sB-eth3,up,34801741048979,netem,26439484,19286,0,0,0,0,0,25417882,3811,0,25417102,3795,0
2884,34801756708552,34801758548503,19984960,sA-eth3,up,34801758357671,netem,22610718,16559,0,0,0,0,0,21523020,3216,0,21735936,3304,0
2884,34801756708552,34801760945419,19984960,sB-eth3,up,34801760781868,netem,26439484,19286,0,0,0,0,0,25417882,3811,0,25417102,3795,0
2885,34801776705013,34801778536623,19996461,sA-eth3,up,34801778364951,netem,22610718,16559,0,0,0,0,0,21523020,3216,0,21735936,3304,0
2885,34801776705013,34801780901159,19996461,sB-eth3,up,34801780739188,netem,26439484,19286,0,0,0,0,0,25417882,3811,0,25417102,3795,0
2886,34801796715434,34801798998630,20010421,sA-eth3,up,34801798825898,netem,22610718,16559,0,0,0,0,0,21523020,3216,0,21735936,3304,0
2886,34801796715434,34801800861320,20010421,sB-eth3,up,34801800699978,netem,26439484,19286,0,0,0,0,0,25417882,3811,0,25417102,3795,0
2887,34801816715916,34801818529816,20000482,sA-eth3,up,34801818360644,netem,22610718,16559,0,0,0,0,0,21523020,3216,0,21735936,3304,0
2887,34801816715916,34801820808731,20000482,sB-eth3,up,34801820645839,netem,26439484,19286,0,0,0,0,0,25417882,3811,0,25417102,3795,0
2888,34801836712666,34801838545076,19996750,sA-eth3,up,34801838375705,netem,22610718,16559,0,0,0,0,0,21523020,3216,0,21735936,3304,0
2888,34801836712666,34801840646810,19996750,sB-eth3,up,34801840485418,netem,26439484,19286,0,0,0,0,0,25417882,3811,0,25417102,3795,0
2889,34801856708648,34801858514328,19995982,sA-eth3,up,34801858341806,netem,22610718,16559,0,0,0,0,0,21523020,3216,0,21735936,3304,0
2889,34801856708648,34801860350348,19995982,sB-eth3,up,34801860178085,netem,26439484,19286,0,0,0,0,0,25417882,3811,0,25417102,3795,0
2890,34801876715788,34801878625819,20007140,sA-eth3,up,34801878410006,netem,22610718,16559,0,0,0,0,0,21523020,3216,0,21735936,3304,0
2890,34801876715788,34801880947504,20007140,sB-eth3,up,34801880778223,netem,26439484,19286,0,0,0,0,0,25417882,3811,0,25417102,3795,0
2891,34801896708539,34801899077055,19992751,sA-eth3,up,34801898873202,netem,22610718,16559,0,0,0,0,0,21523020,3216,0,21735936,3304,0
2891,34801896708539,34801900978056,19992751,sB-eth3,up,34801900813024,netem,26439484,19286,0,0,0,0,0,25417882,3811,0,25417102,3795,0
2892,34801916705530,34801918538250,19996991,sA-eth3,up,34801918347028,netem,22610718,16559,0,0,0,0,0,21523020,3216,0,21735936,3304,0
2892,34801916705530,34801920931346,19996991,sB-eth3,up,34801920768904,netem,26439484,19286,0,0,0,0,0,25417882,3811,0,25417102,3795,0
2893,34801936712421,34801938531581,20006891,sA-eth3,up,34801938356428,netem,22610718,16559,0,0,0,0,0,21523020,3216,0,21735936,3304,0
2893,34801936712421,34801940920557,20006891,sB-eth3,up,34801940764625,netem,26439484,19286,0,0,0,0,0,25417882,3811,0,25417102,3795,0
2894,34801956706692,34801958601702,19994271,sA-eth3,up,34801958434601,netem,22610718,16559,0,0,0,0,0,21523020,3216,0,21735936,3304,0
2894,34801956706692,34801961100169,19994271,sB-eth3,up,34801960915678,netem,26439484,19286,0,0,0,0,0,25417882,3811,0,25417102,3795,0
2895,34801976729502,34801978997467,20022810,sA-eth3,up,34801978741904,netem,22610718,16559,0,0,0,0,0,21523020,3216,0,21735936,3304,0
2895,34801976729502,34801981610247,20022810,sB-eth3,up,34801981360744,netem,26439484,19286,0,0,0,0,0,25417882,3811,0,25417102,3795,0
2896,34801996727704,34801999300142,19998202,sA-eth3,up,34801999024499,netem,22610718,16559,0,0,0,0,0,21523020,3216,0,21735936,3304,0
2896,34801996727704,34802001553087,19998202,sB-eth3,up,34802001297314,netem,26439484,19286,0,0,0,0,0,25417882,3811,0,25417102,3795,0
2897,34802016744494,34802019150361,20016790,sA-eth3,up,34802018878548,netem,22610718,16559,0,0,0,0,0,21523020,3216,0,21735936,3304,0
2897,34802016744494,34802021032122,20016790,sB-eth3,up,34802020809659,netem,26439484,19286,0,0,0,0,0,25417882,3811,0,25417102,3795,0
2898,34802036738106,34802039166632,19993612,sA-eth3,up,34802038941259,netem,22610718,16559,0,0,0,0,0,21523020,3216,0,21735936,3304,0
2898,34802036738106,34802041071723,19993612,sB-eth3,up,34802040880261,netem,26439484,19286,0,0,0,0,0,25417882,3811,0,25417102,3795,0
2899,34802056716496,34802058628107,19978390,sA-eth3,up,34802058443915,netem,22610718,16559,0,0,0,0,0,21523020,3216,0,21735936,3304,0
2899,34802056716496,34802060583599,19978390,sB-eth3,up,34802060421206,netem,26439484,19286,0,0,0,0,0,25417882,3811,0,25417102,3795,0
2900,34802076716747,34802078597717,20000251,sA-eth3,up,34802078414996,netem,22610718,16559,0,0,0,0,0,21523020,3216,0,21735936,3304,0
2900,34802076716747,34802080472828,20000251,sB-eth3,up,34802080312646,netem,26439484,19286,0,0,0,0,0,25417882,3811,0,25417102,3795,0
2901,34802096711867,34802098853891,19995120,sA-eth3,up,34802098675749,netem,22610718,16559,0,0,0,0,0,21523020,3216,0,21735936,3304,0
2901,34802096711867,34802100653491,19995120,sB-eth3,up,34802100490639,netem,26439484,19286,0,0,0,0,0,25417882,3811,0,25417102,3795,0
2902,34802116708339,34802118756321,19996472,sA-eth3,up,34802118561629,netem,22610718,16559,0,0,0,0,0,21523020,3216,0,21735936,3304,0
2902,34802116708339,34802120558561,19996472,sB-eth3,up,34802120398939,netem,26439484,19286,0,0,0,0,0,25417882,3811,0,25417102,3795,0
2903,34802136717840,34802139068845,20009501,sA-eth3,up,34802138870333,netem,22610718,16559,0,0,0,0,0,21523020,3216,0,21735936,3304,0
2903,34802136717840,34802141331650,20009501,sB-eth3,up,34802141143318,netem,26439484,19286,0,0,0,0,0,25417882,3811,0,25417102,3795,0
2904,34802156706010,34802158746202,19988170,sA-eth3,up,34802158520710,netem,22610718,16559,0,0,0,0,0,21523020,3216,0,21735936,3304,0
2904,34802156706010,34802160717674,19988170,sB-eth3,up,34802160561023,netem,26439484,19286,0,0,0,0,0,25417882,3811,0,25417102,3795,0
2905,34802176708581,34802178487431,20002571,sA-eth3,up,34802178320229,netem,22610718,16559,0,0,0,0,0,21523020,3216,0,21735936,3304,0
2905,34802176708581,34802180457593,20002571,sB-eth3,up,34802180300670,netem,26439484,19286,0,0,0,0,0,25417882,3811,0,25417102,3795,0
2906,34802196702192,34802198504821,19993611,sA-eth3,up,34802198327209,netem,22610718,16559,0,0,0,0,0,21523020,3216,0,21735936,3304,0
2906,34802196702192,34802200389613,19993611,sB-eth3,up,34802200211610,netem,26439484,19286,0,0,0,0,0,25417882,3811,0,25417102,3795,0
2907,34802216709163,34802218571883,20006971,sA-eth3,up,34802218389431,netem,22610718,16559,0,0,0,0,0,21523020,3216,0,21735936,3304,0
2907,34802216709163,34802220493764,20006971,sB-eth3,up,34802220334483,netem,26439484,19286,0,0,0,0,0,25417882,3811,0,25417102,3795,0
2908,34802236711924,34802238600814,20002761,sA-eth3,up,34802238421642,netem,22610718,16559,0,0,0,0,0,21523020,3216,0,21735936,3304,0
2908,34802236711924,34802240339554,20002761,sB-eth3,up,34802240170231,netem,26439484,19286,0,0,0,0,0,25417882,3811,0,25417102,3795,0
2909,34802256705144,34802258597046,19993220,sA-eth3,up,34802258416424,netem,22610718,16559,0,0,0,0,0,21523020,3216,0,21735936,3304,0
2909,34802256705144,34802260653558,19993220,sB-eth3,up,34802260489476,netem,26439484,19286,0,0,0,0,0,25417882,3811,0,25417102,3795,0
2910,34802276705105,34802278709437,19999961,sA-eth3,up,34802278443684,netem,22610718,16559,0,0,0,0,0,21523020,3216,0,21735936,3304,0
2910,34802276705105,34802280629138,19999961,sB-eth3,up,34802280455077,netem,26439484,19286,0,0,0,0,0,25417882,3811,0,25417102,3795,0
2911,34802296714556,34802298601957,20009451,sA-eth3,up,34802298419866,netem,22610718,16559,0,0,0,0,0,21523020,3216,0,21735936,3304,0
2911,34802296714556,34802300454698,20009451,sB-eth3,up,34802300290556,netem,26439484,19286,0,0,0,0,0,25417882,3811,0,25417102,3795,0
2912,34802316722647,34802318620089,20008091,sA-eth3,up,34802318439247,netem,22610718,16559,0,0,0,0,0,21523020,3216,0,21735936,3304,0
2912,34802316722647,34802320502929,20008091,sB-eth3,up,34802320341747,netem,26439484,19286,0,0,0,0,0,25417882,3811,0,25417102,3795,0
2913,34802336712448,34802338575079,19989801,sA-eth3,up,34802338407687,netem,22610718,16559,0,0,0,0,0,21523020,3216,0,21735936,3304,0
2913,34802336712448,34802340513621,19989801,sB-eth3,up,34802340353668,netem,26439484,19286,0,0,0,0,0,25417882,3811,0,25417102,3795,0
2914,34802356706899,34802358530619,19994451,sA-eth3,up,34802358360437,netem,22610718,16559,0,0,0,0,0,21523020,3216,0,21735936,3304,0
2914,34802356706899,34802360245238,19994451,sB-eth3,up,34802360087756,netem,26439484,19286,0,0,0,0,0,25417882,3811,0,25417102,3795,0
2915,34802376710140,34802379049215,20003241,sA-eth3,up,34802378864754,netem,22610718,16559,0,0,0,0,0,21523020,3216,0,21735936,3304,0
2915,34802376710140,34802380706294,20003241,sB-eth3,up,34802380551202,netem,26439484,19286,0,0,0,0,0,25417882,3811,0,25417102,3795,0
2916,34802396716530,34802398590201,20006390,sA-eth3,up,34802398416679,netem,22610718,16559,0,0,0,0,0,21523020,3216,0,21735936,3304,0
2916,34802396716530,34802401185190,20006390,sB-eth3,up,34802400993488,netem,26439484,19286,0,0,0,0,0,25417882,3811,0,25417102,3795,0
2917,34802416709982,34802418621132,19993452,sA-eth3,up,34802418442711,netem,22610718,16559,0,0,0,0,0,21523020,3216,0,21735936,3304,0
2917,34802416709982,34802420473263,19993452,sB-eth3,up,34802420315361,netem,26439484,19286,0,0,0,0,0,25417882,3811,0,25417102,3795,0
2918,34802436709592,34802438960747,19999610,sA-eth3,up,34802438786015,netem,22610718,16559,0,0,0,0,0,21523020,3216,0,21735936,3304,0
2918,34802436709592,34802440796497,19999610,sB-eth3,up,34802440636586,netem,26439484,19286,0,0,0,0,0,25417882,3811,0,25417102,3795,0
2919,34802456699122,34802458535654,19989530,sA-eth3,up,34802458374432,netem,22610718,16559,0,0,0,0,0,21523020,3216,0,21735936,3304,0
2919,34802456699122,34802460542766,19989530,sB-eth3,up,34802460382944,netem,26439484,19286,0,0,0,0,0,25417882,3811,0,25417102,3795,0
2920,34802476704364,34802478569535,20005242,sA-eth3,up,34802478402583,netem,22610718,16559,0,0,0,0,0,21523020,3216,0,21735936,3304,0
2920,34802476704364,34802480427646,20005242,sB-eth3,up,34802480260903,netem,26439484,19286,0,0,0,0,0,25417882,3811,0,25417102,3795,0
2921,34802496713225,34802498549666,20008861,sA-eth3,up,34802498387054,netem,22610718,16559,0,0,0,0,0,21523020,3216,0,21735936,3304,0
2921,34802496713225,34802500712689,20008861,sB-eth3,up,34802500556228,netem,26439484,19286,0,0,0,0,0,25417882,3811,0,25417102,3795,0
2922,34802516702826,34802518529556,19989601,sA-eth3,up,34802518353974,netem,22610718,16559,0,0,0,0,0,21523020,3216,0,21735936,3304,0
2922,34802516702826,34802520398877,19989601,sB-eth3,up,34802520230095,netem,26439484,19286,0,0,0,0,0,25417882,3811,0,25417102,3795,0
2923,34802536712937,34802538540717,20010111,sA-eth3,up,34802538370225,netem,22610718,16559,0,0,0,0,0,21523020,3216,0,21735936,3304,0
2923,34802536712937,34802540415368,20010111,sB-eth3,up,34802540240786,netem,26439484,19286,0,0,0,0,0,25417882,3811,0,25417102,3795,0
2924,34802556706227,34802558558638,19993290,sA-eth3,up,34802558383017,netem,22610718,16559,0,0,0,0,0,21523020,3216,0,21735936,3304,0
2924,34802556706227,34802560724422,19993290,sB-eth3,up,34802560566140,netem,26439484,19286,0,0,0,0,0,25417882,3811,0,25417102,3795,0
2925,34802576705349,34802578647629,19999122,sA-eth3,up,34802578480639,netem,22610718,16559,0,0,0,0,0,21523020,3216,0,21735936,3304,0
2925,34802576705349,34802580500861,19999122,sB-eth3,up,34802580348649,netem,26439484,19286,0,0,0,0,0,25417882,3811,0,25417102,3795,0
2926,34802596703869,34802598526749,19998520,sA-eth3,up,34802598361107,netem,22610718,16559,0,0,0,0,0,21523020,3216,0,21735936,3304,0
2926,34802596703869,34802600336399,19998520,sB-eth3,up,34802600169128,netem,26439484,19286,0,0,0,0,0,25417882,3811,0,25417102,3795,0
2927,34802616701530,34802618574271,19997661,sA-eth3,up,34802618407639,netem,22610718,16559,0,0,0,0,0,21523020,3216,0,21735936,3304,0
2927,34802616701530,34802620241159,19997661,sB-eth3,up,34802620088088,netem,26439484,19286,0,0,0,0,0,25417882,3811,0,25417102,3795,0
2928,34802636709991,34802638543242,20008461,sA-eth3,up,34802638380159,netem,22610718,16559,0,0,0,0,0,21523020,3216,0,21735936,3304,0
2928,34802636709991,34802640225790,20008461,sB-eth3,up,34802640060519,netem,26439484,19286,0,0,0,0,0,25417882,3811,0,25417102,3795,0
2929,34802656713372,34802658627004,20003381,sA-eth3,up,34802658451562,netem,22610718,16559,0,0,0,0,0,21523020,3216,0,21735936,3304,0
2929,34802656713372,34802660294841,20003381,sB-eth3,up,34802660130661,netem,26439484,19286,0,0,0,0,0,25417882,3811,0,25417102,3795,0
2930,34802676710883,34802678551464,19997511,sA-eth3,up,34802678385232,netem,22610718,16559,0,0,0,0,0,21523020,3216,0,21735936,3304,0
2930,34802676710883,34802680521034,19997511,sB-eth3,up,34802680365153,netem,26439484,19286,0,0,0,0,0,25417882,3811,0,25417102,3795,0
2931,34802696698924,34802698477014,19988041,sA-eth3,up,34802698313652,netem,22610718,16559,0,0,0,0,0,21523020,3216,0,21735936,3304,0
2931,34802696698924,34802700165462,19988041,sB-eth3,up,34802699994031,netem,26439484,19286,0,0,0,0,0,25417882,3811,0,25417102,3795,0
2932,34802716698775,34802718497145,19999851,sA-eth3,up,34802718334982,netem,22610718,16559,0,0,0,0,0,21523020,3216,0,21735936,3304,0
2932,34802716698775,34802720756119,19999851,sB-eth3,up,34802720604707,netem,26439484,19286,0,0,0,0,0,25417882,3811,0,25417102,3795,0
2933,34802736712106,34802738617947,20013331,sA-eth3,up,34802738450665,netem,22610718,16559,0,0,0,0,0,21523020,3216,0,21735936,3304,0
2933,34802736712106,34802740481497,20013331,sB-eth3,up,34802740322016,netem,26439484,19286,0,0,0,0,0,25417882,3811,0,25417102,3795,0
2934,34802756700467,34802758518407,19988361,sA-eth3,up,34802758344385,netem,22610718,16559,0,0,0,0,0,21523020,3216,0,21735936,3304,0
2934,34802756700467,34802760417737,19988361,sB-eth3,up,34802760230035,netem,26439484,19286,0,0,0,0,0,25417882,3811,0,25417102,3795,0
2935,34802776706828,34802778539937,20006361,sA-eth3,up,34802778366846,netem,22610718,16559,0,0,0,0,0,21523020,3216,0,21735936,3304,0
2935,34802776706828,34802780365807,20006361,sB-eth3,up,34802780186926,netem,26439484,19286,0,0,0,0,0,25417882,3811,0,25417102,3795,0
2936,34802796704668,34802798575949,19997840,sA-eth3,up,34802798403117,netem,22610718,16559,0,0,0,0,0,21523020,3216,0,21735936,3304,0
2936,34802796704668,34802800417249,19997840,sB-eth3,up,34802800250087,netem,26439484,19286,0,0,0,0,0,25417882,3811,0,25417102,3795,0
2937,34802816714230,34802818671870,20009562,sA-eth3,up,34802818491279,netem,22610718,16559,0,0,0,0,0,21523020,3216,0,21735936,3304,0
2937,34802816714230,34802820538322,20009562,sB-eth3,up,34802820378579,netem,26439484,19286,0,0,0,0,0,25417882,3811,0,25417102,3795,0
2938,34802836705640,34802838628131,19991410,sA-eth3,up,34802838460179,netem,22610718,16559,0,0,0,0,0,21523020,3216,0,21735936,3304,0
2938,34802836705640,34802840466881,19991410,sB-eth3,up,34802840303119,netem,26439484,19286,0,0,0,0,0,25417882,3811,0,25417102,3795,0
2939,34802856707490,34802858526031,20001850,sA-eth3,up,34802858356529,netem,22610718,16559,0,0,0,0,0,21523020,3216,0,21735936,3304,0
2939,34802856707490,34802860333171,20001850,sB-eth3,up,34802860160999,netem,26439484,19286,0,0,0,0,0,25417882,3811,0,25417102,3795,0
2940,34802876703512,34802878487412,19996022,sA-eth3,up,34802878318339,netem,22610718,16559,0,0,0,0,0,21523020,3216,0,21735936,3304,0
2940,34802876703512,34802880335822,19996022,sB-eth3,up,34802880165149,netem,26439484,19286,0,0,0,0,0,25417882,3811,0,25417102,3795,0
2941,34802896719773,34802898661314,20016261,sA-eth3,up,34802898470982,netem,22610718,16559,0,0,0,0,0,21523020,3216,0,21735936,3304,0
2941,34802896719773,34802900591535,20016261,sB-eth3,up,34802900426314,netem,26439484,19286,0,0,0,0,0,25417882,3811,0,25417102,3795,0
2942,34802916706003,34802918560084,19986230,sA-eth3,up,34802918391612,netem,22610718,16559,0,0,0,0,0,21523020,3216,0,21735936,3304,0
2942,34802916706003,34802920414744,19986230,sB-eth3,up,34802920242622,netem,26439484,19286,0,0,0,0,0,25417882,3811,0,25417102,3795,0
2943,34802936729335,34802938631565,20023332,sA-eth3,up,34802938443404,netem,22610718,16559,0,0,0,0,0,21523020,3216,0,21735936,3304,0
2943,34802936729335,34802940461346,20023332,sB-eth3,up,34802940294504,netem,26439484,19286,0,0,0,0,0,25417882,3811,0,25417102,3795,0
2944,34802956709065,34802958527185,19979730,sA-eth3,up,34802958343404,netem,22610718,16559,0,0,0,0,0,21523020,3216,0,21735936,3304,0
2944,34802956709065,34802960519257,19979730,sB-eth3,up,34802960324265,netem,26439484,19286,0,0,0,0,0,25417882,3811,0,25417102,3795,0
2945,34802976717356,34802978625417,20008291,sA-eth3,up,34802978437745,netem,22610718,16559,0,0,0,0,0,21523020,3216,0,21735936,3304,0
2945,34802976717356,34802980522639,20008291,sB-eth3,up,34802980352917,netem,26439484,19286,0,0,0,0,0,25417882,3811,0,25417102,3795,0
2946,34802996735277,34802998692189,20017921,sA-eth3,up,34802998491967,netem,22610718,16559,0,0,0,0,0,21523020,3216,0,21735936,3304,0
2946,34802996735277,34803000598000,20017921,sB-eth3,up,34803000424998,netem,26439484,19286,0,0,0,0,0,25417882,3811,0,25417102,3795,0
2947,34803016703718,34803018523598,19968441,sA-eth3,up,34803018334886,netem,22610718,16559,0,0,0,0,0,21523020,3216,0,21735936,3304,0
2947,34803016703718,34803020469149,19968441,sB-eth3,up,34803020302607,netem,26439484,19286,0,0,0,0,0,25417882,3811,0,25417102,3795,0
2948,34803036721859,34803038653070,20018141,sA-eth3,up,34803038472148,netem,22610718,16559,0,0,0,0,0,21523020,3216,0,21735936,3304,0
2948,34803036721859,34803040477560,20018141,sB-eth3,up,34803040317799,netem,26439484,19286,0,0,0,0,0,25417882,3811,0,25417102,3795,0
2949,34803056729260,34803058746012,20007401,sA-eth3,up,34803058489380,netem,22610718,16559,0,0,0,0,0,21523020,3216,0,21735936,3304,0
2949,34803056729260,34803060963037,20007401,sB-eth3,up,34803060795345,netem,26439484,19286,0,0,0,0,0,25417882,3811,0,25417102,3795,0
2950,34803076711520,34803078594031,19982260,sA-eth3,up,34803078402949,netem,22610718,16559,0,0,0,0,0,21523020,3216,0,21735936,3304,0
2950,34803076711520,34803080644424,19982260,sB-eth3,up,34803080484612,netem,26439484,19286,0,0,0,0,0,25417882,3811,0,25417102,3795,0
2951,34803096717411,34803098571352,20005891,sA-eth3,up,34803098396830,netem,22610718,16559,0,0,0,0,0,21523020,3216,0,21735936,3304,0
2951,34803096717411,34803100425702,20005891,sB-eth3,up,34803100244191,netem,26439484,19286,0,0,0,0,0,25417882,3811,0,25417102,3795,0
2952,34803116711233,34803118832296,19993822,sA-eth3,up,34803118657424,netem,22610718,16559,0,0,0,0,0,21523020,3216,0,21735936,3304,0
2952,34803116711233,34803120656947,19993822,sB-eth3,up,34803120500214,netem,26439484,19286,0,0,0,0,0,25417882,3811,0,25417102,3795,0
2953,34803136709743,34803139029278,19998510,sA-eth3,up,34803138830637,netem,22610718,16559,0,0,0,0,0,21523020,3216,0,21735936,3304,0
2953,34803136709743,34803140795838,19998510,sB-eth3,up,34803140638437,netem,26439484,19286,0,0,0,0,0,25417882,3811,0,25417102,3795,0
2954,34803156712665,34803158794587,20002922,sA-eth3,up,34803158618855,netem,22610718,16559,0,0,0,0,0,21523020,3216,0,21735936,3304,0
2954,34803156712665,34803160824019,20002922,sB-eth3,up,34803160664047,netem,26439484,19286,0,0,0,0,0,25417882,3811,0,25417102,3795,0
2955,34803176708785,34803178506255,19996120,sA-eth3,up,34803178342763,netem,22610718,16559,0,0,0,0,0,21523020,3216,0,21735936,3304,0
2955,34803176708785,34803180465497,19996120,sB-eth3,up,34803180306535,netem,26439484,19286,0,0,0,0,0,25417882,3811,0,25417102,3795,0
2956,34803196714126,34803198598917,20005341,sA-eth3,up,34803198419354,netem,22610718,16559,0,0,0,0,0,21523020,3216,0,21735936,3304,0
2956,34803196714126,34803200457407,20005341,sB-eth3,up,34803200292976,netem,26439484,19286,0,0,0,0,0,25417882,3811,0,25417102,3795,0
2957,34803216707317,34803218576897,19993191,sA-eth3,up,34803218403565,netem,22610718,16559,0,0,0,0,0,21523020,3216,0,21735936,3304,0
2957,34803216707317,34803220407277,19993191,sB-eth3,up,34803220237416,netem,26439484,19286,0,0,0,0,0,25417882,3811,0,25417102,3795,0
2958,34803236727208,34803238668119,20019891,sA-eth3,up,34803238487947,netem,22610718,16559,0,0,0,0,0,21523020,3216,0,21735936,3304,0
2958,34803236727208,34803240598020,20019891,sB-eth3,up,34803240432899,netem,26439484,19286,0,0,0,0,0,25417882,3811,0,25417102,3795,0
2959,34803256707658,34803259074375,19980450,sA-eth3,up,34803258872193,netem,22610718,16559,0,0,0,0,0,21523020,3216,0,21735936,3304,0
2959,34803256707658,34803260735703,19980450,sB-eth3,up,34803260576902,netem,26439484,19286,0,0,0,0,0,25417882,3811,0,25417102,3795,0
2960,34803276714370,34803278545310,20006712,sA-eth3,up,34803278368907,netem,22610718,16559,0,0,0,0,0,21523020,3216,0,21735936,3304,0
2960,34803276714370,34803280547292,20006712,sB-eth3,up,34803280381590,netem,26439484,19286,0,0,0,0,0,25417882,3811,0,25417102,3795,0
2961,34803296713000,34803298588821,19998630,sA-eth3,up,34803298419369,netem,22610718,16559,0,0,0,0,0,21523020,3216,0,21735936,3304,0
2961,34803296713000,34803300417652,19998630,sB-eth3,up,34803300245979,netem,26439484,19286,0,0,0,0,0,25417882,3811,0,25417102,3795,0
2962,34803316714141,34803318561802,20001141,sA-eth3,up,34803318390870,netem,22610718,16559,0,0,0,0,0,21523020,3216,0,21735936,3304,0
2962,34803316714141,34803320282291,20001141,sB-eth3,up,34803320114079,netem,26439484,19286,0,0,0,0,0,25417882,3811,0,25417102,3795,0
2963,34803336707362,34803338570102,19993221,sA-eth3,up,34803338396880,netem,22610718,16559,0,0,0,0,0,21523020,3216,0,21735936,3304,0
2963,34803336707362,34803340586575,19993221,sB-eth3,up,34803340431214,netem,26439484,19286,0,0,0,0,0,25417882,3811,0,25417102,3795,0
2964,34803356701463,34803358523743,19994101,sA-eth3,up,34803358357692,netem,22610718,16559,0,0,0,0,0,21523020,3216,0,21735936,3304,0
2964,34803356701463,34803360345724,19994101,sB-eth3,up,34803360177821,netem,26439484,19286,0,0,0,0,0,25417882,3811,0,25417102,3795,0
2965,34803376701343,34803378488994,19999880,sA-eth3,up,34803378322962,netem,22610718,16559,0,0,0,0,0,21523020,3216,0,21735936,3304,0
2965,34803376701343,34803380729868,19999880,sB-eth3,up,34803380576267,netem,26439484,19286,0,0,0,0,0,25417882,3811,0,25417102,3795,0
2966,34803396711925,34803398591755,20010582,sA-eth3,up,34803398411934,netem,22610718,16559,0,0,0,0,0,21523020,3216,0,21735936,3304,0
2966,34803396711925,34803400616347,20010582,sB-eth3,up,34803400458797,netem,26439484,19286,0,0,0,0,0,25417882,3811,0,25417102,3795,0
2967,34803416716605,34803418638967,20004680,sA-eth3,up,34803418451325,netem,22610718,16559,0,0,0,0,0,21523020,3216,0,21735936,3304,0
2967,34803416716605,34803420551698,20004680,sB-eth3,up,34803420395486,netem,26439484,19286,0,0,0,0,0,25417882,3811,0,25417102,3795,0
2968,34803436702716,34803438532997,19986111,sA-eth3,up,34803438362695,netem,22610718,16559,0,0,0,0,0,21523020,3216,0,21735936,3304,0
2968,34803436702716,34803440397687,19986111,sB-eth3,up,34803440221085,netem,26439484,19286,0,0,0,0,0,25417882,3811,0,25417102,3795,0
2969,34803456707138,34803458627648,20004422,sA-eth3,up,34803458431937,netem,22610718,16559,0,0,0,0,0,21523020,3216,0,21735936,3304,0
2969,34803456707138,34803460481969,20004422,sB-eth3,up,34803460319197,netem,26439484,19286,0,0,0,0,0,25417882,3811,0,25417102,3795,0
2970,34803476708538,34803478548169,20001400,sA-eth3,up,34803478374177,netem,22610718,16559,0,0,0,0,0,21523020,3216,0,21735936,3304,0
2970,34803476708538,34803480462520,20001400,sB-eth3,up,34803480302638,netem,26439484,19286,0,0,0,0,0,25417882,3811,0,25417102,3795,0
2971,34803496735800,34803498668561,20027262,sA-eth3,up,34803498479149,netem,22610718,16559,0,0,0,0,0,21523020,3216,0,21735936,3304,0
2971,34803496735800,34803500909386,20027262,sB-eth3,up,34803500737224,netem,26439484,19286,0,0,0,0,0,25417882,3811,0,25417102,3795,0
2972,34803516716390,34803518624371,19980590,sA-eth3,up,34803518437279,netem,22610718,16559,0,0,0,0,0,21523020,3216,0,21735936,3304,0
2972,34803516716390,34803520510512,19980590,sB-eth3,up,34803520331120,netem,26439484,19286,0,0,0,0,0,25417882,3811,0,25417102,3795,0
2973,34803536716170,34803538585802,19999780,sA-eth3,up,34803538394730,netem,22610718,16559,0,0,0,0,0,21523020,3216,0,21735936,3304,0
2973,34803536716170,34803540501092,19999780,sB-eth3,up,34803540322551,netem,26439484,19286,0,0,0,0,0,25417882,3811,0,25417102,3795,0
2974,34803556735622,34803558833415,20019452,sA-eth3,up,34803558596892,netem,22610718,16559,0,0,0,0,0,21523020,3216,0,21735936,3304,0
2974,34803556735622,34803560655615,20019452,sB-eth3,up,34803560440973,netem,26439484,19286,0,0,0,0,0,25417882,3811,0,25417102,3795,0
2975,34803576721363,34803578679025,19985741,sA-eth3,up,34803578472972,netem,22610718,16559,0,0,0,0,0,21523020,3216,0,21735936,3304,0
2975,34803576721363,34803581126191,19985741,sB-eth3,up,34803580928510,netem,26439484,19286,0,0,0,0,0,25417882,3811,0,25417102,3795,0
2976,34803596713553,34803598593445,19992190,sA-eth3,up,34803598410783,netem,22610718,16559,0,0,0,0,0,21523020,3216,0,21735936,3304,0
2976,34803596713553,34803600459885,19992190,sB-eth3,up,34803600292653,netem,26439484,19286,0,0,0,0,0,25417882,3811,0,25417102,3795,0
2977,34803616710485,34803618580305,19996932,sA-eth3,up,34803618402913,netem,22610718,16559,0,0,0,0,0,21523020,3216,0,21735936,3304,0
2977,34803616710485,34803620252904,19996932,sB-eth3,up,34803620094452,netem,26439484,19286,0,0,0,0,0,25417882,3811,0,25417102,3795,0
2978,34803636702326,34803638565596,19991841,sA-eth3,up,34803638397334,netem,22610718,16559,0,0,0,0,0,21523020,3216,0,21735936,3304,0
2978,34803636702326,34803640245934,19991841,sB-eth3,up,34803640071842,netem,26439484,19286,0,0,0,0,0,25417882,3811,0,25417102,3795,0
2979,34803656726256,34803658656168,20023930,sA-eth3,up,34803658474395,netem,22610718,16559,0,0,0,0,0,21523020,3216,0,21735936,3304,0
2979,34803656726256,34803660573139,20023930,sB-eth3,up,34803660169924,netem,26439484,19286,0,0,0,0,0,25417882,3811,0,25417102,3795,0
2980,34803676720208,34803678700099,19993952,sA-eth3,up,34803678502547,netem,22610718,16559,0,0,0,0,0,21523020,3216,0,21735936,3304,0
2980,34803676720208,34803680382217,19993952,sB-eth3,up,34803680208136,netem,26439484,19286,0,0,0,0,0,25417882,3811,0,25417102,3795,0
2981,34803696700108,34803698566298,19979900,sA-eth3,up,34803698396347,netem,22610718,16559,0,0,0,0,0,21523020,3216,0,21735936,3304,0
2981,34803696700108,34803700213887,19979900,sB-eth3,up,34803700058245,netem,26439484,19286,0,0,0,0,0,25417882,3811,0,25417102,3795,0
2982,34803716701788,34803718538960,20001680,sA-eth3,up,34803718347147,netem,22610718,16559,0,0,0,0,0,21523020,3216,0,21735936,3304,0
2982,34803716701788,34803720248928,20001680,sB-eth3,up,34803720085447,netem,26439484,19286,0,0,0,0,0,25417882,3811,0,25417102,3795,0
2983,34803736714280,34803738584371,20012492,sA-eth3,up,34803738405558,netem,22610718,16559,0,0,0,0,0,21523020,3216,0,21735936,3304,0
2983,34803736714280,34803740842585,20012492,sB-eth3,up,34803740685564,netem,26439484,19286,0,0,0,0,0,25417882,3811,0,25417102,3795,0
2984,34803756704310,34803758574241,19990030,sA-eth3,up,34803758403579,netem,22610718,16559,0,0,0,0,0,21523020,3216,0,21735936,3304,0
2984,34803756704310,34803760417362,19990030,sB-eth3,up,34803760248679,netem,26439484,19286,0,0,0,0,0,25417882,3811,0,25417102,3795,0
2985,34803776700711,34803778507952,19996401,sA-eth3,up,34803778344670,netem,22610718,16559,0,0,0,0,0,21523020,3216,0,21735936,3304,0
2985,34803776700711,34803780861648,19996401,sB-eth3,up,34803780705605,netem,26439484,19286,0,0,0,0,0,25417882,3811,0,25417102,3795,0
2986,34803796709933,34803798550233,20009222,sA-eth3,up,34803798367450,netem,22610718,16559,0,0,0,0,0,21523020,3216,0,21735936,3304,0
2986,34803796709933,34803800775607,20009222,sB-eth3,up,34803800618045,netem,26439484,19286,0,0,0,0,0,25417882,3811,0,25417102,3795,0
2987,34803816709513,34803818581514,19999580,sA-eth3,up,34803818413912,netem,22610718,16559,0,0,0,0,0,21523020,3216,0,21735936,3304,0
2987,34803816709513,34803820465985,19999580,sB-eth3,up,34803820312222,netem,26439484,19286,0,0,0,0,0,25417882,3811,0,25417102,3795,0
2988,34803836715804,34803838637516,20006291,sA-eth3,up,34803838464374,netem,22610718,16559,0,0,0,0,0,21523020,3216,0,21735936,3304,0
2988,34803836715804,34803840509597,20006291,sB-eth3,up,34803840354394,netem,26439484,19286,0,0,0,0,0,25417882,3811,0,25417102,3795,0
2989,34803856714485,34803858561525,19998681,sA-eth3,up,34803858390604,netem,22610718,16559,0,0,0,0,0,21523020,3216,0,21735936,3304,0
2989,34803856714485,34803860394237,19998681,sB-eth3,up,34803860203264,netem,26439484,19286,0,0,0,0,0,25417882,3811,0,25417102,3795,0
2990,34803876704506,34803878560197,19990021,sA-eth3,up,34803878383744,netem,22610718,16559,0,0,0,0,0,21523020,3216,0,21735936,3304,0
2990,34803876704506,34803880381187,19990021,sB-eth3,up,34803880209295,netem,26439484,19286,0,0,0,0,0,25417882,3811,0,25417102,3795,0
2991,34803896720727,34803898630898,20016221,sA-eth3,up,34803898456107,netem,22610718,16559,0,0,0,0,0,21523020,3216,0,21735936,3304,0
2991,34803896720727,34803900488669,20016221,sB-eth3,up,34803900326287,netem,26439484,19286,0,0,0,0,0,25417882,3811,0,25417102,3795,0
2992,34803916712748,34803918621279,19992021,sA-eth3,up,34803918447487,netem,22610718,16559,0,0,0,0,0,21523020,3216,0,21735936,3304,0
2992,34803916712748,34803920853913,19992021,sB-eth3,up,34803920696152,netem,26439484,19286,0,0,0,0,0,25417882,3811,0,25417102,3795,0
2993,34803936719748,34803938598310,20007000,sA-eth3,up,34803938419797,netem,22610718,16559,0,0,0,0,0,21523020,3216,0,21735936,3304,0
2993,34803936719748,34803940412540,20007000,sB-eth3,up,34803940241537,netem,26439484,19286,0,0,0,0,0,25417882,3811,0,25417102,3795,0
2994,34803956714320,34803958590560,19994572,sA-eth3,up,34803958409158,netem,22610718,16559,0,0,0,0,0,21523020,3216,0,21735936,3304,0
2994,34803956714320,34803960724804,19994572,sB-eth3,up,34803960536632,netem,26439484,19286,0,0,0,0,0,25417882,3811,0,25417102,3795,0
2995,34803976713401,34803978593711,19999081,sA-eth3,up,34803978412199,netem,22610718,16559,0,0,0,0,0,21523020,3216,0,21735936,3304,0
2995,34803976713401,34803980360540,19999081,sB-eth3,up,34803980185639,netem,26439484,19286,0,0,0,0,0,25417882,3811,0,25417102,3795,0
2996,34803996710751,34803998609192,19997350,sA-eth3,up,34803998426840,netem,22610718,16559,0,0,0,0,0,21523020,3216,0,21735936,3304,0
2996,34803996710751,34804000364062,19997350,sB-eth3,up,34804000184479,netem,26439484,19286,0,0,0,0,0,25417882,3811,0,25417102,3795,0
2997,34804016710973,34804018548802,20000222,sA-eth3,up,34804018377750,netem,22610718,16559,0,0,0,0,0,21523020,3216,0,21735936,3304,0
2997,34804016710973,34804020233021,20000222,sB-eth3,up,34804020069769,netem,26439484,19286,0,0,0,0,0,25417882,3811,0,25417102,3795,0
2998,34804036709433,34804038538243,19998460,sA-eth3,up,34804038361772,netem,22610718,16559,0,0,0,0,0,21523020,3216,0,21735936,3304,0
2998,34804036709433,34804040245692,19998460,sB-eth3,up,34804040074800,netem,26439484,19286,0,0,0,0,0,25417882,3811,0,25417102,3795,0
2999,34804056708664,34804058624985,19999231,sA-eth3,up,34804058392282,netem,22610718,16559,0,0,0,0,0,21523020,3216,0,21735936,3304,0
2999,34804056708664,34804060457465,19999231,sB-eth3,up,34804060240512,netem,26439484,19286,0,0,0,0,0,25417882,3811,0,25417102,3795,0
3000,34804076716805,34804078584825,20008141,sA-eth3,up,34804078411784,netem,22610718,16559,0,0,0,0,0,21523020,3216,0,21735936,3304,0
3000,34804076716805,34804080288235,20008141,sB-eth3,up,34804080116752,netem,26439484,19286,0,0,0,0,0,25417882,3811,0,25417102,3795,0
3001,34804096707256,34804098532975,19990451,sA-eth3,up,34804098362825,netem,22610718,16559,0,0,0,0,0,21523020,3216,0,21735936,3304,0
3001,34804096707256,34804100218175,19990451,sB-eth3,up,34804100055003,netem,26439484,19286,0,0,0,0,0,25417882,3811,0,25417102,3795,0
3002,34804116715846,34804118552907,20008590,sA-eth3,up,34804118378875,netem,22610718,16559,0,0,0,0,0,21523020,3216,0,21735936,3304,0
3002,34804116715846,34804120238695,20008590,sB-eth3,up,34804120083304,netem,26439484,19286,0,0,0,0,0,25417882,3811,0,25417102,3795,0
3003,34804136713528,34804138586608,19997682,sA-eth3,up,34804138408817,netem,22610718,16559,0,0,0,0,0,21523020,3216,0,21735936,3304,0
3003,34804136713528,34804140305607,19997682,sB-eth3,up,34804140134395,netem,26439484,19286,0,0,0,0,0,25417882,3811,0,25417102,3795,0
3004,34804156714229,34804158587220,20000701,sA-eth3,up,34804158413057,netem,22610718,16559,0,0,0,0,0,21523020,3216,0,21735936,3304,0
3004,34804156714229,34804160268047,20000701,sB-eth3,up,34804160110507,netem,26439484,19286,0,0,0,0,0,25417882,3811,0,25417102,3795,0
3005,34804176717229,34804178597200,20003000,sA-eth3,up,34804178418278,netem,22610718,16559,0,0,0,0,0,21523020,3216,0,21735936,3304,0
3005,34804176717229,34804180941586,20003000,sB-eth3,up,34804180778335,netem,26439484,19286,0,0,0,0,0,25417882,3811,0,25417102,3795,0
3006,34804196706031,34804198679422,19988802,sA-eth3,up,34804198510730,netem,22610718,16559,0,0,0,0,0,21523020,3216,0,21735936,3304,0
3006,34804196706031,34804200558793,19988802,sB-eth3,up,34804200402471,netem,26439484,19286,0,0,0,0,0,25417882,3811,0,25417102,3795,0
3007,34804216709401,34804218618962,20003370,sA-eth3,up,34804218449250,netem,22610718,16559,0,0,0,0,0,21523020,3216,0,21735936,3304,0
3007,34804216709401,34804220644324,20003370,sB-eth3,up,34804220487133,netem,26439484,19286,0,0,0,0,0,25417882,3811,0,25417102,3795,0
3008,34804236711012,34804238692534,20001611,sA-eth3,up,34804238510032,netem,22610718,16559,0,0,0,0,0,21523020,3216,0,21735936,3304,0
3008,34804236711012,34804240692736,20001611,sB-eth3,up,34804240530445,netem,26439484,19286,0,0,0,0,0,25417882,3811,0,25417102,3795,0
3009,34804256713393,34804259575114,20002381,sA-eth3,up,34804259402693,netem,22610718,16559,0,0,0,0,0,21523020,3216,0,21735936,3304,0
3009,34804256713393,34804261593176,20002381,sB-eth3,up,34804261417335,netem,26439484,19286,0,0,0,0,0,25417882,3811,0,25417102,3795,0
3010,34804276705604,34804278759126,19992211,sA-eth3,up,34804278591475,netem,22610788,16560,0,0,0,0,0,21523020,3216,0,21736006,3305,0
3010,34804276705604,34804281042791,19992211,sB-eth3,up,34804280822740,netem,26439554,19287,0,0,0,0,0,25417952,3812,0,25417172,3796,0
3011,34804296706285,34804298641665,20000681,sA-eth3,up,34804298471445,netem,22610788,16560,0,0,0,0,0,21523020,3216,0,21736006,3305,0
3011,34804296706285,34804300689298,20000681,sB-eth3,up,34804300528137,netem,26439554,19287,0,0,0,0,0,25417952,3812,0,25417172,3796,0
3012,34804316707505,34804318673348,20001220,sA-eth3,up,34804318505025,netem,22610788,16560,0,0,0,0,0,21523020,3216,0,21736006,3305,0
3012,34804316707505,34804320664890,20001220,sB-eth3,up,34804320484617,netem,26439554,19287,0,0,0,0,0,25417952,3812,0,25417172,3796,0
3013,34804336718346,34804338703068,20010841,sA-eth3,up,34804338527716,netem,22610788,16560,0,0,0,0,0,21523020,3216,0,21736006,3305,0
3013,34804336718346,34804341041464,20010841,sB-eth3,up,34804340860193,netem,26439554,19287,0,0,0,0,0,25417952,3812,0,25417172,3796,0
3014,34804356706138,34804358571018,19987792,sA-eth3,up,34804358401656,netem,22610788,16560,0,0,0,0,0,21523020,3216,0,21736006,3305,0
3014,34804356706138,34804360247506,19987792,sB-eth3,up,34804360092174,netem,26439554,19287,0,0,0,0,0,25417952,3812,0,25417172,3796,0
3015,34804376698638,34804378810541,19992500,sA-eth3,up,34804378641630,netem,22610788,16560,0,0,0,0,0,21523020,3216,0,21736006,3305,0
3015,34804376698638,34804380593570,19992500,sB-eth3,up,34804380437710,netem,26439554,19287,0,0,0,0,0,25417952,3812,0,25417172,3796,0
3016,34804396710689,34804398540680,20012051,sA-eth3,up,34804398365557,netem,22610788,16560,0,0,0,0,0,21523020,3216,0,21736006,3305,0
3016,34804396710689,34804400664992,20012051,sB-eth3,up,34804400506171,netem,26439554,19287,0,0,0,0,0,25417952,3812,0,25417172,3796,0
3017,34804416726470,34804418646982,20015781,sA-eth3,up,34804418468240,netem,22610788,16560,0,0,0,0,0,21523020,3216,0,21736006,3305,0
3017,34804416726470,34804420800025,20015781,sB-eth3,up,34804420599473,netem,26439554,19287,0,0,0,0,0,25417952,3812,0,25417172,3796,0
3018,34804436705881,34804439056206,19979411,sA-eth3,up,34804438864405,netem,22610788,16560,0,0,0,0,0,21523020,3216,0,21736006,3305,0
3018,34804436705881,34804441060148,19979411,sB-eth3,up,34804440880196,netem,26439554,19287,0,0,0,0,0,25417952,3812,0,25417172,3796,0
3019,34804456703511,34804458856416,19997630,sA-eth3,up,34804458675003,netem,22610788,16560,0,0,0,0,0,21523020,3216,0,21736006,3305,0
3019,34804456703511,34804460669475,19997630,sB-eth3,up,34804460512573,netem,26439554,19287,0,0,0,0,0,25417952,3812,0,25417172,3796,0
3020,34804476705193,34804478988328,20001682,sA-eth3,up,34804478810135,netem,22610788,16560,0,0,0,0,0,21523020,3216,0,21736006,3305,0
3020,34804476705193,34804480949519,20001682,sB-eth3,up,34804480787448,netem,26439554,19287,0,0,0,0,0,25417952,3812,0,25417172,3796,0
3021,34804496710513,34804498640575,20005320,sA-eth3,up,34804498465103,netem,22610788,16560,0,0,0,0,0,21523020,3216,0,21736006,3305,0
3021,34804496710513,34804500985851,20005320,sB-eth3,up,34804500824018,netem,26439554,19287,0,0,0,0,0,25417952,3812,0,25417172,3796,0
3022,34804516709124,34804518549195,19998611,sA-eth3,up,34804518379172,netem,22610788,16560,0,0,0,0,0,21523020,3216,0,21736006,3305,0
3022,34804516709124,34804520777598,19998611,sB-eth3,up,34804520618928,netem,26439554,19287,0,0,0,0,0,25417952,3812,0,25417172,3796,0
3023,34804536714135,34804538559425,20005011,sA-eth3,up,34804538384964,netem,22610788,16560,0,0,0,0,0,21523020,3216,0,21736006,3305,0
3023,34804536714135,34804540743270,20005011,sB-eth3,up,34804540582808,netem,26439554,19287,0,0,0,0,0,25417952,3812,0,25417172,3796,0
3024,34804556709166,34804558625887,19995031,sA-eth3,up,34804558452955,netem,22610788,16560,0,0,0,0,0,21523020,3216,0,21736006,3305,0
3024,34804556709166,34804560515618,19995031,sB-eth3,up,34804560360486,netem,26439554,19287,0,0,0,0,0,25417952,3812,0,25417172,3796,0
3025,34804576711136,34804578664338,20001970,sA-eth3,up,34804578491336,netem,22610788,16560,0,0,0,0,0,21523020,3216,0,21736006,3305,0
3025,34804576711136,34804580595990,20001970,sB-eth3,up,34804580385228,netem,26439554,19287,0,0,0,0,0,25417952,3812,0,25417172,3796,0
3026,34804596714358,34804598598768,20003222,sA-eth3,up,34804598424246,netem,22610788,16560,0,0,0,0,0,21523020,3216,0,21736006,3305,0
3026,34804596714358,34804600463940,20003222,sB-eth3,up,34804600306688,netem,26439554,19287,0,0,0,0,0,25417952,3812,0,25417172,3796,0
3027,34804616706109,34804618468008,19991751,sA-eth3,up,34804618302866,netem,22610788,16560,0,0,0,0,0,21523020,3216,0,21736006,3305,0
3027,34804616706109,34804620377499,19991751,sB-eth3,up,34804620209677,netem,26439554,19287,0,0,0,0,0,25417952,3812,0,25417172,3796,0
3028,34804636707099,34804638537770,20000990,sA-eth3,up,34804638367308,netem,22610788,16560,0,0,0,0,0,21523020,3216,0,21736006,3305,0
3028,34804636707099,34804640375630,20000990,sB-eth3,up,34804640186517,netem,26439554,19287,0,0,0,0,0,25417952,3812,0,25417172,3796,0
3029,34804656722661,34804658600411,20015562,sA-eth3,up,34804658425070,netem,22610788,16560,0,0,0,0,0,21523020,3216,0,21736006,3305,0
3029,34804656722661,34804660527253,20015562,sB-eth3,up,34804660373431,netem,26439554,19287,0,0,0,0,0,25417952,3812,0,25417172,3796,0
3030,34804676715051,34804678599923,19992390,sA-eth3,up,34804678433951,netem,22610788,16560,0,0,0,0,0,21523020,3216,0,21736006,3305,0
3030,34804676715051,34804680487463,19992390,sB-eth3,up,34804680332942,netem,26439554,19287,0,0,0,0,0,25417952,3812,0,25417172,3796,0
3031,34804696712683,34804698691564,19997632,sA-eth3,up,34804698516773,netem,22610788,16560,0,0,0,0,0,21523020,3216,0,21736006,3305,0
3031,34804696712683,34804700398003,19997632,sB-eth3,up,34804700232001,netem,26439554,19287,0,0,0,0,0,25417952,3812,0,25417172,3796,0
3032,34804716706663,34804719149201,19993980,sA-eth3,up,34804718952318,netem,22610788,16560,0,0,0,0,0,21523020,3216,0,21736006,3305,0
3032,34804716706663,34804721189653,19993980,sB-eth3,up,34804721014541,netem,26439554,19287,0,0,0,0,0,25417952,3812,0,25417172,3796,0
3033,34804736711754,34804738971959,20005091,sA-eth3,up,34804738796107,netem,22610788,16560,0,0,0,0,0,21523020,3216,0,21736006,3305,0
3033,34804736711754,34804740754148,20005091,sB-eth3,up,34804740593777,netem,26439554,19287,0,0,0,0,0,25417952,3812,0,25417172,3796,0
3034,34804756715034,34804758633066,20003280,sA-eth3,up,34804758461103,netem,22610788,16560,0,0,0,0,0,21523020,3216,0,21736006,3305,0
3034,34804756715034,34804760372765,20003280,sB-eth3,up,34804760205893,netem,26439554,19287,0,0,0,0,0,25417952,3812,0,25417172,3796,0
3035,34804776716326,34804779026981,20001292,sA-eth3,up,34804778831789,netem,22610788,16560,0,0,0,0,0,21523020,3216,0,21736006,3305,0
3035,34804776716326,34804780853741,20001292,sB-eth3,up,34804780697240,netem,26439554,19287,0,0,0,0,0,25417952,3812,0,25417172,3796,0
3036,34804796707577,34804798516116,19991251,sA-eth3,up,34804798344465,netem,22610788,16560,0,0,0,0,0,21523020,3216,0,21736006,3305,0
3036,34804796707577,34804800452358,19991251,sB-eth3,up,34804800291606,netem,26439554,19287,0,0,0,0,0,25417952,3812,0,25417172,3796,0
3037,34804816711238,34804818578218,20003661,sA-eth3,up,34804818404716,netem,22610788,16560,0,0,0,0,0,21523020,3216,0,21736006,3305,0
3037,34804816711238,34804820507970,20003661,sB-eth3,up,34804820343587,netem,26439554,19287,0,0,0,0,0,25417952,3812,0,25417172,3796,0
3038,34804836714248,34804838630770,20003010,sA-eth3,up,34804838454418,netem,22610788,16560,0,0,0,0,0,21523020,3216,0,21736006,3305,0
3038,34804836714248,34804840544871,20003010,sB-eth3,up,34804840381209,netem,26439554,19287,0,0,0,0,0,25417952,3812,0,25417172,3796,0
3039,34804856708549,34804858521420,19994301,sA-eth3,up,34804858354428,netem,22610788,16560,0,0,0,0,0,21523020,3216,0,21736006,3305,0
3039,34804856708549,34804860349070,19994301,sB-eth3,up,34804860175187,netem,26439554,19287,0,0,0,0,0,25417952,3812,0,25417172,3796,0
3040,34804876704551,34804878524450,19996002,sA-eth3,up,34804878353758,netem,22610788,16560,0,0,0,0,0,21523020,3216,0,21736006,3305,0
3040,34804876704551,34804880324940,19996002,sB-eth3,up,34804880157988,netem,26439554,19287,0,0,0,0,0,25417952,3812,0,25417172,3796,0
3041,34804896709541,34804898574231,20004990,sA-eth3,up,34804898404050,netem,22610788,16560,0,0,0,0,0,21523020,3216,0,21736006,3305,0
3041,34804896709541,34804900404342,20004990,sB-eth3,up,34804900231580,netem,26439554,19287,0,0,0,0,0,25417952,3812,0,25417172,3796,0
3042,34804916716672,34804918655884,20007131,sA-eth3,up,34804918476741,netem,22610788,16560,0,0,0,0,0,21523020,3216,0,21736006,3305,0
3042,34804916716672,34804920528434,20007131,sB-eth3,up,34804920356983,netem,26439554,19287,0,0,0,0,0,25417952,3812,0,25417172,3796,0
3043,34804936709153,34804938595643,19992481,sA-eth3,up,34804938422021,netem,22610788,16560,0,0,0,0,0,21523020,3216,0,21736006,3305,0
3043,34804936709153,34804940442353,19992481,sB-eth3,up,34804940268483,netem,26439554,19287,0,0,0,0,0,25417952,3812,0,25417172,3796,0
3044,34804956708693,34804958556704,19999540,sA-eth3,up,34804958366403,netem,22610788,16560,0,0,0,0,0,21523020,3216,0,21736006,3305,0
3044,34804956708693,34804960434415,19999540,sB-eth3,up,34804960204812,netem,26439554,19287,0,0,0,0,0,25417952,3812,0,25417172,3796,0
3045,34804976719925,34804978680406,20011232,sA-eth3,up,34804978486714,netem,22610788,16560,0,0,0,0,0,21523020,3216,0,21736006,3305,0
3045,34804976719925,34804980423905,20011232,sB-eth3,up,34804980252204,netem,26439554,19287,0,0,0,0,0,25417952,3812,0,25417172,3796,0
3046,34804996717576,34804998578876,19997651,sA-eth3,up,34804998396844,netem,22610788,16560,0,0,0,0,0,21523020,3216,0,21736006,3305,0
3046,34804996717576,34805000304585,19997651,sB-eth3,up,34805000132653,netem,26439554,19287,0,0,0,0,0,25417952,3812,0,25417172,3796,0
3047,34805016709316,34805018528366,19991740,sA-eth3,up,34805018360105,netem,22610788,16560,0,0,0,0,0,21523020,3216,0,21736006,3305,0
3047,34805016709316,34805020604380,19991740,sB-eth3,up,34805020447048,netem,26439554,19287,0,0,0,0,0,25417952,3812,0,25417172,3796,0
3048,34805036723577,34805038606478,20014261,sA-eth3,up,34805038426866,netem,22610788,16560,0,0,0,0,0,21523020,3216,0,21736006,3305,0
3048,34805036723577,34805040425838,20014261,sB-eth3,up,34805040252167,netem,26439554,19287,0,0,0,0,0,25417952,3812,0,25417172,3796,0
3049,34805056704409,34805058498788,19980832,sA-eth3,up,34805058324386,netem,22610788,16560,0,0,0,0,0,21523020,3216,0,21736006,3305,0
3049,34805056704409,34805060202737,19980832,sB-eth3,up,34805060037215,netem,26439554,19287,0,0,0,0,0,25417952,3812,0,25417172,3796,0
3050,34805076714719,34805078574810,20010310,sA-eth3,up,34805078403858,netem,22610788,16560,0,0,0,0,0,21523020,3216,0,21736006,3305,0
3050,34805076714719,34805080599532,20010310,sB-eth3,up,34805080439140,netem,26439554,19287,0,0,0,0,0,25417952,3812,0,25417172,3796,0
3051,34805096714150,34805098642471,19999431,sA-eth3,up,34805098467880,netem,22610788,16560,0,0,0,0,0,21523020,3216,0,21736006,3305,0
3051,34805096714150,34805100538432,19999431,sB-eth3,up,34805100380590,netem,26439554,19287,0,0,0,0,0,25417952,3812,0,25417172,3796,0
3052,34805116713951,34805118497520,19999801,sA-eth3,up,34805118328418,netem,22610788,16560,0,0,0,0,0,21523020,3216,0,21736006,3305,0
3052,34805116713951,34805120313751,19999801,sB-eth3,up,34805120145759,netem,26439554,19287,0,0,0,0,0,25417952,3812,0,25417172,3796,0
3053,34805136703062,34805138522451,19989111,sA-eth3,up,34805138353710,netem,22610788,16560,0,0,0,0,0,21523020,3216,0,21736006,3305,0
3053,34805136703062,34805140220900,19989111,sB-eth3,up,34805140065539,netem,26439554,19287,0,0,0,0,0,25417952,3812,0,25417172,3796,0
3054,34805156719043,34805158559933,20015981,sA-eth3,up,34805158381651,netem,22610788,16560,0,0,0,0,0,21523020,3216,0,21736006,3305,0
3054,34805156719043,34805160519415,20015981,sB-eth3,up,34805160361083,netem,26439554,19287,0,0,0,0,0,25417952,3812,0,25417172,3796,0
3055,34805176710024,34805178573914,19990981,sA-eth3,up,34805178404942,netem,22610788,16560,0,0,0,0,0,21523020,3216,0,21736006,3305,0
3055,34805176710024,34805180438605,19990981,sB-eth3,up,34805180267183,netem,26439554,19287,0,0,0,0,0,25417952,3812,0,25417172,3796,0
3056,34805196707354,34805198480403,19997330,sA-eth3,up,34805198308293,netem,22610788,16560,0,0,0,0,0,21523020,3216,0,21736006,3305,0
3056,34805196707354,34805200361865,19997330,sB-eth3,up,34805200195143,netem,26439554,19287,0,0,0,0,0,25417952,3812,0,25417172,3796,0
3057,34805216702915,34805218556326,19995561,sA-eth3,up,34805218381594,netem,22610788,16560,0,0,0,0,0,21523020,3216,0,21736006,3305,0
3057,34805216702915,34805220416966,19995561,sB-eth3,up,34805220240095,netem,26439554,19287,0,0,0,0,0,25417952,3812,0,25417172,3796,0
3058,34805236712346,34805238601647,20009431,sA-eth3,up,34805238409245,netem,22610788,16560,0,0,0,0,0,21523020,3216,0,21736006,3305,0
3058,34805236712346,34805240494318,20009431,sB-eth3,up,34805240328406,netem,26439554,19287,0,0,0,0,0,25417952,3812,0,25417172,3796,0
3059,34805256714366,34805258577038,20002020,sA-eth3,up,34805258397606,netem,22610788,16560,0,0,0,0,0,21523020,3216,0,21736006,3305,0
3059,34805256714366,34805260494238,20002020,sB-eth3,up,34805260306527,netem,26439554,19287,0,0,0,0,0,25417952,3812,0,25417172,3796,0
3060,34805276726448,34805278665999,20012082,sA-eth3,up,34805278445058,netem,22610788,16560,0,0,0,0,0,21523020,3216,0,21736006,3305,0
3060,34805276726448,34805280542620,20012082,sB-eth3,up,34805280377508,netem,26439554,19287,0,0,0,0,0,25417952,3812,0,25417172,3796,0
3061,34805296709779,34805298632281,19983331,sA-eth3,up,34805298443808,netem,22610788,16560,0,0,0,0,0,21523020,3216,0,21736006,3305,0
3061,34805296709779,34805300356049,19983331,sB-eth3,up,34805300169307,netem,26439624,19288,0,0,0,0,0,25417952,3812,0,25417242,3797,0
3062,34805316713760,34805318556150,20003981,sA-eth3,up,34805318370878,netem,22610788,16560,0,0,0,0,0,21523020,3216,0,21736006,3305,0
3062,34805316713760,34805320541963,20003981,sB-eth3,up,34805320375960,netem,26439624,19288,0,0,0,0,0,25417952,3812,0,25417242,3797,0
3063,34805336713301,34805338634551,19999541,sA-eth3,up,34805338438090,netem,22610788,16560,0,0,0,0,0,21523020,3216,0,21736006,3305,0
3063,34805336713301,34805340530003,19999541,sB-eth3,up,34805340362530,netem,26439624,19288,0,0,0,0,0,25417952,3812,0,25417242,3797,0
3064,34805356706551,34805358529101,19993250,sA-eth3,up,34805358360880,netem,22610788,16560,0,0,0,0,0,21523020,3216,0,21736006,3305,0
3064,34805356706551,34805360390552,19993250,sB-eth3,up,34805360206630,netem,26439624,19288,0,0,0,0,0,25417952,3812,0,25417242,3797,0
3065,34805376703502,34805378538353,19996951,sA-eth3,up,34805378353670,netem,22610788,16560,0,0,0,0,0,21523020,3216,0,21736006,3305,0
3065,34805376703502,34805380352092,19996951,sB-eth3,up,34805380178181,netem,26439624,19288,0,0,0,0,0,25417952,3812,0,25417242,3797,0
3066,34805396713894,34805398573184,20010392,sA-eth3,up,34805398401352,netem,22610788,16560,0,0,0,0,0,21523020,3216,0,21736006,3305,0
3066,34805396713894,34805400385844,20010392,sB-eth3,up,34805400217512,netem,26439624,19288,0,0,0,0,0,25417952,3812,0,25417242,3797,0
3067,34805416708504,34805418611856,19994610,sA-eth3,up,34805418436053,netem,22610788,16560,0,0,0,0,0,21523020,3216,0,21736006,3305,0
3067,34805416708504,34805420475886,19994610,sB-eth3,up,34805420307594,netem,26439624,19288,0,0,0,0,0,25417952,3812,0,25417242,3797,0
3068,34805436711114,34805438523495,20002610,sA-eth3,up,34805438356773,netem,22610788,16560,0,0,0,0,0,21523020,3216,0,21736006,3305,0
3068,34805436711114,34805440384625,20002610,sB-eth3,up,34805440211613,netem,26439624,19288,0,0,0,0,0,25417952,3812,0,25417242,3797,0
3069,34805456703156,34805458535496,19992042,sA-eth3,up,34805458360873,netem,22610788,16560,0,0,0,0,0,21523020,3216,0,21736006,3305,0
3069,34805456703156,34805460325606,19992042,sB-eth3,up,34805460155774,netem,26439624,19288,0,0,0,0,0,25417952,3812,0,25417242,3797,0
3070,34805476705116,34805478495006,20001960,sA-eth3,up,34805478326855,netem,22610788,16560,0,0,0,0,0,21523020,3216,0,21736006,3305,0
3070,34805476705116,34805480354057,20001960,sB-eth3,up,34805480163045,netem,26439624,19288,0,0,0,0,0,25417952,3812,0,25417242,3797,0
3071,34805496714638,34805498634429,20009522,sA-eth3,up,34805498453327,netem,22610788,16560,0,0,0,0,0,21523020,3216,0,21736006,3305,0
3071,34805496714638,34805500507020,20009522,sB-eth3,up,34805500345218,netem,26439624,19288,0,0,0,0,0,25417952,3812,0,25417242,3797,0
3072,34805516717238,34805518587449,20002600,sA-eth3,up,34805518412928,netem,22610788,16560,0,0,0,0,0,21523020,3216,0,21736006,3305,0
3072,34805516717238,34805520478790,20002600,sB-eth3,up,34805520321988,netem,26439624,19288,0,0,0,0,0,25417952,3812,0,25417242,3797,0
3073,34805536708589,34805538518709,19991351,sA-eth3,up,34805538348428,netem,22610788,16560,0,0,0,0,0,21523020,3216,0,21736006,3305,0
3073,34805536708589,34805540320580,19991351,sB-eth3,up,34805540152518,netem,26439624,19288,0,0,0,0,0,25417952,3812,0,25417242,3797,0
3074,34805556702720,34805558526180,19994131,sA-eth3,up,34805558356358,netem,22610788,16560,0,0,0,0,0,21523020,3216,0,21736006,3305,0
3074,34805556702720,34805560233110,19994131,sB-eth3,up,34805560078277,netem,26439624,19288,0,0,0,0,0,25417952,3812,0,25417242,3797,0
3075,34805576715321,34805578558911,20012601,sA-eth3,up,34805578388360,netem,22610788,16560,0,0,0,0,0,21523020,3216,0,21736006,3305,0
3075,34805576715321,34805580211830,20012601,sB-eth3,up,34805580057338,netem,26439624,19288,0,0,0,0,0,25417952,3812,0,25417242,3797,0
3076,34805596713602,34805598598963,19998281,sA-eth3,up,34805598421721,netem,22610788,16560,0,0,0,0,0,21523020,3216,0,21736006,3305,0
3076,34805596713602,34805600330173,19998281,sB-eth3,up,34805600135460,netem,26439624,19288,0,0,0,0,0,25417952,3812,0,25417242,3797,0
3077,34805616708573,34805618496693,19994971,sA-eth3,up,34805618326341,netem,22610788,16560,0,0,0,0,0,21523020,3216,0,21736006,3305,0
3077,34805616708573,34805620705768,19994971,sB-eth3,up,34805620551396,netem,26439624,19288,0,0,0,0,0,25417952,3812,0,25417242,3797,0
3078,34805636706204,34805638537594,19997631,sA-eth3,up,34805638364833,netem,22610788,16560,0,0,0,0,0,21523020,3216,0,21736006,3305,0
3078,34805636706204,34805640351215,19997631,sB-eth3,up,34805640181042,netem,26439624,19288,0,0,0,0,0,25417952,3812,0,25417242,3797,0
3079,34805656705384,34805658518725,19999180,sA-eth3,up,34805658347353,netem,22610788,16560,0,0,0,0,0,21523020,3216,0,21736006,3305,0
3079,34805656705384,34805660377175,19999180,sB-eth3,up,34805660206843,netem,26439624,19288,0,0,0,0,0,25417952,3812,0,25417242,3797,0
3080,34805676709116,34805678855109,20003732,sA-eth3,up,34805678684068,netem,22610788,16560,0,0,0,0,0,21523020,3216,0,21736006,3305,0
3080,34805676709116,34805680768841,20003732,sB-eth3,up,34805680614219,netem,26439624,19288,0,0,0,0,0,25417952,3812,0,25417242,3797,0
3081,34805696703856,34805698564227,19994740,sA-eth3,up,34805698375735,netem,22610788,16560,0,0,0,0,0,21523020,3216,0,21736006,3305,0
3081,34805696703856,34805700291176,19994740,sB-eth3,up,34805700121575,netem,26439624,19288,0,0,0,0,0,25417952,3812,0,25417242,3797,0
3082,34805716702667,34805718469437,19998811,sA-eth3,up,34805718297495,netem,22610788,16560,0,0,0,0,0,21523020,3216,0,21736006,3305,0
3082,34805716702667,34805720425598,19998811,sB-eth3,up,34805720259406,netem,26439624,19288,0,0,0,0,0,25417952,3812,0,25417242,3797,0
3083,34805736700849,34805738531909,19998182,sA-eth3,up,34805738366236,netem,22610788,16560,0,0,0,0,0,21523020,3216,0,21736006,3305,0
3083,34805736700849,34805740409579,19998182,sB-eth3,up,34805740240547,netem,26439624,19288,0,0,0,0,0,25417952,3812,0,25417242,3797,0
3084,34805756729999,34805758672731,20029150,sA-eth3,up,34805758488988,netem,22610788,16560,0,0,0,0,0,21523020,3216,0,21736006,3305,0
3084,34805756729999,34805760598643,20029150,sB-eth3,up,34805760431230,netem,26439624,19288,0,0,0,0,0,25417952,3812,0,25417242,3797,0
3085,34805776708890,34805778546991,19978891,sA-eth3,up,34805778372478,netem,22610788,16560,0,0,0,0,0,21523020,3216,0,21736006,3305,0
3085,34805776708890,34805780438491,19978891,sB-eth3,up,34805780281470,netem,26439624,19288,0,0,0,0,0,25417952,3812,0,25417242,3797,0
3086,34805796716171,34805798570882,20007281,sA-eth3,up,34805798392739,netem,22610788,16560,0,0,0,0,0,21523020,3216,0,21736006,3305,0
3086,34805796716171,34805800443233,20007281,sB-eth3,up,34805800278470,netem,26439624,19288,0,0,0,0,0,25417952,3812,0,25417242,3797,0
3087,34805816709102,34805818557923,19992931,sA-eth3,up,34805818380240,netem,22610788,16560,0,0,0,0,0,21523020,3216,0,21736006,3305,0
3087,34805816709102,34805820838467,19992931,sB-eth3,up,34805820643025,netem,26439624,19288,0,0,0,0,0,25417952,3812,0,25417242,3797,0
3088,34805836712133,34805838607433,20003031,sA-eth3,up,34805838434491,netem,22610788,16560,0,0,0,0,0,21523020,3216,0,21736006,3305,0
3088,34805836712133,34805840352553,20003031,sB-eth3,up,34805840182941,netem,26439624,19288,0,0,0,0,0,25417952,3812,0,25417242,3797,0
3089,34805856706233,34805858487963,19994100,sA-eth3,up,34805858324971,netem,22610788,16560,0,0,0,0,0,21523020,3216,0,21736006,3305,0
3089,34805856706233,34805860570506,19994100,sB-eth3,up,34805860392984,netem,26439624,19288,0,0,0,0,0,25417952,3812,0,25417242,3797,0
3090,34805876707794,34805878529944,20001561,sA-eth3,up,34805878361063,netem,22610788,16560,0,0,0,0,0,21523020,3216,0,21736006,3305,0
3090,34805876707794,34805880366245,20001561,sB-eth3,up,34805880196023,netem,26439624,19288,0,0,0,0,0,25417952,3812,0,25417242,3797,0
3091,34805896706776,34805898597746,19998982,sA-eth3,up,34805898421104,netem,22610788,16560,0,0,0,0,0,21523020,3216,0,21736006,3305,0
3091,34805896706776,34805900479097,19998982,sB-eth3,up,34805900286535,netem,26439624,19288,0,0,0,0,0,25417952,3812,0,25417242,3797,0
3092,34805916715896,34805918630987,20009120,sA-eth3,up,34805918453006,netem,22610788,16560,0,0,0,0,0,21523020,3216,0,21736006,3305,0
3092,34805916715896,34805920551309,20009120,sB-eth3,up,34805920383987,netem,26439624,19288,0,0,0,0,0,25417952,3812,0,25417242,3797,0
3093,34805936710557,34805938590138,19994661,sA-eth3,up,34805938420886,netem,22610788,16560,0,0,0,0,0,21523020,3216,0,21736006,3305,0
3093,34805936710557,34805940437838,19994661,sB-eth3,up,34805940280306,netem,26439624,19288,0,0,0,0,0,25417952,3812,0,25417242,3797,0
3094,34805956708138,34805958555049,19997581,sA-eth3,up,34805958379886,netem,22610788,16560,0,0,0,0,0,21523020,3216,0,21736006,3305,0
3094,34805956708138,34805960402018,19997581,sB-eth3,up,34805960186696,netem,26439624,19288,0,0,0,0,0,25417952,3812,0,25417242,3797,0
3095,34805976712799,34805978592699,20004661,sA-eth3,up,34805978406708,netem,22610788,16560,0,0,0,0,0,21523020,3216,0,21736006,3305,0
3095,34805976712799,34805980431920,20004661,sB-eth3,up,34805980262868,netem,26439624,19288,0,0,0,0,0,25417952,3812,0,25417242,3797,0
3096,34805996721440,34805998620421,20008641,sA-eth3,up,34805998444359,netem,22610788,16560,0,0,0,0,0,21523020,3216,0,21736006,3305,0
3096,34805996721440,34806000544181,20008641,sB-eth3,up,34806000365600,netem,26439624,19288,0,0,0,0,0,25417952,3812,0,25417242,3797,0
3097,34806016718111,34806018667812,19996671,sA-eth3,up,34806018480500,netem,22610788,16560,0,0,0,0,0,21523020,3216,0,21736006,3305,0
3097,34806016718111,34806020927507,19996671,sB-eth3,up,34806020753485,netem,26439624,19288,0,0,0,0,0,25417952,3812,0,25417242,3797,0
3098,34806036760542,34806038704194,20042431,sA-eth3,up,34806038518721,netem,22610788,16560,0,0,0,0,0,21523020,3216,0,21736006,3305,0
3098,34806036760542,34806040731416,20042431,sB-eth3,up,34806040512973,netem,26439624,19288,0,0,0,0,0,25417952,3812,0,25417242,3797,0
3099,34806056713712,34806058566533,19953170,sA-eth3,up,34806058377661,netem,22610788,16560,0,0,0,0,0,21523020,3216,0,21736006,3305,0
3099,34806056713712,34806060368243,19953170,sB-eth3,up,34806060176071,netem,26439624,19288,0,0,0,0,0,25417952,3812,0,25417242,3797,0
3100,34806076711934,34806078565684,19998222,sA-eth3,up,34806078362801,netem,22610788,16560,0,0,0,0,0,21523020,3216,0,21736006,3305,0
3100,34806076711934,34806080308673,19998222,sB-eth3,up,34806080128741,netem,26439624,19288,0,0,0,0,0,25417952,3812,0,25417242,3797,0
3101,34806096713334,34806098655266,20001400,sA-eth3,up,34806098464004,netem,22610788,16560,0,0,0,0,0,21523020,3216,0,21736006,3305,0
3101,34806096713334,34806100405325,20001400,sB-eth3,up,34806100227733,netem,26439624,19288,0,0,0,0,0,25417952,3812,0,25417242,3797,0
3102,34806116718185,34806118674627,20004851,sA-eth3,up,34806118419484,netem,22610788,16560,0,0,0,0,0,21523020,3216,0,21736006,3305,0
3102,34806116718185,34806120546668,20004851,sB-eth3,up,34806120308875,netem,26439624,19288,0,0,0,0,0,25417952,3812,0,25417242,3797,0
3103,34806136720406,34806138605047,20002221,sA-eth3,up,34806138404434,netem,22610788,16560,0,0,0,0,0,21523020,3216,0,21736006,3305,0
3103,34806136720406,34806140326766,20002221,sB-eth3,up,34806140137753,netem,26439624,19288,0,0,0,0,0,25417952,3812,0,25417242,3797,0
3104,34806156725317,34806158580777,20004911,sA-eth3,up,34806158392536,netem,22610788,16560,0,0,0,0,0,21523020,3216,0,21736006,3305,0
3104,34806156725317,34806160326096,20004911,sB-eth3,up,34806160135575,netem,26439624,19288,0,0,0,0,0,25417952,3812,0,25417242,3797,0
3105,34806176717917,34806178683409,19992600,sA-eth3,up,34806178491517,netem,22610788,16560,0,0,0,0,0,21523020,3216,0,21736006,3305,0
3105,34806176717917,34806180401198,19992600,sB-eth3,up,34806180218586,netem,26439624,19288,0,0,0,0,0,25417952,3812,0,25417242,3797,0
3106,34806196726029,34806198612140,20008112,sA-eth3,up,34806198415757,netem,22610788,16560,0,0,0,0,0,21523020,3216,0,21736006,3305,0
3106,34806196726029,34806200935965,20008112,sB-eth3,up,34806200753953,netem,26439624,19288,0,0,0,0,0,25417952,3812,0,25417242,3797,0
3107,34806216715279,34806218625041,19989250,sA-eth3,up,34806218430428,netem,22610788,16560,0,0,0,0,0,21523020,3216,0,21736006,3305,0
3107,34806216715279,34806220431970,19989250,sB-eth3,up,34806220181068,netem,26439624,19288,0,0,0,0,0,25417952,3812,0,25417242,3797,0
3108,34806236710740,34806238599921,19995461,sA-eth3,up,34806238417859,netem,22610788,16560,0,0,0,0,0,21523020,3216,0,21736006,3305,0
3108,34806236710740,34806240655824,19995461,sB-eth3,up,34806240489982,netem,26439624,19288,0,0,0,0,0,25417952,3812,0,25417242,3797,0
3109,34806256710822,34806258652502,20000082,sA-eth3,up,34806258473751,netem,22610788,16560,0,0,0,0,0,21523020,3216,0,21736006,3305,0
3109,34806256710822,34806260519003,20000082,sB-eth3,up,34806260353801,netem,26439624,19288,0,0,0,0,0,25417952,3812,0,25417242,3797,0
3110,34806276716952,34806278664164,20006130,sA-eth3,up,34806278484952,netem,22610788,16560,0,0,0,0,0,21523020,3216,0,21736006,3305,0
3110,34806276716952,34806280508424,20006130,sB-eth3,up,34806280334043,netem,26439624,19288,0,0,0,0,0,25417952,3812,0,25417242,3797,0
3111,34806296737153,34806298802847,20020201,sA-eth3,up,34806298563513,netem,22610788,16560,0,0,0,0,0,21523020,3216,0,21736006,3305,0
3111,34806296737153,34806300782538,20020201,sB-eth3,up,34806300548226,netem,26439624,19288,0,0,0,0,0,25417952,3812,0,25417242,3797,0
3112,34806316711834,34806318675006,19974681,sA-eth3,up,34806318492304,netem,22610788,16560,0,0,0,0,0,21523020,3216,0,21736006,3305,0
3112,34806316711834,34806320548726,19974681,sB-eth3,up,34806320382604,netem,26439624,19288,0,0,0,0,0,25417952,3812,0,25417242,3797,0
3113,34806336714765,34806338639416,20002931,sA-eth3,up,34806338457344,netem,22610788,16560,0,0,0,0,0,21523020,3216,0,21736006,3305,0
3113,34806336714765,34806340594348,20002931,sB-eth3,up,34806340431436,netem,26439624,19288,0,0,0,0,0,25417952,3812,0,25417242,3797,0
3114,34806356704835,34806358585736,19990070,sA-eth3,up,34806358413784,netem,22610788,16560,0,0,0,0,0,21523020,3216,0,21736006,3305,0
3114,34806356704835,34806360262055,19990070,sB-eth3,up,34806360102533,netem,26439624,19288,0,0,0,0,0,25417952,3812,0,25417242,3797,0
3115,34806376711647,34806378522386,20006812,sA-eth3,up,34806378351794,netem,22610788,16560,0,0,0,0,0,21523020,3216,0,21736006,3305,0
3115,34806376711647,34806380174695,20006812,sB-eth3,up,34806380018713,netem,26439624,19288,0,0,0,0,0,25417952,3812,0,25417242,3797,0
3116,34806396717357,34806399022644,20005710,sA-eth3,up,34806398761840,netem,22610788,16560,0,0,0,0,0,21523020,3216,0,21736006,3305,0
3116,34806396717357,34806400846393,20005710,sB-eth3,up,34806400665321,netem,26439624,19288,0,0,0,0,0,25417952,3812,0,25417242,3797,0
3117,34806416712719,34806418540219,19995362,sA-eth3,up,34806418363697,netem,22610788,16560,0,0,0,0,0,21523020,3216,0,21736006,3305,0
3117,34806416712719,34806420549991,19995362,sB-eth3,up,34806420382429,netem,26439624,19288,0,0,0,0,0,25417952,3812,0,25417242,3797,0
3118,34806436712749,34806438633411,20000030,sA-eth3,up,34806438449309,netem,22610788,16560,0,0,0,0,0,21523020,3216,0,21736006,3305,0
3118,34806436712749,34806440586222,20000030,sB-eth3,up,34806440426531,netem,26439624,19288,0,0,0,0,0,25417952,3812,0,25417242,3797,0
3119,34806456710860,34806458573631,19998111,sA-eth3,up,34806458393379,netem,22610788,16560,0,0,0,0,0,21523020,3216,0,21736006,3305,0
3119,34806456710860,34806460425271,19998111,sB-eth3,up,34806460250429,netem,26439624,19288,0,0,0,0,0,25417952,3812,0,25417242,3797,0
3120,34806476710061,34806478529121,19999201,sA-eth3,up,34806478360849,netem,22610788,16560,0,0,0,0,0,21523020,3216,0,21736006,3305,0
3120,34806476710061,34806480407062,19999201,sB-eth3,up,34806480237280,netem,26439624,19288,0,0,0,0,0,25417952,3812,0,25417242,3797,0
3121,34806496714702,34806498598762,20004641,sA-eth3,up,34806498419451,netem,22610788,16560,0,0,0,0,0,21523020,3216,0,21736006,3305,0
3121,34806496714702,34806500493094,20004641,sB-eth3,up,34806500319921,netem,26439624,19288,0,0,0,0,0,25417952,3812,0,25417242,3797,0
3122,34806516711182,34806518618264,19996480,sA-eth3,up,34806518420522,netem,22610788,16560,0,0,0,0,0,21523020,3216,0,21736006,3305,0
3122,34806516711182,34806520402563,19996480,sB-eth3,up,34806520227461,netem,26439624,19288,0,0,0,0,0,25417952,3812,0,25417242,3797,0
3123,34806536714884,34806538616665,20003702,sA-eth3,up,34806538377502,netem,22610788,16560,0,0,0,0,0,21523020,3216,0,21736006,3305,0
3123,34806536714884,34806540697987,20003702,sB-eth3,up,34806540526786,netem,26439624,19288,0,0,0,0,0,25417952,3812,0,25417242,3797,0
3124,34806556712074,34806558585635,19997190,sA-eth3,up,34806558402853,netem,22610788,16560,0,0,0,0,0,21523020,3216,0,21736006,3305,0
3124,34806556712074,34806560381855,19997190,sB-eth3,up,34806560186493,netem,26439624,19288,0,0,0,0,0,25417952,3812,0,25417242,3797,0
3125,34806576709475,34806578555806,19997401,sA-eth3,up,34806578381484,netem,22610788,16560,0,0,0,0,0,21523020,3216,0,21736006,3305,0
3125,34806576709475,34806580217394,19997401,sB-eth3,up,34806580060562,netem,26439624,19288,0,0,0,0,0,25417952,3812,0,25417242,3797,0
3126,34806596709097,34806598566767,19999622,sA-eth3,up,34806598394605,netem,22610788,16560,0,0,0,0,0,21523020,3216,0,21736006,3305,0
3126,34806596709097,34806600286066,19999622,sB-eth3,up,34806600109064,netem,26439624,19288,0,0,0,0,0,25417952,3812,0,25417242,3797,0
3127,34806616710567,34806619042323,20001470,sA-eth3,up,34806618844240,netem,22610788,16560,0,0,0,0,0,21523020,3216,0,21736006,3305,0
3127,34806616710567,34806620864952,20001470,sB-eth3,up,34806620664521,netem,26439624,19288,0,0,0,0,0,25417952,3812,0,25417242,3797,0
3128,34806636714687,34806638605169,20004120,sA-eth3,up,34806638428317,netem,22610788,16560,0,0,0,0,0,21523020,3216,0,21736006,3305,0
3128,34806636714687,34806640583411,20004120,sB-eth3,up,34806640414979,netem,26439624,19288,0,0,0,0,0,25417952,3812,0,25417242,3797,0
3129,34806656710359,34806658556139,19995672,sA-eth3,up,34806658379097,netem,22610788,16560,0,0,0,0,0,21523020,3216,0,21736006,3305,0
3129,34806656710359,34806660536021,19995672,sB-eth3,up,34806660370449,netem,26439624,19288,0,0,0,0,0,25417952,3812,0,25417242,3797,0
3130,34806676711950,34806678778372,20001591,sA-eth3,up,34806678600360,netem,22610788,16560,0,0,0,0,0,21523020,3216,0,21736006,3305,0
3130,34806676711950,34806680708164,20001591,sB-eth3,up,34806680532102,netem,26439624,19288,0,0,0,0,0,25417952,3812,0,25417242,3797,0
3131,34806696707060,34806698729052,19995110,sA-eth3,up,34806698539970,netem,22610788,16560,0,0,0,0,0,21523020,3216,0,21736006,3305,0
3131,34806696707060,34806700648924,19995110,sB-eth3,up,34806700467162,netem,26439624,19288,0,0,0,0,0,25417952,3812,0,25417242,3797,0
3132,34806716725182,34806718665613,20018122,sA-eth3,up,34806718465011,netem,22610788,16560,0,0,0,0,0,21523020,3216,0,21736006,3305,0
3132,34806716725182,34806720379782,20018122,sB-eth3,up,34806720192409,netem,26439624,19288,0,0,0,0,0,25417952,3812,0,25417242,3797,0
3133,34806736704172,34806738528042,19978990,sA-eth3,up,34806738350540,netem,22610788,16560,0,0,0,0,0,21523020,3216,0,21736006,3305,0
3133,34806736704172,34806740209641,19978990,sB-eth3,up,34806740046309,netem,26439624,19288,0,0,0,0,0,25417952,3812,0,25417242,3797,0
3134,34806756715503,34806758558234,20011331,sA-eth3,up,34806758386742,netem,22610788,16560,0,0,0,0,0,21523020,3216,0,21736006,3305,0
3134,34806756715503,34806760728927,20011331,sB-eth3,up,34806760571776,netem,26439624,19288,0,0,0,0,0,25417952,3812,0,25417242,3797,0
3135,34806776710514,34806778586974,19995011,sA-eth3,up,34806778416064,netem,22610788,16560,0,0,0,0,0,21523020,3216,0,21736006,3305,0
3135,34806776710514,34806780312084,19995011,sB-eth3,up,34806780144522,netem,26439624,19288,0,0,0,0,0,25417952,3812,0,25417242,3797,0
3136,34806796701835,34806798483024,19991321,sA-eth3,up,34806798311222,netem,22610788,16560,0,0,0,0,0,21523020,3216,0,21736006,3305,0
3136,34806796701835,34806800727390,19991321,sB-eth3,up,34806800566507,netem,26439624,19288,0,0,0,0,0,25417952,3812,0,25417242,3797,0
3137,34806816701815,34806818520926,19999980,sA-eth3,up,34806818353504,netem,22610788,16560,0,0,0,0,0,21523020,3216,0,21736006,3305,0
3137,34806816701815,34806820527317,19999980,sB-eth3,up,34806820373786,netem,26439624,19288,0,0,0,0,0,25417952,3812,0,25417242,3797,0
3138,34806836712307,34806838572307,20010492,sA-eth3,up,34806838399155,netem,22610788,16560,0,0,0,0,0,21523020,3216,0,21736006,3305,0
3138,34806836712307,34806840593680,20010492,sB-eth3,up,34806840438148,netem,26439624,19288,0,0,0,0,0,25417952,3812,0,25417242,3797,0
3139,34806856713427,34806858723160,20001120,sA-eth3,up,34806858551148,netem,22610788,16560,0,0,0,0,0,21523020,3216,0,21736006,3305,0
3139,34806856713427,34806860596181,20001120,sB-eth3,up,34806860437849,netem,26439624,19288,0,0,0,0,0,25417952,3812,0,25417242,3797,0
3140,34806876714148,34806878590739,20000721,sA-eth3,up,34806878401707,netem,22610788,16560,0,0,0,0,0,21523020,3216,0,21736006,3305,0
3140,34806876714148,34806880594762,20000721,sB-eth3,up,34806880432839,netem,26439624,19288,0,0,0,0,0,25417952,3812,0,25417242,3797,0
3141,34806896707260,34806898609590,19993112,sA-eth3,up,34806898442688,netem,22610788,16560,0,0,0,0,0,21523020,3216,0,21736006,3305,0
3141,34806896707260,34806900456401,19993112,sB-eth3,up,34806900295709,netem,26439624,19288,0,0,0,0,0,25417952,3812,0,25417242,3797,0
3142,34806916709870,34806918609991,20002610,sA-eth3,up,34806918437509,netem,22610788,16560,0,0,0,0,0,21523020,3216,0,21736006,3305,0
3142,34806916709870,34806920878636,20002610,sB-eth3,up,34806920719174,netem,26439624,19288,0,0,0,0,0,25417952,3812,0,25417242,3797,0
3143,34806936714781,34806938667233,20004911,sA-eth3,up,34806938477920,netem,22610788,16560,0,0,0,0,0,21523020,3216,0,21736006,3305,0
3143,34806936714781,34806940604094,20004911,sB-eth3,up,34806940435492,netem,26439624,19288,0,0,0,0,0,25417952,3812,0,25417242,3797,0
3144,34806956703372,34806958571752,19988591,sA-eth3,up,34806958397570,netem,22610788,16560,0,0,0,0,0,21523020,3216,0,21736006,3305,0
3144,34806956703372,34806960452013,19988591,sB-eth3,up,34806960286882,netem,26439624,19288,0,0,0,0,0,25417952,3812,0,25417242,3797,0
3145,34806976707313,34806978587463,20003941,sA-eth3,up,34806978405242,netem,22610788,16560,0,0,0,0,0,21523020,3216,0,21736006,3305,0
3145,34806976707313,34806980487665,20003941,sB-eth3,up,34806980323242,netem,26439624,19288,0,0,0,0,0,25417952,3812,0,25417242,3797,0
3146,34806996707933,34806998615995,20000620,sA-eth3,up,34806998443213,netem,22610788,16560,0,0,0,0,0,21523020,3216,0,21736006,3305,0
3146,34806996707933,34807000481455,20000620,sB-eth3,up,34807000323744,netem,26439624,19288,0,0,0,0,0,25417952,3812,0,25417242,3797,0
3147,34807016712015,34807018664696,20004082,sA-eth3,up,34807018489414,netem,22610788,16560,0,0,0,0,0,21523020,3216,0,21736006,3305,0
3147,34807016712015,34807020546717,20004082,sB-eth3,up,34807020384455,netem,26439624,19288,0,0,0,0,0,25417952,3812,0,25417242,3797,0
3148,34807036703395,34807038639047,19991380,sA-eth3,up,34807038464755,netem,22610788,16560,0,0,0,0,0,21523020,3216,0,21736006,3305,0
3148,34807036703395,34807040513627,19991380,sB-eth3,up,34807040345905,netem,26439624,19288,0,0,0,0,0,25417952,3812,0,25417242,3797,0
3149,34807056707596,34807058538027,20004201,sA-eth3,up,34807058364005,netem,22610788,16560,0,0,0,0,0,21523020,3216,0,21736006,3305,0
3149,34807056707596,34807060303876,20004201,sB-eth3,up,34807060132164,netem,26439624,19288,0,0,0,0,0,25417952,3812,0,25417242,3797,0
3150,34807076708767,34807078989202,20001171,sA-eth3,up,34807078820110,netem,22610788,16560,0,0,0,0,0,21523020,3216,0,21736006,3305,0
3150,34807076708767,34807081060415,20001171,sB-eth3,up,34807080884923,netem,26439624,19288,0,0,0,0,0,25417952,3812,0,25417242,3797,0
3151,34807096703918,34807098587128,19995151,sA-eth3,up,34807098412437,netem,22610788,16560,0,0,0,0,0,21523020,3216,0,21736006,3305,0
3151,34807096703918,34807100657172,19995151,sB-eth3,up,34807100494800,netem,26439624,19288,0,0,0,0,0,25417952,3812,0,25417242,3797,0
3152,34807116714388,34807118929763,20010470,sA-eth3,up,34807118748061,netem,22610788,16560,0,0,0,0,0,21523020,3216,0,21736006,3305,0
3152,34807116714388,34807120944145,20010470,sB-eth3,up,34807120787165,netem,26439624,19288,0,0,0,0,0,25417952,3812,0,25417242,3797,0
3153,34807136701220,34807138491229,19986832,sA-eth3,up,34807138324247,netem,22610788,16560,0,0,0,0,0,21523020,3216,0,21736006,3305,0
3153,34807136701220,34807141170698,19986832,sB-eth3,up,34807140995437,netem,26439624,19288,0,0,0,0,0,25417952,3812,0,25417242,3797,0
3154,34807156698470,34807158954755,19997250,sA-eth3,up,34807158788753,netem,22610788,16560,0,0,0,0,0,21523020,3216,0,21736006,3305,0
3154,34807156698470,34807160789115,19997250,sB-eth3,up,34807160636784,netem,26439624,19288,0,0,0,0,0,25417952,3812,0,25417242,3797,0
3155,34807176702661,34807179033408,20004191,sA-eth3,up,34807178841185,netem,22610788,16560,0,0,0,0,0,21523020,3216,0,21736006,3305,0
3155,34807176702661,34807180850108,20004191,sB-eth3,up,34807180694185,netem,26439624,19288,0,0,0,0,0,25417952,3812,0,25417242,3797,0
3156,34807196703243,34807198573083,20000582,sA-eth3,up,34807198383000,netem,22610788,16560,0,0,0,0,0,21523020,3216,0,21736006,3305,0
3156,34807196703243,34807200955850,20000582,sB-eth3,up,34807200793648,netem,26439624,19288,0,0,0,0,0,25417952,3812,0,25417242,3797,0
3157,34807216699743,34807218535683,19996500,sA-eth3,up,34807218367492,netem,22610788,16560,0,0,0,0,0,21523020,3216,0,21736006,3305,0
3157,34807216699743,34807220892630,19996500,sB-eth3,up,34807220726798,netem,26439624,19288,0,0,0,0,0,25417952,3812,0,25417242,3797,0
3158,34807236703014,34807238972799,20003271,sA-eth3,up,34807238792727,netem,22610788,16560,0,0,0,0,0,21523020,3216,0,21736006,3305,0
3158,34807236703014,34807240730858,20003271,sB-eth3,up,34807240572177,netem,26439624,19288,0,0,0,0,0,25417952,3812,0,25417242,3797,0
3159,34807256715405,34807258583905,20012391,sA-eth3,up,34807258411264,netem,22610788,16560,0,0,0,0,0,21523020,3216,0,21736006,3305,0
3159,34807256715405,34807260564438,20012391,sB-eth3,up,34807260409335,netem,26439624,19288,0,0,0,0,0,25417952,3812,0,25417242,3797,0
3160,34807276711976,34807278786319,19996571,sA-eth3,up,34807278610337,netem,22610788,16560,0,0,0,0,0,21523020,3216,0,21736006,3305,0
3160,34807276711976,34807280642319,19996571,sB-eth3,up,34807280484088,netem,26439624,19288,0,0,0,0,0,25417952,3812,0,25417242,3797,0
3161,34807296703196,34807299101093,19991220,sA-eth3,up,34807298899641,netem,22610788,16560,0,0,0,0,0,21523020,3216,0,21736006,3305,0
3161,34807296703196,34807300975973,19991220,sB-eth3,up,34807300821033,netem,26439624,19288,0,0,0,0,0,25417952,3812,0,25417242,3797,0
3162,34807316712888,34807318932443,20009692,sA-eth3,up,34807318760400,netem,22610788,16560,0,0,0,0,0,21523020,3216,0,21736006,3305,0
3162,34807316712888,34807320910323,20009692,sB-eth3,up,34807320754573,netem,26439624,19288,0,0,0,0,0,25417952,3812,0,25417242,3797,0
3163,34807336724728,34807339164085,20011840,sA-eth3,up,34807338950263,netem,22610788,16560,0,0,0,0,0,21523020,3216,0,21736006,3305,0
3163,34807336724728,34807340998796,20011840,sB-eth3,up,34807340834085,netem,26439624,19288,0,0,0,0,0,25417952,3812,0,25417242,3797,0
3164,34807356716950,34807358623951,19992222,sA-eth3,up,34807358441618,netem,22610788,16560,0,0,0,0,0,21523020,3216,0,21736006,3305,0
3164,34807356716950,34807360736803,19992222,sB-eth3,up,34807360575792,netem,26439624,19288,0,0,0,0,0,25417952,3812,0,25417242,3797,0
3165,34807376714871,34807378603921,19997921,sA-eth3,up,34807378371148,netem,22610788,16560,0,0,0,0,0,21523020,3216,0,21736006,3305,0
3165,34807376714871,34807381182970,19997921,sB-eth3,up,34807380991958,netem,26439624,19288,0,0,0,0,0,25417952,3812,0,25417242,3797,0
3166,34807396708271,34807398600202,19993400,sA-eth3,up,34807398411370,netem,22610788,16560,0,0,0,0,0,21523020,3216,0,21736006,3305,0
3166,34807396708271,34807400692205,19993400,sB-eth3,up,34807400523503,netem,26439624,19288,0,0,0,0,0,25417952,3812,0,25417242,3797,0
3167,34807416712803,34807418566202,20004532,sA-eth3,up,34807418388940,netem,22610788,16560,0,0,0,0,0,21523020,3216,0,21736006,3305,0
3167,34807416712803,34807420971679,20004532,sB-eth3,up,34807420813798,netem,26439624,19288,0,0,0,0,0,25417952,3812,0,25417242,3797,0
3168,34807436717563,34807438709075,20004760,sA-eth3,up,34807438527953,netem,22610788,16560,0,0,0,0,0,21523020,3216,0,21736006,3305,0
3168,34807436717563,34807441039841,20004760,sB-eth3,up,34807440862328,netem,26439624,19288,0,0,0,0,0,25417952,3812,0,25417242,3797,0
3169,34807456731254,34807458804437,20013691,sA-eth3,up,34807458559345,netem,22610788,16560,0,0,0,0,0,21523020,3216,0,21736006,3305,0
3169,34807456731254,34807460977771,20013691,sB-eth3,up,34807460778738,netem,26439624,19288,0,0,0,0,0,25417952,3812,0,25417242,3797,0
3170,34807476708925,34807478734967,19977671,sA-eth3,up,34807478551645,netem,22610788,16560,0,0,0,0,0,21523020,3216,0,21736006,3305,0
3170,34807476708925,34807480579898,19977671,sB-eth3,up,34807480412745,netem,26439624,19288,0,0,0,0,0,25417952,3812,0,25417242,3797,0
3171,34807496713446,34807498593366,20004521,sA-eth3,up,34807498413505,netem,22610788,16560,0,0,0,0,0,21523020,3216,0,21736006,3305,0
3171,34807496713446,34807500944723,20004521,sB-eth3,up,34807500759040,netem,26439624,19288,0,0,0,0,0,25417952,3812,0,25417242,3797,0
3172,34807516723796,34807518702128,20010350,sA-eth3,up,34807518506996,netem,22610788,16560,0,0,0,0,0,21523020,3216,0,21736006,3305,0
3172,34807516723796,34807520672920,20010350,sB-eth3,up,34807520469908,netem,26439624,19288,0,0,0,0,0,25417952,3812,0,25417242,3797,0
3173,34807536727928,34807538704230,20004132,sA-eth3,up,34807538479097,netem,22610788,16560,0,0,0,0,0,21523020,3216,0,21736006,3305,0
3173,34807536727928,34807540629961,20004132,sB-eth3,up,34807540464448,netem,26439624,19288,0,0,0,0,0,25417952,3812,0,25417242,3797,0
3174,34807556713638,34807558611699,19985710,sA-eth3,up,34807558424447,netem,22610788,16560,0,0,0,0,0,21523020,3216,0,21736006,3305,0
3174,34807556713638,34807560488550,19985710,sB-eth3,up,34807560326608,netem,26439624,19288,0,0,0,0,0,25417952,3812,0,25417242,3797,0
3175,34807576703659,34807578566970,19990021,sA-eth3,up,34807578390367,netem,22610788,16560,0,0,0,0,0,21523020,3216,0,21736006,3305,0
3175,34807576703659,34807580478090,19990021,sB-eth3,up,34807580316299,netem,26439624,19288,0,0,0,0,0,25417952,3812,0,25417242,3797,0
3176,34807596714330,34807598610451,20010671,sA-eth3,up,34807598437108,netem,22610788,16560,0,0,0,0,0,21523020,3216,0,21736006,3305,0
3176,34807596714330,34807600719493,20010671,sB-eth3,up,34807600566843,netem,26439624,19288,0,0,0,0,0,25417952,3812,0,25417242,3797,0
3177,34807616704241,34807618518281,19989911,sA-eth3,up,34807618351008,netem,22610788,16560,0,0,0,0,0,21523020,3216,0,21736006,3305,0
3177,34807616704241,34807620519233,19989911,sB-eth3,up,34807620366550,netem,26439624,19288,0,0,0,0,0,25417952,3812,0,25417242,3797,0
3178,34807636709961,34807638590043,20005720,sA-eth3,up,34807638414180,netem,22610788,16560,0,0,0,0,0,21523020,3216,0,21736006,3305,0
3178,34807636709961,34807640474423,20005720,sB-eth3,up,34807640292691,netem,26439624,19288,0,0,0,0,0,25417952,3812,0,25417242,3797,0
3179,34807656708913,34807658563803,19998952,sA-eth3,up,34807658386821,netem,22610788,16560,0,0,0,0,0,21523020,3216,0,21736006,3305,0
3179,34807656708913,34807660415723,19998952,sB-eth3,up,34807660245772,netem,26439624,19288,0,0,0,0,0,25417952,3812,0,25417242,3797,0
3180,34807676712434,34807678592134,20003521,sA-eth3,up,34807678422723,netem,22610788,16560,0,0,0,0,0,21523020,3216,0,21736006,3305,0
3180,34807676712434,34807680873010,20003521,sB-eth3,up,34807680711668,netem,26439624,19288,0,0,0,0,0,25417952,3812,0,25417242,3797,0
3181,34807696716694,34807698618956,20004260,sA-eth3,up,34807698448343,netem,22610788,16560,0,0,0,0,0,21523020,3216,0,21736006,3305,0
3181,34807696716694,34807700909451,20004260,sB-eth3,up,34807700744889,netem,26439624,19288,0,0,0,0,0,25417952,3812,0,25417242,3797,0
3182,34807716721166,34807718636127,20004472,sA-eth3,up,34807718445075,netem,22610788,16560,0,0,0,0,0,21523020,3216,0,21736006,3305,0
3182,34807716721166,34807720938372,20004472,sB-eth3,up,34807720758140,netem,26439624,19288,0,0,0,0,0,25417952,3812,0,25417242,3797,0
3183,34807736706326,34807738557246,19985160,sA-eth3,up,34807738383265,netem,22610788,16560,0,0,0,0,0,21523020,3216,0,21736006,3305,0
3183,34807736706326,34807740448778,19985160,sB-eth3,up,34807740285575,netem,26439624,19288,0,0,0,0,0,25417952,3812,0,25417242,3797,0
3184,34807756712367,34807758628588,20006041,sA-eth3,up,34807758452926,netem,22610788,16560,0,0,0,0,0,21523020,3216,0,21736006,3305,0
3184,34807756712367,34807760992944,20006041,sB-eth3,up,34807760824453,netem,26439624,19288,0,0,0,0,0,25417952,3812,0,25417242,3797,0
3185,34807776716968,34807778999243,20004601,sA-eth3,up,34807778815711,netem,22610788,16560,0,0,0,0,0,21523020,3216,0,21736006,3305,0
3185,34807776716968,34807781045246,20004601,sB-eth3,up,34807780852113,netem,26439624,19288,0,0,0,0,0,25417952,3812,0,25417242,3797,0
3186,34807796704929,34807798848143,19987961,sA-eth3,up,34807798669270,netem,22610788,16560,0,0,0,0,0,21523020,3216,0,21736006,3305,0
3186,34807796704929,34807800586282,19987961,sB-eth3,up,34807800420270,netem,26439624,19288,0,0,0,0,0,25417952,3812,0,25417242,3797,0
3187,34807816715820,34807818967444,20010891,sA-eth3,up,34807818782193,netem,22610788,16560,0,0,0,0,0,21523020,3216,0,21736006,3305,0
3187,34807816715820,34807821046608,20010891,sB-eth3,up,34807820867096,netem,26439624,19288,0,0,0,0,0,25417952,3812,0,25417242,3797,0
3188,34807836709811,34807839026256,19993991,sA-eth3,up,34807838834484,netem,22610788,16560,0,0,0,0,0,21523020,3216,0,21736006,3305,0
3188,34807836709811,34807840878976,19993991,sB-eth3,up,34807840721965,netem,26439624,19288,0,0,0,0,0,25417952,3812,0,25417242,3797,0
3189,34807856715892,34807858789084,20006081,sA-eth3,up,34807858615593,netem,22610788,16560,0,0,0,0,0,21523020,3216,0,21736006,3305,0
3189,34807856715892,34807860690025,20006081,sB-eth3,up,34807860531713,netem,26439624,19288,0,0,0,0,0,25417952,3812,0,25417242,3797,0
3190,34807876707502,34807878599063,19991610,sA-eth3,up,34807878426231,netem,22610788,16560,0,0,0,0,0,21523020,3216,0,21736006,3305,0
3190,34807876707502,34807880957819,19991610,sB-eth3,up,34807880795168,netem,26439624,19288,0,0,0,0,0,25417952,3812,0,25417242,3797,0
3191,34807896728153,34807898751706,20020651,sA-eth3,up,34807898551823,netem,22610788,16560,0,0,0,0,0,21523020,3216,0,21736006,3305,0
3191,34807896728153,34807900848679,20020651,sB-eth3,up,34807900676477,netem,26439624,19288,0,0,0,0,0,25417952,3812,0,25417242,3797,0
3192,34807916708804,34807918903278,19980651,sA-eth3,up,34807918723786,netem,22610788,16560,0,0,0,0,0,21523020,3216,0,21736006,3305,0
3192,34807916708804,34807921199513,19980651,sB-eth3,up,34807921037852,netem,26439624,19288,0,0,0,0,0,25417952,3812,0,25417242,3797,0
3193,34807936710985,34807939073711,20002181,sA-eth3,up,34807938876519,netem,22610788,16560,0,0,0,0,0,21523020,3216,0,21736006,3305,0
3193,34807936710985,34807941654239,20002181,sB-eth3,up,34807941490837,netem,26439624,19288,0,0,0,0,0,25417952,3812,0,25417242,3797,0
3194,34807956710966,34807959066142,19999981,sA-eth3,up,34807958856109,netem,22610788,16560,0,0,0,0,0,21523020,3216,0,21736006,3305,0
3194,34807956710966,34807961202666,19999981,sB-eth3,up,34807960972303,netem,26439624,19288,0,0,0,0,0,25417952,3812,0,25417242,3797,0
3195,34807976720196,34807978961211,20009230,sA-eth3,up,34807978760779,netem,22610788,16560,0,0,0,0,0,21523020,3216,0,21736006,3305,0
3195,34807976720196,34807981463099,20009230,sB-eth3,up,34807981290907,netem,26439624,19288,0,0,0,0,0,25417952,3812,0,25417242,3797,0
3196,34807996709758,34807998981793,19989562,sA-eth3,up,34807998798211,netem,22610788,16560,0,0,0,0,0,21523020,3216,0,21736006,3305,0
3196,34807996709758,34808001085816,19989562,sB-eth3,up,34808000870783,netem,26439624,19288,0,0,0,0,0,25417952,3812,0,25417242,3797,0
3197,34808016720568,34808019027384,20010810,sA-eth3,up,34808018825002,netem,22610788,16560,0,0,0,0,0,21523020,3216,0,21736006,3305,0
3197,34808016720568,34808021531132,20010810,sB-eth3,up,34808021346049,netem,26439624,19288,0,0,0,0,0,25417952,3812,0,25417242,3797,0
3198,34808036707879,34808038823053,19987311,sA-eth3,up,34808038649651,netem,22610788,16560,0,0,0,0,0,21523020,3216,0,21736006,3305,0
3198,34808036707879,34808041193709,19987311,sB-eth3,up,34808040943416,netem,26439624,19288,0,0,0,0,0,25417952,3812,0,25417242,3797,0
3199,34808056713181,34808058783673,20005302,sA-eth3,up,34808058580441,netem,22610788,16560,0,0,0,0,0,21523020,3216,0,21736006,3305,0
3199,34808056713181,34808060895456,20005302,sB-eth3,up,34808060722385,netem,26439624,19288,0,0,0,0,0,25417952,3812,0,25417242,3797,0
3200,34808076707561,34808078659813,19994380,sA-eth3,up,34808078483821,netem,22610788,16560,0,0,0,0,0,21523020,3216,0,21736006,3305,0
3200,34808076707561,34808080736616,19994380,sB-eth3,up,34808080570383,netem,26439624,19288,0,0,0,0,0,25417952,3812,0,25417242,3797,0
3201,34808096716922,34808098668103,20009361,sA-eth3,up,34808098487961,netem,22610788,16560,0,0,0,0,0,21523020,3216,0,21736006,3305,0
3201,34808096716922,34808100780897,20009361,sB-eth3,up,34808100617066,netem,26439624,19288,0,0,0,0,0,25417952,3812,0,25417242,3797,0
3202,34808116712823,34808118985589,19995901,sA-eth3,up,34808118806206,netem,22610788,16560,0,0,0,0,0,21523020,3216,0,21736006,3305,0
3202,34808116712823,34808120737538,19995901,sB-eth3,up,34808120573126,netem,26439624,19288,0,0,0,0,0,25417952,3812,0,25417242,3797,0
3203,34808136707714,34808138501164,19994891,sA-eth3,up,34808138328501,netem,22610788,16560,0,0,0,0,0,21523020,3216,0,21736006,3305,0
3203,34808136707714,34808140537596,19994891,sB-eth3,up,34808140377414,netem,26439624,19288,0,0,0,0,0,25417952,3812,0,25417242,3797,0
3204,34808156712264,34808158999859,20004550,sA-eth3,up,34808158814438,netem,22610788,16560,0,0,0,0,0,21523020,3216,0,21736006,3305,0
3204,34808156712264,34808160872091,20004550,sB-eth3,up,34808160705198,netem,26439624,19288,0,0,0,0,0,25417952,3812,0,25417242,3797,0
3205,34808176713816,34808178566986,20001552,sA-eth3,up,34808178390753,netem,22610788,16560,0,0,0,0,0,21523020,3216,0,21736006,3305,0
3205,34808176713816,34808180397546,20001552,sB-eth3,up,34808180201315,netem,26439624,19288,0,0,0,0,0,25417952,3812,0,25417242,3797,0
3206,34808196714156,34808198630588,20000340,sA-eth3,up,34808198443655,netem,22610788,16560,0,0,0,0,0,21523020,3216,0,21736006,3305,0
3206,34808196714156,34808200756651,20000340,sB-eth3,up,34808200583039,netem,26439624,19288,0,0,0,0,0,25417952,3812,0,25417242,3797,0
3207,34808216719888,34808218635409,20005732,sA-eth3,up,34808218447756,netem,22610788,16560,0,0,0,0,0,21523020,3216,0,21736006,3305,0
3207,34808216719888,34808220551170,20005732,sB-eth3,up,34808220368718,netem,26439624,19288,0,0,0,0,0,25417952,3812,0,25417242,3797,0
3208,34808236727398,34808238686040,20007510,sA-eth3,up,34808238490178,netem,22610788,16560,0,0,0,0,0,21523020,3216,0,21736006,3305,0
3208,34808236727398,34808240563221,20007510,sB-eth3,up,34808240392649,netem,26439624,19288,0,0,0,0,0,25417952,3812,0,25417242,3797,0
3209,34808256724459,34808258752181,19997061,sA-eth3,up,34808258553819,netem,22610788,16560,0,0,0,0,0,21523020,3216,0,21736006,3305,0
3209,34808256724459,34808260615902,19997061,sB-eth3,up,34808260442770,netem,26439624,19288,0,0,0,0,0,25417952,3812,0,25417242,3797,0
3210,34808276723421,34808278831903,19998962,sA-eth3,up,34808278636481,netem,22610788,16560,0,0,0,0,0,21523020,3216,0,21736006,3305,0
3210,34808276723421,34808280797005,19998962,sB-eth3,up,34808280607623,netem,26439624,19288,0,0,0,0,0,25417952,3812,0,25417242,3797,0
3211,34808296718751,34808298632662,19995330,sA-eth3,up,34808298437050,netem,22610788,16560,0,0,0,0,0,21523020,3216,0,21736006,3305,0
3211,34808296718751,34808300706525,19995330,sB-eth3,up,34808300536453,netem,26439624,19288,0,0,0,0,0,25417952,3812,0,25417242,3797,0
3212,34808316713782,34808318625063,19995031,sA-eth3,up,34808318440731,netem,22610788,16560,0,0,0,0,0,21523020,3216,0,21736006,3305,0
3212,34808316713782,34808320657555,19995031,sB-eth3,up,34808320486553,netem,26439624,19288,0,0,0,0,0,25417952,3812,0,25417242,3797,0
3213,34808336716893,34808338625824,20003111,sA-eth3,up,34808338444892,netem,22610788,16560,0,0,0,0,0,21523020,3216,0,21736006,3305,0
3213,34808336716893,34808340383633,20003111,sB-eth3,up,34808340209681,netem,26439624,19288,0,0,0,0,0,25417952,3812,0,25417242,3797,0
3214,34808356718954,34808358741236,20002061,sA-eth3,up,34808358526223,netem,22610788,16560,0,0,0,0,0,21523020,3216,0,21736006,3305,0
3214,34808356718954,34808360495395,20002061,sB-eth3,up,34808360323123,netem,26439624,19288,0,0,0,0,0,25417952,3812,0,25417242,3797,0
3215,34808376710244,34808378940129,19991290,sA-eth3,up,34808378765147,netem,22610788,16560,0,0,0,0,0,21523020,3216,0,21736006,3305,0
3215,34808376710244,34808380628338,19991290,sB-eth3,up,34808380466026,netem,26439624,19288,0,0,0,0,0,25417952,3812,0,25417242,3797,0
3216,34808396712895,34808399188982,20002651,sA-eth3,up,34808398991291,netem,22610788,16560,0,0,0,0,0,21523020,3216,0,21736006,3305,0
3216,34808396712895,34808401299726,20002651,sB-eth3,up,34808401098864,netem,26439624,19288,0,0,0,0,0,25417952,3812,0,25417242,3797,0
3217,34808416712366,34808418724659,19999471,sA-eth3,up,34808418538236,netem,22610788,16560,0,0,0,0,0,21523020,3216,0,21736006,3305,0
3217,34808416712366,34808421073174,19999471,sB-eth3,up,34808420881472,netem,26439624,19288,0,0,0,0,0,25417952,3812,0,25417242,3797,0
3218,34808436720647,34808438658169,20008281,sA-eth3,up,34808438465556,netem,22610788,16560,0,0,0,0,0,21523020,3216,0,21736006,3305,0
3218,34808436720647,34808441209487,20008281,sB-eth3,up,34808440994684,netem,26439624,19288,0,0,0,0,0,25417952,3812,0,25417242,3797,0
3219,34808456716239,34808459167445,19995592,sA-eth3,up,34808458923502,netem,22610788,16560,0,0,0,0,0,21523020,3216,0,21736006,3305,0
3219,34808456716239,34808461105626,19995592,sB-eth3,up,34808460905914,netem,26439690,19289,0,0,0,0,0,25418018,3813,0,25417308,3798,0
