poll_iteration,poll_start_ns,poll_end_ns,poll_interval_ns,interface,operstate,t_ns,kind,bytes,packets,drops,overlimits,requeues,backlog_bytes,qlen,rx_bytes,rx_packets,rx_dropped,tx_bytes,tx_packets,tx_dropped
0,660769777466,660771766027,0,sA-eth3,up,660771551015,netem,450,7,0,0,0,0,0,480,6,0,716,10,0
1,660789866206,660793349577,20088740,sA-eth3,up,660793153505,netem,450,7,0,0,0,0,0,480,6,0,716,10,0
2,660809869358,660811813940,20003152,sA-eth3,up,660811618638,netem,450,7,0,0,0,0,0,480,6,0,716,10,0
3,660829867209,660834279600,19997851,sA-eth3,up,660834038717,netem,614,9,0,0,0,0,0,534,7,0,880,12,0
4,660851046644,660854565204,21179435,sA-eth3,up,660854302811,netem,724,10,0,0,0,0,0,534,7,0,990,13,0
5,660869874770,660873346730,18828126,sA-eth3,up,660873157428,netem,724,10,0,0,0,0,0,534,7,0,990,13,0
6,660889871341,660892069197,19996571,sA-eth3,up,660891802714,netem,872,12,0,0,0,0,0,728,10,0,1138,15,0
7,660909873022,660911831014,20001681,sA-eth3,up,660911617302,netem,872,12,0,0,0,0,0,728,10,0,1138,15,0
8,660929870613,660932033038,19997591,sA-eth3,up,660931796015,netem,1012,14,0,0,0,0,0,802,11,0,1278,17,0
9,660949859284,660952496404,19988671,sA-eth3,up,660952045179,netem,1012,14,0,0,0,0,0,802,11,0,1278,17,0
10,660969870584,660972233432,20011300,sA-eth3,up,660972037490,netem,1276,18,0,0,0,66,1,43280,18,0,1542,21,0
11,660991041869,660993143433,21171285,sA-eth3,up,660992932140,netem,2134,31,0,0,0,66,1,443984,34,0,2466,35,0
12,661009868016,661011930270,18826147,sA-eth3,up,661011675227,netem,2596,38,0,0,0,66,1,683498,43,0,2862,41,0
13,661031036650,661033062283,21168634,sA-eth3,up,661032838781,netem,3190,47,0,0,0,0,0,792692,52,0,3456,50,0
14,661049865168,661052295416,18828518,sA-eth3,up,661052095634,netem,4444,66,0,0,0,66,1,1018188,68,0,4710,69,0
15,661069865479,661071929133,20000311,sA-eth3,up,661071675780,netem,5566,83,0,0,0,66,1,1265536,86,0,5898,87,0
16,661089867810,661091796202,20002331,sA-eth3,up,661091602730,netem,6754,101,0,0,0,66,1,1493994,103,0,7086,105,0
17,661109859750,661111766362,19991940,sA-eth3,up,661111580040,netem,7942,119,0,0,0,132,2,1738512,122,0,8274,123,0
18,661129866432,661131803894,20006682,sA-eth3,up,661131588132,netem,9196,138,0,0,0,66,1,1971380,140,0,9462,141,0
19,661149878344,661152254521,20011912,sA-eth3,up,661152031498,netem,10186,153,0,0,0,13716,3,2107284,152,0,10542,157,0
20,661169881006,661173015982,20002662,sA-eth3,up,661172751489,netem,210124,286,0,0,0,186222,5,2108384,168,0,202668,172,0
21,661189860808,661192108874,19979802,sA-eth3,up,661191841791,netem,472046,459,0,0,0,151400,4,2108846,175,0,453634,179,0
22,661209810699,661212043445,19949891,sA-eth3,up,661211847183,netem,699146,609,0,0,0,90840,5,2109242,181,0,671230,185,0
23,661229858912,661232173049,20048213,sA-eth3,up,661231909646,netem,971666,789,0,0,0,45420,3,2110496,200,0,933124,204,0
24,661249872885,661252397193,20013973,sA-eth3,up,661252169051,netem,1218534,953,0,0,0,56018,4,2111750,219,0,1184968,224,0
25,661269841656,661271770839,19968771,sA-eth3,up,661271573046,netem,1472886,1121,0,0,0,27252,2,2112872,236,0,1414940,242,0
26,661289867809,661291936543,20026153,sA-eth3,up,661291758611,netem,1721182,1285,0,0,0,48448,3,2113994,253,0,1653666,261,0
27,661309817530,661311811393,19949721,sA-eth3,up,661311617012,netem,1971212,1452,0,0,0,40878,3,2115182,271,0,1893994,281,0
28,661332665486,661334741699,22847956,sA-eth3,up,661334545697,netem,2203368,1606,0,0,0,0,0,2116370,289,0,2117174,299,0
29,661349884186,661352655947,17218700,sA-eth3,up,661352385565,netem,2203368,1606,0,0,0,0,0,2116370,289,0,2117174,299,0
30,661369841937,661371906922,19957751,sA-eth3,up,661371711209,netem,2203454,1607,0,0,0,0,0,2116370,289,0,2117260,300,0
31,661389857269,661392119466,20015332,sA-eth3,up,661391884543,netem,2203652,1610,0,0,0,66,1,2189190,295,0,2117458,303,0
32,661409862942,661412041818,20005673,sA-eth3,up,661411847695,netem,2204510,1623,0,0,0,0,0,2436538,313,0,2118316,316,0
33,661429883125,661432426234,20020183,sA-eth3,up,661432206311,netem,2204510,1623,0,0,0,0,0,2459990,317,0,2118316,316,0
34,661449861626,661452027021,19978501,sA-eth3,up,661451820089,netem,2204576,1624,0,0,0,0,0,2503628,320,0,2118382,317,0
35,661469859109,661472263117,19997483,sA-eth3,up,661472000863,netem,2204576,1624,0,0,0,0,0,2655012,332,0,2118382,317,0
36,661489882620,661492464001,20023511,sA-eth3,up,661492259488,netem,2204642,1625,0,0,0,0,0,2710300,336,0,2118448,318,0
37,661510085025,661512498763,20202405,sA-eth3,up,661512204261,netem,2204642,1625,0,0,0,0,0,2764140,340,0,2118448,318,0
38,661529860965,661531991170,19775940,sA-eth3,up,661531759127,netem,2333500,1712,0,0,0,0,0,2765654,341,0,2242290,329,0
39,661549858937,661551953862,19997972,sA-eth3,up,661551772379,netem,2335476,1720,0,0,0,66,1,2905322,351,0,2244332,338,0
40,661569859989,661571927043,20001052,sA-eth3,up,661571743311,netem,2494054,1841,0,0,0,15206,2,3144840,382,0,2396772,366,0
41,661589864662,661591912786,20004673,sA-eth3,up,661591708123,netem,2735836,2016,0,0,0,47132,7,3377184,414,0,2629116,398,0
42,661609858443,661612285321,19993781,sA-eth3,up,661612087389,netem,2991376,2202,0,0,0,36534,6,3640134,449,0,2886472,436,0
43,661629880846,661632022021,20022403,sA-eth3,up,661631773997,netem,3242374,2385,0,0,0,41010,5,3887156,484,0,3120462,471,0
44,661649813887,661652219975,19933041,sA-eth3,up,661651912142,netem,3485736,2562,0,0,0,74384,7,4118250,519,0,3366168,508,0
45,661669887350,661672249758,20073463,sA-eth3,up,661672017785,netem,3742658,2747,0,0,0,68130,5,4231712,542,0,3596932,538,0
46,661689869283,661692354221,19981933,sA-eth3,up,661692047668,netem,3980356,2904,0,0,0,102952,8,4232768,558,0,3842832,556,0
47,661709872094,661712661577,20002811,sA-eth3,up,661712402784,netem,4236222,3073,0,0,0,101438,7,4233824,574,0,4087284,574,0
48,661729873616,661732435597,20001522,sA-eth3,up,661732211304,netem,4404790,3185,0,0,0,0,0,4234418,583,0,4233258,585,0
49,661749856429,661752239776,19982813,sA-eth3,up,661752041045,netem,4404950,3187,0,0,0,0,0,4234418,583,0,4233418,587,0
50,661769836110,661772255049,19979681,sA-eth3,up,661772029076,netem,4404950,3187,0,0,0,0,0,4234418,583,0,4233418,587,0
51,661789866393,661792552574,20030283,sA-eth3,up,661792319861,netem,4404950,3187,0,0,0,0,0,4234418,583,0,4233418,587,0
52,661809859526,661812635188,19993133,sA-eth3,up,661812376494,netem,4405110,3189,0,0,0,0,0,4234418,583,0,4233578,589,0
53,661829818987,661832227105,19959461,sA-eth3,up,661831987782,netem,4405638,3197,0,0,0,66,1,4439534,597,0,4234172,598,0
54,661849859080,661852348819,20040093,sA-eth3,up,661852058695,netem,4406916,3216,0,0,0,66,1,4685434,616,0,4235384,616,0
55,661869857012,661872250849,19997932,sA-eth3,up,661872000477,netem,4408104,3234,0,0,0,66,1,4928438,633,0,4236572,634,0
56,661889821433,661892365813,19964421,sA-eth3,up,661892166881,netem,4409292,3252,0,0,0,66,1,5178814,653,0,4237826,653,0
57,661909857157,661913225605,20035724,sA-eth3,up,661912958972,netem,4410546,3271,0,0,0,66,1,5427610,671,0,4239080,672,0
58,661929843498,661932226805,19986341,sA-eth3,up,661931990403,netem,4411734,3289,0,0,0,66,1,5640140,688,0,4240202,689,0
59,661949867501,661952639163,20024003,sA-eth3,up,661952381850,netem,4412922,3307,0,0,0,66,1,5883144,706,0,4241456,708,0
60,661969859083,661972519634,19991582,sA-eth3,up,661972294191,netem,4414110,3325,0,0,0,66,1,6127662,725,0,4242644,726,0
61,661989882575,661992757518,20023492,sA-eth3,up,661992421624,netem,4415364,3344,0,0,0,66,1,6342088,742,0,4243898,745,0
62,662009864957,662012274235,19982382,sA-eth3,up,662012074163,netem,4415628,3348,0,0,0,0,0,6342088,742,0,4244096,748,0
63,662029859259,662032146926,19994302,sA-eth3,up,662031880743,netem,4415628,3348,0,0,0,0,0,6342088,742,0,4244096,748,0
64,662049871731,662051975796,20012472,sA-eth3,up,662051794864,netem,4415628,3348,0,0,0,0,0,6342088,742,0,4244096,748,0
65,662069859014,662071960387,19987283,sA-eth3,up,662071757715,netem,4550464,3438,0,0,0,34822,3,6342748,752,0,4373652,758,0
66,662089858046,662091850750,19999032,sA-eth3,up,662091663077,netem,4789676,3596,0,0,0,49962,3,6343672,766,0,4619552,776,0
67,662109861308,662111823201,20003262,sA-eth3,up,662111631088,netem,5045542,3765,0,0,0,49962,3,6344794,783,0,4849458,793,0
68,662129860490,662131807313,19999182,sA-eth3,up,662131608831,netem,5289296,3926,0,0,0,59046,4,6345916,800,0,5083708,810,0
69,662149867964,662152188360,20007474,sA-eth3,up,662151980398,netem,5555760,4102,0,0,0,68130,4,6347104,818,0,5339810,829,0
70,662169866367,662173498919,19998403,sA-eth3,up,662173305927,netem,5810112,4270,0,0,0,77214,6,6348358,837,0,5598808,848,0
71,662189863190,662192525972,19996823,sA-eth3,up,662192304669,netem,6059922,4435,0,0,0,52990,4,6349348,852,0,5824436,866,0
72,662209865753,662211874638,20002563,sA-eth3,up,662211674906,netem,6302162,4595,0,0,0,52990,4,6350536,870,0,6057304,884,0
73,662229882967,662232187414,20017214,sA-eth3,up,662231979822,netem,6544402,4755,0,0,0,60560,4,6351790,889,0,6304718,903,0
74,662249870241,662252138898,19987274,sA-eth3,up,662251914195,netem,6608504,4798,0,0,0,0,0,6352054,893,0,6351766,907,0
75,662269879674,662273384195,20009433,sA-eth3,up,662273177842,netem,6608664,4800,0,0,0,0,0,6352054,893,0,6351926,909,0
76,662289884638,662292056773,20004964,sA-eth3,up,662291761240,netem,6608664,4800,0,0,0,0,0,6352054,893,0,6351926,909,0
77,662309880651,662312376401,19996013,sA-eth3,up,662312094907,netem,6608664,4800,0,0,0,0,0,6352054,893,0,6351926,909,0
78,662329879455,662332451135,19998804,sA-eth3,up,662332203112,netem,6608664,4800,0,0,0,0,0,6352054,893,0,6351926,909,0
79,662349893938,662352328847,20014483,sA-eth3,up,662352112784,netem,6608664,4800,0,0,0,0,0,6352054,893,0,6351926,909,0
80,662369834821,662371841485,19940883,sA-eth3,up,662371654533,netem,6608664,4800,0,0,0,0,0,6352054,893,0,6351926,909,0
81,662389868295,662391998910,20033474,sA-eth3,up,662391810148,netem,6608824,4802,0,0,0,0,0,6352054,893,0,6352086,911,0
82,662409866529,662412566090,19998234,sA-eth3,up,662412339097,netem,6608824,4802,0,0,0,0,0,6352054,893,0,6352086,911,0
83,662429863302,662431993697,19996773,sA-eth3,up,662431797085,netem,6608824,4802,0,0,0,0,0,6352054,893,0,6352086,911,0
84,662461038266,662463648337,31174964,sA-eth3,up,662463394484,netem,6608824,4802,0,0,0,0,0,6352214,895,0,6352086,911,0
85,662469878989,662477428607,8840723,sA-eth3,up,662477179394,netem,6609088,4806,0,0,0,66,1,6520998,907,0,6352614,919,0
86,662489886263,662493390734,20007274,sA-eth3,up,662493179821,netem,6610276,4824,0,0,0,66,1,6708780,922,0,6353604,934,0
87,662509888496,662514433269,20002233,sA-eth3,up,662514198686,netem,6611398,4841,0,0,0,66,1,6970674,941,0,6354858,953,0
88,662529878069,662532478980,19989573,sA-eth3,up,662532215017,netem,6612676,4860,0,0,0,66,1,7181690,957,0,6356004,970,0
89,662549882783,662552891018,20004714,sA-eth3,up,662552673075,netem,6613930,4879,0,0,0,66,1,7429194,977,0,6357258,989,0
90,662569872786,662572645499,19990003,sA-eth3,up,662572447037,netem,6615184,4898,0,0,0,66,1,7669302,995,0,6358446,1007,0
91,662589876530,662592490110,20003744,sA-eth3,up,662592264628,netem,6616372,4916,0,0,0,66,1,7902170,1013,0,6359634,1025,0
92,662609874223,662612452653,19997693,sA-eth3,up,662612248111,netem,6617560,4934,0,0,0,66,1,8149584,1032,0,6360822,1043,0
93,662629875027,662632570689,20000804,sA-eth3,up,662632364596,netem,6618814,4953,0,0,0,0,0,8386796,1050,0,6362076,1062,0
94,662651045394,662653938228,21170367,sA-eth3,up,662653672045,netem,6619474,4963,0,0,0,0,0,8460040,1056,0,6362736,1072,0
95,662672040369,662674571209,20994975,sA-eth3,up,662674372936,netem,6757338,5055,0,0,0,56018,4,8460700,1066,0,6508220,1082,0
96,662689866077,662691963452,17825708,sA-eth3,up,662691775570,netem,6975354,5199,0,0,0,45420,3,8461690,1081,0,6719236,1098,0
97,662709886181,662712028316,20020104,sA-eth3,up,662711822964,netem,7225164,5364,0,0,0,52990,4,8462812,1098,0,6959344,1116,0
98,662729870395,662732024409,19984214,sA-eth3,up,662731812857,netem,7482544,5534,0,0,0,37850,3,8464000,1116,0,7192212,1134,0
99,662749869828,662751950292,19999433,sA-eth3,up,662751763739,netem,7724784,5694,0,0,0,45420,3,8465188,1134,0,7439626,1153,0
100,662769872361,662773360992,20002533,sA-eth3,up,662773154430,netem,7974594,5859,0,0,0,52990,4,8466376,1152,0,7687040,1172,0
101,662789893645,662792175071,20021284,sA-eth3,up,662791936079,netem,8231974,6029,0,0,0,52990,4,8467432,1169,0,7912602,1189,0
102,662809881589,662812492439,19987944,sA-eth3,up,662812238416,netem,8489354,6199,0,0,0,49962,3,8468752,1188,0,8160016,1208,0
103,662829884692,662833404903,20003103,sA-eth3,up,662833188350,netem,8731594,6359,0,0,0,65102,5,8469874,1205,0,8407364,1226,0
104,662849873485,662852525096,19988793,sA-eth3,up,662852211522,netem,8812680,6418,0,0,0,0,0,8567706,1218,0,8470670,1235,0
105,662869866038,662872084615,19992553,sA-eth3,up,662871873282,netem,8813802,6435,0,0,0,66,1,8826704,1236,0,8471792,1252,0
106,662889867822,662892109409,20001784,sA-eth3,up,662891878636,netem,8814990,6453,0,0,0,66,1,9066812,1254,0,8473046,1271,0
107,662909861665,662912023590,19993843,sA-eth3,up,662911792158,netem,8816178,6471,0,0,0,66,1,9299680,1272,0,8474234,1289,0
108,662929860238,662931930343,19998573,sA-eth3,up,662931743911,netem,8817432,6490,0,0,0,66,1,9532548,1290,0,8475422,1307,0
109,662949861032,662951890186,20000794,sA-eth3,up,662951684103,netem,8818554,6507,0,0,0,132,2,9772656,1308,0,8476676,1326,0
110,662969861826,662971928190,20000794,sA-eth3,up,662971743048,netem,8819742,6525,0,0,0,66,1,10020004,1326,0,8477798,1343,0
111,662989887950,662992631582,20026124,sA-eth3,up,662992413900,netem,8820996,6544,0,0,0,66,1,10267418,1345,0,8479052,1362,0
112,663009866133,663012404523,19978183,sA-eth3,up,663012114549,netem,8822118,6561,0,0,0,132,2,10500220,1362,0,8480174,1379,0
113,663029872297,663034398030,20006164,sA-eth3,up,663034193177,netem,8924306,6639,0,0,0,0,0,10577742,1367,0,8578336,1396,0
114,663049864950,663052187638,19992653,sA-eth3,up,663051986715,netem,9063594,6731,0,0,0,62074,4,10578336,1376,0,8731036,1406,0
115,663069861454,663072191290,19996504,sA-eth3,up,663071963477,netem,9316432,6898,0,0,0,68130,4,10579260,1390,0,8971144,1424,0
116,663089858637,663092413176,19997183,sA-eth3,up,663092226435,netem,9570784,7066,0,0,0,65192,6,10580250,1405,0,9217044,1442,0
117,663109859090,663112668653,20000453,sA-eth3,up,663112419720,netem,9826740,7236,0,0,0,68130,5,10581438,1423,0,9461586,1461,0
118,663131036807,663133446125,21177717,sA-eth3,up,663133200252,netem,10082606,7405,0,0,0,84784,6,10582494,1439,0,9707552,1480,0
119,663149872739,663151857002,18835932,sA-eth3,up,663151663640,netem,10317276,7560,0,0,0,87812,6,10583352,1452,0,9933048,1496,0
120,663169862153,663172251771,19989414,sA-eth3,up,663172064919,netem,10573142,7729,0,0,0,87812,6,10584408,1468,0,10162954,1513,0
121,663189862418,663192259036,20000265,sA-eth3,up,663191994953,netem,10815382,7889,0,0,0,101438,7,10585464,1484,0,10414646,1531,0
122,663209886604,663212404332,20024186,sA-eth3,up,663212184770,netem,11015744,8022,0,0,0,0,0,10586124,1494,0,10588264,1544,0
123,663229900468,663232143934,20013864,sA-eth3,up,663231928331,netem,11015744,8022,0,0,0,0,0,10586124,1494,0,10588264,1544,0
124,663249858842,663252375032,19958374,sA-eth3,up,663252102408,netem,11015810,8023,0,0,0,66,1,10634196,1498,0,10588396,1546,0
125,663269868297,663271905932,20009455,sA-eth3,up,663271710519,netem,11016866,8039,0,0,0,0,0,10880030,1515,0,10589386,1561,0
126,663289883332,663292294200,20015035,sA-eth3,up,663292098508,netem,11018054,8057,0,0,0,0,0,11140476,1534,0,10590574,1579,0
127,663309868997,663312097723,19985665,sA-eth3,up,663311831050,netem,11019176,8074,0,0,0,132,2,11380584,1552,0,10591762,1597,0
128,663329869052,663332150267,20000055,sA-eth3,up,663331911425,netem,11020430,8093,0,0,0,66,1,11613452,1570,0,10592950,1615,0
129,663349863616,663351964551,19994564,sA-eth3,up,663351773898,netem,11021708,8112,0,0,0,66,1,11860866,1589,0,10594294,1635,0
130,663369861150,663371985845,19997534,sA-eth3,up,663371798783,netem,11022962,8131,0,0,0,66,1,12100974,1607,0,10595482,1653,0
131,663389861716,663391974190,20000566,sA-eth3,up,663391780919,netem,11024150,8149,0,0,0,66,1,12333842,1625,0,10596670,1671,0
132,663411041974,663413503283,21180258,sA-eth3,up,663413256991,netem,11025074,8163,0,0,0,0,0,12541962,1641,0,10597594,1685,0
133,663429889946,663432887981,18847972,sA-eth3,up,663432632108,netem,11025536,8170,0,0,0,66,1,12675838,1651,0,10598122,1693,0
134,663449883800,663451990045,19993854,sA-eth3,up,663451802192,netem,11025932,8176,0,0,0,0,0,12693794,1653,0,10598452,1698,0
135,663469861104,663471942069,19977304,sA-eth3,up,663471719166,netem,11025932,8176,0,0,0,0,0,12693794,1653,0,10598452,1698,0
136,663489873170,663492888065,20012066,sA-eth3,up,663492625042,netem,11025932,8176,0,0,0,0,0,12693794,1653,0,10598452,1698,0
137,663509864524,663512113370,19991354,sA-eth3,up,663511856887,netem,11025932,8176,0,0,0,0,0,12693794,1653,0,10598452,1698,0
138,663529857279,663531818042,19992755,sA-eth3,up,663531627729,netem,11025932,8176,0,0,0,0,0,12693794,1653,0,10598452,1698,0
139,663549815553,663552140530,19958274,sA-eth3,up,663551920628,netem,11212244,8300,0,0,0,33308,2,12694652,1666,0,10777438,1711,0
140,663569875319,663572914054,20059766,sA-eth3,up,663572674472,netem,11433288,8446,0,0,0,51476,4,12695246,1675,0,11007410,1729,0
141,663589866243,663592180191,19990924,sA-eth3,up,663591973289,netem,11689154,8615,0,0,0,49962,4,12696236,1690,0,11235736,1744,0
142,663609871998,663612363588,20005755,sA-eth3,up,663612148145,netem,11928366,8773,0,0,0,60560,4,12697424,1708,0,11480254,1763,0
143,663629869912,663631831615,19997914,sA-eth3,up,663631635624,netem,12172120,8934,0,0,0,74186,5,12698546,1725,0,11714570,1781,0
144,663649858057,663651844041,19988145,sA-eth3,up,663651626519,netem,12429500,9104,0,0,0,59046,4,12699668,1742,0,11947438,1799,0
145,663669866733,663671786855,20008676,sA-eth3,up,663671588683,netem,12677796,9268,0,0,0,57532,4,12700922,1761,0,12197748,1818,0
146,663689865337,663691893531,19998604,sA-eth3,up,663691677128,netem,12930634,9435,0,0,0,65102,5,12702044,1778,0,12440752,1836,0
147,663709870952,663713628386,20005615,sA-eth3,up,663713382834,netem,13184986,9603,0,0,0,33822,3,12703298,1797,0,12696920,1856,0
148,663729879156,663732457188,20008204,sA-eth3,up,663732219844,netem,13218808,9626,0,0,0,0,0,12703364,1798,0,12706122,1857,0
149,663749920212,663752175268,20041056,sA-eth3,up,663751935766,netem,13218808,9626,0,0,0,0,0,12703364,1798,0,12706122,1857,0
150,663769832506,663772105822,19912294,sA-eth3,up,663771883840,netem,13218808,9626,0,0,0,0,0,12703364,1798,0,12706122,1857,0
151,663789852951,663791836284,20020445,sA-eth3,up,663791645611,netem,13218808,9626,0,0,0,0,0,12703364,1798,0,12706122,1857,0
152,663809868705,663811969200,20015754,sA-eth3,up,663811784078,netem,13218808,9626,0,0,0,0,0,12703364,1798,0,12706122,1857,0
153,663829871351,663831834574,20002646,sA-eth3,up,663831636111,netem,13218808,9626,0,0,0,0,0,12703364,1798,0,12706122,1857,0
154,663849896295,663852225803,20024944,sA-eth3,up,663851989261,netem,13218808,9626,0,0,0,0,0,12703364,1798,0,12706122,1857,0
155,663869889720,663872132607,19993425,sA-eth3,up,663871905495,netem,13218808,9626,0,0,0,0,0,12703364,1798,0,12706122,1857,0
156,663889868454,663891904369,19978734,sA-eth3,up,663891713777,netem,13218808,9626,0,0,0,0,0,12703364,1798,0,12706122,1857,0
157,663910160593,663912693443,20292139,sA-eth3,up,663912445740,netem,13218808,9626,0,0,0,0,0,12703364,1798,0,12706122,1857,0
158,663929874524,663933165833,19713931,sA-eth3,up,663932939970,netem,13219072,9630,0,0,0,0,0,12822652,1806,0,12706386,1861,0
159,663949857389,663952031115,19982865,sA-eth3,up,663951803952,netem,13220194,9647,0,0,0,0,0,13045318,1823,0,12707508,1878,0
160,663969858543,663972481184,20001154,sA-eth3,up,663971940028,netem,13221316,9664,0,0,0,66,1,13291284,1842,0,12708696,1896,0
161,663989860058,663991929363,20001515,sA-eth3,up,663991747760,netem,13222570,9683,0,0,0,66,1,13534354,1861,0,12709884,1915,0
162,664009861954,664011904807,20001896,sA-eth3,up,664011711615,netem,13223824,9702,0,0,0,0,0,13759916,1878,0,12711138,1933,0
163,664029870818,664031922173,20008864,sA-eth3,up,664031741731,netem,13225012,9720,0,0,0,0,0,14007330,1897,0,12712326,1951,0
164,664049872053,664051935997,20001235,sA-eth3,up,664051745025,netem,13226134,9737,0,0,0,66,1,14254744,1916,0,12713514,1969,0
165,664069853837,664071941502,19981784,sA-eth3,up,664071748939,netem,13227388,9756,0,0,0,0,0,14487612,1934,0,12714702,1987,0
166,664089863573,664091965357,20009736,sA-eth3,up,664091778295,netem,13228510,9773,0,0,0,132,2,14727720,1952,0,12715890,2005,0
167,664109852337,664112300985,19988764,sA-eth3,up,664112082953,netem,13274878,9817,0,0,0,15140,1,14811430,1963,0,12760410,2021,0
168,664129859002,664132155299,20006665,sA-eth3,up,664131952056,netem,13517118,9977,0,0,0,42392,3,14812420,1978,0,13004862,2039,0
169,664149871187,664152054794,20012185,sA-eth3,up,664151787881,netem,13769956,10144,0,0,0,37850,3,14813542,1995,0,13236216,2056,0
170,664169853754,664171909899,19982567,sA-eth3,up,664171729566,netem,14009168,10302,0,0,0,52990,4,14814598,2011,0,13480734,2075,0
171,664189858809,664200414574,20005055,sA-eth3,up,664200190912,netem,14283202,10483,0,0,0,33308,2,14815720,2028,0,13729596,2094,0
172,664209854586,664211954141,19995777,sA-eth3,up,664211753788,netem,14422490,10575,0,0,0,48448,3,14816182,2035,0,13863406,2103,0
173,664229858112,664231917506,20003526,sA-eth3,up,664231734794,netem,14675328,10742,0,0,0,66616,4,14817172,2050,0,14106410,2121,0
174,664249862568,664252046383,20004456,sA-eth3,up,664251839161,netem,14913026,10899,0,0,0,72672,5,14818162,2065,0,14350862,2139,0
175,664269830753,664271948239,19968185,sA-eth3,up,664271734436,netem,15168892,11068,0,0,0,84784,6,14819218,2081,0,14580768,2156,0
176,664294051600,664298395730,24220847,sA-eth3,up,664298193908,netem,15422244,11236,0,0,0,0,0,14820274,2097,0,14824154,2173,0
177,664309855736,664312459197,15804136,sA-eth3,up,664312205264,netem,15422310,11237,0,0,0,66,1,14871242,2101,0,14824220,2174,0
178,664329859382,664332139819,20003646,sA-eth3,up,664331912917,netem,15423234,11251,0,0,0,66,1,15115496,2116,0,14825144,2188,0
179,664349859399,664352123185,20000017,sA-eth3,up,664351890282,netem,15423300,11252,0,0,0,0,0,15176576,2120,0,14825210,2189,0
180,664369859804,664372112761,20000405,sA-eth3,up,664371879949,netem,15423300,11252,0,0,0,0,0,15176576,2120,0,14825210,2189,0
181,664389853950,664391973186,19994146,sA-eth3,up,664391756263,netem,15423366,11253,0,0,0,0,0,15358302,2131,0,14825276,2190,0
182,664409872416,664412236364,20018466,sA-eth3,up,664412034412,netem,15423366,11253,0,0,0,0,0,15368504,2132,0,14825276,2190,0
183,664429859413,664432088929,19986997,sA-eth3,up,664431869856,netem,15423432,11254,0,0,0,0,0,15641586,2145,0,14825342,2191,0
184,664449855358,664452187726,19995945,sA-eth3,up,664451939643,netem,15423432,11254,0,0,0,0,0,15641586,2145,0,14825342,2191,0
185,664469858854,664472403045,20003496,sA-eth3,up,664472208942,netem,15423498,11255,0,0,0,0,0,15782702,2155,0,14825408,2192,0
186,664489818290,664492053816,19959436,sA-eth3,up,664491837954,netem,15541680,11334,0,0,0,54504,3,15963376,2172,0,14957860,2202,0
187,664509884307,664512136003,20066017,sA-eth3,up,664511908711,netem,15798206,11513,0,0,0,68262,7,16182424,2200,0,15201590,2231,0
188,664529864142,664532143760,19979835,sA-eth3,up,664531921877,netem,16054996,11696,0,0,0,68262,7,16448072,2232,0,15432354,2261,0
189,664549859869,664551912753,19995727,sA-eth3,up,664551684530,netem,16305664,11874,0,0,0,68262,7,16710758,2263,0,15673254,2291,0
190,664569862664,664571968550,20002795,sA-eth3,up,664571784537,netem,16550276,12048,0,0,0,84916,8,16930320,2292,0,15924488,2324,0
191,664589862031,664592372781,19999367,sA-eth3,up,664592130057,netem,16806604,12224,0,0,0,84784,6,16931310,2307,0,16154790,2347,0
192,664609876987,664612143804,20014956,sA-eth3,up,664611923281,netem,17054900,12388,0,0,0,90840,6,16932234,2321,0,16393384,2364,0
193,664629885403,664632311462,20008416,sA-eth3,up,664632091859,netem,17303196,12552,0,0,0,98410,7,16933290,2337,0,16632044,2382,0
194,664649862139,664651837652,19976736,sA-eth3,up,664651637550,netem,17556034,12719,0,0,0,64102,5,16934346,2353,0,16875114,2401,0
195,664669866245,664671871489,20004106,sA-eth3,up,664671676196,netem,17620136,12762,0,0,0,0,0,16934742,2359,0,16936708,2406,0
196,664689861381,664692555423,19995136,sA-eth3,up,664692260590,netem,17620136,12762,0,0,0,0,0,16934742,2359,0,16936708,2406,0
197,664710134320,664712908123,20272939,sA-eth3,up,664712594960,netem,17620136,12762,0,0,0,0,0,17081608,2368,0,16936708,2406,0
198,664729867383,664732210620,19733063,sA-eth3,up,664731980938,netem,17620136,12762,0,0,0,0,0,17302628,2382,0,16936708,2406,0
199,664749833359,664751960564,19965976,sA-eth3,up,664751755232,netem,17620202,12763,0,0,0,0,0,17564324,2398,0,16936774,2407,0
200,664769830675,664771991260,19997316,sA-eth3,up,664771785397,netem,17620268,12764,0,0,0,0,0,17846358,2415,0,16936840,2408,0
201,664789857632,664791937526,20026957,sA-eth3,up,664791747374,netem,17620268,12764,0,0,0,0,0,18108054,2431,0,16936840,2408,0
202,664810253472,664812865032,20395840,sA-eth3,up,664812591940,netem,17620334,12765,0,0,0,0,0,18349412,2447,0,16936906,2409,0
203,664829898754,664832443624,19645282,sA-eth3,up,664832173281,netem,17620400,12766,0,0,0,0,0,18586360,2460,0,16936972,2410,0
204,664849862979,664852094976,19964225,sA-eth3,up,664851844673,netem,17620400,12766,0,0,0,0,0,18848056,2476,0,16936972,2410,0
205,664869842915,664871941721,19979936,sA-eth3,up,664871759558,netem,17620466,12767,0,0,0,0,0,19040300,2486,0,16937038,2411,0
206,664889964843,664891871516,20121928,sA-eth3,up,664891684423,netem,17620466,12767,0,0,0,0,0,19040300,2486,0,16937038,2411,0
207,664909865288,664911781790,19900445,sA-eth3,up,664911590078,netem,17620532,12768,0,0,0,0,0,19040300,2486,0,16937104,2412,0
208,664929858483,664931709935,19993195,sA-eth3,up,664931526633,netem,17620532,12768,0,0,0,0,0,19040300,2486,0,16937104,2412,0
209,664949859660,664951686391,20001177,sA-eth3,up,664951511429,netem,17620532,12768,0,0,0,0,0,19040300,2486,0,16937104,2412,0
210,664969863335,664972319185,20003675,sA-eth3,up,664972138672,netem,17620532,12768,0,0,0,0,0,19040300,2486,0,16937104,2412,0
211,664989872412,664991995057,20009077,sA-eth3,up,664991812935,netem,17620532,12768,0,0,0,0,0,19040300,2486,0,16937104,2412,0
212,665009866757,665012240946,19994345,sA-eth3,up,665011971342,netem,17620622,12769,0,0,0,30280,2,19040432,2488,0,16951740,2414,0
213,665029868994,665031810036,20002237,sA-eth3,up,665031618054,netem,17870432,12934,0,0,0,52990,4,19041356,2502,0,17188886,2431,0
214,665049868369,665052321489,19999375,sA-eth3,up,665052132516,netem,17976412,13004,0,0,0,30280,2,19041620,2506,0,17293736,2440,0
215,665069877456,665071969451,20009087,sA-eth3,up,665071775218,netem,18235306,13175,0,0,0,37850,3,19042676,2522,0,17527986,2457,0
216,665089876601,665092141049,19999145,sA-eth3,up,665091904746,netem,18483602,13339,0,0,0,36336,2,19043798,2539,0,17766712,2476,0
217,665109862738,665111993813,19986137,sA-eth3,up,665111799060,netem,18725842,13499,0,0,0,68130,4,19044722,2553,0,18015574,2495,0
218,665129868684,665132104250,20005946,sA-eth3,up,665131894528,netem,18980194,13667,0,0,0,84784,6,19045778,2569,0,18243966,2511,0
219,665149879231,665151996056,20010547,sA-eth3,up,665151797054,netem,19236060,13836,0,0,0,119606,9,19046834,2585,0,18489866,2529,0
220,665169866409,665171804921,19987178,sA-eth3,up,665171608699,netem,19475272,13994,0,0,0,118092,8,19047758,2599,0,18719772,2546,0
221,665189869066,665192284334,20002657,sA-eth3,up,665192048131,netem,19731138,14163,0,0,0,82270,5,19048880,2616,0,18965672,2564,0
222,665209869853,665212102190,20000787,sA-eth3,up,665211879767,netem,19813408,14218,0,0,0,0,0,19049210,2621,0,19044642,2569,0
223,665229862790,665231888505,19992937,sA-eth3,up,665231690582,netem,19813408,14218,0,0,0,0,0,19049210,2621,0,19044642,2569,0
224,665249860698,665251820360,19997908,sA-eth3,up,665251630388,netem,19813408,14218,0,0,0,0,0,19049210,2621,0,19044642,2569,0
225,665269861805,665272370635,20001107,sA-eth3,up,665272116512,netem,19813408,14218,0,0,0,0,0,19049210,2621,0,19044642,2569,0
226,665289874773,665292246931,20012968,sA-eth3,up,665292019068,netem,19813408,14218,0,0,0,0,0,19049210,2621,0,19044642,2569,0
227,665309866469,665312245598,19991696,sA-eth3,up,665311973246,netem,19813408,14218,0,0,0,0,0,19049210,2621,0,19044642,2569,0
228,665329866287,665332695391,19999818,sA-eth3,up,665332507478,netem,19813408,14218,0,0,0,0,0,19049210,2621,0,19044642,2569,0
229,665349862604,665351732146,19996317,sA-eth3,up,665351541054,netem,19813408,14218,0,0,0,0,0,19049210,2621,0,19044642,2569,0
230,665369856512,665371717604,19993908,sA-eth3,up,665371528102,netem,19813408,14218,0,0,0,0,0,19049210,2621,0,19044642,2569,0
231,665389872230,665391761932,20015718,sA-eth3,up,665391575790,netem,19813408,14218,0,0,0,0,0,19049210,2621,0,19044642,2569,0
232,665410265881,665413458739,20393651,sA-eth3,up,665413289097,netem,19813478,14219,0,0,0,0,0,19049210,2621,0,19044712,2570,0
233,665429839733,665432440394,19573852,sA-eth3,up,665432193091,netem,19813478,14219,0,0,0,0,0,19049210,2621,0,19044712,2570,0
234,665451043786,665453750516,21204053,sA-eth3,up,665453542394,netem,19813478,14219,0,0,0,0,0,19049210,2621,0,19044712,2570,0
235,665469869529,665472109844,18825743,sA-eth3,up,665471900362,netem,19813478,14219,0,0,0,0,0,19049210,2621,0,19044712,2570,0
236,665489876365,665492057102,20006836,sA-eth3,up,665491840699,netem,19813478,14219,0,0,0,0,0,19049210,2621,0,19044712,2570,0
237,665509871603,665512200730,19995238,sA-eth3,up,665511931397,netem,19813478,14219,0,0,0,0,0,19049210,2621,0,19044712,2570,0
238,665529869180,665531945025,19997577,sA-eth3,up,665531758133,netem,19813478,14219,0,0,0,0,0,19049210,2621,0,19044712,2570,0
239,665549864468,665552316856,19995288,sA-eth3,up,665552133465,netem,19813478,14219,0,0,0,0,0,19049210,2621,0,19044712,2570,0
240,665569872565,665571956980,20008097,sA-eth3,up,665571696196,netem,19813478,14219,0,0,0,0,0,19049210,2621,0,19044712,2570,0
241,665589868732,665591863046,19996167,sA-eth3,up,665591671844,netem,19813478,14219,0,0,0,0,0,19049210,2621,0,19044712,2570,0
242,665609869769,665613667985,20001037,sA-eth3,up,665613425542,netem,19813568,14220,0,0,0,33308,2,19049276,2622,0,19044802,2571,0
243,665629865977,665632448577,19996208,sA-eth3,up,665632232685,netem,20051266,14377,0,0,0,33308,2,19050266,2637,0,19273194,2587,0
244,665649869855,665652063420,20003878,sA-eth3,up,665651865008,netem,20299562,14541,0,0,0,22710,2,19051454,2655,0,19519160,2606,0
245,665669857331,665672036518,19987476,sA-eth3,up,665671810165,netem,20541802,14701,0,0,0,30280,2,19052576,2672,0,19759268,2624,0
246,665689833769,665691991374,19976438,sA-eth3,up,665691810541,netem,20796154,14869,0,0,0,30280,2,19053632,2688,0,19989240,2642,0
247,665709849906,665712094023,20016137,sA-eth3,up,665711879650,netem,21042936,15032,0,0,0,43906,4,19054688,2704,0,20239550,2661,0
248,665729821463,665732207981,19971557,sA-eth3,up,665731941098,netem,21297288,15200,0,0,0,45420,3,19055744,2720,0,20470904,2678,0
249,665749874951,665753336412,20053488,sA-eth3,up,665753149789,netem,21550126,15367,0,0,0,71158,4,19056800,2736,0,20729902,2697,0
250,665769865438,665771909602,19990487,sA-eth3,up,665771730230,netem,21787824,15524,0,0,0,86298,6,19057658,2749,0,20959808,2714,0
251,665789867095,665792102082,20001657,sA-eth3,up,665791823948,netem,22006354,15669,0,0,0,0,0,19058450,2761,0,21152250,2727,0
252,665809868393,665812036218,20001298,sA-eth3,up,665811814795,netem,22006354,15669,0,0,0,0,0,19058450,2761,0,21152250,2727,0
253,665829856730,665832247188,19988337,sA-eth3,up,665831985425,netem,22006354,15669,0,0,0,0,0,19058450,2761,0,21152250,2727,0
254,665849868187,665851830741,20011457,sA-eth3,up,665851641978,netem,22006354,15669,0,0,0,0,0,19058450,2761,0,21152250,2727,0
255,665869859054,665871721217,19990867,sA-eth3,up,665871534344,netem,22006354,15669,0,0,0,0,0,19058450,2761,0,21152250,2727,0
256,665889859092,665891719164,20000038,sA-eth3,up,665891535922,netem,22006354,15669,0,0,0,0,0,19058450,2761,0,21152250,2727,0
257,665910107062,665912378529,20247970,sA-eth3,up,665912190807,netem,22006354,15669,0,0,0,0,0,19058450,2761,0,21152250,2727,0
258,665931035490,665933088325,20928428,sA-eth3,up,665932880762,netem,22006354,15669,0,0,0,0,0,19058450,2761,0,21152250,2727,0
259,665949863523,665951897358,18828033,sA-eth3,up,665951708726,netem,22006354,15669,0,0,0,0,0,19058450,2761,0,21152250,2727,0
260,665969866891,665971911686,20003368,sA-eth3,up,665971725023,netem,22006354,15669,0,0,0,0,0,19058450,2761,0,21152250,2727,0
261,665989873979,665992226917,20007088,sA-eth3,up,665991900813,netem,22006354,15669,0,0,0,0,0,19058450,2761,0,21152250,2727,0
262,666009860706,666011985961,19986727,sA-eth3,up,666011804039,netem,22006354,15669,0,0,0,0,0,19058450,2761,0,21152250,2727,0
263,666029859533,666031901877,19998827,sA-eth3,up,666031682004,netem,22006354,15669,0,0,0,0,0,19058450,2761,0,21152250,2727,0
264,666050474717,666052762575,20615184,sA-eth3,up,666052503262,netem,22006354,15669,0,0,0,0,0,19058450,2761,0,21152250,2727,0
265,666069876978,666072956515,19402261,sA-eth3,up,666072766512,netem,22006354,15669,0,0,0,0,0,19058450,2761,0,21152250,2727,0
266,666089864395,666091792628,19987417,sA-eth3,up,666091604365,netem,22006354,15669,0,0,0,0,0,19058450,2761,0,21152250,2727,0
267,666109865563,666112505304,20001168,sA-eth3,up,666112251450,netem,22006424,15670,0,0,0,0,0,19058450,2761,0,21152320,2728,0
268,666129864369,666131883483,19998806,sA-eth3,up,666131692381,netem,22006424,15670,0,0,0,0,0,19058450,2761,0,21152320,2728,0
269,666151144923,666153681544,21280554,sA-eth3,up,666153430521,netem,22006424,15670,0,0,0,0,0,19058450,2761,0,21152320,2728,0
270,666169890576,666172908993,18745653,sA-eth3,up,666172626020,netem,22227712,15820,0,0,0,33308,2,19059524,2778,0,21365028,2748,0
271,666189837505,666191997191,19946929,sA-eth3,up,666191769798,netem,22363972,15910,0,0,0,0,0,19059524,2778,0,21496008,2758,0
272,666209866773,666212279672,20029268,sA-eth3,up,666212037720,netem,22368514,15913,0,0,0,0,0,19059524,2778,0,21500418,2759,0
273,666229901503,666235071935,20034730,sA-eth3,up,666234849782,netem,22585016,16056,0,0,0,16654,1,19059590,2779,0,21724466,2775,0
274,666249870341,666252024667,19968838,sA-eth3,up,666251807165,netem,22601670,16067,0,0,0,0,0,19059590,2779,0,21724466,2775,0
275,666269873239,666274429974,20002898,sA-eth3,up,666274178961,netem,22800004,16198,0,0,0,40878,3,19060448,2792,0,21929756,2792,0
276,666289889399,666292915064,20016160,sA-eth3,up,666292620731,netem,23025590,16347,0,0,0,34822,3,19061306,2805,0,22150974,2809,0
277,666309873337,666312687160,19983938,sA-eth3,up,666312443888,netem,23285998,16519,0,0,0,24224,2,19062494,2823,0,22382328,2826,0
278,666329872666,666332284084,19999329,sA-eth3,up,666331987971,netem,23522182,16675,0,0,0,33308,2,19063748,2842,0,22623950,2845,0
279,666349878895,666352240622,20006229,sA-eth3,up,666352028019,netem,23776534,16843,0,0,0,34822,3,19064804,2858,0,22853790,2861,0
280,666369859013,666371973907,19980118,sA-eth3,up,666371786615,netem,24015746,17001,0,0,0,49962,3,19065926,2875,0,23099690,2879,0
281,666389877761,666392280480,20018748,sA-eth3,up,666392101708,netem,24199454,17123,0,0,0,0,0,19066718,2887,0,23260210,2891,0
282,666409858470,666411849733,19980709,sA-eth3,up,666411660551,netem,24199454,17123,0,0,0,0,0,19066718,2887,0,23260210,2891,0
283,666429858658,666431888022,20000188,sA-eth3,up,666431697071,netem,24199454,17123,0,0,0,0,0,19066718,2887,0,23260210,2891,0
284,666449857817,666451918601,19999159,sA-eth3,up,666451735029,netem,24199454,17123,0,0,0,0,0,19066718,2887,0,23260210,2891,0
285,666469860135,666471873390,20002318,sA-eth3,up,666471649317,netem,24199454,17123,0,0,0,0,0,19066718,2887,0,23260210,2891,0
286,666489859344,666491864818,19999209,sA-eth3,up,666491655366,netem,24199454,17123,0,0,0,0,0,19066718,2887,0,23260210,2891,0
287,666509862072,666512334812,20002728,sA-eth3,up,666512122179,netem,24199454,17123,0,0,0,0,0,19066718,2887,0,23260210,2891,0
288,666529912551,666532123378,20050479,sA-eth3,up,666531887026,netem,24199454,17123,0,0,0,0,0,19066718,2887,0,23260210,2891,0
289,666549893740,666552089347,19981189,sA-eth3,up,666551853564,netem,24199454,17123,0,0,0,0,0,19066718,2887,0,23260210,2891,0
290,666569866158,666571860692,19972418,sA-eth3,up,666571622270,netem,24199454,17123,0,0,0,0,0,19066718,2887,0,23260210,2891,0
291,666589843306,666592147144,19977148,sA-eth3,up,666591852301,netem,24199454,17123,0,0,0,0,0,19066718,2887,0,23260210,2891,0
292,666609877585,666612249654,20034279,sA-eth3,up,666611986130,netem,24199454,17123,0,0,0,0,0,19066718,2887,0,23260210,2891,0
293,666632044420,666634838733,22166835,sA-eth3,up,666634603780,netem,24199454,17123,0,0,0,0,0,19066718,2887,0,23260210,2891,0
294,666649873982,666652172039,17829562,sA-eth3,up,666651961067,netem,24199454,17123,0,0,0,0,0,19066718,2887,0,23260210,2891,0
295,666669859260,666671959285,19985278,sA-eth3,up,666671754763,netem,24199454,17123,0,0,0,0,0,19066718,2887,0,23260210,2891,0
296,666689858539,666692108096,19999279,sA-eth3,up,666691898094,netem,24199524,17124,0,0,0,0,0,19066788,2888,0,23260280,2892,0
297,666709849248,666712238757,19990709,sA-eth3,up,666711969323,netem,24199524,17124,0,0,0,0,0,19066788,2888,0,23260280,2892,0
298,666729909148,666733187216,20059900,sA-eth3,up,666732876163,netem,24199524,17124,0,0,0,0,0,19066788,2888,0,23260280,2892,0
299,666749898016,666752490446,19988868,sA-eth3,up,666752263834,netem,24199524,17124,0,0,0,0,0,19066788,2888,0,23260280,2892,0
300,666769870773,666772127840,19972757,sA-eth3,up,666771898658,netem,24199524,17124,0,0,0,0,0,19066788,2888,0,23260280,2892,0
301,666789871013,666794439558,20000240,sA-eth3,up,666794187244,netem,24199524,17124,0,0,0,0,0,19066788,2888,0,23260280,2892,0
302,666809864961,666812177029,19993948,sA-eth3,up,666811938726,netem,24199524,17124,0,0,0,0,0,19066788,2888,0,23260280,2892,0
303,666829868710,666831949685,20003749,sA-eth3,up,666831759973,netem,24199524,17124,0,0,0,0,0,19066788,2888,0,23260280,2892,0
304,666849870549,666851991233,20001839,sA-eth3,up,666851804051,netem,24199524,17124,0,0,0,0,0,19066788,2888,0,23260280,2892,0
305,666869864837,666872163974,19994288,sA-eth3,up,666871901261,netem,24334360,17214,0,0,0,34822,3,19067448,2898,0,23407344,2904,0
306,666889861616,666891906990,19996779,sA-eth3,up,666891721728,netem,24587198,17381,0,0,0,30280,2,19067844,2904,0,23647452,2922,0
307,666909864324,666912391584,20002708,sA-eth3,up,666912116241,netem,24659870,17429,0,0,0,30280,2,19067910,2905,0,23702806,2927,0
308,666932061898,666934336506,22197574,sA-eth3,up,666934065132,netem,24927848,17606,0,0,0,37850,3,19067910,2905,0,23974968,2948,0
309,666949866511,666951807304,17804613,sA-eth3,up,666951606952,netem,24980838,17641,0,0,0,0,0,19067910,2905,0,24011366,2951,0
310,666969865760,666971895094,19999249,sA-eth3,up,666971710822,netem,25170088,17766,0,0,0,30280,2,19067976,2906,0,24193290,2965,0
311,666989867538,666991859822,20001778,sA-eth3,up,666991663350,netem,25410814,17925,0,0,0,31794,3,19068900,2920,0,24436294,2983,0
312,667009873617,667012229245,20006079,sA-eth3,up,667012039372,netem,25662138,18091,0,0,0,52990,3,19070154,2939,0,24683708,3002,0
313,667029872395,667031974900,19998778,sA-eth3,up,667031789568,netem,25919518,18261,0,0,0,30280,2,19071276,2956,0,24913614,3019,0
314,667049885184,667051960969,20012789,sA-eth3,up,667051771356,netem,26169328,18426,0,0,0,37850,3,19072464,2974,0,25153722,3037,0
315,667069870973,667072670197,19985789,sA-eth3,up,667072429863,netem,26392400,18574,0,0,0,0,0,19073520,2990,0,25368148,3054,0
316,667089872061,667092016307,20001088,sA-eth3,up,667091791794,netem,26392400,18574,0,0,0,0,0,19073520,2990,0,25368148,3054,0
317,667109860520,667111882664,19988459,sA-eth3,up,667111684201,netem,26392400,18574,0,0,0,0,0,19073520,2990,0,25368148,3054,0
318,667129862558,667132652402,20002038,sA-eth3,up,667132391439,netem,26392400,18574,0,0,0,0,0,19073520,2990,0,25368148,3054,0
319,667149866688,667152035324,20004130,sA-eth3,up,667151821971,netem,26392400,18574,0,0,0,0,0,19073520,2990,0,25368148,3054,0
320,667169860888,667171975513,19994200,sA-eth3,up,667171789661,netem,26392400,18574,0,0,0,0,0,19073520,2990,0,25368148,3054,0
321,667189873488,667191995134,20012600,sA-eth3,up,667191780240,netem,26392400,18574,0,0,0,0,0,19073520,2990,0,25368148,3054,0
322,667209859217,667211953383,19985729,sA-eth3,up,667211763650,netem,26392400,18574,0,0,0,0,0,19073520,2990,0,25368148,3054,0
323,667229859258,667232072704,20000041,sA-eth3,up,667231847201,netem,26392400,18574,0,0,0,0,0,19073520,2990,0,25368148,3054,0
324,667249859697,667252028013,20000439,sA-eth3,up,667251803870,netem,26392400,18574,0,0,0,0,0,19073520,2990,0,25368148,3054,0
325,667269864097,667272086573,20004400,sA-eth3,up,667271859241,netem,26392400,18574,0,0,0,0,0,19073520,2990,0,25368148,3054,0
326,667289863397,667292039043,19999300,sA-eth3,up,667291806900,netem,26392400,18574,0,0,0,0,0,19073520,2990,0,25368148,3054,0
327,667309859467,667312380757,19996070,sA-eth3,up,667312190745,netem,26392400,18574,0,0,0,0,0,19073520,2990,0,25368148,3054,0
328,667329858856,667332047153,19999389,sA-eth3,up,667331813970,netem,26392400,18574,0,0,0,0,0,19073520,2990,0,25368148,3054,0
329,667349849236,667351927081,19990380,sA-eth3,up,667351739679,netem,26392400,18574,0,0,0,0,0,19073520,2990,0,25368148,3054,0
330,667369860357,667372343466,20011121,sA-eth3,up,667372094183,netem,26392400,18574,0,0,0,0,0,19073520,2990,0,25368148,3054,0
331,667389865136,667391864630,20004779,sA-eth3,up,667391678628,netem,26392400,18574,0,0,0,0,0,19073520,2990,0,25368148,3054,0
332,667409862596,667411789849,19997460,sA-eth3,up,667411589527,netem,26392400,18574,0,0,0,0,0,19073520,2990,0,25368148,3054,0
333,667429863835,667431825969,20001239,sA-eth3,up,667431636747,netem,26392400,18574,0,0,0,0,0,19073520,2990,0,25368148,3054,0
334,667449859736,667451777718,19995901,sA-eth3,up,667451587556,netem,26392400,18574,0,0,0,0,0,19073520,2990,0,25368148,3054,0
335,667469861445,667471714217,20001709,sA-eth3,up,667471525755,netem,26392400,18574,0,0,0,0,0,19073520,2990,0,25368148,3054,0
336,667493042913,667495440382,23181468,sA-eth3,up,667495194580,netem,26392400,18574,0,0,0,0,0,19073520,2990,0,25368148,3054,0
337,667509870615,667512416915,16827702,sA-eth3,up,667512165553,netem,26392400,18574,0,0,0,0,0,19073520,2990,0,25368148,3054,0
338,667529872275,667532093542,20001660,sA-eth3,up,667531888429,netem,26392400,18574,0,0,0,0,0,19073520,2990,0,25368148,3054,0
339,667549871094,667551955020,19998819,sA-eth3,up,667551763007,netem,26392400,18574,0,0,0,0,0,19073520,2990,0,25368148,3054,0
340,667569864215,667572653078,19993121,sA-eth3,up,667572443205,netem,26392400,18574,0,0,0,0,0,19073520,2990,0,25368148,3054,0
341,667589866214,667592164662,20001999,sA-eth3,up,667591955389,netem,26392400,18574,0,0,0,0,0,19073520,2990,0,25368148,3054,0
342,667609867454,667611923888,20001240,sA-eth3,up,667611735686,netem,26392400,18574,0,0,0,0,0,19073520,2990,0,25368148,3054,0
343,667632040040,667634354928,22172586,sA-eth3,up,667634112504,netem,26392400,18574,0,0,0,0,0,19073520,2990,0,25368148,3054,0
344,667649881624,667652514436,17841584,sA-eth3,up,667652298213,netem,26392400,18574,0,0,0,0,0,19073520,2990,0,25368148,3054,0
345,667669873973,667672128970,19992349,sA-eth3,up,667671902318,netem,26392400,18574,0,0,0,0,0,19073520,2990,0,25368148,3054,0
346,667689901123,667692150041,20027150,sA-eth3,up,667691902127,netem,26392400,18574,0,0,0,0,0,19073520,2990,0,25368148,3054,0
347,667709863653,667711979998,19962530,sA-eth3,up,667711795346,netem,26392400,18574,0,0,0,0,0,19073520,2990,0,25368148,3054,0
348,667729856733,667731726216,19993080,sA-eth3,up,667731541323,netem,26392400,18574,0,0,0,0,0,19073520,2990,0,25368148,3054,0
349,667749866443,667751975138,20009710,sA-eth3,up,667751793097,netem,26490900,18640,0,0,0,52990,3,19073982,2997,0,25480262,3063,0
350,667769880153,667771970198,20013710,sA-eth3,up,667771761186,netem,26748280,18810,0,0,0,30280,2,19075038,3013,0,25724714,3081,0
351,667789860403,667791987778,19980250,sA-eth3,up,667791781365,netem,26998090,18975,0,0,0,37850,3,19076160,3030,0,25964822,3099,0
352,667809863092,667811888707,20002689,sA-eth3,up,667811694214,netem,27255470,19145,0,0,0,30280,2,19077282,3047,0,26197690,3117,0
353,667829864292,667831925196,20001200,sA-eth3,up,667831656824,netem,27497710,19305,0,0,0,30280,2,19078404,3064,0,26430558,3135,0
354,667849859932,667851980317,19995640,sA-eth3,up,667851800295,netem,27744492,19468,0,0,0,40878,3,19079592,3082,0,26682316,3154,0
355,667869863592,667872291371,20003660,sA-eth3,up,667872039948,netem,27992788,19632,0,0,0,42392,3,19080648,3098,0,26923872,3172,0
356,667889821091,667891884616,19957499,sA-eth3,up,667891683383,netem,28247140,19800,0,0,0,33308,2,19081704,3114,0,27165494,3191,0
357,667909858011,667911825035,20036920,sA-eth3,up,667911634362,netem,28496950,19965,0,0,0,22710,2,19082826,3131,0,27405602,3209,0
358,667931057116,667933807418,21199105,sA-eth3,up,667933553145,netem,28585790,20025,0,0,0,0,0,19083168,3136,0,27476398,3215,0
359,667949876371,667951830215,18819255,sA-eth3,up,667951639663,netem,28585790,20025,0,0,0,0,0,19083168,3136,0,27476398,3215,0
360,667969854650,667971768724,19978279,sA-eth3,up,667971577552,netem,28585790,20025,0,0,0,0,0,19083168,3136,0,27476398,3215,0
361,667989855641,667991772184,20000991,sA-eth3,up,667991586731,netem,28585790,20025,0,0,0,0,0,19083168,3136,0,27476398,3215,0
362,668009859441,668011814354,20003800,sA-eth3,up,668011622662,netem,28585790,20025,0,0,0,0,0,19083168,3136,0,27476398,3215,0
363,668029866910,668031871684,20007469,sA-eth3,up,668031684772,netem,28585790,20025,0,0,0,0,0,19083168,3136,0,27476398,3215,0
364,668049856090,668051813803,19989180,sA-eth3,up,668051626131,netem,28585790,20025,0,0,0,0,0,19083168,3136,0,27476398,3215,0
365,668069860690,668071774183,20004600,sA-eth3,up,668071585660,netem,28585790,20025,0,0,0,0,0,19083168,3136,0,27476398,3215,0
366,668089910820,668092542882,20050130,sA-eth3,up,668092261239,netem,28585790,20025,0,0,0,0,0,19083168,3136,0,27476398,3215,0
367,668109838329,668112072286,19927509,sA-eth3,up,668111873913,netem,28585790,20025,0,0,0,0,0,19083168,3136,0,27476398,3215,0
368,668129856800,668131856213,20018471,sA-eth3,up,668131665222,netem,28585790,20025,0,0,0,0,0,19083168,3136,0,27476398,3215,0
369,668149867631,668152271719,20010831,sA-eth3,up,668152027977,netem,28585790,20025,0,0,0,0,0,19083168,3136,0,27476398,3215,0
370,668169867072,668171855155,19999441,sA-eth3,up,668171663434,netem,28585790,20025,0,0,0,0,0,19083168,3136,0,27476398,3215,0
371,668191038756,668193342904,21171684,sA-eth3,up,668193156203,netem,28585790,20025,0,0,0,0,0,19083168,3136,0,27476398,3215,0
372,668209857504,668211844368,18818748,sA-eth3,up,668211652965,netem,28585790,20025,0,0,0,0,0,19083168,3136,0,27476398,3215,0
373,668229865755,668232556137,20008251,sA-eth3,up,668232372715,netem,28585790,20025,0,0,0,0,0,19083168,3136,0,27476398,3215,0
374,668249871436,668252200584,20005681,sA-eth3,up,668251937601,netem,28585790,20025,0,0,0,0,0,19083168,3136,0,27476398,3215,0
375,668271043601,668273241337,21172165,sA-eth3,up,668272958014,netem,28585790,20025,0,0,0,0,0,19083168,3136,0,27476398,3215,0
376,668289867138,668291772671,18823537,sA-eth3,up,668291584078,netem,28585790,20025,0,0,0,0,0,19083168,3136,0,27476398,3215,0
377,668309864619,668311728152,19997481,sA-eth3,up,668311541430,netem,28585790,20025,0,0,0,0,0,19083168,3136,0,27476398,3215,0
378,668329857130,668331752842,19992511,sA-eth3,up,668331566990,netem,28661580,20076,0,0,0,22710,2,19083366,3139,0,27556524,3222,0
379,668350533509,668353507314,20676379,sA-eth3,up,668353172411,netem,28921988,20248,0,0,0,0,0,19084092,3150,0,27799594,3241,0
380,668369819192,668372102379,19285683,sA-eth3,up,668371887107,netem,28923502,20249,0,0,0,0,0,19084092,3150,0,27801108,3242,0
381,668389857243,668391933989,20038051,sA-eth3,up,668391747936,netem,28987090,20291,0,0,0,22710,2,19084158,3151,0,27862254,3247,0
382,668409860914,668411943449,20003671,sA-eth3,up,668411734446,netem,29123350,20381,0,0,0,0,0,19084158,3151,0,27993234,3257,0
383,668429857606,668432025701,19996692,sA-eth3,up,668431825269,netem,29176340,20416,0,0,0,30280,2,19084224,3152,0,28044244,3262,0
384,668449859596,668452837662,20001990,sA-eth3,up,668452573339,netem,29433720,20586,0,0,0,30280,2,19084884,3162,0,28291658,3281,0
385,668471060081,668473588502,21200485,sA-eth3,up,668473365119,netem,29691100,20756,0,0,0,30280,2,19086006,3179,0,28539072,3300,0
386,668489861529,668491944273,18801448,sA-eth3,up,668491764752,netem,29910630,20901,0,0,0,30280,2,19087062,3195,0,28764568,3316,0
387,668510079093,668512602552,20217564,sA-eth3,up,668512419910,netem,30168010,21071,0,0,0,30280,2,19088250,3213,0,29011982,3335,0
388,668529858251,668532070547,19779158,sA-eth3,up,668531866384,netem,30417820,21236,0,0,0,37850,3,19089306,3229,0,29237544,3352,0
389,668549908072,668552138309,20049821,sA-eth3,up,668551913546,netem,30672172,21404,0,0,0,30280,2,19090428,3246,0,29482062,3371,0
390,668569854082,668571982729,19946010,sA-eth3,up,668571735516,netem,30778666,21475,0,0,0,0,0,19091022,3255,0,29584398,3379,0
391,668589887434,668592080381,20033352,sA-eth3,up,668591850848,netem,30778666,21475,0,0,0,0,0,19091022,3255,0,29584398,3379,0
392,668609867785,668611916259,19980351,sA-eth3,up,668611724357,netem,30778666,21475,0,0,0,0,0,19091022,3255,0,29584398,3379,0
393,668629895036,668632505468,20027251,sA-eth3,up,668632277285,netem,30778666,21475,0,0,0,0,0,19091022,3255,0,29584398,3379,0
394,668649872617,668652167745,19977581,sA-eth3,up,668651946302,netem,30778666,21475,0,0,0,0,0,19091022,3255,0,29584398,3379,0
395,668669851308,668671980733,19978691,sA-eth3,up,668671777731,netem,30778666,21475,0,0,0,0,0,19091022,3255,0,29584398,3379,0
396,668689860689,668692121237,20009381,sA-eth3,up,668691895673,netem,30778666,21475,0,0,0,0,0,19091022,3255,0,29584398,3379,0
397,668709885191,668712818246,20024502,sA-eth3,up,668712535282,netem,30778666,21475,0,0,0,0,0,19091022,3255,0,29584398,3379,0
398,668729874581,668732395312,19989390,sA-eth3,up,668732107179,netem,30778666,21475,0,0,0,0,0,19091022,3255,0,29584398,3379,0
399,668750581872,668752649786,20707291,sA-eth3,up,668752454354,netem,30778666,21475,0,0,0,0,0,19091022,3255,0,29584398,3379,0
400,668769862783,668771813747,19280911,sA-eth3,up,668771622614,netem,30778666,21475,0,0,0,0,0,19091022,3255,0,29584398,3379,0
401,668789867865,668795498192,20005082,sA-eth3,up,668795248290,netem,30778666,21475,0,0,0,0,0,19091022,3255,0,29584398,3379,0
402,668809891626,668812275215,20023761,sA-eth3,up,668812033101,netem,30778666,21475,0,0,0,0,0,19091022,3255,0,29584398,3379,0
403,668829865947,668831833381,19974321,sA-eth3,up,668831642028,netem,30778666,21475,0,0,0,0,0,19091022,3255,0,29584398,3379,0
404,668849865088,668851768691,19999141,sA-eth3,up,668851581518,netem,30778666,21475,0,0,0,0,0,19091022,3255,0,29584398,3379,0
405,668869860079,668871765562,19994991,sA-eth3,up,668871575519,netem,30778666,21475,0,0,0,0,0,19091022,3255,0,29584398,3379,0
406,668889858770,668891741242,19998691,sA-eth3,up,668891552010,netem,30778666,21475,0,0,0,0,0,19091022,3255,0,29584398,3379,0
407,668909867220,668911862695,20008450,sA-eth3,up,668911669173,netem,30778666,21475,0,0,0,0,0,19091022,3255,0,29584398,3379,0
408,668929858172,668931895116,19990952,sA-eth3,up,668931708424,netem,30778666,21475,0,0,0,0,0,19091022,3255,0,29584398,3379,0
409,668949879823,668952363273,20021651,sA-eth3,up,668952155061,netem,30778666,21475,0,0,0,0,0,19091022,3255,0,29584398,3379,0
410,668969887534,668972103581,20007711,sA-eth3,up,668971837958,netem,30778666,21475,0,0,0,0,0,19091022,3255,0,29584398,3379,0
411,668989893646,668992172703,20006112,sA-eth3,up,668991917240,netem,30778666,21475,0,0,0,0,0,19091022,3255,0,29584398,3379,0
412,669009867936,669011825850,19974290,sA-eth3,up,669011630918,netem,30778666,21475,0,0,0,0,0,19091022,3255,0,29584398,3379,0
413,669029868807,669032312047,20000871,sA-eth3,up,669032128315,netem,30778666,21475,0,0,0,0,0,19091022,3255,0,29584398,3379,0
414,669049866908,669051906373,19998101,sA-eth3,up,669051653270,netem,30793896,21486,0,0,0,30280,2,19091154,3257,0,29613580,3382,0
415,669069866019,669071934995,19999111,sA-eth3,up,669071756432,netem,31058846,21661,0,0,0,22710,2,19092078,3271,0,29853688,3400,0
416,669089860371,669091744823,19994352,sA-eth3,up,669091557461,netem,31248096,21786,0,0,0,0,0,19092078,3271,0,30035612,3414,0
417,669109862762,669111896516,20002391,sA-eth3,up,669111715674,netem,31369216,21866,0,0,0,30280,2,19092144,3272,0,30152112,3424,0
418,669129863803,669132305432,20001041,sA-eth3,up,669132123529,netem,31588746,22011,0,0,0,0,0,19092144,3272,0,30363128,3440,0
419,669149860695,669151909040,19996892,sA-eth3,up,669151725797,netem,31647792,22050,0,0,0,49962,3,19092210,3273,0,30419864,3444,0
420,669169871448,669172108795,20010753,sA-eth3,up,669171897512,netem,31902144,22218,0,0,0,116578,7,19092342,3275,0,30664118,3459,0
421,669189872419,669192381490,20000971,sA-eth3,up,669192136937,netem,32156496,22386,0,0,0,104466,7,19093464,3292,0,30908570,3477,0
422,669209889122,669212431993,20016703,sA-eth3,up,669212183060,netem,32320008,22494,0,0,0,109008,8,19094190,3303,0,31065680,3488,0
423,669229875324,669232748969,19986202,sA-eth3,up,669232542946,netem,32633406,22701,0,0,0,49962,3,19094916,3314,0,31366868,3510,0
424,669249869997,669252403447,19994673,sA-eth3,up,669252156184,netem,32877160,22862,0,0,0,62074,5,19095708,3326,0,31601052,3526,0
425,669269872948,669272065705,20002951,sA-eth3,up,669271843772,netem,32971542,22925,0,0,0,0,0,19096170,3333,0,31691738,3533,0
426,669289863721,669291818945,19990773,sA-eth3,up,669291625512,netem,32971542,22925,0,0,0,0,0,19096170,3333,0,31691738,3533,0
427,669311030858,669313341695,21167137,sA-eth3,up,669313094522,netem,32971542,22925,0,0,0,0,0,19096170,3333,0,31691738,3533,0
428,669329868006,669331799718,18837148,sA-eth3,up,669331605796,netem,32971542,22925,0,0,0,0,0,19096170,3333,0,31691738,3533,0
429,669349869607,669351771701,20001601,sA-eth3,up,669351582849,netem,32971542,22925,0,0,0,0,0,19096170,3333,0,31691738,3533,0
430,669369861770,669371747863,19992163,sA-eth3,up,669371561131,netem,32971542,22925,0,0,0,0,0,19096170,3333,0,31691738,3533,0
431,669389865843,669391694474,20004073,sA-eth3,up,669391518322,netem,32971542,22925,0,0,0,0,0,19096170,3333,0,31691738,3533,0
432,669409857865,669411726847,19992022,sA-eth3,up,669411544995,netem,32971542,22925,0,0,0,0,0,19096170,3333,0,31691738,3533,0
433,669429869698,669432317447,20011833,sA-eth3,up,669432108684,netem,32971542,22925,0,0,0,0,0,19096170,3333,0,31691738,3533,0
434,669449870179,669451904275,20000481,sA-eth3,up,669451711412,netem,32971542,22925,0,0,0,0,0,19096170,3333,0,31691738,3533,0
435,669469873342,669471944126,20003163,sA-eth3,up,669471735934,netem,32971542,22925,0,0,0,0,0,19096170,3333,0,31691738,3533,0
436,669489827484,669491899589,19954142,sA-eth3,up,669491668716,netem,32971542,22925,0,0,0,0,0,19096170,3333,0,31691738,3533,0
437,669509876797,669512016682,20049313,sA-eth3,up,669511787590,netem,32971542,22925,0,0,0,0,0,19096170,3333,0,31691738,3533,0
438,669529867058,669532050664,19990261,sA-eth3,up,669531796192,netem,32971542,22925,0,0,0,0,0,19096170,3333,0,31691738,3533,0
439,669549877521,669552509133,20010463,sA-eth3,up,669552313550,netem,32971542,22925,0,0,0,0,0,19096170,3333,0,31691738,3533,0
440,669569891614,669572595196,20014093,sA-eth3,up,669572288702,netem,32971542,22925,0,0,0,0,0,19096170,3333,0,31691738,3533,0
441,669589894306,669592520517,20002692,sA-eth3,up,669592268525,netem,32971542,22925,0,0,0,0,0,19096170,3333,0,31691738,3533,0
442,669609873117,669611784351,19978811,sA-eth3,up,669611595299,netem,32971542,22925,0,0,0,0,0,19096170,3333,0,31691738,3533,0
443,669629858200,669631716162,19985083,sA-eth3,up,669631509869,netem,32971542,22925,0,0,0,0,0,19096170,3333,0,31691738,3533,0
444,669649862642,669651694874,20004442,sA-eth3,up,669651518672,netem,32971542,22925,0,0,0,0,0,19096170,3333,0,31691738,3533,0
445,669669864245,669674272358,20001603,sA-eth3,up,669673996944,netem,32971542,22925,0,0,0,0,0,19096170,3333,0,31691738,3533,0
446,669689887267,669691956192,20023022,sA-eth3,up,669691759720,netem,32971542,22925,0,0,0,0,0,19096170,3333,0,31691738,3533,0
447,669709871019,669711756272,19983752,sA-eth3,up,669711569910,netem,32971542,22925,0,0,0,0,0,19096170,3333,0,31691738,3533,0
448,669729867312,669731766914,19996293,sA-eth3,up,669731580633,netem,32971542,22925,0,0,0,0,0,19096170,3333,0,31691738,3533,0
449,669749867034,669751755806,19999722,sA-eth3,up,669751572264,netem,32971542,22925,0,0,0,0,0,19096170,3333,0,31691738,3533,0
450,669769831196,669773119286,19964162,sA-eth3,up,669772830172,netem,32971542,22925,0,0,0,0,0,19096170,3333,0,31691738,3533,0
451,669789870038,669792305428,20038842,sA-eth3,up,669792068415,netem,32971542,22925,0,0,0,0,0,19096170,3333,0,31691738,3533,0
452,669809876371,669812217519,20006333,sA-eth3,up,669812001047,netem,32971542,22925,0,0,0,0,0,19096170,3333,0,31691738,3533,0
453,669829858703,669832395513,19982332,sA-eth3,up,669832144410,netem,32971542,22925,0,0,0,0,0,19096170,3333,0,31691738,3533,0
454,669849875726,669852275825,20017023,sA-eth3,up,669852026981,netem,32971542,22925,0,0,0,0,0,19096170,3333,0,31691738,3533,0
455,669869870827,669871841301,19995101,sA-eth3,up,669871648549,netem,32971542,22925,0,0,0,0,0,19096170,3333,0,31691738,3533,0
456,669889861600,669891694602,19990773,sA-eth3,up,669891517520,netem,32971542,22925,0,0,0,0,0,19096170,3333,0,31691738,3533,0
457,669909860592,669911738264,19998992,sA-eth3,up,669911553913,netem,32971542,22925,0,0,0,0,0,19096170,3333,0,31691738,3533,0
458,669929863244,669931732897,20002652,sA-eth3,up,669931542835,netem,32971542,22925,0,0,0,0,0,19096170,3333,0,31691738,3533,0
459,669949852857,669951893342,19989613,sA-eth3,up,669951715349,netem,33021594,22959,0,0,0,33308,2,19096434,3337,0,31755804,3538,0
460,669969860969,669971775613,20008112,sA-eth3,up,669971587340,netem,33277460,23128,0,0,0,33308,2,19097490,3353,0,31985710,3555,0
461,669989859152,669991843336,19998183,sA-eth3,up,669991655283,netem,33531812,23296,0,0,0,34822,3,19098414,3367,0,32231610,3573,0
462,670009859204,670011877769,20000052,sA-eth3,up,670011688116,netem,33783136,23462,0,0,0,37850,3,19099536,3384,0,32471718,3591,0
463,670029851026,670032257455,19991822,sA-eth3,up,670031990652,netem,34025376,23622,0,0,0,45420,3,19100592,3400,0,32719132,3610,0
464,670049871898,670051788362,20020872,sA-eth3,up,670051597959,netem,34272158,23785,0,0,0,40878,3,19101648,3416,0,32952000,3628,0
465,670069861561,670072187399,19989663,sA-eth3,up,670071923555,netem,34526510,23953,0,0,0,43906,3,19102770,3433,0,33200796,3646,0
466,670089884514,670091896818,20022953,sA-eth3,up,670091693085,netem,34771778,24115,0,0,0,39364,3,19103760,3448,0,33433664,3664,0
467,670109868005,670112344135,19983491,sA-eth3,up,670112149693,netem,35032186,24287,0,0,0,42392,3,19104816,3464,0,33672390,3683,0
468,670129866007,670132306326,19998002,sA-eth3,up,670132058574,netem,35164418,24375,0,0,0,0,0,19105344,3472,0,33799474,3693,0
469,670149871941,670152153309,20005934,sA-eth3,up,670151925196,netem,35164418,24375,0,0,0,0,0,19105344,3472,0,33799474,3693,0
470,670169870605,670172269973,19998664,sA-eth3,up,670172062231,netem,35164418,24375,0,0,0,0,0,19105344,3472,0,33799474,3693,0
471,670189863818,670192125736,19993213,sA-eth3,up,670191892812,netem,35164418,24375,0,0,0,0,0,19105344,3472,0,33799474,3693,0
472,670209865782,670211864465,20001964,sA-eth3,up,670211651693,netem,35164418,24375,0,0,0,0,0,19105344,3472,0,33799474,3693,0
473,670229973906,670232677339,20108124,sA-eth3,up,670232450396,netem,35164418,24375,0,0,0,0,0,19105344,3472,0,33799474,3693,0
474,670249864488,670252358399,19890582,sA-eth3,up,670252168297,netem,35164418,24375,0,0,0,0,0,19105344,3472,0,33799474,3693,0
475,670270104015,670272291891,20239527,sA-eth3,up,670272098499,netem,35164418,24375,0,0,0,0,0,19105344,3472,0,33799474,3693,0
476,670289861925,670291964332,19757910,sA-eth3,up,670291773329,netem,35164418,24375,0,0,0,0,0,19105344,3472,0,33799474,3693,0
477,670309866379,670312728963,20004454,sA-eth3,up,670312479221,netem,35164418,24375,0,0,0,0,0,19105344,3472,0,33799474,3693,0
478,670329870613,670333313604,20004234,sA-eth3,up,670333132083,netem,35164418,24375,0,0,0,0,0,19105344,3472,0,33799474,3693,0
479,670349869146,670351914921,19998533,sA-eth3,up,670351660438,netem,35164418,24375,0,0,0,0,0,19105344,3472,0,33799474,3693,0
480,670369877030,670372118536,20007884,sA-eth3,up,670371895714,netem,35164418,24375,0,0,0,0,0,19105344,3472,0,33799474,3693,0
481,670389856853,670391784127,19979823,sA-eth3,up,670391590275,netem,35164418,24375,0,0,0,0,0,19105344,3472,0,33799474,3693,0
482,670409864447,670411782791,20007594,sA-eth3,up,670411595098,netem,35164418,24375,0,0,0,0,0,19105344,3472,0,33799474,3693,0
483,670429866110,670432099227,20001663,sA-eth3,up,670431878974,netem,35164418,24375,0,0,0,0,0,19105344,3472,0,33799474,3693,0
484,670449863414,670451907408,19997304,sA-eth3,up,670451723526,netem,35164418,24375,0,0,0,0,0,19105344,3472,0,33799474,3693,0
485,670469857407,670472112014,19993993,sA-eth3,up,670471845202,netem,35164418,24375,0,0,0,0,0,19105344,3472,0,33799474,3693,0
486,670489865791,670492033837,20008384,sA-eth3,up,670491825485,netem,35164418,24375,0,0,0,0,0,19105344,3472,0,33799474,3693,0
487,670509858634,670511824838,19992843,sA-eth3,up,670511636666,netem,35164418,24375,0,0,0,0,0,19105344,3472,0,33799474,3693,0
488,670529864008,670532414889,20005374,sA-eth3,up,670532174325,netem,35265946,24443,0,0,0,30280,2,19105806,3479,0,33897042,3701,0
489,670549866570,670553083880,20002562,sA-eth3,up,670552870088,netem,35414318,24541,0,0,0,30280,2,19106334,3487,0,34068764,3714,0
490,670569837895,670571943680,19971325,sA-eth3,up,670571756237,netem,35514242,24607,0,0,0,0,0,19106334,3487,0,34135768,3720,0
491,670589897549,670591956083,20059654,sA-eth3,up,670591773341,netem,35724688,24746,0,0,0,15140,1,19106400,3488,0,34338096,3736,0
492,670609860232,670611979347,19962683,sA-eth3,up,670611748164,netem,35741342,24757,0,0,0,0,0,19106400,3488,0,34354156,3738,0
493,670629864086,670632565448,20003854,sA-eth3,up,670632286785,netem,35959358,24901,0,0,0,30280,2,19106598,3491,0,34563724,3754,0
494,670649890530,670652288288,20026444,sA-eth3,up,670652067256,netem,36201598,25061,0,0,0,30280,2,19107720,3508,0,34796592,3772,0
495,670669876913,670671983698,19986383,sA-eth3,up,670671772185,netem,36451408,25226,0,0,0,37850,3,19108908,3526,0,35036700,3790,0
496,670689878526,670692039813,20001613,sA-eth3,up,670691803419,netem,36693648,25386,0,0,0,45420,3,19110096,3544,0,35284114,3809,0
497,670709874610,670712208497,19996084,sA-eth3,up,670711829124,netem,36951028,25556,0,0,0,30280,2,19111284,3562,0,35516982,3827,0
498,670729871973,670731962488,19997363,sA-eth3,up,670731744586,netem,37200838,25721,0,0,0,22710,2,19112472,3580,0,35757090,3845,0
499,670749864336,670752035883,19992363,sA-eth3,up,670751792269,netem,37357294,25825,0,0,0,0,0,19113132,3590,0,35907474,3857,0
500,670769853849,670772166948,19989513,sA-eth3,up,670771948025,netem,37357294,25825,0,0,0,0,0,19113132,3590,0,35907474,3857,0
501,670789864183,670792145271,20010334,sA-eth3,up,670791927038,netem,37357294,25825,0,0,0,0,0,19113132,3590,0,35907474,3857,0
502,670809872497,670812083874,20008314,sA-eth3,up,670811847041,netem,37357294,25825,0,0,0,0,0,19113132,3590,0,35907474,3857,0
503,670829878610,670832223309,20006113,sA-eth3,up,670831988576,netem,37357294,25825,0,0,0,0,0,19113132,3590,0,35907474,3857,0
504,670849870673,670852393374,19992063,sA-eth3,up,670852117242,netem,37357294,25825,0,0,0,0,0,19113132,3590,0,35907474,3857,0
505,670871330516,670875026500,21459843,sA-eth3,up,670874774827,netem,37357294,25825,0,0,0,0,0,19113132,3590,0,35907474,3857,0
506,670889866221,670892366311,18535705,sA-eth3,up,670892098298,netem,37357294,25825,0,0,0,0,0,19113132,3590,0,35907474,3857,0
507,670909862994,670912230133,19996773,sA-eth3,up,670911989700,netem,37357294,25825,0,0,0,0,0,19113132,3590,0,35907474,3857,0
508,670929886028,670932091145,20023034,sA-eth3,up,670931854392,netem,37357294,25825,0,0,0,0,0,19113132,3590,0,35907474,3857,0
509,670949861161,670951988677,19975133,sA-eth3,up,670951797235,netem,37357294,25825,0,0,0,0,0,19113132,3590,0,35907474,3857,0
510,670969813084,670971943101,19951923,sA-eth3,up,670971749108,netem,37357294,25825,0,0,0,0,0,19113132,3590,0,35907474,3857,0
511,670989856608,670992000304,20043524,sA-eth3,up,670991805392,netem,37357294,25825,0,0,0,0,0,19113132,3590,0,35907474,3857,0
512,671009864602,671012055299,20007994,sA-eth3,up,671011823756,netem,37357294,25825,0,0,0,0,0,19113132,3590,0,35907474,3857,0
513,671029864665,671032176024,20000063,sA-eth3,up,671031953951,netem,37357294,25825,0,0,0,0,0,19113132,3590,0,35907474,3857,0
514,671050043771,671052346569,20179106,sA-eth3,up,671052136197,netem,37357294,25825,0,0,0,0,0,19113132,3590,0,35907474,3857,0
515,671069873563,671072401274,19829792,sA-eth3,up,671072182861,netem,37357294,25825,0,0,0,0,0,19113132,3590,0,35907474,3857,0
516,671089883056,671092390077,20009493,sA-eth3,up,671092176564,netem,37357294,25825,0,0,0,0,0,19113132,3590,0,35907474,3857,0
517,671109862109,671112074286,19979053,sA-eth3,up,671111864194,netem,37357294,25825,0,0,0,0,0,19113132,3590,0,35907474,3857,0
518,671129821033,671132197602,19958924,sA-eth3,up,671131993169,netem,37357294,25825,0,0,0,0,0,19113132,3590,0,35907474,3857,0
519,671149859428,671152093875,20038395,sA-eth3,up,671151843712,netem,37357294,25825,0,0,0,0,0,19113132,3590,0,35907474,3857,0
520,671169864473,671172153560,20005045,sA-eth3,up,671171940248,netem,37357294,25825,0,0,0,0,0,19113132,3590,0,35907474,3857,0
521,671189834358,671191956473,19969885,sA-eth3,up,671191751020,netem,37357294,25825,0,0,0,0,0,19113132,3590,0,35907474,3857,0
522,671209810092,671211991708,19975734,sA-eth3,up,671211757506,netem,37357294,25825,0,0,0,0,0,19113132,3590,0,35907474,3857,0
523,671229857137,671231883711,20047045,sA-eth3,up,671231677478,netem,37357294,25825,0,0,0,0,0,19113132,3590,0,35907474,3857,0
524,671249807491,671251824015,19950354,sA-eth3,up,671251567722,netem,37508784,25926,0,0,0,30280,2,19113924,3602,0,36067636,3870,0
525,671269862126,671271997303,20054635,sA-eth3,up,671271725629,netem,37758594,26091,0,0,0,37850,3,19114188,3606,0,36307744,3888,0
526,671289816630,671291764824,19954504,sA-eth3,up,671291556421,netem,37850948,26152,0,0,0,0,0,19114254,3607,0,36382054,3895,0
527,671309857996,671311779040,20041366,sA-eth3,up,671311591207,netem,38084104,26306,0,0,0,30280,2,19114254,3607,0,36606168,3912,0
528,671329857590,671331794444,19999594,sA-eth3,up,671331590422,netem,38220364,26396,0,0,0,0,0,19114254,3607,0,36737148,3922,0
529,671349857125,671351834039,19999535,sA-eth3,up,671351568136,netem,38394474,26511,0,0,0,86298,5,19114320,3608,0,36904394,3933,0
530,671369822619,671371832794,19965494,sA-eth3,up,671371589231,netem,38635200,26670,0,0,0,62074,4,19114386,3609,0,37152992,3948,0
531,671389871045,671392188594,20048426,sA-eth3,up,671391982291,netem,38871384,26826,0,0,0,12112,1,19114386,3609,0,37362758,3967,0
532,671409861859,671412201278,19990814,sA-eth3,up,671411933095,netem,39075774,26961,0,0,0,30280,2,19114452,3610,0,37559360,3984,0
533,671429877224,671432148812,20015365,sA-eth3,up,671431907400,netem,39325584,27126,0,0,0,15140,1,19114452,3610,0,37799468,4002,0
534,671449860918,671452093706,19983694,sA-eth3,up,671451864864,netem,39550170,27275,0,0,0,0,0,19114518,3611,0,38015342,4019,0
535,671469860543,671471925449,19999625,sA-eth3,up,671471717816,netem,39550170,27275,0,0,0,0,0,19114518,3611,0,38015342,4019,0
536,671489857029,671491939713,19996486,sA-eth3,up,671491753001,netem,39550170,27275,0,0,0,0,0,19114584,3612,0,38015342,4019,0
537,671509860483,671512039210,20003454,sA-eth3,up,671511813437,netem,39550170,27275,0,0,0,0,0,19114584,3612,0,38015342,4019,0
538,671529859188,671532142336,19998705,sA-eth3,up,671531878402,netem,39550170,27275,0,0,0,0,0,19114584,3612,0,38015342,4019,0
539,671549860022,671551880308,20000834,sA-eth3,up,671551691115,netem,39550170,27275,0,0,0,0,0,19114584,3612,0,38015342,4019,0
540,671569859987,671571775570,19999965,sA-eth3,up,671571582018,netem,39550170,27275,0,0,0,0,0,19114584,3612,0,38015342,4019,0
541,671589832641,671591798126,19972654,sA-eth3,up,671591602764,netem,39550170,27275,0,0,0,0,0,19114584,3612,0,38015342,4019,0
542,671609861007,671611949782,20028366,sA-eth3,up,671611764570,netem,39550170,27275,0,0,0,0,0,19114584,3612,0,38015342,4019,0
543,671629856501,671632191460,19995494,sA-eth3,up,671631972257,netem,39550170,27275,0,0,0,0,0,19114584,3612,0,38015342,4019,0
544,671649860696,671652176354,20004195,sA-eth3,up,671651974742,netem,39550170,27275,0,0,0,0,0,19114584,3612,0,38015342,4019,0
545,671669838541,671672210059,19977845,sA-eth3,up,671672030288,netem,39550170,27275,0,0,0,0,0,19114584,3612,0,38015342,4019,0
546,671689863166,671692285685,20024625,sA-eth3,up,671692089283,netem,39550170,27275,0,0,0,0,0,19114584,3612,0,38015342,4019,0
547,671709900001,671712215569,20036835,sA-eth3,up,671712020147,netem,39550170,27275,0,0,0,0,0,19114584,3612,0,38015342,4019,0
548,671729859775,671732154344,19959774,sA-eth3,up,671731937691,netem,39550170,27275,0,0,0,0,0,19114584,3612,0,38015342,4019,0
549,671749833329,671752442522,19973554,sA-eth3,up,671752203288,netem,39550170,27275,0,0,0,0,0,19114584,3612,0,38015342,4019,0
550,671769882304,671772224554,20048975,sA-eth3,up,671771984200,netem,39550170,27275,0,0,0,0,0,19114584,3612,0,38015342,4019,0
551,671789858309,671792510941,19976005,sA-eth3,up,671792281719,netem,39550170,27275,0,0,0,0,0,19114584,3612,0,38015342,4019,0
552,671809861934,671812305364,20003625,sA-eth3,up,671812121331,netem,39550170,27275,0,0,0,0,0,19114584,3612,0,38015342,4019,0
553,671829859339,671832268728,19997405,sA-eth3,up,671832080155,netem,39550170,27275,0,0,0,0,0,19114584,3612,0,38015342,4019,0
554,671849831613,671853156964,19972274,sA-eth3,up,671852934831,netem,39550170,27275,0,0,0,0,0,19114584,3612,0,38015342,4019,0
555,671869856228,671871952634,20024615,sA-eth3,up,671871773172,netem,39550170,27275,0,0,0,0,0,19114584,3612,0,38015342,4019,0
556,671889865783,671892044310,20009555,sA-eth3,up,671891817667,netem,39550170,27275,0,0,0,0,0,19114584,3612,0,38015342,4019,0
557,671909856608,671911930703,19990825,sA-eth3,up,671911724610,netem,39550170,27275,0,0,0,0,0,19114584,3612,0,38015342,4019,0
558,671929870142,671932278491,20013534,sA-eth3,up,671932046699,netem,39550170,27275,0,0,0,0,0,19114584,3612,0,38015342,4019,0
559,671949873137,671951836641,20002995,sA-eth3,up,671951642928,netem,39550170,27275,0,0,0,0,0,19114584,3612,0,38015342,4019,0
560,671969867902,671971791925,19994765,sA-eth3,up,671971601253,netem,39550170,27275,0,0,0,0,0,19114584,3612,0,38015342,4019,0
561,671989861346,671991790330,19993444,sA-eth3,up,671991597798,netem,39550170,27275,0,0,0,0,0,19114584,3612,0,38015342,4019,0
562,672009872562,672011932906,20011216,sA-eth3,up,672011738634,netem,39550170,27275,0,0,0,0,0,19114584,3612,0,38015342,4019,0
563,672029871836,672031748060,19999274,sA-eth3,up,672031560817,netem,39550170,27275,0,0,0,0,0,19114584,3612,0,38015342,4019,0
564,672049865091,672051754694,19993255,sA-eth3,up,672051565961,netem,39550170,27275,0,0,0,0,0,19114584,3612,0,38015342,4019,0
565,672069859625,672071657678,19994534,sA-eth3,up,672071476996,netem,39550170,27275,0,0,0,0,0,19114584,3612,0,38015342,4019,0
566,672089837650,672092999209,19978025,sA-eth3,up,672092817026,netem,39550170,27275,0,0,0,0,0,19114584,3612,0,38015342,4019,0
567,672109857745,672112146803,20020095,sA-eth3,up,672111919490,netem,39550170,27275,0,0,0,0,0,19114584,3612,0,38015342,4019,0
568,672129862190,672131986686,20004445,sA-eth3,up,672131799023,netem,39550170,27275,0,0,0,0,0,19114584,3612,0,38015342,4019,0
569,672149893266,672152141014,20031076,sA-eth3,up,672151896870,netem,39550170,27275,0,0,0,0,0,19114584,3612,0,38015342,4019,0
570,672169872402,672172601325,19979136,sA-eth3,up,672172375463,netem,39550170,27275,0,0,0,0,0,19114584,3612,0,38015342,4019,0
571,672189882017,672195868281,20009615,sA-eth3,up,672195621408,netem,39550170,27275,0,0,0,0,0,19114584,3612,0,38015342,4019,0
572,672209877843,672211998989,19995826,sA-eth3,up,672211746766,netem,39550170,27275,0,0,0,0,0,19114584,3612,0,38015342,4019,0
573,672229874400,672231999965,19996557,sA-eth3,up,672231752473,netem,39550170,27275,0,0,0,0,0,19114584,3612,0,38015342,4019,0
574,672249869705,672251796879,19995305,sA-eth3,up,672251604836,netem,39550170,27275,0,0,0,0,0,19114584,3612,0,38015342,4019,0
575,672272295281,672277912140,22425576,sA-eth3,up,672277641246,netem,39580540,27296,0,0,0,30280,2,19114782,3615,0,38059070,4023,0
576,672289878667,672292017503,17583386,sA-eth3,up,672291781230,netem,39628988,27328,0,0,0,6056,3,19115310,3623,0,38091388,4030,0
577,672309873732,672311866718,19995065,sA-eth3,up,672311662705,netem,39665324,27352,0,0,0,6056,2,19116168,3636,0,38127064,4044,0
578,672329867219,672332726514,19993487,sA-eth3,up,672332518942,netem,39704688,27378,0,0,0,3028,1,19116960,3648,0,38168532,4058,0
579,672349869495,672351981341,20002276,sA-eth3,up,672351792848,netem,39737996,27400,0,0,0,3028,1,19117686,3659,0,38198152,4068,0
580,672369872181,672372236050,20002686,sA-eth3,up,672371831185,netem,39771304,27422,0,0,0,6056,2,19118412,3670,0,38233762,4081,0
581,672389863147,672391958182,19990966,sA-eth3,up,672391749770,netem,39807640,27446,0,0,0,6056,2,19119204,3682,0,38269306,4093,0
582,672409858932,672411994648,19995785,sA-eth3,up,672411785686,netem,39843976,27470,0,0,0,6056,2,19119996,3694,0,38307812,4106,0
583,672429857889,672431963095,19998957,sA-eth3,up,672431786083,netem,39880312,27494,0,0,0,6056,2,19120788,3706,0,38343356,4118,0
584,672449857025,672451995691,19999136,sA-eth3,up,672451797728,netem,39918162,27519,0,0,0,4542,2,19121646,3719,0,38379098,4133,0
585,672469862040,672471995867,20005015,sA-eth3,up,672471793295,netem,39954498,27543,0,0,0,4542,2,19122834,3737,0,38415038,4151,0
586,672489818676,672492437977,19956636,sA-eth3,up,672492188655,netem,40057450,27611,0,0,0,36336,2,19123890,3753,0,38510214,4167,0
587,672509899572,672512307802,20080896,sA-eth3,up,672512095530,netem,40314830,27781,0,0,0,30280,2,19125012,3770,0,38757562,4185,0
588,672531045603,672533563763,21146031,sA-eth3,up,672533312641,netem,40573724,27952,0,0,0,37850,4,19126134,3787,0,39019456,4204,0
589,672549861724,672552171492,18816121,sA-eth3,up,672551968030,netem,40806880,28106,0,0,0,45420,3,19127322,3805,0,39230472,4220,0
590,672569843489,672572041377,19981765,sA-eth3,up,672571808494,netem,41050634,28267,0,0,0,59046,4,19128246,3819,0,39477820,4238,0
591,672589856256,672592082854,20012767,sA-eth3,up,672591846230,netem,41298930,28431,0,0,0,52990,4,19129434,3837,0,39717928,4256,0
592,672609856712,672612019978,20000456,sA-eth3,up,672611788635,netem,41556310,28601,0,0,0,45420,3,19130622,3855,0,39950796,4274,0
593,672631755712,672634680917,21899000,sA-eth3,up,672634239732,netem,41743046,28725,0,0,0,0,0,19131414,3867,0,40130272,4288,0
594,672649857734,672652091901,18102022,sA-eth3,up,672651887399,netem,41743046,28725,0,0,0,0,0,19131414,3867,0,40130272,4288,0
595,672669949851,672672378201,20092117,sA-eth3,up,672672129927,netem,41743046,28725,0,0,0,0,0,19131414,3867,0,40130272,4288,0
596,672689891986,672692204694,19942135,sA-eth3,up,672691981452,netem,41743046,28725,0,0,0,0,0,19131414,3867,0,40130272,4288,0
597,672709861641,672712073709,19969655,sA-eth3,up,672711819855,netem,41743046,28725,0,0,0,0,0,19131414,3867,0,40130272,4288,0
598,672729866788,672731798111,20005147,sA-eth3,up,672731606849,netem,41743046,28725,0,0,0,0,0,19131414,3867,0,40130272,4288,0
599,672749858163,672751711366,19991375,sA-eth3,up,672751526054,netem,41743046,28725,0,0,0,0,0,19131414,3867,0,40130272,4288,0
600,672769862539,672771722732,20004376,sA-eth3,up,672771540870,netem,41743046,28725,0,0,0,0,0,19131414,3867,0,40130272,4288,0
601,672789866846,672791771509,20004307,sA-eth3,up,672791582136,netem,41743046,28725,0,0,0,0,0,19131414,3867,0,40130272,4288,0
602,672809879321,672813405355,20012475,sA-eth3,up,672813182773,netem,41773416,28746,0,0,0,33308,2,19131612,3870,0,40174000,4292,0
603,672829891598,672832038554,20012277,sA-eth3,up,672831800971,netem,42008156,28902,0,0,0,52990,4,19132734,3887,0,40399632,4310,0
604,672849899024,672852090541,20007426,sA-eth3,up,672851847157,netem,42271592,29076,0,0,0,43906,4,19133790,3903,0,40638292,4328,0
605,672869879689,672872347699,19980665,sA-eth3,up,672872094017,netem,42522916,29242,0,0,0,30280,2,19134912,3920,0,40879914,4347,0
606,672889872485,672891906301,19992796,sA-eth3,up,672891713888,netem,42757586,29397,0,0,0,52990,4,19136100,3938,0,41120022,4365,0
607,672909863870,672913355983,19991385,sA-eth3,up,672913173511,netem,42893846,29487,0,0,0,0,0,19136100,3938,0,41236456,4374,0
608,672929865147,672932248716,20001277,sA-eth3,up,672931982493,netem,43014966,29567,0,0,0,30280,2,19136628,3946,0,41367436,4384,0
609,672949866402,672952182971,20001255,sA-eth3,up,672951988139,netem,43272346,29737,0,0,0,45420,3,19137684,3962,0,41600172,4400,0
610,672969857438,672971963864,19991036,sA-eth3,up,672971778852,netem,43522156,29902,0,0,0,37850,3,19138674,3977,0,41840280,4419,0
611,672989857595,672991891519,20000157,sA-eth3,up,672991657607,netem,43764396,30062,0,0,0,52990,4,19139928,3996,0,42073148,4436,0
612,673009832280,673011832034,19974685,sA-eth3,up,673011641062,netem,43935992,30176,0,0,0,0,0,19140786,4009,0,42238078,4449,0
613,673029859627,673032187375,20027347,sA-eth3,up,673031921382,netem,43935992,30176,0,0,0,0,0,19140786,4009,0,42238078,4449,0
614,673049892323,673053409826,20032696,sA-eth3,up,673053182213,netem,43935992,30176,0,0,0,0,0,19140786,4009,0,42238078,4449,0
615,673069884959,673071984675,19992636,sA-eth3,up,673071762011,netem,43935992,30176,0,0,0,0,0,19140786,4009,0,42238078,4449,0
616,673089890935,673092101381,20005976,sA-eth3,up,673091848988,netem,43935992,30176,0,0,0,0,0,19140786,4009,0,42238078,4449,0
617,673109896700,673112460733,20005765,sA-eth3,up,673112216189,netem,43935992,30176,0,0,0,0,0,19140786,4009,0,42238078,4449,0
618,673129865926,673131906811,19969226,sA-eth3,up,673131726419,netem,43935992,30176,0,0,0,0,0,19140786,4009,0,42238078,4449,0
619,673150204547,673152764370,20338621,sA-eth3,up,673152557036,netem,43935992,30176,0,0,0,0,0,19140786,4009,0,42238078,4449,0
620,673169857441,673171918216,19652894,sA-eth3,up,673171736874,netem,43935992,30176,0,0,0,0,0,19140786,4009,0,42238078,4449,0
621,673190067500,673192449589,20210059,sA-eth3,up,673192199717,netem,43935992,30176,0,0,0,0,0,19140786,4009,0,42238078,4449,0
622,673209875455,673212227783,19807955,sA-eth3,up,673211973561,netem,43935992,30176,0,0,0,0,0,19140786,4009,0,42238078,4449,0
623,673229859852,673232125000,19984397,sA-eth3,up,673231915687,netem,43935992,30176,0,0,0,0,0,19140786,4009,0,42238078,4449,0
624,673249854629,673251928884,19994777,sA-eth3,up,673251747782,netem,43935992,30176,0,0,0,0,0,19140786,4009,0,42238078,4449,0
625,673269855086,673272080503,20000457,sA-eth3,up,673271883480,netem,43935992,30176,0,0,0,0,0,19140786,4009,0,42238078,4449,0
626,673289851173,673291880658,19996087,sA-eth3,up,673291689426,netem,43935992,30176,0,0,0,0,0,19140786,4009,0,42238078,4449,0
627,673309885440,673312514953,20034267,sA-eth3,up,673312289571,netem,43935992,30176,0,0,0,0,0,19140786,4009,0,42238078,4449,0
628,673329873488,673332153186,19988048,sA-eth3,up,673331935982,netem,43935992,30176,0,0,0,0,0,19140786,4009,0,42238078,4449,0
629,673349865354,673352168922,19991866,sA-eth3,up,673351946330,netem,43935992,30176,0,0,0,0,0,19140786,4009,0,42238078,4449,0
630,673369859042,673371946428,19993688,sA-eth3,up,673371739325,netem,43935992,30176,0,0,0,0,0,19140786,4009,0,42238078,4449,0
631,673389884979,673391884594,20025937,sA-eth3,up,673391695342,netem,43935992,30176,0,0,0,0,0,19140786,4009,0,42238078,4449,0
632,673409857536,673411939282,19972557,sA-eth3,up,673411719309,netem,43935992,30176,0,0,0,0,0,19140786,4009,0,42238078,4449,0
633,673429854383,673431842427,19996847,sA-eth3,up,673431655965,netem,43935992,30176,0,0,0,0,0,19140786,4009,0,42238078,4449,0
634,673449858740,673451841775,20004357,sA-eth3,up,673451654763,netem,43935992,30176,0,0,0,0,0,19140786,4009,0,42238078,4449,0
635,673469857988,673471926753,19999248,sA-eth3,up,673471682530,netem,43935992,30176,0,0,0,0,0,19140786,4009,0,42238078,4449,0
636,673489858644,673491830189,20000656,sA-eth3,up,673491640177,netem,43935992,30176,0,0,0,0,0,19140786,4009,0,42238078,4449,0
637,673509861732,673512313942,20003088,sA-eth3,up,673512112280,netem,43935992,30176,0,0,0,0,0,19140786,4009,0,42238078,4449,0
638,673529882758,673532737765,20021026,sA-eth3,up,673532469470,netem,43935992,30176,0,0,0,0,0,19140786,4009,0,42238078,4449,0
639,673549864246,673552111174,19981488,sA-eth3,up,673551883221,netem,43935992,30176,0,0,0,0,0,19140786,4009,0,42238078,4449,0
640,673569875033,673572162681,20010787,sA-eth3,up,673571952639,netem,43935992,30176,0,0,0,0,0,19140786,4009,0,42238078,4449,0
641,673589857330,673592167648,19982297,sA-eth3,up,673591962205,netem,43935992,30176,0,0,0,0,0,19140786,4009,0,42238078,4449,0
642,673609861678,673612022194,20004348,sA-eth3,up,673611800391,netem,43935992,30176,0,0,0,0,0,19140786,4009,0,42238078,4449,0
643,673629808383,673631864219,19946705,sA-eth3,up,673631663607,netem,43935992,30176,0,0,0,0,0,19140786,4009,0,42238078,4449,0
644,673649861511,673652026818,20053128,sA-eth3,up,673651829405,netem,43935992,30176,0,0,0,0,0,19140786,4009,0,42238078,4449,0
645,673669851959,673672029315,19990448,sA-eth3,up,673671786653,netem,43935992,30176,0,0,0,0,0,19140786,4009,0,42238078,4449,0
646,673689879586,673692677400,20027627,sA-eth3,up,673692428108,netem,44105650,30289,0,0,0,42392,3,19141446,4019,0,42401070,4461,0
647,673709863573,673712283753,19983987,sA-eth3,up,673712043969,netem,44352432,30452,0,0,0,37850,3,19142502,4035,0,42645588,4480,0
648,673729877980,673732349310,20014407,sA-eth3,up,673732122807,netem,44596186,30613,0,0,0,52990,4,19143624,4052,0,42872532,4496,0
649,673749868937,673752266287,19990957,sA-eth3,up,673751998123,netem,44853566,30783,0,0,0,51476,3,19144548,4066,0,43119946,4515,0
650,673769873924,673771825519,20004987,sA-eth3,up,673771632916,netem,45091264,30940,0,0,0,84784,6,19145604,4082,0,43348338,4531,0
651,673789868251,673791736904,19994327,sA-eth3,up,673791552732,netem,45333504,31100,0,0,0,102952,7,19146528,4096,0,43600030,4549,0
652,673809866098,673811765292,19997847,sA-eth3,up,673811576690,netem,45586342,31267,0,0,0,118092,8,19147584,4112,0,43840138,4567,0
653,673829864255,673831688978,19998157,sA-eth3,up,673831510906,netem,45834638,31431,0,0,0,124148,9,19148574,4127,0,44078732,4584,0
654,673849862323,673851702226,19998068,sA-eth3,up,673851529434,netem,46093602,31603,0,0,0,35336,3,19149630,4143,0,44311670,4603,0
655,673869861999,673871807344,19999676,sA-eth3,up,673871620312,netem,46128938,31627,0,0,0,0,0,19149894,4147,0,44345620,4606,0
656,673889860917,673891875542,19998918,sA-eth3,up,673891685230,netem,46128938,31627,0,0,0,0,0,19149894,4147,0,44345620,4606,0
657,673909830663,673911864649,19969746,sA-eth3,up,673911604606,netem,46128938,31627,0,0,0,0,0,19149894,4147,0,44345620,4606,0
658,673929818071,673931850816,19987408,sA-eth3,up,673931662224,netem,46128938,31627,0,0,0,0,0,19149894,4147,0,44345620,4606,0
659,673949859298,673951830743,20041227,sA-eth3,up,673951631860,netem,46128938,31627,0,0,0,0,0,19149894,4147,0,44345620,4606,0
660,673969867465,673972344065,20008167,sA-eth3,up,673972099203,netem,46128938,31627,0,0,0,0,0,19149894,4147,0,44345620,4606,0
661,673990018785,673992199531,20151320,sA-eth3,up,673991987249,netem,46128938,31627,0,0,0,0,0,19149894,4147,0,44345620,4606,0
662,674009858779,674011726012,19839994,sA-eth3,up,674011538130,netem,46128938,31627,0,0,0,0,0,19149894,4147,0,44345620,4606,0
663,674029865416,674032158205,20006637,sA-eth3,up,674031958693,netem,46128938,31627,0,0,0,0,0,19149894,4147,0,44345620,4606,0
664,674049864144,674052064341,19998728,sA-eth3,up,674051775818,netem,46128938,31627,0,0,0,0,0,19149894,4147,0,44345620,4606,0
665,674069866651,674071924876,20002507,sA-eth3,up,674071739684,netem,46128938,31627,0,0,0,0,0,19149894,4147,0,44345620,4606,0
666,674089857028,674091788332,19990377,sA-eth3,up,674091576950,netem,46128938,31627,0,0,0,0,0,19149894,4147,0,44345620,4606,0
667,674109839335,674111787469,19982307,sA-eth3,up,674111597427,netem,46128938,31627,0,0,0,0,0,19149894,4147,0,44345620,4606,0
668,674129860962,674131881778,20021627,sA-eth3,up,674131690575,netem,46128938,31627,0,0,0,0,0,19149894,4147,0,44345620,4606,0
669,674149861181,674151920426,20000219,sA-eth3,up,674151729424,netem,46128938,31627,0,0,0,0,0,19149894,4147,0,44345620,4606,0
670,674169857988,674171821903,19996807,sA-eth3,up,674171626241,netem,46128938,31627,0,0,0,0,0,19149894,4147,0,44345620,4606,0
671,674189858927,674191833712,20000939,sA-eth3,up,674191626569,netem,46128938,31627,0,0,0,0,0,19149894,4147,0,44345620,4606,0
672,674209861155,674211890151,20002228,sA-eth3,up,674211681818,netem,46128938,31627,0,0,0,0,0,19149894,4147,0,44345620,4606,0
673,674229864524,674231821618,20003369,sA-eth3,up,674231634006,netem,46128938,31627,0,0,0,0,0,19149894,4147,0,44345620,4606,0
674,674251039547,674253563738,21175023,sA-eth3,up,674253371765,netem,46128938,31627,0,0,0,0,0,19149894,4147,0,44345620,4606,0
675,674269868400,674271965347,18828853,sA-eth3,up,674271778985,netem,46128938,31627,0,0,0,0,0,19149894,4147,0,44345620,4606,0
676,674289872259,674292316739,20003859,sA-eth3,up,674292069376,netem,46128938,31627,0,0,0,0,0,19149894,4147,0,44345620,4606,0
677,674309874517,674312045935,20002258,sA-eth3,up,674311847272,netem,46128938,31627,0,0,0,0,0,19149894,4147,0,44345620,4606,0
678,674329864255,674331903321,19989738,sA-eth3,up,674331719729,netem,46128938,31627,0,0,0,0,0,19149894,4147,0,44345620,4606,0
679,674349874103,674353280026,20009848,sA-eth3,up,674353093634,netem,46128938,31627,0,0,0,0,0,19149894,4147,0,44345620,4606,0
680,674369868062,674372370213,19993959,sA-eth3,up,674372121259,netem,46129008,31628,0,0,0,0,0,19149894,4147,0,44345690,4607,0
681,674389875910,674391908606,20007848,sA-eth3,up,674391721823,netem,46129008,31628,0,0,0,0,0,19149894,4147,0,44345690,4607,0
682,674409865569,674411760842,19989659,sA-eth3,up,674411572340,netem,46129008,31628,0,0,0,0,0,19149894,4147,0,44345690,4607,0
683,674429856777,674431698869,19991208,sA-eth3,up,674431520777,netem,46129098,31629,0,0,0,30280,2,19149960,4148,0,44345780,4608,0
684,674449859835,674451827569,20003058,sA-eth3,up,674451634147,netem,46378908,31794,0,0,0,33308,2,19151082,4165,0,44600434,4627,0
685,674469866903,674471761707,20007068,sA-eth3,up,674471569385,netem,46636288,31964,0,0,0,30280,2,19152138,4181,0,44833236,4644,0
686,674489861192,674491767455,19994289,sA-eth3,up,674491578853,netem,46873986,32121,0,0,0,56018,4,19153260,4198,0,45079136,4663,0
687,674509860570,674511675622,19999378,sA-eth3,up,674511502190,netem,47128338,32289,0,0,0,37850,3,19154250,4213,0,45306212,4680,0
688,674529861538,674531691891,20000968,sA-eth3,up,674531518329,netem,47385718,32459,0,0,0,45420,3,19155372,4230,0,45553626,4699,0
689,674549861357,674551741090,19999819,sA-eth3,up,674551552997,netem,47635528,32624,0,0,0,37850,3,19156428,4246,0,45801040,4718,0
690,674569865345,674571756069,20003988,sA-eth3,up,674571571936,netem,47877768,32784,0,0,0,52990,4,19157616,4264,0,46041148,4736,0
691,674589858313,674591664095,19992968,sA-eth3,up,674591490883,netem,48120008,32944,0,0,0,56018,4,19158672,4280,0,46276912,4754,0
692,674612039958,674614759753,22181645,sA-eth3,up,674614461388,netem,48321884,33078,0,0,0,0,0,19159200,4288,0,46453426,4767,0
693,674629857000,674632151139,17817042,sA-eth3,up,674631915675,netem,48321884,33078,0,0,0,0,0,19159200,4288,0,46453426,4767,0
694,674649860658,674652079406,20003658,sA-eth3,up,674651835173,netem,48321884,33078,0,0,0,0,0,19159200,4288,0,46453426,4767,0
695,674669855556,674671930012,19994898,sA-eth3,up,674671728220,netem,48321884,33078,0,0,0,0,0,19159200,4288,0,46453426,4767,0
696,674689856215,674692031511,20000659,sA-eth3,up,674691838369,netem,48321884,33078,0,0,0,0,0,19159200,4288,0,46453426,4767,0
697,674709868353,674712000900,20012138,sA-eth3,up,674711764247,netem,48321884,33078,0,0,0,0,0,19159200,4288,0,46453426,4767,0
698,674729856271,674732066689,19987918,sA-eth3,up,674731867867,netem,48321884,33078,0,0,0,0,0,19159200,4288,0,46453426,4767,0
699,674749857570,674751991416,20001299,sA-eth3,up,674751809413,netem,48321884,33078,0,0,0,0,0,19159200,4288,0,46453426,4767,0
700,674769853948,674772039725,19996378,sA-eth3,up,674771834252,netem,48321884,33078,0,0,0,0,0,19159200,4288,0,46453426,4767,0
701,674790801358,674792758653,20947410,sA-eth3,up,674792571360,netem,48321884,33078,0,0,0,0,0,19159200,4288,0,46453426,4767,0
702,674809857284,674811836690,19055926,sA-eth3,up,674811648227,netem,48321884,33078,0,0,0,0,0,19159200,4288,0,46453426,4767,0
703,674829858983,674831958179,20001699,sA-eth3,up,674831771956,netem,48321884,33078,0,0,0,0,0,19159200,4288,0,46453426,4767,0
704,674849858242,674851976577,19999259,sA-eth3,up,674851778425,netem,48321884,33078,0,0,0,0,0,19159200,4288,0,46453426,4767,0
705,674869860660,674871915975,20002418,sA-eth3,up,674871730753,netem,48321884,33078,0,0,0,0,0,19159270,4289,0,46453426,4767,0
706,674889858418,674891909033,19997758,sA-eth3,up,674891725501,netem,48321884,33078,0,0,0,0,0,19159270,4289,0,46453426,4767,0
707,674909862146,674911792400,20003728,sA-eth3,up,674911603157,netem,48321884,33078,0,0,0,0,0,19159270,4289,0,46453426,4767,0
708,674929861304,674932157663,19999158,sA-eth3,up,674931868910,netem,48321884,33078,0,0,0,0,0,19159270,4289,0,46453426,4767,0
709,674949869653,674951847907,20008349,sA-eth3,up,674951655555,netem,48321884,33078,0,0,0,0,0,19159270,4289,0,46453426,4767,0
710,674969859131,674971863976,19989478,sA-eth3,up,674971667434,netem,48321884,33078,0,0,0,0,0,19159270,4289,0,46453426,4767,0
711,674989867949,674991858954,20008818,sA-eth3,up,674991645932,netem,48321884,33078,0,0,0,0,0,19159270,4289,0,46453426,4767,0
712,675009854788,675011741911,19986839,sA-eth3,up,675011554559,netem,48321884,33078,0,0,0,0,0,19159270,4289,0,46453426,4767,0
713,675029862776,675031765620,20007988,sA-eth3,up,675031583197,netem,48321884,33078,0,0,0,0,0,19159270,4289,0,46453426,4767,0
714,675049868115,675052326945,20005339,sA-eth3,up,675052074741,netem,48321884,33078,0,0,0,0,0,19159270,4289,0,46453426,4767,0
715,675069884952,675072485235,20016837,sA-eth3,up,675072243702,netem,48321884,33078,0,0,0,0,0,19159270,4289,0,46453426,4767,0
716,675089868071,675091859326,19983119,sA-eth3,up,675091658694,netem,48321884,33078,0,0,0,0,0,19159270,4289,0,46453426,4767,0
717,675109871240,675111738403,20003169,sA-eth3,up,675111557851,netem,48321884,33078,0,0,0,0,0,19159270,4289,0,46453426,4767,0
718,675129865448,675131719271,19994208,sA-eth3,up,675131533829,netem,48321884,33078,0,0,0,0,0,19159270,4289,0,46453426,4767,0
719,675149864848,675152073794,19999400,sA-eth3,up,675151860092,netem,48456720,33168,0,0,0,37850,3,19159864,4298,0,46600490,4779,0
720,675169866167,675171885101,20001319,sA-eth3,up,675171629569,netem,48712586,33337,0,0,0,51476,4,19160788,4312,0,46828816,4794,0
721,675189863667,675191794330,19997500,sA-eth3,up,675191603778,netem,48951798,33495,0,0,0,81756,5,19161646,4325,0,47077612,4812,0
722,675209858085,675211752910,19994418,sA-eth3,up,675211559377,netem,49201608,33660,0,0,0,68130,5,19162768,4342,0,47313310,4829,0
723,675229866034,675231780569,20007949,sA-eth3,up,675231591247,netem,49455960,33828,0,0,0,56018,4,19163956,4360,0,47557828,4848,0
724,675249859064,675251715497,19993030,sA-eth3,up,675251529895,netem,49701228,33990,0,0,0,68130,4,19165012,4376,0,47793592,4866,0
725,675269863284,675271733077,20004220,sA-eth3,up,675271546685,netem,49955580,34158,0,0,0,68130,5,19166134,4393,0,48023432,4882,0
726,675289867123,675291727097,20003839,sA-eth3,up,675291543044,netem,50205390,34323,0,0,0,74186,5,19167124,4408,0,48276638,4901,0
727,675309860783,675311760106,19993660,sA-eth3,up,675311574634,netem,50450658,34485,0,0,0,64102,4,19167784,4418,0,48515298,4919,0
728,675329879512,675332311872,20018729,sA-eth3,up,675332121570,netem,50514760,34528,0,0,0,0,0,19168048,4422,0,48560832,4922,0
729,675349863362,675351980969,19983850,sA-eth3,up,675351794617,netem,50514760,34528,0,0,0,0,0,19168048,4422,0,48560832,4922,0
730,675369858641,675372117989,19995279,sA-eth3,up,675371825906,netem,50514760,34528,0,0,0,0,0,19168048,4422,0,48560832,4922,0
731,675389868851,675392134109,20010210,sA-eth3,up,675391909437,netem,50514760,34528,0,0,0,0,0,19168048,4422,0,48560832,4922,0
732,675409861510,675412094418,19992659,sA-eth3,up,675411876526,netem,50514760,34528,0,0,0,0,0,19168048,4422,0,48560832,4922,0
733,675430657099,675433624256,20795589,sA-eth3,up,675433354213,netem,50514760,34528,0,0,0,0,0,19168048,4422,0,48560832,4922,0
734,675449858619,675452051457,19201520,sA-eth3,up,675451788233,netem,50514760,34528,0,0,0,0,0,19168048,4422,0,48560832,4922,0
735,675469822788,675471857834,19964169,sA-eth3,up,675471662281,netem,50514760,34528,0,0,0,0,0,19168048,4422,0,48560832,4922,0
736,675489855308,675491999545,20032520,sA-eth3,up,675491815942,netem,50514760,34528,0,0,0,0,0,19168048,4422,0,48560832,4922,0
737,675509862788,675512235267,20007480,sA-eth3,up,675512042045,netem,50514760,34528,0,0,0,0,0,19168048,4422,0,48560832,4922,0
738,675529863017,675531986323,20000229,sA-eth3,up,675531769221,netem,50514760,34528,0,0,0,0,0,19168048,4422,0,48560832,4922,0
739,675549852906,675551958933,19989889,sA-eth3,up,675551769021,netem,50514760,34528,0,0,0,0,0,19168048,4422,0,48560832,4922,0
740,675569836936,675571935403,19984030,sA-eth3,up,675571741650,netem,50514760,34528,0,0,0,0,0,19168048,4422,0,48560832,4922,0
741,675593040036,675595142711,23203100,sA-eth3,up,675594896709,netem,50514760,34528,0,0,0,0,0,19168048,4422,0,48560832,4922,0
742,675609855035,675611859510,16814999,sA-eth3,up,675611629737,netem,50514760,34528,0,0,0,0,0,19168048,4422,0,48560832,4922,0
743,675629846554,675631924390,19991519,sA-eth3,up,675631735228,netem,50514760,34528,0,0,0,0,0,19168048,4422,0,48560832,4922,0
744,675649867754,675651909710,20021200,sA-eth3,up,675651717107,netem,50514760,34528,0,0,0,0,0,19168048,4422,0,48560832,4922,0
745,675669865174,675672956813,19997420,sA-eth3,up,675672762790,netem,50514760,34528,0,0,0,0,0,19168048,4422,0,48560832,4922,0
746,675689832383,675691852718,19967209,sA-eth3,up,675691653176,netem,50619316,34598,0,0,0,68130,4,19168378,4427,0,48680120,4930,0
747,675709849702,675711902128,20017319,sA-eth3,up,675711698146,netem,50872154,34765,0,0,0,49962,3,19168906,4435,0,48920228,4948,0
748,675729869832,675731867757,20020130,sA-eth3,up,675731662395,netem,50923630,34799,0,0,0,0,0,19168906,4435,0,48953730,4951,0
749,675749863792,675751832346,19993960,sA-eth3,up,675751631264,netem,50985704,34840,0,0,0,37850,3,19168972,4436,0,49013428,4956,0
750,675769855431,675771904527,19991639,sA-eth3,up,675771648394,netem,51205234,34985,0,0,0,0,0,19168972,4436,0,49224444,4972,0
751,675789867100,675791942226,20011669,sA-eth3,up,675791733814,netem,51205234,34985,0,0,0,22710,2,19169038,4437,0,49231750,4973,0
752,675809862480,675812176618,19995380,sA-eth3,up,675811938036,netem,51453530,35149,0,0,0,31794,3,19170028,4452,0,49474754,4991,0
753,675829889980,675832042027,20027500,sA-eth3,up,675831798834,netem,51704854,35315,0,0,0,30280,2,19171150,4469,0,49704726,5009,0
754,675849855449,675851844223,19965469,sA-eth3,up,675851622681,netem,51951636,35478,0,0,0,40878,3,19172272,4486,0,49952074,5027,0
755,675869862679,675871976295,20007230,sA-eth3,up,675871790453,netem,52199932,35642,0,0,0,52990,3,19173394,4503,0,50180532,5044,0
756,675889875119,675892044645,20012440,sA-eth3,up,675891842903,netem,52454284,35810,0,0,0,45490,4,19174450,4519,0,50425050,5063,0
757,675909851268,675912015714,19976149,sA-eth3,up,675911821392,netem,52707706,35979,0,0,0,0,0,19175572,4536,0,50668572,5082,0
758,675929860227,675931855162,20008959,sA-eth3,up,675931638089,netem,52707706,35979,0,0,0,0,0,19175638,4537,0,50668572,5082,0
759,675949860606,675951862991,20000379,sA-eth3,up,675951677369,netem,52707706,35979,0,0,0,0,0,19175638,4537,0,50668572,5082,0
760,675969820335,675971803640,19959729,sA-eth3,up,675971594978,netem,52707706,35979,0,0,0,0,0,19175638,4537,0,50668572,5082,0
761,675989858195,675991904940,20037860,sA-eth3,up,675991690048,netem,52707706,35979,0,0,0,0,0,19175638,4537,0,50668572,5082,0
762,676009868425,676011855140,20010230,sA-eth3,up,676011666977,netem,52707706,35979,0,0,0,0,0,19175638,4537,0,50668572,5082,0
763,676029856714,676031950131,19988289,sA-eth3,up,676031744448,netem,52707706,35979,0,0,0,0,0,19175638,4537,0,50668572,5082,0
764,676049898164,676052223744,20041450,sA-eth3,up,676051984591,netem,52707706,35979,0,0,0,0,0,19175638,4537,0,50668572,5082,0
765,676069860133,676071844998,19961969,sA-eth3,up,676071653726,netem,52707706,35979,0,0,0,0,0,19175638,4537,0,50668572,5082,0
766,676089861842,676091742136,20001709,sA-eth3,up,676091555734,netem,52707706,35979,0,0,0,0,0,19175638,4537,0,50668572,5082,0
767,676109857452,676111719355,19995610,sA-eth3,up,676111533713,netem,52707706,35979,0,0,0,0,0,19175638,4537,0,50668572,5082,0
768,676129891732,676131766355,20034280,sA-eth3,up,676131581573,netem,52707706,35979,0,0,0,0,0,19175638,4537,0,50668572,5082,0
769,676149876912,676152457805,19985180,sA-eth3,up,676152242012,netem,52707706,35979,0,0,0,0,0,19175638,4537,0,50668572,5082,0
770,676169861273,676171862608,19984361,sA-eth3,up,676171669446,netem,52707706,35979,0,0,0,0,0,19175638,4537,0,50668572,5082,0
771,676189855653,676191797528,19994380,sA-eth3,up,676191609395,netem,52707706,35979,0,0,0,0,0,19175638,4537,0,50668572,5082,0
772,676209861444,676211701527,20005791,sA-eth3,up,676211528705,netem,52707706,35979,0,0,0,0,0,19175638,4537,0,50668572,5082,0
773,676229869885,676231761029,20008441,sA-eth3,up,676231570507,netem,52707706,35979,0,0,0,0,0,19175638,4537,0,50668572,5082,0
774,676249864506,676251755739,19994621,sA-eth3,up,676251567957,netem,52707706,35979,0,0,0,0,0,19175638,4537,0,50668572,5082,0
775,676269855006,676271696090,19990500,sA-eth3,up,676271517507,netem,52707706,35979,0,0,0,0,0,19175638,4537,0,50668572,5082,0
776,676289861337,676291899412,20006331,sA-eth3,up,676291701670,netem,52707706,35979,0,0,0,0,0,19175638,4537,0,50668572,5082,0
777,676309868688,676311853993,20007351,sA-eth3,up,676311656240,netem,52707706,35979,0,0,0,0,0,19175638,4537,0,50668572,5082,0
778,676329863168,676331898063,19994480,sA-eth3,up,676331679691,netem,52707706,35979,0,0,0,0,0,19175638,4537,0,50668572,5082,0
779,676349870498,676351850894,20007330,sA-eth3,up,676351651441,netem,52707706,35979,0,0,0,0,0,19175638,4537,0,50668572,5082,0
780,676369861709,676371858625,19991211,sA-eth3,up,676371653452,netem,52707706,35979,0,0,0,0,0,19175638,4537,0,50668572,5082,0
781,676389895631,676392459592,20033922,sA-eth3,up,676392226629,netem,52707706,35979,0,0,0,0,0,19175638,4537,0,50668572,5082,0
782,676409873851,676412278081,19978220,sA-eth3,up,676412042148,netem,52707706,35979,0,0,0,0,0,19175638,4537,0,50668572,5082,0
783,676429871332,676432154910,19997481,sA-eth3,up,676431931447,netem,52707706,35979,0,0,0,0,0,19175638,4537,0,50668572,5082,0
784,676449870622,676452076790,19999290,sA-eth3,up,676451857737,netem,52707706,35979,0,0,0,0,0,19175638,4537,0,50668572,5082,0
785,676469874603,676472093441,20003981,sA-eth3,up,676471862698,netem,52707706,35979,0,0,0,0,0,19175638,4537,0,50668572,5082,0
786,676489874683,676493473739,20000080,sA-eth3,up,676493221975,netem,52707706,35979,0,0,0,0,0,19175638,4537,0,50668572,5082,0
787,676509864604,676512075952,19989921,sA-eth3,up,676511861609,netem,52707706,35979,0,0,0,0,0,19175638,4537,0,50668572,5082,0
788,676529896245,676532020632,20031641,sA-eth3,up,676531804369,netem,52707706,35979,0,0,0,0,0,19175638,4537,0,50668572,5082,0
789,676549874785,676551990682,19978540,sA-eth3,up,676551810670,netem,52707706,35979,0,0,0,0,0,19175638,4537,0,50668572,5082,0
790,676569857415,676572119735,19982630,sA-eth3,up,676571894061,netem,52874336,36090,0,0,0,30280,2,19176430,4549,0,50843280,5096,0
791,676589858916,676592259367,20001501,sA-eth3,up,676592021413,netem,53131716,36260,0,0,0,45420,3,19177486,4565,0,51076082,5113,0
792,676609875237,676611901403,20016321,sA-eth3,up,676611696191,netem,53366386,36415,0,0,0,56018,4,19178674,4583,0,51316190,5131,0
793,676629865778,676631974274,19990541,sA-eth3,up,676631770442,netem,53623766,36585,0,0,0,45420,3,19179730,4600,0,51549058,5149,0
794,676649856589,676652105947,19990811,sA-eth3,up,676651900364,netem,53881146,36755,0,0,0,45420,3,19180720,4614,0,51796472,5168,0
795,676669847619,676671879705,19991030,sA-eth3,up,676671691112,netem,54115816,36910,0,0,0,52990,4,19181710,4629,0,52036580,5186,0
796,676689861900,676692262389,20014281,sA-eth3,up,676692000937,netem,54373196,37080,0,0,0,45420,3,19182898,4647,0,52283994,5205,0
797,676709873240,676711825565,20011340,sA-eth3,up,676711635403,netem,54616950,37241,0,0,0,49962,4,19184020,4664,0,52516796,5222,0
798,676729867261,676739090977,19994021,sA-eth3,up,676738887555,netem,54868274,37407,0,0,0,32308,2,19185208,4682,0,52776242,5241,0
799,676749864432,676753360616,19997171,sA-eth3,up,676753137643,netem,54900582,37429,0,0,0,0,0,19185208,4682,0,52776242,5241,0
800,676769867133,676772246043,20002701,sA-eth3,up,676771956609,netem,54900582,37429,0,0,0,0,0,19185208,4682,0,52776242,5241,0
801,676789837633,676792071771,19970500,sA-eth3,up,676791855628,netem,54900582,37429,0,0,0,0,0,19185208,4682,0,52776242,5241,0
802,676809866854,676811953670,20029221,sA-eth3,up,676811747497,netem,54900582,37429,0,0,0,0,0,19185208,4682,0,52776242,5241,0
803,676829853794,676832014652,19986940,sA-eth3,up,676831800798,netem,54900582,37429,0,0,0,0,0,19185208,4682,0,52776242,5241,0
804,676849923875,676852093573,20070081,sA-eth3,up,676851890681,netem,54900582,37429,0,0,0,0,0,19185208,4682,0,52776242,5241,0
805,676869867716,676871991133,19943841,sA-eth3,up,676871767360,netem,54900582,37429,0,0,0,0,0,19185208,4682,0,52776242,5241,0
806,676889867016,676891911032,19999300,sA-eth3,up,676891734029,netem,54900582,37429,0,0,0,0,0,19185208,4682,0,52776242,5241,0
807,676909878347,676912063954,20011331,sA-eth3,up,676911839402,netem,54900582,37429,0,0,0,0,0,19185208,4682,0,52776242,5241,0
808,676929847607,676931991204,19969260,sA-eth3,up,676931760282,netem,54900582,37429,0,0,0,0,0,19185208,4682,0,52776242,5241,0
809,676949855529,676952417631,20007922,sA-eth3,up,676952201327,netem,54900582,37429,0,0,0,0,0,19185208,4682,0,52776242,5241,0
810,676969861369,676972307550,20005840,sA-eth3,up,676972112447,netem,54900582,37429,0,0,0,0,0,19185208,4682,0,52776242,5241,0
811,676989856980,676992132338,19995611,sA-eth3,up,676991798623,netem,54900582,37429,0,0,0,0,0,19185208,4682,0,52776242,5241,0
812,677009868640,677011955236,20011660,sA-eth3,up,677011735444,netem,54900582,37429,0,0,0,0,0,19185208,4682,0,52776242,5241,0
813,677029850151,677031906416,19981511,sA-eth3,up,677031724064,netem,54900582,37429,0,0,0,0,0,19185208,4682,0,52776242,5241,0
814,677049857402,677052148561,20007251,sA-eth3,up,677051933087,netem,54900582,37429,0,0,0,0,0,19185208,4682,0,52776242,5241,0
815,677069860002,677071810717,20002600,sA-eth3,up,677071575594,netem,54900582,37429,0,0,0,0,0,19185208,4682,0,52776242,5241,0
816,677089855612,677091749537,19995610,sA-eth3,up,677091502833,netem,54900582,37429,0,0,0,0,0,19185208,4682,0,52776242,5241,0
817,677109864973,677111828678,20009361,sA-eth3,up,677111618985,netem,54970316,37476,0,0,0,34822,2,19185472,4686,0,52843204,5246,0
818,677129859104,677131794058,19994131,sA-eth3,up,677131562586,netem,55206500,37632,0,0,0,49962,3,19186198,4697,0,53086142,5263,0
819,677149838886,677151800181,19979782,sA-eth3,up,677151581587,netem,55282200,37682,0,0,0,0,0,19186198,4697,0,53142944,5268,0
820,677169859977,677172024585,20021091,sA-eth3,up,677171739732,netem,55298854,37693,0,0,0,43906,3,19186264,4698,0,53174932,5270,0
821,677189866279,677192199389,20006302,sA-eth3,up,677192022536,netem,55547150,37857,0,0,0,0,0,19186264,4698,0,53397598,5287,0
822,677209858272,677212303722,19991993,sA-eth3,up,677212075459,netem,55598626,37891,0,0,0,31794,2,19186462,4701,0,53447094,5291,0
823,677229859373,677231991050,20001101,sA-eth3,up,677231784028,netem,55839352,38050,0,0,0,46934,4,19187584,4718,0,53692994,5309,0
824,677249868965,677251908471,20009592,sA-eth3,up,677251680018,netem,56090676,38216,0,0,0,51476,3,19188574,4733,0,53920070,5327,0
825,677269875426,677272113855,20006461,sA-eth3,up,677271801631,netem,56348056,38386,0,0,0,49962,3,19189498,4747,0,54167418,5345,0
826,677289867969,677292253909,19992543,sA-eth3,up,677292073266,netem,56591810,38547,0,0,0,69644,5,19190422,4761,0,54401668,5362,0
827,677309858490,677311781085,19990521,sA-eth3,up,677311590272,netem,56841620,38712,0,0,0,68130,5,19191346,4775,0,54641776,5380,0
828,677329858972,677331921989,20000482,sA-eth3,up,677331659614,netem,57093458,38879,0,0,0,0,0,19192204,4788,0,54883780,5398,0
829,677349870135,677352241004,20011163,sA-eth3,up,677352059822,netem,57093458,38879,0,0,0,0,0,19192270,4789,0,54883780,5398,0
830,677369861626,677371738759,19991491,sA-eth3,up,677371551657,netem,57093458,38879,0,0,0,0,0,19192270,4789,0,54883780,5398,0
831,677389863278,677391718440,20001652,sA-eth3,up,677391533868,netem,57093458,38879,0,0,0,0,0,19192270,4789,0,54883780,5398,0
832,677409858909,677411764554,19995631,sA-eth3,up,677411567891,netem,57093458,38879,0,0,0,0,0,19192270,4789,0,54883780,5398,0
833,677429856851,677431692005,19997942,sA-eth3,up,677431516972,netem,57093458,38879,0,0,0,0,0,19192270,4789,0,54883780,5398,0
834,677449874343,677452247223,20017492,sA-eth3,up,677452068481,netem,57093458,38879,0,0,0,0,0,19192270,4789,0,54883780,5398,0
835,677469832694,677471876990,19958351,sA-eth3,up,677471690697,netem,57093458,38879,0,0,0,0,0,19192270,4789,0,54883780,5398,0
836,677489862456,677491780990,20029762,sA-eth3,up,677491572888,netem,57093458,38879,0,0,0,0,0,19192270,4789,0,54883780,5398,0
837,677509862359,677511692801,19999903,sA-eth3,up,677511522799,netem,57093458,38879,0,0,0,0,0,19192270,4789,0,54883780,5398,0
838,677529859020,677531657563,19996661,sA-eth3,up,677531488741,netem,57093458,38879,0,0,0,0,0,19192270,4789,0,54883780,5398,0
839,677549860432,677551678944,20001412,sA-eth3,up,677551509442,netem,57093458,38879,0,0,0,0,0,19192270,4789,0,54883780,5398,0
840,677569863524,677572316215,20003092,sA-eth3,up,677572093982,netem,57093458,38879,0,0,0,0,0,19192270,4789,0,54883780,5398,0
841,677589865176,677591827261,20001652,sA-eth3,up,677591602687,netem,57093458,38879,0,0,0,0,0,19192270,4789,0,54883780,5398,0
842,677609866427,677611820482,20001251,sA-eth3,up,677611602730,netem,57093458,38879,0,0,0,0,0,19192270,4789,0,54883780,5398,0
843,677629878779,677632237469,20012352,sA-eth3,up,677632057247,netem,57093458,38879,0,0,0,0,0,19192270,4789,0,54883780,5398,0
844,677649987222,677652446344,20108443,sA-eth3,up,677652257911,netem,57093458,38879,0,0,0,0,0,19192270,4789,0,54883780,5398,0
845,677669889623,677672195803,19902401,sA-eth3,up,677671912478,netem,57093458,38879,0,0,0,0,0,19192270,4789,0,54883780,5398,0
846,677689863855,677692206484,19974232,sA-eth3,up,677692027822,netem,57093458,38879,0,0,0,0,0,19192270,4789,0,54883780,5398,0
847,677709863406,677711983223,19999551,sA-eth3,up,677711818791,netem,57093458,38879,0,0,0,0,0,19192270,4789,0,54883780,5398,0
848,677729910929,677732141867,20047523,sA-eth3,up,677731906264,netem,57093458,38879,0,0,0,0,0,19192270,4789,0,54883780,5398,0
849,677749862040,677751877145,19951111,sA-eth3,up,677751679873,netem,57093458,38879,0,0,0,0,0,19192270,4789,0,54883780,5398,0
850,677769857352,677771760256,19995312,sA-eth3,up,677771547582,netem,57093458,38879,0,0,0,0,0,19192270,4789,0,54883780,5398,0
851,677789856413,677791737247,19999061,sA-eth3,up,677791531355,netem,57093458,38879,0,0,0,0,0,19192270,4789,0,54883780,5398,0
852,677809861126,677811935601,20004713,sA-eth3,up,677811659158,netem,57126856,38902,0,0,0,33308,2,19192468,4792,0,54931852,5402,0
853,677829875117,677832440250,20013991,sA-eth3,up,677832231997,netem,57382722,39071,0,0,0,54504,4,19193326,4805,0,55174790,5419,0
854,677849864949,677851981866,19989832,sA-eth3,up,677851791963,netem,57559860,39188,0,0,0,0,0,19193326,4805,0,55331966,5431,0
855,677869860821,677872194360,19995872,sA-eth3,up,677871984897,netem,57655242,39251,0,0,0,49962,3,19193392,4806,0,55439646,5439,0
856,677889860263,677891687536,19999442,sA-eth3,up,677891514223,netem,57909594,39419,0,0,0,34822,3,19193392,4806,0,55668104,5456,0
857,677909863164,677911759649,20002901,sA-eth3,up,677911567166,netem,57959556,39452,0,0,0,36336,3,19193458,4807,0,55730698,5461,0
858,677929864266,677932441869,20001102,sA-eth3,up,677932262397,netem,58215422,39621,0,0,0,45420,3,19194382,4821,0,55976664,5480,0
859,677949855258,677951841834,19990992,sA-eth3,up,677951654400,netem,58472802,39791,0,0,0,30280,2,19195438,4837,0,56209466,5497,0
860,677969898080,677972071208,20042822,sA-eth3,up,677971828075,netem,58710500,39948,0,0,0,52990,3,19196626,4855,0,56455366,5515,0
861,677989858741,677992331473,19960661,sA-eth3,up,677992103029,netem,58964852,40116,0,0,0,45420,3,19197814,4873,0,56696922,5533,0
862,678009849373,678012131522,19990632,sA-eth3,up,678011925230,netem,59222232,40286,0,0,0,27252,2,19198870,4889,0,56929724,5550,0
863,678029864955,678031692908,20015582,sA-eth3,up,678031513906,netem,59286334,40329,0,0,0,0,0,19199200,4894,0,56991318,5555,0
864,678049859467,678052324948,19994512,sA-eth3,up,678052123725,netem,59286334,40329,0,0,0,0,0,19199200,4894,0,56991318,5555,0
865,678069870639,678071993015,20011172,sA-eth3,up,678071802123,netem,59286334,40329,0,0,0,0,0,19199200,4894,0,56991318,5555,0
866,678089859230,678091943767,19988591,sA-eth3,up,678091727284,netem,59286334,40329,0,0,0,0,0,19199200,4894,0,56991318,5555,0
867,678109863023,678111728906,20003793,sA-eth3,up,678111530663,netem,59286334,40329,0,0,0,0,0,19199200,4894,0,56991318,5555,0
868,678129863804,678131751218,20000781,sA-eth3,up,678131549715,netem,59286334,40329,0,0,0,0,0,19199200,4894,0,56991318,5555,0
869,678149868657,678151933923,20004853,sA-eth3,up,678151722091,netem,59286334,40329,0,0,0,0,0,19199200,4894,0,56991318,5555,0
870,678169869181,678172497523,20000524,sA-eth3,up,678172293611,netem,59286334,40329,0,0,0,0,0,19199200,4894,0,56991318,5555,0
871,678189858593,678192131792,19989412,sA-eth3,up,678191936750,netem,59286334,40329,0,0,0,0,0,19199200,4894,0,56991318,5555,0
872,678209860527,678212070114,20001934,sA-eth3,up,678211875962,netem,59286334,40329,0,0,0,0,0,19199200,4894,0,56991318,5555,0
873,678229862789,678231845204,20002262,sA-eth3,up,678231657122,netem,59286334,40329,0,0,0,0,0,19199200,4894,0,56991318,5555,0
874,678249859131,678252355993,19996342,sA-eth3,up,678252181251,netem,59286334,40329,0,0,0,0,0,19199200,4894,0,56991318,5555,0
875,678269862805,678271946211,20003674,sA-eth3,up,678271762848,netem,59286334,40329,0,0,0,0,0,19199200,4894,0,56991318,5555,0
876,678289857108,678292069995,19994303,sA-eth3,up,678291874352,netem,59286334,40329,0,0,0,0,0,19199200,4894,0,56991318,5555,0
877,678309862121,678311945477,20005013,sA-eth3,up,678311761945,netem,59286334,40329,0,0,0,0,0,19199200,4894,0,56991318,5555,0
878,678329850364,678332000681,19988243,sA-eth3,up,678331803698,netem,59286334,40329,0,0,0,0,0,19199200,4894,0,56991318,5555,0
879,678349864757,678351731660,20014393,sA-eth3,up,678351545208,netem,59286334,40329,0,0,0,0,0,19199200,4894,0,56991318,5555,0
880,678369859320,678372129539,19994563,sA-eth3,up,678371925135,netem,59286334,40329,0,0,0,0,0,19199200,4894,0,56991318,5555,0
881,678389871202,678391988419,20011882,sA-eth3,up,678391795047,netem,59286334,40329,0,0,0,0,0,19199200,4894,0,56991318,5555,0
882,678409863525,678411789169,19992323,sA-eth3,up,678411591657,netem,59286334,40329,0,0,0,0,0,19199200,4894,0,56991318,5555,0
883,678429856768,678432078947,19993243,sA-eth3,up,678431882984,netem,59286334,40329,0,0,0,0,0,19199200,4894,0,56991318,5555,0
884,678449859872,678451757715,20003104,sA-eth3,up,678451577243,netem,59286334,40329,0,0,0,0,0,19199200,4894,0,56991318,5555,0
885,678469870404,678472231384,20010532,sA-eth3,up,678472048392,netem,59286334,40329,0,0,0,0,0,19199200,4894,0,56991318,5555,0
886,678489871537,678491912614,20001133,sA-eth3,up,678491730381,netem,59286334,40329,0,0,0,0,0,19199200,4894,0,56991318,5555,0
887,678509876460,678511876546,20004923,sA-eth3,up,678511657243,netem,59286334,40329,0,0,0,0,0,19199200,4894,0,56991318,5555,0
888,678529863233,678532431096,19986773,sA-eth3,up,678532223552,netem,59286334,40329,0,0,0,0,0,19199200,4894,0,56991318,5555,0
889,678549862526,678552032874,19999293,sA-eth3,up,678551817660,netem,59286334,40329,0,0,0,0,0,19199200,4894,0,56991318,5555,0
890,678569867269,678572208709,20004743,sA-eth3,up,678571971976,netem,59286334,40329,0,0,0,0,0,19199200,4894,0,56991318,5555,0
891,678589864071,678592117491,19996802,sA-eth3,up,678591909418,netem,59286334,40329,0,0,0,0,0,19199200,4894,0,56991318,5555,0
892,678609863135,678612046573,19999064,sA-eth3,up,678611847030,netem,59286334,40329,0,0,0,0,0,19199200,4894,0,56991318,5555,0
893,678629864018,678632167997,20000883,sA-eth3,up,678631966684,netem,59286334,40329,0,0,0,0,0,19199200,4894,0,56991318,5555,0
894,678649859461,678651847886,19995443,sA-eth3,up,678651652474,netem,59286334,40329,0,0,0,0,0,19199200,4894,0,56991318,5555,0
895,678669866773,678672091143,20007312,sA-eth3,up,678671886609,netem,59286334,40329,0,0,0,0,0,19199200,4894,0,56991318,5555,0
896,678689881438,678692191547,20014665,sA-eth3,up,678691929923,netem,59384834,40395,0,0,0,30280,2,19199596,4900,0,57085990,5563,0
897,678709860810,678711738833,19979372,sA-eth3,up,678711545561,netem,59628588,40556,0,0,0,45420,3,19200718,4917,0,57320240,5581,0
898,678729857492,678731704156,19996682,sA-eth3,up,678731527244,netem,59879912,40722,0,0,0,51476,4,19201774,4933,0,57561796,5598,0
899,678749857586,678751864951,20000094,sA-eth3,up,678751579517,netem,60135778,40891,0,0,0,33308,2,19202764,4948,0,57807696,5616,0
900,678769850118,678772220248,19992532,sA-eth3,up,678772033216,netem,60391644,41060,0,0,0,43906,3,19203622,4961,0,58053596,5634,0
901,678789865762,678791744005,20015644,sA-eth3,up,678791556653,netem,60626314,41215,0,0,0,52990,4,19204744,4978,0,58293704,5652,0
902,678809862284,678811807579,19996522,sA-eth3,up,678811619217,netem,60883694,41385,0,0,0,52990,4,19205800,4994,0,58526572,5670,0
903,678829862927,678832211187,20000643,sA-eth3,up,678832026894,netem,61141074,41555,0,0,0,60560,4,19206988,5012,0,58773986,5689,0
904,678849861311,678851899486,19998384,sA-eth3,up,678851722134,netem,61375744,41710,0,0,0,52990,4,19208044,5028,0,59014094,5707,0
905,678869863533,678871753327,20002222,sA-eth3,up,678871557345,netem,61479210,41779,0,0,0,0,0,19208572,5036,0,59098988,5714,0
906,678889867377,678892135064,20003844,sA-eth3,up,678891946652,netem,61479210,41779,0,0,0,0,0,19208572,5036,0,59098988,5714,0
907,678909863849,678911924286,19996472,sA-eth3,up,678911750423,netem,61479210,41779,0,0,0,0,0,19208572,5036,0,59098988,5714,0
908,678929857252,678931891108,19993403,sA-eth3,up,678931720036,netem,61479210,41779,0,0,0,0,0,19208572,5036,0,59098988,5714,0
909,678949855435,678952068603,19998183,sA-eth3,up,678951881410,netem,61479210,41779,0,0,0,0,0,19208572,5036,0,59098988,5714,0
910,678969855348,678971643700,19999913,sA-eth3,up,678971478678,netem,61479210,41779,0,0,0,0,0,19208572,5036,0,59098988,5714,0
911,678989872241,678992248261,20016893,sA-eth3,up,678992063939,netem,61479210,41779,0,0,0,0,0,19208572,5036,0,59098988,5714,0
912,679009860174,679012133043,19987933,sA-eth3,up,679011939801,netem,61479210,41779,0,0,0,0,0,19208572,5036,0,59098988,5714,0
913,679029856217,679032111985,19996043,sA-eth3,up,679031926293,netem,61479210,41779,0,0,0,0,0,19208572,5036,0,59098988,5714,0
914,679049854300,679052063667,19998083,sA-eth3,up,679051881295,netem,61479210,41779,0,0,0,0,0,19208572,5036,0,59098988,5714,0
915,679069859702,679071892889,20005402,sA-eth3,up,679071722576,netem,61479210,41779,0,0,0,0,0,19208572,5036,0,59098988,5714,0
916,679089862976,679091874491,20003274,sA-eth3,up,679091696169,netem,61479210,41779,0,0,0,0,0,19208572,5036,0,59098988,5714,0
917,679109854338,679111796243,19991362,sA-eth3,up,679111618051,netem,61479210,41779,0,0,0,0,0,19208572,5036,0,59098988,5714,0
918,679129853782,679131884007,19999444,sA-eth3,up,679131703215,netem,61479210,41779,0,0,0,0,0,19208572,5036,0,59098988,5714,0
919,679149857565,679152066334,20003783,sA-eth3,up,679151882812,netem,61479210,41779,0,0,0,0,0,19208572,5036,0,59098988,5714,0
920,679169854290,679172082178,19996725,sA-eth3,up,679171891555,netem,61479210,41779,0,0,0,0,0,19208572,5036,0,59098988,5714,0
921,679189854124,679191904360,19999834,sA-eth3,up,679191739608,netem,61479210,41779,0,0,0,0,0,19208572,5036,0,59098988,5714,0
922,679209858418,679212058066,20004294,sA-eth3,up,679211876153,netem,61479210,41779,0,0,0,0,0,19208572,5036,0,59098988,5714,0
923,679229863021,679232173772,20004603,sA-eth3,up,679231974448,netem,61524720,41810,0,0,0,36336,2,19208836,5040,0,59160158,5719,0
924,679249859916,679252027463,19996895,sA-eth3,up,679251838951,netem,61698830,41925,0,0,0,30280,2,19209562,5051,0,59310028,5730,0
925,679269857260,679271977497,19997344,sA-eth3,up,679271810616,netem,61850230,42025,0,0,0,0,0,19209628,5052,0,59455554,5741,0
926,679289877934,679291864999,20020674,sA-eth3,up,679291692537,netem,61853258,42027,0,0,0,0,0,19209628,5052,0,59458516,5742,0
927,679309854739,679311744032,19976805,sA-eth3,up,679311565680,netem,62016770,42135,0,0,0,37850,3,19209694,5053,0,59630238,5755,0
928,679329865623,679332257353,20010884,sA-eth3,up,679332072171,netem,62175740,42240,0,0,0,30280,2,19209958,5057,0,59768524,5766,0
929,679349861707,679351849902,19996084,sA-eth3,up,679351663820,netem,62410410,42395,0,0,0,52990,4,19211014,5073,0,60008566,5783,0
930,679369858440,679371740875,19996733,sA-eth3,up,679371562282,netem,62667790,42565,0,0,0,36336,2,19212070,5089,0,60241434,5801,0
931,679389863465,679391800550,20005025,sA-eth3,up,679391622697,netem,62917600,42730,0,0,0,37850,3,19213192,5106,0,60488782,5819,0
932,679409857738,679411909205,19994273,sA-eth3,up,679411738113,netem,63165896,42894,0,0,0,43906,4,19214380,5124,0,60731720,5836,0
933,679429861823,679431955580,20004085,sA-eth3,up,679431785387,netem,63417220,43060,0,0,0,45420,3,19215568,5142,0,60961692,5854,0
934,679449856558,679451805261,19994735,sA-eth3,up,679451619799,netem,63672086,43229,0,0,0,0,0,19216624,5158,0,61206658,5873,0
935,679469855501,679471856346,19998943,sA-eth3,up,679471676044,netem,63672086,43229,0,0,0,0,0,19216690,5159,0,61206658,5873,0
936,679489864276,679491770069,20008775,sA-eth3,up,679491582687,netem,63672086,43229,0,0,0,0,0,19216690,5159,0,61206658,5873,0
937,679509860479,679512077878,19996203,sA-eth3,up,679511890866,netem,63672086,43229,0,0,0,0,0,19216690,5159,0,61206658,5873,0
938,679529858774,679531778098,19998295,sA-eth3,up,679531601696,netem,63672086,43229,0,0,0,0,0,19216690,5159,0,61206658,5873,0
939,679549854797,679551794842,19996023,sA-eth3,up,679551616290,netem,63672086,43229,0,0,0,0,0,19216690,5159,0,61206658,5873,0
940,679569854152,679572201721,19999355,sA-eth3,up,679572032429,netem,63672086,43229,0,0,0,0,0,19216690,5159,0,61206658,5873,0
941,679589867995,679592039383,20013843,sA-eth3,up,679591841751,netem,63672086,43229,0,0,0,0,0,19216690,5159,0,61206658,5873,0
942,679609858980,679611872945,19990985,sA-eth3,up,679611691063,netem,63672086,43229,0,0,0,0,0,19216690,5159,0,61206658,5873,0
943,679629861344,679632056932,20002364,sA-eth3,up,679631874780,netem,63672086,43229,0,0,0,0,0,19216690,5159,0,61206658,5873,0
944,679649857488,679651744322,19996144,sA-eth3,up,679651566430,netem,63672086,43229,0,0,0,0,0,19216690,5159,0,61206658,5873,0
945,679669861303,679671813397,20003815,sA-eth3,up,679671629655,netem,63672086,43229,0,0,0,0,0,19216690,5159,0,61206658,5873,0
946,679689867976,679692186746,20006673,sA-eth3,up,679691990663,netem,63672086,43229,0,0,0,0,0,19216690,5159,0,61206658,5873,0
947,679709856731,679711640973,19988755,sA-eth3,up,679711474061,netem,63672086,43229,0,0,0,0,0,19216690,5159,0,61206658,5873,0
948,679729856704,679731649647,19999973,sA-eth3,up,679731473414,netem,63672086,43229,0,0,0,0,0,19216690,5159,0,61206658,5873,0
949,679749854759,679752301050,19998055,sA-eth3,up,679752121697,netem,63672086,43229,0,0,0,0,0,19216690,5159,0,61206658,5873,0
950,679769861462,679771926129,20006703,sA-eth3,up,679771753656,netem,63672086,43229,0,0,0,0,0,19216690,5159,0,61206658,5873,0
951,679789854856,679792146706,19993394,sA-eth3,up,679791945233,netem,63672086,43229,0,0,0,0,0,19216690,5159,0,61206658,5873,0
952,679809870461,679812230081,20015605,sA-eth3,up,679812052839,netem,63672086,43229,0,0,0,0,0,19216690,5159,0,61206658,5873,0
953,679829874125,679831978471,20003664,sA-eth3,up,679831799349,netem,63672086,43229,0,0,0,0,0,19216690,5159,0,61206658,5873,0
954,679849859899,679851901435,19985774,sA-eth3,up,679851724662,netem,63672086,43229,0,0,0,0,0,19216690,5159,0,61206658,5873,0
955,679869862633,679871695796,20002734,sA-eth3,up,679871514923,netem,63672086,43229,0,0,0,0,0,19216690,5159,0,61206658,5873,0
956,679889867677,679891952313,20005044,sA-eth3,up,679891783192,netem,63672086,43229,0,0,0,0,0,19216690,5159,0,61206658,5873,0
957,679909862381,679911733615,19994704,sA-eth3,up,679911545842,netem,63672086,43229,0,0,0,0,0,19216690,5159,0,61206658,5873,0
958,679929864355,679932791702,20001974,sA-eth3,up,679932546589,netem,63702456,43250,0,0,0,30280,2,19216822,5161,0,61235840,5876,0
959,679949866849,679951798913,20002494,sA-eth3,up,679951605101,netem,63928042,43399,0,0,0,49962,3,19217746,5175,0,61470090,5893,0
960,679969861763,679971780038,19994914,sA-eth3,up,679971589936,netem,64182394,43567,0,0,0,49962,3,19217746,5175,0,61696902,5907,0
961,679989868928,679992255188,20007165,sA-eth3,up,679992074526,netem,64324710,43661,0,0,0,24224,2,19217812,5176,0,61845390,5919,0
962,680009862942,680011776396,19994014,sA-eth3,up,680011575564,netem,64504876,43780,0,0,0,24224,2,19217812,5176,0,62018758,5935,0
963,680029868946,680031736500,20006004,sA-eth3,up,680031534897,netem,64689584,43902,0,0,0,12112,1,19217812,5176,0,62196470,5951,0
964,680049865069,680052767917,19996123,sA-eth3,up,680052573464,netem,64792536,43970,0,0,0,30280,2,19218208,5182,0,62283812,5958,0
965,680069859714,680072396416,19994645,sA-eth3,up,680072199914,netem,65045374,44137,0,0,0,22710,2,19219264,5198,0,62531226,5977,0
966,680089870378,680092406411,20010664,sA-eth3,up,680092217848,netem,65284586,44295,0,0,0,37850,3,19220452,5216,0,62771268,5994,0
967,680109861532,680112212842,19991154,sA-eth3,up,680111998979,netem,65526826,44455,0,0,0,60560,4,19221442,5231,0,63006966,6011,0
968,680129859346,680131978253,19997814,sA-eth3,up,680131799400,netem,65791776,44630,0,0,0,22710,2,19222630,5249,0,63244178,6029,0
969,680149858661,680151738925,19999315,sA-eth3,up,680151557263,netem,65864962,44679,0,0,0,0,0,19223026,5255,0,63314526,6035,0
970,680169863387,680171785421,20004726,sA-eth3,up,680171596388,netem,65864962,44679,0,0,0,0,0,19223026,5255,0,63314526,6035,0
971,680189863651,680191814446,20000264,sA-eth3,up,680191632814,netem,65864962,44679,0,0,0,0,0,19223026,5255,0,63314526,6035,0
972,680209858237,680211736951,19994586,sA-eth3,up,680211546109,netem,65864962,44679,0,0,0,0,0,19223026,5255,0,63314526,6035,0
973,680229862703,680231823557,20004466,sA-eth3,up,680231620615,netem,65864962,44679,0,0,0,0,0,19223026,5255,0,63314526,6035,0
974,680249859017,680251787942,19996314,sA-eth3,up,680251595509,netem,65864962,44679,0,0,0,0,0,19223026,5255,0,63314526,6035,0
975,680269861602,680272218252,20002585,sA-eth3,up,680272022309,netem,65864962,44679,0,0,0,0,0,19223026,5255,0,63314526,6035,0
976,680289878558,680292053285,20016956,sA-eth3,up,680291765282,netem,65864962,44679,0,0,0,0,0,19223026,5255,0,63314526,6035,0
977,680309863933,680311708526,19985375,sA-eth3,up,680311532634,netem,65864962,44679,0,0,0,0,0,19223026,5255,0,63314526,6035,0
978,680329863998,680331745032,20000065,sA-eth3,up,680331533440,netem,65864962,44679,0,0,0,0,0,19223026,5255,0,63314526,6035,0
979,680349864554,680351790338,20000556,sA-eth3,up,680351603496,netem,65864962,44679,0,0,0,0,0,19223026,5255,0,63314526,6035,0
980,680369858998,680371704622,19994444,sA-eth3,up,680371534600,netem,65864962,44679,0,0,0,0,0,19223026,5255,0,63314526,6035,0
981,680389938685,680392670769,20079687,sA-eth3,up,680392424917,netem,65864962,44679,0,0,0,0,0,19223026,5255,0,63314526,6035,0
982,680409869949,680411767804,19931264,sA-eth3,up,680411572041,netem,65864962,44679,0,0,0,0,0,19223026,5255,0,63314526,6035,0
983,680429863875,680431790218,19993926,sA-eth3,up,680431601136,netem,65864962,44679,0,0,0,0,0,19223026,5255,0,63314526,6035,0
984,680449856749,680451689153,19992874,sA-eth3,up,680451522811,netem,65864962,44679,0,0,0,0,0,19223026,5255,0,63314526,6035,0
985,680469862625,680471704718,20005876,sA-eth3,up,680471523525,netem,65864962,44679,0,0,0,0,0,19223026,5255,0,63314526,6035,0
986,680489869720,680491901596,20007095,sA-eth3,up,680491688113,netem,65864962,44679,0,0,0,0,0,19223026,5255,0,63314526,6035,0
987,680509867105,680512245946,19997385,sA-eth3,up,680512066904,netem,65864962,44679,0,0,0,0,0,19223026,5255,0,63314526,6035,0
988,680529877381,680531750765,20010276,sA-eth3,up,680531563422,netem,65864962,44679,0,0,0,0,0,19223026,5255,0,63314526,6035,0
989,680549857186,680551646388,19979805,sA-eth3,up,680551479167,netem,65864962,44679,0,0,0,0,0,19223026,5255,0,63314526,6035,0
990,680569864470,680571707465,20007284,sA-eth3,up,680571520172,netem,65864962,44679,0,0,0,0,0,19223026,5255,0,63314526,6035,0
991,680589874636,680591800790,20010166,sA-eth3,up,680591595188,netem,65864962,44679,0,0,0,0,0,19223026,5255,0,63314526,6035,0
992,680609865322,680611727564,19990686,sA-eth3,up,680611544103,netem,65864962,44679,0,0,0,0,0,19223026,5255,0,63314526,6035,0
993,680629863766,680632317177,19998444,sA-eth3,up,680632075184,netem,65864962,44679,0,0,0,0,0,19223026,5255,0,63314526,6035,0
994,680649842411,680651893918,19978645,sA-eth3,up,680651669285,netem,65864962,44679,0,0,0,0,0,19223026,5255,0,63314526,6035,0
995,680669867077,680671999494,20024666,sA-eth3,up,680671793922,netem,65864962,44679,0,0,0,0,0,19223026,5255,0,63314526,6035,0
996,680689848961,680692396215,19981884,sA-eth3,up,680692211772,netem,65864962,44679,0,0,0,0,0,19223026,5255,0,63314526,6035,0
997,680709865287,680712295588,20016326,sA-eth3,up,680712106566,netem,65864962,44679,0,0,0,0,0,19223026,5255,0,63314526,6035,0
998,680729864573,680732294144,19999286,sA-eth3,up,680732100531,netem,65864962,44679,0,0,0,0,0,19223026,5255,0,63314526,6035,0
999,680749859657,680751826613,19995084,sA-eth3,up,680751618660,netem,65864962,44679,0,0,0,0,0,19223026,5255,0,63314526,6035,0
1000,680769871003,680772215744,20011346,sA-eth3,up,680772020860,netem,65864962,44679,0,0,0,0,0,19223026,5255,0,63314526,6035,0
1001,680789859618,680791943545,19988615,sA-eth3,up,680791763663,netem,65864962,44679,0,0,0,0,0,19223026,5255,0,63314526,6035,0
1002,680809873184,680811914810,20013566,sA-eth3,up,680811675577,netem,65864962,44679,0,0,0,15230,2,19223026,5255,0,63314616,6036,0
1003,680829872039,680832142718,19998855,sA-eth3,up,680831947695,netem,66114862,44845,0,0,0,30280,2,19224082,5271,0,63554658,6053,0
1004,680849930265,680851988371,20058226,sA-eth3,up,680851808708,netem,66357102,45005,0,0,0,33308,2,19225270,5289,0,63787526,6071,0
1005,680869867040,680871864375,19936775,sA-eth3,up,680871651572,netem,66606912,45170,0,0,0,37850,3,19226326,5305,0,64027568,6088,0
1006,680889871114,680891899180,20004074,sA-eth3,up,680891654536,netem,66852180,45332,0,0,0,36336,3,19227514,5323,0,64274916,6106,0
1007,680909863689,680911841415,19992575,sA-eth3,up,680911634942,netem,67106532,45500,0,0,0,30280,2,19228702,5341,0,64507784,6124,0
1008,680929875475,680931914801,20011786,sA-eth3,up,680931681918,netem,67356342,45665,0,0,0,37850,3,19229824,5358,0,64747826,6141,0
1009,680949858580,680951849276,19983105,sA-eth3,up,680951638162,netem,67601610,45827,0,0,0,68130,4,19231078,5377,0,64983590,6159,0
1010,680969856065,680971830000,19997485,sA-eth3,up,680971629808,netem,67855962,45995,0,0,0,45420,3,19232068,5392,0,65228108,6178,0
1011,680989859270,680992210130,20003205,sA-eth3,up,680991994168,netem,68057838,46129,0,0,0,0,0,19232992,5406,0,65422064,6192,0
1012,681009869595,681012365768,20010325,sA-eth3,up,681012176874,netem,68057838,46129,0,0,0,0,0,19232992,5406,0,65422064,6192,0
1013,681029862601,681032120920,19993006,sA-eth3,up,681031932258,netem,68057838,46129,0,0,0,0,0,19232992,5406,0,65422064,6192,0
1014,681049869776,681051946693,20007175,sA-eth3,up,681051695929,netem,68057838,46129,0,0,0,0,0,19232992,5406,0,65422064,6192,0
1015,681069857331,681072149450,19987555,sA-eth3,up,681071962888,netem,68057838,46129,0,0,0,0,0,19232992,5406,0,65422064,6192,0
1016,681089860557,681091854481,20003226,sA-eth3,up,681091633659,netem,68057838,46129,0,0,0,0,0,19232992,5406,0,65422064,6192,0
1017,681110463519,681112830060,20602962,sA-eth3,up,681112589216,netem,68057838,46129,0,0,0,0,0,19232992,5406,0,65422064,6192,0
1018,681129878827,681131837973,19415308,sA-eth3,up,681131642780,netem,68057838,46129,0,0,0,0,0,19232992,5406,0,65422064,6192,0
1019,681149865713,681151885470,19986886,sA-eth3,up,681151702207,netem,68057838,46129,0,0,0,0,0,19232992,5406,0,65422064,6192,0
1020,681169861679,681171746104,19995966,sA-eth3,up,681171562252,netem,68057838,46129,0,0,0,0,0,19232992,5406,0,65422064,6192,0
1021,681189858786,681191778761,19997107,sA-eth3,up,681191587668,netem,68057838,46129,0,0,0,0,0,19232992,5406,0,65422064,6192,0
1022,681209861343,681211725706,20002557,sA-eth3,up,681211530763,netem,68057838,46129,0,0,0,0,0,19232992,5406,0,65422064,6192,0
1023,681229856488,681231706802,19995145,sA-eth3,up,681231528750,netem,68057838,46129,0,0,0,0,0,19232992,5406,0,65422064,6192,0
1024,681249859394,681251840980,20002906,sA-eth3,up,681251561896,netem,68057838,46129,0,0,0,0,0,19232992,5406,0,65422064,6192,0
1025,681269865131,681271831006,20005737,sA-eth3,up,681271636144,netem,68057838,46129,0,0,0,0,0,19232992,5406,0,65422064,6192,0
1026,681289862907,681291694381,19997776,sA-eth3,up,681291524128,netem,68057838,46129,0,0,0,0,0,19232992,5406,0,65422064,6192,0
1027,681309865564,681311656347,20002657,sA-eth3,up,681311483295,netem,68057838,46129,0,0,0,0,0,19232992,5406,0,65422064,6192,0
1028,681329864250,681331802546,19998686,sA-eth3,up,681331542112,netem,68057838,46129,0,0,0,0,0,19232992,5406,0,65422064,6192,0
1029,681349871866,681351901883,20007616,sA-eth3,up,681351668780,netem,68057838,46129,0,0,0,0,0,19232992,5406,0,65422064,6192,0
1030,681369857973,681372289314,19986107,sA-eth3,up,681372113032,netem,68227496,46242,0,0,0,62074,4,19233718,5417,0,65602498,6205,0
1031,681389859169,681391818874,20001196,sA-eth3,up,681391626392,netem,68428858,46375,0,0,0,0,0,19233916,5420,0,65778630,6219,0
1032,681409859206,681411782660,20000037,sA-eth3,up,681411579987,netem,68431886,46377,0,0,0,0,0,19233916,5420,0,65781592,6220,0
1033,681429892593,681432385324,20033387,sA-eth3,up,681432148731,netem,68565118,46465,0,0,0,45420,3,19233982,5421,0,65924222,6231,0
1034,681449875478,681452237349,19982885,sA-eth3,up,681451973685,netem,68701378,46555,0,0,0,0,0,19233982,5421,0,66040656,6240,0
1035,681469881985,681472103363,20006507,sA-eth3,up,681471883101,netem,68769508,46600,0,0,0,15140,1,19234048,5422,0,66106212,6246,0
1036,681489858021,681491672004,19976036,sA-eth3,up,681491503202,netem,69004178,46755,0,0,0,37850,3,19234048,5422,0,66346320,6264,0
1037,681509853268,681512211247,19995247,sA-eth3,up,681512032415,netem,69087448,46810,0,0,0,37850,3,19234114,5423,0,66419116,6270,0
1038,681529866843,681531943320,20013575,sA-eth3,up,681531767588,netem,69329688,46970,0,0,0,37850,3,19234114,5423,0,66644678,6287,0
1039,681549856010,681551687823,19989167,sA-eth3,up,681551514731,netem,69571928,47130,0,0,0,45420,3,19234180,5424,0,66892092,6306,0
1040,681569869436,681571726760,20013426,sA-eth3,up,681571553838,netem,69821738,47295,0,0,0,37850,3,19234180,5424,0,67132200,6324,0
1041,681589858823,681591746587,19989387,sA-eth3,up,681591565605,netem,70079118,47465,0,0,0,37850,3,19234246,5425,0,67365068,6342,0
1042,681609891420,681611845794,20032597,sA-eth3,up,681611625862,netem,70250714,47579,0,0,0,0,0,19234312,5426,0,67529998,6355,0
1043,681629865976,681631744789,19974556,sA-eth3,up,681631552517,netem,70250714,47579,0,0,0,0,0,19234378,5427,0,67529998,6355,0
1044,681649853701,681651670205,19987725,sA-eth3,up,681651493003,netem,70250714,47579,0,0,0,0,0,19234378,5427,0,67529998,6355,0
1045,681669862358,681671733592,20008657,sA-eth3,up,681671545820,netem,70250714,47579,0,0,0,0,0,19234378,5427,0,67529998,6355,0
1046,681689860834,681691878360,19998476,sA-eth3,up,681691691268,netem,70250714,47579,0,0,0,0,0,19234378,5427,0,67529998,6355,0
1047,681709855711,681711973308,19994877,sA-eth3,up,681711805355,netem,70250714,47579,0,0,0,0,0,19234378,5427,0,67529998,6355,0
1048,681729862577,681731754331,20006866,sA-eth3,up,681731571219,netem,70250714,47579,0,0,0,0,0,19234378,5427,0,67529998,6355,0
1049,681749862453,681752151912,19999876,sA-eth3,up,681751964670,netem,70250714,47579,0,0,0,0,0,19234378,5427,0,67529998,6355,0
1050,681769868760,681771950566,20006307,sA-eth3,up,681771774344,netem,70250714,47579,0,0,0,0,0,19234378,5427,0,67529998,6355,0
1051,681789865316,681791853081,19996556,sA-eth3,up,681791667999,netem,70250714,47579,0,0,0,0,0,19234378,5427,0,67529998,6355,0
1052,681809855772,681812230302,19990456,sA-eth3,up,681812050280,netem,70250714,47579,0,0,0,0,0,19234378,5427,0,67529998,6355,0
1053,681829863789,681832158178,20008017,sA-eth3,up,681831910605,netem,70250714,47579,0,0,0,0,0,19234378,5427,0,67529998,6355,0
1054,681849861124,681852127604,19997335,sA-eth3,up,681851929042,netem,70250714,47579,0,0,0,0,0,19234378,5427,0,67529998,6355,0
1055,681869841741,681871990019,19980617,sA-eth3,up,681871805836,netem,70250714,47579,0,0,0,0,0,19234378,5427,0,67529998,6355,0
1056,681889825328,681892198947,19983587,sA-eth3,up,681892020015,netem,70250714,47579,0,0,0,0,0,19234378,5427,0,67529998,6355,0
1057,681909850034,681911730289,20024706,sA-eth3,up,681911548615,netem,70250714,47579,0,0,0,0,0,19234378,5427,0,67529998,6355,0
1058,681929867901,681931848336,20017867,sA-eth3,up,681931658274,netem,70250714,47579,0,0,0,0,0,19234378,5427,0,67529998,6355,0
1059,681949860457,681951802522,19992556,sA-eth3,up,681951612509,netem,70250714,47579,0,0,0,0,0,19234378,5427,0,67529998,6355,0
1060,681969860943,681971796438,20000486,sA-eth3,up,681971596425,netem,70250714,47579,0,0,0,0,0,19234378,5427,0,67529998,6355,0
1061,681989864090,681992288430,20003147,sA-eth3,up,681992122068,netem,70250714,47579,0,0,0,0,0,19234378,5427,0,67529998,6355,0
1062,682009856466,682012375228,19992376,sA-eth3,up,682012159455,netem,70250714,47579,0,0,0,0,0,19234378,5427,0,67529998,6355,0
1063,682029869072,682032105620,20012606,sA-eth3,up,682031909418,netem,70250714,47579,0,0,0,0,0,19234378,5427,0,67529998,6355,0
1064,682049867168,682052066537,19998096,sA-eth3,up,682051833944,netem,70250714,47579,0,0,0,0,0,19234378,5427,0,67529998,6355,0
1065,682069888285,682072243786,20021117,sA-eth3,up,682071945371,netem,70250714,47579,0,0,0,0,0,19234378,5427,0,67529998,6355,0
1066,682089866061,682091781576,19977776,sA-eth3,up,682091584914,netem,70250714,47579,0,0,0,0,0,19234378,5427,0,67529998,6355,0
1067,682109867318,682111785342,20001257,sA-eth3,up,682111597380,netem,70250714,47579,0,0,0,0,0,19234378,5427,0,67529998,6355,0
1068,682129862974,682131725617,19995656,sA-eth3,up,682131538415,netem,70250714,47579,0,0,0,0,0,19234378,5427,0,67529998,6355,0
1069,682149867491,682151817377,20004517,sA-eth3,up,682151599793,netem,70250714,47579,0,0,0,0,0,19234378,5427,0,67529998,6355,0
1070,682169859948,682171795714,19992457,sA-eth3,up,682171589901,netem,70250714,47579,0,0,0,0,0,19234378,5427,0,67529998,6355,0
1071,682189839736,682191710710,19979788,sA-eth3,up,682191535488,netem,70250714,47579,0,0,0,0,0,19234378,5427,0,67529998,6355,0
1072,682209864013,682211747478,20024277,sA-eth3,up,682211536005,netem,70250714,47579,0,0,0,0,0,19234378,5427,0,67529998,6355,0
1073,682229860941,682231711555,19996928,sA-eth3,up,682231526993,netem,70370410,47659,0,0,0,49962,3,19234774,5433,0,67645008,6364,0
1074,682249860328,682251725472,19999387,sA-eth3,up,682251533950,netem,70621734,47825,0,0,0,45420,3,19235302,5441,0,67886564,6382,0
1075,682269863376,682271819461,20003048,sA-eth3,up,682271615808,netem,70879114,47995,0,0,0,30280,2,19235368,5442,0,68133978,6401,0
1076,682289854504,682291723797,19991128,sA-eth3,up,682291525414,netem,71113784,48150,0,0,0,37850,3,19235368,5442,0,68374086,6419,0
1077,682309855221,682311674184,20000717,sA-eth3,up,682311485841,netem,71371164,48320,0,0,0,30280,2,19235434,5443,0,68606954,6437,0
1078,682329826867,682331956286,19971646,sA-eth3,up,682331670181,netem,71620974,48485,0,0,0,37850,3,19235500,5444,0,68854368,6456,0
1079,682349866516,682352233986,20039649,sA-eth3,up,682351996573,netem,71869270,48649,0,0,0,56018,4,19236556,5460,0,69103164,6474,0
1080,682369864922,682371950049,19998406,sA-eth3,up,682371772827,netem,72120594,48815,0,0,0,30280,2,19237744,5478,0,69341890,6493,0
1081,682389857980,682391749465,19993058,sA-eth3,up,682391571172,netem,72377974,48985,0,0,0,30280,2,19238800,5494,0,69574692,6510,0
1082,682409854448,682411779712,19996468,sA-eth3,up,682411603710,netem,72443590,49029,0,0,0,0,0,19239130,5499,0,69637734,6515,0
1083,682429857115,682431730730,20002667,sA-eth3,up,682431554867,netem,72443590,49029,0,0,0,0,0,19239130,5499,0,69637734,6515,0
1084,682449859283,682451731277,20002168,sA-eth3,up,682451552405,netem,72443590,49029,0,0,0,0,0,19239130,5499,0,69637734,6515,0
1085,682469856990,682471676754,19997707,sA-eth3,up,682471502572,netem,72443590,49029,0,0,0,0,0,19239130,5499,0,69637734,6515,0
1086,682489852698,682491671001,19995708,sA-eth3,up,682491508059,netem,72443590,49029,0,0,0,0,0,19239130,5499,0,69637734,6515,0
1087,682509858825,682512130034,20006127,sA-eth3,up,682511939802,netem,72443590,49029,0,0,0,0,0,19239130,5499,0,69637734,6515,0
1088,682529858863,682531775207,20000038,sA-eth3,up,682531591525,netem,72443590,49029,0,0,0,0,0,19239130,5499,0,69637734,6515,0
1089,682549855990,682551753625,19997127,sA-eth3,up,682551569833,netem,72443590,49029,0,0,0,0,0,19239130,5499,0,69637734,6515,0
1090,682569872398,682572068395,20016408,sA-eth3,up,682571791882,netem,72443590,49029,0,0,0,0,0,19239130,5499,0,69637734,6515,0
1091,682589866975,682591934652,19994577,sA-eth3,up,682591745069,netem,72443590,49029,0,0,0,0,0,19239130,5499,0,69637734,6515,0
1092,682609857692,682612164872,19990717,sA-eth3,up,682611931009,netem,72443590,49029,0,0,0,0,0,19239130,5499,0,69637734,6515,0
1093,682629861040,682631986247,20003348,sA-eth3,up,682631805895,netem,72443590,49029,0,0,0,0,0,19239130,5499,0,69637734,6515,0
1094,682649865447,682651922864,20004407,sA-eth3,up,682651745661,netem,72443590,49029,0,0,0,0,0,19239130,5499,0,69637734,6515,0
1095,682669856414,682671914021,19990967,sA-eth3,up,682671737939,netem,72443590,49029,0,0,0,0,0,19239130,5499,0,69637734,6515,0
1096,682689887613,682692045971,20031199,sA-eth3,up,682691835857,netem,72443590,49029,0,0,0,0,0,19239130,5499,0,69637734,6515,0
1097,682709872640,682712082278,19985027,sA-eth3,up,682711887246,netem,72443590,49029,0,0,0,0,0,19239130,5499,0,69637734,6515,0
1098,682729863697,682731942394,19991057,sA-eth3,up,682731759981,netem,72443590,49029,0,0,0,0,0,19239130,5499,0,69637734,6515,0
1099,682749867415,682751934932,20003718,sA-eth3,up,682751751989,netem,72443590,49029,0,0,0,0,0,19239130,5499,0,69637734,6515,0
1100,682769859322,682772126331,19991907,sA-eth3,up,682771922499,netem,72443590,49029,0,0,0,0,0,19239130,5499,0,69637734,6515,0
1101,682789862490,682791818985,20003168,sA-eth3,up,682791615752,netem,72443590,49029,0,0,0,0,0,19239130,5499,0,69637734,6515,0
1102,682809859977,682811805322,19997487,sA-eth3,up,682811593040,netem,72443590,49029,0,0,0,0,0,19239130,5499,0,69637734,6515,0
1103,682829875485,682831881160,20015508,sA-eth3,up,682831647808,netem,72443590,49029,0,0,0,0,0,19239130,5499,0,69637734,6515,0
1104,682849871232,682851844887,19995747,sA-eth3,up,682851652965,netem,72443590,49029,0,0,0,0,0,19239130,5499,0,69637734,6515,0
1105,682869870869,682871816415,19999637,sA-eth3,up,682871615261,netem,72443590,49029,0,0,0,0,0,19239130,5499,0,69637734,6515,0
1106,682889860717,682891746191,19989848,sA-eth3,up,682891541329,netem,72443590,49029,0,0,0,0,0,19239130,5499,0,69637734,6515,0
1107,682909860514,682911681228,19999797,sA-eth3,up,682911491975,netem,72443590,49029,0,0,0,0,0,19239130,5499,0,69637734,6515,0
