poll_iteration,poll_start_ns,poll_end_ns,poll_interval_ns,interface,operstate,t_ns,kind,bytes,packets,drops,overlimits,requeues,backlog_bytes,qlen,rx_bytes,rx_packets,rx_dropped,tx_bytes,tx_packets,tx_dropped
0,32876473709069,32876476184035,0,sA-eth3,up,32876475866192,netem,474,7,0,0,0,0,0,590,7,0,850,11,0
1,32876493853702,32876496310290,20144633,sA-eth3,up,32876496083337,netem,474,7,0,0,0,0,0,590,7,0,850,11,0
2,32876513795794,32876515682015,19942092,sA-eth3,up,32876515503563,netem,474,7,0,0,0,0,0,590,7,0,850,11,0
3,32876533792916,32876535930000,19997122,sA-eth3,up,32876535748768,netem,708,10,0,0,0,0,0,784,10,0,1084,14,0
4,32876553790029,32876555645330,19997113,sA-eth3,up,32876555480957,netem,708,10,0,0,0,0,0,784,10,0,1084,14,0
5,32876573786651,32876575972175,19996622,sA-eth3,up,32876575794503,netem,848,12,0,0,0,0,0,858,11,0,1224,16,0
6,32876593809743,32876596193350,20023092,sA-eth3,up,32876595981228,netem,914,13,0,0,0,132,2,28724,16,0,1356,18,0
7,32876613789116,32876615825439,19979373,sA-eth3,up,32876615647766,netem,1904,28,0,0,0,66,1,371508,32,0,2280,32,0
8,32876633786867,32876635915992,19997751,sA-eth3,up,32876635679589,netem,2366,35,0,0,0,0,0,647288,42,0,2742,39,0
9,32876653797170,32876655733402,20010303,sA-eth3,up,32876655516920,netem,2960,44,0,0,0,0,0,773726,49,0,3336,48,0
10,32876673774293,32876675702814,19977123,sA-eth3,up,32876675505462,netem,4214,63,0,0,0,66,1,992048,66,0,4590,67,0
11,32876693773515,32876695841788,19999222,sA-eth3,up,32876695652446,netem,5402,81,0,0,0,66,1,1229260,84,0,5778,85,0
12,32876713788498,32876715721138,20014983,sA-eth3,up,32876715509727,netem,6590,99,0,0,0,0,0,1462128,102,0,6966,103,0
13,32876733790300,32876735651480,20001802,sA-eth3,up,32876735451478,netem,7712,116,0,0,0,66,1,1694996,120,0,8088,120,0
14,32876753794772,32876755708164,20004472,sA-eth3,up,32876755531121,netem,8986,135,0,0,0,0,0,1949584,138,0,9362,139,0
15,32876773793734,32876776204702,19998962,sA-eth3,up,32876775961089,netem,10108,152,0,0,0,0,0,2107274,151,0,10484,156,0
16,32876793790427,32876795776139,19996693,sA-eth3,up,32876795599547,netem,210046,285,0,0,0,110522,3,2108264,166,0,202634,171,0
17,32876813787770,32876815687940,19997343,sA-eth3,up,32876815514608,netem,434118,433,0,0,0,101438,6,2108726,173,0,453600,178,0
18,32876833788222,32876835737253,20000452,sA-eth3,up,32876835554042,netem,706638,613,0,0,0,36336,2,2110046,193,0,679426,199,0
19,32876853798353,32876855715175,20010131,sA-eth3,up,32876855539903,netem,956448,778,0,0,0,37850,3,2111234,211,0,934014,217,0
20,32876873790976,32876875767928,19992623,sA-eth3,up,32876875549955,netem,1213828,948,0,0,0,37850,3,2112356,228,0,1166816,234,0
21,32876893812559,32876895916793,20021583,sA-eth3,up,32876895681000,netem,1456068,1108,0,0,0,45420,3,2113610,247,0,1414230,253,0
22,32876913796841,32876915964616,19984282,sA-eth3,up,32876915776463,netem,1717990,1281,0,0,0,40964,4,2114798,265,0,1651442,271,0
23,32876933811374,32876935818296,20014533,sA-eth3,up,32876935628063,netem,1951232,1436,0,0,0,49962,4,2115986,283,0,1893084,290,0
24,32876953793395,32876955838749,19982021,sA-eth3,up,32876955571576,netem,2203070,1603,0,0,0,0,0,2117174,301,0,2117712,308,0
25,32876973790258,32876976209935,19996863,sA-eth3,up,32876976034183,netem,2203994,1617,0,0,0,66,1,2392124,320,0,2118702,323,0
26,32876993793161,32876995950774,20002903,sA-eth3,up,32876995768772,netem,2205050,1633,0,0,0,66,1,2638024,338,0,2119692,338,0
27,32877013791553,32877015751405,19998392,sA-eth3,up,32877015572032,netem,2206106,1649,0,0,0,66,1,2867930,355,0,2120814,355,0
28,32877033789655,32877035816748,19998102,sA-eth3,up,32877035643306,netem,2207228,1666,0,0,0,66,1,3128442,375,0,2121936,372,0
29,32877053788627,32877056068603,19998972,sA-eth3,up,32877055879611,netem,2208460,1684,0,0,0,66,1,3371446,393,0,2123168,390,0
30,32877073787909,32877075628580,19999282,sA-eth3,up,32877075467968,netem,2209714,1703,0,0,0,0,0,3607210,411,0,2124356,408,0
31,32877093785352,32877095775844,19997443,sA-eth3,up,32877095610822,netem,2210902,1721,0,0,0,66,1,3851728,430,0,2125544,426,0
32,32877113787034,32877115744816,20001682,sA-eth3,up,32877115574834,netem,2212090,1739,0,0,0,66,1,4088940,448,0,2126732,444,0
33,32877133788017,32877135675547,20000983,sA-eth3,up,32877135515636,netem,2213278,1757,0,0,0,0,0,4224778,459,0,2127920,462,0
34,32877153804670,32877155782652,20016653,sA-eth3,up,32877155606629,netem,2401104,1882,0,0,0,46934,4,4225636,473,0,2322900,476,0
35,32877173768001,32877175875095,19963331,sA-eth3,up,32877175550760,netem,2655456,2050,0,0,0,39364,3,4226844,490,0,2564456,494,0
36,32877193794874,32877195878737,20026873,sA-eth3,up,32877195691715,netem,2909808,2218,0,0,0,48448,3,4228098,509,0,2797324,512,0
37,32877213787836,32877215746248,19992962,sA-eth3,up,32877215556426,netem,3159618,2383,0,0,0,52990,4,4229286,527,0,3037432,530,0
38,32877233792119,32877235662599,20004283,sA-eth3,up,32877235468997,netem,3401858,2543,0,0,0,48538,4,4230474,545,0,3270300,548,0
39,32877253790921,32877256111706,19998802,sA-eth3,up,32877255894354,netem,3659328,2714,0,0,0,45420,3,4231728,564,0,3517804,568,0
40,32877273793523,32877275733714,20002602,sA-eth3,up,32877275552553,netem,3909138,2879,0,0,0,37850,3,4232916,582,0,3757912,586,0
41,32877293789995,32877295764367,19996472,sA-eth3,up,32877295544395,netem,4151378,3039,0,0,0,45420,3,4234104,600,0,4005326,605,0
42,32877313789908,32877315666719,19999913,sA-eth3,up,32877315490417,netem,4406244,3208,0,0,0,0,0,4235358,619,0,4235746,623,0
43,32877333822721,32877336424539,20032813,sA-eth3,up,32877336203768,netem,4407102,3221,0,0,0,66,1,4460944,636,0,4236670,637,0
44,32877353792913,32877355762955,19970192,sA-eth3,up,32877355536743,netem,4408224,3238,0,0,0,66,1,4701052,654,0,4237726,653,0
45,32877373786065,32877375772516,19993152,sA-eth3,up,32877375596225,netem,4409572,3258,0,0,0,66,1,4957154,673,0,4239074,673,0
46,32877393785407,32877396052532,19999342,sA-eth3,up,32877395842010,netem,4410760,3276,0,0,0,66,1,5184230,691,0,4240262,691,0
47,32877413787240,32877415642991,20001833,sA-eth3,up,32877415473059,netem,4411948,3294,0,0,0,66,1,5424338,709,0,4241450,709,0
48,32877433785752,32877436074987,19998512,sA-eth3,up,32877435807484,netem,4413136,3312,0,0,0,132,2,5668856,728,0,4242704,728,0
49,32877453786925,32877456183991,20001173,sA-eth3,up,32877455984579,netem,4414390,3331,0,0,0,66,1,5901724,746,0,4243892,746,0
50,32877473786147,32877475819989,19999222,sA-eth3,up,32877475648918,netem,4415578,3349,0,0,0,66,1,6149138,765,0,4245146,765,0
51,32877493819299,32877495973193,20033152,sA-eth3,up,32877495780631,netem,4416766,3367,0,0,0,132,2,6343160,780,0,4246334,783,0
52,32877513809971,32877516371480,19990672,sA-eth3,up,32877516191158,netem,4636518,3515,0,0,0,30280,2,6344216,796,0,4457440,800,0
53,32877533791954,32877536059699,19981983,sA-eth3,up,32877535868187,netem,4877244,3674,0,0,0,46934,4,6345338,813,0,4700444,818,0
54,32877553793587,32877555745338,20001633,sA-eth3,up,32877555572506,netem,5131596,3842,0,0,0,48608,5,6346526,831,0,4933312,836,0
55,32877573784539,32877575614738,19990952,sA-eth3,up,32877575434867,netem,5378538,4007,0,0,0,40878,3,6347714,849,0,5177990,857,0
56,32877593787111,32877595579381,20002572,sA-eth3,up,32877595401189,netem,5620778,4167,0,0,0,52990,4,6348902,867,0,5418098,875,0
57,32877613790513,32877615642164,20003402,sA-eth3,up,32877615442051,netem,5878158,4337,0,0,0,45420,3,6350024,884,0,5650966,893,0
58,32877633789205,32877635589815,19998692,sA-eth3,up,32877635415684,netem,6121912,4498,0,0,0,43906,3,6351278,903,0,5898380,912,0
59,32877653788108,32877655572968,19998903,sA-eth3,up,32877655393975,netem,6371722,4663,0,0,0,51476,4,6352400,920,0,6136974,929,0
60,32877673789590,32877675774402,20001482,sA-eth3,up,32877675506529,netem,6609934,4821,0,0,0,0,0,6353456,936,0,6354296,946,0
61,32877693801673,32877696153389,20012083,sA-eth3,up,32877695931846,netem,6610684,4832,0,0,0,66,1,6539748,950,0,6355112,958,0
62,32877713811295,32877715826367,20009622,sA-eth3,up,32877715647836,netem,6611872,4850,0,0,0,66,1,6795850,969,0,6356234,975,0
63,32877733789937,32877735697649,19978642,sA-eth3,up,32877735497846,netem,6613060,4868,0,0,0,66,1,7040368,988,0,6357488,994,0
64,32877753794850,32877755678350,20004913,sA-eth3,up,32877755491629,netem,6614248,4886,0,0,0,132,2,7263034,1005,0,6358676,1012,0
65,32877773793052,32877775682512,19998202,sA-eth3,up,32877775499761,netem,6615502,4905,0,0,0,66,1,7510448,1024,0,6359864,1030,0
66,32877793811115,32877795862918,20018063,sA-eth3,up,32877795622285,netem,6616756,4924,0,0,0,0,0,7743316,1042,0,6361118,1049,0
67,32877813799106,32877815640618,19987991,sA-eth3,up,32877815444645,netem,6618038,4943,0,0,0,132,2,7983424,1060,0,6362466,1069,0
68,32877833800039,32877836306626,20000933,sA-eth3,up,32877836024383,netem,6618632,4952,0,0,0,0,0,8088208,1068,0,6362994,1077,0
69,32877853808591,32877856296089,20008552,sA-eth3,up,32877856052587,netem,6619556,4966,0,0,0,66,1,8310874,1085,0,6363918,1091,0
70,32877873807794,32877875917527,19999203,sA-eth3,up,32877875675134,netem,6755316,5070,0,0,0,31794,3,8461786,1105,0,6494332,1114,0
71,32877893802956,32877896238953,19995162,sA-eth3,up,32877895980510,netem,7014210,5241,0,0,0,30280,3,8463040,1124,0,6743194,1133,0
72,32877913800708,32877916122935,19997752,sA-eth3,up,32877915862001,netem,7248880,5396,0,0,0,54504,3,8464294,1143,0,6986264,1152,0
73,32877933801840,32877936430390,20001132,sA-eth3,up,32877936138847,netem,7513830,5571,0,0,0,40878,3,8465416,1161,0,7230782,1171,0
74,32877953831833,32877956210480,20029993,sA-eth3,up,32877955941247,netem,7756230,5733,0,0,0,37850,3,8466538,1177,0,7456504,1190,0
75,32877973810496,32877975777918,19978663,sA-eth3,up,32877975558395,netem,7998470,5893,0,0,0,45420,3,8467726,1195,0,7703852,1208,0
76,32877993792948,32877995720088,19982452,sA-eth3,up,32877995514607,netem,8248280,6058,0,0,0,52990,4,8468782,1211,0,7943960,1226,0
77,32878013793420,32878015705731,20000472,sA-eth3,up,32878015500759,netem,8502632,6226,0,0,0,40878,3,8469970,1229,0,8173932,1244,0
78,32878033789932,32878035963667,19996512,sA-eth3,up,32878035775354,netem,8760012,6396,0,0,0,30280,2,8471224,1248,0,8421346,1263,0
79,32878053798635,32878055886408,20008703,sA-eth3,up,32878055692346,netem,8814110,6441,0,0,0,0,0,8631650,1265,0,8473332,1276,0
80,32878073790237,32878075718739,19991602,sA-eth3,up,32878075536806,netem,8815166,6457,0,0,0,66,1,8878998,1283,0,8474388,1292,0
81,32878093742358,32878095715900,19952121,sA-eth3,up,32878095514769,netem,8816288,6474,0,0,0,66,1,9119040,1300,0,8475576,1310,0
82,32878113790311,32878115797064,20047953,sA-eth3,up,32878115592112,netem,8817542,6493,0,0,0,66,1,9366454,1319,0,8476764,1328,0
83,32878133787764,32878136150461,19997453,sA-eth3,up,32878135956228,netem,8818730,6511,0,0,0,66,1,9613868,1338,0,8477952,1346,0
84,32878153797297,32878155640118,20009533,sA-eth3,up,32878155430655,netem,8819918,6529,0,0,0,66,1,9851080,1356,0,8479206,1365,0
85,32878173785849,32878175662729,19988552,sA-eth3,up,32878175486498,netem,8821262,6549,0,0,0,0,0,10098494,1375,0,8480484,1384,0
86,32878193776191,32878195703622,19990342,sA-eth3,up,32878195492150,netem,8822450,6567,0,0,0,66,1,10337314,1395,0,8481672,1402,0
87,32878213759023,32878216065019,19982832,sA-eth3,up,32878215840397,netem,8823704,6586,0,0,0,66,1,10577422,1413,0,8482926,1421,0
88,32878233802956,32878236765718,20043933,sA-eth3,up,32878236511476,netem,8824124,6592,0,0,0,30280,2,10579450,1415,0,8483346,1427,0
89,32878253805838,32878255922362,20002882,sA-eth3,up,32878255733090,netem,9067878,6753,0,0,0,27252,2,10580506,1431,0,8717530,1443,0
90,32878273795031,32878275889393,19989193,sA-eth3,up,32878275712892,netem,9316174,6917,0,0,0,43906,3,10581694,1449,0,8956190,1461,0
91,32878293791153,32878296049298,19996122,sA-eth3,up,32878295846265,netem,9570526,7085,0,0,0,57532,3,10582750,1465,0,9200642,1479,0
92,32878313797296,32878315922608,20006143,sA-eth3,up,32878315688276,netem,9809738,7243,0,0,0,71158,5,10583740,1480,0,9430548,1496,0
93,32878333794247,32878335667959,19996951,sA-eth3,up,32878335476386,netem,10065604,7412,0,0,0,45420,3,10584862,1497,0,9676514,1515,0
94,32878353814560,32878355843512,20020313,sA-eth3,up,32878355609781,netem,10315414,7577,0,0,0,52990,4,10586050,1515,0,9916622,1533,0
95,32878373817183,32878375898555,20002623,sA-eth3,up,32878375651843,netem,10557654,7737,0,0,0,52990,4,10587304,1534,0,10164036,1552,0
96,32878393813255,32878395804937,19996072,sA-eth3,up,32878395558724,netem,10815034,7907,0,0,0,45420,3,10588492,1552,0,10396904,1570,0
97,32878413813087,32878416337576,19999832,sA-eth3,up,32878416095573,netem,11016910,8041,0,0,0,0,0,10618664,1570,0,10590926,1585,0
98,32878433796929,32878435968123,19983842,sA-eth3,up,32878435731530,netem,11017900,8056,0,0,0,66,1,10858706,1587,0,10591982,1601,0
99,32878453806411,32878456181728,20009482,sA-eth3,up,32878455958176,netem,11019178,8075,0,0,0,66,1,11106054,1605,0,10593194,1619,0
100,32878473806664,32878476039879,20000253,sA-eth3,up,32878475832546,netem,11020300,8092,0,0,0,66,1,11353468,1624,0,10594382,1637,0
101,32878493791896,32878495817629,19985232,sA-eth3,up,32878495637657,netem,11021554,8111,0,0,0,66,1,11586336,1642,0,10595570,1655,0
102,32878513768219,32878515807851,19976323,sA-eth3,up,32878515621189,netem,11022742,8129,0,0,0,132,2,11823548,1660,0,10596758,1673,0
103,32878533794731,32878535902564,20026512,sA-eth3,up,32878535716452,netem,11024086,8149,0,0,0,66,1,12073858,1679,0,10598102,1693,0
104,32878553790593,32878555942587,19995862,sA-eth3,up,32878555716874,netem,11025274,8167,0,0,0,66,1,12302316,1696,0,10599356,1712,0
105,32878573797146,32878576222563,20006553,sA-eth3,up,32878576042951,netem,11026528,8186,0,0,0,66,1,12546834,1715,0,10600544,1730,0
106,32878593787348,32878595869891,19990202,sA-eth3,up,32878595685268,netem,11156364,8288,0,0,0,22710,2,12697812,1736,0,10725364,1756,0
107,32878613794811,32878615857753,20007463,sA-eth3,up,32878615668701,netem,11398604,8448,0,0,0,45420,3,12699000,1754,0,10972712,1774,0
108,32878633792512,32878635787105,19997701,sA-eth3,up,32878635601673,netem,11655984,8618,0,0,0,45420,3,12700278,1773,0,11205580,1792,0
109,32878653793225,32878655736797,20000713,sA-eth3,up,32878655557364,netem,11896710,8777,0,0,0,46934,4,12701466,1791,0,11451480,1810,0
110,32878673788727,32878675730579,19995502,sA-eth3,up,32878675551457,netem,12151062,8945,0,0,0,36336,3,12702588,1808,0,11693036,1828,0
111,32878693795750,32878695772722,20007023,sA-eth3,up,32878695587330,netem,12405414,9113,0,0,0,48448,3,12703776,1826,0,11925904,1846,0
112,32878713795102,32878715771694,19999352,sA-eth3,up,32878715591302,netem,12655224,9278,0,0,0,52990,4,12704964,1844,0,12166012,1864,0
113,32878733794954,32878735766276,19999852,sA-eth3,up,32878735563144,netem,12897464,9438,0,0,0,48448,3,12706218,1863,0,12413426,1883,0
114,32878753789596,32878755735708,19994642,sA-eth3,up,32878755554096,netem,13154844,9608,0,0,0,45420,3,12707406,1881,0,12646294,1901,0
115,32878773800169,32878776280977,20010573,sA-eth3,up,32878776047924,netem,13220460,9652,0,0,0,0,0,12707736,1886,0,12709336,1906,0
116,32878793794852,32878796189328,19994683,sA-eth3,up,32878795975656,netem,13221384,9666,0,0,0,132,2,12962414,1905,0,12710326,1921,0
117,32878813791174,32878816651875,19996322,sA-eth3,up,32878816464893,netem,13222572,9684,0,0,0,66,1,13209828,1924,0,12711448,1938,0
118,32878833797107,32878835989640,20005933,sA-eth3,up,32878835752867,netem,13223760,9702,0,0,0,66,1,13441182,1941,0,12712636,1956,0
119,32878853795488,32878855664639,19998381,sA-eth3,up,32878855474837,netem,13224882,9719,0,0,0,66,1,13671154,1959,0,12713758,1973,0
120,32878873827781,32878875777133,20032293,sA-eth3,up,32878875580720,netem,13226136,9738,0,0,0,0,0,13915672,1978,0,12715012,1992,0
121,32878893810743,32878895759165,19982962,sA-eth3,up,32878895518943,netem,13227258,9755,0,0,0,66,1,14155714,1995,0,12716134,2009,0
122,32878913792746,32878916367994,19982003,sA-eth3,up,32878916106731,netem,13228446,9773,0,0,0,132,2,14403128,2014,0,12717388,2028,0
123,32878933793048,32878935848151,20000302,sA-eth3,up,32878935666298,netem,13229700,9792,0,0,0,0,0,14635996,2032,0,12718576,2046,0
124,32878953791980,32878955748832,19998932,sA-eth3,up,32878955557089,netem,13230888,9810,0,0,0,0,0,14815472,2046,0,12719764,2064,0
125,32878973796682,32878976164329,20004702,sA-eth3,up,32878975941237,netem,13433854,9945,0,0,0,31794,3,14816396,2060,0,12914744,2078,0
126,32878993788545,32878995625205,19991863,sA-eth3,up,32878995437563,netem,13673066,10103,0,0,0,39364,3,14817518,2077,0,13156300,2096,0
127,32879013782987,32879015616257,19994442,sA-eth3,up,32879015424965,netem,13927418,10271,0,0,0,48448,3,14818706,2095,0,13389168,2114,0
128,32879033793390,32879035714541,20010403,sA-eth3,up,32879035507999,netem,14177228,10436,0,0,0,52990,4,14819894,2113,0,13629276,2132,0
129,32879053788321,32879055645782,19994931,sA-eth3,up,32879055446620,netem,14419468,10596,0,0,0,52990,4,14821148,2132,0,13876690,2151,0
130,32879073785304,32879075598575,19996983,sA-eth3,up,32879075388052,netem,14676848,10766,0,0,0,45420,3,14822336,2150,0,14109558,2169,0
131,32879093783966,32879096179993,19998662,sA-eth3,up,32879095988471,netem,14926658,10931,0,0,0,52990,4,14823590,2169,0,14364212,2188,0
132,32879113791089,32879115737071,20007123,sA-eth3,up,32879115516218,netem,15168898,11091,0,0,0,45420,3,14824778,2187,0,14597080,2206,0
133,32879133790381,32879135895535,19999292,sA-eth3,up,32879135622641,netem,15423764,11260,0,0,0,0,0,14825966,2205,0,14827500,2224,0
134,32879153801173,32879156113480,20010792,sA-eth3,up,32879155885167,netem,15424688,11274,0,0,0,0,0,15066098,2223,0,14828424,2238,0
135,32879173793145,32879175626917,19991972,sA-eth3,up,32879175438954,netem,15425810,11291,0,0,0,66,1,15294556,2240,0,14829612,2256,0
136,32879193786768,32879195689720,19993623,sA-eth3,up,32879195479117,netem,15426998,11309,0,0,0,132,2,15539074,2259,0,14830800,2274,0
137,32879213790811,32879216153816,20004043,sA-eth3,up,32879215950855,netem,15428252,11328,0,0,0,66,1,15786488,2278,0,14832054,2293,0
138,32879233784663,32879236176149,19993852,sA-eth3,up,32879235957207,netem,15429506,11347,0,0,0,0,0,16019356,2296,0,14833242,2311,0
139,32879253759175,32879255673666,19974512,sA-eth3,up,32879255495924,netem,15430628,11364,0,0,0,132,2,16259464,2314,0,14834430,2329,0
140,32879273792237,32879275808460,20033062,sA-eth3,up,32879275600668,netem,15431816,11382,0,0,0,66,1,16492332,2332,0,14835552,2346,0
141,32879293793450,32879296210397,20001213,sA-eth3,up,32879296028375,netem,15433070,11401,0,0,0,66,1,16739746,2351,0,14836806,2365,0
142,32879314066725,32879316580723,20273275,sA-eth3,up,32879316369821,netem,15434258,11419,0,0,0,0,0,16933768,2366,0,14837994,2383,0
143,32879333788835,32879335831687,19722110,sA-eth3,up,32879335624345,netem,15628140,11548,0,0,0,40878,3,16934692,2381,0,15038832,2398,0
144,32879353788238,32879355652367,19999403,sA-eth3,up,32879355471776,netem,15876436,11712,0,0,0,49962,4,16935880,2398,0,15262946,2415,0
145,32879373788239,32879376178346,20000001,sA-eth3,up,32879375982353,netem,16130788,11880,0,0,0,57532,4,16937134,2417,0,15524906,2435,0
146,32879393787861,32879395710713,19999622,sA-eth3,up,32879395535031,netem,16380598,12045,0,0,0,52990,4,16938322,2435,0,15747572,2452,0
147,32879413790614,32879415671174,20002753,sA-eth3,up,32879415503703,netem,16637978,12215,0,0,0,33308,2,16939576,2454,0,15994986,2471,0
148,32879433800476,32879435718298,20009862,sA-eth3,up,32879435547296,netem,16880218,12375,0,0,0,45420,3,16940764,2472,0,16227854,2489,0
149,32879453801649,32879455737820,20001173,sA-eth3,up,32879455558499,netem,17130028,12540,0,0,0,37850,3,16941952,2490,0,16467962,2507,0
150,32879473795160,32879475714382,19993511,sA-eth3,up,32879475546380,netem,17387408,12710,0,0,0,37850,3,16943206,2509,0,16715376,2526,0
151,32879493792103,32879495867556,19996943,sA-eth3,up,32879495608313,netem,17627134,12869,0,0,0,0,0,16944394,2527,0,16945796,2544,0
152,32879513809476,32879516157751,20017373,sA-eth3,up,32879515941430,netem,17628058,12883,0,0,0,66,1,17172876,2544,0,16946720,2558,0
153,32879533800479,32879535727290,19991003,sA-eth3,up,32879535533758,netem,17629114,12899,0,0,0,66,1,17410088,2562,0,16947842,2575,0
154,32879553792861,32879555679641,19992382,sA-eth3,up,32879555498229,netem,17630236,12916,0,0,0,132,2,17657436,2580,0,16948964,2592,0
155,32879573793972,32879575606763,20001111,sA-eth3,up,32879575418881,netem,17631490,12935,0,0,0,66,1,17904850,2599,0,16950152,2610,0
156,32879593794805,32879595602486,20000833,sA-eth3,up,32879595424423,netem,17632678,12953,0,0,0,66,1,18137718,2617,0,16951406,2629,0
157,32879613797597,32879615624327,20002792,sA-eth3,up,32879615441446,netem,17633932,12972,0,0,0,66,1,18377826,2635,0,16952594,2647,0
158,32879633798290,32879635664560,20000693,sA-eth3,up,32879635491469,netem,17635120,12990,0,0,0,66,1,18610694,2653,0,16953782,2665,0
159,32879653787013,32879655606262,19988723,sA-eth3,up,32879655422030,netem,17636308,13008,0,0,0,66,1,18858108,2672,0,16955036,2684,0
160,32879673788564,32879675641705,20001551,sA-eth3,up,32879675417402,netem,17637496,13026,0,0,0,132,2,19052130,2687,0,16956224,2702,0
161,32879693799907,32879696177153,20011343,sA-eth3,up,32879695956291,netem,17819398,13149,0,0,0,37850,3,19052988,2700,0,17130932,2716,0
162,32879713790249,32879715704991,19990342,sA-eth3,up,32879715499898,netem,18061638,13309,0,0,0,48448,3,19054176,2718,0,17363800,2734,0
163,32879733797131,32879736100057,20006882,sA-eth3,up,32879735860634,netem,18311448,13474,0,0,0,52990,4,19055364,2736,0,17603908,2752,0
164,32879753788064,32879755705525,19990933,sA-eth3,up,32879755525203,netem,18553688,13634,0,0,0,48448,3,19056618,2755,0,17851322,2771,0
165,32879773789726,32879775732637,20001662,sA-eth3,up,32879775545325,netem,18811068,13804,0,0,0,48448,3,19057806,2773,0,18084190,2789,0
166,32879793791738,32879795790580,20002012,sA-eth3,up,32879795587578,netem,19060878,13969,0,0,0,37850,3,19058928,2790,0,18324298,2807,0
167,32879813792761,32879815747303,20001023,sA-eth3,up,32879815549030,netem,19318258,14139,0,0,0,37850,3,19060182,2809,0,18571712,2826,0
168,32879833791803,32879835935987,19999042,sA-eth3,up,32879835717635,netem,19560498,14299,0,0,0,45420,3,19061370,2827,0,18819126,2845,0
169,32879853796336,32879855739177,20004533,sA-eth3,up,32879855492244,netem,19810308,14464,0,0,0,20196,2,19062558,2845,0,19044688,2862,0
170,32879873827629,32879876335087,20031293,sA-eth3,up,32879876135164,netem,19830504,14478,0,0,0,0,0,19062690,2847,0,19064092,2864,0
171,32879893789160,32879895821122,19961531,sA-eth3,up,32879895650931,netem,19831302,14489,0,0,0,0,0,19196656,2858,0,19064890,2875,0
172,32879913791312,32879915672214,20002152,sA-eth3,up,32879915495581,netem,19831302,14489,0,0,0,0,0,19196656,2858,0,19064890,2875,0
173,32879933788335,32879936053570,19997023,sA-eth3,up,32879935860798,netem,19831302,14489,0,0,0,0,0,19196656,2858,0,19064890,2875,0
174,32879953794537,32879955685608,20006202,sA-eth3,up,32879955509676,netem,19831302,14489,0,0,0,0,0,19196656,2858,0,19064890,2875,0
175,32879973803190,32879976229496,20008653,sA-eth3,up,32879975947403,netem,19831302,14489,0,0,0,0,0,19196656,2858,0,19064890,2875,0
176,32879993793731,32879995798174,19990541,sA-eth3,up,32879995567001,netem,19831302,14489,0,0,0,0,0,19196656,2858,0,19064890,2875,0
177,32880013793144,32880015643024,19999413,sA-eth3,up,32880015469333,netem,19831302,14489,0,0,0,0,0,19196656,2858,0,19064890,2875,0
178,32880033803066,32880035714478,20009922,sA-eth3,up,32880035532616,netem,19831302,14489,0,0,0,0,0,19196656,2858,0,19064890,2875,0
179,32880053814439,32880055888962,20011373,sA-eth3,up,32880055615449,netem,19831302,14489,0,0,0,0,0,19196656,2858,0,19064890,2875,0
180,32880073762540,32880076111457,19948101,sA-eth3,up,32880075906795,netem,19929802,14555,0,0,0,0,0,19196656,2858,0,19159562,2883,0
181,32880093788573,32880095650864,20026033,sA-eth3,up,32880095473072,netem,19935858,14559,0,0,0,0,0,19196656,2858,0,19165420,2884,0
182,32880113788786,32880116296463,20000213,sA-eth3,up,32880116117381,netem,20096428,14666,0,0,0,22796,3,19204094,2861,0,19334418,2899,0
183,32880133797558,32880135784700,20008772,sA-eth3,up,32880135608398,netem,20119828,14690,0,0,0,66,1,19274258,2871,0,19342394,2909,0
184,32880153810421,32880155728891,20012863,sA-eth3,up,32880155543780,netem,20128232,14706,0,0,0,0,0,19373382,2881,0,19350468,2920,0
185,32880173794113,32880175598293,19983692,sA-eth3,up,32880175413071,netem,20129232,14718,0,0,0,78,1,19471322,2895,0,19351546,2933,0
186,32880193792575,32880195650306,19998462,sA-eth3,up,32880195473514,netem,20130174,14731,0,0,0,0,0,19557414,2905,0,19352410,2945,0
187,32880213809067,32880215729239,20016492,sA-eth3,up,32880215545947,netem,20130774,14739,0,0,0,0,0,19621786,2915,0,19353010,2953,0
188,32880233791920,32880235622620,19982853,sA-eth3,up,32880235444839,netem,20131746,14751,0,0,0,0,0,19723938,2927,0,19353982,2965,0
189,32880253792672,32880255598682,20000752,sA-eth3,up,32880255414560,netem,20241574,14833,0,0,0,50048,5,19803186,2943,0,19459520,2982,0
190,32880273791594,32880275633405,19998922,sA-eth3,up,32880275464503,netem,20484486,15001,0,0,0,50134,6,19887438,2969,0,19693060,3008,0
191,32880293787447,32880295641497,19995853,sA-eth3,up,32880295470045,netem,20739854,15181,0,0,0,50212,6,19997952,2998,0,19938594,3039,0
192,32880313799869,32880316263797,20012422,sA-eth3,up,32880316085135,netem,20995092,15360,0,0,0,68130,5,20036854,3017,0,20183866,3067,0
193,32880333790912,32880335790274,19991043,sA-eth3,up,32880335624592,netem,21234592,15522,0,0,0,84862,7,20089052,3040,0,20430120,3090,0
194,32880353788514,32880355632624,19997602,sA-eth3,up,32880355435662,netem,21491004,15698,0,0,0,101768,12,20162838,3061,0,20660506,3113,0
195,32880373807637,32880375928430,20019123,sA-eth3,up,32880375750638,netem,21749014,15877,0,0,0,116890,12,20229450,3083,0,20908484,3140,0
196,32880393790088,32880395659110,19982451,sA-eth3,up,32880395487307,netem,21985840,16042,0,0,0,49238,7,20288558,3101,0,21152196,3168,0
197,32880413789871,32880415682592,19999783,sA-eth3,up,32880415504240,netem,22035726,16087,0,0,0,78,1,20354378,3111,0,21184042,3182,0
198,32880433791473,32880435613863,20001602,sA-eth3,up,32880435434711,netem,22036542,16099,0,0,0,0,0,20442050,3123,0,21184858,3193,0
199,32880453799486,32880455667526,20008013,sA-eth3,up,32880455490575,netem,22037130,16107,0,0,0,0,0,20500498,3131,0,21185446,3201,0
200,32880473795768,32880475695689,19996282,sA-eth3,up,32880475520357,netem,22037694,16115,0,0,0,78,1,20558946,3139,0,21186088,3210,0
201,32880493793490,32880496053235,19997722,sA-eth3,up,32880495855104,netem,22038372,16124,0,0,0,78,1,20617394,3147,0,21186688,3218,0
202,32880513787213,32880515587622,19993723,sA-eth3,up,32880515404151,netem,22039080,16134,0,0,0,66,1,20697760,3158,0,21187396,3228,0
203,32880533804215,32880535698657,20017002,sA-eth3,up,32880535519934,netem,22039718,16143,0,0,0,0,0,20756208,3166,0,21188034,3237,0
204,32880553796477,32880555716848,19992262,sA-eth3,up,32880555546147,netem,22040318,16151,0,0,0,0,0,20807350,3173,0,21188634,3245,0
205,32880573791279,32880575833452,19994802,sA-eth3,up,32880575665560,netem,22041020,16160,0,0,0,0,0,20880476,3184,0,21189336,3254,0
206,32880593788902,32880595675043,19997623,sA-eth3,up,32880595506561,netem,22041860,16172,0,0,0,66,1,20958012,3196,0,21190176,3266,0
207,32880613796284,32880616186451,20007382,sA-eth3,up,32880615985989,netem,22042592,16182,0,0,0,78,1,21012182,3205,0,21190908,3276,0
208,32880633797837,32880636096382,20001553,sA-eth3,up,32880635898310,netem,22043576,16194,0,0,0,78,1,21069512,3218,0,21191892,3288,0
209,32880653790219,32880655821312,19992382,sA-eth3,up,32880655656819,netem,22044296,16204,0,0,0,66,1,21157118,3229,0,21192678,3299,0
210,32880673788561,32880675642182,19998342,sA-eth3,up,32880675475310,netem,22045060,16214,0,0,0,94,1,21227282,3239,0,21193470,3309,0
211,32880693788333,32880696118200,19999772,sA-eth3,up,32880695918718,netem,22045548,16220,0,0,0,0,0,21287310,3249,0,21193864,3314,0
212,32880713800856,32880715689887,20012523,sA-eth3,up,32880715516815,netem,22045548,16220,0,0,0,0,0,21287310,3249,0,21193864,3314,0
213,32880733787699,32880735980663,19986843,sA-eth3,up,32880735817590,netem,22045778,16223,0,0,0,0,0,21309228,3252,0,21194094,3317,0
214,32880753782971,32880755589970,19995272,sA-eth3,up,32880755408859,netem,22046578,16233,0,0,0,0,0,21375048,3262,0,21194894,3327,0
215,32880773784602,32880775630764,20001631,sA-eth3,up,32880775450251,netem,22047276,16242,0,0,0,66,1,21443764,3272,0,21195592,3336,0
216,32880793798435,32880795701237,20013833,sA-eth3,up,32880795520534,netem,22047342,16243,0,0,0,0,0,21471540,3276,0,21195658,3337,0
217,32880813803897,32880815653059,20005462,sA-eth3,up,32880815476516,netem,22047540,16246,0,0,0,66,1,21486152,3278,0,21195922,3341,0
218,32880833806240,32880835658600,20002343,sA-eth3,up,32880835470299,netem,22048338,16257,0,0,0,0,0,21566584,3290,0,21196654,3351,0
219,32880853800483,32880855627322,19994243,sA-eth3,up,32880855440960,netem,22049190,16269,0,0,0,66,1,21639776,3302,0,21197506,3363,0
220,32880873789804,32880875671015,19989321,sA-eth3,up,32880875489563,netem,22050018,16281,0,0,0,66,1,21721722,3315,0,21198334,3375,0
221,32880893829687,32880896096213,20039883,sA-eth3,up,32880895809369,netem,22050516,16288,0,0,0,78,1,21758252,3320,0,21198832,3382,0
222,32880913780519,32880915694731,19950832,sA-eth3,up,32880915501438,netem,22051134,16297,0,0,0,0,0,21824006,3329,0,21199450,3391,0
223,32880933791182,32880935746763,20010663,sA-eth3,up,32880935571942,netem,22051652,16304,0,0,0,0,0,21867842,3335,0,21199968,3398,0
224,32880953791524,32880956480394,20000342,sA-eth3,up,32880956279402,netem,22052202,16311,0,0,0,0,0,21926290,3343,0,21200518,3405,0
225,32880973759755,32880976083392,19968231,sA-eth3,up,32880975852299,netem,22052798,16319,0,0,0,66,1,21992044,3352,0,21201114,3413,0
226,32880993788269,32880995851532,20028514,sA-eth3,up,32880995668679,netem,22053308,16326,0,0,0,0,0,22043186,3359,0,21201624,3420,0
227,32881013789461,32881015817343,20001192,sA-eth3,up,32881015606380,netem,22053958,16335,0,0,0,66,1,22108940,3368,0,21202274,3429,0
228,32881033793763,32881036092749,20004302,sA-eth3,up,32881035887396,netem,22054732,16346,0,0,0,0,0,22192136,3378,0,21203048,3440,0
229,32881053791276,32881056147182,19997513,sA-eth3,up,32881055917519,netem,22193294,16447,0,0,0,48592,6,22293236,3396,0,21349308,3460,0
230,32881073783838,32881075699519,19992562,sA-eth3,up,32881075526137,netem,22433376,16618,0,0,0,65180,6,22385978,3419,0,21566974,3489,0
231,32881093809590,32881095820342,20025752,sA-eth3,up,32881095597761,netem,22686886,16793,0,0,0,68340,7,22459896,3442,0,21810716,3516,0
232,32881113789942,32881115627212,19980352,sA-eth3,up,32881115426891,netem,22942120,16972,0,0,0,68430,9,22525060,3464,0,22055984,3544,0
233,32881133797875,32881135640285,20007933,sA-eth3,up,32881135451564,netem,23182022,17139,0,0,0,85026,9,22575810,3487,0,22302652,3572,0
234,32881153795008,32881155700318,19997133,sA-eth3,up,32881155502197,netem,23438482,17315,0,0,0,60560,4,22612934,3501,0,22533074,3595,0
235,32881173789529,32881175628440,19994521,sA-eth3,up,32881175435168,netem,23693498,17491,0,0,0,71302,7,22672042,3519,0,22778190,3621,0
236,32881193793712,32881195585241,20004183,sA-eth3,up,32881195401710,netem,23933166,17655,0,0,0,68294,7,22718250,3539,0,23024632,3646,0
237,32881213796804,32881216395584,20003092,sA-eth3,up,32881216206431,netem,24189628,17832,0,0,0,64188,5,22779202,3563,0,23271042,3671,0
238,32881233807187,32881236111652,20010383,sA-eth3,up,32881235906660,netem,24254494,17885,0,0,0,0,0,22824684,3572,0,23317340,3684,0
239,32881253797459,32881255974613,19990272,sA-eth3,up,32881255797592,netem,24255608,17894,0,0,0,0,0,22883210,3581,0,23318454,3693,0
240,32881273792121,32881275813434,19994662,sA-eth3,up,32881275635052,netem,24256170,17901,0,0,0,0,0,22934352,3588,0,23319016,3700,0
241,32881293803463,32881295833796,20011342,sA-eth3,up,32881295655734,netem,24256864,17910,0,0,0,66,1,23000106,3597,0,23319710,3709,0
242,32881313792516,32881315876299,19989053,sA-eth3,up,32881315694408,netem,24257560,17920,0,0,0,66,1,23080472,3608,0,23320406,3720,0
243,32881333790889,32881336088214,19998373,sA-eth3,up,32881335892741,netem,24258322,17931,0,0,0,0,0,23153532,3618,0,23321168,3730,0
244,32881353786791,32881355957064,19995902,sA-eth3,up,32881355785433,netem,24258894,17939,0,0,0,66,1,23211980,3626,0,23321806,3739,0
245,32881373808294,32881376144769,20021503,sA-eth3,up,32881375938327,netem,24259614,17949,0,0,0,0,0,23285040,3636,0,23322460,3748,0
246,32881393791035,32881395698676,19982741,sA-eth3,up,32881395518064,netem,24260156,17956,0,0,0,78,1,23343488,3644,0,23323002,3755,0
247,32881413798167,32881415705729,20007132,sA-eth3,up,32881415514997,netem,24260378,17959,0,0,0,0,0,23372712,3648,0,23323224,3758,0
248,32881433794420,32881435628110,19996253,sA-eth3,up,32881435445519,netem,24260800,17964,0,0,0,0,0,23416614,3655,0,23323646,3763,0
249,32881453793543,32881455630152,19999123,sA-eth3,up,32881455443590,netem,24261464,17972,0,0,0,0,0,23459002,3661,0,23324310,3771,0
250,32881473791634,32881476039549,19998091,sA-eth3,up,32881475843057,netem,24262166,17981,0,0,0,0,0,23536472,3672,0,23325012,3780,0
251,32881493793237,32881495582836,20001603,sA-eth3,up,32881495404775,netem,24262864,17990,0,0,0,78,1,23593604,3682,0,23325710,3789,0
252,32881513797059,32881515593349,20003822,sA-eth3,up,32881515409088,netem,24263782,18003,0,0,0,132,2,23694374,3695,0,23326694,3803,0
253,32881533794062,32881535591521,19997003,sA-eth3,up,32881535413639,netem,24264398,18011,0,0,0,86,1,23758548,3702,0,23327330,3811,0
254,32881553801104,32881555630795,20007042,sA-eth3,up,32881555449642,netem,24265204,18022,0,0,0,66,1,23860766,3715,0,23328050,3821,0
255,32881573791756,32881575578227,19990652,sA-eth3,up,32881575400084,netem,24265968,18032,0,0,0,66,1,23926586,3725,0,23328814,3831,0
256,32881593785168,32881596105225,19993412,sA-eth3,up,32881595905372,netem,24266724,18042,0,0,0,0,0,23983652,3734,0,23329570,3841,0
257,32881613791691,32881615641402,20006523,sA-eth3,up,32881615471640,netem,24267242,18049,0,0,0,0,0,24030450,3741,0,23330088,3848,0
258,32881633792123,32881636236581,20000432,sA-eth3,up,32881636024648,netem,24267900,18058,0,0,0,78,1,24081790,3751,0,23330746,3857,0
259,32881653790936,32881656123322,19998813,sA-eth3,up,32881655927439,netem,24268446,18065,0,0,0,0,0,24103840,3756,0,23331292,3864,0
260,32881673789868,32881675658809,19998932,sA-eth3,up,32881675442186,netem,24268446,18065,0,0,0,0,0,24103840,3756,0,23331292,3864,0
261,32881693816960,32881695884854,20027092,sA-eth3,up,32881695589830,netem,24268446,18065,0,0,0,0,0,24103840,3756,0,23331292,3864,0
262,32881713804043,32881716424112,19987083,sA-eth3,up,32881716182390,netem,24268488,18066,0,0,0,0,0,24103882,3757,0,23331334,3865,0
263,32881733791685,32881736074720,19987642,sA-eth3,up,32881735884708,netem,24268488,18066,0,0,0,0,0,24103882,3757,0,23331334,3865,0
264,32881753786848,32881755678608,19995163,sA-eth3,up,32881755437915,netem,24268488,18066,0,0,0,0,0,24103882,3757,0,23331334,3865,0
265,32881773793879,32881776079555,20007031,sA-eth3,up,32881775737591,netem,24438146,18179,0,0,0,49962,3,24104476,3766,0,23510320,3878,0
266,32881793800592,32881796151149,20006713,sA-eth3,up,32881795947396,netem,24694012,18348,0,0,0,63588,4,24105136,3776,0,23740226,3895,0
267,32881813791274,32881815750476,19990682,sA-eth3,up,32881815572314,netem,24948364,18516,0,0,0,72672,5,24105928,3788,0,23984678,3913,0
268,32881833774007,32881835757538,19982733,sA-eth3,up,32881835547856,netem,25201202,18683,0,0,0,68130,5,24106918,3803,0,24227748,3932,0
269,32881853788959,32881856033844,20014952,sA-eth3,up,32881855835682,netem,25443442,18843,0,0,0,83270,6,24107842,3817,0,24475162,3951,0
270,32881873800121,32881875738502,20011162,sA-eth3,up,32881875552861,netem,25690500,19010,0,0,0,86298,6,24119166,3835,0,24712584,3972,0
271,32881893794183,32881895754345,19994062,sA-eth3,up,32881895545373,netem,25939006,19177,0,0,0,95468,8,24139244,3854,0,24954436,3994,0
272,32881913800096,32881916120962,20005913,sA-eth3,up,32881915921230,netem,26193588,19348,0,0,0,80398,7,24160770,3873,0,25196358,4017,0
273,32881933799689,32881935623448,19999593,sA-eth3,up,32881935438057,netem,26443932,19520,0,0,0,18682,2,24179202,3889,0,25422232,4038,0
274,32881953803761,32881955973664,20004072,sA-eth3,up,32881955792533,netem,26463464,19544,0,0,0,0,0,24240942,3903,0,25441038,4051,0
275,32881973796582,32881975721024,19992821,sA-eth3,up,32881975533962,netem,26464208,19554,0,0,0,66,1,24302418,3913,0,25441782,4061,0
276,32881993796745,32881996149092,20000163,sA-eth3,up,32881995955219,netem,26464904,19564,0,0,0,0,0,24368172,3922,0,25442478,4071,0
277,32882013793068,32882015794190,19996323,sA-eth3,up,32882015627888,netem,26465378,19571,0,0,0,0,0,24412008,3928,0,25442952,4078,0
278,32882033813490,32882035699621,20020422,sA-eth3,up,32882035515419,netem,26465378,19571,0,0,0,0,0,24412078,3929,0,25442952,4078,0
279,32882053808933,32882055721653,19995443,sA-eth3,up,32882055539562,netem,26465378,19571,0,0,0,0,0,24412078,3929,0,25442952,4078,0
280,32882073804885,32882076220982,19995952,sA-eth3,up,32882076042110,netem,26465378,19571,0,0,0,0,0,24412078,3929,0,25442952,4078,0
281,32882093791507,32882095663158,19986622,sA-eth3,up,32882095490786,netem,26465378,19571,0,0,0,0,0,24412078,3929,0,25442952,4078,0
282,32882113806009,32882116189156,20014502,sA-eth3,up,32882115989594,netem,26465378,19571,0,0,0,0,0,24412078,3929,0,25442952,4078,0
283,32882133800322,32882135695783,19994313,sA-eth3,up,32882135511021,netem,26465378,19571,0,0,0,0,0,24412078,3929,0,25442952,4078,0
284,32882153803365,32882156071499,20003043,sA-eth3,up,32882155869927,netem,26465378,19571,0,0,0,0,0,24412078,3929,0,25442952,4078,0
285,32882173797887,32882175610797,19994522,sA-eth3,up,32882175425514,netem,26465378,19571,0,0,0,0,0,24412078,3929,0,25442952,4078,0
286,32882193792819,32882195594869,19994932,sA-eth3,up,32882195417567,netem,26465378,19571,0,0,0,0,0,24412078,3929,0,25442952,4078,0
287,32882213810731,32882216121087,20017912,sA-eth3,up,32882215922645,netem,26465378,19571,0,0,0,0,0,24412078,3929,0,25442952,4078,0
288,32882233805873,32882235743695,19995142,sA-eth3,up,32882235559323,netem,26465518,19573,0,0,0,0,0,24412078,3929,0,25443092,4080,0
289,32882253794546,32882255968000,19988673,sA-eth3,up,32882255797988,netem,26465518,19573,0,0,0,0,0,24412078,3929,0,25443092,4080,0
290,32882273794198,32882275756001,19999652,sA-eth3,up,32882275580758,netem,26465518,19573,0,0,0,0,0,24412078,3929,0,25443092,4080,0
291,32882293800861,32882295870114,20006663,sA-eth3,up,32882295695091,netem,26465518,19573,0,0,0,0,0,24412078,3929,0,25443092,4080,0
292,32882313804404,32882315928827,20003543,sA-eth3,up,32882315752274,netem,26465518,19573,0,0,0,0,0,24412078,3929,0,25443092,4080,0
293,32882333805415,32882335673467,20001011,sA-eth3,up,32882335494304,netem,26465518,19573,0,0,0,0,0,24412078,3929,0,25443092,4080,0
294,32882353799158,32882356058253,19993743,sA-eth3,up,32882355862270,netem,26465518,19573,0,0,0,0,0,24412078,3929,0,25443092,4080,0
295,32882373797720,32882375756202,19998562,sA-eth3,up,32882375585230,netem,26465518,19573,0,0,0,0,0,24412078,3929,0,25443092,4080,0
296,32882393808703,32882395745003,20010983,sA-eth3,up,32882395560202,netem,26465518,19573,0,0,0,0,0,24412078,3929,0,25443092,4080,0
297,32882413803584,32882416063660,19994881,sA-eth3,up,32882415869128,netem,26465518,19573,0,0,0,0,0,24412078,3929,0,25443092,4080,0
298,32882433795977,32882436044092,19992393,sA-eth3,up,32882435843789,netem,26465518,19573,0,0,0,0,0,24412078,3929,0,25443092,4080,0
299,32882453799759,32882455654660,20003782,sA-eth3,up,32882455479498,netem,26465518,19573,0,0,0,0,0,24412078,3929,0,25443092,4080,0
300,32882473803732,32882475809374,20003973,sA-eth3,up,32882475626392,netem,26465518,19573,0,0,0,0,0,24412078,3929,0,25443092,4080,0
301,32882493795884,32882495646935,19992152,sA-eth3,up,32882495472622,netem,26465518,19573,0,0,0,0,0,24412078,3929,0,25443092,4080,0
302,32882513787256,32882515604977,19991372,sA-eth3,up,32882515422444,netem,26465518,19573,0,0,0,0,0,24412078,3929,0,25443092,4080,0
303,32882533814309,32882535695630,20027053,sA-eth3,up,32882535510317,netem,26465518,19573,0,0,0,0,0,24412078,3929,0,25443092,4080,0
304,32882553803251,32882555830613,19988942,sA-eth3,up,32882555644482,netem,26465518,19573,0,0,0,0,0,24412078,3929,0,25443092,4080,0
305,32882573798684,32882576242361,19995433,sA-eth3,up,32882576057949,netem,26465518,19573,0,0,0,0,0,24412078,3929,0,25443092,4080,0
306,32882593812406,32882595693327,20013722,sA-eth3,up,32882595512164,netem,26465518,19573,0,0,0,0,0,24412078,3929,0,25443092,4080,0
307,32882613785808,32882615974252,19973402,sA-eth3,up,32882615782329,netem,26465518,19573,0,0,0,0,0,24412078,3929,0,25443092,4080,0
308,32882633801910,32882635688492,20016102,sA-eth3,up,32882635511529,netem,26465518,19573,0,0,0,0,0,24412078,3929,0,25443092,4080,0
309,32882653788973,32882655770555,19987063,sA-eth3,up,32882655593103,netem,26465908,19578,0,0,0,86,1,24440118,3937,0,25443482,4085,0
310,32882673802455,32882675656216,20013482,sA-eth3,up,32882675480254,netem,26466764,19590,0,0,0,0,0,24500146,3947,0,25444338,4097,0
311,32882693793168,32882696252035,19990713,sA-eth3,up,32882696068613,netem,26467376,19598,0,0,0,0,0,24565900,3956,0,25444950,4105,0
312,32882713807140,32882715873143,20013972,sA-eth3,up,32882715686171,netem,26468086,19607,0,0,0,164,2,24615792,3966,0,25445746,4115,0
313,32882733805622,32882735889096,19998482,sA-eth3,up,32882735710023,netem,26468958,19619,0,0,0,66,1,24691814,3977,0,25446532,4126,0
314,32882753788014,32882755681026,19982392,sA-eth3,up,32882755507904,netem,26469854,19631,0,0,0,0,0,24757700,3988,0,25447428,4138,0
315,32882773790536,32882775974090,20002522,sA-eth3,up,32882775806969,netem,26470010,19633,0,0,0,0,0,24766454,3989,0,25447584,4140,0
316,32882793802339,32882795627990,20011803,sA-eth3,up,32882795450887,netem,26470010,19633,0,0,0,0,0,24766454,3989,0,25447584,4140,0
317,32882813801771,32882815695782,19999432,sA-eth3,up,32882815521410,netem,26470010,19633,0,0,0,0,0,24766454,3989,0,25447584,4140,0
318,32882833792124,32882836122160,19990353,sA-eth3,up,32882835923648,netem,26470010,19633,0,0,0,0,0,24766454,3989,0,25447584,4140,0
319,32882853802926,32882856070201,20010802,sA-eth3,up,32882855867339,netem,26470010,19633,0,0,0,0,0,24766454,3989,0,25447584,4140,0
320,32882873788219,32882875628909,19985293,sA-eth3,up,32882875441137,netem,26470010,19633,0,0,0,0,0,24766454,3989,0,25447584,4140,0
321,32882893793081,32882895688951,20004862,sA-eth3,up,32882895517100,netem,26470010,19633,0,0,0,0,0,24766454,3989,0,25447584,4140,0
322,32882913794933,32882915642654,20001852,sA-eth3,up,32882915446481,netem,26470010,19633,0,0,0,0,0,24766454,3989,0,25447584,4140,0
323,32882933791985,32882935603626,19997052,sA-eth3,up,32882935422334,netem,26470010,19633,0,0,0,0,0,24766454,3989,0,25447584,4140,0
324,32882953813228,32882955719789,20021243,sA-eth3,up,32882955536877,netem,26470010,19633,0,0,0,0,0,24766454,3989,0,25447584,4140,0
325,32882973812750,32882975725102,19999522,sA-eth3,up,32882975544280,netem,26470010,19633,0,0,0,0,0,24766454,3989,0,25447584,4140,0
326,32882993795833,32882995673023,19983083,sA-eth3,up,32882995500952,netem,26470010,19633,0,0,0,0,0,24766454,3989,0,25447584,4140,0
327,32883013795145,32883015622095,19999312,sA-eth3,up,32883015438643,netem,26470010,19633,0,0,0,0,0,24766454,3989,0,25447584,4140,0
328,32883033786407,32883035613078,19991262,sA-eth3,up,32883035427145,netem,26470010,19633,0,0,0,0,0,24766454,3989,0,25447584,4140,0
329,32883053814029,32883055730181,20027622,sA-eth3,up,32883055545979,netem,26470010,19633,0,0,0,0,0,24766454,3989,0,25447584,4140,0
330,32883073792822,32883075683974,19978793,sA-eth3,up,32883075509861,netem,26470010,19633,0,0,0,0,0,24766454,3989,0,25447584,4140,0
331,32883093786775,32883096170750,19993953,sA-eth3,up,32883095977239,netem,26470010,19633,0,0,0,0,0,24766454,3989,0,25447584,4140,0
332,32883113798557,32883115650057,20011782,sA-eth3,up,32883115476125,netem,26470010,19633,0,0,0,0,0,24766454,3989,0,25447584,4140,0
333,32883133799149,32883135988663,20000592,sA-eth3,up,32883135813092,netem,26470010,19633,0,0,0,0,0,24766454,3989,0,25447584,4140,0
334,32883153791191,32883155687663,19992042,sA-eth3,up,32883155515010,netem,26470010,19633,0,0,0,0,0,24766454,3989,0,25447584,4140,0
335,32883173796093,32883175990318,20004902,sA-eth3,up,32883175820146,netem,26470010,19633,0,0,0,0,0,24766454,3989,0,25447584,4140,0
336,32883193800476,32883195811549,20004383,sA-eth3,up,32883195629646,netem,26470010,19633,0,0,0,0,0,24766454,3989,0,25447584,4140,0
337,32883213806229,32883215877702,20005753,sA-eth3,up,32883215701789,netem,26470010,19633,0,0,0,0,0,24766454,3989,0,25447584,4140,0
338,32883233807132,32883235730912,20000903,sA-eth3,up,32883235551411,netem,26470010,19633,0,0,0,0,0,24766454,3989,0,25447584,4140,0
339,32883253794483,32883255985378,19987351,sA-eth3,up,32883255810095,netem,26470010,19633,0,0,0,0,0,24766454,3989,0,25447584,4140,0
340,32883273797225,32883275783998,20002742,sA-eth3,up,32883275614895,netem,26470010,19633,0,0,0,0,0,24766454,3989,0,25447584,4140,0
341,32883293794948,32883295624868,19997723,sA-eth3,up,32883295445365,netem,26470010,19633,0,0,0,0,0,24766454,3989,0,25447584,4140,0
342,32883313802170,32883316146286,20007222,sA-eth3,up,32883315946484,netem,26470010,19633,0,0,0,0,0,24766454,3989,0,25447584,4140,0
343,32883333795042,32883335792445,19992872,sA-eth3,up,32883335622733,netem,26470010,19633,0,0,0,0,0,24766454,3989,0,25447584,4140,0
344,32883353794825,32883355615206,19999783,sA-eth3,up,32883355434183,netem,26470010,19633,0,0,0,0,0,24766454,3989,0,25447584,4140,0
345,32883373786417,32883375605837,19991592,sA-eth3,up,32883375423805,netem,26470010,19633,0,0,0,0,0,24766454,3989,0,25447584,4140,0
346,32883393805840,32883395738841,20019423,sA-eth3,up,32883395553979,netem,26470010,19633,0,0,0,0,0,24766454,3989,0,25447584,4140,0
347,32883413801072,32883416145518,19995232,sA-eth3,up,32883415945845,netem,26470010,19633,0,0,0,0,0,24766454,3989,0,25447584,4140,0
348,32883433801724,32883435676345,20000652,sA-eth3,up,32883435499442,netem,26470010,19633,0,0,0,0,0,24766454,3989,0,25447584,4140,0
349,32883453789436,32883455669918,19987712,sA-eth3,up,32883455498205,netem,26470010,19633,0,0,0,0,0,24766454,3989,0,25447584,4140,0
350,32883473807379,32883475698100,20017943,sA-eth3,up,32883475520078,netem,26470010,19633,0,0,0,0,0,24766454,3989,0,25447584,4140,0
351,32883493802461,32883495767213,19995082,sA-eth3,up,32883495590181,netem,26470010,19633,0,0,0,0,0,24766454,3989,0,25447584,4140,0
352,32883513786464,32883515616394,19984003,sA-eth3,up,32883515437302,netem,26470010,19633,0,0,0,0,0,24766454,3989,0,25447584,4140,0
353,32883533796966,32883536208133,20010502,sA-eth3,up,32883536033531,netem,26470010,19633,0,0,0,0,0,24766454,3989,0,25447584,4140,0
354,32883553797758,32883555839361,20000792,sA-eth3,up,32883555662449,netem,26470010,19633,0,0,0,0,0,24766454,3989,0,25447584,4140,0
355,32883573804300,32883576055435,20006542,sA-eth3,up,32883575851733,netem,26470010,19633,0,0,0,0,0,24766454,3989,0,25447584,4140,0
356,32883593792263,32883595713765,19987963,sA-eth3,up,32883595533912,netem,26470010,19633,0,0,0,0,0,24766454,3989,0,25447584,4140,0
357,32883613795556,32883615988880,20003293,sA-eth3,up,32883615817428,netem,26470010,19633,0,0,0,0,0,24766454,3989,0,25447584,4140,0
358,32883633823098,32883635884581,20027542,sA-eth3,up,32883635707359,netem,26470010,19633,0,0,0,0,0,24766454,3989,0,25447584,4140,0
359,32883653800770,32883655889473,19977672,sA-eth3,up,32883655694041,netem,26470010,19633,0,0,0,0,0,24766454,3989,0,25447584,4140,0
360,32883673793862,32883675969736,19993092,sA-eth3,up,32883675776504,netem,26470010,19633,0,0,0,0,0,24766454,3989,0,25447584,4140,0
361,32883693806735,32883695645005,20012873,sA-eth3,up,32883695445483,netem,26470010,19633,0,0,0,0,0,24766454,3989,0,25447584,4140,0
362,32883713795767,32883715663037,19989032,sA-eth3,up,32883715490466,netem,26470010,19633,0,0,0,0,0,24766454,3989,0,25447584,4140,0
363,32883733799449,32883736118535,20003682,sA-eth3,up,32883735918803,netem,26470010,19633,0,0,0,0,0,24766454,3989,0,25447584,4140,0
364,32883753799641,32883755668382,20000192,sA-eth3,up,32883755482480,netem,26470010,19633,0,0,0,0,0,24766454,3989,0,25447584,4140,0
365,32883773793944,32883775993158,19994303,sA-eth3,up,32883775814596,netem,26470010,19633,0,0,0,0,0,24766454,3989,0,25447584,4140,0
366,32883793799786,32883795996451,20005842,sA-eth3,up,32883795826419,netem,26470010,19633,0,0,0,0,0,24766454,3989,0,25447584,4140,0
367,32883813797648,32883815949582,19997862,sA-eth3,up,32883815774130,netem,26470010,19633,0,0,0,0,0,24766454,3989,0,25447584,4140,0
368,32883833803061,32883835946574,20005413,sA-eth3,up,32883835775973,netem,26470010,19633,0,0,0,0,0,24766454,3989,0,25447584,4140,0
369,32883853795663,32883855624894,19992602,sA-eth3,up,32883855440751,netem,26470010,19633,0,0,0,0,0,24766454,3989,0,25447584,4140,0
370,32883873793935,32883875925960,19998272,sA-eth3,up,32883875755467,netem,26470010,19633,0,0,0,0,0,24766454,3989,0,25447584,4140,0
371,32883893802908,32883895678109,20008973,sA-eth3,up,32883895501977,netem,26470010,19633,0,0,0,0,0,24766454,3989,0,25447584,4140,0
372,32883913807331,32883916099406,20004423,sA-eth3,up,32883915896283,netem,26470010,19633,0,0,0,0,0,24766454,3989,0,25447584,4140,0
373,32883933795743,32883935642323,19988412,sA-eth3,up,32883935470451,netem,26470010,19633,0,0,0,0,0,24766454,3989,0,25447584,4140,0
374,32883953788634,32883955689546,19992891,sA-eth3,up,32883955502914,netem,26470010,19633,0,0,0,0,0,24766454,3989,0,25447584,4140,0
375,32883973803367,32883975713719,20014733,sA-eth3,up,32883975532426,netem,26470010,19633,0,0,0,0,0,24766454,3989,0,25447584,4140,0
376,32883993796289,32883996199307,19992922,sA-eth3,up,32883996027165,netem,26470010,19633,0,0,0,0,0,24766454,3989,0,25447584,4140,0
377,32884013803762,32884015991727,20007473,sA-eth3,up,32884015803274,netem,26470010,19633,0,0,0,0,0,24766454,3989,0,25447584,4140,0
378,32884033797565,32884036052180,19993803,sA-eth3,up,32884035827687,netem,26470010,19633,0,0,0,0,0,24766454,3989,0,25447584,4140,0
379,32884053797637,32884055979471,20000072,sA-eth3,up,32884055788559,netem,26470010,19633,0,0,0,0,0,24766454,3989,0,25447584,4140,0
380,32884073805709,32884076257016,20008072,sA-eth3,up,32884076064805,netem,26470010,19633,0,0,0,0,0,24766454,3989,0,25447584,4140,0
381,32884093799991,32884095867244,19994282,sA-eth3,up,32884095677243,netem,26470010,19633,0,0,0,0,0,24766454,3989,0,25447584,4140,0
382,32884113831434,32884116128049,20031443,sA-eth3,up,32884115830306,netem,26470010,19633,0,0,0,0,0,24766454,3989,0,25447584,4140,0
383,32884133812817,32884136048071,19981383,sA-eth3,up,32884135766279,netem,26470010,19633,0,0,0,0,0,24766454,3989,0,25447584,4140,0
384,32884153805608,32884155878512,19992791,sA-eth3,up,32884155691020,netem,26470010,19633,0,0,0,0,0,24766454,3989,0,25447584,4140,0
385,32884173808960,32884175816952,20003352,sA-eth3,up,32884175633282,netem,26470010,19633,0,0,0,0,0,24766454,3989,0,25447584,4140,0
386,32884193799623,32884196119079,19990663,sA-eth3,up,32884195918737,netem,26470010,19633,0,0,0,0,0,24766454,3989,0,25447584,4140,0
387,32884213804426,32884215965490,20004803,sA-eth3,up,32884215788557,netem,26470088,19634,0,0,0,0,0,24773892,3992,0,25447662,4141,0
388,32884233804778,32884235903771,20000352,sA-eth3,up,32884235727149,netem,26470836,19644,0,0,0,78,1,24848466,4003,0,25448488,4152,0
389,32884253797590,32884255698151,19992812,sA-eth3,up,32884255522469,netem,26471958,19659,0,0,0,66,1,24960952,4018,0,25449532,4166,0
390,32884273795522,32884276092448,19997932,sA-eth3,up,32884275894916,netem,26472744,19670,0,0,0,78,1,25060076,4029,0,25450396,4178,0
391,32884293795315,32884295982199,19999793,sA-eth3,up,32884295814857,netem,26473800,19684,0,0,0,0,0,25147880,4042,0,25451374,4191,0
392,32884313801537,32884315744429,20006222,sA-eth3,up,32884315553767,netem,26474736,19696,0,0,0,0,0,25247202,4055,0,25452310,4203,0
393,32884333795770,32884336124265,19994233,sA-eth3,up,32884335921383,netem,26475210,19703,0,0,0,66,1,25299726,4061,0,25452784,4210,0
394,32884353795291,32884355942215,19999521,sA-eth3,up,32884355770533,netem,26475650,19709,0,0,0,78,1,25352316,4068,0,25453224,4216,0
395,32884373794294,32884375639565,19999003,sA-eth3,up,32884375472932,netem,26476250,19717,0,0,0,0,0,25413594,4075,0,25453824,4224,0
396,32884393795766,32884395716588,20001472,sA-eth3,up,32884395535475,netem,26476538,19721,0,0,0,0,0,25435456,4078,0,25454112,4228,0
397,32884413798679,32884416101034,20002913,sA-eth3,up,32884415902902,netem,26476538,19721,0,0,0,0,0,25435456,4078,0,25454112,4228,0
398,32884433795611,32884435631861,19996932,sA-eth3,up,32884435433829,netem,26476538,19721,0,0,0,0,0,25435456,4078,0,25454112,4228,0
399,32884453792443,32884456028318,19996832,sA-eth3,up,32884455826996,netem,26476538,19721,0,0,0,0,0,25435456,4078,0,25454112,4228,0
400,32884473796246,32884475690057,20003803,sA-eth3,up,32884475498335,netem,26476538,19721,0,0,0,0,0,25435456,4078,0,25454112,4228,0
401,32884493791178,32884495687139,19994932,sA-eth3,up,32884495509347,netem,26476538,19721,0,0,0,0,0,25435456,4078,0,25454112,4228,0
402,32884513792460,32884515670941,20001282,sA-eth3,up,32884515493369,netem,26476538,19721,0,0,0,0,0,25435456,4078,0,25454112,4228,0
403,32884533797492,32884535722644,20005032,sA-eth3,up,32884535539192,netem,26476538,19721,0,0,0,0,0,25435456,4078,0,25454112,4228,0
404,32884553790144,32884556103651,19992652,sA-eth3,up,32884555894248,netem,26476538,19721,0,0,0,0,0,25435456,4078,0,25454112,4228,0
405,32884573797247,32884576127534,20007103,sA-eth3,up,32884575919461,netem,26476682,19723,0,0,0,0,0,25461808,4082,0,25454256,4230,0
406,32884593788820,32884595692171,19991573,sA-eth3,up,32884595513069,netem,26477234,19731,0,0,0,0,0,25518742,4089,0,25454808,4238,0
407,32884613767422,32884616292940,19978602,sA-eth3,up,32884616115598,netem,26477312,19732,0,0,0,0,0,25518742,4089,0,25454886,4239,0
408,32884633814695,32884636098070,20047273,sA-eth3,up,32884635890128,netem,26477312,19732,0,0,0,0,0,25518742,4089,0,25454886,4239,0
409,32884653784016,32884655664247,19969321,sA-eth3,up,32884655478975,netem,26477312,19732,0,0,0,0,0,25518742,4089,0,25454886,4239,0
410,32884673790669,32884675662900,20006653,sA-eth3,up,32884675464288,netem,26477312,19732,0,0,0,0,0,25518742,4089,0,25454886,4239,0
411,32884693790071,32884695606521,19999402,sA-eth3,up,32884695398309,netem,26477312,19732,0,0,0,0,0,25518742,4089,0,25454886,4239,0
412,32884713793944,32884715862817,20003873,sA-eth3,up,32884715588604,netem,26477312,19732,0,0,0,0,0,25518742,4089,0,25454886,4239,0
413,32884733806377,32884735718067,20012433,sA-eth3,up,32884735536505,netem,26477312,19732,0,0,0,0,0,25518742,4089,0,25454886,4239,0
414,32884753782668,32884755833731,19976291,sA-eth3,up,32884755654349,netem,26537962,19773,0,0,0,22710,2,25518940,4092,0,25513160,4244,0
415,32884773785851,32884775674952,20003183,sA-eth3,up,32884775503240,netem,26780202,19933,0,0,0,30280,2,25519534,4101,0,25746028,4262,0
416,32884793782603,32884796075898,19996752,sA-eth3,up,32884795884986,netem,26816538,19957,0,0,0,0,0,25519534,4101,0,25780978,4265,0
417,32884813786235,32884815631185,20003632,sA-eth3,up,32884815446763,netem,26816616,19958,0,0,0,0,0,25526906,4103,0,25781056,4266,0
418,32884833799857,32884835690749,20013622,sA-eth3,up,32884835512996,netem,26817360,19968,0,0,0,0,0,25589830,4113,0,25781800,4276,0
419,32884853799660,32884855700631,19999803,sA-eth3,up,32884855503659,netem,26818130,19979,0,0,0,0,0,25677436,4124,0,25782570,4287,0
420,32884873787252,32884875614042,19987592,sA-eth3,up,32884875428001,netem,26818808,19988,0,0,0,0,0,25743124,4132,0,25783248,4296,0
421,32884893789755,32884895651855,20002503,sA-eth3,up,32884895470043,netem,26819450,19997,0,0,0,66,1,25835074,4143,0,25783890,4305,0
422,32884913795277,32884915820150,20005522,sA-eth3,up,32884915622737,netem,26820088,20006,0,0,0,66,1,25913926,4153,0,25784528,4314,0
423,32884933792069,32884935695770,19996792,sA-eth3,up,32884935517238,netem,26820792,20016,0,0,0,66,1,25988368,4162,0,25785232,4324,0
424,32884953793881,32884955668982,20001812,sA-eth3,up,32884955478550,netem,26821356,20024,0,0,0,0,0,26040958,4169,0,25785796,4332,0
425,32884973797984,32884976177951,20004103,sA-eth3,up,32884975988448,netem,26822088,20034,0,0,0,0,0,26119810,4179,0,25786528,4342,0
426,32884993789306,32884995849439,19991322,sA-eth3,up,32884995671617,netem,26822980,20046,0,0,0,0,0,26204520,4190,0,25787420,4354,0
427,32885013787918,32885015846462,19998612,sA-eth3,up,32885015674829,netem,26925144,20122,0,0,0,51562,4,26288190,4207,0,25900388,4374,0
428,32885033791370,32885035710192,20003452,sA-eth3,up,32885035543520,netem,27183766,20307,0,0,0,50160,6,26392846,4235,0,26134412,4406,0
429,32885053789443,32885055898997,19998073,sA-eth3,up,32885055719894,netem,27422302,20475,0,0,0,85128,10,26481376,4260,0,26379722,4435,0
430,32885073810735,32885075930599,20021292,sA-eth3,up,32885075737677,netem,27676218,20655,0,0,0,88070,9,26556808,4284,0,26620908,4466,0
431,32885093791068,32885095789270,19980333,sA-eth3,up,32885095612658,netem,27935748,20834,0,0,0,98932,13,26617892,4310,0,26857222,4491,0
432,32885113789590,32885115690691,19998522,sA-eth3,up,32885115524869,netem,28174280,21002,0,0,0,122934,12,26671208,4328,0,27102520,4520,0
433,32885133788522,32885135730764,19998932,sA-eth3,up,32885135563012,netem,28430758,21179,0,0,0,101594,9,26720180,4346,0,27332894,4543,0
434,32885153793664,32885155766366,20005142,sA-eth3,up,32885155590295,netem,28684892,21356,0,0,0,172,2,26766256,4364,0,27577148,4570,0
435,32885173784107,32885176034272,19990443,sA-eth3,up,32885175852210,netem,28685586,21365,0,0,0,86,1,26824836,4374,0,27577756,4578,0
436,32885193792980,32885195618840,20008873,sA-eth3,up,32885195433357,netem,28686354,21375,0,0,0,78,1,26897896,4384,0,27578524,4588,0
437,32885213794201,32885215755783,20001221,sA-eth3,up,32885215584522,netem,28687098,21385,0,0,0,78,1,26970956,4394,0,27579346,4599,0
438,32885233788364,32885235715106,19994163,sA-eth3,up,32885235543913,netem,28687830,21395,0,0,0,0,0,27036710,4403,0,27580000,4608,0
439,32885253791776,32885255708698,20003412,sA-eth3,up,32885255534666,netem,28688504,21404,0,0,0,0,0,27102464,4412,0,27580674,4617,0
440,32885273787709,32885275611858,19995933,sA-eth3,up,32885275435437,netem,28689224,21414,0,0,0,0,0,27168218,4421,0,27581394,4627,0
441,32885293788240,32885295573751,20000531,sA-eth3,up,32885295391989,netem,28689622,21419,0,0,0,0,0,27219360,4428,0,27581792,4632,0
442,32885313788513,32885315619554,20000273,sA-eth3,up,32885315439362,netem,28690276,21428,0,0,0,0,0,27270502,4435,0,27582446,4641,0
443,32885333791156,32885336050120,20002643,sA-eth3,up,32885335856858,netem,28690794,21435,0,0,0,0,0,27328950,4443,0,27582964,4648,0
444,32885353784158,32885355957441,19993002,sA-eth3,up,32885355787580,netem,28691568,21446,0,0,0,66,1,27409316,4454,0,27583738,4659,0
445,32885374551249,32885377066797,20767091,sA-eth3,up,32885376814714,netem,28692156,21454,0,0,0,0,0,27475070,4463,0,27584326,4667,0
446,32885393797142,32885395741444,19245893,sA-eth3,up,32885395518981,netem,28692864,21464,0,0,0,66,1,27548130,4473,0,27585100,4678,0
447,32885413798825,32885415745126,20001683,sA-eth3,up,32885415550794,netem,28693436,21472,0,0,0,0,0,27621190,4483,0,27585606,4685,0
448,32885433804667,32885435731549,20005842,sA-eth3,up,32885435506796,netem,28693436,21472,0,0,0,0,0,27621190,4483,0,27585606,4685,0
449,32885453796370,32885455637800,19991703,sA-eth3,up,32885455443287,netem,28693502,21473,0,0,0,0,0,27628496,4484,0,27585672,4686,0
450,32885473786682,32885476115607,19990312,sA-eth3,up,32885475915805,netem,28694246,21483,0,0,0,78,1,27704518,4495,0,27586416,4696,0
451,32885493804494,32885495923618,20017812,sA-eth3,up,32885495723756,netem,28695170,21495,0,0,0,66,1,27774814,4507,0,27587406,4709,0
452,32885513791716,32885515784718,19987222,sA-eth3,up,32885515603586,netem,28695922,21505,0,0,0,0,0,27844912,4516,0,27588092,4718,0
453,32885533808949,32885535669100,20017233,sA-eth3,up,32885535488908,netem,28696432,21512,0,0,0,78,1,27897568,4524,0,27588602,4725,0
454,32885553799411,32885555664982,19990462,sA-eth3,up,32885555487999,netem,28697040,21520,0,0,0,0,0,27942918,4531,0,27589210,4733,0
455,32885573790683,32885575666214,19991272,sA-eth3,up,32885575486692,netem,28697562,21527,0,0,0,0,0,27994060,4538,0,27589732,4740,0
456,32885593790105,32885595735447,19999422,sA-eth3,up,32885595553085,netem,28698060,21534,0,0,0,78,1,28045202,4545,0,27590230,4747,0
457,32885613777638,32885615602068,19987533,sA-eth3,up,32885615413256,netem,28698138,21535,0,0,0,0,0,28045202,4545,0,27590308,4748,0
458,32885633788480,32885635806833,20010842,sA-eth3,up,32885635630001,netem,28698138,21535,0,0,0,0,0,28045202,4545,0,27590308,4748,0
459,32885653799673,32885655910536,20011193,sA-eth3,up,32885655662923,netem,28698138,21535,0,0,0,0,0,28045202,4545,0,27590308,4748,0
460,32885673789055,32885675791517,19989382,sA-eth3,up,32885675608015,netem,28698138,21535,0,0,0,0,0,28045202,4545,0,27590308,4748,0
461,32885693803537,32885695791669,20014482,sA-eth3,up,32885695609448,netem,28698138,21535,0,0,0,0,0,28045202,4545,0,27590308,4748,0
462,32885713797140,32885716251127,19993603,sA-eth3,up,32885716064634,netem,28698138,21535,0,0,0,0,0,28045202,4545,0,27590308,4748,0
463,32885733797112,32885735724664,19999972,sA-eth3,up,32885735547041,netem,28698138,21535,0,0,0,0,0,28045202,4545,0,27590308,4748,0
464,32885753799915,32885755723745,20002803,sA-eth3,up,32885755546754,netem,28698138,21535,0,0,0,0,0,28045202,4545,0,27590308,4748,0
465,32885773795876,32885776157893,19995961,sA-eth3,up,32885775949010,netem,28816320,21614,0,0,0,34822,3,28045532,4550,0,27719864,4758,0
466,32885793813299,32885795908833,20017423,sA-eth3,up,32885795685460,netem,29072186,21783,0,0,0,33308,2,28046324,4562,0,27949770,4775,0
467,32885813791661,32885815677272,19978362,sA-eth3,up,32885815496920,netem,29314426,21943,0,0,0,43906,3,28047248,4576,0,28195670,4793,0
468,32885833795944,32885836342642,20004283,sA-eth3,up,32885836156529,netem,29580890,22119,0,0,0,34822,3,28048172,4590,0,28438674,4811,0
469,32885853786315,32885856073132,19990371,sA-eth3,up,32885855879769,netem,29820102,22277,0,0,0,51476,3,28049096,4604,0,28683192,4830,0
470,32885873792718,32885875971783,20006403,sA-eth3,up,32885875802830,netem,30077482,22447,0,0,0,30280,2,28049756,4614,0,28916060,4848,0
471,32885893807960,32885895801453,20015242,sA-eth3,up,32885895628430,netem,30327292,22612,0,0,0,22710,2,28050680,4628,0,29156168,4866,0
472,32885913797413,32885915662423,19989453,sA-eth3,up,32885915483942,netem,30569532,22772,0,0,0,30280,2,28051670,4643,0,29389036,4884,0
473,32885933792445,32885936049181,19995032,sA-eth3,up,32885935851788,netem,30826912,22942,0,0,0,30280,2,28052594,4657,0,29636450,4903,0
474,32885953788947,32885956035832,19996502,sA-eth3,up,32885955838911,netem,30891014,22985,0,0,0,0,0,28052924,4662,0,29698044,4908,0
475,32885973785409,32885975759412,19996462,sA-eth3,up,32885975589899,netem,30891014,22985,0,0,0,0,0,28052924,4662,0,29698044,4908,0
476,32885993796722,32885995783294,20011313,sA-eth3,up,32885995608472,netem,30891014,22985,0,0,0,0,0,28052924,4662,0,29698044,4908,0
477,32886013794395,32886015803817,19997673,sA-eth3,up,32886015636124,netem,30891014,22985,0,0,0,0,0,28052924,4662,0,29698044,4908,0
478,32886033790267,32886035720188,19995872,sA-eth3,up,32886035551137,netem,30891014,22985,0,0,0,0,0,28052924,4662,0,29698044,4908,0
479,32886053796849,32886055714090,20006582,sA-eth3,up,32886055541668,netem,30891014,22985,0,0,0,0,0,28052924,4662,0,29698044,4908,0
480,32886073804022,32886076112827,20007173,sA-eth3,up,32886075918315,netem,30891014,22985,0,0,0,0,0,28052924,4662,0,29698044,4908,0
481,32886093794424,32886095745066,19990402,sA-eth3,up,32886095577413,netem,30891014,22985,0,0,0,0,0,28052924,4662,0,29698044,4908,0
482,32886113789826,32886115918949,19995402,sA-eth3,up,32886115755138,netem,30891014,22985,0,0,0,0,0,28052924,4662,0,29698044,4908,0
483,32886133782619,32886135880552,19992793,sA-eth3,up,32886135716849,netem,30891014,22985,0,0,0,0,0,28052924,4662,0,29698044,4908,0
484,32886153792511,32886156082977,20009892,sA-eth3,up,32886155890504,netem,30891014,22985,0,0,0,0,0,28052924,4662,0,29698044,4908,0
485,32886173802203,32886176166700,20009692,sA-eth3,up,32886175966207,netem,30891014,22985,0,0,0,0,0,28052924,4662,0,29698044,4908,0
486,32886193794815,32886196033230,19992612,sA-eth3,up,32886195835458,netem,30891014,22985,0,0,0,0,0,28052924,4662,0,29698044,4908,0
487,32886213793558,32886216091813,19998743,sA-eth3,up,32886215894821,netem,30891014,22985,0,0,0,0,0,28052924,4662,0,29698044,4908,0
488,32886233808950,32886236229507,20015392,sA-eth3,up,32886236036455,netem,30891014,22985,0,0,0,0,0,28052924,4662,0,29698044,4908,0
489,32886253798992,32886255690503,19990042,sA-eth3,up,32886255518291,netem,30891014,22985,0,0,0,0,0,28052924,4662,0,29698044,4908,0
490,32886273796265,32886275621036,19997273,sA-eth3,up,32886275439893,netem,30891014,22985,0,0,0,0,0,28052924,4662,0,29698044,4908,0
491,32886293793617,32886295597237,19997352,sA-eth3,up,32886295421146,netem,30891014,22985,0,0,0,0,0,28052924,4662,0,29698044,4908,0
492,32886313791930,32886316104235,19998313,sA-eth3,up,32886315886523,netem,30891014,22985,0,0,0,0,0,28052924,4662,0,29698044,4908,0
493,32886333800622,32886335788994,20008692,sA-eth3,up,32886335597662,netem,30891014,22985,0,0,0,0,0,28052924,4662,0,29698044,4908,0
494,32886353795874,32886355646735,19995252,sA-eth3,up,32886355470582,netem,30891014,22985,0,0,0,0,0,28052924,4662,0,29698044,4908,0
495,32886373795296,32886375671628,19999422,sA-eth3,up,32886375478065,netem,30891014,22985,0,0,0,0,0,28052924,4662,0,29698044,4908,0
496,32886393808769,32886396378337,20013473,sA-eth3,up,32886396181515,netem,30891014,22985,0,0,0,0,0,28052924,4662,0,29698044,4908,0
497,32886413804522,32886416172887,19995753,sA-eth3,up,32886415965946,netem,30891014,22985,0,0,0,0,0,28052924,4662,0,29698044,4908,0
498,32886433798864,32886435691624,19994342,sA-eth3,up,32886435516132,netem,30891014,22985,0,0,0,0,0,28052924,4662,0,29698044,4908,0
499,32886453793015,32886455636516,19994151,sA-eth3,up,32886455465694,netem,30891014,22985,0,0,0,0,0,28052924,4662,0,29698044,4908,0
500,32886473793838,32886475623399,20000823,sA-eth3,up,32886475446687,netem,30891014,22985,0,0,0,0,0,28052924,4662,0,29698044,4908,0
501,32886493798830,32886496165487,20004992,sA-eth3,up,32886495966445,netem,30891014,22985,0,0,0,0,0,28052924,4662,0,29698044,4908,0
502,32886513795093,32886515735775,19996263,sA-eth3,up,32886515565352,netem,30891014,22985,0,0,0,0,0,28052924,4662,0,29698044,4908,0
503,32886533788416,32886535926359,19993323,sA-eth3,up,32886535763088,netem,30891014,22985,0,0,0,0,0,28052924,4662,0,29698044,4908,0
504,32886553790017,32886555602008,20001601,sA-eth3,up,32886555424066,netem,30891014,22985,0,0,0,0,0,28052924,4662,0,29698044,4908,0
505,32886573794500,32886576128706,20004483,sA-eth3,up,32886575935464,netem,30891014,22985,0,0,0,0,0,28052924,4662,0,29698044,4908,0
506,32886593789672,32886595812644,19995172,sA-eth3,up,32886595643583,netem,30891014,22985,0,0,0,0,0,28052924,4662,0,29698044,4908,0
507,32886613790875,32886616133000,20001203,sA-eth3,up,32886615941078,netem,30891014,22985,0,0,0,0,0,28052924,4662,0,29698044,4908,0
508,32886633794247,32886635733519,20003372,sA-eth3,up,32886635552317,netem,30891014,22985,0,0,0,0,0,28052924,4662,0,29698044,4908,0
509,32886653809740,32886655775212,20015493,sA-eth3,up,32886655589450,netem,30891014,22985,0,0,0,0,0,28052924,4662,0,29698044,4908,0
510,32886673799591,32886675708043,19989851,sA-eth3,up,32886675523081,netem,30891014,22985,0,0,0,0,0,28052924,4662,0,29698044,4908,0
511,32886693790524,32886696143421,19990933,sA-eth3,up,32886695950928,netem,30891014,22985,0,0,0,0,0,28052924,4662,0,29698044,4908,0
512,32886713793306,32886715827849,20002782,sA-eth3,up,32886715656427,netem,30891014,22985,0,0,0,0,0,28052924,4662,0,29698044,4908,0
513,32886733790559,32886735879051,19997253,sA-eth3,up,32886735712420,netem,30891014,22985,0,0,0,0,0,28052924,4662,0,29698044,4908,0
514,32886753792521,32886755842354,20001962,sA-eth3,up,32886755670002,netem,30891014,22985,0,0,0,0,0,28052924,4662,0,29698044,4908,0
515,32886773791053,32886776096329,19998532,sA-eth3,up,32886775906587,netem,30891014,22985,0,0,0,0,0,28052924,4662,0,29698044,4908,0
516,32886793787906,32886795947490,19996853,sA-eth3,up,32886795783168,netem,30891014,22985,0,0,0,0,0,28052924,4662,0,29698044,4908,0
517,32886813782018,32886815534817,19994112,sA-eth3,up,32886815364525,netem,30891014,22985,0,0,0,0,0,28052924,4662,0,29698044,4908,0
518,32886833789681,32886836231558,20007663,sA-eth3,up,32886836060416,netem,30891014,22985,0,0,0,0,0,28052924,4662,0,29698044,4908,0
519,32886853787043,32886855703084,19997362,sA-eth3,up,32886855541292,netem,30891014,22985,0,0,0,0,0,28052924,4662,0,29698044,4908,0
520,32886873783064,32886875948379,19996021,sA-eth3,up,32886875753966,netem,30891014,22985,0,0,0,0,0,28052924,4662,0,29698044,4908,0
521,32886893796897,32886895703339,20013833,sA-eth3,up,32886895525616,netem,30891014,22985,0,0,0,0,0,28052924,4662,0,29698044,4908,0
522,32886913797460,32886916118575,20000563,sA-eth3,up,32886915905083,netem,30891014,22985,0,0,0,0,0,28052924,4662,0,29698044,4908,0
523,32886933799292,32886935702143,20001832,sA-eth3,up,32886935513381,netem,30891014,22985,0,0,0,0,0,28052924,4662,0,29698044,4908,0
524,32886953788625,32886955595195,19989333,sA-eth3,up,32886955412052,netem,30891014,22985,0,0,0,0,0,28052924,4662,0,29698044,4908,0
525,32886973790626,32886975654768,20002001,sA-eth3,up,32886975486455,netem,30891014,22985,0,0,0,0,0,28052924,4662,0,29698044,4908,0
526,32886993787259,32886996144495,19996633,sA-eth3,up,32886995940183,netem,30891014,22985,0,0,0,0,0,28052924,4662,0,29698044,4908,0
527,32887013793481,32887015744823,20006222,sA-eth3,up,32887015574441,netem,30891014,22985,0,0,0,0,0,28052924,4662,0,29698044,4908,0
528,32887033783294,32887036091219,19989813,sA-eth3,up,32887035902457,netem,30891014,22985,0,0,0,0,0,28052924,4662,0,29698044,4908,0
529,32887053790956,32887055640617,20007662,sA-eth3,up,32887055468624,netem,30891014,22985,0,0,0,0,0,28052924,4662,0,29698044,4908,0
530,32887073792158,32887075613919,20001202,sA-eth3,up,32887075435057,netem,30891014,22985,0,0,0,0,0,28052924,4662,0,29698044,4908,0
531,32887093798041,32887096358159,20005883,sA-eth3,up,32887096166697,netem,30891092,22986,0,0,0,0,0,28057400,4664,0,29698122,4909,0
532,32887113793883,32887116138209,19995842,sA-eth3,up,32887115923726,netem,30891524,22992,0,0,0,0,0,28069314,4669,0,29698554,4915,0
533,32887133791926,32887135655906,19998043,sA-eth3,up,32887135450064,netem,30892076,23000,0,0,0,0,0,28098934,4679,0,29699106,4923,0
534,32887153797977,32887155766769,20006051,sA-eth3,up,32887155586978,netem,30892550,23007,0,0,0,0,0,28113744,4684,0,29699580,4930,0
535,32887173797490,32887175686731,19999513,sA-eth3,up,32887175506379,netem,30892970,23013,0,0,0,0,0,28131516,4690,0,29700000,4936,0
536,32887193785072,32887195659433,19987582,sA-eth3,up,32887195491781,netem,30892970,23013,0,0,0,0,0,28131516,4690,0,29700000,4936,0
537,32887213785345,32887215636755,20000273,sA-eth3,up,32887215463243,netem,30892970,23013,0,0,0,0,0,28131516,4690,0,29700000,4936,0
538,32887233782306,32887235640877,19996961,sA-eth3,up,32887235471095,netem,30892970,23013,0,0,0,0,0,28131516,4690,0,29700000,4936,0
539,32887253788259,32887255693790,20005953,sA-eth3,up,32887255523388,netem,30892970,23013,0,0,0,0,0,28131516,4690,0,29700000,4936,0
540,32887273791301,32887276072806,20003042,sA-eth3,up,32887275888475,netem,30892970,23013,0,0,0,0,0,28131516,4690,0,29700000,4936,0
541,32887293789964,32887295565444,19998663,sA-eth3,up,32887295392961,netem,30892970,23013,0,0,0,0,0,28131516,4690,0,29700000,4936,0
542,32887313813356,32887316159972,20023392,sA-eth3,up,32887315958561,netem,30892970,23013,0,0,0,0,0,28131516,4690,0,29700000,4936,0
543,32887333791798,32887335676679,19978442,sA-eth3,up,32887335492407,netem,30892970,23013,0,0,0,0,0,28131516,4690,0,29700000,4936,0
544,32887353795101,32887355670622,20003303,sA-eth3,up,32887355500209,netem,30892970,23013,0,0,0,0,0,28131516,4690,0,29700000,4936,0
545,32887373792063,32887375617383,19996962,sA-eth3,up,32887375421591,netem,30892970,23013,0,0,0,0,0,28131516,4690,0,29700000,4936,0
546,32887393787595,32887395647246,19995532,sA-eth3,up,32887395476155,netem,30893444,23020,0,0,0,66,1,28185686,4699,0,29700474,4943,0
547,32887413797878,32887415779930,20010283,sA-eth3,up,32887415595488,netem,30894074,23029,0,0,0,0,0,28244134,4707,0,29701104,4952,0
548,32887433798760,32887435848273,20000882,sA-eth3,up,32887435662991,netem,30894704,23038,0,0,0,0,0,28309888,4716,0,29701734,4961,0
549,32887453790412,32887455802164,19991652,sA-eth3,up,32887455622672,netem,30895268,23046,0,0,0,66,1,28375642,4725,0,29702364,4970,0
550,32887473790515,32887475788227,20000103,sA-eth3,up,32887475609455,netem,30895766,23053,0,0,0,0,0,28419478,4731,0,29702796,4976,0
551,32887493785267,32887495777009,19994752,sA-eth3,up,32887495599927,netem,30896354,23061,0,0,0,0,0,28477926,4739,0,29703384,4984,0
552,32887513796069,32887515823142,20010802,sA-eth3,up,32887515627420,netem,30896872,23068,0,0,0,0,0,28529068,4746,0,29703902,4991,0
553,32887533783261,32887535822383,19987192,sA-eth3,up,32887535651852,netem,30897460,23076,0,0,0,0,0,28587516,4754,0,29704490,4999,0
554,32887553791024,32887556038229,20007763,sA-eth3,up,32887555833386,netem,30898024,23084,0,0,0,0,0,28645964,4762,0,29705054,5007,0
555,32887573799346,32887575637757,20008322,sA-eth3,up,32887575462585,netem,30898180,23086,0,0,0,0,0,28653270,4763,0,29705210,5009,0
556,32887593796339,32887595643179,19996993,sA-eth3,up,32887595468677,netem,30898180,23086,0,0,0,0,0,28653270,4763,0,29705210,5009,0
557,32887613794110,32887615634911,19997771,sA-eth3,up,32887615443159,netem,30898180,23086,0,0,0,0,0,28653270,4763,0,29705210,5009,0
558,32887633791453,32887635604774,19997343,sA-eth3,up,32887635422302,netem,30898180,23086,0,0,0,0,0,28653270,4763,0,29705210,5009,0
559,32887653794596,32887655599495,20003143,sA-eth3,up,32887655402824,netem,30898180,23086,0,0,0,0,0,28653270,4763,0,29705210,5009,0
560,32887673799688,32887675649778,20005092,sA-eth3,up,32887675475137,netem,30898180,23086,0,0,0,0,0,28653270,4763,0,29705210,5009,0
561,32887693807100,32887695682191,20007412,sA-eth3,up,32887695478079,netem,30898180,23086,0,0,0,0,0,28653270,4763,0,29705210,5009,0
562,32887713794603,32887716146089,19987503,sA-eth3,up,32887715951637,netem,30898180,23086,0,0,0,0,0,28653270,4763,0,29705210,5009,0
563,32887733798184,32887736149641,20003581,sA-eth3,up,32887735944659,netem,30898180,23086,0,0,0,0,0,28653270,4763,0,29705210,5009,0
564,32887753797127,32887755667468,19998943,sA-eth3,up,32887755493196,netem,30898180,23086,0,0,0,0,0,28653270,4763,0,29705210,5009,0
565,32887773803120,32887775976864,20005993,sA-eth3,up,32887775801062,netem,30898258,23087,0,0,0,0,0,28660642,4765,0,29705288,5010,0
566,32887793793891,32887796031447,19990771,sA-eth3,up,32887795842594,netem,30898402,23089,0,0,0,0,0,28665052,4766,0,29705432,5012,0
567,32887813790204,32887815594785,19996313,sA-eth3,up,32887815412622,netem,30898402,23089,0,0,0,0,0,28665052,4766,0,29705432,5012,0
568,32887833795276,32887836029221,20005072,sA-eth3,up,32887835839879,netem,30898402,23089,0,0,0,0,0,28665052,4766,0,29705432,5012,0
569,32887853793369,32887855796311,19998093,sA-eth3,up,32887855621299,netem,30898402,23089,0,0,0,0,0,28665052,4766,0,29705432,5012,0
570,32887873786901,32887875642511,19993532,sA-eth3,up,32887875473200,netem,30898402,23089,0,0,0,0,0,28665052,4766,0,29705432,5012,0
571,32887893799574,32887895624414,20012673,sA-eth3,up,32887895444442,netem,30898402,23089,0,0,0,0,0,28665052,4766,0,29705432,5012,0
572,32887913844947,32887916271243,20045373,sA-eth3,up,32887916068182,netem,30898402,23089,0,0,0,0,0,28665052,4766,0,29705432,5012,0
573,32887933804658,32887935989963,19959711,sA-eth3,up,32887935810660,netem,30898402,23089,0,0,0,0,0,28665052,4766,0,29705432,5012,0
574,32887953793950,32887955586580,19989292,sA-eth3,up,32887955405509,netem,30898402,23089,0,0,0,0,0,28665052,4766,0,29705432,5012,0
575,32887973793112,32887975557022,19999162,sA-eth3,up,32887975380280,netem,30898402,23089,0,0,0,0,0,28665052,4766,0,29705432,5012,0
576,32887993795976,32887995584405,20002864,sA-eth3,up,32887995399583,netem,30898402,23089,0,0,0,0,0,28666566,4767,0,29705432,5012,0
577,32888013798677,32888015648068,20002701,sA-eth3,up,32888015464126,netem,30899146,23099,0,0,0,0,0,28701912,4776,0,29706176,5022,0
578,32888033796079,32888035645901,19997402,sA-eth3,up,32888035440069,netem,30900078,23111,0,0,0,66,1,28749106,4789,0,29707108,5034,0
579,32888053797962,32888055610942,20001883,sA-eth3,up,32888055422030,netem,30900706,23119,0,0,0,0,0,28800248,4796,0,29707736,5042,0
580,32888073796515,32888075617175,19998553,sA-eth3,up,32888075429382,netem,30901352,23128,0,0,0,78,1,28880614,4807,0,29708382,5051,0
581,32888093804766,32888095648047,20008251,sA-eth3,up,32888095470725,netem,30901664,23132,0,0,0,0,0,28893778,4809,0,29708694,5055,0
582,32888113794559,32888116214146,19989793,sA-eth3,up,32888116039134,netem,30901664,23132,0,0,0,0,0,28893778,4809,0,29708694,5055,0
583,32888133797951,32888135809253,20003392,sA-eth3,up,32888135605991,netem,30901664,23132,0,0,0,0,0,28893778,4809,0,29708694,5055,0
584,32888153797624,32888155578103,19999673,sA-eth3,up,32888155398441,netem,30901664,23132,0,0,0,0,0,28893778,4809,0,29708694,5055,0
585,32888173796735,32888175606646,19999111,sA-eth3,up,32888175432264,netem,30901664,23132,0,0,0,0,0,28893778,4809,0,29708694,5055,0
586,32888193792498,32888195589849,19995763,sA-eth3,up,32888195418186,netem,30901664,23132,0,0,0,0,0,28893778,4809,0,29708694,5055,0
587,32888213788520,32888215524659,19996022,sA-eth3,up,32888215351678,netem,30901664,23132,0,0,0,0,0,28893778,4809,0,29708694,5055,0
588,32888233789173,32888236077618,20000653,sA-eth3,up,32888235888896,netem,30901664,23132,0,0,0,0,0,28893778,4809,0,29708694,5055,0
589,32888253799746,32888255664856,20010573,sA-eth3,up,32888255489484,netem,30901664,23132,0,0,0,0,0,28893778,4809,0,29708694,5055,0
590,32888273793517,32888275647018,19993771,sA-eth3,up,32888275480106,netem,30901664,23132,0,0,0,0,0,28893778,4809,0,29708694,5055,0
591,32888293787999,32888296177927,19994482,sA-eth3,up,32888295938614,netem,30901742,23133,0,0,0,0,0,28901216,4812,0,29708772,5056,0
592,32888313794622,32888315689114,20006623,sA-eth3,up,32888315517751,netem,30902726,23147,0,0,0,0,0,28959928,4824,0,29709756,5070,0
593,32888333793414,32888335647115,19998792,sA-eth3,up,32888335461872,netem,30903158,23153,0,0,0,0,0,29008306,4833,0,29710188,5076,0
594,32888353790697,32888355783659,19997283,sA-eth3,up,32888355595607,netem,30903974,23165,0,0,0,0,0,29103218,4845,0,29711004,5088,0
595,32888373800489,32888376198696,20009792,sA-eth3,up,32888375998054,netem,30904730,23175,0,0,0,86,1,29215440,4856,0,29711760,5098,0
596,32888393798321,32888395798293,19997832,sA-eth3,up,32888395624041,netem,30905770,23187,0,0,0,0,0,29301730,4869,0,29712800,5110,0
597,32888413791214,32888415749906,19992893,sA-eth3,up,32888415573523,netem,30906632,23198,0,0,0,78,1,29385058,4881,0,29713662,5121,0
598,32888433782276,32888435745567,19991062,sA-eth3,up,32888435575636,netem,30907472,23210,0,0,0,66,1,29472730,4893,0,29714502,5133,0
599,32888453788108,32888455707309,20005832,sA-eth3,up,32888455539907,netem,30908102,23219,0,0,0,0,0,29531178,4901,0,29715132,5142,0
600,32888473786470,32888475667082,19998362,sA-eth3,up,32888475502829,netem,30908574,23225,0,0,0,0,0,29567708,4906,0,29715604,5148,0
601,32888493794923,32888496296641,20008453,sA-eth3,up,32888496090988,netem,30909150,23233,0,0,0,66,1,29648074,4917,0,29716180,5156,0
602,32888513794516,32888516245202,19999593,sA-eth3,up,32888516045300,netem,30909744,23242,0,0,0,0,0,29728440,4928,0,29716774,5165,0
603,32888533794417,32888535718529,19999901,sA-eth3,up,32888535486526,netem,30910208,23248,0,0,0,0,0,29794194,4937,0,29717238,5171,0
604,32888553795289,32888555590389,20000872,sA-eth3,up,32888555405298,netem,30910606,23253,0,0,0,0,0,29838030,4943,0,29717636,5176,0
605,32888573795842,32888575756244,20000553,sA-eth3,up,32888575573912,netem,30911000,23258,0,0,0,0,0,29896478,4951,0,29718030,5181,0
606,32888593804395,32888595811527,20008553,sA-eth3,up,32888595623634,netem,30911570,23265,0,0,0,78,1,29954926,4959,0,29718600,5188,0
607,32888613792016,32888616113552,19987621,sA-eth3,up,32888615920700,netem,30912256,23274,0,0,0,0,0,30027986,4969,0,29719286,5197,0
608,32888633790199,32888635575088,19998183,sA-eth3,up,32888635392337,netem,30912478,23277,0,0,0,0,0,30079128,4976,0,29719508,5200,0
609,32888653794561,32888655604771,20004362,sA-eth3,up,32888655427030,netem,30912478,23277,0,0,0,0,0,30079128,4976,0,29719508,5200,0
610,32888673798254,32888675641124,20003693,sA-eth3,up,32888675450992,netem,30912544,23278,0,0,0,0,0,30079128,4976,0,29719574,5201,0
611,32888693793096,32888696064861,19994842,sA-eth3,up,32888695877659,netem,30913028,23284,0,0,0,0,0,30144882,4985,0,29720058,5207,0
612,32888713789248,32888715556127,19996152,sA-eth3,up,32888715379476,netem,30913562,23291,0,0,0,66,1,30210636,4994,0,29720592,5214,0
613,32888733793980,32888735923625,20004732,sA-eth3,up,32888735732222,netem,30914306,23301,0,0,0,78,1,30283828,5006,0,29721414,5225,0
614,32888753796163,32888755900186,20002183,sA-eth3,up,32888755693574,netem,30915178,23313,0,0,0,172,2,30361364,5018,0,29722208,5236,0
615,32888773800316,32888775783778,20004153,sA-eth3,up,32888775600875,netem,30916092,23324,0,0,0,0,0,30418430,5028,0,29723122,5247,0
616,32888793794547,32888795829170,19994231,sA-eth3,up,32888795636008,netem,30916668,23332,0,0,0,78,1,30473982,5035,0,29723698,5255,0
617,32888813796360,32888815805302,20001813,sA-eth3,up,32888815613720,netem,30916956,23336,0,0,0,0,0,30495900,5038,0,29723986,5259,0
618,32888833794012,32888835929866,19997652,sA-eth3,up,32888835674204,netem,30916956,23336,0,0,0,0,0,30495900,5038,0,29723986,5259,0
619,32888853791295,32888856209451,19997283,sA-eth3,up,32888856027830,netem,30916956,23336,0,0,0,0,0,30495900,5038,0,29723986,5259,0
620,32888873785726,32888875705088,19994431,sA-eth3,up,32888875526536,netem,30916956,23336,0,0,0,0,0,30495900,5038,0,29723986,5259,0
621,32888893786909,32888895864462,20001183,sA-eth3,up,32888895608750,netem,30917026,23337,0,0,0,0,0,30495900,5038,0,29724056,5260,0
622,32888913791531,32888915724283,20004622,sA-eth3,up,32888915548651,netem,30917026,23337,0,0,0,0,0,30495900,5038,0,29724056,5260,0
623,32888933787544,32888935752756,19996013,sA-eth3,up,32888935574083,netem,30917026,23337,0,0,0,0,0,30495900,5038,0,29724056,5260,0
624,32888953784126,32888955680597,19996582,sA-eth3,up,32888955510795,netem,30917026,23337,0,0,0,0,0,30495900,5038,0,29724056,5260,0
625,32888973789058,32888976101554,20004932,sA-eth3,up,32888975900612,netem,30917026,23337,0,0,0,0,0,30495900,5038,0,29724056,5260,0
626,32888993789281,32888995657731,20000223,sA-eth3,up,32888995488729,netem,30917026,23337,0,0,0,0,0,30495900,5038,0,29724056,5260,0
627,32889013797583,32889015687794,20008302,sA-eth3,up,32889015513342,netem,30917026,23337,0,0,0,0,0,30495900,5038,0,29724056,5260,0
628,32889033786995,32889035991570,19989412,sA-eth3,up,32889035821728,netem,30932334,23349,0,0,0,30280,2,30497480,5040,0,29738770,5263,0
629,32889053785388,32889055577077,19998393,sA-eth3,up,32889055395855,netem,31023174,23409,0,0,0,0,0,30498338,5053,0,29826706,5279,0
630,32889073784039,32889075953024,19998651,sA-eth3,up,32889075784221,netem,31054968,23430,0,0,0,6056,2,30499064,5064,0,29857840,5290,0
631,32889093797782,32889095736464,20013743,sA-eth3,up,32889095567511,netem,31070108,23440,0,0,0,3028,1,30499328,5068,0,29872716,5296,0
632,32889113797154,32889115792287,19999372,sA-eth3,up,32889115622645,netem,31085248,23450,0,0,0,1514,1,30499460,5070,0,29887526,5301,0
633,32889133796597,32889135738709,19999443,sA-eth3,up,32889135565867,netem,31086762,23451,0,0,0,0,0,30499460,5070,0,29889040,5302,0
634,32889153792589,32889155673990,19995992,sA-eth3,up,32889155508728,netem,31086762,23451,0,0,0,0,0,30499460,5070,0,29889040,5302,0
635,32889173786761,32889175761913,19994172,sA-eth3,up,32889175586751,netem,31086762,23451,0,0,0,0,0,30499460,5070,0,29889040,5302,0
636,32889193790514,32889195713435,20003753,sA-eth3,up,32889195542183,netem,31086762,23451,0,0,0,0,0,30499460,5070,0,29889040,5302,0
637,32889213794216,32889215629436,20003702,sA-eth3,up,32889215464934,netem,31086762,23451,0,0,0,0,0,30499460,5070,0,29889040,5302,0
638,32889233787289,32889236082564,19993073,sA-eth3,up,32889235885401,netem,31086762,23451,0,0,0,0,0,30499460,5070,0,29889040,5302,0
639,32889253790570,32889255847914,20003281,sA-eth3,up,32889255669442,netem,31087074,23455,0,0,0,0,0,30521576,5076,0,29889352,5306,0
640,32889273795123,32889275742764,20004553,sA-eth3,up,32889275560173,netem,31088106,23469,0,0,0,66,1,30577458,5089,0,29890384,5320,0
641,32889293785665,32889295754877,19990542,sA-eth3,up,32889295579015,netem,31088628,23476,0,0,0,78,1,30622808,5096,0,29890906,5327,0
642,32889313788548,32889315633688,20002883,sA-eth3,up,32889315463676,netem,31089014,23481,0,0,0,0,0,30652098,5101,0,29891292,5332,0
643,32889333793989,32889336286448,20005441,sA-eth3,up,32889336100176,netem,31177192,23544,0,0,0,24302,3,30696408,5114,0,29987898,5347,0
644,32889353795182,32889356173819,20001193,sA-eth3,up,32889355943496,netem,31395824,23696,0,0,0,36402,4,30748276,5132,0,30186354,5369,0
645,32889373795284,32889375789667,20000102,sA-eth3,up,32889375607814,netem,31649234,23871,0,0,0,30280,2,30800012,5148,0,30429996,5396,0
646,32889393790117,32889395675028,19994833,sA-eth3,up,32889395495476,netem,31891774,24035,0,0,0,36336,2,30837532,5168,0,30663164,5418,0
647,32889413794089,32889416033124,20003972,sA-eth3,up,32889415842252,netem,32146678,24211,0,0,0,51476,4,30889466,5187,0,30908168,5444,0
648,32889433793331,32889435670402,19999242,sA-eth3,up,32889435491630,netem,32389160,24374,0,0,0,62218,7,30919482,5203,0,31141212,5464,0
649,32889453783943,32889455629595,19990612,sA-eth3,up,32889455449962,netem,32642450,24547,0,0,0,66772,6,30963978,5219,0,31384734,5489,0
650,32889473792296,32889475592526,20008353,sA-eth3,up,32889475412194,netem,32894260,24720,0,0,0,87968,8,31022954,5235,0,31626710,5513,0
651,32889493791319,32889495585459,19999023,sA-eth3,up,32889495412356,netem,33117808,24874,0,0,0,0,0,31052904,5250,0,31841546,5535,0
652,32889513800690,32889515767952,20009371,sA-eth3,up,32889515583081,netem,33118568,24884,0,0,0,66,1,31105692,5260,0,31842306,5545,0
653,32889533793093,32889536155470,19992403,sA-eth3,up,32889535960917,netem,33118876,24888,0,0,0,0,0,31120370,5263,0,31842614,5549,0
654,32889553791925,32889555610735,19998832,sA-eth3,up,32889555432444,netem,33118876,24888,0,0,0,0,0,31120370,5263,0,31842614,5549,0
655,32889573789708,32889575936901,19997783,sA-eth3,up,32889575765490,netem,33118876,24888,0,0,0,0,0,31120370,5263,0,31842614,5549,0
656,32889593787739,32889595649091,19998031,sA-eth3,up,32889595475748,netem,33118876,24888,0,0,0,0,0,31120370,5263,0,31842614,5549,0
657,32889613790572,32889615755554,20002833,sA-eth3,up,32889615574282,netem,33118876,24888,0,0,0,0,0,31120370,5263,0,31842614,5549,0
658,32889633791635,32889635718396,20001063,sA-eth3,up,32889635543094,netem,33118876,24888,0,0,0,0,0,31120370,5263,0,31842614,5549,0
659,32889653783557,32889655584247,19991922,sA-eth3,up,32889655409235,netem,33118876,24888,0,0,0,0,0,31120370,5263,0,31842614,5549,0
660,32889673793419,32889676118665,20009862,sA-eth3,up,32889675921063,netem,33118876,24888,0,0,0,0,0,31120370,5263,0,31842614,5549,0
661,32889693795691,32889696151588,20002272,sA-eth3,up,32889695958566,netem,33118876,24888,0,0,0,0,0,31120370,5263,0,31842614,5549,0
662,32889713789703,32889715901177,19994012,sA-eth3,up,32889715739045,netem,33118876,24888,0,0,0,0,0,31120370,5263,0,31842614,5549,0
663,32889733787676,32889735766178,19997973,sA-eth3,up,32889735588106,netem,33118876,24888,0,0,0,0,0,31120370,5263,0,31842614,5549,0
664,32889753786149,32889756031693,19998473,sA-eth3,up,32889755842041,netem,33119738,24899,0,0,0,0,0,31150122,5275,0,31843476,5560,0
665,32889773791050,32889775909974,20004901,sA-eth3,up,32889775733872,netem,33120764,24912,0,0,0,66,1,31213244,5288,0,31844502,5573,0
666,32889793795753,32889795806805,20004703,sA-eth3,up,32889795642394,netem,33121488,24922,0,0,0,0,0,31280512,5298,0,31845226,5583,0
667,32889813787635,32889815589485,19991882,sA-eth3,up,32889815404362,netem,33122304,24934,0,0,0,0,0,31391352,5310,0,31846042,5595,0
668,32889833796708,32889836137333,20009073,sA-eth3,up,32889835916021,netem,33123268,24946,0,0,0,0,0,31500744,5322,0,31847006,5607,0
669,32889853791660,32889855725211,19994952,sA-eth3,up,32889855542190,netem,33124026,24955,0,0,0,86,1,31580978,5331,0,31847764,5616,0
670,32889873796662,32889875720503,20005002,sA-eth3,up,32889875541691,netem,33124818,24965,0,0,0,86,1,31667136,5342,0,31848642,5627,0
671,32889893797205,32889895665455,20000543,sA-eth3,up,32889895486933,netem,33125666,24977,0,0,0,66,1,31754808,5354,0,31849404,5638,0
672,32889913803427,32889916122962,20006222,sA-eth3,up,32889915867260,netem,33126396,24988,0,0,0,0,0,31811822,5363,0,31850134,5649,0
673,32889933795279,32889935964623,19991852,sA-eth3,up,32889935780872,netem,33126396,24988,0,0,0,0,0,31811822,5363,0,31850134,5649,0
674,32889953795141,32889955794473,19999862,sA-eth3,up,32889955614712,netem,33126396,24988,0,0,0,0,0,31811822,5363,0,31850134,5649,0
675,32889973787624,32889975675065,19992483,sA-eth3,up,32889975474782,netem,33126396,24988,0,0,0,0,0,31811822,5363,0,31850134,5649,0
676,32889993789466,32889995744608,20001842,sA-eth3,up,32889995565836,netem,33126396,24988,0,0,0,0,0,31811822,5363,0,31850134,5649,0
677,32890013799149,32890015751331,20009683,sA-eth3,up,32890015571758,netem,33126396,24988,0,0,0,0,0,31811822,5363,0,31850134,5649,0
678,32890033794160,32890035754462,19995011,sA-eth3,up,32890035574251,netem,33126396,24988,0,0,0,0,0,31811822,5363,0,31850134,5649,0
679,32890053791593,32890055685564,19997433,sA-eth3,up,32890055511092,netem,33126396,24988,0,0,0,0,0,31811822,5363,0,31850134,5649,0
680,32890073772675,32890076080050,19981082,sA-eth3,up,32890075885478,netem,33126396,24988,0,0,0,0,0,31811822,5363,0,31850134,5649,0
681,32890093789537,32890096021383,20016862,sA-eth3,up,32890095782010,netem,33126396,24988,0,0,0,0,0,31819128,5364,0,31850134,5649,0
682,32890113795679,32890115991894,20006142,sA-eth3,up,32890115762271,netem,33127050,24997,0,0,0,0,0,31867530,5373,0,31850788,5658,0
683,32890133789192,32890135975136,19993513,sA-eth3,up,32890135748523,netem,33127836,25008,0,0,0,0,0,31943552,5384,0,31851574,5669,0
684,32890153802364,32890155915848,20013172,sA-eth3,up,32890155721066,netem,33128070,25011,0,0,0,0,0,31958164,5386,0,31851808,5672,0
685,32890173792687,32890175908220,19990323,sA-eth3,up,32890175710909,netem,33128070,25011,0,0,0,0,0,31958164,5386,0,31851808,5672,0
686,32890193798959,32890196027744,20006272,sA-eth3,up,32890195800802,netem,33128070,25011,0,0,0,0,0,31958164,5386,0,31851808,5672,0
687,32890213792841,32890215895545,19993882,sA-eth3,up,32890215701953,netem,33128070,25011,0,0,0,0,0,31958164,5386,0,31851808,5672,0
688,32890233787653,32890235843286,19994812,sA-eth3,up,32890235645765,netem,33128070,25011,0,0,0,0,0,31958164,5386,0,31851808,5672,0
689,32890253791286,32890256215003,20003633,sA-eth3,up,32890256026031,netem,33128070,25011,0,0,0,0,0,31958164,5386,0,31851808,5672,0
690,32890273784368,32890276234266,19993082,sA-eth3,up,32890276038393,netem,33144814,25023,0,0,0,33308,2,31958230,5387,0,31867892,5674,0
691,32890293787960,32890296204847,20003592,sA-eth3,up,32890295931304,netem,33399166,25191,0,0,0,34822,3,31958758,5395,0,32112278,5691,0
692,32890313803843,32890315784905,20015883,sA-eth3,up,32890315577122,netem,33485464,25248,0,0,0,0,0,31958758,5395,0,32195276,5698,0
693,32890333798715,32890335724697,19994872,sA-eth3,up,32890335517264,netem,33497576,25256,0,0,0,16654,1,31958824,5396,0,32206926,5699,0
694,32890353798928,32890355781810,20000213,sA-eth3,up,32890355572218,netem,33723162,25405,0,0,0,51476,4,31958824,5396,0,32439728,5716,0
695,32890373800530,32890375707571,20001602,sA-eth3,up,32890375518760,netem,33791292,25450,0,0,0,0,0,31958824,5396,0,32489224,5720,0
696,32890393788812,32890396462362,19988282,sA-eth3,up,32890396203599,netem,33962374,25563,0,0,0,33308,2,31958890,5397,0,32653706,5733,0
697,32890413800644,32890415986529,20011832,sA-eth3,up,32890415812156,netem,34200072,25720,0,0,0,0,0,31958890,5397,0,32882164,5750,0
698,32890433799517,32890435834359,19998873,sA-eth3,up,32890435651277,netem,34200072,25720,0,0,0,0,0,31958890,5397,0,32882164,5750,0
699,32890453800790,32890456117625,20001273,sA-eth3,up,32890455917133,netem,34251548,25754,0,0,0,33308,2,31958956,5398,0,32931660,5754,0
700,32890473794221,32890475792624,19993431,sA-eth3,up,32890475622522,netem,34489246,25911,0,0,0,51476,4,31958956,5398,0,33177626,5773,0
701,32890493785903,32890495787026,19991682,sA-eth3,up,32890495591843,netem,34745112,26080,0,0,0,51476,4,31959022,5399,0,33406084,5790,0
702,32890513793626,32890515728038,20007723,sA-eth3,up,32890515556665,netem,35000978,26249,0,0,0,68130,5,31959088,5400,0,33652050,5809,0
703,32890533796378,32890535803811,20002752,sA-eth3,up,32890535618718,netem,35247760,26412,0,0,0,73186,5,31959088,5400,0,33897818,5825,0
704,32890553791610,32890555734262,19995232,sA-eth3,up,32890555559251,netem,35320946,26461,0,0,0,0,0,31959154,5401,0,33959346,5829,0
705,32890573794783,32890575754985,20003173,sA-eth3,up,32890575568042,netem,35320946,26461,0,0,0,0,0,31959154,5401,0,33959346,5829,0
706,32890593797165,32890595730607,20002382,sA-eth3,up,32890595549274,netem,35320946,26461,0,0,0,0,0,31959154,5401,0,33959346,5829,0
707,32890613797088,32890615755979,19999923,sA-eth3,up,32890615573977,netem,35320946,26461,0,0,0,0,0,31959154,5401,0,33959346,5829,0
708,32890633801729,32890635702731,20004641,sA-eth3,up,32890635528518,netem,35320946,26461,0,0,0,0,0,31959154,5401,0,33959346,5829,0
709,32890653793022,32890655707034,19991293,sA-eth3,up,32890655512971,netem,35320946,26461,0,0,0,0,0,31959154,5401,0,33959346,5829,0
710,32890673785664,32890676282642,19992642,sA-eth3,up,32890676091940,netem,35320946,26461,0,0,0,0,0,31959154,5401,0,33959346,5829,0
711,32890693793157,32890695956401,20007493,sA-eth3,up,32890695777549,netem,35320946,26461,0,0,0,0,0,31959154,5401,0,33959346,5829,0
712,32890713792859,32890715763661,19999702,sA-eth3,up,32890715573869,netem,35320946,26461,0,0,0,0,0,31959154,5401,0,33959346,5829,0
713,32890733790981,32890736094187,19998122,sA-eth3,up,32890735888495,netem,35320946,26461,0,0,0,0,0,31959154,5401,0,33959346,5829,0
714,32890753794484,32890755883187,20003503,sA-eth3,up,32890755717485,netem,35320946,26461,0,0,0,0,0,31959154,5401,0,33959346,5829,0
715,32890773789886,32890775804548,19995402,sA-eth3,up,32890775634666,netem,35321360,26466,0,0,0,0,0,31978440,5408,0,33959760,5834,0
716,32890793796318,32890796102954,20006432,sA-eth3,up,32890795912541,netem,35321890,26473,0,0,0,0,0,32017998,5415,0,33960290,5841,0
717,32890813789550,32890815863683,19993232,sA-eth3,up,32890815686441,netem,35322664,26484,0,0,0,0,0,32098430,5427,0,33961064,5852,0
718,32890833794002,32890836147059,20004452,sA-eth3,up,32890835963307,netem,35323438,26495,0,0,0,0,0,32178796,5438,0,33961838,5863,0
719,32890853787825,32890855676666,19993823,sA-eth3,up,32890855507714,netem,35323952,26502,0,0,0,156,2,32229938,5445,0,33962430,5871,0
720,32890873794238,32890876140123,20006413,sA-eth3,up,32890875942301,netem,35324626,26511,0,0,0,66,1,32288386,5453,0,33963026,5879,0
721,32890893789790,32890895622760,19995552,sA-eth3,up,32890895445368,netem,35325268,26520,0,0,0,0,0,32354140,5462,0,33963668,5888,0
722,32890913800942,32890915882075,20011152,sA-eth3,up,32890915616613,netem,35325432,26522,0,0,0,0,0,32361446,5463,0,33963832,5890,0
723,32890933801354,32890936129211,20000412,sA-eth3,up,32890935936069,netem,35325572,26524,0,0,0,0,0,32361446,5463,0,33963972,5892,0
724,32890953810517,32890955770389,20009163,sA-eth3,up,32890955591207,netem,35325572,26524,0,0,0,0,0,32361446,5463,0,33963972,5892,0
725,32890973796559,32890975646190,19986042,sA-eth3,up,32890975476567,netem,35325572,26524,0,0,0,0,0,32361446,5463,0,33963972,5892,0
726,32890993798542,32890995660112,20001983,sA-eth3,up,32890995472190,netem,35325572,26524,0,0,0,0,0,32361446,5463,0,33963972,5892,0
727,32891013808904,32891015712565,20010362,sA-eth3,up,32891015534553,netem,35325572,26524,0,0,0,0,0,32361446,5463,0,33963972,5892,0
728,32891033805846,32891035715628,19996942,sA-eth3,up,32891035540755,netem,35325572,26524,0,0,0,0,0,32361446,5463,0,33963972,5892,0
729,32891053805549,32891055680480,19999703,sA-eth3,up,32891055508968,netem,35325572,26524,0,0,0,0,0,32361446,5463,0,33963972,5892,0
730,32891073798211,32891075617881,19992662,sA-eth3,up,32891075439739,netem,35325572,26524,0,0,0,0,0,32361446,5463,0,33963972,5892,0
731,32891093799443,32891095706444,20001232,sA-eth3,up,32891095531092,netem,35325572,26524,0,0,0,0,0,32361446,5463,0,33963972,5892,0
732,32891113815345,32891115776757,20015902,sA-eth3,up,32891115600365,netem,35325572,26524,0,0,0,0,0,32361446,5463,0,33963972,5892,0
733,32891133826028,32891136363076,20010683,sA-eth3,up,32891136175424,netem,35325572,26524,0,0,0,0,0,32361446,5463,0,33963972,5892,0
734,32891153795960,32891158113407,19969932,sA-eth3,up,32891157909425,netem,35325572,26524,0,0,0,0,0,32361446,5463,0,33963972,5892,0
735,32891173799393,32891175661873,20003433,sA-eth3,up,32891175487200,netem,35325572,26524,0,0,0,0,0,32361446,5463,0,33963972,5892,0
736,32891193807784,32891195718476,20008391,sA-eth3,up,32891195538093,netem,35325572,26524,0,0,0,0,0,32361446,5463,0,33963972,5892,0
737,32891213818297,32891216201484,20010513,sA-eth3,up,32891216024531,netem,35325572,26524,0,0,0,0,0,32361446,5463,0,33963972,5892,0
738,32891233797129,32891235683301,19978832,sA-eth3,up,32891235512228,netem,35325572,26524,0,0,0,0,0,32361446,5463,0,33963972,5892,0
739,32891253791182,32891256093057,19994053,sA-eth3,up,32891255907315,netem,35325572,26524,0,0,0,0,0,32361446,5463,0,33963972,5892,0
740,32891273799594,32891276127410,20008412,sA-eth3,up,32891275931317,netem,35325572,26524,0,0,0,0,0,32361446,5463,0,33963972,5892,0
741,32891293798756,32891295869139,19999162,sA-eth3,up,32891295695868,netem,35325572,26524,0,0,0,0,0,32361446,5463,0,33963972,5892,0
742,32891313804799,32891315924202,20006043,sA-eth3,up,32891315752150,netem,35325572,26524,0,0,0,0,0,32361446,5463,0,33963972,5892,0
743,32891333792401,32891335744923,19987602,sA-eth3,up,32891335578300,netem,35325572,26524,0,0,0,0,0,32361446,5463,0,33963972,5892,0
744,32891353793943,32891356071949,20001542,sA-eth3,up,32891355879676,netem,35325572,26524,0,0,0,0,0,32361446,5463,0,33963972,5892,0
745,32891373797306,32891375762348,20003363,sA-eth3,up,32891375576056,netem,35325572,26524,0,0,0,0,0,32361446,5463,0,33963972,5892,0
746,32891393794947,32891395653179,19997641,sA-eth3,up,32891395480606,netem,35325572,26524,0,0,0,0,0,32361446,5463,0,33963972,5892,0
747,32891413790710,32891415666231,19995763,sA-eth3,up,32891415490149,netem,35325572,26524,0,0,0,0,0,32361446,5463,0,33963972,5892,0
748,32891433792343,32891436140839,20001633,sA-eth3,up,32891435935017,netem,35325572,26524,0,0,0,0,0,32361446,5463,0,33963972,5892,0
749,32891453799385,32891455688416,20007042,sA-eth3,up,32891455515165,netem,35325572,26524,0,0,0,0,0,32361446,5463,0,33963972,5892,0
750,32891473793357,32891475970491,19993972,sA-eth3,up,32891475800760,netem,35325572,26524,0,0,0,0,0,32361446,5463,0,33963972,5892,0
751,32891493814300,32891495647620,20020943,sA-eth3,up,32891495475478,netem,35325572,26524,0,0,0,0,0,32361446,5463,0,33963972,5892,0
752,32891513793472,32891515988656,19979172,sA-eth3,up,32891515808564,netem,35325572,26524,0,0,0,0,0,32361446,5463,0,33963972,5892,0
753,32891533791914,32891535714516,19998442,sA-eth3,up,32891535542594,netem,35325658,26525,0,0,0,0,0,32368884,5466,0,33964058,5893,0
754,32891553790057,32891555985211,19998143,sA-eth3,up,32891555812449,netem,35326550,26537,0,0,0,0,0,32427530,5477,0,33964950,5905,0
755,32891573787548,32891576028683,19997491,sA-eth3,up,32891575824051,netem,35327180,26546,0,0,0,0,0,32493350,5487,0,33965580,5914,0
756,32891593797981,32891595930295,20010433,sA-eth3,up,32891595742883,netem,35327884,26556,0,0,0,78,1,32575230,5499,0,33966362,5925,0
757,32891613799324,32891615698335,20001343,sA-eth3,up,32891615515593,netem,35328802,26569,0,0,0,66,1,32660006,5511,0,33967202,5937,0
758,32891633791776,32891635685176,19992452,sA-eth3,up,32891635510955,netem,35329168,26574,0,0,0,0,0,32676132,5514,0,33967568,5942,0
759,32891653788659,32891655609989,19996883,sA-eth3,up,32891655429976,netem,35329168,26574,0,0,0,0,0,32676132,5514,0,33967568,5942,0
760,32891673790130,32891675626071,20001471,sA-eth3,up,32891675447638,netem,35329168,26574,0,0,0,0,0,32676132,5514,0,33967568,5942,0
761,32891693798063,32891695701674,20007933,sA-eth3,up,32891695502581,netem,35329168,26574,0,0,0,0,0,32676132,5514,0,33967568,5942,0
762,32891713797295,32891715835557,19999232,sA-eth3,up,32891715656465,netem,35329168,26574,0,0,0,0,0,32676132,5514,0,33967568,5942,0
763,32891733791618,32891735642358,19994323,sA-eth3,up,32891735468166,netem,35329168,26574,0,0,0,0,0,32676132,5514,0,33967568,5942,0
764,32891753791339,32891755627430,19999721,sA-eth3,up,32891755446028,netem,35329168,26574,0,0,0,0,0,32676132,5514,0,33967568,5942,0
765,32891773795651,32891775646373,20004312,sA-eth3,up,32891775472140,netem,35329168,26574,0,0,0,0,0,32676132,5514,0,33967568,5942,0
766,32891793799694,32891795774496,20004043,sA-eth3,up,32891795599714,netem,35329168,26574,0,0,0,0,0,32676132,5514,0,33967568,5942,0
767,32891813789347,32891816105152,19989653,sA-eth3,up,32891815900420,netem,35329168,26574,0,0,0,0,0,32676132,5514,0,33967568,5942,0
768,32891833796098,32891836182725,20006751,sA-eth3,up,32891835986943,netem,35329168,26574,0,0,0,0,0,32677646,5515,0,33967568,5942,0
769,32891853800901,32891855660042,20004803,sA-eth3,up,32891855488680,netem,35329888,26584,0,0,0,66,1,32726090,5525,0,33968354,5953,0
770,32891873797063,32891875701955,19996162,sA-eth3,up,32891875528022,netem,35330772,26596,0,0,0,78,1,32808036,5538,0,33969172,5964,0
771,32891893794326,32891895643106,19997263,sA-eth3,up,32891895469464,netem,35331416,26604,0,0,0,78,1,32851938,5545,0,33969894,5973,0
772,32891913792709,32891915636388,19998383,sA-eth3,up,32891915428966,netem,35332454,26617,0,0,0,132,2,32908018,5561,0,33970920,5986,0
773,32891933796330,32891936137867,20003621,sA-eth3,up,32891935940274,netem,35333462,26631,0,0,0,66,1,32997204,5574,0,33971862,5999,0
774,32891953792292,32891955733194,19995962,sA-eth3,up,32891955555042,netem,35334218,26641,0,0,0,0,0,33081914,5585,0,33972618,6009,0
775,32891973793925,32891975648565,20001633,sA-eth3,up,32891975479284,netem,35335072,26652,0,0,0,66,1,33152144,5596,0,33973538,6021,0
776,32891993791127,32891995613147,19997202,sA-eth3,up,32891995426725,netem,35336044,26666,0,0,0,0,0,33268842,5609,0,33974444,6034,0
777,32892013793719,32892016115215,20002592,sA-eth3,up,32892015930893,netem,35336740,26676,0,0,0,66,1,33370928,5620,0,33975140,6044,0
778,32892033795432,32892036121068,20001713,sA-eth3,up,32892035928366,netem,35337658,26689,0,0,0,66,1,33486178,5633,0,33976058,6057,0
779,32892053793764,32892055647004,19998332,sA-eth3,up,32892055481913,netem,35338430,26699,0,0,0,78,1,33576680,5644,0,33976830,6067,0
780,32892073784386,32892076077422,19990622,sA-eth3,up,32892075882620,netem,35339370,26711,0,0,0,66,1,33699170,5657,0,33977770,6079,0
781,32892093785258,32892095602059,20000872,sA-eth3,up,32892095429787,netem,35339880,26718,0,0,0,0,0,33737082,5661,0,33978280,6086,0
782,32892113797221,32892115646382,20011963,sA-eth3,up,32892115478600,netem,35339880,26718,0,0,0,0,0,33737082,5661,0,33978280,6086,0
783,32892133833584,32892135999778,20036363,sA-eth3,up,32892135746875,netem,35339880,26718,0,0,0,0,0,33737082,5661,0,33978280,6086,0
784,32892153810916,32892155740987,19977332,sA-eth3,up,32892155545165,netem,35339880,26718,0,0,0,0,0,33737082,5661,0,33978280,6086,0
785,32892173814868,32892175822660,20003952,sA-eth3,up,32892175595327,netem,35339880,26718,0,0,0,0,0,33737082,5661,0,33978280,6086,0
786,32892193817070,32892195733732,20002202,sA-eth3,up,32892195532579,netem,35339880,26718,0,0,0,0,0,33737082,5661,0,33978280,6086,0
787,32892213805862,32892216159379,19988792,sA-eth3,up,32892215954097,netem,35339880,26718,0,0,0,0,0,33737082,5661,0,33978280,6086,0
788,32892233803415,32892236135081,19997553,sA-eth3,up,32892235915458,netem,35339880,26718,0,0,0,0,0,33737082,5661,0,33978280,6086,0
789,32892253808618,32892255760479,20005203,sA-eth3,up,32892255557477,netem,35339880,26718,0,0,0,0,0,33737082,5661,0,33978280,6086,0
790,32892273804869,32892275699790,19996251,sA-eth3,up,32892275504028,netem,35339880,26718,0,0,0,0,0,33737082,5661,0,33978280,6086,0
791,32892293804682,32892295751474,19999813,sA-eth3,up,32892295555231,netem,35339880,26718,0,0,0,0,0,33737082,5661,0,33978280,6086,0
792,32892313783194,32892316115149,19978512,sA-eth3,up,32892315921448,netem,35340312,26724,0,0,0,66,1,33752024,5668,0,33978778,6093,0
793,32892333788276,32892335648907,20005082,sA-eth3,up,32892335479166,netem,35341452,26740,0,0,0,66,1,33837130,5685,0,33979918,6109,0
794,32892353804659,32892355807841,20016383,sA-eth3,up,32892355627629,netem,35341978,26747,0,0,0,0,0,33875174,5691,0,33980378,6115,0
795,32892373800621,32892376256288,19995962,sA-eth3,up,32892376070676,netem,35342650,26757,0,0,0,0,0,33961398,5703,0,33981050,6125,0
796,32892393795343,32892395998338,19994722,sA-eth3,up,32892395822346,netem,35343396,26766,0,0,0,0,0,34035906,5713,0,33981796,6134,0
797,32892413785556,32892415602166,19990213,sA-eth3,up,32892415402633,netem,35344230,26777,0,0,0,0,0,34132266,5725,0,33982630,6145,0
798,32892433790519,32892435654499,20004963,sA-eth3,up,32892435450956,netem,35344842,26785,0,0,0,0,0,34215462,5735,0,33983242,6153,0
799,32892453764520,32892455702731,19974001,sA-eth3,up,32892455476509,netem,35345566,26795,0,0,0,0,0,34281216,5744,0,33983966,6163,0
800,32892473787492,32892475760434,20022972,sA-eth3,up,32892475540032,netem,35346130,26803,0,0,0,66,1,34364412,5754,0,33984596,6172,0
801,32892493807695,32892495717057,20020203,sA-eth3,up,32892495528354,netem,35346878,26813,0,0,0,0,0,34425888,5764,0,33985278,6181,0
802,32892513788128,32892516203663,19980433,sA-eth3,up,32892516034473,netem,35347552,26822,0,0,0,0,0,34487232,5772,0,33985952,6190,0
803,32892533788409,32892535827093,20000281,sA-eth3,up,32892535649780,netem,35348296,26832,0,0,0,78,1,34574838,5783,0,33986696,6200,0
804,32892553786982,32892556055426,19998573,sA-eth3,up,32892555859285,netem,35349196,26844,0,0,0,0,0,34665340,5794,0,33987596,6212,0
805,32892573796694,32892576271931,20009712,sA-eth3,up,32892576086429,netem,35350174,26857,0,0,0,66,1,34750182,5807,0,33988574,6225,0
806,32892593792147,32892596068252,19995453,sA-eth3,up,32892595874289,netem,35351092,26870,0,0,0,0,0,34846674,5821,0,33989492,6238,0
807,32892613797709,32892615928532,20005562,sA-eth3,up,32892615751980,netem,35352076,26884,0,0,0,0,0,34927172,5834,0,33990476,6252,0
808,32892633790601,32892635825813,19992892,sA-eth3,up,32892635634882,netem,35352688,26892,0,0,0,0,0,34978314,5841,0,33991088,6260,0
809,32892653788163,32892655714125,19997562,sA-eth3,up,32892655537042,netem,35353354,26901,0,0,0,78,1,35051374,5851,0,33991754,6269,0
810,32892673784266,32892675839858,19996103,sA-eth3,up,32892675665426,netem,35353962,26909,0,0,0,0,0,35117128,5860,0,33992362,6277,0
811,32892693799078,32892696070503,20014812,sA-eth3,up,32892695862401,netem,35354724,26920,0,0,0,66,1,35197494,5871,0,33993124,6288,0
812,32892713784500,32892715659911,19985422,sA-eth3,up,32892715486769,netem,35355168,26926,0,0,0,78,1,35234024,5876,0,33993568,6294,0
813,32892733785942,32892735902357,20001442,sA-eth3,up,32892735602312,netem,35355796,26934,0,0,0,0,0,35292472,5884,0,33994196,6302,0
814,32892753804685,32892755660955,20018743,sA-eth3,up,32892755482884,netem,35575914,27087,0,0,0,30366,3,35344472,5904,0,34205800,6326,0
815,32892773786077,32892775627767,19981392,sA-eth3,up,32892775439185,netem,35817158,27253,0,0,0,44038,5,35403778,5925,0,34455180,6352,0
816,32892793791149,32892795658350,20005072,sA-eth3,up,32892795484618,netem,36070526,27427,0,0,0,49962,3,35448406,5943,0,34681272,6376,0
817,32892813787342,32892815591951,19996193,sA-eth3,up,32892815413610,netem,36326914,27603,0,0,0,63666,5,35515150,5967,0,34927694,6401,0
818,32892833796844,32892835614004,20009502,sA-eth3,up,32892835421152,netem,36565278,27769,0,0,0,85018,9,35589134,5992,0,35172890,6429,0
819,32892853792437,32892855615426,19995593,sA-eth3,up,32892855429854,netem,36818744,27944,0,0,0,87812,6,35626654,6011,0,35416444,6454,0
820,32892873821619,32892876446888,20029182,sA-eth3,up,32892876256676,netem,37077880,28118,0,0,0,127176,8,35649496,6028,0,35665548,6476,0
821,32892893793911,32892896140737,19972292,sA-eth3,up,32892895938525,netem,37332466,28289,0,0,0,119870,13,35694256,6048,0,35894174,6495,0
822,32892913794883,32892915664314,20000972,sA-eth3,up,32892915488492,netem,37553164,28444,0,0,0,78,1,35746058,6065,0,36106292,6520,0
823,32892933785696,32892936183222,19990813,sA-eth3,up,32892935961380,netem,37553846,28453,0,0,0,0,0,35804506,6073,0,36106974,6529,0
824,32892953789938,32892955770819,20004242,sA-eth3,up,32892955587168,netem,37554924,28462,0,0,0,66,1,35870338,6083,0,36108118,6539,0
825,32892973821890,32892975879704,20031952,sA-eth3,up,32892975694911,netem,37555566,28471,0,0,0,0,0,35927338,6091,0,36108694,6547,0
826,32892993791442,32892995744264,19969552,sA-eth3,up,32892995568282,netem,37556350,28481,0,0,0,0,0,35987366,6101,0,36109478,6557,0
827,32893013792685,32893015747797,20001243,sA-eth3,up,32893015569134,netem,37557040,28490,0,0,0,66,1,36044498,6111,0,36110234,6567,0
828,32893033790588,32893036057453,19997903,sA-eth3,up,32893035813770,netem,37557682,28499,0,0,0,0,0,36097220,6120,0,36110810,6575,0
829,32893053793799,32893055670800,20003211,sA-eth3,up,32893055480568,netem,37558216,28506,0,0,0,0,0,36145598,6129,0,36111344,6582,0
830,32893073790811,32893075661833,19997012,sA-eth3,up,32893075476291,netem,37558828,28514,0,0,0,0,0,36193976,6138,0,36111956,6590,0
831,32893093799334,32893096074119,20008523,sA-eth3,up,32893095873957,netem,37559412,28522,0,0,0,78,1,36240906,6147,0,36112540,6598,0
832,32893113803247,32893115728478,20003913,sA-eth3,up,32893115529446,netem,37560012,28530,0,0,0,78,1,36281978,6155,0,36113140,6606,0
833,32893133821138,32893135864911,20017891,sA-eth3,up,32893135620759,netem,37560616,28538,0,0,0,0,0,36320088,6162,0,36113744,6614,0
834,32893153811061,32893155766313,19989923,sA-eth3,up,32893155531630,netem,37560616,28538,0,0,0,0,0,36320088,6162,0,36113744,6614,0
835,32893173811393,32893175759755,20000332,sA-eth3,up,32893175522523,netem,37560616,28538,0,0,0,0,0,36320088,6162,0,36113744,6614,0
836,32893193814806,32893195768448,20003413,sA-eth3,up,32893195527095,netem,37560616,28538,0,0,0,0,0,36320088,6162,0,36113744,6614,0
837,32893213802527,32893216290106,19987721,sA-eth3,up,32893216071783,netem,37560616,28538,0,0,0,0,0,36320088,6162,0,36113744,6614,0
838,32893233803100,32893235899314,20000573,sA-eth3,up,32893235678131,netem,37560616,28538,0,0,0,0,0,36320088,6162,0,36113744,6614,0
839,32893253798572,32893255867995,19995472,sA-eth3,up,32893255653383,netem,37560616,28538,0,0,0,0,0,36320088,6162,0,36113744,6614,0
840,32893273795305,32893276320803,19996733,sA-eth3,up,32893276134641,netem,37560616,28538,0,0,0,0,0,36320088,6162,0,36113744,6614,0
841,32893293789926,32893295789670,19994621,sA-eth3,up,32893295609437,netem,37560616,28538,0,0,0,0,0,36320088,6162,0,36113744,6614,0
842,32893313789589,32893315958383,19999663,sA-eth3,up,32893315790201,netem,37560616,28538,0,0,0,0,0,36320088,6162,0,36113744,6614,0
843,32893333787851,32893336097376,19998262,sA-eth3,up,32893335900845,netem,37560616,28538,0,0,0,0,0,36320088,6162,0,36113744,6614,0
844,32893353794694,32893355846497,20006843,sA-eth3,up,32893355679394,netem,37560616,28538,0,0,0,0,0,36320088,6162,0,36113744,6614,0
845,32893373806257,32893375915259,20011563,sA-eth3,up,32893375726757,netem,37560616,28538,0,0,0,0,0,36320088,6162,0,36113744,6614,0
846,32893393796898,32893396405778,19990641,sA-eth3,up,32893396223325,netem,37678798,28617,0,0,0,33308,2,36320352,6166,0,36227306,6623,0
847,32893413794661,32893415717812,19997763,sA-eth3,up,32893415534900,netem,37918010,28775,0,0,0,42392,3,36321408,6182,0,36457278,6641,0
848,32893433804563,32893435856986,20009902,sA-eth3,up,32893435652263,netem,38167820,28940,0,0,0,37850,3,36322200,6194,0,36697452,6660,0
849,32893453797866,32893455746267,19993303,sA-eth3,up,32893455567025,netem,38410060,29100,0,0,0,45420,3,36323190,6209,0,36944866,6679,0
850,32893473793337,32893475723039,19995471,sA-eth3,up,32893475549127,netem,38667440,29270,0,0,0,54504,3,36324114,6223,0,37177734,6697,0
851,32893493793030,32893495650611,19999693,sA-eth3,up,32893495476679,netem,38917250,29435,0,0,0,37850,3,36324906,6235,0,37417842,6715,0
852,32893513791322,32893515654642,19998292,sA-eth3,up,32893515482051,netem,39159490,29595,0,0,0,45420,3,36326028,6252,0,37665256,6734,0
853,32893533792495,32893535670175,20001173,sA-eth3,up,32893535492453,netem,39416870,29765,0,0,0,30280,2,36326820,6264,0,37898124,6752,0
854,32893553795767,32893555685488,20003272,sA-eth3,up,32893555504386,netem,39666680,29930,0,0,0,37850,3,36327678,6277,0,38138232,6770,0
855,32893573787559,32893575605079,19991792,sA-eth3,up,32893575423427,netem,39753492,29988,0,0,0,514,1,36328008,6282,0,38221678,6777,0
856,32893593788812,32893596101746,20001253,sA-eth3,up,32893595910865,netem,39754006,29989,0,0,0,0,0,36328086,6283,0,38222192,6778,0
857,32893613792714,32893615626204,20003902,sA-eth3,up,32893615436191,netem,39754006,29989,0,0,0,0,0,36328086,6283,0,38222192,6778,0
858,32893633796337,32893636080002,20003623,sA-eth3,up,32893635879749,netem,39754006,29989,0,0,0,0,0,36328086,6283,0,38222192,6778,0
859,32893653790618,32893655934612,19994281,sA-eth3,up,32893655763750,netem,39754006,29989,0,0,0,0,0,36328086,6283,0,38222192,6778,0
860,32893673787271,32893675888194,19996653,sA-eth3,up,32893675722932,netem,39754006,29989,0,0,0,0,0,36328086,6283,0,38222192,6778,0
861,32893693792533,32893695648073,20005262,sA-eth3,up,32893695466572,netem,39754006,29989,0,0,0,0,0,36328086,6283,0,38222192,6778,0
862,32893713804006,32893716100181,20011473,sA-eth3,up,32893715898118,netem,39754006,29989,0,0,0,0,0,36328086,6283,0,38222192,6778,0
863,32893733793867,32893735696029,19989861,sA-eth3,up,32893735507956,netem,39754006,29989,0,0,0,0,0,36328086,6283,0,38222192,6778,0
864,32893753797739,32893755761252,20003872,sA-eth3,up,32893755572950,netem,39754006,29989,0,0,0,0,0,36329600,6284,0,38222192,6778,0
865,32893773790432,32893775799864,19992693,sA-eth3,up,32893775588322,netem,39754850,29999,0,0,0,66,1,36349084,6294,0,38223036,6788,0
866,32893793797295,32893795751587,20006863,sA-eth3,up,32893795575634,netem,39755516,30008,0,0,0,0,0,36400358,6303,0,38223702,6797,0
867,32893813795677,32893815759529,19998382,sA-eth3,up,32893815583637,netem,39756116,30016,0,0,0,0,0,36448736,6312,0,38224302,6805,0
868,32893833811489,32893836076125,20015812,sA-eth3,up,32893835880343,netem,39756776,30026,0,0,0,66,1,36508830,6323,0,38224962,6815,0
869,32893853786862,32893855718733,19975373,sA-eth3,up,32893855545621,netem,39757208,30032,0,0,0,86,1,36549836,6330,0,38225394,6821,0
870,32893873794594,32893875733906,20007732,sA-eth3,up,32893875559953,netem,39757854,30041,0,0,0,78,1,36604072,6340,0,38226118,6831,0
871,32893893791187,32893895730467,19996593,sA-eth3,up,32893895557446,netem,39758470,30049,0,0,0,78,1,36650936,6348,0,38226734,6839,0
872,32893913786848,32893915675919,19995661,sA-eth3,up,32893915497697,netem,39759282,30059,0,0,0,66,1,36705172,6358,0,38227468,6848,0
873,32893933787780,32893935692422,20000932,sA-eth3,up,32893935522479,netem,39759976,30068,0,0,0,66,1,36743348,6366,0,38228162,6857,0
874,32893953788863,32893955588053,20001083,sA-eth3,up,32893955408762,netem,39760584,30076,0,0,0,0,0,36787250,6373,0,38228770,6865,0
875,32893973789945,32893975688676,20001082,sA-eth3,up,32893975497044,netem,39761094,30083,0,0,0,0,0,36831284,6382,0,38229280,6872,0
876,32893993792748,32893995810081,20002803,sA-eth3,up,32893995631458,netem,39761556,30090,0,0,0,0,0,36873804,6390,0,38229742,6879,0
877,32894013789109,32894016156126,19996361,sA-eth3,up,32894015969004,netem,39761898,30095,0,0,0,0,0,36894406,6395,0,38230084,6884,0
878,32894033789782,32894035829215,20000673,sA-eth3,up,32894035658223,netem,39762396,30102,0,0,0,78,1,36928238,6403,0,38230582,6891,0
879,32894053796655,32894055763887,20006873,sA-eth3,up,32894055584354,netem,39762852,30108,0,0,0,0,0,36957528,6408,0,38231038,6897,0
880,32894073789117,32894075723418,19992462,sA-eth3,up,32894075551567,netem,39763284,30114,0,0,0,66,1,37000048,6416,0,38231470,6903,0
881,32894093794119,32894096119365,20005002,sA-eth3,up,32894095920353,netem,39763704,30120,0,0,0,78,1,37036710,6423,0,38231968,6910,0
882,32894113788911,32894115872545,19994792,sA-eth3,up,32894115695423,netem,39763992,30124,0,0,0,0,0,37049940,6426,0,38232178,6913,0
883,32894133795594,32894135758286,20006683,sA-eth3,up,32894135582373,netem,39763992,30124,0,0,0,0,0,37049940,6426,0,38232178,6913,0
884,32894153788557,32894155618146,19992963,sA-eth3,up,32894155442024,netem,39764124,30126,0,0,0,0,0,37052902,6427,0,38232310,6915,0
885,32894173788029,32894175538558,19999472,sA-eth3,up,32894175368756,netem,39764190,30127,0,0,0,0,0,37055864,6428,0,38232376,6916,0
886,32894193789780,32894196113017,20001751,sA-eth3,up,32894195925534,netem,39764190,30127,0,0,0,0,0,37055864,6428,0,38232376,6916,0
887,32894213793293,32894215654034,20003513,sA-eth3,up,32894215478792,netem,39764190,30127,0,0,0,0,0,37055864,6428,0,38232376,6916,0
888,32894233787785,32894236387954,19994492,sA-eth3,up,32894236219923,netem,39764190,30127,0,0,0,0,0,37055864,6428,0,38232376,6916,0
889,32894253783678,32894255579397,19995893,sA-eth3,up,32894255403526,netem,39764190,30127,0,0,0,0,0,37055864,6428,0,38232376,6916,0
890,32894273793300,32894275580230,20009622,sA-eth3,up,32894275402068,netem,39764190,30127,0,0,0,0,0,37055864,6428,0,38232376,6916,0
891,32894293799592,32894295629413,20006292,sA-eth3,up,32894295449111,netem,39764190,30127,0,0,0,0,0,37055864,6428,0,38232376,6916,0
892,32894313792185,32894315769586,19992593,sA-eth3,up,32894315603454,netem,39764190,30127,0,0,0,0,0,37055864,6428,0,38232376,6916,0
893,32894333785157,32894335620367,19992972,sA-eth3,up,32894335394044,netem,39764190,30127,0,0,0,0,0,37055864,6428,0,38232376,6916,0
894,32894353794759,32894355750630,20009602,sA-eth3,up,32894355585829,netem,39764190,30127,0,0,0,0,0,37055864,6428,0,38232376,6916,0
895,32894373794471,32894376125188,19999712,sA-eth3,up,32894375922795,netem,39764256,30128,0,0,0,0,0,37061854,6431,0,38232442,6917,0
896,32894393789854,32894396057869,19995383,sA-eth3,up,32894395862847,netem,39765006,30139,0,0,0,0,0,37103058,6441,0,38233192,6928,0
897,32894413792776,32894415597776,20002922,sA-eth3,up,32894415412904,netem,39765228,30142,0,0,0,78,1,37120632,6444,0,38233492,6932,0
898,32894433800738,32894436094324,20007962,sA-eth3,up,32894435898992,netem,39765714,30149,0,0,0,78,1,37161638,6451,0,38233900,6938,0
899,32894453791110,32894456060205,19990372,sA-eth3,up,32894455872754,netem,39766278,30157,0,0,0,78,1,37204224,6460,0,38234542,6947,0
900,32894473800003,32894475787005,20008893,sA-eth3,up,32894475608253,netem,39766644,30162,0,0,0,0,0,37221798,6463,0,38234830,6951,0
901,32894493796715,32894495674596,19996712,sA-eth3,up,32894495505944,netem,39766644,30162,0,0,0,0,0,37221798,6463,0,38234830,6951,0
902,32894513793308,32894515615058,19996593,sA-eth3,up,32894515432236,netem,39766644,30162,0,0,0,0,0,37221798,6463,0,38234830,6951,0
903,32894533792980,32894535636380,19999672,sA-eth3,up,32894535462068,netem,39766644,30162,0,0,0,0,0,37221798,6463,0,38234830,6951,0
904,32894553804162,32894556023007,20011182,sA-eth3,up,32894555830226,netem,39766644,30162,0,0,0,0,0,37221798,6463,0,38234830,6951,0
905,32894573791825,32894575631246,19987663,sA-eth3,up,32894575466153,netem,39766644,30162,0,0,0,0,0,37221798,6463,0,38234830,6951,0
906,32894593789127,32894595940712,19997302,sA-eth3,up,32894595767939,netem,39766644,30162,0,0,0,0,0,37221798,6463,0,38234830,6951,0
907,32894613793899,32894615597039,20004772,sA-eth3,up,32894615420667,netem,39766644,30162,0,0,0,0,0,37221798,6463,0,38234830,6951,0
908,32894633798171,32894635652222,20004272,sA-eth3,up,32894635480050,netem,39766644,30162,0,0,0,0,0,37221798,6463,0,38234830,6951,0
909,32894653798904,32894655661825,20000733,sA-eth3,up,32894655490773,netem,39766644,30162,0,0,0,0,0,37221798,6463,0,38234830,6951,0
910,32894673789796,32894676023531,19990892,sA-eth3,up,32894675846309,netem,39766644,30162,0,0,0,0,0,37223312,6464,0,38234830,6951,0
911,32894693797319,32894695643079,20007523,sA-eth3,up,32894695475798,netem,39767364,30172,0,0,0,0,0,37258724,6474,0,38235550,6961,0
912,32894713797901,32894716131657,20000582,sA-eth3,up,32894715932165,netem,39767796,30178,0,0,0,0,0,37293872,6480,0,38235982,6967,0
913,32894733796583,32894735699284,19998682,sA-eth3,up,32894735529022,netem,39768326,30185,0,0,0,0,0,37331982,6487,0,38236512,6974,0
914,32894753787165,32894755630176,19990582,sA-eth3,up,32894755461324,netem,39768770,30191,0,0,0,78,1,37367130,6493,0,38236956,6980,0
915,32894773791668,32894775943421,20004503,sA-eth3,up,32894775778540,netem,39769202,30197,0,0,0,0,0,37402278,6499,0,38237388,6986,0
916,32894793793031,32894795593250,20001363,sA-eth3,up,32894795412038,netem,39769598,30203,0,0,0,0,0,37433082,6505,0,38237784,6992,0
917,32894813796762,32894815599593,20003731,sA-eth3,up,32894815422980,netem,39769832,30206,0,0,0,0,0,37450656,6508,0,38238018,6995,0
918,32894833796765,32894836110080,20000003,sA-eth3,up,32894835907078,netem,39769832,30206,0,0,0,0,0,37450656,6508,0,38238018,6995,0
919,32894853796127,32894855693978,19999362,sA-eth3,up,32894855527306,netem,39769832,30206,0,0,0,0,0,37450656,6508,0,38238018,6995,0
920,32894873796269,32894875690430,20000142,sA-eth3,up,32894875518999,netem,39769832,30206,0,0,0,0,0,37450656,6508,0,38238018,6995,0
921,32894893800321,32894896228268,20004052,sA-eth3,up,32894896047607,netem,39769832,30206,0,0,0,0,0,37450656,6508,0,38238018,6995,0
922,32894913796084,32894916055849,19995763,sA-eth3,up,32894915846117,netem,39769832,30206,0,0,0,0,0,37450656,6508,0,38238018,6995,0
923,32894933793346,32894936129332,19997262,sA-eth3,up,32894935945910,netem,39769832,30206,0,0,0,0,0,37450656,6508,0,38238018,6995,0
924,32894953828709,32894955873962,20035363,sA-eth3,up,32894955655969,netem,39769832,30206,0,0,0,0,0,37450656,6508,0,38238018,6995,0
925,32894973804391,32894975659081,19975682,sA-eth3,up,32894975477669,netem,39769832,30206,0,0,0,0,0,37450656,6508,0,38238018,6995,0
926,32894993792753,32894996101169,19988362,sA-eth3,up,32894995893657,netem,39769832,30206,0,0,0,0,0,37450656,6508,0,38238018,6995,0
927,32895013783125,32895015580055,19990372,sA-eth3,up,32895015398133,netem,39769832,30206,0,0,0,0,0,37450656,6508,0,38238018,6995,0
928,32895033799928,32895035712800,20016803,sA-eth3,up,32895035530257,netem,39770264,30212,0,0,0,0,0,37474220,6514,0,38238450,7001,0
929,32895053800099,32895055748951,20000171,sA-eth3,up,32895055557870,netem,39770684,30218,0,0,0,0,0,37505024,6520,0,38238870,7007,0
930,32895073788302,32895075653363,19988203,sA-eth3,up,32895075475231,netem,39771038,30223,0,0,0,0,0,37534314,6525,0,38239224,7012,0
931,32895093798064,32895095611474,20009762,sA-eth3,up,32895095427023,netem,39771338,30227,0,0,0,78,1,37563604,6530,0,38239524,7016,0
932,32895113796077,32895115667688,19998013,sA-eth3,up,32895115492696,netem,39771848,30234,0,0,0,0,0,37598818,6537,0,38240034,7023,0
933,32895133806820,32895135726020,20010743,sA-eth3,up,32895135537339,netem,39772070,30237,0,0,0,0,0,37613496,6540,0,38240256,7026,0
934,32895153795971,32895156272619,19989151,sA-eth3,up,32895156019616,netem,39772682,30245,0,0,0,0,0,37640022,6547,0,38240868,7034,0
935,32895173797974,32895175707925,20002003,sA-eth3,up,32895175531543,netem,39772904,30248,0,0,0,0,0,37663454,6551,0,38241090,7037,0
936,32895193791866,32895195644516,19993892,sA-eth3,up,32895195472524,netem,39773300,30254,0,0,0,78,1,37698602,6557,0,38241486,7043,0
937,32895213799229,32895215698449,20007363,sA-eth3,up,32895215514697,netem,39773744,30260,0,0,0,0,0,37727958,6563,0,38241930,7049,0
938,32895233794220,32895236308608,19994991,sA-eth3,up,32895236119816,netem,39774098,30265,0,0,0,0,0,37751390,6567,0,38242284,7054,0
939,32895253794403,32895255652154,20000183,sA-eth3,up,32895255478522,netem,39774452,30270,0,0,0,0,0,37780680,6572,0,38242638,7059,0
940,32895273792985,32895275616515,19998582,sA-eth3,up,32895275434313,netem,39774872,30276,0,0,0,78,1,37823200,6580,0,38243058,7065,0
941,32895293790238,32895295634278,19997253,sA-eth3,up,32895295449126,netem,39775460,30284,0,0,0,78,1,37862824,6588,0,38243724,7074,0
942,32895313797039,32895315689121,20006801,sA-eth3,up,32895315509669,netem,39775904,30290,0,0,0,0,0,37886256,6592,0,38244090,7079,0
943,32895333799272,32895336417961,20002233,sA-eth3,up,32895336246769,netem,39776310,30295,0,0,0,66,1,37918574,6599,0,38244562,7085,0
944,32895353797604,32895356098700,19998332,sA-eth3,up,32895355900487,netem,39776862,30303,0,0,0,66,1,37966952,6608,0,38245114,7093,0
945,32895373788527,32895375682607,19990923,sA-eth3,up,32895375510436,netem,39777438,30311,0,0,0,0,0,38006444,6614,0,38245624,7100,0
946,32895393801459,32895396179455,20012932,sA-eth3,up,32895395963103,netem,39777924,30318,0,0,0,0,0,38050346,6621,0,38246110,7107,0
947,32895413795871,32895415865985,19994412,sA-eth3,up,32895415578401,netem,39778528,30326,0,0,0,0,0,38091418,6629,0,38246714,7115,0
948,32895433791933,32895435763355,19996062,sA-eth3,up,32895435583353,netem,39779128,30334,0,0,0,66,1,38129660,6638,0,38247380,7124,0
949,32895453787616,32895455749138,19995683,sA-eth3,up,32895455554086,netem,39779614,30341,0,0,0,66,1,38170666,6645,0,38247800,7130,0
950,32895473791777,32895475743559,20004161,sA-eth3,up,32895475537498,netem,39779878,30345,0,0,0,0,0,38188184,6648,0,38248064,7134,0
951,32895493789820,32895495738392,19998043,sA-eth3,up,32895495555179,netem,39779878,30345,0,0,0,0,0,38188184,6648,0,38248064,7134,0
952,32895513790173,32895515653534,20000353,sA-eth3,up,32895515474961,netem,39779878,30345,0,0,0,0,0,38188184,6648,0,38248064,7134,0
953,32895533789375,32895536148441,19999202,sA-eth3,up,32895535952538,netem,39779878,30345,0,0,0,0,0,38188184,6648,0,38248064,7134,0
954,32895553790078,32895555654478,20000703,sA-eth3,up,32895555475325,netem,39779878,30345,0,0,0,0,0,38188184,6648,0,38248064,7134,0
955,32895573798209,32895575822572,20008131,sA-eth3,up,32895575651361,netem,39779878,30345,0,0,0,0,0,38188184,6648,0,38248064,7134,0
956,32895593788832,32895595596611,19990623,sA-eth3,up,32895595414729,netem,39779878,30345,0,0,0,0,0,38188184,6648,0,38248064,7134,0
957,32895613792665,32895615627134,20003833,sA-eth3,up,32895615437422,netem,39779878,30345,0,0,0,0,0,38188184,6648,0,38248064,7134,0
958,32895633788127,32895635614537,19995462,sA-eth3,up,32895635432644,netem,39779878,30345,0,0,0,0,0,38188184,6648,0,38248064,7134,0
959,32895653795869,32895656711261,20007742,sA-eth3,up,32895656529019,netem,39780100,30348,0,0,0,66,1,38210258,6653,0,38248286,7138,0
960,32895673787821,32895676211918,19991952,sA-eth3,up,32895676037936,netem,39780574,30355,0,0,0,78,1,38245406,6659,0,38248760,7144,0
961,32895693788983,32895695728035,20001162,sA-eth3,up,32895695546783,netem,39780940,30360,0,0,0,66,1,38271866,6665,0,38249192,7150,0
962,32895713787755,32895715701567,19998772,sA-eth3,up,32895715523105,netem,39781426,30367,0,0,0,0,0,38307014,6671,0,38249612,7156,0
963,32895733789587,32895735776110,20001832,sA-eth3,up,32895735577388,netem,39781834,30373,0,0,0,66,1,38343676,6679,0,38250086,7163,0
964,32895753790510,32895755695892,20000923,sA-eth3,up,32895755522120,netem,39782308,30380,0,0,0,78,1,38384682,6685,0,38250494,7169,0
965,32895773791053,32895775703224,20000543,sA-eth3,up,32895775531972,netem,39782974,30389,0,0,0,0,0,38425820,6694,0,38251160,7178,0
966,32895793799185,32895796148091,20008132,sA-eth3,up,32895795930078,netem,39783448,30396,0,0,0,0,0,38466826,6701,0,38251634,7185,0
967,32895813794477,32895816182943,19995292,sA-eth3,up,32895815980641,netem,39783958,30403,0,0,0,0,0,38496182,6707,0,38252144,7192,0
968,32895833787969,32895835984234,19993492,sA-eth3,up,32895835811852,netem,39784378,30409,0,0,0,0,0,38535740,6714,0,38252564,7198,0
969,32895853786702,32895855625602,19998733,sA-eth3,up,32895855437680,netem,39784822,30415,0,0,0,0,0,38570888,6720,0,38253008,7204,0
970,32895873783764,32895876068820,19997062,sA-eth3,up,32895875881257,netem,39785164,30420,0,0,0,0,0,38595834,6725,0,38253350,7209,0
971,32895893791686,32895895666317,20007922,sA-eth3,up,32895895494095,netem,39785530,30425,0,0,0,0,0,38629534,6731,0,38253716,7214,0
972,32895913787608,32895915646230,19995922,sA-eth3,up,32895915470867,netem,39785884,30430,0,0,0,78,1,38657442,6737,0,38254070,7219,0
973,32895933794201,32895936206298,20006593,sA-eth3,up,32895936027676,netem,39786502,30439,0,0,0,78,1,38705820,6746,0,38254688,7228,0
974,32895953792604,32895955686294,19998403,sA-eth3,up,32895955522303,netem,39787102,30447,0,0,0,0,0,38730898,6753,0,38255288,7236,0
975,32895973792545,32895975680447,19999941,sA-eth3,up,32895975506984,netem,39787510,30453,0,0,0,0,0,38751500,6758,0,38255696,7242,0
976,32895993788507,32895996228975,19995962,sA-eth3,up,32895996055793,netem,39833374,30489,0,0,0,33308,2,38773682,6765,0,38314324,7252,0
977,32896013790380,32896015742232,20001873,sA-eth3,up,32896015573199,netem,40091120,30664,0,0,0,30346,3,38796854,6787,0,38547558,7275,0
978,32896033785402,32896035743424,19995022,sA-eth3,up,32896035563992,netem,40336850,30833,0,0,0,28832,3,38833124,6810,0,38783718,7299,0
979,32896053788364,32896055650595,20002962,sA-eth3,up,32896055477163,netem,40587134,31005,0,0,0,33308,2,38857414,6827,0,39024300,7324,0
980,32896073796967,32896075701288,20008603,sA-eth3,up,32896075523636,netem,40826872,31170,0,0,0,50028,4,38885062,6851,0,39270726,7349,0
981,32896093785019,32896096166786,19988052,sA-eth3,up,32896095971754,netem,41084684,31346,0,0,0,66694,5,38912578,6873,0,39517058,7373,0
982,32896113795802,32896116192828,20010783,sA-eth3,up,32896115990276,netem,41337908,31518,0,0,0,68208,6,38931340,6894,0,39745902,7395,0
983,32896133795464,32896136175050,19999662,sA-eth3,up,32896135972078,netem,41594218,31693,0,0,0,68262,7,38967676,6918,0,39992246,7419,0
984,32896153794346,32896155748677,19998882,sA-eth3,up,32896155565375,netem,41832378,31857,0,0,0,71290,7,38994994,6937,0,40221166,7443,0
985,32896173790658,32896175941893,19996312,sA-eth3,up,32896175776361,netem,41984732,31964,0,0,0,0,0,39013228,6950,0,40367514,7459,0
986,32896193786851,32896195737693,19996193,sA-eth3,up,32896195567851,netem,41984810,31965,0,0,0,0,0,39017638,6951,0,40367592,7460,0
987,32896213791894,32896215638063,20005043,sA-eth3,up,32896215470721,netem,41984810,31965,0,0,0,0,0,39017638,6951,0,40367592,7460,0
988,32896233800895,32896235690466,20009001,sA-eth3,up,32896235516494,netem,41984810,31965,0,0,0,0,0,39017638,6951,0,40367592,7460,0
989,32896253790117,32896255650258,19989222,sA-eth3,up,32896255484007,netem,41984810,31965,0,0,0,0,0,39017638,6951,0,40367592,7460,0
990,32896273803910,32896275692530,20013793,sA-eth3,up,32896275514759,netem,41984810,31965,0,0,0,0,0,39017638,6951,0,40367592,7460,0
991,32896293782352,32896295606182,19978442,sA-eth3,up,32896295427780,netem,41984810,31965,0,0,0,0,0,39017638,6951,0,40367592,7460,0
992,32896313794924,32896315764146,20012572,sA-eth3,up,32896315593595,netem,41984810,31965,0,0,0,0,0,39017638,6951,0,40367592,7460,0
993,32896333789856,32896335700418,19994932,sA-eth3,up,32896335535526,netem,41984810,31965,0,0,0,0,0,39017638,6951,0,40367592,7460,0
994,32896353792309,32896356090894,20002453,sA-eth3,up,32896355906552,netem,41984810,31965,0,0,0,0,0,39017638,6951,0,40367592,7460,0
995,32896373787451,32896376337590,19995142,sA-eth3,up,32896376174348,netem,41984810,31965,0,0,0,0,0,39017638,6951,0,40367592,7460,0
996,32896393792774,32896395685824,20005323,sA-eth3,up,32896395510102,netem,41984810,31965,0,0,0,0,0,39017638,6951,0,40367592,7460,0
997,32896413791666,32896415660037,19998892,sA-eth3,up,32896415493785,netem,41984810,31965,0,0,0,0,0,39017638,6951,0,40367592,7460,0
998,32896433790208,32896435667759,19998542,sA-eth3,up,32896435488977,netem,41984810,31965,0,0,0,0,0,39017638,6951,0,40367592,7460,0
999,32896453790201,32896455597401,19999993,sA-eth3,up,32896455416188,netem,41984810,31965,0,0,0,0,0,39017638,6951,0,40367592,7460,0
1000,32896473797802,32896475648724,20007601,sA-eth3,up,32896475476391,netem,41984810,31965,0,0,0,0,0,39017638,6951,0,40367592,7460,0
1001,32896493799235,32896495702587,20001433,sA-eth3,up,32896495527154,netem,41984810,31965,0,0,0,0,0,39017638,6951,0,40367592,7460,0
1002,32896513793278,32896515608728,19994043,sA-eth3,up,32896515433215,netem,41984810,31965,0,0,0,0,0,39017638,6951,0,40367592,7460,0
1003,32896533792150,32896536159646,19998872,sA-eth3,up,32896535957703,netem,41984810,31965,0,0,0,0,0,39017638,6951,0,40367592,7460,0
1004,32896553792701,32896555663243,20000551,sA-eth3,up,32896555490741,netem,41984810,31965,0,0,0,0,0,39017638,6951,0,40367592,7460,0
1005,32896573799624,32896575967898,20006923,sA-eth3,up,32896575797117,netem,41984810,31965,0,0,0,0,0,39017638,6951,0,40367592,7460,0
1006,32896593790237,32896595622987,19990613,sA-eth3,up,32896595444195,netem,41984810,31965,0,0,0,0,0,39017638,6951,0,40367592,7460,0
1007,32896613797989,32896616608990,20007752,sA-eth3,up,32896616420658,netem,41984810,31965,0,0,0,0,0,39017638,6951,0,40367592,7460,0
1008,32896633802242,32896636293389,20004253,sA-eth3,up,32896636118897,netem,41984810,31965,0,0,0,0,0,39017638,6951,0,40367592,7460,0
1009,32896653797483,32896655984598,19995241,sA-eth3,up,32896655810406,netem,41984810,31965,0,0,0,0,0,39017638,6951,0,40367592,7460,0
1010,32896673790646,32896676373934,19993163,sA-eth3,up,32896676201653,netem,41984810,31965,0,0,0,0,0,39017638,6951,0,40367592,7460,0
1011,32896693803018,32896695827771,20012372,sA-eth3,up,32896695649318,netem,41984810,31965,0,0,0,0,0,39017638,6951,0,40367592,7460,0
1012,32896713794680,32896715668301,19991662,sA-eth3,up,32896715491119,netem,41984810,31965,0,0,0,0,0,39017638,6951,0,40367592,7460,0
1013,32896733802003,32896735750594,20007323,sA-eth3,up,32896735567572,netem,41984810,31965,0,0,0,0,0,39017638,6951,0,40367592,7460,0
1014,32896753789915,32896755710986,19987912,sA-eth3,up,32896755522724,netem,41984810,31965,0,0,0,0,0,39017638,6951,0,40367592,7460,0
1015,32896773789787,32896776157723,19999872,sA-eth3,up,32896775953461,netem,41984810,31965,0,0,0,0,0,39017638,6951,0,40367592,7460,0
1016,32896793798769,32896795803071,20008982,sA-eth3,up,32896795627959,netem,41984810,31965,0,0,0,0,0,39017638,6951,0,40367592,7460,0
1017,32896813795901,32896815992626,19997132,sA-eth3,up,32896815810954,netem,41984888,31966,0,0,0,0,0,39025076,6954,0,40367670,7461,0
1018,32896833793964,32896835676325,19998063,sA-eth3,up,32896835508653,netem,41985348,31972,0,0,0,0,0,39051536,6960,0,40368130,7467,0
1019,32896853788996,32896855969100,19995032,sA-eth3,up,32896855805729,netem,41985990,31981,0,0,0,66,1,39075232,6968,0,40368772,7476,0
1020,32896873787388,32896875748580,19998392,sA-eth3,up,32896875579949,netem,41986452,31988,0,0,0,0,0,39113342,6975,0,40369234,7483,0
1021,32896893802291,32896895807543,20014903,sA-eth3,up,32896895632872,netem,41986904,31994,0,0,0,66,1,39142698,6981,0,40369686,7489,0
1022,32896913795833,32896915875396,19993542,sA-eth3,up,32896915705044,netem,41987390,32001,0,0,0,0,0,39177846,6987,0,40370172,7496,0
1023,32896933790076,32896935664236,19994243,sA-eth3,up,32896935478394,netem,41987702,32005,0,0,0,78,1,39197000,6992,0,40370562,7501,0
1024,32896953791667,32896955625288,20001591,sA-eth3,up,32896955448926,netem,41988200,32012,0,0,0,0,0,39238072,7000,0,40370982,7507,0
1025,32896973793160,32896975633281,20001493,sA-eth3,up,32896975464839,netem,41988686,32019,0,0,0,0,0,39273286,7007,0,40371468,7514,0
1026,32896993800182,32896995715804,20007022,sA-eth3,up,32896995543091,netem,41989238,32027,0,0,0,66,1,39320150,7015,0,40372020,7522,0
1027,32897013793175,32897015626395,19992993,sA-eth3,up,32897015448813,netem,41989646,32033,0,0,0,0,0,39349440,7020,0,40372428,7528,0
1028,32897033791466,32897035621517,19998291,sA-eth3,up,32897035436705,netem,41990000,32038,0,0,0,78,1,39384588,7026,0,40372782,7533,0
1029,32897053797009,32897056623590,20005543,sA-eth3,up,32897056440069,netem,41990564,32046,0,0,0,0,0,39422764,7034,0,40373346,7541,0
1030,32897073796622,32897076022676,19999613,sA-eth3,up,32897075829924,netem,41990918,32051,0,0,0,0,0,39446196,7038,0,40373700,7546,0
1031,32897093801794,32897096091989,20005172,sA-eth3,up,32897095881157,netem,41990918,32051,0,0,0,0,0,39446196,7038,0,40373700,7546,0
1032,32897113792386,32897116111472,19990592,sA-eth3,up,32897115908930,netem,41990918,32051,0,0,0,0,0,39446196,7038,0,40373700,7546,0
1033,32897133791938,32897136384007,19999552,sA-eth3,up,32897136209775,netem,41990918,32051,0,0,0,0,0,39446196,7038,0,40373700,7546,0
1034,32897153797551,32897155849693,20005613,sA-eth3,up,32897155674822,netem,41990918,32051,0,0,0,0,0,39446196,7038,0,40373700,7546,0
1035,32897173793792,32897175643033,19996241,sA-eth3,up,32897175474401,netem,41990918,32051,0,0,0,0,0,39446196,7038,0,40373700,7546,0
1036,32897193802306,32897195634826,20008514,sA-eth3,up,32897195443273,netem,41990918,32051,0,0,0,0,0,39446196,7038,0,40373700,7546,0
1037,32897213798217,32897215626858,19995911,sA-eth3,up,32897215447646,netem,41990918,32051,0,0,0,0,0,39446196,7038,0,40373700,7546,0
1038,32897233795440,32897235688551,19997223,sA-eth3,up,32897235513909,netem,41990918,32051,0,0,0,0,0,39446196,7038,0,40373700,7546,0
1039,32897253796222,32897256648854,20000782,sA-eth3,up,32897256478923,netem,41990918,32051,0,0,0,0,0,39446196,7038,0,40373700,7546,0
1040,32897273791045,32897275999630,19994823,sA-eth3,up,32897275827247,netem,41990918,32051,0,0,0,0,0,39446196,7038,0,40373700,7546,0
1041,32897293800917,32897296191004,20009872,sA-eth3,up,32897295995971,netem,41991206,32055,0,0,0,78,1,39465416,7044,0,40373988,7550,0
1042,32897313790239,32897316257907,19989322,sA-eth3,up,32897316082474,netem,41991494,32059,0,0,0,0,0,39468444,7046,0,40374276,7554,0
1043,32897333796222,32897336104567,20005983,sA-eth3,up,32897335897394,netem,41991494,32059,0,0,0,0,0,39468444,7046,0,40374276,7554,0
1044,32897353791624,32897356047949,19995402,sA-eth3,up,32897355851157,netem,41991494,32059,0,0,0,0,0,39468444,7046,0,40374276,7554,0
1045,32897373792336,32897376087902,20000712,sA-eth3,up,32897375869939,netem,41991494,32059,0,0,0,0,0,39468444,7046,0,40374276,7554,0
1046,32897393817818,32897395858701,20025482,sA-eth3,up,32897395665750,netem,41991494,32059,0,0,0,0,0,39468444,7046,0,40374276,7554,0
1047,32897413795351,32897416195797,19977533,sA-eth3,up,32897415996165,netem,41991494,32059,0,0,0,0,0,39468444,7046,0,40374276,7554,0
1048,32897433793873,32897435899566,19998522,sA-eth3,up,32897435721355,netem,41991494,32059,0,0,0,0,0,39468444,7046,0,40374276,7554,0
1049,32897453794385,32897455715336,20000512,sA-eth3,up,32897455535615,netem,41991494,32059,0,0,0,0,0,39468444,7046,0,40374276,7554,0
1050,32897473792887,32897475726269,19998502,sA-eth3,up,32897475553546,netem,41991494,32059,0,0,0,0,0,39468444,7046,0,40374276,7554,0
1051,32897493805060,32897495785072,20012173,sA-eth3,up,32897495602879,netem,41991494,32059,0,0,0,0,0,39468444,7046,0,40374276,7554,0
1052,32897513791352,32897516142078,19986292,sA-eth3,up,32897515941425,netem,41991494,32059,0,0,0,0,0,39468444,7046,0,40374276,7554,0
1053,32897533790305,32897535607845,19998953,sA-eth3,up,32897535424463,netem,41991494,32059,0,0,0,0,0,39468444,7046,0,40374276,7554,0
1054,32897553786986,32897555627568,19996681,sA-eth3,up,32897555441085,netem,41991494,32059,0,0,0,0,0,39468444,7046,0,40374276,7554,0
1055,32897573801499,32897575719351,20014513,sA-eth3,up,32897575534418,netem,41991494,32059,0,0,0,0,0,39468444,7046,0,40374276,7554,0
1056,32897593799961,32897596137087,19998462,sA-eth3,up,32897595920056,netem,41991494,32059,0,0,0,0,0,39468444,7046,0,40374276,7554,0
1057,32897613810153,32897615695024,20010192,sA-eth3,up,32897615486082,netem,41991494,32059,0,0,0,0,0,39468444,7046,0,40374276,7554,0
1058,32897633807386,32897636066331,19997233,sA-eth3,up,32897635833469,netem,41991494,32059,0,0,0,0,0,39468444,7046,0,40374276,7554,0
1059,32897653802748,32897655720180,19995362,sA-eth3,up,32897655526927,netem,41991494,32059,0,0,0,0,0,39468444,7046,0,40374276,7554,0
1060,32897673797300,32897675941635,19994552,sA-eth3,up,32897675764793,netem,41991494,32059,0,0,0,0,0,39468444,7046,0,40374276,7554,0
1061,32897693798213,32897695645693,20000913,sA-eth3,up,32897695445571,netem,41991494,32059,0,0,0,0,0,39468444,7046,0,40374276,7554,0
1062,32897713796754,32897715613236,19998541,sA-eth3,up,32897715429633,netem,41991494,32059,0,0,0,0,0,39468444,7046,0,40374276,7554,0
1063,32897733811467,32897735683388,20014713,sA-eth3,up,32897735507666,netem,41991494,32059,0,0,0,0,0,39468444,7046,0,40374276,7554,0
1064,32897753796390,32897756159106,19984923,sA-eth3,up,32897755963244,netem,41991494,32059,0,0,0,0,0,39468444,7046,0,40374276,7554,0
1065,32897773795192,32897775589082,19998802,sA-eth3,up,32897775411050,netem,41991494,32059,0,0,0,0,0,39468444,7046,0,40374276,7554,0
1066,32897793797945,32897795938948,20002753,sA-eth3,up,32897795759137,netem,41991494,32059,0,0,0,0,0,39468444,7046,0,40374276,7554,0
1067,32897813793816,32897815625636,19995871,sA-eth3,up,32897815439125,netem,41991494,32059,0,0,0,0,0,39468444,7046,0,40374276,7554,0
1068,32897833786909,32897835987953,19993093,sA-eth3,up,32897835813731,netem,41991494,32059,0,0,0,0,0,39468444,7046,0,40374276,7554,0
1069,32897853791381,32897855608201,20004472,sA-eth3,up,32897855426889,netem,41991494,32059,0,0,0,0,0,39468444,7046,0,40374276,7554,0
1070,32897873788854,32897876138269,19997473,sA-eth3,up,32897875934197,netem,41991494,32059,0,0,0,0,0,39468444,7046,0,40374276,7554,0
1071,32897893790435,32897895673667,20001581,sA-eth3,up,32897895497764,netem,41991494,32059,0,0,0,0,0,39468444,7046,0,40374276,7554,0
1072,32897913792128,32897916190995,20001693,sA-eth3,up,32897915969782,netem,41991494,32059,0,0,0,0,0,39468444,7046,0,40374276,7554,0
1073,32897933790480,32897935702752,19998352,sA-eth3,up,32897935520440,netem,41991560,32060,0,0,0,0,0,39469958,7047,0,40374342,7555,0
1074,32897953786443,32897955661033,19995963,sA-eth3,up,32897955481911,netem,41992124,32068,0,0,0,66,1,39496682,7057,0,40374972,7564,0
1075,32897973797484,32897975693596,20011041,sA-eth3,up,32897975515944,netem,41992928,32080,0,0,0,0,0,39524854,7067,0,40375710,7575,0
1076,32897993804437,32897995736819,20006953,sA-eth3,up,32897995553777,netem,41993138,32083,0,0,0,0,0,39532292,7070,0,40375920,7578,0
1077,32898013795350,32898015696611,19990913,sA-eth3,up,32898015518639,netem,41993138,32083,0,0,0,0,0,39532292,7070,0,40375920,7578,0
1078,32898033794862,32898036123518,19999512,sA-eth3,up,32898035930805,netem,41993138,32083,0,0,0,0,0,39532292,7070,0,40375920,7578,0
1079,32898053791165,32898055599765,19996303,sA-eth3,up,32898055419062,netem,41993138,32083,0,0,0,0,0,39532292,7070,0,40375920,7578,0
1080,32898073792026,32898075653788,20000861,sA-eth3,up,32898075479965,netem,41993138,32083,0,0,0,0,0,39532292,7070,0,40375920,7578,0
1081,32898093789389,32898095615838,19997363,sA-eth3,up,32898095433448,netem,41993138,32083,0,0,0,0,0,39532292,7070,0,40375920,7578,0
1082,32898113783401,32898115551031,19994012,sA-eth3,up,32898115374149,netem,41993138,32083,0,0,0,0,0,39532292,7070,0,40375920,7578,0
1083,32898133790803,32898135579424,20007402,sA-eth3,up,32898135404631,netem,41993138,32083,0,0,0,0,0,39532292,7070,0,40375920,7578,0
1084,32898153792576,32898156203412,20001773,sA-eth3,up,32898156026680,netem,41993138,32083,0,0,0,0,0,39532292,7070,0,40375920,7578,0
1085,32898173786328,32898175802360,19993752,sA-eth3,up,32898175632938,netem,41993138,32083,0,0,0,0,0,39532292,7070,0,40375920,7578,0
1086,32898193785661,32898195641990,19999333,sA-eth3,up,32898195467839,netem,41993138,32083,0,0,0,0,0,39533806,7071,0,40375920,7578,0
1087,32898213791672,32898215972406,20006011,sA-eth3,up,32898215795075,netem,41993570,32089,0,0,0,0,0,39558752,7076,0,40376352,7584,0
1088,32898233786505,32898235669196,19994833,sA-eth3,up,32898235476853,netem,41994056,32096,0,0,0,0,0,39602720,7084,0,40376838,7591,0
1089,32898253786287,32898255657617,19999782,sA-eth3,up,32898255486816,netem,41994476,32102,0,0,0,0,0,39637868,7090,0,40377258,7597,0
1090,32898273782049,32898275570059,19995762,sA-eth3,up,32898275393217,netem,41994872,32108,0,0,0,0,0,39668672,7096,0,40377654,7603,0
1091,32898293787351,32898296116977,20005302,sA-eth3,up,32898295932605,netem,41995160,32112,0,0,0,66,1,39697962,7101,0,40377942,7608,0
1092,32898313788434,32898315614844,20001083,sA-eth3,up,32898315431682,netem,41995622,32119,0,0,0,0,0,39740482,7109,0,40378404,7614,0
1093,32898333793376,32898336143252,20004942,sA-eth3,up,32898335947670,netem,41995922,32123,0,0,0,0,0,39763914,7113,0,40378704,7618,0
1094,32898353789489,32898356090464,19996113,sA-eth3,up,32898355872942,netem,41996288,32128,0,0,0,0,0,39784516,7118,0,40379070,7623,0
1095,32898373790230,32898375928134,20000741,sA-eth3,up,32898375759222,netem,41996774,32135,0,0,0,0,0,39824074,7125,0,40379556,7630,0
1096,32898393783392,32898395818285,19993162,sA-eth3,up,32898395641424,netem,41997236,32142,0,0,0,0,0,39866594,7133,0,40380018,7637,0
1097,32898413807546,32898416121941,20024154,sA-eth3,up,32898415919539,netem,41997722,32149,0,0,0,0,0,39907600,7140,0,40380504,7644,0
1098,32898433788228,32898435708058,19980682,sA-eth3,up,32898435535907,netem,41998418,32159,0,0,0,0,0,39961836,7150,0,40381200,7654,0
1099,32898453790110,32898455971324,20001882,sA-eth3,up,32898455803983,netem,41999180,32170,0,0,0,0,0,40026274,7161,0,40381962,7665,0
1100,32898473788872,32898475644733,19998762,sA-eth3,up,32898475481891,netem,41999858,32179,0,0,0,0,0,40077548,7170,0,40382640,7674,0
1101,32898493787614,32898495700196,19998742,sA-eth3,up,32898495515584,netem,42000556,32188,0,0,0,0,0,40141854,7179,0,40383338,7683,0
1102,32898513789987,32898515683387,20002373,sA-eth3,up,32898515517856,netem,42001188,32196,0,0,0,86,1,40185888,7189,0,40384056,7692,0
1103,32898533788479,32898535676260,19998492,sA-eth3,up,32898535515738,netem,42001980,32206,0,0,0,78,1,40250326,7199,0,40384840,7702,0
1104,32898553790871,32898556126787,20002392,sA-eth3,up,32898555939285,netem,42002502,32213,0,0,0,0,0,40281064,7204,0,40385284,7708,0
1105,32898573793953,32898576174940,20003082,sA-eth3,up,32898575987288,netem,42002910,32219,0,0,0,0,0,40348266,7213,0,40385692,7714,0
1106,32898593785476,32898595685447,19991523,sA-eth3,up,32898595514486,netem,42003332,32224,0,0,0,0,0,40374594,7217,0,40386114,7719,0
1107,32898613790448,32898616036963,20004972,sA-eth3,up,32898615849521,netem,42003332,32224,0,0,0,0,0,40374594,7217,0,40386114,7719,0
1108,32898633788900,32898636063805,19998452,sA-eth3,up,32898635876634,netem,42003332,32224,0,0,0,0,0,40374594,7217,0,40386114,7719,0
1109,32898653793523,32898655637423,20004623,sA-eth3,up,32898655463512,netem,42003332,32224,0,0,0,0,0,40374594,7217,0,40386114,7719,0
1110,32898673796735,32898675689376,20003212,sA-eth3,up,32898675522404,netem,42003332,32224,0,0,0,0,0,40374594,7217,0,40386114,7719,0
1111,32898693789137,32898695608318,19992402,sA-eth3,up,32898695426836,netem,42003332,32224,0,0,0,0,0,40374594,7217,0,40386114,7719,0
1112,32898713784569,32898715578299,19995432,sA-eth3,up,32898715405638,netem,42003332,32224,0,0,0,0,0,40374594,7217,0,40386114,7719,0
1113,32898733790012,32898735621472,20005443,sA-eth3,up,32898735447011,netem,42003332,32224,0,0,0,0,0,40374594,7217,0,40386114,7719,0
1114,32898753789405,32898756063569,19999393,sA-eth3,up,32898755877827,netem,42003332,32224,0,0,0,0,0,40374594,7217,0,40386114,7719,0
1115,32898773790426,32898775606937,20001021,sA-eth3,up,32898775424314,netem,42003332,32224,0,0,0,0,0,40374594,7217,0,40386114,7719,0
1116,32898793789089,32898795629870,19998663,sA-eth3,up,32898795461887,netem,42003332,32224,0,0,0,0,0,40376108,7218,0,40386114,7719,0
1117,32898813789821,32898815689933,20000732,sA-eth3,up,32898815527110,netem,42003990,32233,0,0,0,0,0,40443376,7228,0,40386772,7728,0
1118,32898833789824,32898835693084,20000003,sA-eth3,up,32898835522873,netem,42004594,32241,0,0,0,0,0,40498862,7235,0,40387376,7736,0
1119,32898853787615,32898855699766,19997791,sA-eth3,up,32898855526655,netem,42005502,32253,0,0,0,66,1,40599698,7249,0,40388284,7748,0
1120,32898873786197,32898876257585,19998582,sA-eth3,up,32898876088423,netem,42006542,32267,0,0,0,0,0,40710604,7262,0,40389324,7762,0
1121,32898893789290,32898895753692,20003093,sA-eth3,up,32898895581530,netem,42007178,32275,0,0,0,86,1,40786494,7271,0,40389960,7770,0
1122,32898913790483,32898916170518,20001193,sA-eth3,up,32898915942716,netem,42007900,32284,0,0,0,0,0,40842112,7280,0,40390682,7779,0
1123,32898933805594,32898936183381,20015111,sA-eth3,up,32898935952618,netem,42008734,32295,0,0,0,33308,2,40907866,7289,0,40391516,7790,0
1124,32898953789367,32898956110943,19983773,sA-eth3,up,32898955881200,netem,42263616,32470,0,0,0,33308,2,40967040,7308,0,40636498,7815,0
1125,32898973792669,32898975738611,20003302,sA-eth3,up,32898975563819,netem,42503474,32637,0,0,0,50094,5,41040826,7329,0,40866984,7840,0
1126,32898993798062,32898995784634,20005393,sA-eth3,up,32898995586252,netem,42758348,32812,0,0,0,77300,6,41085652,7350,0,41111958,7865,0
1127,32899013800623,32899016256061,20002561,sA-eth3,up,32899016073570,netem,43014620,32986,0,0,0,85026,9,41130214,7367,0,41358264,7888,0
1128,32899033795706,32899036087021,19995083,sA-eth3,up,32899035892580,netem,43254590,33153,0,0,0,109152,9,41201236,7390,0,41588928,7914,0
1129,32899053793918,32899055657129,19998212,sA-eth3,up,32899055484998,netem,43509788,33332,0,0,0,103264,12,41269494,7415,0,41834160,7942,0
1130,32899073804571,32899076288989,20010653,sA-eth3,up,32899076091996,netem,43766404,33510,0,0,0,101712,10,41326234,7441,0,42080810,7969,0
1131,32899093798732,32899095856606,19994161,sA-eth3,up,32899095662414,netem,44006140,33674,0,0,0,118280,10,41363754,7461,0,42311306,7993,0
1132,32899113786735,32899115889699,19988003,sA-eth3,up,32899115709187,netem,44207598,33819,0,0,0,78,1,41434710,7483,0,42504844,8018,0
1133,32899133785607,32899135800440,19998872,sA-eth3,up,32899135600067,netem,44208264,33828,0,0,0,0,0,41493158,7491,0,42505510,8027,0
1134,32899153788100,32899155846782,20002493,sA-eth3,up,32899155624870,netem,44208938,33837,0,0,0,0,0,41558912,7500,0,42506184,8036,0
1135,32899173795882,32899175841915,20007782,sA-eth3,up,32899175650833,netem,44209670,33847,0,0,0,0,0,41631972,7510,0,42506916,8046,0
1136,32899193795684,32899195894588,19999802,sA-eth3,up,32899195678665,netem,44210258,33855,0,0,0,0,0,41690420,7518,0,42507504,8054,0
1137,32899213747886,32899215899280,19952202,sA-eth3,up,32899215679828,netem,44211022,33865,0,0,0,0,0,41763480,7528,0,42508268,8064,0
1138,32899233793899,32899235968443,20046013,sA-eth3,up,32899235730450,netem,44211814,33877,0,0,0,0,0,41851152,7540,0,42509060,8076,0
1139,32899253799581,32899255925235,20005682,sA-eth3,up,32899255705842,netem,44212566,33887,0,0,0,66,1,41922830,7551,0,42509812,8086,0
1140,32899273788373,32899276101438,19988792,sA-eth3,up,32899275905277,netem,44213268,33896,0,0,0,0,0,41962388,7558,0,42510514,8095,0
1141,32899293794556,32899296174592,20006183,sA-eth3,up,32899295968050,netem,44213268,33896,0,0,0,0,0,41962388,7558,0,42510514,8095,0
1142,32899313796189,32899316852142,20001633,sA-eth3,up,32899316646150,netem,44213268,33896,0,0,0,0,0,41962388,7558,0,42510514,8095,0
1143,32899333807561,32899336449280,20011372,sA-eth3,up,32899336249238,netem,44213268,33896,0,0,0,0,0,41962388,7558,0,42510514,8095,0
1144,32899353796603,32899356148409,19989042,sA-eth3,up,32899355959517,netem,44213268,33896,0,0,0,0,0,41962388,7558,0,42510514,8095,0
1145,32899373792755,32899376310083,19996152,sA-eth3,up,32899376132950,netem,44213268,33896,0,0,0,0,0,41962388,7558,0,42510514,8095,0
1146,32899393791617,32899396031872,19998862,sA-eth3,up,32899395832530,netem,44213268,33896,0,0,0,0,0,41962388,7558,0,42510514,8095,0
1147,32899413792429,32899416367129,20000812,sA-eth3,up,32899416186536,netem,44213268,33896,0,0,0,0,0,41962388,7558,0,42510514,8095,0
1148,32899433801191,32899436561322,20008762,sA-eth3,up,32899436352059,netem,44213268,33896,0,0,0,0,0,41962388,7558,0,42510514,8095,0
1149,32899453788624,32899455656274,19987433,sA-eth3,up,32899455480723,netem,44213268,33896,0,0,0,0,0,41962388,7558,0,42510514,8095,0
1150,32899473791817,32899475634807,20003193,sA-eth3,up,32899475450985,netem,44213268,33896,0,0,0,0,0,41962388,7558,0,42510514,8095,0
1151,32899493794949,32899495697630,20003132,sA-eth3,up,32899495524049,netem,44213354,33897,0,0,0,0,0,41963902,7559,0,42510600,8096,0
1152,32899513799971,32899515774193,20005022,sA-eth3,up,32899515592861,netem,44213354,33897,0,0,0,0,0,41963902,7559,0,42510600,8096,0
1153,32899533807613,32899535803245,20007642,sA-eth3,up,32899535598353,netem,44213354,33897,0,0,0,0,0,41963902,7559,0,42510600,8096,0
1154,32899553793776,32899555709867,19986163,sA-eth3,up,32899555526945,netem,44213354,33897,0,0,0,0,0,41963902,7559,0,42510600,8096,0
1155,32899573791908,32899576274606,19998132,sA-eth3,up,32899576054824,netem,44213354,33897,0,0,0,0,0,41963902,7559,0,42510600,8096,0
1156,32899593801241,32899596182137,20009333,sA-eth3,up,32899595927184,netem,44213354,33897,0,0,0,0,0,41963902,7559,0,42510600,8096,0
1157,32899613801232,32899616369682,19999991,sA-eth3,up,32899616180430,netem,44213354,33897,0,0,0,0,0,41963902,7559,0,42510600,8096,0
1158,32899633790785,32899636193432,19989553,sA-eth3,up,32899635992669,netem,44213354,33897,0,0,0,0,0,41963902,7559,0,42510600,8096,0
1159,32899653802316,32899655821080,20011531,sA-eth3,up,32899655626857,netem,44213354,33897,0,0,0,0,0,41963902,7559,0,42510600,8096,0
1160,32899673800750,32899676596341,19998434,sA-eth3,up,32899676399469,netem,44213354,33897,0,0,0,0,0,41963902,7559,0,42510600,8096,0
1161,32899693806561,32899695985106,20005811,sA-eth3,up,32899695798064,netem,44213440,33898,0,0,0,0,0,41971340,7562,0,42510686,8097,0
1162,32899713793684,32899715930898,19987123,sA-eth3,up,32899715746066,netem,44214168,33908,0,0,0,66,1,42034198,7571,0,42511480,8108,0
1163,32899733791566,32899736502437,19997882,sA-eth3,up,32899736317375,netem,44214890,33917,0,0,0,0,0,42104296,7580,0,42512136,8116,0
1164,32899753798029,32899756111974,20006463,sA-eth3,up,32899755921632,netem,44215624,33926,0,0,0,0,0,42193284,7590,0,42512870,8125,0
1165,32899773786821,32899776050115,19988792,sA-eth3,up,32899775860224,netem,44216554,33939,0,0,0,66,1,42297082,7605,0,42513800,8138,0
1166,32899793789513,32899796133269,20002692,sA-eth3,up,32899795933487,netem,44217474,33951,0,0,0,78,1,42373170,7617,0,42514720,8150,0
1167,32899813787866,32899816236753,19998353,sA-eth3,up,32899816060021,netem,44218164,33960,0,0,0,0,0,42419968,7624,0,42515410,8159,0
1168,32899833789157,32899836540779,20001291,sA-eth3,up,32899836342456,netem,44218812,33968,0,0,0,0,0,42458210,7633,0,42516058,8167,0
1169,32899853790300,32899856172307,20001143,sA-eth3,up,32899855968864,netem,44219666,33979,0,0,0,0,0,42529888,7644,0,42516912,8178,0
1170,32899873789762,32899875874565,19999462,sA-eth3,up,32899875708944,netem,44220388,33988,0,0,0,0,0,42597156,7654,0,42517634,8187,0
1171,32899893785865,32899895983380,19996103,sA-eth3,up,32899895824357,netem,44220930,33995,0,0,0,0,0,42648298,7661,0,42518176,8194,0
1172,32899913796517,32899916627449,20010652,sA-eth3,up,32899916419416,netem,44221152,33998,0,0,0,0,0,42662910,7663,0,42518398,8197,0
1173,32899933795049,32899936324317,19998532,sA-eth3,up,32899936109415,netem,44221152,33998,0,0,0,0,0,42662910,7663,0,42518398,8197,0
1174,32899953786872,32899955995386,19991823,sA-eth3,up,32899955819194,netem,44221152,33998,0,0,0,0,0,42662910,7663,0,42518398,8197,0
1175,32899973788224,32899976083489,20001352,sA-eth3,up,32899975881567,netem,44221152,33998,0,0,0,0,0,42662910,7663,0,42518398,8197,0
1176,32899993797946,32899996150222,20009722,sA-eth3,up,32899995944580,netem,44221152,33998,0,0,0,0,0,42662910,7663,0,42518398,8197,0
1177,32900013792638,32900016185585,19994692,sA-eth3,up,32900015993662,netem,44221152,33998,0,0,0,0,0,42662910,7663,0,42518398,8197,0
1178,32900033789921,32900036216748,19997283,sA-eth3,up,32900035967885,netem,44221152,33998,0,0,0,0,0,42662910,7663,0,42518398,8197,0
1179,32900053802033,32900055685724,20012112,sA-eth3,up,32900055500452,netem,44221152,33998,0,0,0,0,0,42662910,7663,0,42518398,8197,0
1180,32900073795765,32900075699556,19993732,sA-eth3,up,32900075520534,netem,44221152,33998,0,0,0,0,0,42662910,7663,0,42518398,8197,0
1181,32900093795657,32900095731049,19999892,sA-eth3,up,32900095547146,netem,44221152,33998,0,0,0,0,0,42662910,7663,0,42518398,8197,0
1182,32900113784810,32900115768262,19989153,sA-eth3,up,32900115599380,netem,44221152,33998,0,0,0,0,0,42662910,7663,0,42518398,8197,0
1183,32900133791703,32900135673552,20006893,sA-eth3,up,32900135493042,netem,44221152,33998,0,0,0,0,0,42662910,7663,0,42518398,8197,0
1184,32900153791194,32900155645485,19999491,sA-eth3,up,32900155472343,netem,44221152,33998,0,0,0,0,0,42662910,7663,0,42518398,8197,0
1185,32900173794136,32900175670458,20002942,sA-eth3,up,32900175496275,netem,44221152,33998,0,0,0,0,0,42662910,7663,0,42518398,8197,0
1186,32900193790749,32900195628209,19996613,sA-eth3,up,32900195458777,netem,44221152,33998,0,0,0,0,0,42662910,7663,0,42518398,8197,0
1187,32900213783461,32900216589162,19992712,sA-eth3,up,32900216395500,netem,44221242,33999,0,0,0,33308,2,42662910,7663,0,42518488,8198,0
1188,32900233784803,32900236037718,20001342,sA-eth3,up,32900235850487,netem,44461968,34158,0,0,0,36336,3,42663966,7679,0,42749776,8214,0
1189,32900253785455,32900255634227,20000652,sA-eth3,up,32900255465994,netem,44707236,34320,0,0,0,37850,3,42664758,7691,0,42992846,8233,0
1190,32900273791308,32900275632708,20005853,sA-eth3,up,32900275466477,netem,44949476,34480,0,0,0,52990,4,42665880,7708,0,43232954,8251,0
1191,32900293784580,32900296154086,19993272,sA-eth3,up,32900295964634,netem,45215940,34656,0,0,0,39364,3,42666936,7724,0,43474510,8269,0
1192,32900313790162,32900316390561,20005582,sA-eth3,up,32900316213799,netem,45464236,34820,0,0,0,30280,2,42667794,7737,0,43713236,8288,0
1193,32900333793815,32900336088890,20003653,sA-eth3,up,32900335896869,netem,45714046,34985,0,0,0,22710,2,42668784,7752,0,43953344,8306,0
1194,32900353788917,32900356087623,19995102,sA-eth3,up,32900355898650,netem,45959314,35147,0,0,0,49962,3,42669576,7764,0,44189108,8324,0
1195,32900373782860,32900375963193,19993943,sA-eth3,up,32900375793272,netem,46213666,35315,0,0,0,30280,2,42670500,7778,0,44433626,8343,0
1196,32900393801341,32900396035576,20018481,sA-eth3,up,32900395835524,netem,46414028,35448,0,0,0,0,0,42671226,7789,0,44626134,8357,0
1197,32900413788014,32900416043239,19986673,sA-eth3,up,32900415856797,netem,46414028,35448,0,0,0,0,0,42671226,7789,0,44626134,8357,0
1198,32900433790277,32900436145672,20002263,sA-eth3,up,32900435948610,netem,46414028,35448,0,0,0,0,0,42671226,7789,0,44626134,8357,0
1199,32900453791009,32900455590409,20000732,sA-eth3,up,32900455415366,netem,46414028,35448,0,0,0,0,0,42671226,7789,0,44626134,8357,0
1200,32900473792390,32900475621582,20001381,sA-eth3,up,32900475423019,netem,46414028,35448,0,0,0,0,0,42671226,7789,0,44626134,8357,0
1201,32900493794733,32900495628313,20002343,sA-eth3,up,32900495450031,netem,46414028,35448,0,0,0,0,0,42671226,7789,0,44626134,8357,0
1202,32900513792736,32900515647956,19998003,sA-eth3,up,32900515478665,netem,46414028,35448,0,0,0,0,0,42671226,7789,0,44626134,8357,0
1203,32900533790198,32900535584077,19997462,sA-eth3,up,32900535408355,netem,46414028,35448,0,0,0,0,0,42671226,7789,0,44626134,8357,0
1204,32900553792719,32900556576241,20002521,sA-eth3,up,32900556401009,netem,46414434,35453,0,0,0,86,1,42688998,7795,0,44626626,8363,0
1205,32900573796582,32900576068257,20003863,sA-eth3,up,32900575874426,netem,46415182,35463,0,0,0,0,0,42730136,7804,0,44627288,8372,0
1206,32900593809015,32900596094900,20012433,sA-eth3,up,32900595899937,netem,46415470,35467,0,0,0,0,0,42759360,7808,0,44627576,8376,0
1207,32900613793637,32900615949461,19984622,sA-eth3,up,32900615770199,netem,46415470,35467,0,0,0,0,0,42759360,7808,0,44627576,8376,0
1208,32900633792259,32900636059825,19998622,sA-eth3,up,32900635852843,netem,46415470,35467,0,0,0,0,0,42759360,7808,0,44627576,8376,0
1209,32900653787991,32900655956565,19995732,sA-eth3,up,32900655784813,netem,46415470,35467,0,0,0,0,0,42759360,7808,0,44627576,8376,0
1210,32900673804494,32900676135559,20016503,sA-eth3,up,32900675925257,netem,46415470,35467,0,0,0,0,0,42759360,7808,0,44627576,8376,0
1211,32900693821687,32900695920550,20017193,sA-eth3,up,32900695659357,netem,46415470,35467,0,0,0,0,0,42759360,7808,0,44627576,8376,0
1212,32900713812219,32900715754230,19990532,sA-eth3,up,32900715519447,netem,46415470,35467,0,0,0,0,0,42759360,7808,0,44627576,8376,0
1213,32900733806091,32900735643042,19993872,sA-eth3,up,32900735441579,netem,46415470,35467,0,0,0,0,0,42759360,7808,0,44627576,8376,0
1214,32900753819123,32900756164030,20013032,sA-eth3,up,32900755916747,netem,46415470,35467,0,0,0,0,0,42759360,7808,0,44627576,8376,0
1215,32900773814946,32900776120981,19995823,sA-eth3,up,32900775849658,netem,46415470,35467,0,0,0,0,0,42759360,7808,0,44627576,8376,0
1216,32900793811748,32900796268524,19996802,sA-eth3,up,32900796035932,netem,46415470,35467,0,0,0,0,0,42759360,7808,0,44627576,8376,0
1217,32900813813070,32900816098616,20001322,sA-eth3,up,32900815846183,netem,46415692,35470,0,0,0,0,0,42775552,7812,0,44627798,8379,0
1218,32900833815592,32900835923276,20002522,sA-eth3,up,32900835682923,netem,46416256,35478,0,0,0,66,1,42828274,7821,0,44628362,8387,0
1219,32900853826685,32900856222831,20011093,sA-eth3,up,32900855979338,netem,46416796,35486,0,0,0,0,0,42869214,7827,0,44628902,8395,0
1220,32900873809607,32900876366645,19982922,sA-eth3,up,32900876137593,netem,46417228,35492,0,0,0,0,0,42920356,7834,0,44629334,8401,0
1221,32900893809179,32900896222966,19999572,sA-eth3,up,32900895964133,netem,46417294,35493,0,0,0,0,0,42920356,7834,0,44629400,8402,0
1222,32900913816572,32900916079786,20007393,sA-eth3,up,32900915828684,netem,46417294,35493,0,0,0,0,0,42920356,7834,0,44629400,8402,0
1223,32900933806784,32900936200620,19990212,sA-eth3,up,32900935938027,netem,46417294,35493,0,0,0,0,0,42920356,7834,0,44629400,8402,0
1224,32900953802256,32900955739247,19995472,sA-eth3,up,32900955496664,netem,46417294,35493,0,0,0,0,0,42920356,7834,0,44629400,8402,0
1225,32900973802928,32900975705669,20000672,sA-eth3,up,32900975473177,netem,46417294,35493,0,0,0,0,0,42920356,7834,0,44629400,8402,0
1226,32900993813021,32900995750812,20010093,sA-eth3,up,32900995517139,netem,46417294,35493,0,0,0,0,0,42920356,7834,0,44629400,8402,0
1227,32901013817443,32901016288380,20004422,sA-eth3,up,32901016103918,netem,46417294,35493,0,0,0,0,0,42920356,7834,0,44629400,8402,0
1228,32901033793884,32901035802747,19976441,sA-eth3,up,32901035628035,netem,46417294,35493,0,0,0,0,0,42920356,7834,0,44629400,8402,0
1229,32901053792187,32901055679349,19998303,sA-eth3,up,32901055511296,netem,46417294,35493,0,0,0,0,0,42920356,7834,0,44629400,8402,0
1230,32901073785019,32901075608829,19992832,sA-eth3,up,32901075413347,netem,46417294,35493,0,0,0,0,0,42920356,7834,0,44629400,8402,0
1231,32901093796242,32901095698163,20011223,sA-eth3,up,32901095521681,netem,46417294,35493,0,0,0,0,0,42920356,7834,0,44629400,8402,0
1232,32901113794373,32901116156290,19998131,sA-eth3,up,32901115956928,netem,46417294,35493,0,0,0,0,0,42920356,7834,0,44629400,8402,0
1233,32901133806636,32901136024591,20012263,sA-eth3,up,32901135829359,netem,46417294,35493,0,0,0,0,0,42920356,7834,0,44629400,8402,0
1234,32901153792388,32901155568198,19985752,sA-eth3,up,32901155391026,netem,46417294,35493,0,0,0,0,0,42920356,7834,0,44629400,8402,0
1235,32901173792461,32901175947754,20000073,sA-eth3,up,32901175770313,netem,46417294,35493,0,0,0,0,0,42920356,7834,0,44629400,8402,0
1236,32901193803834,32901195750515,20011373,sA-eth3,up,32901195566093,netem,46417294,35493,0,0,0,0,0,42920356,7834,0,44629400,8402,0
1237,32901213791595,32901216230312,19987761,sA-eth3,up,32901216021230,netem,46417294,35493,0,0,0,0,0,42920356,7834,0,44629400,8402,0
1238,32901233798608,32901235650789,20007013,sA-eth3,up,32901235464987,netem,46417294,35493,0,0,0,0,0,42920356,7834,0,44629400,8402,0
1239,32901253795780,32901256033445,19997172,sA-eth3,up,32901255786952,netem,46417294,35493,0,0,0,0,0,42920356,7834,0,44629400,8402,0
1240,32901273804653,32901275725103,20008873,sA-eth3,up,32901275546112,netem,46417294,35493,0,0,0,0,0,42920356,7834,0,44629400,8402,0
1241,32901293797795,32901296041269,19993142,sA-eth3,up,32901295841628,netem,46417294,35493,0,0,0,0,0,42920356,7834,0,44629400,8402,0
1242,32901313807027,32901315770559,20009232,sA-eth3,up,32901315540226,netem,46417294,35493,0,0,0,0,0,42920356,7834,0,44629400,8402,0
1243,32901333799469,32901336215907,19992442,sA-eth3,up,32901335997604,netem,46417294,35493,0,0,0,0,0,42920356,7834,0,44629400,8402,0
1244,32901353804042,32901355759473,20004573,sA-eth3,up,32901355584142,netem,46417294,35493,0,0,0,0,0,42920356,7834,0,44629400,8402,0
1245,32901373791444,32901375626214,19987402,sA-eth3,up,32901375445702,netem,46417294,35493,0,0,0,0,0,42920356,7834,0,44629400,8402,0
1246,32901393796246,32901395642417,20004802,sA-eth3,up,32901395438375,netem,46417294,35493,0,0,0,0,0,42920356,7834,0,44629400,8402,0
1247,32901413792518,32901415774491,19996272,sA-eth3,up,32901415606949,netem,46417294,35493,0,0,0,0,0,42920356,7834,0,44629400,8402,0
1248,32901433806410,32901436140537,20013892,sA-eth3,up,32901435935154,netem,46417294,35493,0,0,0,0,0,42920356,7834,0,44629400,8402,0
1249,32901453796873,32901455657814,19990463,sA-eth3,up,32901455432201,netem,46417294,35493,0,0,0,0,0,42920356,7834,0,44629400,8402,0
1250,32901473796855,32901475644817,19999982,sA-eth3,up,32901475441864,netem,46417294,35493,0,0,0,0,0,42920356,7834,0,44629400,8402,0
1251,32901493791948,32901495687429,19995093,sA-eth3,up,32901495449136,netem,46417294,35493,0,0,0,0,0,42920356,7834,0,44629400,8402,0
1252,32901513824161,32901516134496,20032213,sA-eth3,up,32901515927643,netem,46417516,35496,0,0,0,78,1,42935166,7839,0,44629622,8405,0
1253,32901533798192,32901535636593,19974031,sA-eth3,up,32901535461441,netem,46418338,35507,0,0,0,0,0,42979266,7849,0,44630444,8416,0
1254,32901553792445,32901555550154,19994253,sA-eth3,up,32901555367971,netem,46418790,35513,0,0,0,0,0,43018824,7856,0,44630896,8422,0
1255,32901573797627,32901575613387,20005182,sA-eth3,up,32901575424045,netem,46419660,35524,0,0,0,66,1,43076022,7867,0,44631832,8434,0
1256,32901593800268,32901595600469,20002641,sA-eth3,up,32901595418387,netem,46420464,35536,0,0,0,78,1,43162180,7878,0,44632570,8445,0
1257,32901613797141,32901615620872,19996873,sA-eth3,up,32901615437610,netem,46421370,35547,0,0,0,78,1,43213586,7889,0,44633476,8456,0
1258,32901633811614,32901635695625,20014473,sA-eth3,up,32901635450582,netem,46422312,35560,0,0,0,66,1,43334694,7903,0,44634418,8470,0
1259,32901653801116,32901655741498,19989502,sA-eth3,up,32901655507035,netem,46423008,35570,0,0,0,0,0,43404924,7914,0,44635114,8479,0
1260,32901673809839,32901675729209,20008723,sA-eth3,up,32901675545138,netem,46423950,35583,0,0,0,0,0,43523070,7927,0,44636056,8492,0
1261,32901693810740,32901695852794,20000901,sA-eth3,up,32901695614251,netem,46424742,35593,0,0,0,78,1,43600540,7938,0,44636926,8503,0
1262,32901713804683,32901715777845,19993943,sA-eth3,up,32901715542662,netem,46425570,35605,0,0,0,0,0,43696900,7950,0,44637676,8514,0
1263,32901733814206,32901735756897,20009523,sA-eth3,up,32901735526234,netem,46426198,35613,0,0,0,78,1,43758244,7958,0,44638304,8522,0
1264,32901753805287,32901755661488,19991081,sA-eth3,up,32901755466216,netem,46426768,35620,0,0,0,0,0,43810768,7964,0,44638874,8529,0
1265,32901773822279,32901775795952,20016992,sA-eth3,up,32901775582109,netem,46427264,35626,0,0,0,0,0,43867702,7971,0,44639370,8535,0
1266,32901793803902,32901795757094,19981623,sA-eth3,up,32901795537301,netem,46427882,35633,0,0,0,0,0,43920226,7977,0,44639988,8542,0
1267,32901813802434,32901815676165,19998532,sA-eth3,up,32901815474712,netem,46428700,35644,0,0,0,0,0,44016586,7989,0,44640806,8553,0
1268,32901833805246,32901835625367,20002812,sA-eth3,up,32901835421274,netem,46429408,35654,0,0,0,0,0,44082340,7998,0,44641514,8563,0
1269,32901853806099,32901855676330,20000853,sA-eth3,up,32901855488217,netem,46430152,35664,0,0,0,0,0,44165536,8008,0,44642258,8573,0
1270,32901873795081,32901875841893,19988982,sA-eth3,up,32901875575210,netem,46430896,35674,0,0,0,0,0,44244388,8019,0,44643002,8583,0
1271,32901893798394,32901895673384,20003313,sA-eth3,up,32901895496683,netem,46431538,35683,0,0,0,66,1,44323174,8027,0,44643644,8592,0
1272,32901913793435,32901915722487,19995041,sA-eth3,up,32901915546964,netem,46432438,35695,0,0,0,66,1,44410912,8040,0,44644544,8604,0
1273,32901933796828,32901936205794,20003393,sA-eth3,up,32901936025982,netem,46433236,35706,0,0,0,0,0,44489764,8050,0,44645342,8615,0
1274,32901953794810,32901955659140,19997982,sA-eth3,up,32901955487889,netem,46433766,35713,0,0,0,0,0,44551042,8057,0,44645872,8622,0
1275,32901973789083,32901976097938,19994273,sA-eth3,up,32901975857895,netem,46434030,35717,0,0,0,0,0,44572904,8060,0,44646136,8626,0
1276,32901993807724,32901995774226,20018641,sA-eth3,up,32901995600075,netem,46434030,35717,0,0,0,0,0,44572904,8060,0,44646136,8626,0
1277,32902013791746,32902015703488,19984022,sA-eth3,up,32902015522506,netem,46434030,35717,0,0,0,0,0,44572904,8060,0,44646136,8626,0
1278,32902033805359,32902035801671,20013613,sA-eth3,up,32902035566039,netem,46434030,35717,0,0,0,0,0,44572904,8060,0,44646136,8626,0
1279,32902053763620,32902055635552,19958261,sA-eth3,up,32902055421149,netem,46434030,35717,0,0,0,0,0,44572904,8060,0,44646136,8626,0
1280,32902073791663,32902075672674,20028043,sA-eth3,up,32902075473072,netem,46434030,35717,0,0,0,0,0,44572904,8060,0,44646136,8626,0
1281,32902093799826,32902096215543,20008163,sA-eth3,up,32902095974500,netem,46434030,35717,0,0,0,0,0,44572904,8060,0,44646136,8626,0
1282,32902113794088,32902115741990,19994262,sA-eth3,up,32902115561298,netem,46434030,35717,0,0,0,0,0,44572904,8060,0,44646136,8626,0
1283,32902133788231,32902135601571,19994143,sA-eth3,up,32902135415248,netem,46434030,35717,0,0,0,0,0,44572904,8060,0,44646136,8626,0
1284,32902153752162,32902155958707,19963931,sA-eth3,up,32902155779184,netem,46434294,35721,0,0,0,66,1,44621108,8066,0,44646400,8630,0
1285,32902173762964,32902176021560,20010802,sA-eth3,up,32902175803787,netem,46435236,35734,0,0,0,0,0,44733462,8079,0,44647342,8643,0
1286,32902193788238,32902196168753,20025274,sA-eth3,up,32902195977752,netem,46436128,35746,0,0,0,78,1,44821200,8092,0,44648234,8655,0
1287,32902213786319,32902215852302,19998081,sA-eth3,up,32902215680330,netem,46437114,35759,0,0,0,78,1,44935068,8106,0,44649220,8668,0
1288,32902233790042,32902235867545,20003723,sA-eth3,up,32902235648683,netem,46438034,35771,0,0,0,0,0,45035838,8119,0,44650140,8680,0
1289,32902253788664,32902255757706,19998622,sA-eth3,up,32902255588054,netem,46439076,35784,0,0,0,0,0,45123510,8131,0,44651182,8693,0
1290,32902273792756,32902275770658,20004092,sA-eth3,up,32902275599216,netem,46439790,35793,0,0,0,78,1,45199466,8141,0,44651974,8703,0
1291,32902293841030,32902296285007,20048274,sA-eth3,up,32902295978733,netem,46440698,35805,0,0,0,0,0,45278450,8153,0,44652804,8714,0
1292,32902313796971,32902316036196,19955941,sA-eth3,up,32902315791423,netem,46441360,35814,0,0,0,0,0,45331040,8160,0,44653466,8723,0
1293,32902333788013,32902336267361,19991042,sA-eth3,up,32902336074139,netem,46525228,35876,0,0,0,30346,3,45396992,8172,0,44734100,8736,0
1294,32902353791776,32902355830988,20003763,sA-eth3,up,32902355648826,netem,46766752,36046,0,0,0,47066,6,45489668,8194,0,44966252,8764,0
1295,32902373789937,32902375705369,19998161,sA-eth3,up,32902375522657,netem,47020100,36220,0,0,0,50118,5,45543116,8214,0,45209832,8790,0
1296,32902393799980,32902395584789,20010043,sA-eth3,up,32902395405438,netem,47276602,36397,0,0,0,50048,4,45613742,8231,0,45456368,8816,0
1297,32902413796182,32902415868775,19996202,sA-eth3,up,32902415693704,netem,47514894,36561,0,0,0,93946,7,45667058,8249,0,45701414,8841,0
1298,32902433789325,32902436098540,19993143,sA-eth3,up,32902435902778,netem,47771104,36734,0,0,0,101602,9,45711488,8264,0,45947736,8864,0
1299,32902453794247,32902455870430,20004922,sA-eth3,up,32902455691308,netem,48027462,36909,0,0,0,95640,9,45778100,8286,0,46178122,8887,0
1300,32902473794339,32902475653810,20000092,sA-eth3,up,32902475470678,netem,48266058,37077,0,0,0,119996,14,45850636,8310,0,46407412,8914,0
1301,32902493795012,32902495681912,20000673,sA-eth3,up,32902495486290,netem,48519622,37253,0,0,0,120566,13,45923040,8332,0,46651076,8940,0
1302,32902513793984,32902515769076,19998972,sA-eth3,up,32902515562753,netem,48640998,37349,0,0,0,86,1,46011042,8349,0,46767700,8964,0
1303,32902533794325,32902535708547,20000341,sA-eth3,up,32902535517184,netem,48641964,37362,0,0,0,66,1,46117670,8363,0,46768666,8977,0
1304,32902553795248,32902555617068,20000923,sA-eth3,up,32902555434117,netem,48642610,37371,0,0,0,0,0,46174670,8371,0,46769312,8986,0
1305,32902573787231,32902575637691,19991983,sA-eth3,up,32902575408578,netem,48643420,37382,0,0,0,0,0,46257998,8383,0,46770122,8997,0
1306,32902593788332,32902595638303,20001101,sA-eth3,up,32902595428751,netem,48644326,37395,0,0,0,132,2,46363112,8396,0,46771028,9010,0
1307,32902613797134,32902615666336,20008802,sA-eth3,up,32902615493753,netem,48645270,37407,0,0,0,86,1,46458024,8408,0,46771972,9022,0
1308,32902633800107,32902635669549,20002973,sA-eth3,up,32902635485236,netem,48646090,37417,0,0,0,86,1,46529702,8419,0,46772878,9033,0
1309,32902653796060,32902655758761,19995953,sA-eth3,up,32902655487329,netem,48646960,37428,0,0,0,66,1,46598484,8430,0,46773728,9044,0
1310,32902673798432,32902676096337,20002372,sA-eth3,up,32902675894455,netem,48647646,37437,0,0,0,0,0,46652522,8437,0,46774348,9052,0
1311,32902693796434,32902695854187,19998002,sA-eth3,up,32902695613795,netem,48648130,37443,0,0,0,0,0,46709456,8444,0,46774832,9058,0
1312,32902713795766,32902716137822,19999332,sA-eth3,up,32902715897009,netem,48648664,37450,0,0,0,0,0,46766390,8451,0,46775366,9065,0
1313,32902733802329,32902736301447,20006563,sA-eth3,up,32902736092544,netem,48649116,37456,0,0,0,0,0,46832078,8459,0,46775818,9071,0
1314,32902753789290,32902755665292,19986961,sA-eth3,up,32902755479520,netem,48649502,37461,0,0,0,0,0,46906520,8468,0,46776204,9076,0
1315,32902773807853,32902776117239,20018563,sA-eth3,up,32902775914507,netem,48649880,37466,0,0,0,0,0,46963454,8475,0,46776582,9081,0
1316,32902793785805,32902795778818,19977952,sA-eth3,up,32902795596895,netem,48650500,37474,0,0,0,0,0,47029142,8483,0,46777202,9089,0
1317,32902813795508,32902815553737,20009703,sA-eth3,up,32902815371225,netem,48650972,37480,0,0,0,0,0,47072912,8488,0,46777674,9095,0
1318,32902833789699,32902836078616,19994191,sA-eth3,up,32902835886134,netem,48650972,37480,0,0,0,0,0,47072912,8488,0,46777674,9095,0
1319,32902853799942,32902855652433,20010243,sA-eth3,up,32902855479681,netem,48650972,37480,0,0,0,0,0,47072912,8488,0,46777674,9095,0
1320,32902873799675,32902875654015,19999733,sA-eth3,up,32902875485683,netem,48650972,37480,0,0,0,0,0,47072912,8488,0,46777674,9095,0
1321,32902893790807,32902895600357,19991132,sA-eth3,up,32902895426975,netem,48650972,37480,0,0,0,0,0,47072912,8488,0,46777674,9095,0
1322,32902913784459,32902915549718,19993652,sA-eth3,up,32902915374857,netem,48650972,37480,0,0,0,0,0,47072912,8488,0,46777674,9095,0
1323,32902933788021,32902935639002,20003562,sA-eth3,up,32902935459980,netem,48650972,37480,0,0,0,0,0,47072912,8488,0,46777674,9095,0
1324,32902953784494,32902955646614,19996473,sA-eth3,up,32902955477443,netem,48650972,37480,0,0,0,0,0,47072912,8488,0,46777674,9095,0
1325,32902973788745,32902975598756,20004251,sA-eth3,up,32902975422944,netem,48650972,37480,0,0,0,0,0,47072912,8488,0,46777674,9095,0
1326,32902993783248,32902995600849,19994503,sA-eth3,up,32902995425236,netem,48650972,37480,0,0,0,0,0,47072912,8488,0,46777674,9095,0
1327,32903013787690,32903015643781,20004442,sA-eth3,up,32903015462939,netem,48650972,37480,0,0,0,0,0,47072912,8488,0,46777674,9095,0
1328,32903033799323,32903036125028,20011633,sA-eth3,up,32903035925896,netem,48651550,37487,0,0,0,0,0,47099438,8495,0,46778252,9102,0
1329,32903053785835,32903055869688,19986512,sA-eth3,up,32903055703706,netem,48652112,37494,0,0,0,66,1,47131888,8504,0,46778880,9110,0
1330,32903073782477,32903075596527,19996642,sA-eth3,up,32903075414726,netem,48653052,37506,0,0,0,78,1,47184808,8516,0,46779832,9122,0
1331,32903093795640,32903095680911,20013163,sA-eth3,up,32903095506229,netem,48653660,37514,0,0,0,0,0,47244638,8523,0,46780362,9129,0
1332,32903113798832,32903116128458,20003192,sA-eth3,up,32903115867655,netem,48654298,37523,0,0,0,0,0,47319146,8533,0,46781000,9138,0
1333,32903133783414,32903135580494,19984582,sA-eth3,up,32903135398172,netem,48655054,37533,0,0,0,78,1,47395234,8545,0,46781834,9149,0
1334,32903153788306,32903155569706,20004892,sA-eth3,up,32903155389494,netem,48655894,37545,0,0,0,66,1,47481392,8556,0,46782662,9161,0
1335,32903173788189,32903175589558,19999883,sA-eth3,up,32903175409936,netem,48656884,37558,0,0,0,66,1,47564720,8568,0,46783652,9174,0
1336,32903193788971,32903195615061,20000782,sA-eth3,up,32903195424619,netem,48657640,37568,0,0,0,0,0,47617442,8577,0,46784342,9183,0
1337,32903213786633,32903216118929,19997662,sA-eth3,up,32903215925957,netem,48658252,37576,0,0,0,0,0,47674508,8586,0,46784954,9191,0
1338,32903233792435,32903235804757,20005802,sA-eth3,up,32903235576835,netem,48731100,37626,0,0,0,0,0,47674904,8592,0,46855030,9199,0
1339,32903253804318,32903255622787,20011883,sA-eth3,up,32903255416025,netem,48764408,37648,0,0,0,0,0,47675366,8599,0,46887612,9210,0
1340,32903273790830,32903275639720,19986512,sA-eth3,up,32903275464928,netem,48800744,37672,0,0,0,0,0,47676092,8610,0,46923156,9222,0
1341,32903293786352,32903296140188,19995522,sA-eth3,up,32903295940656,netem,48834052,37694,0,0,0,0,0,47676752,8620,0,46955804,9234,0
1342,32903313787624,32903315737866,20001272,sA-eth3,up,32903315566864,netem,48867360,37716,0,0,0,0,0,47677412,8630,0,46988386,9245,0
1343,32903333788327,32903335743299,20000703,sA-eth3,up,32903335561567,netem,48894612,37734,0,0,0,0,0,47677874,8637,0,47015044,9254,0
1344,32903353807020,32903355834672,20018693,sA-eth3,up,32903355627870,netem,48911266,37745,0,0,0,6056,2,47678204,8642,0,47037292,9262,0
1345,32903373789941,32903375752483,19982921,sA-eth3,up,32903375576280,netem,48941546,37765,0,0,0,0,0,47678600,8648,0,47060988,9270,0
1346,32903393804934,32903395755556,20014993,sA-eth3,up,32903395528513,netem,48965770,37781,0,0,0,0,0,47679128,8656,0,47084816,9280,0
1347,32903413795766,32903415707846,19990832,sA-eth3,up,32903415541066,netem,48985452,37794,0,0,0,0,0,47679326,8659,0,47104102,9287,0
1348,32903433792578,32903435840681,19996812,sA-eth3,up,32903435668089,netem,48985624,37796,0,0,0,0,0,47694070,8663,0,47104274,9289,0
1349,32903453799020,32903455818433,20006442,sA-eth3,up,32903455649271,netem,48986326,37805,0,0,0,0,0,47723558,8671,0,47104976,9298,0
1350,32903473792743,32903475772895,19993723,sA-eth3,up,32903475607283,netem,48986860,37812,0,0,0,0,0,47764630,8679,0,47105510,9305,0
1351,32903493788975,32903495666255,19996232,sA-eth3,up,32903495500374,netem,48987480,37820,0,0,0,0,0,47815772,8686,0,47106130,9313,0
1352,32903513794307,32903515745849,20005332,sA-eth3,up,32903515572387,netem,48988146,37829,0,0,0,0,0,47888832,8696,0,47106796,9322,0
1353,32903533798119,32903535920853,20003812,sA-eth3,up,32903535742021,netem,48988842,37839,0,0,0,66,1,47961892,8706,0,47107492,9332,0
1354,32903553792252,32903555780764,19994133,sA-eth3,up,32903555610601,netem,48989340,37846,0,0,0,0,0,48013034,8713,0,47107990,9339,0
1355,32903573788023,32903576078570,19995771,sA-eth3,up,32903575889637,netem,48989832,37852,0,0,0,0,0,48049564,8718,0,47108482,9345,0
1356,32903593792056,32903595811438,20004033,sA-eth3,up,32903595647247,netem,48989832,37852,0,0,0,0,0,48049564,8718,0,47108482,9345,0
1357,32903613801678,32903616186886,20009622,sA-eth3,up,32903615995013,netem,48989832,37852,0,0,0,0,0,48049564,8718,0,47108482,9345,0
1358,32903633794811,32903636605102,19993133,sA-eth3,up,32903636399939,netem,49038280,37884,0,0,0,33308,2,48049708,8720,0,47155082,9349,0
1359,32903653785503,32903655996637,19990692,sA-eth3,up,32903655813066,netem,49262352,38032,0,0,0,43906,4,48050368,8730,0,47370508,9366,0
1360,32903673787255,32903675746797,20001752,sA-eth3,up,32903675536105,netem,49498536,38188,0,0,0,30280,2,48051358,8745,0,47612196,9386,0
1361,32903693756447,32903696503778,19969192,sA-eth3,up,32903696301725,netem,49763486,38363,0,0,0,37850,3,48052084,8756,0,47859544,9404,0
1362,32903713781780,32903715993224,20025333,sA-eth3,up,32903715811252,netem,50005726,38523,0,0,0,30280,2,48053140,8772,0,48085106,9421,0
1363,32903733773882,32903735913965,19992102,sA-eth3,up,32903735728043,netem,50248036,38684,0,0,0,45420,3,48054064,8786,0,48332590,9441,0
1364,32903753791694,32903755985388,20017812,sA-eth3,up,32903755770346,netem,50503902,38853,0,0,0,52990,3,48054922,8799,0,48563944,9458,0
1365,32903773751746,32903775869439,19960052,sA-eth3,up,32903775657247,netem,50755226,39019,0,0,0,30280,2,48055780,8812,0,48805500,9476,0
1366,32903793795059,32903795851042,20043313,sA-eth3,up,32903795654009,netem,50857322,39089,0,0,0,0,0,48075264,8822,0,48903636,9486,0
1367,32903813804211,32903815766183,20009152,sA-eth3,up,32903815575691,netem,50857994,39099,0,0,0,0,0,48136674,8831,0,48904308,9496,0
1368,32903833796033,32903835737785,19991822,sA-eth3,up,32903835553963,netem,50858372,39104,0,0,0,66,1,48180510,8837,0,48904752,9502,0
1369,32903853795776,32903855855058,19999743,sA-eth3,up,32903855651846,netem,50858870,39111,0,0,0,0,0,48224346,8843,0,48905184,9508,0
1370,32903873814978,32903875977982,20019202,sA-eth3,up,32903875769940,netem,50859376,39118,0,0,0,0,0,48275488,8850,0,48905690,9515,0
1371,32903893791370,32903895700832,19976392,sA-eth3,up,32903895521019,netem,50860082,39127,0,0,0,66,1,48329724,8860,0,48906396,9524,0
1372,32903913794892,32903916111878,20003522,sA-eth3,up,32903915918926,netem,50860736,39136,0,0,0,66,1,48394030,8869,0,48907116,9534,0
1373,32903933807175,32903935950039,20012283,sA-eth3,up,32903935766127,netem,50861498,39147,0,0,0,0,0,48465642,8879,0,48907812,9544,0
1374,32903953800128,32903955764839,19992953,sA-eth3,up,32903955588897,netem,50862308,39158,0,0,0,66,1,48553380,8892,0,48908688,9556,0
1375,32903973794339,32903975837373,19994211,sA-eth3,up,32903975644910,netem,50862650,39163,0,0,0,0,0,48569440,8894,0,48908964,9560,0
1376,32903993788431,32903995698833,19994092,sA-eth3,up,32903995511381,netem,50862650,39163,0,0,0,0,0,48569440,8894,0,48908964,9560,0
1377,32904013786894,32904015700336,19998463,sA-eth3,up,32904015521663,netem,50862650,39163,0,0,0,0,0,48569440,8894,0,48908964,9560,0
1378,32904033800907,32904035756879,20014013,sA-eth3,up,32904035568356,netem,50862650,39163,0,0,0,0,0,48569440,8894,0,48908964,9560,0
1379,32904053794768,32904055730940,19993861,sA-eth3,up,32904055542147,netem,50862650,39163,0,0,0,0,0,48569440,8894,0,48908964,9560,0
1380,32904073785871,32904075690852,19991103,sA-eth3,up,32904075514260,netem,50862650,39163,0,0,0,0,0,48569440,8894,0,48908964,9560,0
1381,32904093801263,32904095721165,20015392,sA-eth3,up,32904095529933,netem,50862650,39163,0,0,0,0,0,48569440,8894,0,48908964,9560,0
1382,32904113797266,32904116212322,19996003,sA-eth3,up,32904116023691,netem,50862650,39163,0,0,0,0,0,48569440,8894,0,48908964,9560,0
1383,32904133796088,32904135691819,19998822,sA-eth3,up,32904135512097,netem,50862650,39163,0,0,0,0,0,48569440,8894,0,48908964,9560,0
1384,32904153788970,32904156033455,19992882,sA-eth3,up,32904155838693,netem,50862650,39163,0,0,0,0,0,48569440,8894,0,48908964,9560,0
1385,32904173792972,32904175635252,20004002,sA-eth3,up,32904175445561,netem,50862650,39163,0,0,0,0,0,48569440,8894,0,48908964,9560,0
1386,32904193793025,32904195684235,20000053,sA-eth3,up,32904195509334,netem,50863016,39168,0,0,0,0,0,48591556,8900,0,48909330,9565,0
1387,32904213793356,32904216149503,20000331,sA-eth3,up,32904215953331,netem,50863082,39169,0,0,0,0,0,48591556,8900,0,48909396,9566,0
1388,32904233795209,32904235682280,20001853,sA-eth3,up,32904235480068,netem,50863082,39169,0,0,0,0,0,48591556,8900,0,48909396,9566,0
1389,32904253791881,32904256123067,19996672,sA-eth3,up,32904255935785,netem,50863082,39169,0,0,0,0,0,48591556,8900,0,48909396,9566,0
1390,32904273793134,32904275807886,20001253,sA-eth3,up,32904275640924,netem,50863082,39169,0,0,0,0,0,48591556,8900,0,48909396,9566,0
1391,32904293794947,32904295736998,20001813,sA-eth3,up,32904295562746,netem,50863082,39169,0,0,0,0,0,48591556,8900,0,48909396,9566,0
1392,32904313792298,32904315626199,19997351,sA-eth3,up,32904315425686,netem,50863082,39169,0,0,0,0,0,48591556,8900,0,48909396,9566,0
1393,32904333792791,32904335612950,20000493,sA-eth3,up,32904335438920,netem,50863082,39169,0,0,0,0,0,48591556,8900,0,48909396,9566,0
1394,32904353793043,32904355649464,20000252,sA-eth3,up,32904355481462,netem,50863082,39169,0,0,0,0,0,48591556,8900,0,48909396,9566,0
1395,32904373797416,32904375898318,20004373,sA-eth3,up,32904375715816,netem,50863082,39169,0,0,0,0,0,48591556,8900,0,48909396,9566,0
1396,32904393794747,32904395992872,19997331,sA-eth3,up,32904395825731,netem,50863082,39169,0,0,0,0,0,48591556,8900,0,48909396,9566,0
1397,32904413792860,32904415576999,19998113,sA-eth3,up,32904415395238,netem,50863082,39169,0,0,0,0,0,48591556,8900,0,48909396,9566,0
1398,32904433795882,32904436145868,20003022,sA-eth3,up,32904435947047,netem,50863082,39169,0,0,0,0,0,48591556,8900,0,48909396,9566,0
1399,32904453799855,32904455712715,20003973,sA-eth3,up,32904455535414,netem,50863082,39169,0,0,0,0,0,48591556,8900,0,48909396,9566,0
1400,32904473782906,32904476121123,19983051,sA-eth3,up,32904475932510,netem,50863082,39169,0,0,0,0,0,48591556,8900,0,48909396,9566,0
1401,32904493788069,32904495589749,20005163,sA-eth3,up,32904495412567,netem,50863082,39169,0,0,0,0,0,48591556,8900,0,48909396,9566,0
1402,32904513790251,32904515668253,20002182,sA-eth3,up,32904515467990,netem,50863082,39169,0,0,0,0,0,48591556,8900,0,48909396,9566,0
1403,32904533812334,32904535772166,20022083,sA-eth3,up,32904535580794,netem,50863082,39169,0,0,0,0,0,48591556,8900,0,48909396,9566,0
1404,32904553791907,32904555738568,19979573,sA-eth3,up,32904555570556,netem,50863082,39169,0,0,0,0,0,48591556,8900,0,48909396,9566,0
1405,32904573788598,32904576140285,19996691,sA-eth3,up,32904575948953,netem,50863082,39169,0,0,0,0,0,48591556,8900,0,48909396,9566,0
1406,32904593792100,32904595757202,20003502,sA-eth3,up,32904595595080,netem,50863082,39169,0,0,0,0,0,48591556,8900,0,48909396,9566,0
1407,32904613805423,32904615863256,20013323,sA-eth3,up,32904615686503,netem,50863082,39169,0,0,0,0,0,48591556,8900,0,48909396,9566,0
1408,32904633795845,32904635939689,19990422,sA-eth3,up,32904635764166,netem,50863082,39169,0,0,0,0,0,48591556,8900,0,48909396,9566,0
1409,32904653789557,32904655861611,19993712,sA-eth3,up,32904655694459,netem,50863082,39169,0,0,0,0,0,48591556,8900,0,48909396,9566,0
1410,32904673789490,32904675626780,19999933,sA-eth3,up,32904675443998,netem,50863082,39169,0,0,0,0,0,48591556,8900,0,48909396,9566,0
1411,32904693786202,32904695935526,19996712,sA-eth3,up,32904695768005,netem,50863082,39169,0,0,0,0,0,48591556,8900,0,48909396,9566,0
1412,32904713800214,32904715961838,20014012,sA-eth3,up,32904715782056,netem,50863082,39169,0,0,0,0,0,48591556,8900,0,48909396,9566,0
1413,32904733790716,32904735870300,19990502,sA-eth3,up,32904735690168,netem,50863082,39169,0,0,0,0,0,48591556,8900,0,48909396,9566,0
1414,32904753788209,32904755650219,19997493,sA-eth3,up,32904755464608,netem,50863082,39169,0,0,0,0,0,48591556,8900,0,48909396,9566,0
1415,32904773786501,32904775813224,19998292,sA-eth3,up,32904775640441,netem,50863082,39169,0,0,0,0,0,48591556,8900,0,48909396,9566,0
1416,32904793799493,32904796516623,20012992,sA-eth3,up,32904796258740,netem,50863082,39169,0,0,0,0,0,48591556,8900,0,48909396,9566,0
1417,32904813803216,32904816264753,20003723,sA-eth3,up,32904816050770,netem,50863082,39169,0,0,0,0,0,48591556,8900,0,48909396,9566,0
1418,32904833796138,32904836241705,19992922,sA-eth3,up,32904836056433,netem,50863082,39169,0,0,0,0,0,48591556,8900,0,48909396,9566,0
1419,32904853790691,32904856133206,19994553,sA-eth3,up,32904855943514,netem,50863082,39169,0,0,0,0,0,48591556,8900,0,48909396,9566,0
1420,32904873786652,32904876140259,19995961,sA-eth3,up,32904875954967,netem,50863082,39169,0,0,0,0,0,48591556,8900,0,48909396,9566,0
1421,32904893791085,32904895732756,20004433,sA-eth3,up,32904895552194,netem,50863082,39169,0,0,0,0,0,48591556,8900,0,48909396,9566,0
1422,32904913793217,32904915696088,20002132,sA-eth3,up,32904915477246,netem,50863082,39169,0,0,0,0,0,48591556,8900,0,48909396,9566,0
1423,32904933791558,32904936059955,19998341,sA-eth3,up,32904935868342,netem,50863082,39169,0,0,0,0,0,48591556,8900,0,48909396,9566,0
1424,32904953802472,32904955861585,20010914,sA-eth3,up,32904955673432,netem,50863082,39169,0,0,0,0,0,48591556,8900,0,48909396,9566,0
1425,32904973796704,32904975857386,19994232,sA-eth3,up,32904975673985,netem,50863082,39169,0,0,0,0,0,48591556,8900,0,48909396,9566,0
1426,32904993787656,32904995592606,19990952,sA-eth3,up,32904995407444,netem,50863082,39169,0,0,0,0,0,48591556,8900,0,48909396,9566,0
1427,32905013802108,32905015972483,20014452,sA-eth3,up,32905015799371,netem,50863082,39169,0,0,0,0,0,48591556,8900,0,48909396,9566,0
1428,32905033836990,32905036256878,20034882,sA-eth3,up,32905036053575,netem,50863082,39169,0,0,0,0,0,48591556,8900,0,48909396,9566,0
1429,32905053792713,32905056402882,19955723,sA-eth3,up,32905056140508,netem,50863082,39169,0,0,0,0,0,48591556,8900,0,48909396,9566,0
1430,32905073802275,32905076061140,20009562,sA-eth3,up,32905075870448,netem,50863082,39169,0,0,0,0,0,48591556,8900,0,48909396,9566,0
1431,32905093788237,32905096134163,19985962,sA-eth3,up,32905095941021,netem,50863082,39169,0,0,0,0,0,48591556,8900,0,48909396,9566,0
1432,32905113794479,32905115651681,20006242,sA-eth3,up,32905115478728,netem,50863082,39169,0,0,0,0,0,48591556,8900,0,48909396,9566,0
1433,32905133800722,32905136097938,20006243,sA-eth3,up,32905135899306,netem,50863082,39169,0,0,0,0,0,48591556,8900,0,48909396,9566,0
1434,32905153790225,32905155685675,19989503,sA-eth3,up,32905155520254,netem,50863082,39169,0,0,0,0,0,48591556,8900,0,48909396,9566,0
1435,32905173790567,32905175912580,20000342,sA-eth3,up,32905175743608,netem,50863082,39169,0,0,0,0,0,48591556,8900,0,48909396,9566,0
1436,32905193793619,32905195611309,20003052,sA-eth3,up,32905195433798,netem,50863082,39169,0,0,0,0,0,48591556,8900,0,48909396,9566,0
1437,32905213798741,32905215973516,20005122,sA-eth3,up,32905215799363,netem,50863082,39169,0,0,0,0,0,48591556,8900,0,48909396,9566,0
1438,32905233810854,32905235667354,20012113,sA-eth3,up,32905235503173,netem,50863082,39169,0,0,0,0,0,48591556,8900,0,48909396,9566,0
1439,32905253792556,32905255635806,19981702,sA-eth3,up,32905255467634,netem,50863082,39169,0,0,0,0,0,48591556,8900,0,48909396,9566,0
1440,32905273790908,32905275980832,19998352,sA-eth3,up,32905275816340,netem,50863082,39169,0,0,0,0,0,48591556,8900,0,48909396,9566,0
1441,32905293797350,32905296552361,20006442,sA-eth3,up,32905296369439,netem,50863082,39169,0,0,0,0,0,48591556,8900,0,48909396,9566,0
1442,32905313792563,32905316076138,19995213,sA-eth3,up,32905315877216,netem,50863082,39169,0,0,0,0,0,48591556,8900,0,48909396,9566,0
1443,32905333785285,32905335719526,19992722,sA-eth3,up,32905335526904,netem,50863082,39169,0,0,0,0,0,48591556,8900,0,48909396,9566,0
1444,32905353796517,32905355726709,20011232,sA-eth3,up,32905355542657,netem,50863082,39169,0,0,0,0,0,48591556,8900,0,48909396,9566,0
1445,32905373804630,32905376198807,20008113,sA-eth3,up,32905375950214,netem,50863082,39169,0,0,0,0,0,48591556,8900,0,48909396,9566,0
1446,32905393797862,32905396088228,19993232,sA-eth3,up,32905395890915,netem,50863082,39169,0,0,0,0,0,48591556,8900,0,48909396,9566,0
1447,32905413794505,32905415917677,19996643,sA-eth3,up,32905415719485,netem,50863082,39169,0,0,0,0,0,48591556,8900,0,48909396,9566,0
1448,32905433790276,32905436148353,19995771,sA-eth3,up,32905435956200,netem,50863082,39169,0,0,0,0,0,48591556,8900,0,48909396,9566,0
1449,32905453801519,32905456122985,20011243,sA-eth3,up,32905455906663,netem,50863082,39169,0,0,0,0,0,48591556,8900,0,48909396,9566,0
1450,32905473799981,32905475907544,19998462,sA-eth3,up,32905475726623,netem,50863082,39169,0,0,0,0,0,48591556,8900,0,48909396,9566,0
1451,32905493790274,32905495622024,19990293,sA-eth3,up,32905495434151,netem,50863082,39169,0,0,0,0,0,48591556,8900,0,48909396,9566,0
1452,32905513792955,32905515617286,20002681,sA-eth3,up,32905515437324,netem,50863082,39169,0,0,0,0,0,48591556,8900,0,48909396,9566,0
1453,32905533796098,32905536171854,20003143,sA-eth3,up,32905535981452,netem,50863082,39169,0,0,0,0,0,48591556,8900,0,48909396,9566,0
1454,32905553794780,32905555851053,19998682,sA-eth3,up,32905555681901,netem,50863082,39169,0,0,0,0,0,48591556,8900,0,48909396,9566,0
1455,32905573790102,32905575611612,19995322,sA-eth3,up,32905575431431,netem,50863082,39169,0,0,0,0,0,48591556,8900,0,48909396,9566,0
1456,32905593789434,32905595988219,19999332,sA-eth3,up,32905595819076,netem,50863082,39169,0,0,0,0,0,48591556,8900,0,48909396,9566,0
1457,32905613790557,32905615615847,20001123,sA-eth3,up,32905615432775,netem,50863082,39169,0,0,0,0,0,48591556,8900,0,48909396,9566,0
1458,32905633793670,32905635964684,20003113,sA-eth3,up,32905635797232,netem,50863082,39169,0,0,0,0,0,48591556,8900,0,48909396,9566,0
1459,32905653786951,32905655594292,19993281,sA-eth3,up,32905655412089,netem,50863148,39170,0,0,0,0,0,48599060,8904,0,48909462,9567,0
1460,32905673790293,32905675935668,20003342,sA-eth3,up,32905675768395,netem,50864090,39183,0,0,0,0,0,48660536,8914,0,48910404,9580,0
1461,32905693797806,32905696567727,20007513,sA-eth3,up,32905696298514,netem,50864498,39189,0,0,0,0,0,48700160,8922,0,48910812,9586,0
1462,32905713790818,32905716061344,19993012,sA-eth3,up,32905715866031,netem,50865232,39198,0,0,0,0,0,48754330,8931,0,48911546,9595,0
1463,32905733788950,32905735850964,19998132,sA-eth3,up,32905735677781,netem,50866024,39208,0,0,0,0,0,48818768,8942,0,48912338,9605,0
1464,32905753785923,32905756367432,19996973,sA-eth3,up,32905756202290,netem,50866832,39218,0,0,0,78,1,48862868,8952,0,48913146,9615,0
1465,32905773813786,32905775877828,20027863,sA-eth3,up,32905775672936,netem,50867132,39222,0,0,0,0,0,48899530,8959,0,48913446,9619,0
1466,32905793796178,32905795828630,19982392,sA-eth3,up,32905795570727,netem,50867498,39227,0,0,0,0,0,48940606,8967,0,48913812,9624,0
1467,32905813803299,32905816211916,20007121,sA-eth3,up,32905815901893,netem,50868020,39234,0,0,0,66,1,48993460,8978,0,48914400,9632,0
1468,32905833780721,32905835732954,19977422,sA-eth3,up,32905835498591,netem,50868608,39242,0,0,0,0,0,49031570,8985,0,48914922,9639,0
1469,32905853811224,32905855738856,20030503,sA-eth3,up,32905855523904,netem,50868982,39247,0,0,0,0,0,49055002,8989,0,48915296,9644,0
1470,32905873816827,32905875777238,20005603,sA-eth3,up,32905875554626,netem,50869270,39251,0,0,0,0,0,49078434,8993,0,48915584,9648,0
1471,32905893813298,32905895818031,19996471,sA-eth3,up,32905895589848,netem,50869270,39251,0,0,0,0,0,49078434,8993,0,48915584,9648,0
1472,32905913800281,32905915627141,19986983,sA-eth3,up,32905915441469,netem,50869270,39251,0,0,0,0,0,49078434,8993,0,48915584,9648,0
1473,32905933798924,32905935980737,19998643,sA-eth3,up,32905935702844,netem,50869270,39251,0,0,0,0,0,49078434,8993,0,48915584,9648,0
1474,32905953800385,32905955847339,20001461,sA-eth3,up,32905955658416,netem,50869270,39251,0,0,0,0,0,49078434,8993,0,48915584,9648,0
1475,32905973790248,32905975898531,19989863,sA-eth3,up,32905975711779,netem,50869270,39251,0,0,0,0,0,49078434,8993,0,48915584,9648,0
1476,32905993796900,32905995755232,20006652,sA-eth3,up,32905995573919,netem,50869270,39251,0,0,0,0,0,49078434,8993,0,48915584,9648,0
1477,32906013788293,32906015767495,19991393,sA-eth3,up,32906015592962,netem,50869270,39251,0,0,0,0,0,49078434,8993,0,48915584,9648,0
1478,32906033797284,32906036507814,20008991,sA-eth3,up,32906036306362,netem,50869270,39251,0,0,0,0,0,49078434,8993,0,48915584,9648,0
1479,32906053797267,32906055852749,19999983,sA-eth3,up,32906055662958,netem,50869270,39251,0,0,0,0,0,49078434,8993,0,48915584,9648,0
1480,32906073787729,32906075712750,19990462,sA-eth3,up,32906075532158,netem,50869270,39251,0,0,0,0,0,49079948,8994,0,48915584,9648,0
1481,32906093788130,32906095671342,20000401,sA-eth3,up,32906095495020,netem,50869768,39258,0,0,0,0,0,49115162,9001,0,48916082,9655,0
1482,32906113796844,32906116197450,20008714,sA-eth3,up,32906115833506,netem,50870200,39264,0,0,0,66,1,49145966,9007,0,48916580,9662,0
1483,32906133826926,32906136403594,20030082,sA-eth3,up,32906136181983,netem,51090462,39419,0,0,0,30346,3,49199414,9027,0,49128262,9687,0
1484,32906153806948,32906156737621,19980022,sA-eth3,up,32906156482698,netem,51227130,39515,0,0,0,78,1,49218568,9032,0,49259650,9703,0
1485,32906173799290,32906176259867,19992342,sA-eth3,up,32906176049305,netem,51237872,39524,0,0,0,0,0,49221530,9033,0,49269996,9706,0
1486,32906193793023,32906196184529,19993733,sA-eth3,up,32906195958857,netem,51431664,39652,0,0,0,45420,3,49221596,9034,0,49470810,9721,0
1487,32906213801825,32906216199772,20008802,sA-eth3,up,32906215980169,netem,51514934,39707,0,0,0,0,0,49221596,9034,0,49536300,9726,0
1488,32906233793628,32906236065832,19991803,sA-eth3,up,32906235847480,netem,51651194,39797,0,0,0,30280,2,49221662,9035,0,49667280,9736,0
1489,32906253790839,32906255966953,19997211,sA-eth3,up,32906255765251,netem,51901004,39962,0,0,0,7570,1,49221662,9035,0,49914694,9755,0
1490,32906273794011,32906275753334,20003172,sA-eth3,up,32906275555451,netem,51908574,39967,0,0,0,0,0,49221662,9035,0,49914694,9755,0
1491,32906293795094,32906295661865,20001083,sA-eth3,up,32906295481783,netem,51970718,40009,0,0,0,36336,3,49221728,9036,0,49974462,9762,0
1492,32906313795636,32906316131582,20000542,sA-eth3,up,32906315921359,netem,52226584,40178,0,0,0,22710,2,49221728,9036,0,50220428,9780,0
1493,32906333785118,32906336160075,19989482,sA-eth3,up,32906335940822,netem,52468824,40338,0,0,0,45420,3,49221794,9037,0,50453296,9798,0
1494,32906353795191,32906356249698,20010073,sA-eth3,up,32906356070956,netem,52726204,40508,0,0,0,33308,2,49221860,9038,0,50700710,9817,0
1495,32906373792803,32906376390991,19997612,sA-eth3,up,32906376216269,netem,52966930,40667,0,0,0,97476,7,49223374,9039,0,50949308,9832,0
1496,32906393787965,32906396134542,19995162,sA-eth3,up,32906395946219,netem,53064934,40741,0,0,0,66,1,49264644,9050,0,51025976,9846,0
1497,32906413791087,32906416318835,20003122,sA-eth3,up,32906416134494,netem,53065552,40750,0,0,0,0,0,49308612,9058,0,51026594,9855,0
1498,32906433787690,32906435965094,19996603,sA-eth3,up,32906435796902,netem,53066074,40757,0,0,0,0,0,49346722,9065,0,51027116,9862,0
1499,32906453794452,32906455788184,20006762,sA-eth3,up,32906455614072,netem,53066604,40764,0,0,0,78,1,49390690,9073,0,51027724,9870,0
1500,32906473794014,32906476183181,19999562,sA-eth3,up,32906475957648,netem,53066970,40769,0,0,0,66,1,49415636,9078,0,51028078,9875,0
1501,32906493795427,32906495849499,20001413,sA-eth3,up,32906495664628,netem,53067456,40776,0,0,0,0,0,49440714,9085,0,51028498,9881,0
1502,32906513788909,32906515702699,19993482,sA-eth3,up,32906515522378,netem,53067456,40776,0,0,0,0,0,49440714,9085,0,51028498,9881,0
1503,32906533789380,32906535708592,20000471,sA-eth3,up,32906535529020,netem,53067456,40776,0,0,0,0,0,49440714,9085,0,51028498,9881,0
1504,32906553791763,32906555760225,20002383,sA-eth3,up,32906555575142,netem,53067456,40776,0,0,0,0,0,49440714,9085,0,51028498,9881,0
1505,32906573794676,32906576098551,20002913,sA-eth3,up,32906575889198,netem,53067456,40776,0,0,0,0,0,49440714,9085,0,51028498,9881,0
1506,32906593792328,32906595959642,19997652,sA-eth3,up,32906595791710,netem,53067456,40776,0,0,0,0,0,49440714,9085,0,51028498,9881,0
1507,32906613787890,32906615911693,19995562,sA-eth3,up,32906615742832,netem,53067456,40776,0,0,0,0,0,49440714,9085,0,51028498,9881,0
1508,32906633807682,32906636114168,20019792,sA-eth3,up,32906635917586,netem,53067456,40776,0,0,0,0,0,49440714,9085,0,51028498,9881,0
1509,32906653794295,32906655767717,19986613,sA-eth3,up,32906655572044,netem,53067456,40776,0,0,0,0,0,49440714,9085,0,51028498,9881,0
1510,32906673796217,32906675779199,20001922,sA-eth3,up,32906675587757,netem,53067456,40776,0,0,0,0,0,49440714,9085,0,51028498,9881,0
1511,32906693796999,32906696191396,20000782,sA-eth3,up,32906696015924,netem,53067456,40776,0,0,0,0,0,49440714,9085,0,51028498,9881,0
1512,32906713799961,32906715808774,20002962,sA-eth3,up,32906715614591,netem,53067456,40776,0,0,0,0,0,49440714,9085,0,51028498,9881,0
1513,32906733802684,32906735797566,20002723,sA-eth3,up,32906735609724,netem,53067456,40776,0,0,0,0,0,49440714,9085,0,51028498,9881,0
1514,32906753793336,32906756103432,19990652,sA-eth3,up,32906755899829,netem,53067456,40776,0,0,0,0,0,49440714,9085,0,51028498,9881,0
1515,32906773793318,32906775693969,19999982,sA-eth3,up,32906775531337,netem,53067456,40776,0,0,0,0,0,49440714,9085,0,51028498,9881,0
1516,32906793800731,32906795938374,20007413,sA-eth3,up,32906795771972,netem,53067456,40776,0,0,0,0,0,49440714,9085,0,51028498,9881,0
1517,32906813796323,32906815988847,19995592,sA-eth3,up,32906815814895,netem,53067456,40776,0,0,0,0,0,49440714,9085,0,51028498,9881,0
1518,32906833791096,32906835909058,19994773,sA-eth3,up,32906835716276,netem,53067456,40776,0,0,0,0,0,49440714,9085,0,51028498,9881,0
1519,32906853795827,32906856030522,20004731,sA-eth3,up,32906855827171,netem,53067456,40776,0,0,0,0,0,49440714,9085,0,51028498,9881,0
1520,32906873800079,32906876384419,20004252,sA-eth3,up,32906876205906,netem,53067456,40776,0,0,0,0,0,49440714,9085,0,51028498,9881,0
1521,32906893798012,32906895918705,19997933,sA-eth3,up,32906895736224,netem,53067456,40776,0,0,0,0,0,49440714,9085,0,51028498,9881,0
1522,32906913795254,32906915634744,19997242,sA-eth3,up,32906915446113,netem,53067456,40776,0,0,0,0,0,49440714,9085,0,51028498,9881,0
1523,32906933792536,32906935629837,19997282,sA-eth3,up,32906935463015,netem,53067456,40776,0,0,0,0,0,49440714,9085,0,51028498,9881,0
1524,32906953793829,32906956083444,20001293,sA-eth3,up,32906955889922,netem,53067456,40776,0,0,0,0,0,49440714,9085,0,51028498,9881,0
1525,32906973796402,32906975841504,20002573,sA-eth3,up,32906975669371,netem,53067456,40776,0,0,0,0,0,49440714,9085,0,51028498,9881,0
1526,32906993787963,32906995728584,19991561,sA-eth3,up,32906995472822,netem,53067456,40776,0,0,0,0,0,49440714,9085,0,51028498,9881,0
1527,32907013799345,32907015617836,20011382,sA-eth3,up,32907015420914,netem,53067456,40776,0,0,0,0,0,49440714,9085,0,51028498,9881,0
1528,32907033819288,32907036622779,20019943,sA-eth3,up,32907036385017,netem,53067456,40776,0,0,0,0,0,49440714,9085,0,51028498,9881,0
1529,32907053809781,32907055801033,19990493,sA-eth3,up,32907055619700,netem,53067456,40776,0,0,0,0,0,49440714,9085,0,51028498,9881,0
1530,32907073800243,32907075679503,19990462,sA-eth3,up,32907075492551,netem,53067456,40776,0,0,0,0,0,49440714,9085,0,51028498,9881,0
1531,32907093788225,32907095943579,19987982,sA-eth3,up,32907095777296,netem,53067456,40776,0,0,0,0,0,49440714,9085,0,51028498,9881,0
1532,32907113787877,32907115741639,19999652,sA-eth3,up,32907115579637,netem,53067456,40776,0,0,0,0,0,49440714,9085,0,51028498,9881,0
1533,32907133800070,32907135723201,20012193,sA-eth3,up,32907135537229,netem,53067830,40781,0,0,0,0,0,49461382,9091,0,51028872,9886,0
1534,32907153791051,32907155673322,19990981,sA-eth3,up,32907155504750,netem,53068460,40790,0,0,0,0,0,49489488,9100,0,51029502,9895,0
1535,32907173786384,32907176159011,19995333,sA-eth3,up,32907175979918,netem,53068904,40796,0,0,0,0,0,49515948,9106,0,51029946,9901,0
1536,32907193792886,32907195716908,20006502,sA-eth3,up,32907195556266,netem,53069270,40801,0,0,0,78,1,49537998,9111,0,51030390,9907,0
1537,32907213794049,32907215716370,20001163,sA-eth3,up,32907215543218,netem,53069768,40808,0,0,0,66,1,49573278,9119,0,51030876,9914,0
1538,32907233791680,32907236090506,19997631,sA-eth3,up,32907235896424,netem,53070254,40815,0,0,0,0,0,49599738,9125,0,51031296,9920,0
1539,32907253788763,32907256197550,19997083,sA-eth3,up,32907255963037,netem,53070764,40822,0,0,0,0,0,49630608,9132,0,51031806,9927,0
1540,32907273789225,32907275760827,20000462,sA-eth3,up,32907275587135,netem,53071184,40828,0,0,0,66,1,49657068,9138,0,51032292,9934,0
1541,32907293798518,32907295658818,20009293,sA-eth3,up,32907295481856,netem,53071328,40830,0,0,0,0,0,49661478,9139,0,51032370,9935,0
1542,32907313801769,32907316220887,20003251,sA-eth3,up,32907316038904,netem,53071328,40830,0,0,0,0,0,49661478,9139,0,51032370,9935,0
1543,32907333804242,32907335902366,20002473,sA-eth3,up,32907335719074,netem,53071328,40830,0,0,0,0,0,49661478,9139,0,51032370,9935,0
1544,32907353796884,32907356043570,19992642,sA-eth3,up,32907355844607,netem,53071328,40830,0,0,0,0,0,49661478,9139,0,51032370,9935,0
1545,32907373788787,32907375886350,19991903,sA-eth3,up,32907375713868,netem,53071328,40830,0,0,0,0,0,49661478,9139,0,51032370,9935,0
1546,32907393796309,32907396494709,20007522,sA-eth3,up,32907396294856,netem,53071328,40830,0,0,0,0,0,49661478,9139,0,51032370,9935,0
1547,32907413793641,32907416124176,19997332,sA-eth3,up,32907415919194,netem,53071328,40830,0,0,0,0,0,49661478,9139,0,51032370,9935,0
1548,32907433789994,32907435625513,19996353,sA-eth3,up,32907435443871,netem,53071328,40830,0,0,0,0,0,49661478,9139,0,51032370,9935,0
1549,32907453787275,32907455685837,19997281,sA-eth3,up,32907455508044,netem,53071328,40830,0,0,0,0,0,49661478,9139,0,51032370,9935,0
1550,32907473800558,32907475759310,20013283,sA-eth3,up,32907475576947,netem,53071328,40830,0,0,0,0,0,49661478,9139,0,51032370,9935,0
1551,32907493791300,32907495728822,19990742,sA-eth3,up,32907495547740,netem,53071406,40831,0,0,0,0,0,49662992,9140,0,51032448,9936,0
1552,32907513793703,32907515723093,20002403,sA-eth3,up,32907515548772,netem,53071406,40831,0,0,0,0,0,49662992,9140,0,51032448,9936,0
1553,32907533792694,32907535711846,19998991,sA-eth3,up,32907535537993,netem,53071406,40831,0,0,0,0,0,49662992,9140,0,51032448,9936,0
1554,32907553797977,32907556120122,20005283,sA-eth3,up,32907555927811,netem,53071406,40831,0,0,0,0,0,49662992,9140,0,51032448,9936,0
1555,32907573790499,32907576370287,19992522,sA-eth3,up,32907576192185,netem,53071406,40831,0,0,0,0,0,49662992,9140,0,51032448,9936,0
1556,32907593784411,32907595597892,19993912,sA-eth3,up,32907595409129,netem,53071406,40831,0,0,0,0,0,49662992,9140,0,51032448,9936,0
1557,32907613798503,32907615604063,20014092,sA-eth3,up,32907615427292,netem,53071406,40831,0,0,0,0,0,49662992,9140,0,51032448,9936,0
1558,32907633794356,32907636177862,19995853,sA-eth3,up,32907635990550,netem,53071406,40831,0,0,0,0,0,49662992,9140,0,51032448,9936,0
1559,32907653789468,32907656146394,19995112,sA-eth3,up,32907655948422,netem,53071406,40831,0,0,0,0,0,49662992,9140,0,51032448,9936,0
1560,32907673785390,32907675744332,19995922,sA-eth3,up,32907675531859,netem,53071406,40831,0,0,0,0,0,49662992,9140,0,51032448,9936,0
1561,32907693800263,32907695784755,20014873,sA-eth3,up,32907695604852,netem,53071406,40831,0,0,0,0,0,49662992,9140,0,51032448,9936,0
1562,32907713797275,32907716120160,19997012,sA-eth3,up,32907715920218,netem,53071792,40836,0,0,0,0,0,49674972,9147,0,51032834,9941,0
1563,32907733810898,32907735907641,20013623,sA-eth3,up,32907735713878,netem,53072302,40843,0,0,0,0,0,49700050,9153,0,51033344,9948,0
1564,32907753790999,32907755686600,19980101,sA-eth3,up,32907755509729,netem,53072734,40849,0,0,0,0,0,49725062,9159,0,51033776,9954,0
1565,32907773792062,32907776042447,20001063,sA-eth3,up,32907775858395,netem,53072800,40850,0,0,0,0,0,49725062,9159,0,51033842,9955,0
1566,32907793804364,32907795620414,20012302,sA-eth3,up,32907795440952,netem,53072800,40850,0,0,0,0,0,49725062,9159,0,51033842,9955,0
1567,32907813796136,32907816122192,19991772,sA-eth3,up,32907815927500,netem,53072800,40850,0,0,0,0,0,49725062,9159,0,51033842,9955,0
1568,32907833815799,32907835904122,20019663,sA-eth3,up,32907835721340,netem,53072870,40851,0,0,0,0,0,49725062,9159,0,51033912,9956,0
1569,32907853803991,32907855807073,19988192,sA-eth3,up,32907855628601,netem,53072870,40851,0,0,0,0,0,49725062,9159,0,51033912,9956,0
1570,32907873793473,32907876185550,19989482,sA-eth3,up,32907875994338,netem,53072870,40851,0,0,0,0,0,49725062,9159,0,51033912,9956,0
1571,32907893800806,32907895719636,20007333,sA-eth3,up,32907895532254,netem,53072870,40851,0,0,0,0,0,49725062,9159,0,51033912,9956,0
1572,32907913788117,32907915963432,19987311,sA-eth3,up,32907915790750,netem,53072870,40851,0,0,0,0,0,49725062,9159,0,51033912,9956,0
1573,32907933788110,32907936058165,19999993,sA-eth3,up,32907935861922,netem,53072870,40851,0,0,0,0,0,49725062,9159,0,51033912,9956,0
1574,32907953791682,32907955875685,20003572,sA-eth3,up,32907955704173,netem,53072870,40851,0,0,0,0,0,49725062,9159,0,51033912,9956,0
1575,32907973790394,32907975802997,19998712,sA-eth3,up,32907975631475,netem,53072936,40852,0,0,0,0,0,49726576,9160,0,51033978,9957,0
1576,32907993789697,32907995758919,19999303,sA-eth3,up,32907995584516,netem,53072936,40852,0,0,0,0,0,49726576,9160,0,51033978,9957,0
1577,32908013791669,32908015582359,20001972,sA-eth3,up,32908015394827,netem,53072936,40852,0,0,0,0,0,49726576,9160,0,51033978,9957,0
1578,32908033788202,32908035606741,19996533,sA-eth3,up,32908035430079,netem,53072936,40852,0,0,0,0,0,49726576,9160,0,51033978,9957,0
1579,32908053805404,32908055679094,20017202,sA-eth3,up,32908055499562,netem,53072936,40852,0,0,0,0,0,49726576,9160,0,51033978,9957,0
1580,32908073808376,32908075684977,20002972,sA-eth3,up,32908075511775,netem,53072936,40852,0,0,0,0,0,49726576,9160,0,51033978,9957,0
1581,32908093800268,32908095594988,19991892,sA-eth3,up,32908095407066,netem,53072936,40852,0,0,0,0,0,49726576,9160,0,51033978,9957,0
1582,32908113794711,32908115606720,19994443,sA-eth3,up,32908115424058,netem,53072936,40852,0,0,0,0,0,49726576,9160,0,51033978,9957,0
1583,32908133805793,32908135680343,20011082,sA-eth3,up,32908135502682,netem,53072936,40852,0,0,0,0,0,49726576,9160,0,51033978,9957,0
1584,32908153794825,32908156140531,19989032,sA-eth3,up,32908155948259,netem,53072936,40852,0,0,0,0,0,49726576,9160,0,51033978,9957,0
1585,32908173791258,32908175593977,19996433,sA-eth3,up,32908175408805,netem,53073002,40853,0,0,0,0,0,49728090,9161,0,51034044,9958,0
1586,32908193793290,32908195915803,20002032,sA-eth3,up,32908195744832,netem,53073704,40862,0,0,0,0,0,49754748,9170,0,51034746,9967,0
1587,32908213807032,32908215701713,20013742,sA-eth3,up,32908215512581,netem,53073876,40864,0,0,0,0,0,49766464,9172,0,51034918,9969,0
1588,32908233795324,32908236425394,19988292,sA-eth3,up,32908236244261,netem,53073876,40864,0,0,0,0,0,49766464,9172,0,51034918,9969,0
1589,32908253789326,32908255816159,19994002,sA-eth3,up,32908255647047,netem,53073876,40864,0,0,0,0,0,49766464,9172,0,51034918,9969,0
1590,32908273790499,32908275612719,20001173,sA-eth3,up,32908275436027,netem,53073876,40864,0,0,0,0,0,49766464,9172,0,51034918,9969,0
1591,32908293794231,32908296218288,20003732,sA-eth3,up,32908296049246,netem,53073876,40864,0,0,0,0,0,49766464,9172,0,51034918,9969,0
1592,32908313790543,32908316155920,19996312,sA-eth3,up,32908315956017,netem,53073876,40864,0,0,0,0,0,49766464,9172,0,51034918,9969,0
1593,32908333792316,32908335701597,20001773,sA-eth3,up,32908335514015,netem,53073876,40864,0,0,0,0,0,49766464,9172,0,51034918,9969,0
1594,32908353789998,32908355706579,19997682,sA-eth3,up,32908355514147,netem,53073876,40864,0,0,0,0,0,49766464,9172,0,51034918,9969,0
1595,32908373805400,32908376342309,20015402,sA-eth3,up,32908376119786,netem,53073876,40864,0,0,0,0,0,49766464,9172,0,51034918,9969,0
1596,32908393811432,32908395848005,20006032,sA-eth3,up,32908395641243,netem,53073876,40864,0,0,0,0,0,49766464,9172,0,51034918,9969,0
1597,32908413794355,32908415702005,19982923,sA-eth3,up,32908415516224,netem,53073954,40865,0,0,0,0,0,49773902,9175,0,51034996,9970,0
1598,32908433795716,32908435684178,20001361,sA-eth3,up,32908435469305,netem,53074176,40868,0,0,0,0,0,49779760,9176,0,51035218,9973,0
1599,32908453798669,32908455721170,20002953,sA-eth3,up,32908455485778,netem,53074176,40868,0,0,0,0,0,49779760,9176,0,51035218,9973,0
1600,32908473800371,32908475699672,20001702,sA-eth3,up,32908475499480,netem,53074176,40868,0,0,0,0,0,49779760,9176,0,51035218,9973,0
1601,32908493791753,32908495704525,19991382,sA-eth3,up,32908495511662,netem,53074176,40868,0,0,0,0,0,49779760,9176,0,51035218,9973,0
1602,32908513796516,32908515690277,20004763,sA-eth3,up,32908515499305,netem,53074176,40868,0,0,0,0,0,49779760,9176,0,51035218,9973,0
1603,32908533793268,32908536174525,19996752,sA-eth3,up,32908535974213,netem,53074176,40868,0,0,0,0,0,49779760,9176,0,51035218,9973,0
1604,32908553800750,32908555906933,20007482,sA-eth3,up,32908555723642,netem,53074176,40868,0,0,0,0,0,49779760,9176,0,51035218,9973,0
1605,32908573801953,32908576194419,20001203,sA-eth3,up,32908575993787,netem,53074176,40868,0,0,0,0,0,49779760,9176,0,51035218,9973,0
1606,32908593795485,32908596026809,19993532,sA-eth3,up,32908595819857,netem,53074176,40868,0,0,0,0,0,49779760,9176,0,51035218,9973,0
1607,32908613799987,32908616033372,20004502,sA-eth3,up,32908615820290,netem,53074176,40868,0,0,0,0,0,49779760,9176,0,51035218,9973,0
1608,32908633789198,32908636162095,19989211,sA-eth3,up,32908635959123,netem,53074176,40868,0,0,0,0,0,49781274,9177,0,51035218,9973,0
1609,32908653795391,32908655701743,20006193,sA-eth3,up,32908655525320,netem,53074848,40878,0,0,0,0,0,49832614,9187,0,51035890,9983,0
1610,32908673788274,32908676108399,19992883,sA-eth3,up,32908675894577,netem,53075514,40887,0,0,0,0,0,49898434,9197,0,51036556,9992,0
1611,32908693815066,32908695708137,20026792,sA-eth3,up,32908695521576,netem,53075790,40891,0,0,0,0,0,49913046,9199,0,51036832,9996,0
1612,32908713804208,32908716035494,19989142,sA-eth3,up,32908715833101,netem,53076258,40897,0,0,0,78,1,49948392,9208,0,51037378,10003,0
1613,32908733809910,32908735743022,20005702,sA-eth3,up,32908735560240,netem,53077344,40912,0,0,0,66,1,50056468,9222,0,51038386,10017,0
1614,32908753791343,32908755694154,19981433,sA-eth3,up,32908755513602,netem,53078430,40927,0,0,0,0,0,50158818,9237,0,51039472,10032,0
1615,32908773806246,32908775774508,20014903,sA-eth3,up,32908775600575,netem,53079434,40941,0,0,0,78,1,50263998,9251,0,51040476,10046,0
1616,32908793795947,32908795695078,19989701,sA-eth3,up,32908795522056,netem,53079968,40948,0,0,0,0,0,50296250,9257,0,51041010,10053,0
1617,32908813799909,32908815735451,20003962,sA-eth3,up,32908815558059,netem,53080798,40959,0,0,0,0,0,50391096,9268,0,51041840,10064,0
1618,32908833802582,32908836153098,20002673,sA-eth3,up,32908835956806,netem,53081714,40971,0,0,0,66,1,50502002,9281,0,51042756,10076,0
1619,32908853790643,32908855862097,19988061,sA-eth3,up,32908855685035,netem,53082428,40980,0,0,0,86,1,50574996,9290,0,51043556,10086,0
1620,32908873795956,32908875718068,20005313,sA-eth3,up,32908875548306,netem,53083220,40990,0,0,0,0,0,50665498,9301,0,51044262,10095,0
1621,32908893796579,32908895805751,20000623,sA-eth3,up,32908895625459,netem,53084126,41003,0,0,0,0,0,50745996,9314,0,51045168,10108,0
1622,32908913786101,32908915757583,19989522,sA-eth3,up,32908915588291,netem,53084702,41011,0,0,0,0,0,50804444,9322,0,51045744,10116,0
1623,32908933803903,32908935637434,20017802,sA-eth3,up,32908935443882,netem,53085356,41020,0,0,0,66,1,50877504,9332,0,51046398,10125,0
1624,32908953791665,32908955608585,19987762,sA-eth3,up,32908955424634,netem,53085722,41025,0,0,0,0,0,50906728,9336,0,51046764,10130,0
1625,32908973788228,32908976108153,19996563,sA-eth3,up,32908975916061,netem,53086208,41032,0,0,0,0,0,50949060,9342,0,51047250,10137,0
1626,32908993793590,32908995905194,20005362,sA-eth3,up,32908995728251,netem,53086208,41032,0,0,0,0,0,50949060,9342,0,51047250,10137,0
1627,32909013793542,32909015646133,19999952,sA-eth3,up,32909015470241,netem,53086208,41032,0,0,0,0,0,50949060,9342,0,51047250,10137,0
1628,32909033796905,32909035666716,20003363,sA-eth3,up,32909035487403,netem,53086208,41032,0,0,0,0,0,50949060,9342,0,51047250,10137,0
1629,32909053800977,32909055682978,20004072,sA-eth3,up,32909055502736,netem,53086208,41032,0,0,0,0,0,50949060,9342,0,51047250,10137,0
1630,32909073806020,32909075712660,20005043,sA-eth3,up,32909075536658,netem,53086208,41032,0,0,0,0,0,50949060,9342,0,51047250,10137,0
1631,32909093794191,32909095652932,19988171,sA-eth3,up,32909095479240,netem,53086208,41032,0,0,0,0,0,50949060,9342,0,51047250,10137,0
1632,32909113786384,32909115706505,19992193,sA-eth3,up,32909115535003,netem,53086208,41032,0,0,0,0,0,50949060,9342,0,51047250,10137,0
1633,32909133812216,32909135920229,20025832,sA-eth3,up,32909135736107,netem,53086208,41032,0,0,0,0,0,50949060,9342,0,51047250,10137,0
1634,32909153797617,32909155883711,19985401,sA-eth3,up,32909155685299,netem,53086208,41032,0,0,0,0,0,50949060,9342,0,51047250,10137,0
1635,32909173794120,32909175983224,19996503,sA-eth3,up,32909175729402,netem,53086940,41042,0,0,0,0,0,51022276,9354,0,51047982,10147,0
1636,32909193790123,32909195799295,19996003,sA-eth3,up,32909195619793,netem,53087504,41050,0,0,0,0,0,51080724,9362,0,51048546,10155,0
1637,32909213786595,32909215796617,19996472,sA-eth3,up,32909215622375,netem,53088200,41060,0,0,0,66,1,51161090,9373,0,51049242,10165,0
1638,32909233795747,32909235848789,20009152,sA-eth3,up,32909235673718,netem,53088926,41071,0,0,0,66,1,51241456,9384,0,51049968,10177,0
1639,32909253788179,32909256059085,19992432,sA-eth3,up,32909255865592,netem,53089440,41078,0,0,0,0,0,51277986,9389,0,51050482,10183,0
1640,32909273793092,32909276205398,20004913,sA-eth3,up,32909275934395,netem,53089884,41084,0,0,0,0,0,51321822,9395,0,51050926,10189,0
1641,32909293796253,32909295741925,20003161,sA-eth3,up,32909295541823,netem,53090382,41091,0,0,0,78,1,51387576,9404,0,51051502,10197,0
1642,32909313805096,32909315761318,20008843,sA-eth3,up,32909315575135,netem,53091156,41102,0,0,0,0,0,51453330,9413,0,51052198,10207,0
1643,32909333837209,32909336392027,20032113,sA-eth3,up,32909336169994,netem,53091954,41113,0,0,0,15230,2,51549690,9425,0,51052996,10218,0
1644,32909353788240,32909356281199,19951031,sA-eth3,up,32909356098406,netem,53327224,41276,0,0,0,30346,3,51607482,9445,0,51279158,10243,0
1645,32909373792702,32909375802055,20004462,sA-eth3,up,32909375602562,netem,53571764,41448,0,0,0,50134,5,51668434,9469,0,51514194,10271,0
1646,32909393796325,32909395706856,20003623,sA-eth3,up,32909395530664,netem,53820810,41621,0,0,0,30436,4,51748276,9494,0,51753604,10298,0
1647,32909413794528,32909415734499,19998203,sA-eth3,up,32909415557177,netem,54063758,41791,0,0,0,46934,3,51816270,9517,0,52000212,10326,0
1648,32909433789989,32909435668780,19995461,sA-eth3,up,32909435481048,netem,54319100,41972,0,0,0,51542,5,51899140,9542,0,52232556,10356,0
1649,32909453791551,32909455583022,20001562,sA-eth3,up,32909455405260,netem,54558990,42139,0,0,0,85084,10,51970228,9566,0,52479146,10383,0
1650,32909473786974,32909475602374,19995423,sA-eth3,up,32909475420852,netem,54815612,42318,0,0,0,107692,9,52044014,9587,0,52709796,10410,0
1651,32909493798247,32909495685887,20011273,sA-eth3,up,32909495507945,netem,55070528,42494,0,0,0,119894,13,52103254,9607,0,52954680,10434,0
1652,32909513795338,32909516271076,19997091,sA-eth3,up,32909515989883,netem,55291316,42650,0,0,0,0,0,52162428,9626,0,53166888,10460,0
1653,32909533801711,32909535769773,20006373,sA-eth3,up,32909535558000,netem,55291880,42658,0,0,0,78,1,52213570,9633,0,53167530,10469,0
1654,32909553794354,32909555697374,19992643,sA-eth3,up,32909555510352,netem,55292452,42666,0,0,0,0,0,52272018,9641,0,53168024,10476,0
1655,32909573790045,32909575673566,19995691,sA-eth3,up,32909575498394,netem,55292958,42673,0,0,0,0,0,52315854,9647,0,53168530,10483,0
1656,32909593789558,32909595616419,19999513,sA-eth3,up,32909595424436,netem,55292958,42673,0,0,0,0,0,52315854,9647,0,53168530,10483,0
1657,32909613797470,32909615666170,20007912,sA-eth3,up,32909615485329,netem,55292958,42673,0,0,0,0,0,52315854,9647,0,53168530,10483,0
1658,32909633795403,32909635668812,19997933,sA-eth3,up,32909635489671,netem,55292958,42673,0,0,0,0,0,52315854,9647,0,53168530,10483,0
1659,32909653795364,32909656171611,19999961,sA-eth3,up,32909655975329,netem,55292958,42673,0,0,0,0,0,52315854,9647,0,53168530,10483,0
1660,32909673790367,32909675635317,19995003,sA-eth3,up,32909675467026,netem,55292958,42673,0,0,0,0,0,52315854,9647,0,53168530,10483,0
1661,32909693795439,32909695608419,20005072,sA-eth3,up,32909695427916,netem,55292958,42673,0,0,0,0,0,52315854,9647,0,53168530,10483,0
1662,32909713787520,32909715579861,19992081,sA-eth3,up,32909715395179,netem,55292958,42673,0,0,0,0,0,52315854,9647,0,53168530,10483,0
1663,32909733801883,32909735821755,20014363,sA-eth3,up,32909735647553,netem,55292958,42673,0,0,0,0,0,52315854,9647,0,53168530,10483,0
1664,32909753796626,32909755635596,19994743,sA-eth3,up,32909755469075,netem,55292958,42673,0,0,0,0,0,52315854,9647,0,53168530,10483,0
1665,32909773789917,32909775586948,19993291,sA-eth3,up,32909775410666,netem,55292958,42673,0,0,0,0,0,52315854,9647,0,53168530,10483,0
1666,32909793793400,32909795634131,20003483,sA-eth3,up,32909795464809,netem,55293102,42675,0,0,0,0,0,52330532,9650,0,53168674,10485,0
1667,32909813809432,32909815725434,20016032,sA-eth3,up,32909815534552,netem,55293874,42685,0,0,0,0,0,52380424,9660,0,53169446,10495,0
1668,32909833794835,32909836048080,19985403,sA-eth3,up,32909835857968,netem,55294450,42693,0,0,0,0,0,52433080,9668,0,53170022,10503,0
1669,32909853795637,32909855775198,20000802,sA-eth3,up,32909855606007,netem,55294914,42699,0,0,0,0,0,52476916,9674,0,53170486,10509,0
1670,32909873793279,32909875810361,19997642,sA-eth3,up,32909875545249,netem,55295522,42707,0,0,0,0,0,52528058,9681,0,53171094,10517,0
1671,32909893810161,32909896166487,20016882,sA-eth3,up,32909895970516,netem,55296098,42715,0,0,0,66,1,52601118,9691,0,53171736,10526,0
1672,32909913796004,32909915687364,19985843,sA-eth3,up,32909915507053,netem,55296662,42723,0,0,0,78,1,52659566,9699,0,53172312,10534,0
1673,32909933808485,32909936092442,20012481,sA-eth3,up,32909935877859,netem,55297316,42732,0,0,0,0,0,52710708,9706,0,53172888,10542,0
1674,32909953798618,32909955639499,19990133,sA-eth3,up,32909955461517,netem,55297946,42741,0,0,0,0,0,52783768,9716,0,53173518,10551,0
1675,32909973793141,32909975666671,19994523,sA-eth3,up,32909975491810,netem,55298576,42750,0,0,0,66,1,52853866,9725,0,53174148,10561,0
1676,32909993798022,32909995684053,20004881,sA-eth3,up,32909995504641,netem,55299344,42760,0,0,0,0,0,52918238,9735,0,53174916,10570,0
1677,32910013791105,32910015610816,19993083,sA-eth3,up,32910015430413,netem,55300034,42769,0,0,0,66,1,53001500,9746,0,53175672,10580,0
1678,32910033788287,32910035588147,19997182,sA-eth3,up,32910035408414,netem,55300954,42781,0,0,0,0,0,53087724,9758,0,53176526,10591,0
1679,32910053790819,32910056053775,20002532,sA-eth3,up,32910055835592,netem,55301746,42791,0,0,0,78,1,53189876,9770,0,53177318,10601,0
1680,32910073800981,32910075881235,20010162,sA-eth3,up,32910075703613,netem,55302538,42801,0,0,0,78,1,53306574,9783,0,53178188,10612,0
1681,32910093789544,32910095617074,19988563,sA-eth3,up,32910095434672,netem,55303396,42812,0,0,0,0,0,53382596,9794,0,53178968,10622,0
1682,32910113794566,32910115642106,20005022,sA-eth3,up,32910115474795,netem,55303654,42815,0,0,0,0,0,53405962,9797,0,53179226,10625,0
1683,32910133795619,32910135634679,20001053,sA-eth3,up,32910135445867,netem,55303654,42815,0,0,0,0,0,53405962,9797,0,53179226,10625,0
1684,32910153793570,32910155671602,19997951,sA-eth3,up,32910155495699,netem,55303654,42815,0,0,0,0,0,53405962,9797,0,53179226,10625,0
1685,32910173804563,32910175692254,20010993,sA-eth3,up,32910175519902,netem,55303654,42815,0,0,0,0,0,53405962,9797,0,53179226,10625,0
1686,32910193790855,32910196047100,19986292,sA-eth3,up,32910195861738,netem,55303654,42815,0,0,0,0,0,53405962,9797,0,53179226,10625,0
1687,32910213793987,32910215726159,20003132,sA-eth3,up,32910215565417,netem,55303654,42815,0,0,0,0,0,53405962,9797,0,53179226,10625,0
1688,32910233802459,32910235838362,20008472,sA-eth3,up,32910235655920,netem,55303654,42815,0,0,0,0,0,53405962,9797,0,53179226,10625,0
1689,32910253798712,32910255787784,19996253,sA-eth3,up,32910255615672,netem,55303654,42815,0,0,0,0,0,53405962,9797,0,53179226,10625,0
1690,32910273791664,32910276084880,19992952,sA-eth3,up,32910275897148,netem,55303654,42815,0,0,0,0,0,53405962,9797,0,53179226,10625,0
1691,32910293791196,32910295679187,19999532,sA-eth3,up,32910295512876,netem,55303654,42815,0,0,0,0,0,53405962,9797,0,53179226,10625,0
1692,32910313796239,32910315621608,20005043,sA-eth3,up,32910315441997,netem,55303654,42815,0,0,0,0,0,53407476,9798,0,53179226,10625,0
1693,32910333785931,32910335688132,19989692,sA-eth3,up,32910335506780,netem,55304450,42825,0,0,0,66,1,53470532,9810,0,53180088,10636,0
1694,32910353783003,32910355649764,19997072,sA-eth3,up,32910355481011,netem,55305190,42835,0,0,0,78,1,53536352,9820,0,53180840,10646,0
1695,32910373792135,32910375631226,20009132,sA-eth3,up,32910375448774,netem,55306054,42847,0,0,0,0,0,53620996,9830,0,53181626,10657,0
1696,32910393792618,32910395627988,20000483,sA-eth3,up,32910395443436,netem,55306474,42853,0,0,0,78,1,53682274,9837,0,53182124,10664,0
1697,32910413786400,32910416210747,19993782,sA-eth3,up,32910416029685,netem,55373876,42908,0,0,0,57532,3,53743816,9848,0,53264250,10679,0
1698,32910433810602,32910435949806,20024202,sA-eth3,up,32910435730263,netem,55630150,43083,0,0,0,51554,5,53814508,9866,0,53493116,10702,0
1699,32910453787574,32910455655546,19976972,sA-eth3,up,32910455484033,netem,55869948,43248,0,0,0,95538,8,53885332,9886,0,53723608,10726,0
1700,32910473786167,32910475815549,19998593,sA-eth3,up,32910475643057,netem,56125098,43427,0,0,0,103108,10,53969452,9910,0,53968792,10754,0
1701,32910493795199,32910495821322,20009032,sA-eth3,up,32910495649080,netem,56381534,43603,0,0,0,119918,13,54040276,9930,0,54215262,10779,0
1702,32910513782621,32910515656462,19987422,sA-eth3,up,32910515481790,netem,56621358,43769,0,0,0,118326,11,54102214,9947,0,54461840,10806,0
1703,32910533794044,32910535615064,20011423,sA-eth3,up,32910535426281,netem,56879428,43948,0,0,0,133520,14,54181990,9971,0,54693818,10831,0
1704,32910553783626,32910555604536,19989582,sA-eth3,up,32910555428334,netem,57132866,44123,0,0,0,162232,13,54244192,9992,0,54937488,10858,0
1705,32910573799648,32910575673509,20016022,sA-eth3,up,32910575498687,netem,57372640,44288,0,0,0,132474,12,54301984,10012,0,55183884,10882,0
1706,32910593781350,32910595758362,19981702,sA-eth3,up,32910595594260,netem,57505890,44389,0,0,0,0,0,54372610,10029,0,55295926,10903,0
1707,32910613800122,32910615719903,20018772,sA-eth3,up,32910615550172,netem,57506528,44398,0,0,0,0,0,54455806,10039,0,55296564,10912,0
1708,32910633784764,32910635684056,19984642,sA-eth3,up,32910635519923,netem,57507446,44411,0,0,0,0,0,54547822,10051,0,55297482,10925,0
1709,32910653792086,32910655992331,20007322,sA-eth3,up,32910655810579,netem,57508394,44423,0,0,0,78,1,54658794,10065,0,55298430,10937,0
1710,32910673797549,32910675602649,20005463,sA-eth3,up,32910675426167,netem,57509152,44432,0,0,0,0,0,54743372,10074,0,55299188,10946,0
1711,32910693792862,32910695814864,19995313,sA-eth3,up,32910695484680,netem,57510012,44442,0,0,0,0,0,54804782,10083,0,55300048,10956,0
1712,32910713798343,32910716289181,20005481,sA-eth3,up,32910716115260,netem,57510832,44452,0,0,0,78,1,54917070,10095,0,55300868,10966,0
1713,32910733794156,32910736231403,19995813,sA-eth3,up,32910736054561,netem,57511776,44464,0,0,0,78,1,54990196,10106,0,55301890,10979,0
1714,32910753796428,32910756254836,20002272,sA-eth3,up,32910756068394,netem,57512604,44474,0,0,0,78,1,55066218,10117,0,55302718,10989,0
1715,32910773790951,32910776109756,19994523,sA-eth3,up,32910775880144,netem,57513708,44488,0,0,0,0,0,55145202,10129,0,55303744,11002,0
1716,32910793759952,32910795715854,19969001,sA-eth3,up,32910795496611,netem,57514272,44496,0,0,0,0,0,55229978,10141,0,55304308,11010,0
1717,32910813798315,32910815686116,20038363,sA-eth3,up,32910815509784,netem,57514272,44496,0,0,0,0,0,55237284,10142,0,55304308,11010,0
1718,32910833795087,32910835657178,19996772,sA-eth3,up,32910835479945,netem,57514338,44497,0,0,0,0,0,55244590,10143,0,55304374,11011,0
1719,32910853786249,32910856056674,19991162,sA-eth3,up,32910855869743,netem,57515016,44506,0,0,0,78,1,55317716,10154,0,55305052,11020,0
1720,32910873787592,32910875712153,20001343,sA-eth3,up,32910875541881,netem,57515632,44514,0,0,0,0,0,55376164,10162,0,55305668,11028,0
1721,32910893788444,32910895613074,20000852,sA-eth3,up,32910895429802,netem,57516328,44524,0,0,0,0,0,55449224,10172,0,55306364,11038,0
1722,32910913813257,32910916155832,20024813,sA-eth3,up,32910915924580,netem,57516846,44531,0,0,0,78,1,55500366,10179,0,55306882,11045,0
1723,32910933797418,32910935727990,19984161,sA-eth3,up,32910935534737,netem,57517310,44537,0,0,0,0,0,55536896,10184,0,55307346,11051,0
1724,32910953797731,32910955735552,20000313,sA-eth3,up,32910955542930,netem,57517706,44543,0,0,0,78,1,55588038,10191,0,55307820,11058,0
1725,32910973809334,32910976322241,20011603,sA-eth3,up,32910976065079,netem,57518246,44551,0,0,0,66,1,55653792,10200,0,55308348,11066,0
1726,32910993831356,32910996349894,20022022,sA-eth3,up,32910996118121,netem,57518864,44560,0,0,0,66,1,55719546,10209,0,55308966,11075,0
1727,32911013795618,32911016001092,19964262,sA-eth3,up,32911015814669,netem,57519572,44570,0,0,0,66,1,55792606,10219,0,55309674,11085,0
1728,32911033787790,32911035907163,19992172,sA-eth3,up,32911035734611,netem,57520268,44580,0,0,0,66,1,55865666,10229,0,55310304,11094,0
1729,32911053802393,32911056040688,20014603,sA-eth3,up,32911055846825,netem,57520910,44589,0,0,0,78,1,55931420,10238,0,55310946,11103,0
1730,32911073787914,32911075715546,19985521,sA-eth3,up,32911075508603,netem,57521618,44599,0,0,0,66,1,56004480,10248,0,55311720,11114,0
1731,32911093793157,32911095805699,20005243,sA-eth3,up,32911095627796,netem,57522442,44611,0,0,0,0,0,56097944,10260,0,55312478,11125,0
1732,32911113770819,32911115647399,19977662,sA-eth3,up,32911115471987,netem,57523446,44623,0,0,0,0,0,56162382,10271,0,55313482,11137,0
1733,32911133786641,32911136050765,20015822,sA-eth3,up,32911135854224,netem,57524184,44632,0,0,0,78,1,56257228,10282,0,55314298,11147,0
1734,32911153792383,32911156275921,20005742,sA-eth3,up,32911156078839,netem,57541726,44655,0,0,0,33374,3,56325944,10292,0,55347096,11160,0
1735,32911173763335,32911176130011,19970952,sA-eth3,up,32911175925359,netem,57790430,44825,0,0,0,57688,6,56370308,10306,0,55586110,11183,0
1736,32911193804518,32911196363226,20041183,sA-eth3,up,32911196151614,netem,58052862,45005,0,0,0,71314,7,56429548,10326,0,55822306,11207,0
1737,32911213792330,32911216072595,19987812,sA-eth3,up,32911215875834,netem,58292386,45167,0,0,0,84948,8,56452258,10341,0,56052524,11228,0
1738,32911233789482,32911236069497,19997152,sA-eth3,up,32911235863535,netem,58551744,45344,0,0,0,80406,8,56504126,10359,0,56301784,11252,0
1739,32911253789255,32911256198991,19999773,sA-eth3,up,32911255978859,netem,58786984,45506,0,0,0,101602,9,56548754,10377,0,56543976,11278,0
1740,32911273786996,32911275974371,19997741,sA-eth3,up,32911275794468,netem,59043412,45682,0,0,0,98608,10,56607928,10396,0,56774444,11302,0
1741,32911293792269,32911296202956,20005273,sA-eth3,up,32911295991914,netem,59298126,45855,0,0,0,102952,8,56630572,10410,0,57019258,11325,0
1742,32911313799651,32911315825464,20007382,sA-eth3,up,32911315655132,netem,59540452,46016,0,0,0,98566,9,56645778,10421,0,57265244,11344,0
1743,32911333784073,32911335789026,19984422,sA-eth3,up,32911335612324,netem,59721530,46141,0,0,0,0,0,56675728,10436,0,57426162,11361,0
1744,32911353792865,32911356115412,20008792,sA-eth3,up,32911355925279,netem,59722106,46149,0,0,0,0,0,56726870,10443,0,57426738,11369,0
1745,32911373800038,32911375859630,20007173,sA-eth3,up,32911375677219,netem,59722484,46154,0,0,0,0,0,56770706,10449,0,57427116,11374,0
1746,32911393814501,32911395760263,20014463,sA-eth3,up,32911395576370,netem,59723036,46162,0,0,0,78,1,56829154,10457,0,57427746,11383,0
1747,32911413795112,32911415773954,19980611,sA-eth3,up,32911415592863,netem,59723344,46166,0,0,0,78,1,56865684,10462,0,57427976,11386,0
1748,32911433792285,32911435754336,19997173,sA-eth3,up,32911435573414,netem,59723886,46173,0,0,0,78,1,56916826,10469,0,57428518,11393,0
1749,32911453796437,32911455721219,20004152,sA-eth3,up,32911455545097,netem,59724358,46179,0,0,0,0,0,56953356,10474,0,57428990,11399,0
1750,32911473786060,32911475703330,19989623,sA-eth3,up,32911475535979,netem,59724856,46186,0,0,0,66,1,57004498,10481,0,57429488,11406,0
1751,32911493798951,32911495829254,20012891,sA-eth3,up,32911495652952,netem,59725386,46193,0,0,0,0,0,57048334,10487,0,57430018,11413,0
1752,32911513810204,32911515764636,20011253,sA-eth3,up,32911515582783,netem,59725896,46200,0,0,0,66,1,57114088,10496,0,57430528,11420,0
1753,32911533793597,32911535624766,19983393,sA-eth3,up,32911535427374,netem,59726472,46208,0,0,0,0,0,57165230,10503,0,57431104,11428,0
1754,32911553790508,32911555998382,19996911,sA-eth3,up,32911555828261,netem,59727222,46219,0,0,0,66,1,57258694,10515,0,57431920,11440,0
1755,32911573787081,32911575585740,19996573,sA-eth3,up,32911575405169,netem,59728018,46229,0,0,0,0,0,57309846,10523,0,57432650,11449,0
1756,32911593789123,32911595625063,20002042,sA-eth3,up,32911595431430,netem,59728018,46229,0,0,0,0,0,57309846,10523,0,57432650,11449,0
1757,32911613808886,32911616155181,20019763,sA-eth3,up,32911615950969,netem,59728018,46229,0,0,0,0,0,57309846,10523,0,57432650,11449,0
1758,32911633800267,32911635714379,19991381,sA-eth3,up,32911635548096,netem,59728018,46229,0,0,0,0,0,57309846,10523,0,57432650,11449,0
1759,32911653805580,32911655841242,20005313,sA-eth3,up,32911655655051,netem,59728018,46229,0,0,0,0,0,57309846,10523,0,57432650,11449,0
1760,32911673802962,32911675713894,19997382,sA-eth3,up,32911675533581,netem,59728018,46229,0,0,0,0,0,57309846,10523,0,57432650,11449,0
1761,32911693802684,32911695946578,19999722,sA-eth3,up,32911695768516,netem,59728018,46229,0,0,0,0,0,57309846,10523,0,57432650,11449,0
1762,32911713804356,32911715876190,20001672,sA-eth3,up,32911715658107,netem,59728018,46229,0,0,0,0,0,57309846,10523,0,57432650,11449,0
1763,32911733794939,32911736192466,19990583,sA-eth3,up,32911735962863,netem,59728018,46229,0,0,0,0,0,57309846,10523,0,57432650,11449,0
1764,32911753796301,32911755689232,20001362,sA-eth3,up,32911755513280,netem,59728018,46229,0,0,0,0,0,57309846,10523,0,57432650,11449,0
1765,32911773786393,32911776115789,19990092,sA-eth3,up,32911775922017,netem,59728018,46229,0,0,0,0,0,57309846,10523,0,57432650,11449,0
1766,32911793795785,32911796062580,20009392,sA-eth3,up,32911795851208,netem,59728018,46229,0,0,0,0,0,57309846,10523,0,57432650,11449,0
1767,32911813802447,32911815830920,20006662,sA-eth3,up,32911815651568,netem,59728018,46229,0,0,0,0,0,57309846,10523,0,57432650,11449,0
1768,32911833796690,32911835800562,19994243,sA-eth3,up,32911835620470,netem,59728018,46229,0,0,0,0,0,57309846,10523,0,57432650,11449,0
1769,32911853795242,32911856132998,19998552,sA-eth3,up,32911855921716,netem,59728018,46229,0,0,0,0,0,57309846,10523,0,57432650,11449,0
1770,32911873791404,32911875853957,19996162,sA-eth3,up,32911875412943,netem,59728018,46229,0,0,0,0,0,57309846,10523,0,57432650,11449,0
1771,32911893810807,32911896245094,20019403,sA-eth3,up,32911896054552,netem,59728018,46229,0,0,0,0,0,57309846,10523,0,57432650,11449,0
1772,32911913799078,32911919654174,19988271,sA-eth3,up,32911919466202,netem,59728018,46229,0,0,0,0,0,57309846,10523,0,57432650,11449,0
1773,32911933803121,32911935947745,20004043,sA-eth3,up,32911935774993,netem,59728018,46229,0,0,0,0,0,57309846,10523,0,57432650,11449,0
1774,32911953803754,32911955624214,20000633,sA-eth3,up,32911955431291,netem,59728018,46229,0,0,0,0,0,57309846,10523,0,57432650,11449,0
1775,32911973793796,32911975607076,19990042,sA-eth3,up,32911975421563,netem,59728018,46229,0,0,0,0,0,57309846,10523,0,57432650,11449,0
1776,32911993798508,32911995675069,20004712,sA-eth3,up,32911995494247,netem,59728018,46229,0,0,0,0,0,57309846,10523,0,57432650,11449,0
1777,32912013796350,32912015733662,19997842,sA-eth3,up,32912015543409,netem,59728018,46229,0,0,0,0,0,57309846,10523,0,57432650,11449,0
1778,32912033812413,32912035747354,20016063,sA-eth3,up,32912035542002,netem,59728018,46229,0,0,0,0,0,57309846,10523,0,57432650,11449,0
1779,32912053815825,32912055706966,20003412,sA-eth3,up,32912055502314,netem,59728018,46229,0,0,0,0,0,57309846,10523,0,57432650,11449,0
1780,32912073804387,32912076144092,19988562,sA-eth3,up,32912075942141,netem,59728018,46229,0,0,0,0,0,57309846,10523,0,57432650,11449,0
1781,32912093800079,32912095930433,19995692,sA-eth3,up,32912095699241,netem,59728018,46229,0,0,0,0,0,57309846,10523,0,57432650,11449,0
1782,32912113799052,32912115904555,19998973,sA-eth3,up,32912115720803,netem,59728018,46229,0,0,0,0,0,57309846,10523,0,57432650,11449,0
1783,32912133793914,32912136707566,19994862,sA-eth3,up,32912136534115,netem,59728018,46229,0,0,0,0,0,57309846,10523,0,57432650,11449,0
1784,32912153790036,32912155880040,19996122,sA-eth3,up,32912155706117,netem,59728018,46229,0,0,0,0,0,57309846,10523,0,57432650,11449,0
1785,32912173801138,32912176024193,20011102,sA-eth3,up,32912175799440,netem,59728018,46229,0,0,0,0,0,57309846,10523,0,57432650,11449,0
1786,32912193791151,32912195626751,19990013,sA-eth3,up,32912195444409,netem,59728018,46229,0,0,0,0,0,57309846,10523,0,57432650,11449,0
1787,32912213801794,32912216111869,20010643,sA-eth3,up,32912215918596,netem,59728240,46232,0,0,0,0,0,57318732,10526,0,57432872,11452,0
1788,32912233791995,32912236027980,19990201,sA-eth3,up,32912235835987,netem,59728240,46232,0,0,0,0,0,57318732,10526,0,57432872,11452,0
1789,32912253804198,32912255698699,20012203,sA-eth3,up,32912255520727,netem,59728240,46232,0,0,0,0,0,57318732,10526,0,57432872,11452,0
1790,32912273933731,32912279506473,20129533,sA-eth3,up,32912279306711,netem,59728240,46232,0,0,0,0,0,57318732,10526,0,57432872,11452,0
1791,32912293764351,32912295961336,19830620,sA-eth3,up,32912295692663,netem,59728240,46232,0,0,0,0,0,57318732,10526,0,57432872,11452,0
1792,32912313820594,32912315808936,20056243,sA-eth3,up,32912315585564,netem,59728240,46232,0,0,0,0,0,57318732,10526,0,57432872,11452,0
1793,32912333772516,32912335672387,19951922,sA-eth3,up,32912335493086,netem,59728240,46232,0,0,0,0,0,57318732,10526,0,57432872,11452,0
1794,32912353787199,32912355645229,20014683,sA-eth3,up,32912355472697,netem,59728240,46232,0,0,0,0,0,57318732,10526,0,57432872,11452,0
1795,32912373794081,32912375583640,20006882,sA-eth3,up,32912375401279,netem,59728240,46232,0,0,0,0,0,57318732,10526,0,57432872,11452,0
1796,32912393792103,32912399852940,19998022,sA-eth3,up,32912399659559,netem,59728240,46232,0,0,0,0,0,57327486,10527,0,57432872,11452,0
1797,32912413789146,32912416059541,19997043,sA-eth3,up,32912415864999,netem,59728818,46239,0,0,0,0,0,57372926,10535,0,57433450,11459,0
1798,32912433785727,32912435777199,19996581,sA-eth3,up,32912435539947,netem,59729562,46249,0,0,0,0,0,57428478,10543,0,57434194,11469,0
1799,32912453796090,32912455741822,20010363,sA-eth3,up,32912455536599,netem,59729562,46249,0,0,0,0,0,57428478,10543,0,57434194,11469,0
1800,32912473793232,32912475618642,19997142,sA-eth3,up,32912475438290,netem,59729562,46249,0,0,0,0,0,57428478,10543,0,57434194,11469,0
1801,32912493798054,32912495667225,20004822,sA-eth3,up,32912495487573,netem,59729562,46249,0,0,0,0,0,57428478,10543,0,57434194,11469,0
1802,32912513797676,32912515857630,19999622,sA-eth3,up,32912515680158,netem,59729562,46249,0,0,0,0,0,57428478,10543,0,57434194,11469,0
1803,32912533791279,32912535611279,19993603,sA-eth3,up,32912535431668,netem,59729562,46249,0,0,0,0,0,57428478,10543,0,57434194,11469,0
1804,32912553786881,32912555605721,19995602,sA-eth3,up,32912555431209,netem,59729562,46249,0,0,0,0,0,57428478,10543,0,57434194,11469,0
1805,32912573795943,32912575799296,20009062,sA-eth3,up,32912575539943,netem,59729562,46249,0,0,0,0,0,57428478,10543,0,57434194,11469,0
1806,32912593795736,32912596153892,19999793,sA-eth3,up,32912595940720,netem,59941612,46390,0,0,0,45420,4,57429138,10553,0,57646616,11484,0
1807,32912613800728,32912615696159,20004992,sA-eth3,up,32912615518357,netem,60120264,46508,0,0,0,0,0,57429204,10554,0,57809584,11496,0
1808,32912633788201,32912635683171,19987473,sA-eth3,up,32912635514569,netem,60121778,46509,0,0,0,0,0,57429204,10554,0,57811098,11497,0
1809,32912653788602,32912655609803,20000401,sA-eth3,up,32912655432381,netem,60291478,46623,0,0,0,33374,3,57439670,10559,0,57974198,11511,0
1810,32912673788645,32912675632535,20000043,sA-eth3,up,32912675447143,netem,60409792,46704,0,0,0,0,0,57442632,10560,0,58087892,11522,0
1811,32912693786037,32912696229844,19997392,sA-eth3,up,32912696054132,netem,60529398,46783,0,0,0,33308,2,57442698,10561,0,58202878,11531,0
1812,32912713788289,32912715658880,20002252,sA-eth3,up,32912715489168,netem,60768610,46941,0,0,0,33308,2,57442698,10561,0,58432850,11549,0
1813,32912733790341,32912735740773,20002052,sA-eth3,up,32912735563331,netem,60973000,47076,0,0,0,49962,3,57442764,10562,0,58645314,11565,0
1814,32912753791874,32912755721075,20001533,sA-eth3,up,32912755548953,netem,61227352,47244,0,0,0,51476,4,57442764,10562,0,58873772,11582,0
1815,32912773786705,32912776082332,19994831,sA-eth3,up,32912775885589,netem,61295482,47289,0,0,0,0,0,57442764,10562,0,58939262,11587,0
1816,32912793784978,32912795652039,19998273,sA-eth3,up,32912795483547,netem,61295482,47289,0,0,0,0,0,57442830,10563,0,58939262,11587,0
1817,32912813789880,32912815593630,20004902,sA-eth3,up,32912815416528,netem,61518040,47436,0,0,0,33308,2,57442830,10563,0,59153240,11604,0
1818,32912833797632,32912835613653,20007752,sA-eth3,up,32912835437631,netem,61755738,47593,0,0,0,51476,4,57442896,10564,0,59397692,11622,0
1819,32912853786115,32912855641936,19988483,sA-eth3,up,32912855469393,netem,61922792,47704,0,0,0,0,0,57442896,10564,0,59542218,11633,0
1820,32912873792207,32912875577757,20006092,sA-eth3,up,32912875394684,netem,61922956,47706,0,0,0,0,0,57450334,10567,0,59542382,11635,0
1821,32912893798790,32912895656120,20006583,sA-eth3,up,32912895487748,netem,61923676,47716,0,0,0,78,1,57481402,10577,0,59543180,11646,0
1822,32912913795131,32912915676822,19996341,sA-eth3,up,32912915493400,netem,61924988,47728,0,0,0,66,1,57540192,10590,0,59544480,11658,0
1823,32912933792254,32912935856097,19997123,sA-eth3,up,32912935596624,netem,61925420,47734,0,0,0,0,0,57581132,10597,0,59544846,11663,0
1824,32912953796196,32912955632486,20003942,sA-eth3,up,32912955458234,netem,61926058,47743,0,0,0,0,0,57629444,10604,0,59545484,11672,0
1825,32912973786819,32912975539767,19990623,sA-eth3,up,32912975361686,netem,61926756,47752,0,0,0,66,1,57675058,10615,0,59546182,11681,0
1826,32912993793170,32912995572980,20006351,sA-eth3,up,32912995390639,netem,61927254,47759,0,0,0,66,1,57710206,10621,0,59546680,11688,0
1827,32913013790743,32913015645683,19997573,sA-eth3,up,32913015476172,netem,61927542,47763,0,0,0,0,0,57724884,10624,0,59546968,11692,0
1828,32913033788815,32913035570745,19998072,sA-eth3,up,32913035386912,netem,61927542,47763,0,0,0,0,0,57724884,10624,0,59546968,11692,0
1829,32913053793967,32913055579968,20005152,sA-eth3,up,32913055407285,netem,61927542,47763,0,0,0,0,0,57724884,10624,0,59546968,11692,0
1830,32913073791160,32913075568829,19997193,sA-eth3,up,32913075393618,netem,61927542,47763,0,0,0,0,0,57724884,10624,0,59546968,11692,0
1831,32913093798401,32913096202898,20007241,sA-eth3,up,32913096026946,netem,61927542,47763,0,0,0,0,0,57724884,10624,0,59546968,11692,0
1832,32913113791623,32913116185911,19993222,sA-eth3,up,32913116018648,netem,61927542,47763,0,0,0,0,0,57724884,10624,0,59546968,11692,0
1833,32913133791226,32913135866129,19999603,sA-eth3,up,32913135700866,netem,61927542,47763,0,0,0,0,0,57724884,10624,0,59546968,11692,0
1834,32913153785649,32913155554298,19994423,sA-eth3,up,32913155375906,netem,61927542,47763,0,0,0,0,0,57724884,10624,0,59546968,11692,0
1835,32913173798500,32913175945554,20012851,sA-eth3,up,32913175771572,netem,61927542,47763,0,0,0,0,0,57724884,10624,0,59546968,11692,0
1836,32913193798792,32913196127369,20000292,sA-eth3,up,32913195935897,netem,61927542,47763,0,0,0,0,0,57724884,10624,0,59546968,11692,0
1837,32913213790235,32913215579375,19991443,sA-eth3,up,32913215397592,netem,61927620,47764,0,0,0,0,0,57730874,10627,0,59547046,11693,0
1838,32913233790187,32913235957901,19999952,sA-eth3,up,32913235788419,netem,61928240,47772,0,0,0,0,0,57739958,10633,0,59547666,11701,0
1839,32913253798750,32913255964424,20008563,sA-eth3,up,32913255795871,netem,61928240,47772,0,0,0,0,0,57739958,10633,0,59547666,11701,0
1840,32913273795982,32913276131159,19997232,sA-eth3,up,32913275941386,netem,61928240,47772,0,0,0,0,0,57739958,10633,0,59547666,11701,0
1841,32913293801435,32913295676255,20005453,sA-eth3,up,32913295489503,netem,61928240,47772,0,0,0,0,0,57739958,10633,0,59547666,11701,0
1842,32913313789497,32913315618147,19988062,sA-eth3,up,32913315442344,netem,61928240,47772,0,0,0,0,0,57739958,10633,0,59547666,11701,0
1843,32913333790218,32913336068604,20000721,sA-eth3,up,32913335869142,netem,61928240,47772,0,0,0,0,0,57739958,10633,0,59547666,11701,0
1844,32913353794001,32913355764183,20003783,sA-eth3,up,32913355577481,netem,61928240,47772,0,0,0,0,0,57739958,10633,0,59547666,11701,0
1845,32913373795094,32913375696565,20001093,sA-eth3,up,32913375516972,netem,61928240,47772,0,0,0,0,0,57739958,10633,0,59547666,11701,0
1846,32913393785036,32913395658566,19989942,sA-eth3,up,32913395480515,netem,61928240,47772,0,0,0,0,0,57739958,10633,0,59547666,11701,0
1847,32913413795389,32913415677819,20010353,sA-eth3,up,32913415501736,netem,61928240,47772,0,0,0,0,0,57739958,10633,0,59547666,11701,0
1848,32913433795320,32913435660981,19999931,sA-eth3,up,32913435485839,netem,61928240,47772,0,0,0,0,0,57741472,10634,0,59547666,11701,0
1849,32913453789722,32913455595102,19994402,sA-eth3,up,32913455376060,netem,61928984,47782,0,0,0,66,1,57762470,10645,0,59548410,11711,0
1850,32913473791865,32913475565775,20002143,sA-eth3,up,32913475386202,netem,61929458,47789,0,0,0,78,1,57803476,10652,0,59548962,11719,0
1851,32913493790747,32913495558746,19998882,sA-eth3,up,32913495378745,netem,61929980,47796,0,0,0,0,0,57832766,10657,0,59549406,11725,0
1852,32913513799209,32913515600569,20008462,sA-eth3,up,32913515424278,netem,61930276,47800,0,0,0,78,1,57867914,10663,0,59549780,11730,0
1853,32913533790942,32913535638892,19991733,sA-eth3,up,32913535445881,netem,61930894,47809,0,0,0,0,0,57908986,10671,0,59550320,11738,0
1854,32913553786404,32913555573874,19995462,sA-eth3,up,32913555394522,netem,61931392,47816,0,0,0,0,0,57938342,10677,0,59550818,11745,0
1855,32913573787736,32913576099042,20001332,sA-eth3,up,32913575915090,netem,61931746,47821,0,0,0,78,1,57973490,10683,0,59551172,11751,0
1856,32913593790118,32913599855805,20002382,sA-eth3,up,32913599668434,netem,61932310,47829,0,0,0,0,0,58020420,10692,0,59551736,11758,0
1857,32913613786551,32913619057089,19996433,sA-eth3,up,32913618866207,netem,61932754,47835,0,0,0,78,1,58058530,10699,0,59552180,11764,0
1858,32913633787002,32913635994517,20000451,sA-eth3,up,32913635827046,netem,61933396,47844,0,0,0,0,0,58106842,10707,0,59552822,11773,0
1859,32913653791195,32913655766387,20004193,sA-eth3,up,32913655598855,netem,61934090,47853,0,0,0,78,1,58163974,10717,0,59553594,11783,0
1860,32913673793978,32913675689728,20002783,sA-eth3,up,32913675518577,netem,61934862,47863,0,0,0,0,0,58224002,10727,0,59554288,11792,0
1861,32913693789309,32913695709951,19995331,sA-eth3,up,32913695545990,netem,61935540,47872,0,0,0,78,1,58270866,10735,0,59555044,11802,0
1862,32913713793762,32913716150849,20004453,sA-eth3,up,32913715957916,netem,61936146,47881,0,0,0,0,0,58325102,10745,0,59555572,11810,0
1863,32913733789614,32913735602054,19995852,sA-eth3,up,32913735430652,netem,61936578,47887,0,0,0,66,1,58360250,10751,0,59556070,11817,0
1864,32913753793616,32913755691357,20004002,sA-eth3,up,32913755523486,netem,61937096,47894,0,0,0,0,0,58394082,10759,0,59556522,11823,0
1865,32913773790628,32913775677750,19997012,sA-eth3,up,32913775502037,netem,61937624,47902,0,0,0,0,0,58435154,10767,0,59557050,11831,0
1866,32913793783961,32913795588470,19993333,sA-eth3,up,32913795406829,netem,61938266,47911,0,0,0,66,1,58486428,10776,0,59557692,11840,0
1867,32913813788983,32913815968867,20005022,sA-eth3,up,32913815797166,netem,61938686,47917,0,0,0,0,0,58523090,10783,0,59558112,11846,0
1868,32913833786975,32913835577306,19997992,sA-eth3,up,32913835398073,netem,61939238,47925,0,0,0,0,0,58569954,10791,0,59558664,11854,0
1869,32913853796947,32913856055872,20009972,sA-eth3,up,32913855865580,netem,61939856,47934,0,0,0,0,0,58624190,10801,0,59559282,11863,0
1870,32913873794290,32913875727832,19997343,sA-eth3,up,32913875566060,netem,61940432,47942,0,0,0,0,0,58660852,10808,0,59559858,11871,0
1871,32913893792402,32913896051128,19998112,sA-eth3,up,32913895865715,netem,61940432,47942,0,0,0,0,0,58660852,10808,0,59559858,11871,0
1872,32913913792114,32913915688586,19999712,sA-eth3,up,32913915523863,netem,61940432,47942,0,0,0,0,0,58660852,10808,0,59559858,11871,0
1873,32913933797947,32913935847109,20005833,sA-eth3,up,32913935680088,netem,61940432,47942,0,0,0,0,0,58660852,10808,0,59559858,11871,0
1874,32913953790449,32913955547989,19992502,sA-eth3,up,32913955377966,netem,61940432,47942,0,0,0,0,0,58660852,10808,0,59559858,11871,0
1875,32913973790762,32913975545301,20000313,sA-eth3,up,32913975374469,netem,61940432,47942,0,0,0,0,0,58660852,10808,0,59559858,11871,0
1876,32913993791433,32913995548834,20000671,sA-eth3,up,32913995379141,netem,61940432,47942,0,0,0,0,0,58660852,10808,0,59559858,11871,0
1877,32914013796716,32914015591186,20005283,sA-eth3,up,32914015415724,netem,61940432,47942,0,0,0,0,0,58660852,10808,0,59559858,11871,0
1878,32914033793368,32914036156145,19996652,sA-eth3,up,32914035972683,netem,61940432,47942,0,0,0,0,0,58660852,10808,0,59559858,11871,0
1879,32914053792461,32914055843923,19999093,sA-eth3,up,32914055666871,netem,61940432,47942,0,0,0,0,0,58660852,10808,0,59559858,11871,0
1880,32914073790953,32914075815566,19998492,sA-eth3,up,32914075646183,netem,61940432,47942,0,0,0,0,0,58660852,10808,0,59559858,11871,0
1881,32914093800665,32914095957649,20009712,sA-eth3,up,32914095790037,netem,61940432,47942,0,0,0,0,0,58660852,10808,0,59559858,11871,0
1882,32914113820068,32914116669520,20019403,sA-eth3,up,32914116440867,netem,61940432,47942,0,0,0,0,0,58660852,10808,0,59559858,11871,0
1883,32914133806900,32914136200666,19986832,sA-eth3,up,32914135957453,netem,61940432,47942,0,0,0,0,0,58660852,10808,0,59559858,11871,0
1884,32914153809522,32914155971766,20002622,sA-eth3,up,32914155744613,netem,61940432,47942,0,0,0,0,0,58660852,10808,0,59559858,11871,0
1885,32914173819184,32914176399004,20009662,sA-eth3,up,32914176165651,netem,61940432,47942,0,0,0,0,0,58660852,10808,0,59559858,11871,0
1886,32914193806056,32914195913529,19986872,sA-eth3,up,32914195736238,netem,61940432,47942,0,0,0,0,0,58660852,10808,0,59559858,11871,0
1887,32914213794149,32914215943962,19988093,sA-eth3,up,32914215768800,netem,61940432,47942,0,0,0,0,0,58660852,10808,0,59559858,11871,0
1888,32914233788220,32914235940835,19994071,sA-eth3,up,32914235769713,netem,61940432,47942,0,0,0,0,0,58660852,10808,0,59559858,11871,0
1889,32914253786893,32914256031758,19998673,sA-eth3,up,32914255835536,netem,61940432,47942,0,0,0,0,0,58660852,10808,0,59559858,11871,0
1890,32914273810586,32914276021520,20023693,sA-eth3,up,32914275826768,netem,61940432,47942,0,0,0,0,0,58660852,10808,0,59559858,11871,0
1891,32914293789507,32914295580548,19978921,sA-eth3,up,32914295397875,netem,61940432,47942,0,0,0,0,0,58660852,10808,0,59559858,11871,0
1892,32914313793780,32914315549889,20004273,sA-eth3,up,32914315369647,netem,61940432,47942,0,0,0,0,0,58660852,10808,0,59559858,11871,0
1893,32914333800272,32914336195238,20006492,sA-eth3,up,32914335984837,netem,61940432,47942,0,0,0,0,0,58660852,10808,0,59559858,11871,0
1894,32914353798094,32914355680275,19997822,sA-eth3,up,32914355504623,netem,61940432,47942,0,0,0,0,0,58660852,10808,0,59559858,11871,0
1895,32914373796216,32914375655167,19998122,sA-eth3,up,32914375471285,netem,61940432,47942,0,0,0,0,0,58660852,10808,0,59559858,11871,0
1896,32914393795039,32914395608999,19998823,sA-eth3,up,32914395428997,netem,61940432,47942,0,0,0,0,0,58660852,10808,0,59559858,11871,0
1897,32914413793551,32914415656881,19998512,sA-eth3,up,32914415488469,netem,61940432,47942,0,0,0,0,0,58660852,10808,0,59559858,11871,0
1898,32914433800473,32914435801835,20006922,sA-eth3,up,32914435571453,netem,61940432,47942,0,0,0,0,0,58660852,10808,0,59559858,11871,0
1899,32914453787326,32914456633597,19986853,sA-eth3,up,32914456462205,netem,61940432,47942,0,0,0,0,0,58660852,10808,0,59559858,11871,0
1900,32914473790828,32914476121014,20003502,sA-eth3,up,32914475851261,netem,61940432,47942,0,0,0,0,0,58660852,10808,0,59559858,11871,0
1901,32914493799130,32914495956664,20008302,sA-eth3,up,32914495785981,netem,61940474,47943,0,0,0,0,0,58660894,10809,0,59559900,11872,0
1902,32914513801042,32914515692734,20001912,sA-eth3,up,32914515509751,netem,61941144,47952,0,0,0,66,1,58700716,10820,0,59560570,11881,0
1903,32914533793665,32914535681165,19992623,sA-eth3,up,32914535509034,netem,61941870,47963,0,0,0,66,1,58768050,10831,0,59561296,11892,0
1904,32914553789396,32914556037182,19995731,sA-eth3,up,32914555849230,netem,61942710,47975,0,0,0,0,0,58855722,10843,0,59562136,11904,0
1905,32914573793759,32914576128105,20004363,sA-eth3,up,32914575941863,netem,61943472,47986,0,0,0,144,2,58956426,10855,0,59562976,11916,0
1906,32914593799971,32914595921435,20006212,sA-eth3,up,32914595746193,netem,61944298,47997,0,0,0,0,0,59039688,10866,0,59563724,11926,0
1907,32914613795874,32914615729984,19995903,sA-eth3,up,32914615547353,netem,61945162,48009,0,0,0,78,1,59130190,10877,0,59564588,11939,0
1908,32914633790185,32914635629356,19994311,sA-eth3,up,32914635459184,netem,61946110,48021,0,0,0,0,0,59220758,10889,0,59565536,11950,0
1909,32914653785548,32914656079483,19995363,sA-eth3,up,32914655883320,netem,61946878,48031,0,0,0,78,1,59322910,10901,0,59566304,11960,0
1910,32914673801560,32914676047085,20016012,sA-eth3,up,32914675860523,netem,61947890,48045,0,0,0,0,0,59428024,10914,0,59567316,11974,0
1911,32914693788782,32914695805205,19987222,sA-eth3,up,32914695634353,netem,61948154,48049,0,0,0,0,0,59524252,10924,0,59567580,11978,0
1912,32914713794444,32914715605254,20005662,sA-eth3,up,32914715430403,netem,61948154,48049,0,0,0,0,0,59525766,10925,0,59567580,11978,0
1913,32914733786037,32914735561956,19991593,sA-eth3,up,32914735384424,netem,61948454,48053,0,0,0,78,1,59569536,10930,0,59567880,11982,0
1914,32914753788959,32914755988573,20002922,sA-eth3,up,32914755820852,netem,61949234,48063,0,0,0,86,1,59664448,10942,0,59568746,11993,0
1915,32914773795031,32914775687223,20006072,sA-eth3,up,32914775520440,netem,61950132,48074,0,0,0,78,1,59776670,10953,0,59569636,12004,0
1916,32914793795603,32914795637713,20000572,sA-eth3,up,32914795466822,netem,61951062,48087,0,0,0,0,0,59885996,10964,0,59570488,12016,0
1917,32914813790016,32914815574146,19994413,sA-eth3,up,32914815392593,netem,61951824,48098,0,0,0,78,1,60044686,10977,0,59571250,12027,0
1918,32914833795758,32914835602038,20005742,sA-eth3,up,32914835424216,netem,61952944,48112,0,0,0,78,1,60148286,10989,0,59572370,12041,0
1919,32914853785250,32914855713892,19989492,sA-eth3,up,32914855539600,netem,61953694,48121,0,0,0,86,1,60238722,10999,0,59573120,12050,0
1920,32914873794253,32914876127298,20009003,sA-eth3,up,32914875927946,netem,61954682,48133,0,0,0,78,1,60372730,11011,0,59574108,12062,0
1921,32914893793424,32914895624485,19999171,sA-eth3,up,32914895433953,netem,61955758,48147,0,0,0,66,1,60496800,11026,0,59575250,12077,0
1922,32914913792637,32914915610197,19999213,sA-eth3,up,32914915431576,netem,61956556,48158,0,0,0,78,1,60566898,11035,0,59575982,12087,0
1923,32914933786839,32914936124045,19994202,sA-eth3,up,32914935926653,netem,61957272,48168,0,0,0,0,0,60654438,11045,0,59576698,12097,0
1924,32914953787582,32914955685672,20000743,sA-eth3,up,32914955514271,netem,61958164,48180,0,0,0,0,0,60733356,11056,0,59577590,12109,0
1925,32914973791683,32914975595874,20004101,sA-eth3,up,32914975412242,netem,61958662,48187,0,0,0,0,0,60812142,11065,0,59578088,12116,0
1926,32914993788326,32914996101981,19996643,sA-eth3,up,32914995915600,netem,61959466,48199,0,0,0,86,1,60908502,11077,0,59578978,12129,0
1927,32915013788918,32915015687739,20000592,sA-eth3,up,32915015519077,netem,61960238,48209,0,0,0,0,0,60978600,11086,0,59579664,12138,0
1928,32915033791700,32915035643541,20002782,sA-eth3,up,32915035478579,netem,61960978,48219,0,0,0,0,0,61070550,11097,0,59580404,12148,0
1929,32915053781762,32915055807804,19990062,sA-eth3,up,32915055517852,netem,62066398,48301,0,0,0,24290,3,61171452,11112,0,59681666,12167,0
1930,32915073794875,32915075782827,20013113,sA-eth3,up,32915075567045,netem,62312368,48472,0,0,0,37850,3,61233654,11133,0,59925438,12195,0
1931,32915093796816,32915095689768,20001941,sA-eth3,up,32915095502506,netem,62558446,48645,0,0,0,51476,4,61322250,11159,0,60154706,12223,0
1932,32915113795019,32915115678370,19998203,sA-eth3,up,32915115497078,netem,62814906,48821,0,0,0,51686,6,61397484,11180,0,60401266,12249,0
1933,32915133791042,32915135583191,19996023,sA-eth3,up,32915135402619,netem,63053540,48992,0,0,0,84862,7,61485882,11203,0,60648102,12281,0
1934,32915153786354,32915155563284,19995312,sA-eth3,up,32915155382411,netem,63315704,49168,0,0,0,75856,8,61512870,11217,0,60882528,12300,0
1935,32915173782936,32915175589676,19996582,sA-eth3,up,32915175404814,netem,63565880,49338,0,0,0,85018,9,61551112,11234,0,61123068,12324,0
1936,32915193789398,32915196249016,20006462,sA-eth3,up,32915196066683,netem,63822124,49512,0,0,0,101438,7,61560922,11251,0,61369346,12347,0
1937,32915213788141,32915215865783,19998743,sA-eth3,up,32915215695481,netem,64059822,49669,0,0,0,98924,7,61561648,11262,0,61597804,12365,0
1938,32915233802073,32915236248820,20013932,sA-eth3,up,32915236061459,netem,64158812,49736,0,0,0,78,1,61599914,11271,0,61692978,12373,0
1939,32915253797825,32915255931969,19995752,sA-eth3,up,32915255753237,netem,64159702,49747,0,0,0,0,0,61691864,11282,0,61693790,12383,0
1940,32915273793998,32915275864760,19996173,sA-eth3,up,32915275687689,netem,64160462,49757,0,0,0,86,1,61775126,11293,0,61694550,12393,0
1941,32915293788760,32915295789572,19994762,sA-eth3,up,32915295615470,netem,64161400,49768,0,0,0,78,1,61859836,11304,0,61695488,12404,0
1942,32915313790011,32915316219898,20001251,sA-eth3,up,32915316044526,netem,64162318,49781,0,0,0,78,1,61993976,11318,0,61696484,12418,0
1943,32915333796174,32915335892197,20006163,sA-eth3,up,32915335710275,netem,64162860,49788,0,0,0,78,1,62045052,11324,0,61697026,12425,0
1944,32915353789956,32915355768589,19993782,sA-eth3,up,32915355592756,netem,64163874,49801,0,0,0,78,1,62124036,11336,0,61697962,12437,0
1945,32915373784248,32915376234005,19994292,sA-eth3,up,32915376064484,netem,64165080,49816,0,0,0,78,1,62236522,11351,0,61699168,12452,0
1946,32915393783800,32915395932984,19999552,sA-eth3,up,32915395764862,netem,64166012,49828,0,0,0,144,2,62331566,11365,0,61700178,12465,0
1947,32915413783693,32915415667033,19999893,sA-eth3,up,32915415500002,netem,64166888,49840,0,0,0,0,0,62401796,11376,0,61700976,12476,0
1948,32915433788924,32915435721386,20005231,sA-eth3,up,32915435546645,netem,64167816,49852,0,0,0,78,1,62474988,11388,0,61701904,12488,0
1949,32915453796687,32915455751669,20007763,sA-eth3,up,32915455573687,netem,64168550,49861,0,0,0,0,0,62529092,11396,0,61702638,12497,0
1950,32915473794740,32915476213697,19998053,sA-eth3,up,32915476041605,netem,64169284,49870,0,0,0,66,1,62593398,11405,0,61703372,12506,0
1951,32915493792152,32915496080687,19997412,sA-eth3,up,32915495897295,netem,64169988,49880,0,0,0,66,1,62673764,11416,0,61704142,12517,0
1952,32915513793904,32915515724665,20001752,sA-eth3,up,32915515558193,netem,64170762,49891,0,0,0,0,0,62746824,11426,0,61704850,12527,0
1953,32915533794807,32915535691697,20000903,sA-eth3,up,32915535510855,netem,64171458,49901,0,0,0,78,1,62819884,11436,0,61705546,12537,0
1954,32915553795859,32915555855181,20001052,sA-eth3,up,32915555671209,netem,64238802,49955,0,0,0,34900,4,62893076,11448,0,61787758,12553,0
1955,32915573792171,32915575668112,19996312,sA-eth3,up,32915575494329,netem,64495436,50134,0,0,0,33374,3,62966928,11470,0,62016984,12580,0
1956,32915593795423,32915595610103,20003252,sA-eth3,up,32915595432641,netem,64735212,50300,0,0,0,47020,4,63018796,11488,0,62263600,12608,0
1957,32915613798635,32915615733047,20003212,sA-eth3,up,32915615549905,netem,64994636,50478,0,0,0,44062,5,63085606,11513,0,62496846,12631,0
1958,32915633798378,32915635630888,19999743,sA-eth3,up,32915635458686,netem,65246604,50652,0,0,0,51476,4,63137408,11530,0,62739046,12657,0
1959,32915653804660,32915655670791,20006282,sA-eth3,up,32915655463479,netem,65486066,50813,0,0,0,60646,5,63152812,11544,0,62969202,12679,0
1960,32915673801682,32915675633602,19997022,sA-eth3,up,32915675458651,netem,65740792,50986,0,0,0,68364,8,63211920,11562,0,63214028,12700,0
1961,32915693795345,32915695789367,19993663,sA-eth3,up,32915695572134,netem,65994560,51166,0,0,0,71236,6,63285706,11583,0,63457962,12731,0
1962,32915713792216,32915715725298,19996871,sA-eth3,up,32915715554116,netem,66237498,51335,0,0,0,87944,7,63375684,11608,0,63707522,12759,0
1963,32915733795109,32915735851741,20002893,sA-eth3,up,32915735679560,netem,66370552,51434,0,0,0,78,1,63462172,11624,0,63819446,12779,0
1964,32915753799541,32915756126197,20004432,sA-eth3,up,32915755929784,netem,66371362,51445,0,0,0,0,0,63541090,11635,0,63820178,12789,0
1965,32915773802583,32915775686994,20003042,sA-eth3,up,32915775512482,netem,66371884,51452,0,0,0,144,2,63600986,11643,0,63820700,12796,0
1966,32915793797655,32915795696097,19995072,sA-eth3,up,32915795521414,netem,66372766,51465,0,0,0,0,0,63680286,11653,0,63821582,12809,0
1967,32915813793818,32915815618668,19996163,sA-eth3,up,32915815438456,netem,66372832,51466,0,0,0,0,0,63684696,11654,0,63821648,12810,0
1968,32915833800421,32915835621570,20006603,sA-eth3,up,32915835432518,netem,66372832,51466,0,0,0,0,0,63684696,11654,0,63821648,12810,0
1969,32915853818012,32915855699904,20017591,sA-eth3,up,32915855505651,netem,66372832,51466,0,0,0,0,0,63684696,11654,0,63821648,12810,0
1970,32915873800134,32915875675274,19982122,sA-eth3,up,32915875499583,netem,66372832,51466,0,0,0,0,0,63684696,11654,0,63821648,12810,0
1971,32915893795197,32915895613567,19995063,sA-eth3,up,32915895424684,netem,66372832,51466,0,0,0,0,0,63684696,11654,0,63821648,12810,0
1972,32915913795319,32915915596219,20000122,sA-eth3,up,32915915417177,netem,66372832,51466,0,0,0,0,0,63684696,11654,0,63821648,12810,0
1973,32915933796751,32915936104826,20001432,sA-eth3,up,32915935915315,netem,66372832,51466,0,0,0,0,0,63684696,11654,0,63821648,12810,0
1974,32915953796834,32915956220449,20000083,sA-eth3,up,32915956039048,netem,66372832,51466,0,0,0,0,0,63684696,11654,0,63821648,12810,0
1975,32915973807796,32915976374134,20010962,sA-eth3,up,32915976191812,netem,66372832,51466,0,0,0,0,0,63684696,11654,0,63821648,12810,0
1976,32915993792968,32915996073212,19985172,sA-eth3,up,32915995880771,netem,66373096,51470,0,0,0,0,0,63730004,11660,0,63821912,12814,0
1977,32916013801190,32916015929433,20008222,sA-eth3,up,32916015745302,netem,66374106,51483,0,0,0,0,0,63794442,11671,0,63822922,12827,0
1978,32916033801712,32916036111208,20000522,sA-eth3,up,32916035914516,netem,66374712,51492,0,0,0,78,1,63896528,11682,0,63823528,12836,0
1979,32916053791034,32916055640505,19989322,sA-eth3,up,32916055473303,netem,66375398,51501,0,0,0,78,1,63963730,11691,0,63824214,12845,0
1980,32916073799497,32916075695108,20008463,sA-eth3,up,32916075513536,netem,66375940,51508,0,0,0,0,0,64007566,11697,0,63824756,12852,0
1981,32916093795519,32916095668330,19996022,sA-eth3,up,32916095496227,netem,66376480,51516,0,0,0,0,0,64058708,11704,0,63825296,12860,0
1982,32916113784921,32916115640112,19989402,sA-eth3,up,32916115471800,netem,66376986,51523,0,0,0,0,0,64117156,11712,0,63825802,12867,0
1983,32916133789213,32916135601573,20004292,sA-eth3,up,32916135426892,netem,66377682,51533,0,0,0,0,0,64190216,11722,0,63826498,12877,0
1984,32916153784136,32916155593216,19994923,sA-eth3,up,32916155420863,netem,66378348,51542,0,0,0,0,0,64255970,11731,0,63827164,12886,0
1985,32916173783267,32916175764549,19999131,sA-eth3,up,32916175596078,netem,66497048,51628,0,0,0,33308,2,64300202,11743,0,63941244,12902,0
1986,32916193795600,32916195699922,20012333,sA-eth3,up,32916195528029,netem,66736502,51789,0,0,0,39450,3,64336996,11752,0,64171326,12921,0
1987,32916213790283,32916215751294,19994683,sA-eth3,up,32916215586042,netem,66873402,51887,0,0,0,33386,3,64395906,11767,0,64302946,12939,0
1988,32916233788354,32916235657715,19998071,sA-eth3,up,32916235496283,netem,67129898,52065,0,0,0,34900,3,64462650,11791,0,64549476,12966,0
1989,32916253789306,32916255628678,20000952,sA-eth3,up,32916255466235,netem,67381756,52238,0,0,0,30280,2,64514650,11811,0,64791566,12991,0
1990,32916273790919,32916275682030,20001613,sA-eth3,up,32916275517689,netem,67624548,52406,0,0,0,54660,5,64581130,11831,0,65024920,13016,0
1991,32916293790232,32916295655792,19999313,sA-eth3,up,32916295494340,netem,67875032,52580,0,0,0,37850,3,64625626,11847,0,65265768,13044,0
1992,32916313788013,32916315624724,19997781,sA-eth3,up,32916315458682,netem,68120706,52747,0,0,0,50040,4,64670320,11866,0,65501938,13067,0
1993,32916333785146,32916335627636,19997133,sA-eth3,up,32916335467144,netem,68375580,52922,0,0,0,30366,3,64722518,11889,0,65746978,13093,0
1994,32916353782768,32916355743560,19997622,sA-eth3,up,32916355566018,netem,68576616,53064,0,0,0,66,1,64789196,11912,0,65940160,13116,0
1995,32916373789609,32916376194647,20006841,sA-eth3,up,32916375995504,netem,68577792,53074,0,0,0,78,1,64855028,11922,0,65941336,13126,0
1996,32916393783142,32916395865526,19993533,sA-eth3,up,32916395663384,netem,68578300,53080,0,0,0,0,0,64884318,11927,0,65941844,13132,0
1997,32916413787495,32916415874947,20004353,sA-eth3,up,32916415705556,netem,68579212,53092,0,0,0,66,1,64959024,11940,0,65942756,13144,0
1998,32916433788307,32916435852040,20000812,sA-eth3,up,32916435681788,netem,68579606,53097,0,0,0,0,0,64986866,11945,0,65943150,13149,0
1999,32916453785259,32916455729871,19996952,sA-eth3,up,32916455558678,netem,68579606,53097,0,0,0,0,0,64986866,11945,0,65943150,13149,0
2000,32916473786311,32916475672113,20001052,sA-eth3,up,32916475499041,netem,68579606,53097,0,0,0,0,0,64986866,11945,0,65943150,13149,0
2001,32916493785714,32916495700514,19999403,sA-eth3,up,32916495441892,netem,68579606,53097,0,0,0,0,0,64986866,11945,0,65943150,13149,0
2002,32916513782456,32916515690547,19996742,sA-eth3,up,32916515497504,netem,68579606,53097,0,0,0,0,0,64986866,11945,0,65943150,13149,0
2003,32916533792928,32916535784380,20010472,sA-eth3,up,32916535601858,netem,68579606,53097,0,0,0,0,0,64986866,11945,0,65943150,13149,0
2004,32916553791151,32916556034926,19998223,sA-eth3,up,32916555849153,netem,68579606,53097,0,0,0,0,0,64986866,11945,0,65943150,13149,0
2005,32916573791622,32916575581463,20000471,sA-eth3,up,32916575402911,netem,68579606,53097,0,0,0,0,0,64986866,11945,0,65943150,13149,0
2006,32916593790125,32916595564674,19998503,sA-eth3,up,32916595394413,netem,68579606,53097,0,0,0,0,0,64986866,11945,0,65943150,13149,0
2007,32916613792627,32916615609167,20002502,sA-eth3,up,32916615428985,netem,68579606,53097,0,0,0,0,0,64986866,11945,0,65943150,13149,0
2008,32916633790930,32916636167675,19998303,sA-eth3,up,32916635986513,netem,68579606,53097,0,0,0,0,0,64988380,11946,0,65943150,13149,0
2009,32916653788011,32916656114027,19997081,sA-eth3,up,32916655925785,netem,68580290,53107,0,0,0,78,1,65025240,11956,0,65943834,13159,0
2010,32916673787954,32916675595054,19999943,sA-eth3,up,32916675423862,netem,68581144,53118,0,0,0,0,0,65091192,11968,0,65944688,13170,0
2011,32916693794606,32916696045311,20006652,sA-eth3,up,32916695853009,netem,68581924,53128,0,0,0,78,1,65177284,11978,0,65945468,13180,0
2012,32916713785488,32916715866142,19990882,sA-eth3,up,32916715700029,netem,68582700,53138,0,0,0,78,1,65257650,11989,0,65946244,13190,0
2013,32916733782990,32916736152047,19997502,sA-eth3,up,32916735968885,netem,68583550,53149,0,0,0,78,1,65336568,12000,0,65947094,13201,0
2014,32916753790573,32916755837075,20007583,sA-eth3,up,32916755674293,netem,68584112,53156,0,0,0,0,0,65358618,12005,0,65947656,13208,0
2015,32916773788354,32916776072831,19997781,sA-eth3,up,32916775881338,netem,68584876,53166,0,0,0,0,0,65399888,12016,0,65948420,13218,0
2016,32916793786127,32916795989512,19997773,sA-eth3,up,32916795823379,netem,68585386,53173,0,0,0,0,0,65445238,12023,0,65948930,13225,0
2017,32916813785640,32916815890542,19999513,sA-eth3,up,32916815718741,netem,68586004,53182,0,0,0,0,0,65506648,12032,0,65949548,13234,0
2018,32916833790861,32916836024276,20005221,sA-eth3,up,32916835845895,netem,68586448,53188,0,0,0,66,1,65550484,12038,0,65949992,13240,0
2019,32916853791414,32916855579603,20000553,sA-eth3,up,32916855407252,netem,68586514,53189,0,0,0,0,0,65550484,12038,0,65950058,13241,0
2020,32916873793116,32916876083282,20001702,sA-eth3,up,32916875897129,netem,68586514,53189,0,0,0,0,0,65550484,12038,0,65950058,13241,0
2021,32916893788329,32916895768810,19995213,sA-eth3,up,32916895517808,netem,68586514,53189,0,0,0,0,0,65550484,12038,0,65950058,13241,0
2022,32916913817290,32916916132817,20028961,sA-eth3,up,32916915841054,netem,68586514,53189,0,0,0,0,0,65550484,12038,0,65950058,13241,0
2023,32916933814733,32916935878696,19997443,sA-eth3,up,32916935619914,netem,68586514,53189,0,0,0,0,0,65550484,12038,0,65950058,13241,0
2024,32916953817146,32916956361454,20002413,sA-eth3,up,32916956109400,netem,68586514,53189,0,0,0,0,0,65550484,12038,0,65950058,13241,0
2025,32916973815748,32916976224574,19998602,sA-eth3,up,32916975940661,netem,68586514,53189,0,0,0,0,0,65550484,12038,0,65950058,13241,0
2026,32916993810939,32916996213467,19995191,sA-eth3,up,32916995938024,netem,68586514,53189,0,0,0,0,0,65550484,12038,0,65950058,13241,0
2027,32917013814142,32917016118307,20003203,sA-eth3,up,32917015826914,netem,68586514,53189,0,0,0,0,0,65550484,12038,0,65950058,13241,0
2028,32917033821864,32917036119340,20007722,sA-eth3,up,32917035807966,netem,68586514,53189,0,0,0,0,0,65550484,12038,0,65950058,13241,0
2029,32917053811976,32917055976980,19990112,sA-eth3,up,32917055735478,netem,68586778,53193,0,0,0,0,0,65576878,12043,0,65950322,13245,0
2030,32917073809459,32917075929593,19997483,sA-eth3,up,32917075681940,netem,68587420,53202,0,0,0,0,0,65638288,12052,0,65950964,13254,0
2031,32917093809231,32917095966685,19999772,sA-eth3,up,32917095726172,netem,68587872,53208,0,0,0,0,0,65674818,12058,0,65951416,13260,0
2032,32917113813814,32917116068938,20004583,sA-eth3,up,32917115779845,netem,68588514,53217,0,0,0,66,1,65747878,12067,0,65952058,13269,0
2033,32917133815475,32917136092251,20001661,sA-eth3,up,32917135789237,netem,68588744,53220,0,0,0,0,0,65762490,12069,0,65952288,13272,0
2034,32917153806557,32917156412916,19991082,sA-eth3,up,32917156164223,netem,68588744,53220,0,0,0,0,0,65762490,12069,0,65952288,13272,0
2035,32917173811540,32917176023544,20004983,sA-eth3,up,32917175745441,netem,68588744,53220,0,0,0,0,0,65762490,12069,0,65952288,13272,0
2036,32917193814492,32917195997626,20002952,sA-eth3,up,32917195745293,netem,68588744,53220,0,0,0,0,0,65762490,12069,0,65952288,13272,0
2037,32917213816795,32917216380002,20002303,sA-eth3,up,32917216119489,netem,68588744,53220,0,0,0,0,0,65762490,12069,0,65952288,13272,0
2038,32917233808207,32917235968550,19991412,sA-eth3,up,32917235718518,netem,68588744,53220,0,0,0,0,0,65762490,12069,0,65952288,13272,0
2039,32917253810108,32917256306076,20001901,sA-eth3,up,32917256046293,netem,68588744,53220,0,0,0,0,0,65762490,12069,0,65952288,13272,0
2040,32917273813761,32917276083446,20003653,sA-eth3,up,32917275811913,netem,68588744,53220,0,0,0,0,0,65762490,12069,0,65952288,13272,0
2041,32917293812833,32917296034278,19999072,sA-eth3,up,32917295781205,netem,68588744,53220,0,0,0,0,0,65762490,12069,0,65952288,13272,0
2042,32917313817455,32917316327454,20004622,sA-eth3,up,32917316078061,netem,68588744,53220,0,0,0,0,0,65762490,12069,0,65952288,13272,0
2043,32917333805058,32917336025602,19987603,sA-eth3,up,32917335773739,netem,68588830,53221,0,0,0,0,0,65769862,12071,0,65952374,13273,0
2044,32917353809380,32917356315308,20004322,sA-eth3,up,32917356052055,netem,68589406,53229,0,0,0,66,1,65828376,12080,0,65953016,13282,0
2045,32917373815002,32917376184359,20005622,sA-eth3,up,32917375875675,netem,68589982,53237,0,0,0,78,1,65886824,12088,0,65953604,13290,0
2046,32917393810774,32917396076629,19995772,sA-eth3,up,32917395788716,netem,68590126,53239,0,0,0,0,0,65908742,12091,0,65953670,13291,0
2047,32917413812497,32917415955711,20001723,sA-eth3,up,32917415704848,netem,68590126,53239,0,0,0,66,1,65908742,12091,0,65953670,13291,0
2048,32917433833499,32917435899002,20021002,sA-eth3,up,32917435657169,netem,68590744,53248,0,0,0,78,1,65987594,12101,0,65954288,13300,0
2049,32917453817271,32917455851134,19983772,sA-eth3,up,32917455592811,netem,68591274,53255,0,0,0,78,1,66040184,12108,0,65954818,13307,0
2050,32917473821743,32917475783625,20004472,sA-eth3,up,32917475544873,netem,68591862,53263,0,0,0,86,1,66105872,12116,0,65955492,13316,0
2051,32917493805486,32917495899169,19983743,sA-eth3,up,32917495647956,netem,68592654,53273,0,0,0,78,1,66158726,12127,0,65956198,13325,0
2052,32917513811777,32917516326556,20006291,sA-eth3,up,32917516082594,netem,68593172,53280,0,0,0,0,0,66193874,12133,0,65956716,13332,0
2053,32917533805280,32917536135125,19993503,sA-eth3,up,32917535845682,netem,68593628,53286,0,0,0,66,1,66230602,12142,0,65957172,13338,0
2054,32917553822232,32917556272080,20016952,sA-eth3,up,32917555993877,netem,68594402,53297,0,0,0,0,0,66290696,12152,0,65957946,13349,0
2055,32917573804274,32917576195181,19982042,sA-eth3,up,32917575874068,netem,68594966,53305,0,0,0,0,0,66339074,12162,0,65958510,13357,0
2056,32917593796406,32917595809899,19992132,sA-eth3,up,32917595633747,netem,68595538,53313,0,0,0,66,1,66385938,12169,0,65959148,13366,0
2057,32917613797039,32917615711640,20000633,sA-eth3,up,32917615507678,netem,68596146,53321,0,0,0,0,0,66425562,12177,0,65959690,13373,0
2058,32917633792931,32917635710342,19995892,sA-eth3,up,32917635504880,netem,68596812,53330,0,0,0,0,0,66476836,12186,0,65960356,13382,0
2059,32917653795203,32917655724985,20002272,sA-eth3,up,32917655551023,netem,68597490,53339,0,0,0,0,0,66529558,12195,0,65961034,13391,0
2060,32917673797516,32917675645086,20002313,sA-eth3,up,32917675470464,netem,68598120,53348,0,0,0,0,0,66577936,12204,0,65961664,13400,0
2061,32917693792448,32917695660218,19994932,sA-eth3,up,32917695486466,netem,68598696,53356,0,0,0,78,1,66624932,12214,0,65962318,13409,0
2062,32917713791130,32917715732421,19998682,sA-eth3,up,32917715516979,netem,68599074,53361,0,0,0,66,1,66654222,12219,0,65962618,13413,0
2063,32917733793052,32917735740554,20001922,sA-eth3,up,32917735561221,netem,68769392,53484,0,0,0,50028,4,66704840,12240,0,66142396,13438,0
2064,32917753790995,32917755661545,19997943,sA-eth3,up,32917755481443,netem,69025924,53662,0,0,0,66772,6,66759736,12261,0,66372902,13463,0
2065,32917773791726,32917775651747,20000731,sA-eth3,up,32917775474235,netem,69267200,53828,0,0,0,98740,11,66826414,12283,0,66623762,13489,0
2066,32917793794039,32917795680820,20002313,sA-eth3,up,32917795500108,netem,69520698,54005,0,0,0,118404,12,66878348,12302,0,66864542,13517,0
2067,32917813792151,32917815666781,19998112,sA-eth3,up,32917815490070,netem,69777176,54182,0,0,0,118256,10,66920146,12321,0,67094982,13541,0
2068,32917833790804,32917835652384,19998653,sA-eth3,up,32917835473992,netem,70032168,54358,0,0,0,103226,11,66967802,12341,0,67340074,13567,0
2069,32917853786775,32917855645836,19995971,sA-eth3,up,32917855468754,netem,70272256,54526,0,0,0,118428,12,67030136,12364,0,67570790,13593,0
2070,32917873802488,32917875672478,20015713,sA-eth3,up,32917875492047,netem,70528848,54704,0,0,0,127606,13,67093852,12386,0,67817482,13621,0
2071,32917893790631,32917895602440,19988143,sA-eth3,up,32917895424118,netem,70767404,54872,0,0,0,31250,8,67164874,12409,0,68062792,13650,0
2072,32917913785182,32917915619463,19994551,sA-eth3,up,32917915407720,netem,70799324,54908,0,0,0,78,1,67233788,12422,0,68077398,13665,0
2073,32917937545926,32917939625860,23760744,sA-eth3,up,32917939353256,netem,70800344,54922,0,0,0,0,0,67322974,12435,0,68078418,13679,0
2074,32917953799897,32917955625577,16253971,sA-eth3,up,32917955433845,netem,70800430,54923,0,0,0,0,0,67322974,12435,0,68078504,13680,0
2075,32917973804079,32917975756071,20004182,sA-eth3,up,32917975566959,netem,70800430,54923,0,0,0,0,0,67322974,12435,0,68078504,13680,0
2076,32917993798711,32917996073986,19994632,sA-eth3,up,32917995873035,netem,70800430,54923,0,0,0,0,0,67322974,12435,0,68078504,13680,0
2077,32918013792214,32918015646094,19993503,sA-eth3,up,32918015469793,netem,70800430,54923,0,0,0,0,0,67322974,12435,0,68078504,13680,0
2078,32918033800326,32918035732517,20008112,sA-eth3,up,32918035552646,netem,70800430,54923,0,0,0,0,0,67322974,12435,0,68078504,13680,0
2079,32918053799068,32918055688299,19998742,sA-eth3,up,32918055511417,netem,70800430,54923,0,0,0,0,0,67322974,12435,0,68078504,13680,0
2080,32918073791840,32918076052845,19992772,sA-eth3,up,32918075862783,netem,70800430,54923,0,0,0,0,0,67322974,12435,0,68078504,13680,0
2081,32918093793693,32918095613803,20001853,sA-eth3,up,32918095425471,netem,70800430,54923,0,0,0,0,0,67322974,12435,0,68078504,13680,0
2082,32918113797915,32918115644545,20004222,sA-eth3,up,32918115467913,netem,70800430,54923,0,0,0,0,0,67322974,12435,0,68078504,13680,0
2083,32918133801607,32918135708808,20003692,sA-eth3,up,32918135523206,netem,70800430,54923,0,0,0,0,0,67322974,12435,0,68078504,13680,0
2084,32918153797869,32918155624439,19996262,sA-eth3,up,32918155430687,netem,70800430,54923,0,0,0,0,0,67324488,12436,0,68078504,13680,0
2085,32918173740720,32918176108337,19942851,sA-eth3,up,32918175902655,netem,70801086,54931,0,0,0,0,0,67359702,12443,0,68079160,13688,0
2086,32918193808143,32918195682075,20067423,sA-eth3,up,32918195492482,netem,70801870,54941,0,0,0,78,1,67428550,12455,0,68080022,13699,0
2087,32918213796376,32918215726557,19988233,sA-eth3,up,32918215537615,netem,70802560,54950,0,0,0,78,1,67487130,12465,0,68080634,13707,0
2088,32918233795089,32918235696529,19998713,sA-eth3,up,32918235509598,netem,70803466,54963,0,0,0,0,0,67538536,12476,0,68081540,13720,0
2089,32918253793140,32918255704361,19998051,sA-eth3,up,32918255464649,netem,70804054,54971,0,0,0,0,0,67592772,12486,0,68082128,13728,0
2090,32918273793322,32918275679984,20000182,sA-eth3,up,32918275488722,netem,70804762,54981,0,0,0,0,0,67645494,12495,0,68082836,13738,0
2091,32918293793115,32918295683435,19999793,sA-eth3,up,32918295485354,netem,70805440,54990,0,0,0,0,0,67698282,12505,0,68083514,13747,0
2092,32918313795517,32918315642668,20002402,sA-eth3,up,32918315458876,netem,70806070,54999,0,0,0,0,0,67748108,12514,0,68084144,13756,0
2093,32918333805379,32918335839352,20009862,sA-eth3,up,32918335574369,netem,70806748,55008,0,0,0,66,1,67808202,12525,0,68084822,13766,0
2094,32918353814362,32918355639452,20008983,sA-eth3,up,32918355462440,netem,70807324,55016,0,0,0,0,0,67849208,12532,0,68085398,13773,0
2095,32918373796924,32918376158710,19982562,sA-eth3,up,32918375954607,netem,70808122,55027,0,0,0,66,1,67913712,12544,0,68086196,13784,0
2096,32918393811696,32918395731128,20014772,sA-eth3,up,32918395543325,netem,70808496,55032,0,0,0,0,0,67925494,12547,0,68086570,13789,0
2097,32918413809948,32918415708730,19998252,sA-eth3,up,32918415490337,netem,70808496,55032,0,0,0,0,0,67925494,12547,0,68086570,13789,0
2098,32918433806671,32918435669101,19996723,sA-eth3,up,32918435473419,netem,70808496,55032,0,0,0,0,0,67925494,12547,0,68086570,13789,0
2099,32918453812802,32918456165869,20006131,sA-eth3,up,32918455962117,netem,70808496,55032,0,0,0,0,0,67925494,12547,0,68086570,13789,0
2100,32918473807905,32918475735537,19995103,sA-eth3,up,32918475551844,netem,70808496,55032,0,0,0,0,0,67925494,12547,0,68086570,13789,0
2101,32918493800258,32918496121523,19992353,sA-eth3,up,32918495923381,netem,70808496,55032,0,0,0,0,0,67925494,12547,0,68086570,13789,0
2102,32918513796010,32918515800502,19995752,sA-eth3,up,32918515629560,netem,70808496,55032,0,0,0,0,0,67925494,12547,0,68086570,13789,0
2103,32918533796322,32918536187588,20000312,sA-eth3,up,32918535992516,netem,70808496,55032,0,0,0,0,0,67925494,12547,0,68086570,13789,0
2104,32918553790404,32918555883558,19994082,sA-eth3,up,32918555708655,netem,70808496,55032,0,0,0,0,0,67925494,12547,0,68086570,13789,0
2105,32918573795157,32918575640996,20004753,sA-eth3,up,32918575466434,netem,70808496,55032,0,0,0,0,0,67925494,12547,0,68086570,13789,0
2106,32918593789969,32918595684739,19994812,sA-eth3,up,32918595499527,netem,70808496,55032,0,0,0,0,0,67927008,12548,0,68086570,13789,0
2107,32918613789540,32918616110127,19999571,sA-eth3,up,32918615912305,netem,70809140,55040,0,0,0,0,0,67939054,12555,0,68087214,13797,0
2108,32918633796353,32918636051858,20006813,sA-eth3,up,32918635848896,netem,70809218,55041,0,0,0,0,0,67940568,12556,0,68087292,13798,0
2109,32918653794986,32918655654106,19998633,sA-eth3,up,32918655469923,netem,70809218,55041,0,0,0,0,0,67940568,12556,0,68087292,13798,0
2110,32918673793827,32918676061112,19998841,sA-eth3,up,32918675876291,netem,70809218,55041,0,0,0,0,0,67940568,12556,0,68087292,13798,0
2111,32918693819010,32918695821442,20025183,sA-eth3,up,32918695599260,netem,70809218,55041,0,0,0,0,0,67940568,12556,0,68087292,13798,0
2112,32918713803412,32918715727983,19984402,sA-eth3,up,32918715527322,netem,70809218,55041,0,0,0,0,0,67940568,12556,0,68087292,13798,0
2113,32918733797734,32918735656965,19994322,sA-eth3,up,32918735465073,netem,70809218,55041,0,0,0,0,0,67940568,12556,0,68087292,13798,0
2114,32918753797816,32918755630797,20000082,sA-eth3,up,32918755428165,netem,70809218,55041,0,0,0,0,0,67940568,12556,0,68087292,13798,0
2115,32918773805839,32918775678419,20008023,sA-eth3,up,32918775492708,netem,70809218,55041,0,0,0,0,0,67940568,12556,0,68087292,13798,0
2116,32918793822202,32918795914034,20016363,sA-eth3,up,32918795687892,netem,70809218,55041,0,0,0,0,0,67940568,12556,0,68087292,13798,0
2117,32918813790823,32918815690574,19968621,sA-eth3,up,32918815508272,netem,70809218,55041,0,0,0,0,0,67940568,12556,0,68087292,13798,0
2118,32918833804865,32918835632506,20014042,sA-eth3,up,32918835437914,netem,70809218,55041,0,0,0,0,0,67942082,12557,0,68087292,13798,0
2119,32918853788268,32918855649868,19983403,sA-eth3,up,32918855436116,netem,70809904,55050,0,0,0,0,0,67986116,12566,0,68087978,13807,0
2120,32918873798320,32918876026865,20010052,sA-eth3,up,32918875825312,netem,70810612,55060,0,0,0,66,1,68044762,12577,0,68088752,13818,0
2121,32918893804722,32918895659872,20006402,sA-eth3,up,32918895482341,netem,70811320,55070,0,0,0,0,0,68096036,12586,0,68089394,13827,0
2122,32918913801595,32918915619995,19996873,sA-eth3,up,32918915409542,netem,70811896,55078,0,0,0,0,0,68144414,12595,0,68089970,13835,0
2123,32918933791036,32918935608837,19989441,sA-eth3,up,32918935412394,netem,70812340,55084,0,0,0,0,0,68176666,12601,0,68090414,13841,0
2124,32918953792089,32918955700040,20001053,sA-eth3,up,32918955514828,netem,70812960,55092,0,0,0,66,1,68219186,12609,0,68091034,13849,0
2125,32918973796952,32918975683632,20004863,sA-eth3,up,32918975498080,netem,70813380,55098,0,0,0,0,0,68245580,12614,0,68091454,13855,0
2126,32918993786633,32918995674044,19989681,sA-eth3,up,32918995504872,netem,71033222,55247,0,0,0,31860,4,68260918,12627,0,68304230,13875,0
2127,32919013786505,32919015571295,19999872,sA-eth3,up,32919015385414,netem,71188148,55356,0,0,0,66,1,68294816,12636,0,68451702,13893,0
2128,32919033803178,32919035626868,20016673,sA-eth3,up,32919035444216,netem,71199142,55369,0,0,0,0,0,68325620,12642,0,68462234,13899,0
2129,32919053788989,32919055670321,19985811,sA-eth3,up,32919055502389,netem,71376514,55489,0,0,0,50040,4,68349118,12647,0,68648736,13916,0
2130,32919073781672,32919075556922,19992683,sA-eth3,up,32919075385100,netem,71478306,55561,0,0,0,0,0,68372550,12651,0,68730574,13927,0
2131,32919093791224,32919095565544,20009552,sA-eth3,up,32919095381292,netem,71479820,55562,0,0,0,0,0,68372550,12651,0,68732088,13928,0
2132,32919113782637,32919115574487,19991413,sA-eth3,up,32919115395354,netem,71479820,55562,0,0,0,0,0,68372550,12651,0,68732088,13928,0
2133,32919133801209,32919135636600,20018572,sA-eth3,up,32919135462348,netem,71496474,55573,0,0,0,33308,2,68372616,12652,0,68748082,13929,0
2134,32919153805041,32919155622231,20003832,sA-eth3,up,32919155435090,netem,71750826,55741,0,0,0,51476,4,68372616,12652,0,68992534,13947,0
2135,32919173793003,32919175554123,19987962,sA-eth3,up,32919175372581,netem,71870432,55820,0,0,0,0,0,68372616,12652,0,69107520,13956,0
2136,32919193795416,32919195581956,20002413,sA-eth3,up,32919195404194,netem,71870432,55820,0,0,0,0,0,68372616,12652,0,69107520,13956,0
2137,32919213796338,32919215620569,20000922,sA-eth3,up,32919215440046,netem,71873460,55822,0,0,0,0,0,68372616,12652,0,69110482,13957,0
2138,32919233796310,32919235595700,19999972,sA-eth3,up,32919235419518,netem,71873460,55822,0,0,0,0,0,68372616,12652,0,69110482,13957,0
2139,32919253801183,32919255560782,20004873,sA-eth3,up,32919255380850,netem,71873460,55822,0,0,0,48448,3,68372682,12653,0,69126476,13958,0
2140,32919273793064,32919275753996,19991881,sA-eth3,up,32919275564334,netem,72126298,55989,0,0,0,49962,3,68372682,12653,0,69353486,13976,0
2141,32919293798517,32919296191114,20005453,sA-eth3,up,32919295989601,netem,72380728,56158,0,0,0,68262,7,68380186,12657,0,69614142,13997,0
2142,32919313802180,32919315719120,20003663,sA-eth3,up,32919315540879,netem,72637122,56335,0,0,0,51542,5,68415400,12664,0,69844510,14021,0
2143,32919333792901,32919336113587,19990721,sA-eth3,up,32919335922395,netem,72876664,56498,0,0,0,101570,9,68452590,12679,0,70090674,14043,0
2144,32919353800254,32919355685185,20007353,sA-eth3,up,32919355503972,netem,73009340,56592,0,0,0,0,0,68476484,12690,0,70202142,14057,0
2145,32919373800766,32919375721018,20000512,sA-eth3,up,32919375540576,netem,73009574,56595,0,0,0,0,0,68499916,12694,0,70202376,14060,0
2146,32919393797968,32919396111694,19997202,sA-eth3,up,32919395915452,netem,73009890,56599,0,0,0,0,0,68523348,12698,0,70202692,14064,0
2147,32919413794190,32919415610571,19996222,sA-eth3,up,32919415420459,netem,73010334,56605,0,0,0,0,0,68554152,12704,0,70203136,14070,0
2148,32919433803713,32919435628243,20009523,sA-eth3,up,32919435438091,netem,73010730,56611,0,0,0,0,0,68584956,12710,0,70203532,14076,0
2149,32919453797905,32919455632725,19994192,sA-eth3,up,32919455445563,netem,73011084,56616,0,0,0,0,0,68614246,12715,0,70203886,14081,0
2150,32919473802057,32919475665758,20004152,sA-eth3,up,32919475487915,netem,73011084,56616,0,0,0,0,0,68614246,12715,0,70203886,14081,0
2151,32919493803269,32919495744851,20001212,sA-eth3,up,32919495502198,netem,73011084,56616,0,0,0,0,0,68614246,12715,0,70203886,14081,0
2152,32919513801452,32919515626702,19998183,sA-eth3,up,32919515437439,netem,73011084,56616,0,0,0,0,0,68614246,12715,0,70203886,14081,0
2153,32919533789553,32919536129120,19988101,sA-eth3,up,32919535932067,netem,73011084,56616,0,0,0,0,0,68614246,12715,0,70203886,14081,0
2154,32919553806386,32919555749108,20016833,sA-eth3,up,32919555563505,netem,73011084,56616,0,0,0,0,0,68614246,12715,0,70203886,14081,0
2155,32919573833629,32919575698800,20027243,sA-eth3,up,32919575524667,netem,73011084,56616,0,0,0,0,0,68614246,12715,0,70203886,14081,0
2156,32919593791591,32919596075326,19957962,sA-eth3,up,32919595889954,netem,73011084,56616,0,0,0,0,0,68614246,12715,0,70203886,14081,0
2157,32919613788912,32919616028207,19997321,sA-eth3,up,32919615837076,netem,73011084,56616,0,0,0,0,0,68614246,12715,0,70203886,14081,0
2158,32919633794845,32919635972219,20005933,sA-eth3,up,32919635791757,netem,73011084,56616,0,0,0,0,0,68614246,12715,0,70203886,14081,0
2159,32919653812348,32919655831480,20017503,sA-eth3,up,32919655662428,netem,73011084,56616,0,0,0,0,0,68614246,12715,0,70203886,14081,0
2160,32919673792340,32919675785492,19979992,sA-eth3,up,32919675614410,netem,73011162,56617,0,0,0,0,0,68615760,12716,0,70203964,14082,0
2161,32919693800552,32919695641213,20008212,sA-eth3,up,32919695469621,netem,73011162,56617,0,0,0,0,0,68615760,12716,0,70203964,14082,0
2162,32919713805074,32919715682085,20004522,sA-eth3,up,32919715502703,netem,73011162,56617,0,0,0,0,0,68615760,12716,0,70203964,14082,0
2163,32919733797026,32919735956990,19991952,sA-eth3,up,32919735687467,netem,73011162,56617,0,0,0,0,0,68615760,12716,0,70203964,14082,0
2164,32919753832078,32919755701420,20035052,sA-eth3,up,32919755529577,netem,73011162,56617,0,0,0,0,0,68615760,12716,0,70203964,14082,0
2165,32919773790121,32919775600930,19958043,sA-eth3,up,32919775415799,netem,73011162,56617,0,0,0,0,0,68615760,12716,0,70203964,14082,0
2166,32919793795043,32919796139589,20004922,sA-eth3,up,32919795940288,netem,73011162,56617,0,0,0,0,0,68615760,12716,0,70203964,14082,0
2167,32919813798056,32919815727598,20003013,sA-eth3,up,32919815549315,netem,73011162,56617,0,0,0,0,0,68615760,12716,0,70203964,14082,0
2168,32919833789557,32919835901021,19991501,sA-eth3,up,32919835734559,netem,73011162,56617,0,0,0,0,0,68615760,12716,0,70203964,14082,0
2169,32919853792880,32919855608880,20003323,sA-eth3,up,32919855426488,netem,73011162,56617,0,0,0,0,0,68615760,12716,0,70203964,14082,0
2170,32919873791082,32919875604732,19998202,sA-eth3,up,32919875422290,netem,73011162,56617,0,0,0,0,0,68615760,12716,0,70203964,14082,0
2171,32919893798004,32919895676975,20006922,sA-eth3,up,32919895498523,netem,73011438,56621,0,0,0,78,1,68627674,12721,0,70204240,14086,0
2172,32919913789466,32919915588396,19991462,sA-eth3,up,32919915412355,netem,73012080,56630,0,0,0,0,0,68651370,12729,0,70204882,14095,0
2173,32919933789969,32919935570489,20000503,sA-eth3,up,32919935392496,netem,73012500,56636,0,0,0,0,0,68692376,12736,0,70205302,14101,0
2174,32919953788140,32919956064387,19998171,sA-eth3,up,32919955878434,netem,73012974,56643,0,0,0,86,1,68745032,12744,0,70205862,14109,0
2175,32919973788073,32919975675394,19999933,sA-eth3,up,32919975506312,netem,73013664,56652,0,0,0,66,1,68804994,12753,0,70206532,14118,0
2176,32919993787776,32919995616666,19999703,sA-eth3,up,32919995443814,netem,73014216,56660,0,0,0,0,0,68848896,12760,0,70207018,14125,0
2177,32920013782078,32920016081043,19994302,sA-eth3,up,32920015888921,netem,73014746,56667,0,0,0,0,0,68887006,12767,0,70207548,14132,0
2178,32920033795060,32920035659641,20012982,sA-eth3,up,32920035468599,netem,73015388,56676,0,0,0,0,0,68951312,12776,0,70208190,14141,0
2179,32920053796202,32920055678923,20001142,sA-eth3,up,32920055502892,netem,73016120,56686,0,0,0,0,0,69017132,12786,0,70208922,14151,0
2180,32920073788835,32920075613435,19992633,sA-eth3,up,32920075439132,netem,73016720,56694,0,0,0,86,1,69081438,12795,0,70209522,14159,0
2181,32920093785316,32920096082143,19996481,sA-eth3,up,32920095898900,netem,73017582,56705,0,0,0,86,1,69150220,12806,0,70210384,14170,0
2182,32920113788669,32920115743821,20003353,sA-eth3,up,32920115584999,netem,73018378,56715,0,0,0,0,0,69195702,12815,0,70211180,14180,0
2183,32920133795821,32920135643902,20007152,sA-eth3,up,32920135470339,netem,73019016,56724,0,0,0,66,1,69255796,12826,0,70211818,14189,0
2184,32920153792463,32920155675984,19996642,sA-eth3,up,32920155504552,netem,73019490,56731,0,0,0,86,1,69292458,12833,0,70212378,14197,0
2185,32920173784555,32920175564905,19992092,sA-eth3,up,32920175391304,netem,73020438,56743,0,0,0,0,0,69339454,12843,0,70213240,14208,0
2186,32920193787178,32920195584898,20002623,sA-eth3,up,32920195404486,netem,73020968,56750,0,0,0,86,1,69380526,12851,0,70213770,14215,0
2187,32920213792660,32920215652460,20005482,sA-eth3,up,32920215485749,netem,73021526,56757,0,0,0,78,1,69414358,12859,0,70214328,14222,0
2188,32920233786462,32920236222399,19993802,sA-eth3,up,32920236054357,netem,73022200,56766,0,0,0,0,0,69461288,12868,0,70215002,14231,0
2189,32920253789964,32920255658245,20003502,sA-eth3,up,32920255473183,netem,73022842,56775,0,0,0,78,1,69514010,12877,0,70215644,14240,0
2190,32920273783716,32920275916610,19993752,sA-eth3,up,32920275748778,netem,73023208,56780,0,0,0,0,0,69537442,12881,0,70216010,14245,0
2191,32920293792688,32920295602720,20008972,sA-eth3,up,32920295423577,netem,73023208,56780,0,0,0,0,0,69537442,12881,0,70216010,14245,0
2192,32920313793441,32920315802363,20000753,sA-eth3,up,32920315634051,netem,73023208,56780,0,0,0,0,0,69537442,12881,0,70216010,14245,0
2193,32920333785793,32920335592153,19992352,sA-eth3,up,32920335415501,netem,73023208,56780,0,0,0,0,0,69537442,12881,0,70216010,14245,0
2194,32920353787905,32920355609536,20002112,sA-eth3,up,32920355424744,netem,73023208,56780,0,0,0,0,0,69537442,12881,0,70216010,14245,0
2195,32920373807698,32920376167834,20019793,sA-eth3,up,32920375958022,netem,73023208,56780,0,0,0,0,0,69537442,12881,0,70216010,14245,0
2196,32920393794900,32920396148616,19987202,sA-eth3,up,32920395953183,netem,73023208,56780,0,0,0,0,0,69537442,12881,0,70216010,14245,0
2197,32920413789332,32920415638793,19994432,sA-eth3,up,32920415466831,netem,73023208,56780,0,0,0,0,0,69537442,12881,0,70216010,14245,0
2198,32920433789975,32920435919138,20000643,sA-eth3,up,32920435743446,netem,73023208,56780,0,0,0,0,0,69537442,12881,0,70216010,14245,0
2199,32920461545123,32920463688997,27755148,sA-eth3,up,32920463483515,netem,73023208,56780,0,0,0,0,0,69537442,12881,0,70216010,14245,0
2200,32920473793819,32920476175385,12248696,sA-eth3,up,32920475971793,netem,73023208,56780,0,0,0,0,0,69537442,12881,0,70216010,14245,0
2201,32920493796021,32920495796503,20002202,sA-eth3,up,32920495618432,netem,73023550,56785,0,0,0,0,0,69561006,12887,0,70216352,14250,0
2202,32920513794424,32920515656233,19998403,sA-eth3,up,32920515479392,netem,73024228,56794,0,0,0,0,0,69603526,12895,0,70217030,14259,0
2203,32920533790755,32920535647986,19996331,sA-eth3,up,32920535478294,netem,73024936,56804,0,0,0,66,1,69663620,12906,0,70217738,14269,0
2204,32920553799678,32920555678529,20008923,sA-eth3,up,32920555499556,netem,73025578,56813,0,0,0,0,0,69716342,12915,0,70218380,14278,0
2205,32920573803470,32920575775682,20003792,sA-eth3,up,32920575571790,netem,73026256,56822,0,0,0,0,0,69757414,12923,0,70219058,14287,0
2206,32920593792742,32920595623962,19989272,sA-eth3,up,32920595427340,netem,73026664,56828,0,0,0,66,1,69808556,12930,0,70219532,14294,0
2207,32920613799394,32920615671815,20006652,sA-eth3,up,32920615475763,netem,73027552,56840,0,0,0,66,1,69890436,12942,0,70220354,14305,0
2208,32920633796857,32920635699018,19997463,sA-eth3,up,32920635523726,netem,73028362,56851,0,0,0,78,1,69976660,12954,0,70221164,14316,0
2209,32920653796589,32920656168465,19999732,sA-eth3,up,32920655966623,netem,73029160,56862,0,0,0,0,0,70043862,12963,0,70221962,14327,0
2210,32920673789801,32920675627562,19993212,sA-eth3,up,32920675433380,netem,73029316,56864,0,0,0,0,0,70046834,12965,0,70222118,14329,0
2211,32920693790824,32920696089649,20001023,sA-eth3,up,32920695895577,netem,73029316,56864,0,0,0,0,0,70046834,12965,0,70222118,14329,0
2212,32920713794006,32920716055921,20003182,sA-eth3,up,32920715862128,netem,73029316,56864,0,0,0,0,0,70046834,12965,0,70222118,14329,0
2213,32920733812588,32920735783269,20018582,sA-eth3,up,32920735596258,netem,73029316,56864,0,0,0,0,0,70046834,12965,0,70222118,14329,0
2214,32920753792570,32920756127647,19979982,sA-eth3,up,32920755889044,netem,73029316,56864,0,0,0,0,0,70046834,12965,0,70222118,14329,0
2215,32920773799932,32920775644263,20007362,sA-eth3,up,32920775444061,netem,73029316,56864,0,0,0,0,0,70046834,12965,0,70222118,14329,0
2216,32920793801605,32920795656925,20001673,sA-eth3,up,32920795479913,netem,73029316,56864,0,0,0,0,0,70046834,12965,0,70222118,14329,0
2217,32920813819946,32920816299904,20018341,sA-eth3,up,32920816073642,netem,73029316,56864,0,0,0,0,0,70046834,12965,0,70222118,14329,0
2218,32920833814439,32920835767771,19994493,sA-eth3,up,32920835536319,netem,73029316,56864,0,0,0,0,0,70046834,12965,0,70222118,14329,0
2219,32920853817362,32920855730663,20002923,sA-eth3,up,32920855514120,netem,73029316,56864,0,0,0,0,0,70046834,12965,0,70222118,14329,0
2220,32920873815433,32920876233140,19998071,sA-eth3,up,32920875989138,netem,73029316,56864,0,0,0,0,0,70046834,12965,0,70222118,14329,0
2221,32920893793286,32920896075341,19977853,sA-eth3,up,32920895760028,netem,73029550,56867,0,0,0,0,0,70063026,12969,0,70222352,14332,0
2222,32920913802118,32920916020363,20008832,sA-eth3,up,32920915815710,netem,73029616,56868,0,0,0,0,0,70063026,12969,0,70222418,14333,0
2223,32920933790530,32920935727882,19988412,sA-eth3,up,32920935557819,netem,73029616,56868,0,0,0,0,0,70063026,12969,0,70222418,14333,0
2224,32920953787472,32920955679814,19996942,sA-eth3,up,32920955504972,netem,73029616,56868,0,0,0,0,0,70063026,12969,0,70222418,14333,0
2225,32920973797665,32920975750447,20010193,sA-eth3,up,32920975572315,netem,73029616,56868,0,0,0,0,0,70063026,12969,0,70222418,14333,0
2226,32920993792626,32920995736058,19994961,sA-eth3,up,32920995560487,netem,73029616,56868,0,0,0,0,0,70063026,12969,0,70222418,14333,0
2227,32921013785579,32921015645330,19992953,sA-eth3,up,32921015476898,netem,73029616,56868,0,0,0,0,0,70063026,12969,0,70222418,14333,0
2228,32921033796732,32921035690182,20011153,sA-eth3,up,32921035516151,netem,73029616,56868,0,0,0,0,0,70063026,12969,0,70222418,14333,0
2229,32921053799344,32921055711744,20002612,sA-eth3,up,32921055534102,netem,73029616,56868,0,0,0,0,0,70063026,12969,0,70222418,14333,0
2230,32921073795856,32921075760788,19996512,sA-eth3,up,32921075587495,netem,73029616,56868,0,0,0,0,0,70063026,12969,0,70222418,14333,0
