poll_iteration,poll_start_ns,poll_end_ns,poll_interval_ns,interface,operstate,t_ns,kind,bytes,packets,drops,overlimits,requeues,backlog_bytes,qlen,rx_bytes,rx_packets,rx_dropped,tx_bytes,tx_packets,tx_dropped
0,686840896850,686844255475,0,sA-eth3,up,686843250541,netem,364,6,0,0,0,0,0,480,6,0,544,8,0
1,686861017163,686863249863,20120313,sA-eth3,up,686863062131,netem,364,6,0,0,0,0,0,480,6,0,544,8,0
2,686880998004,686882939270,19980841,sA-eth3,up,686882716818,netem,364,6,0,0,0,0,0,480,6,0,544,8,0
3,686900980887,686903131575,19982883,sA-eth3,up,686902932982,netem,492,8,0,0,0,0,0,608,8,0,672,10,0
4,686920984208,686923038465,20003321,sA-eth3,up,686922824272,netem,578,9,0,0,0,0,0,608,8,0,758,11,0
5,686940980520,686942801664,19996312,sA-eth3,up,686942618792,netem,792,12,0,0,0,0,0,932,12,0,972,14,0
6,686960978242,686962797546,19997722,sA-eth3,up,686962595713,netem,792,12,0,0,0,0,0,932,12,0,972,14,0
7,686980977424,686983254383,19999182,sA-eth3,up,686983068391,netem,1122,17,0,0,0,66,1,72502,21,0,1302,19,0
8,687000978966,687003075624,20001542,sA-eth3,up,687002872510,netem,1914,29,0,0,0,66,1,407848,34,0,2160,32,0
9,687020976568,687022976124,19997602,sA-eth3,up,687022804041,netem,2376,36,0,0,0,0,0,661710,41,0,2556,38,0
10,687040999260,687043441201,20022692,sA-eth3,up,687043060686,netem,2904,44,0,0,0,242,3,770838,49,0,3260,48,0
11,687060998441,687063073978,19999181,sA-eth3,up,687062861516,netem,4268,64,0,0,0,66,1,1023978,67,0,4514,67,0
12,687080976933,687082900339,19978492,sA-eth3,up,687082710025,netem,5456,82,0,0,0,66,1,1268496,86,0,5702,85,0
13,687101017416,687103049392,20040483,sA-eth3,up,687102804858,netem,6710,101,0,0,0,66,1,1505708,104,0,6890,103,0
14,687120982847,687123166485,19965431,sA-eth3,up,687122974173,netem,7898,119,0,0,0,66,1,1738576,122,0,8078,121,0
15,687140987399,687143184928,20004552,sA-eth3,up,687142988476,netem,9020,136,0,0,0,66,1,1985924,140,0,9266,139,0
16,687160969782,687163475275,19982383,sA-eth3,up,687163299702,netem,23726,161,0,0,0,22710,3,2107480,154,0,26406,157,0
17,687180991105,687183022731,20021323,sA-eth3,up,687182829939,netem,246284,308,0,0,0,187736,5,2108272,166,0,237158,169,0
18,687200979137,687202903973,19988032,sA-eth3,up,687202714480,netem,509720,482,0,0,0,40878,6,2108734,173,0,489572,176,0
19,687220976951,687222924897,19997814,sA-eth3,up,687222744903,netem,742876,636,0,0,0,49962,3,2110186,195,0,731458,199,0
20,687240974603,687243323514,19997652,sA-eth3,up,687243149212,netem,1009340,812,0,0,0,30280,2,2111374,213,0,970118,217,0
21,687260986487,687263349428,20011884,sA-eth3,up,687263171345,netem,1251580,972,0,0,0,45420,3,2112562,231,0,1217466,235,0
22,687281023360,687283098437,20036873,sA-eth3,up,687282831753,netem,1501390,1137,0,0,0,52990,4,2113684,248,0,1443028,252,0
23,687300994102,687303043649,19970742,sA-eth3,up,687302824716,netem,1758770,1307,0,0,0,37850,3,2115024,268,0,1690442,271,0
24,687320969924,687323298126,19975822,sA-eth3,up,687323117933,netem,2001010,1467,0,0,0,45420,3,2116278,287,0,1937922,291,0
25,687341051089,687343114176,20081165,sA-eth3,up,687342858842,netem,2202886,1601,0,0,0,0,0,2117136,300,0,2117332,304,0
26,687360980480,687363053638,19929391,sA-eth3,up,687362863946,netem,2202886,1601,0,0,0,0,0,2117136,300,0,2117332,304,0
27,687380997784,687383337794,20017304,sA-eth3,up,687383153563,netem,2202886,1601,0,0,0,0,0,2117136,300,0,2117332,304,0
28,687400990077,687403120414,19992293,sA-eth3,up,687402931032,netem,2203084,1604,0,0,0,66,1,2214638,307,0,2117596,308,0
29,687420981169,687423283730,19991092,sA-eth3,up,687423116537,netem,2203942,1617,0,0,0,0,0,2422758,323,0,2118388,320,0
30,687440977342,687442788467,19996173,sA-eth3,up,687442608023,netem,2203942,1617,0,0,0,0,0,2432960,324,0,2118388,320,0
31,687460990095,687462830989,20012753,sA-eth3,up,687462644517,netem,2204008,1618,0,0,0,0,0,2502794,329,0,2118454,321,0
32,687480980668,687482874683,19990573,sA-eth3,up,687482666430,netem,2204098,1619,0,0,0,0,0,2619228,338,0,2118544,322,0
33,687500981471,687502849065,20000803,sA-eth3,up,687502661203,netem,2204164,1620,0,0,0,0,0,2684784,344,0,2118610,323,0
34,687520986264,687522837168,20004793,sA-eth3,up,687522643295,netem,2204164,1620,0,0,0,0,0,2684784,344,0,2118610,323,0
35,687540986306,687543302227,20000042,sA-eth3,up,687543120654,netem,2318144,1700,0,0,0,0,0,2715390,347,0,2228168,336,0
36,687560963720,687563107457,19977414,sA-eth3,up,687562876584,netem,2331246,1723,0,0,0,24356,4,2967214,367,0,2252458,353,0
37,687580982672,687582860477,20018952,sA-eth3,up,687582651334,netem,2580664,1904,0,0,0,36468,4,3230230,403,0,2480656,388,0
38,687600983635,687602851670,20000963,sA-eth3,up,687602624906,netem,2828568,2084,0,0,0,38068,6,3477252,438,0,2726296,424,0
39,687620984938,687622850673,20001303,sA-eth3,up,687622658420,netem,3072016,2262,0,0,0,53188,7,3708346,473,0,2967612,460,0
40,687640986921,687643021898,20001983,sA-eth3,up,687642756884,netem,3330650,2451,0,0,0,45552,5,3967150,511,0,3201668,496,0
41,687660984064,687662859999,19997143,sA-eth3,up,687662659026,netem,3581714,2635,0,0,0,37916,4,4214304,548,0,3443096,534,0
42,687680976577,687683199876,19992513,sA-eth3,up,687682999623,netem,3824790,2807,0,0,0,52990,4,4233448,568,0,3691346,565,0
43,687700982230,687702870295,20005653,sA-eth3,up,687702682492,netem,4082170,2977,0,0,0,45420,3,4234636,586,0,3924214,583,0
44,687720987912,687723114750,20005682,sA-eth3,up,687722909777,netem,4328952,3140,0,0,0,40878,3,4235824,604,0,4171628,602,0
45,687740977506,687743261496,19989594,sA-eth3,up,687743095494,netem,4405326,3193,0,0,0,0,0,4236220,610,0,4234830,609,0
46,687760978128,687762936434,20000622,sA-eth3,up,687762754482,netem,4405326,3193,0,0,0,0,0,4236220,610,0,4234830,609,0
47,687780980660,687783293111,20002532,sA-eth3,up,687783117729,netem,4405326,3193,0,0,0,0,0,4236220,610,0,4234830,609,0
48,687800981444,687803077741,20000784,sA-eth3,up,687802883449,netem,4405326,3193,0,0,0,0,0,4236220,610,0,4234830,609,0
49,687820985197,687823283787,20003753,sA-eth3,up,687823106415,netem,4405392,3194,0,0,0,66,1,4300286,615,0,4234896,610,0
50,687840977339,687842792173,19992142,sA-eth3,up,687842607821,netem,4406448,3210,0,0,0,66,1,4546186,633,0,4236018,627,0
51,687860988013,687863230292,20010674,sA-eth3,up,687863051579,netem,4407636,3228,0,0,0,66,1,4808080,652,0,4237206,645,0
52,687880987186,687883223835,19999173,sA-eth3,up,687883047893,netem,4408890,3247,0,0,0,66,1,5052598,671,0,4238394,663,0
53,687900981658,687903111326,19994472,sA-eth3,up,687902911423,netem,4410078,3265,0,0,0,66,1,5292706,689,0,4239582,681,0
54,687920983491,687922987588,20001833,sA-eth3,up,687922798815,netem,4410672,3274,0,0,0,160,2,5423686,699,0,4240176,690,0
55,687940982544,687943367636,19999053,sA-eth3,up,687943166452,netem,4410832,3276,0,0,0,0,0,5428096,700,0,4240336,692,0
56,687960986558,687962992564,20004014,sA-eth3,up,687962801611,netem,4410898,3277,0,0,0,0,0,5561906,709,0,4240402,693,0
57,687980988680,687983042867,20002122,sA-eth3,up,687982835334,netem,4410898,3277,0,0,0,0,0,5614232,712,0,4240402,693,0
58,688000968243,688003239483,19979563,sA-eth3,up,688003048060,netem,4411756,3290,0,0,0,66,1,5802014,727,0,4241326,707,0
59,688020980146,688023229025,20011903,sA-eth3,up,688023031613,netem,4412878,3307,0,0,0,132,2,6049362,745,0,4242382,723,0
60,688040983709,688043292269,20003563,sA-eth3,up,688043120487,netem,4414066,3325,0,0,0,66,1,6296710,763,0,4243570,741,0
61,688060983861,688063160670,20000152,sA-eth3,up,688062932897,netem,4475244,3374,0,0,0,40878,3,6344088,772,0,4302372,754,0
62,688080978523,688082885679,19994662,sA-eth3,up,688082693437,netem,4717484,3534,0,0,0,45420,3,6345078,787,0,4549720,772,0
63,688100979997,688103448070,20001474,sA-eth3,up,688103266127,netem,4974864,3704,0,0,0,66616,4,6346200,804,0,4782522,790,0
64,688120983910,688122970086,20003913,sA-eth3,up,688122788694,netem,5221646,3867,0,0,0,92354,6,6347322,821,0,5032766,807,0
65,688140983433,688142869169,19999523,sA-eth3,up,688142675956,netem,5468428,4030,0,0,0,119606,8,6348510,839,0,5256880,824,0
66,688160977568,688163225997,19994135,sA-eth3,up,688163045735,netem,5724294,4199,0,0,0,136260,8,6349698,857,0,5502780,842,0
67,688181280635,688183610726,20303067,sA-eth3,up,688183307872,netem,5978646,4367,0,0,0,115064,8,6350754,873,0,5747100,858,0
68,688200958695,688203399507,19678060,sA-eth3,up,688203206675,netem,6231484,4534,0,0,0,90840,6,6352008,892,0,5990170,877,0
69,688220981719,688223032816,20023024,sA-eth3,up,688222808293,netem,6473724,4694,0,0,0,86298,6,6353262,911,0,6223104,896,0
70,688240975143,688243253203,19993424,sA-eth3,up,688243042671,netem,6607470,4783,0,0,0,0,0,6353922,921,0,6351636,906,0
71,688260975558,688263135346,20000415,sA-eth3,up,688262934763,netem,6607470,4783,0,0,0,0,0,6353922,921,0,6351636,906,0
72,688280982371,688282981847,20006813,sA-eth3,up,688282809465,netem,6607470,4783,0,0,0,0,0,6353922,921,0,6351636,906,0
73,688300989085,688303256425,20006714,sA-eth3,up,688303043522,netem,6607470,4783,0,0,0,0,0,6353922,921,0,6351636,906,0
74,688320977649,688322991255,19988564,sA-eth3,up,688322812113,netem,6607470,4783,0,0,0,0,0,6354082,923,0,6351636,906,0
75,688340976093,688342802856,19998444,sA-eth3,up,688342607114,netem,6607470,4783,0,0,0,0,0,6354082,923,0,6351636,906,0
76,688360976767,688362808121,20000674,sA-eth3,up,688362614829,netem,6607470,4783,0,0,0,0,0,6354082,923,0,6351636,906,0
77,688380984741,688382832195,20007974,sA-eth3,up,688382637473,netem,6607470,4783,0,0,0,0,0,6354082,923,0,6351636,906,0
78,688400978234,688402853790,19993493,sA-eth3,up,688402665207,netem,6607470,4783,0,0,0,0,0,6354082,923,0,6351636,906,0
79,688420987409,688422862883,20009175,sA-eth3,up,688422657621,netem,6607470,4783,0,0,0,0,0,6354082,923,0,6351636,906,0
80,688440975692,688443279163,19988283,sA-eth3,up,688443086070,netem,6607470,4783,0,0,0,66,1,6383264,926,0,6351636,906,0
81,688460986607,688463261217,20010915,sA-eth3,up,688463063064,netem,6608592,4800,0,0,0,66,1,6630612,944,0,6352758,923,0
82,688480982960,688483447593,19996353,sA-eth3,up,688483248700,netem,6609780,4818,0,0,0,66,1,6885266,963,0,6354012,942,0
83,688500978084,688503115532,19995124,sA-eth3,up,688502906980,netem,6610968,4836,0,0,0,66,1,7118134,981,0,6355200,960,0
84,688520979669,688522961984,20001585,sA-eth3,up,688522739452,netem,6612156,4854,0,0,0,66,1,7365548,1000,0,6356388,978,0
85,688540987292,688542960898,20007623,sA-eth3,up,688542770796,netem,6613344,4872,0,0,0,132,2,7602760,1018,0,6357642,997,0
86,688560976726,688563691232,19989434,sA-eth3,up,688563499599,netem,6614778,4893,0,0,0,136,2,7844382,1037,0,6359080,1018,0
87,688580974730,688583036357,19998004,sA-eth3,up,688582835524,netem,6616168,4914,0,0,0,0,0,8088834,1055,0,6360334,1037,0
88,688600974373,688602986991,19999643,sA-eth3,up,688602792787,netem,6617290,4931,0,0,0,66,1,8314396,1072,0,6361522,1055,0
89,688621017088,688623453911,20042715,sA-eth3,up,688623226538,netem,6618436,4948,0,0,0,30280,2,8461950,1085,0,6362602,1071,0
90,688640981762,688643292072,19964674,sA-eth3,up,688643106440,netem,6856294,5107,0,0,0,62074,5,8463072,1102,0,6608596,1090,0
91,688660974716,688663205505,19992954,sA-eth3,up,688663021882,netem,7110646,5275,0,0,0,51476,3,8464194,1119,0,6850218,1109,0
92,688680972870,688682884345,19998154,sA-eth3,up,688682694143,netem,7360456,5440,0,0,0,37850,3,8465382,1137,0,7075780,1126,0
93,688700989683,688702933959,20016813,sA-eth3,up,688702744237,netem,7602696,5600,0,0,0,45420,3,8466570,1155,0,7323194,1145,0
94,688720988308,688723832355,19998625,sA-eth3,up,688723635882,netem,7875216,5780,0,0,0,30280,2,8467758,1173,0,7570542,1163,0
95,688740977911,688743286501,19989603,sA-eth3,up,688743116600,netem,8109886,5935,0,0,0,52990,4,8468880,1190,0,7810650,1181,0
96,688760972956,688763109234,19995045,sA-eth3,up,688762919901,netem,8364328,6104,0,0,0,40878,3,8470002,1207,0,8040712,1200,0
97,688780974330,688782863085,20001374,sA-eth3,up,688782676992,netem,8609596,6266,0,0,0,36336,3,8471124,1224,0,8276410,1218,0
98,688801021514,688803137512,20047184,sA-eth3,up,688802874579,netem,8811472,6400,0,0,0,0,0,8486906,1243,0,8470498,1233,0
99,688820942577,688822929303,19921063,sA-eth3,up,688822681139,netem,8811472,6400,0,0,0,0,0,8575696,1250,0,8470498,1233,0
100,688840973851,688842905616,20031274,sA-eth3,up,688842645513,netem,8811472,6400,0,0,0,90,1,8575696,1250,0,8470498,1233,0
101,688860977026,688863227044,20003175,sA-eth3,up,688863048972,netem,8811628,6402,0,0,0,0,0,8763412,1264,0,8470654,1235,0
102,688880978799,688883400971,20001773,sA-eth3,up,688883224199,netem,8811694,6403,0,0,0,0,0,8799810,1267,0,8470720,1236,0
103,688900979043,688903720239,20000244,sA-eth3,up,688903499316,netem,8811694,6403,0,0,0,0,0,9045512,1282,0,8470720,1236,0
104,688920980697,688923407199,20001654,sA-eth3,up,688923220747,netem,8811694,6403,0,0,0,0,0,9045512,1282,0,8470720,1236,0
105,688940984531,688943404533,20003834,sA-eth3,up,688943172480,netem,8811760,6404,0,0,0,0,0,9207230,1297,0,8470786,1237,0
106,688960980055,688963164003,19995524,sA-eth3,up,688962962831,netem,8811826,6405,0,0,0,0,0,9393630,1313,0,8470852,1238,0
107,688980979059,688983457341,19999004,sA-eth3,up,688983237649,netem,8811826,6405,0,0,0,15230,2,9643940,1332,0,8470852,1238,0
108,689000977902,689003411204,19998843,sA-eth3,up,689003219422,netem,9047048,6568,0,0,0,30478,5,9841466,1363,0,8696900,1262,0
109,689020974307,689023098175,19996405,sA-eth3,up,689022897212,netem,9291924,6746,0,0,0,44038,5,10092832,1398,0,8932272,1296,0
110,689040983710,689042832935,20009403,sA-eth3,up,689042643312,netem,9529032,6916,0,0,0,50160,7,10358612,1433,0,9177714,1329,0
111,689060977225,689062846929,19993515,sA-eth3,up,689062640596,netem,9784374,7099,0,0,0,54702,7,10584230,1465,0,9405714,1361,0
112,689080986068,689083421950,20008843,sA-eth3,up,689083235588,netem,10034646,7271,0,0,0,52990,4,10585484,1484,0,9663726,1387,0
113,689100982873,689102863547,19996805,sA-eth3,up,689102657065,netem,10292026,7441,0,0,0,56018,4,10586672,1502,0,9893698,1405,0
114,689120977516,689122853750,19994643,sA-eth3,up,689122664999,netem,10534266,7601,0,0,0,45420,3,10587860,1520,0,10126566,1423,0
115,689140981421,689143182320,20003905,sA-eth3,up,689142998957,netem,10784076,7766,0,0,0,52990,4,10589114,1539,0,10381220,1442,0
116,689160971916,689162813611,19990495,sA-eth3,up,689162628987,netem,11008662,7915,0,0,0,0,0,10590170,1555,0,10582548,1458,0
117,689180980101,689183481334,20008185,sA-eth3,up,689183293122,netem,11008662,7915,0,0,0,0,0,10590170,1555,0,10582548,1458,0
118,689200980966,689202933022,20000865,sA-eth3,up,689202722259,netem,11008662,7915,0,0,0,0,0,10590170,1555,0,10582548,1458,0
119,689220954260,689223296932,19973294,sA-eth3,up,689223118059,netem,11008662,7915,0,0,0,0,0,10725452,1564,0,10582548,1458,0
120,689240981075,689243396538,20026815,sA-eth3,up,689243218095,netem,11008662,7915,0,0,0,0,0,10987148,1580,0,10582548,1458,0
121,689260976320,689263039468,19995245,sA-eth3,up,689262755494,netem,11008728,7916,0,0,0,0,0,11231402,1595,0,10582614,1459,0
122,689280982876,689283191895,20006556,sA-eth3,up,689282917292,netem,11008884,7918,0,0,0,0,0,11493098,1611,0,10582770,1461,0
123,689300995500,689302933906,20012624,sA-eth3,up,689302759814,netem,11008884,7918,0,0,0,0,0,11772236,1628,0,10582770,1461,0
124,689320998656,689323247086,20003156,sA-eth3,up,689323059473,netem,11008950,7919,0,0,0,0,0,12022282,1643,0,10582836,1462,0
125,689340975750,689342853206,19977094,sA-eth3,up,689342669213,netem,11009016,7920,0,0,0,0,0,12204074,1655,0,10582902,1463,0
126,689360972976,689363398318,19997226,sA-eth3,up,689363229826,netem,11009016,7920,0,0,0,0,0,12413642,1671,0,10582902,1463,0
127,689380973221,689382786414,20000245,sA-eth3,up,689382608442,netem,11009082,7921,0,0,0,0,0,12653618,1687,0,10582968,1464,0
128,689400984626,689403090824,20011405,sA-eth3,up,689402873600,netem,11009148,7922,0,0,0,0,0,12696256,1690,0,10583034,1465,0
129,689420979460,689423380143,19994834,sA-eth3,up,689423204200,netem,11009148,7922,0,0,0,0,0,12696256,1690,0,10583034,1465,0
130,689440981036,689442845570,20001576,sA-eth3,up,689442659518,netem,11009148,7922,0,0,0,0,0,12696256,1690,0,10583034,1465,0
131,689460985381,689463287341,20004345,sA-eth3,up,689463104049,netem,11009148,7922,0,0,0,0,0,12696256,1690,0,10583034,1465,0
132,689480982195,689483465859,19996814,sA-eth3,up,689483284937,netem,11009148,7922,0,0,0,0,0,12696256,1690,0,10583034,1465,0
133,689500963950,689502985767,19981755,sA-eth3,up,689502807645,netem,11009148,7922,0,0,0,0,0,12696256,1690,0,10583034,1465,0
134,689520936195,689523227865,19972245,sA-eth3,up,689523029563,netem,11160638,8023,0,0,0,42392,3,12696982,1701,0,10728584,1476,0
135,689540978690,689543218171,20042495,sA-eth3,up,689542993957,netem,11380168,8168,0,0,0,45420,3,12697774,1713,0,10954146,1493,0
136,689560977365,689562966892,19998675,sA-eth3,up,689562785429,netem,11637548,8338,0,0,0,30280,2,12698896,1730,0,11186948,1510,0
137,689580992781,689583264731,20015416,sA-eth3,up,689583083639,netem,11887358,8503,0,0,0,37850,3,12700018,1747,0,11427056,1528,0
138,689600977336,689602843540,19984555,sA-eth3,up,689602655808,netem,12126570,8661,0,0,0,45420,3,12701206,1765,0,11671574,1547,0
139,689620975981,689623042468,19998645,sA-eth3,up,689622820875,netem,12386978,8833,0,0,0,36336,3,12702328,1782,0,11907272,1564,0
140,689640958045,689643599580,19982064,sA-eth3,up,689643376277,netem,12639816,9000,0,0,0,56018,4,12703516,1800,0,12150342,1583,0
141,689660971971,689663350902,20013926,sA-eth3,up,689663086509,netem,12879028,9158,0,0,0,45420,3,12704704,1818,0,12394860,1602,0
142,689680976865,689683323747,20004894,sA-eth3,up,689683147424,netem,13136408,9328,0,0,0,45420,3,12705826,1835,0,12627728,1620,0
143,689700974450,689702788895,19997585,sA-eth3,up,689702601022,netem,13202024,9372,0,0,0,0,0,12706156,1840,0,12690770,1625,0
144,689720975416,689722926891,20000966,sA-eth3,up,689722680127,netem,13202024,9372,0,0,0,0,0,12706156,1840,0,12690770,1625,0
145,689740985390,689742892956,20009974,sA-eth3,up,689742706153,netem,13202024,9372,0,0,0,0,0,12706156,1840,0,12690770,1625,0
146,689760976306,689763495689,19990916,sA-eth3,up,689763324926,netem,13202024,9372,0,0,0,0,0,12706156,1840,0,12690770,1625,0
147,689780972220,689782846005,19995914,sA-eth3,up,689782668883,netem,13202024,9372,0,0,0,0,0,12706156,1840,0,12690770,1625,0
148,689800985135,689802902751,20012915,sA-eth3,up,689802717329,netem,13202024,9372,0,0,0,0,0,12706156,1840,0,12690770,1625,0
149,689820987480,689822913276,20002345,sA-eth3,up,689822742374,netem,13202024,9372,0,0,0,0,0,12706156,1840,0,12690770,1625,0
150,689840983186,689842939112,19995706,sA-eth3,up,689842772549,netem,13202024,9372,0,0,0,0,0,12706156,1840,0,12690770,1625,0
151,689860980470,689862856065,19997284,sA-eth3,up,689862680333,netem,13202024,9372,0,0,0,0,0,12706156,1840,0,12690770,1625,0
152,689880980326,689882799690,19999856,sA-eth3,up,689882618757,netem,13202024,9372,0,0,0,0,0,12706156,1840,0,12690770,1625,0
153,689900984520,689903276400,20004194,sA-eth3,up,689903088038,netem,13202354,9377,0,0,0,66,1,12839990,1849,0,12691100,1630,0
154,689920976746,689922944222,19992226,sA-eth3,up,689922770739,netem,13203344,9392,0,0,0,66,1,13094578,1867,0,12692156,1646,0
155,689940976270,689943098938,19999524,sA-eth3,up,689942868196,netem,13204598,9411,0,0,0,66,1,13327446,1885,0,12693410,1665,0
156,689960974935,689962806660,19998665,sA-eth3,up,689962597076,netem,13205786,9429,0,0,0,66,1,13567554,1903,0,12694598,1683,0
157,689980989341,689982864236,20014406,sA-eth3,up,689982675753,netem,13207040,9448,0,0,0,66,1,13800422,1921,0,12695786,1701,0
158,690000982985,690003406617,19993644,sA-eth3,up,690003239535,netem,13208228,9466,0,0,0,66,1,14047836,1940,0,12697040,1720,0
159,690020975461,690023197510,19992476,sA-eth3,up,690023027667,netem,13209416,9484,0,0,0,132,2,14287944,1958,0,12698228,1738,0
160,690040977895,690043081793,20002434,sA-eth3,up,690042868210,netem,13210670,9503,0,0,0,0,0,14532462,1977,0,12699416,1756,0
161,690060977580,690063156049,19999685,sA-eth3,up,690062970637,netem,13211792,9520,0,0,0,66,1,14771122,1995,0,12700604,1774,0
162,690080984925,690083289166,20007345,sA-eth3,up,690083101313,netem,13260990,9563,0,0,0,52990,3,14814156,2004,0,12765264,1788,0
163,690100975371,690103297581,19990446,sA-eth3,up,690103120819,netem,13515342,9731,0,0,0,45420,3,14815278,2021,0,13006754,1805,0
164,690120992855,690122996863,20017484,sA-eth3,up,690122818419,netem,13772722,9901,0,0,0,45420,3,14816466,2039,0,13239622,1823,0
165,690140974941,690142945677,19982086,sA-eth3,up,690142763214,netem,14022532,10066,0,0,0,37850,3,14817654,2057,0,13479730,1841,0
166,690160982278,690163104106,20007337,sA-eth3,up,690162883073,netem,14264772,10226,0,0,0,45420,3,14818842,2075,0,13727144,1860,0
167,690180982573,690182916859,20000295,sA-eth3,up,690182738006,netem,14522152,10396,0,0,0,45420,3,14820096,2094,0,13960012,1878,0
168,690200978490,690202949105,19995917,sA-eth3,up,690202771613,netem,14768934,10559,0,0,0,40878,3,14821284,2112,0,14197224,1896,0
169,690220979445,690222999382,20000955,sA-eth3,up,690222799669,netem,15017230,10723,0,0,0,39364,3,14822472,2130,0,14447534,1915,0
170,690240987672,690243070999,20008227,sA-eth3,up,690242880446,netem,15271582,10891,0,0,0,48448,3,14823726,2149,0,14680402,1933,0
171,690260978227,690263919166,19990555,sA-eth3,up,690263690633,netem,15405328,10980,0,0,0,0,0,14919058,2167,0,14808934,1943,0
172,690280994894,690283367654,20016667,sA-eth3,up,690283147792,netem,15405328,10980,0,0,0,0,0,14927812,2168,0,14808934,1943,0
173,690300933549,690303201319,19938655,sA-eth3,up,690303024057,netem,15405394,10981,0,0,0,0,0,14984548,2172,0,14809000,1944,0
174,690320978726,690322932392,20045177,sA-eth3,up,690322751829,netem,15405394,10981,0,0,0,0,0,15115528,2182,0,14809000,1944,0
175,690340975101,690343646017,19996375,sA-eth3,up,690343378253,netem,15405460,10982,0,0,0,0,0,15181084,2188,0,14809066,1945,0
176,690360981678,690363354689,20006577,sA-eth3,up,690363135686,netem,15405460,10982,0,0,0,0,0,15377554,2203,0,14809066,1945,0
177,690380976463,690383247923,19994785,sA-eth3,up,690383066781,netem,15405460,10982,0,0,0,66,1,15392100,2204,0,14809132,1946,0
178,690400980120,690402946236,20003657,sA-eth3,up,690402660932,netem,15405526,10983,0,0,0,0,0,15624968,2222,0,14809132,1946,0
179,690420984125,690423478789,20004005,sA-eth3,up,690423300857,netem,15405526,10983,0,0,0,0,0,15719550,2229,0,14809132,1946,0
180,690440977842,690442916998,19993717,sA-eth3,up,690442726435,netem,15451498,11021,0,0,0,30412,4,15945046,2245,0,14853322,1957,0
181,690460976457,690462809382,19998615,sA-eth3,up,690462632419,netem,15650954,11169,0,0,0,42524,5,16178706,2275,0,15056772,1990,0
182,690480977624,690483304504,20001167,sA-eth3,up,690483129472,netem,15900306,11349,0,0,0,60758,7,16454820,2312,0,15302346,2025,0
183,690500977139,690502913965,19999515,sA-eth3,up,690502722443,netem,16151172,11530,0,0,0,59244,7,16707700,2348,0,15540614,2059,0
184,690520983026,690522824370,20005887,sA-eth3,up,690522642568,netem,16409608,11716,0,0,0,56216,7,16936346,2383,0,15774472,2092,0
185,690540979591,690543635437,19996565,sA-eth3,up,690543457595,netem,16667516,11894,0,0,0,51476,3,16937600,2402,0,16022414,2119,0
186,690560974288,690563513791,19994697,sA-eth3,up,690563336969,netem,16917326,12059,0,0,0,40878,3,16938788,2420,0,16269828,2138,0
187,690580979794,690583487687,20005506,sA-eth3,up,690583321535,netem,17159566,12219,0,0,0,37850,3,16939976,2438,0,16509936,2156,0
188,690600977130,690603092058,19997336,sA-eth3,up,690602906476,netem,17401806,12379,0,0,0,45420,3,16941032,2454,0,16742738,2173,0
189,690620977975,690623348017,20000845,sA-eth3,up,690623151295,netem,17603682,12513,0,0,0,0,0,16941956,2468,0,16922214,2187,0
190,690640978742,690642937998,20000767,sA-eth3,up,690642708774,netem,17603682,12513,0,0,0,0,0,16941956,2468,0,16922214,2187,0
191,690660981178,690663109305,20002436,sA-eth3,up,690662886963,netem,17603682,12513,0,0,0,0,0,16941956,2468,0,16922214,2187,0
192,690680972084,690683343525,19990906,sA-eth3,up,690683163923,netem,17603682,12513,0,0,0,0,0,16974034,2471,0,16922214,2187,0
193,690700974460,690703017727,20002376,sA-eth3,up,690702782044,netem,17603682,12513,0,0,0,0,0,17218486,2489,0,16922214,2187,0
194,690720969876,690722964033,19995416,sA-eth3,up,690722750540,netem,17603748,12514,0,0,0,0,0,17464452,2508,0,16922280,2188,0
195,690740989602,690743433304,20019726,sA-eth3,up,690743230142,netem,17603748,12514,0,0,0,0,0,17726412,2528,0,16922280,2188,0
196,690760974368,690763362310,19984766,sA-eth3,up,690763186247,netem,17603814,12515,0,0,0,0,0,17988372,2548,0,16922346,2189,0
197,690780975164,690783181783,20000796,sA-eth3,up,690782959050,netem,17603880,12516,0,0,0,0,0,18250332,2568,0,16922412,2190,0
198,690800976290,690803033827,20001126,sA-eth3,up,690802824225,netem,17603880,12516,0,0,0,0,0,18496298,2587,0,16922412,2190,0
199,690820984116,690823341228,20007826,sA-eth3,up,690823141905,netem,17603946,12517,0,0,0,0,0,18724756,2604,0,16922478,2191,0
200,690840987392,690843042669,20003276,sA-eth3,up,690842850267,netem,17604012,12518,0,0,0,0,0,18960454,2621,0,16922544,2192,0
201,690860990648,690863081006,20003256,sA-eth3,up,690862834133,netem,17604078,12519,0,0,0,0,0,19049626,2627,0,16922610,2193,0
202,690880980425,690882967021,19989777,sA-eth3,up,690882786119,netem,17604078,12519,0,0,0,0,0,19049626,2627,0,16922610,2193,0
203,690900957650,690902892135,19977225,sA-eth3,up,690902676673,netem,17604078,12519,0,0,0,0,0,19049626,2627,0,16922610,2193,0
204,690920949645,690923693933,19991995,sA-eth3,up,690923486780,netem,17604078,12519,0,0,0,0,0,19049626,2627,0,16922610,2193,0
205,690940975702,690943158652,20026057,sA-eth3,up,690942965019,netem,17604078,12519,0,0,0,0,0,19049626,2627,0,16922610,2193,0
206,690960968419,690963279579,19992717,sA-eth3,up,690963023855,netem,17732858,12605,0,0,0,40878,3,19050286,2637,0,17046374,2203,0
207,690980981004,690983076192,20012585,sA-eth3,up,690982853079,netem,17975098,12765,0,0,0,45420,3,19051144,2650,0,17293722,2221,0
208,691000974981,691002962407,19993977,sA-eth3,up,691002783875,netem,18232478,12935,0,0,0,45420,3,19052332,2668,0,17526590,2239,0
209,691020978006,691023326268,20003025,sA-eth3,up,691023146766,netem,18479260,13098,0,0,0,56018,4,19053586,2687,0,17778348,2258,0
210,691040973653,691043082171,19995647,sA-eth3,up,691042874567,netem,18727556,13262,0,0,0,49962,4,19054774,2705,0,18014112,2276,0
211,691060975409,691063088786,20001756,sA-eth3,up,691062795902,netem,18981908,13430,0,0,0,48448,3,19055962,2723,0,18246980,2294,0
212,691080980405,691083082533,20004996,sA-eth3,up,691082859009,netem,19231718,13595,0,0,0,52990,4,19057150,2741,0,18487088,2312,0
213,691100981501,691103054068,20001096,sA-eth3,up,691102783004,netem,19473958,13755,0,0,0,48448,3,19058404,2760,0,18734502,2331,0
214,691120949046,691122967903,19967545,sA-eth3,up,691122782900,netem,19731338,13925,0,0,0,45420,3,19059592,2778,0,18967370,2349,0
215,691141000804,691143223824,20051758,sA-eth3,up,691143044851,netem,19796954,13969,0,0,0,0,0,19059922,2783,0,19030412,2354,0
216,691160975260,691162837175,19974456,sA-eth3,up,691162640943,netem,19796954,13969,0,0,0,0,0,19059922,2783,0,19030412,2354,0
217,691180974768,691182824962,19999508,sA-eth3,up,691182619029,netem,19796954,13969,0,0,0,0,0,19059922,2783,0,19030412,2354,0
218,691200972874,691202763548,19998106,sA-eth3,up,691202581835,netem,19796954,13969,0,0,0,0,0,19059922,2783,0,19030412,2354,0
219,691221094784,691223398824,20121910,sA-eth3,up,691223179441,netem,19796954,13969,0,0,0,0,0,19059922,2783,0,19030412,2354,0
220,691240993878,691242855383,19899094,sA-eth3,up,691242661911,netem,19796954,13969,0,0,0,0,0,19059922,2783,0,19030412,2354,0
221,691260983705,691262846061,19989827,sA-eth3,up,691262658228,netem,19796954,13969,0,0,0,0,0,19059922,2783,0,19030412,2354,0
222,691280976672,691283792570,19992967,sA-eth3,up,691283613548,netem,19796954,13969,0,0,0,0,0,19059922,2783,0,19030412,2354,0
223,691300984840,691303202000,20008168,sA-eth3,up,691303034027,netem,19796954,13969,0,0,0,0,0,19059922,2783,0,19030412,2354,0
224,691320977837,691323302737,19992997,sA-eth3,up,691323130596,netem,19796954,13969,0,0,0,0,0,19059922,2783,0,19030412,2354,0
225,691340983654,691342844939,20005817,sA-eth3,up,691342637446,netem,19796954,13969,0,0,0,0,0,19059922,2783,0,19030412,2354,0
226,691360975350,691363100360,19991696,sA-eth3,up,691362902667,netem,19796954,13969,0,0,0,0,0,19059922,2783,0,19030412,2354,0
227,691380977338,691382915084,20001988,sA-eth3,up,691382725411,netem,19796954,13969,0,0,0,0,0,19059922,2783,0,19030412,2354,0
228,691400981095,691402862380,20003757,sA-eth3,up,691402668848,netem,19796954,13969,0,0,0,0,0,19059922,2783,0,19030412,2354,0
229,691420975772,691422892627,19994677,sA-eth3,up,691422695295,netem,19796954,13969,0,0,0,0,0,19059922,2783,0,19030412,2354,0
230,691440977050,691442955746,20001278,sA-eth3,up,691442770623,netem,19796954,13969,0,0,0,0,0,19059922,2783,0,19030412,2354,0
231,691460977806,691462886761,20000756,sA-eth3,up,691462667759,netem,19796954,13969,0,0,0,0,0,19059922,2783,0,19030412,2354,0
232,691480977294,691482839918,19999488,sA-eth3,up,691482634175,netem,19796954,13969,0,0,0,0,0,19059922,2783,0,19030412,2354,0
233,691500931420,691503070138,19954126,sA-eth3,up,691502759973,netem,19796954,13969,0,0,0,0,0,19059922,2783,0,19030412,2354,0
234,691520981688,691522881913,20050268,sA-eth3,up,691522675279,netem,19796954,13969,0,0,0,0,0,19059922,2783,0,19030412,2354,0
235,691540981064,691543039102,19999376,sA-eth3,up,691542833459,netem,19916650,14049,0,0,0,31794,3,19060450,2791,0,19157072,2364,0
236,691560976212,691563247052,19995148,sA-eth3,up,691563072910,netem,20171002,14217,0,0,0,39364,3,19061572,2808,0,19401590,2383,0
237,691580984578,691582835734,20008366,sA-eth3,up,691582646721,netem,20425354,14385,0,0,0,24224,2,19062694,2825,0,19634458,2401,0
238,691600979186,691603238756,19994608,sA-eth3,up,691603055903,netem,20663052,14542,0,0,0,46934,3,19063816,2842,0,19880358,2419,0
239,691620983142,691622854167,20003956,sA-eth3,up,691622650525,netem,20917404,14710,0,0,0,33308,2,19064872,2858,0,20107434,2437,0
240,691640977750,691642907976,19994608,sA-eth3,up,691642698293,netem,21167284,14876,0,0,0,22710,2,19065994,2875,0,20354918,2457,0
241,691660982107,691662902653,20004357,sA-eth3,up,691662706720,netem,21412552,15038,0,0,0,51476,4,19067050,2891,0,20599304,2474,0
242,691680985614,691682914859,20003507,sA-eth3,up,691682725497,netem,21665390,15205,0,0,0,46934,3,19067974,2905,0,20839412,2492,0
243,691700976701,691702816715,19991087,sA-eth3,up,691702631973,netem,21909144,15366,0,0,0,62074,4,19068964,2920,0,21075110,2509,0
244,691720980948,691722887324,20004247,sA-eth3,up,691722707651,netem,21989900,15420,0,0,0,0,0,19069360,2926,0,21138152,2514,0
245,691740980275,691743653572,19999327,sA-eth3,up,691743469008,netem,21989900,15420,0,0,0,0,0,19069360,2926,0,21138152,2514,0
246,691760979892,691763084350,19999617,sA-eth3,up,691762866957,netem,21989900,15420,0,0,0,0,0,19069360,2926,0,21138152,2514,0
247,691780975660,691783032217,19995768,sA-eth3,up,691782829184,netem,21989900,15420,0,0,0,0,0,19069360,2926,0,21138152,2514,0
248,691800977406,691803191696,20001746,sA-eth3,up,691802968993,netem,21989900,15420,0,0,0,0,0,19069360,2926,0,21138152,2514,0
249,691820983354,691823235764,20005948,sA-eth3,up,691823043111,netem,21989900,15420,0,0,0,0,0,19069360,2926,0,21138152,2514,0
250,691840979990,691842947487,19996636,sA-eth3,up,691842760455,netem,21989900,15420,0,0,0,0,0,19069360,2926,0,21138152,2514,0
251,691861014808,691862896754,20034818,sA-eth3,up,691862684551,netem,21989900,15420,0,0,0,0,0,19069360,2926,0,21138152,2514,0
252,691881020575,691882986582,20005767,sA-eth3,up,691882769979,netem,21989900,15420,0,0,0,0,0,19069360,2926,0,21138152,2514,0
253,691900980172,691902773816,19959597,sA-eth3,up,691902584223,netem,21989900,15420,0,0,0,0,0,19069360,2926,0,21138152,2514,0
254,691920985549,691923245499,20005377,sA-eth3,up,691923061567,netem,21989900,15420,0,0,0,0,0,19069360,2926,0,21138152,2514,0
255,691940976406,691942902662,19990857,sA-eth3,up,691942718839,netem,21989900,15420,0,0,0,0,0,19069360,2926,0,21138152,2514,0
256,691960971864,691962814368,19995458,sA-eth3,up,691962598305,netem,21989900,15420,0,0,0,0,0,19069360,2926,0,21138152,2514,0
257,691981016750,691983025547,20044886,sA-eth3,up,691982776463,netem,21989900,15420,0,0,0,0,0,19069360,2926,0,21138152,2514,0
258,692000995918,692002977904,19979168,sA-eth3,up,692002740751,netem,21989900,15420,0,0,0,0,0,19069360,2926,0,21138152,2514,0
259,692020987844,692023476658,19991926,sA-eth3,up,692023238864,netem,21989900,15420,0,0,0,0,0,19069360,2926,0,21138152,2514,0
260,692040996761,692043073929,20008917,sA-eth3,up,692042765975,netem,21989900,15420,0,0,0,0,0,19069360,2926,0,21138152,2514,0
261,692060993428,692063103457,19996667,sA-eth3,up,692062833153,netem,21989900,15420,0,0,0,0,0,19069360,2926,0,21138152,2514,0
262,692080989615,692083143924,19996187,sA-eth3,up,692082893401,netem,21989900,15420,0,0,0,0,0,19069360,2926,0,21138152,2514,0
263,692100988942,692103658558,19999327,sA-eth3,up,692103381844,netem,22073260,15476,0,0,0,18168,2,19069624,2930,0,21219726,2521,0
264,692120995080,692123106198,20006138,sA-eth3,up,692122846865,netem,22309444,15632,0,0,0,15140,1,19070284,2940,0,21445288,2538,0
265,692140963447,692143115006,19968367,sA-eth3,up,692142833722,netem,22336696,15650,0,0,0,0,0,19070284,2940,0,21471484,2540,0
266,692160989946,692162977482,20026499,sA-eth3,up,692162715759,netem,22377574,15677,0,0,0,37850,3,19070350,2941,0,21525324,2544,0
267,692180995793,692183058121,20005847,sA-eth3,up,692182809998,netem,22551684,15792,0,0,0,0,0,19070350,2941,0,21678156,2556,0
268,692200991132,692203379774,19995339,sA-eth3,up,692203163921,netem,22584992,15814,0,0,0,30280,2,19070614,2945,0,21724756,2560,0
269,692220981479,692222899995,19990347,sA-eth3,up,692222700902,netem,22839344,15982,0,0,0,15140,1,19071736,2962,0,21954794,2579,0
270,692240982468,692242886703,20000989,sA-eth3,up,692242696181,netem,23089154,16147,0,0,0,22710,2,19072792,2978,0,22194902,2597,0
271,692260943055,692263252267,19960587,sA-eth3,up,692263068044,netem,23340478,16313,0,0,0,28766,2,19073980,2996,0,22436524,2616,0
272,692280990374,692282871559,20047319,sA-eth3,up,692282664897,netem,23585900,16478,0,0,0,24224,2,19075186,3015,0,22672376,2636,0
273,692300942701,692302969689,19952327,sA-eth3,up,692302744026,netem,23826626,16637,0,0,0,37850,3,19076374,3033,0,22903796,2654,0
274,692321014770,692322851245,20072069,sA-eth3,up,692322633903,netem,24080978,16805,0,0,0,30280,2,19077496,3050,0,23148314,2673,0
275,692340988058,692342847234,19973288,sA-eth3,up,692342652851,netem,24182930,16873,0,0,0,0,0,19078094,3059,0,23246306,2681,0
276,692360974956,692362815001,19986898,sA-eth3,up,692362619159,netem,24182930,16873,0,0,0,0,0,19078094,3059,0,23246306,2681,0
277,692380973295,692383255375,19998339,sA-eth3,up,692383075513,netem,24182930,16873,0,0,0,0,0,19078094,3059,0,23246306,2681,0
278,692400977742,692402860258,20004447,sA-eth3,up,692402640585,netem,24182930,16873,0,0,0,0,0,19078094,3059,0,23246306,2681,0
279,692420993761,692423283561,20016019,sA-eth3,up,692423104158,netem,24182930,16873,0,0,0,0,0,19078094,3059,0,23246306,2681,0
280,692440990559,692442936675,19996798,sA-eth3,up,692442748153,netem,24182930,16873,0,0,0,0,0,19078094,3059,0,23246306,2681,0
281,692460978907,692463297468,19988348,sA-eth3,up,692463110486,netem,24182930,16873,0,0,0,0,0,19078094,3059,0,23246306,2681,0
282,692480947254,692482890621,19968347,sA-eth3,up,692482679717,netem,24182930,16873,0,0,0,0,0,19078094,3059,0,23246306,2681,0
283,692500982673,692503051411,20035419,sA-eth3,up,692502846498,netem,24182930,16873,0,0,0,0,0,19078094,3059,0,23246306,2681,0
284,692521016071,692523063339,20033398,sA-eth3,up,692522787165,netem,24182930,16873,0,0,0,0,0,19078094,3059,0,23246306,2681,0
285,692540973029,692542855304,19956958,sA-eth3,up,692542596981,netem,24182930,16873,0,0,0,0,0,19078094,3059,0,23246306,2681,0
286,692560973797,692563175127,20000768,sA-eth3,up,692562961294,netem,24182930,16873,0,0,0,0,0,19078094,3059,0,23246306,2681,0
287,692580977075,692583388958,20003278,sA-eth3,up,692583137224,netem,24182930,16873,0,0,0,0,0,19078094,3059,0,23246306,2681,0
288,692600941143,692602913209,19964068,sA-eth3,up,692602658926,netem,24182930,16873,0,0,0,0,0,19078094,3059,0,23246306,2681,0
289,692620989782,692622896608,20048639,sA-eth3,up,692622635734,netem,24182930,16873,0,0,0,0,0,19078094,3059,0,23246306,2681,0
290,692640991759,692643243890,20001977,sA-eth3,up,692643060318,netem,24182930,16873,0,0,0,0,0,19078094,3059,0,23246306,2681,0
291,692660933427,692662823222,19941668,sA-eth3,up,692662591809,netem,24182930,16873,0,0,0,0,0,19078094,3059,0,23246306,2681,0
292,692680979906,692682917062,20046479,sA-eth3,up,692682698559,netem,24182930,16873,0,0,0,0,0,19078094,3059,0,23246306,2681,0
293,692700978964,692702821608,19999058,sA-eth3,up,692702629976,netem,24182930,16873,0,0,0,0,0,19078094,3059,0,23246306,2681,0
294,692720975562,692722890797,19996598,sA-eth3,up,692722626945,netem,24182930,16873,0,0,0,0,0,19078094,3059,0,23246306,2681,0
295,692740992920,692742958307,20017358,sA-eth3,up,692742768754,netem,24182930,16873,0,0,0,0,0,19078094,3059,0,23246306,2681,0
296,692760979918,692762926285,19986998,sA-eth3,up,692762668251,netem,24182930,16873,0,0,0,0,0,19078094,3059,0,23246306,2681,0
297,692780978476,692782875812,19998558,sA-eth3,up,692782630749,netem,24182930,16873,0,0,0,0,0,19078094,3059,0,23246306,2681,0
298,692800975975,692802864390,19997499,sA-eth3,up,692802649837,netem,24183000,16874,0,0,0,0,0,19078094,3059,0,23246376,2682,0
299,692820981732,692823084571,20005757,sA-eth3,up,692822851637,netem,24367798,16997,0,0,0,46934,3,19078886,3071,0,23441422,2697,0
300,692840979921,692842990227,19998189,sA-eth3,up,692842804635,netem,24622150,17165,0,0,0,30280,2,19079018,3073,0,23683044,2716,0
301,692860976879,692862924955,19996958,sA-eth3,up,692862716072,netem,24690280,17210,0,0,0,30280,2,19079084,3074,0,23733988,2720,0
302,692880949107,692883026154,19972228,sA-eth3,up,692882783421,netem,24940090,17375,0,0,0,22710,2,19079084,3074,0,23981402,2739,0
303,692900979455,692902977742,20030348,sA-eth3,up,692902704488,netem,25008220,17420,0,0,0,0,0,19079150,3075,0,24039586,2743,0
304,692920962733,692923295534,19983278,sA-eth3,up,692923107061,netem,25235320,17570,0,0,0,30280,2,19079414,3079,0,24257908,2760,0
305,692940934290,692943348513,19971557,sA-eth3,up,692943163610,netem,25485130,17735,0,0,0,22710,2,19080536,3096,0,24505322,2779,0
306,692960975819,692963121658,20041529,sA-eth3,up,692962903085,netem,25736454,17901,0,0,0,28766,2,19081658,3113,0,24739572,2796,0
307,692981000558,692982998594,20024739,sA-eth3,up,692982821692,netem,25981722,18063,0,0,0,27252,2,19082582,3127,0,24975270,2813,0
308,693000978755,693003237486,19978197,sA-eth3,up,693003014963,netem,26225476,18224,0,0,0,40878,3,19083704,3144,0,25225514,2831,0
309,693020958824,693023256814,19980069,sA-eth3,up,693023048241,netem,26375876,18324,0,0,0,0,0,19084496,3156,0,25354112,2842,0
310,693040976481,693042898618,20017657,sA-eth3,up,693042642104,netem,26375876,18324,0,0,0,0,0,19084496,3156,0,25354112,2842,0
311,693060980610,693062893165,20004129,sA-eth3,up,693062655553,netem,26375876,18324,0,0,0,0,0,19084496,3156,0,25354112,2842,0
312,693080980928,693082864174,20000318,sA-eth3,up,693082645460,netem,26375876,18324,0,0,0,0,0,19084496,3156,0,25354112,2842,0
313,693100981106,693102948123,20000178,sA-eth3,up,693102745489,netem,26375876,18324,0,0,0,0,0,19084496,3156,0,25354112,2842,0
314,693120998144,693123074242,20017038,sA-eth3,up,693122767298,netem,26375876,18324,0,0,0,0,0,19084496,3156,0,25354112,2842,0
315,693140999703,693142892829,20001559,sA-eth3,up,693142687846,netem,26375876,18324,0,0,0,0,0,19084496,3156,0,25354112,2842,0
316,693160995531,693163085150,19995828,sA-eth3,up,693162790676,netem,26375876,18324,0,0,0,0,0,19084496,3156,0,25354112,2842,0
317,693180988271,693183455394,19992740,sA-eth3,up,693183207591,netem,26375876,18324,0,0,0,0,0,19084496,3156,0,25354112,2842,0
318,693200984620,693203244380,19996349,sA-eth3,up,693202986987,netem,26375876,18324,0,0,0,0,0,19084496,3156,0,25354112,2842,0
319,693220954639,693223308330,19970019,sA-eth3,up,693223055527,netem,26375876,18324,0,0,0,0,0,19084496,3156,0,25354112,2842,0
320,693240990799,693243369910,20036160,sA-eth3,up,693243096247,netem,26375876,18324,0,0,0,0,0,19084496,3156,0,25354112,2842,0
321,693260991197,693263146746,20000398,sA-eth3,up,693262947874,netem,26375876,18324,0,0,0,0,0,19084496,3156,0,25354112,2842,0
322,693280986377,693283043385,19995180,sA-eth3,up,693282855362,netem,26375876,18324,0,0,0,0,0,19084496,3156,0,25354112,2842,0
323,693300979345,693302999623,19992968,sA-eth3,up,693302786230,netem,26375946,18325,0,0,0,0,0,19084496,3156,0,25354182,2843,0
324,693320981535,693322914820,20002190,sA-eth3,up,693322730988,netem,26375946,18325,0,0,0,0,0,19084496,3156,0,25354182,2843,0
325,693340992554,693343063082,20011019,sA-eth3,up,693342868110,netem,26375946,18325,0,0,0,0,0,19084496,3156,0,25354182,2843,0
326,693360977253,693363102502,19984699,sA-eth3,up,693362917509,netem,26375946,18325,0,0,0,0,0,19084496,3156,0,25354182,2843,0
327,693380977842,693382874198,20000589,sA-eth3,up,693382686526,netem,26375946,18325,0,0,0,0,0,19084496,3156,0,25354182,2843,0
328,693400977551,693402917747,19999709,sA-eth3,up,693402730734,netem,26375946,18325,0,0,0,0,0,19084496,3156,0,25354182,2843,0
329,693420995841,693422904616,20018290,sA-eth3,up,693422714194,netem,26375946,18325,0,0,0,0,0,19084496,3156,0,25354182,2843,0
330,693440979409,693443058447,19983568,sA-eth3,up,693442865375,netem,26375946,18325,0,0,0,0,0,19084496,3156,0,25354182,2843,0
331,693460975398,693462961675,19995989,sA-eth3,up,693462789684,netem,26375946,18325,0,0,0,0,0,19084496,3156,0,25354182,2843,0
332,693480983368,693483601472,20007970,sA-eth3,up,693483422761,netem,26375946,18325,0,0,0,0,0,19084496,3156,0,25354182,2843,0
333,693500988906,693503448050,20005538,sA-eth3,up,693503274808,netem,26375946,18325,0,0,0,0,0,19084496,3156,0,25354182,2843,0
334,693521144678,693523771324,20155772,sA-eth3,up,693523561150,netem,26375946,18325,0,0,0,0,0,19084496,3156,0,25354182,2843,0
335,693541018576,693543157064,19873898,sA-eth3,up,693542941911,netem,26375946,18325,0,0,0,0,0,19084496,3156,0,25354182,2843,0
336,693560975984,693563358546,19957408,sA-eth3,up,693563129563,netem,26375946,18325,0,0,0,0,0,19084496,3156,0,25354182,2843,0
337,693580982663,693583259024,20006679,sA-eth3,up,693583075792,netem,26375946,18325,0,0,0,0,0,19084496,3156,0,25354182,2843,0
338,693600978242,693603222712,19995579,sA-eth3,up,693603042910,netem,26375946,18325,0,0,0,0,0,19084496,3156,0,25354182,2843,0
339,693620972672,693623677128,19994430,sA-eth3,up,693623367504,netem,26375946,18325,0,0,0,0,0,19084496,3156,0,25354182,2843,0
340,693640981561,693643748328,20008889,sA-eth3,up,693643563705,netem,26375946,18325,0,0,0,0,0,19084496,3156,0,25354182,2843,0
341,693660979400,693663498864,19997839,sA-eth3,up,693663321571,netem,26375946,18325,0,0,0,0,0,19084496,3156,0,25354182,2843,0
342,693680987878,693683450392,20008478,sA-eth3,up,693683252469,netem,26375946,18325,0,0,0,0,0,19084496,3156,0,25354182,2843,0
343,693700983338,693703311899,19995460,sA-eth3,up,693703132047,netem,26375946,18325,0,0,0,0,0,19084496,3156,0,25354182,2843,0
344,693720975607,693723584132,19992269,sA-eth3,up,693723308308,netem,26584968,18464,0,0,0,25738,2,19085486,3171,0,25565288,2860,0
345,693740964666,693743122745,19989059,sA-eth3,up,693742902872,netem,26827208,18624,0,0,0,30280,2,19086542,3187,0,25802500,2878,0
346,693760991036,693762942141,20026370,sA-eth3,up,693762715929,netem,27084588,18794,0,0,0,24224,2,19087466,3201,0,26035302,2895,0
347,693780986484,693782976921,19995448,sA-eth3,up,693782704217,netem,27325314,18953,0,0,0,37850,3,19088588,3218,0,26266722,2913,0
348,693800974284,693802943239,19987800,sA-eth3,up,693802700557,netem,27579666,19121,0,0,0,33308,2,19089644,3234,0,26511240,2932,0
349,693821399188,693823864262,20424904,sA-eth3,up,693823615778,netem,27837046,19291,0,0,0,30280,2,19090898,3253,0,26773200,2952,0
350,693842052126,693844369767,20652938,sA-eth3,up,693844099014,netem,28094426,19461,0,0,0,30280,2,19092152,3272,0,27020614,2971,0
351,693860987871,693862977847,18935745,sA-eth3,up,693862771365,netem,28329096,19616,0,0,0,30280,2,19093142,3287,0,27231630,2987,0
352,693880985750,693883222991,19997879,sA-eth3,up,693882943907,netem,28568822,19775,0,0,0,0,0,19094330,3305,0,27462050,3005,0
353,693900992409,693903931769,20006659,sA-eth3,up,693903688306,netem,28568822,19775,0,0,0,0,0,19094330,3305,0,27462050,3005,0
354,693920986418,693923377101,19994009,sA-eth3,up,693923127857,netem,28568822,19775,0,0,0,0,0,19094330,3305,0,27462050,3005,0
355,693940986147,693943209757,19999729,sA-eth3,up,693942989265,netem,28568822,19775,0,0,0,0,0,19094330,3305,0,27462050,3005,0
356,693960989497,693962984013,20003350,sA-eth3,up,693962762680,netem,28568822,19775,0,0,0,0,0,19094330,3305,0,27462050,3005,0
357,693980948575,693983037723,19959078,sA-eth3,up,693982787370,netem,28568822,19775,0,0,0,0,0,19094330,3305,0,27462050,3005,0
358,694000985475,694002950371,20036900,sA-eth3,up,694002746759,netem,28568822,19775,0,0,0,0,0,19094330,3305,0,27462050,3005,0
359,694020988623,694023167253,20003148,sA-eth3,up,694022937390,netem,28568822,19775,0,0,0,0,0,19094330,3305,0,27462050,3005,0
360,694040986553,694043114902,19997930,sA-eth3,up,694042891769,netem,28568822,19775,0,0,0,0,0,19094330,3305,0,27462050,3005,0
361,694060982512,694063411735,19995959,sA-eth3,up,694063215852,netem,28568822,19775,0,0,0,0,0,19094330,3305,0,27462050,3005,0
362,694080985521,694083037989,20003009,sA-eth3,up,694082838826,netem,28568822,19775,0,0,0,0,0,19094330,3305,0,27462050,3005,0
363,694100946140,694103462124,19960619,sA-eth3,up,694103252351,netem,28568822,19775,0,0,0,0,0,19094330,3305,0,27462050,3005,0
364,694120993599,694123121409,20047459,sA-eth3,up,694122911766,netem,28568822,19775,0,0,0,0,0,19094330,3305,0,27462050,3005,0
365,694140951809,694142904895,19958210,sA-eth3,up,694142680762,netem,28568822,19775,0,0,0,0,0,19094330,3305,0,27462050,3005,0
366,694161000929,694162956826,20049120,sA-eth3,up,694162754303,netem,28568822,19775,0,0,0,0,0,19094330,3305,0,27462050,3005,0
367,694180986130,694182892525,19985201,sA-eth3,up,694182693402,netem,28568822,19775,0,0,0,0,0,19094330,3305,0,27462050,3005,0
368,694200992049,694203079768,20005919,sA-eth3,up,694202806664,netem,28568822,19775,0,0,0,0,0,19094330,3305,0,27462050,3005,0
369,694220997790,694222980757,20005741,sA-eth3,up,694222715373,netem,28568822,19775,0,0,0,0,0,19094330,3305,0,27462050,3005,0
370,694240986859,694242872806,19989069,sA-eth3,up,694242670072,netem,28568822,19775,0,0,0,0,0,19094330,3305,0,27462050,3005,0
371,694260979520,694263890320,19992661,sA-eth3,up,694263620436,netem,28568822,19775,0,0,0,0,0,19094330,3305,0,27462050,3005,0
372,694280981329,694283469953,20001809,sA-eth3,up,694283283581,netem,28777844,19914,0,0,0,25738,2,19095320,3320,0,27662954,3021,0
373,694300974430,694302895156,19993101,sA-eth3,up,694302710063,netem,28886852,19986,0,0,0,1514,1,19095386,3321,0,27767738,3029,0
374,694320973891,694322913346,19999461,sA-eth3,up,694322704124,netem,28888366,19987,0,0,0,0,0,19095386,3321,0,27769252,3030,0
375,694340976340,694342968547,20002449,sA-eth3,up,694342676533,netem,29076102,20111,0,0,0,0,0,19095452,3322,0,27949728,3044,0
376,694360995941,694362924936,20019601,sA-eth3,up,694362745984,netem,29076102,20111,0,0,0,0,0,19095452,3322,0,27949728,3044,0
377,694380978470,694383366713,19982529,sA-eth3,up,694383183950,netem,29251726,20227,0,0,0,28766,2,19096178,3333,0,28131652,3058,0
378,694400979101,694402855776,20000631,sA-eth3,up,694402657843,netem,29487910,20383,0,0,0,45420,3,19097300,3350,0,28363006,3075,0
379,694420971951,694422804025,19992850,sA-eth3,up,694422623003,netem,29742262,20551,0,0,0,42392,3,19098422,3367,0,28590082,3093,0
380,694440981261,694442923248,20009310,sA-eth3,up,694442749875,netem,29992072,20716,0,0,0,40878,3,19099478,3383,0,28844736,3112,0
381,694460983261,694462922637,20002000,sA-eth3,up,694462729685,netem,30249452,20886,0,0,0,33308,2,19100600,3400,0,29077604,3130,0
382,694480973230,694482851997,19989969,sA-eth3,up,694482617104,netem,30491692,21046,0,0,0,30280,2,19101854,3419,0,29325018,3149,0
383,694500989301,694503044889,20016071,sA-eth3,up,694502758555,netem,30741502,21211,0,0,0,20196,2,19102910,3435,0,29569984,3168,0
384,694520985952,694522895547,19996651,sA-eth3,up,694522708915,netem,30761698,21225,0,0,0,0,0,19103042,3437,0,29569984,3168,0
385,694540974521,694542796476,19988569,sA-eth3,up,694542614224,netem,30761698,21225,0,0,0,0,0,19103042,3437,0,29569984,3168,0
386,694560970422,694562794187,19995901,sA-eth3,up,694562595523,netem,30761698,21225,0,0,0,0,0,19103042,3437,0,29569984,3168,0
387,694580970472,694582792996,20000050,sA-eth3,up,694582613774,netem,30761698,21225,0,0,0,0,0,19103042,3437,0,29569984,3168,0
388,694600971142,694602870928,20000670,sA-eth3,up,694602681955,netem,30761698,21225,0,0,0,0,0,19103042,3437,0,29569984,3168,0
389,694620969663,694622953858,19998521,sA-eth3,up,694622784046,netem,30761698,21225,0,0,0,0,0,19103042,3437,0,29569984,3168,0
390,694640976352,694643291573,20006689,sA-eth3,up,694643126381,netem,30761698,21225,0,0,0,0,0,19103042,3437,0,29569984,3168,0
391,694660975433,694662880358,19999081,sA-eth3,up,694662707166,netem,30761698,21225,0,0,0,0,0,19103042,3437,0,29569984,3168,0
392,694680970762,694682938749,19995329,sA-eth3,up,694682770467,netem,30761698,21225,0,0,0,0,0,19103042,3437,0,29569984,3168,0
393,694700971393,694702909108,20000631,sA-eth3,up,694702731186,netem,30761698,21225,0,0,0,0,0,19103042,3437,0,29569984,3168,0
394,694720967113,694722875549,19995720,sA-eth3,up,694722696187,netem,30761698,21225,0,0,0,0,0,19103042,3437,0,29569984,3168,0
395,694740979822,694743412256,20012709,sA-eth3,up,694743224933,netem,30761698,21225,0,0,0,0,0,19103042,3437,0,29569984,3168,0
396,694760977333,694762928569,19997511,sA-eth3,up,694762753337,netem,30761698,21225,0,0,0,0,0,19103042,3437,0,29569984,3168,0
397,694780974773,694782914779,19997440,sA-eth3,up,694782730487,netem,30761698,21225,0,0,0,0,0,19103042,3437,0,29569984,3168,0
398,694800973273,694803543328,19998500,sA-eth3,up,694803361595,netem,30761698,21225,0,0,0,0,0,19103042,3437,0,29569984,3168,0
399,694820973483,694822886759,20000210,sA-eth3,up,694822700947,netem,30761698,21225,0,0,0,0,0,19103042,3437,0,29569984,3168,0
400,694840981433,694842860499,20007950,sA-eth3,up,694842673836,netem,30761698,21225,0,0,0,0,0,19103042,3437,0,29569984,3168,0
401,694860986294,694862838149,20004861,sA-eth3,up,694862654777,netem,30761698,21225,0,0,0,0,0,19103042,3437,0,29569984,3168,0
402,694880977273,694882751418,19990979,sA-eth3,up,694882577336,netem,30761698,21225,0,0,0,0,0,19103042,3437,0,29569984,3168,0
403,694900979464,694902772858,20002191,sA-eth3,up,694902593416,netem,30761698,21225,0,0,0,0,0,19103042,3437,0,29569984,3168,0
404,694920979444,694922766698,19999980,sA-eth3,up,694922594166,netem,30761698,21225,0,0,0,0,0,19103042,3437,0,29569984,3168,0
405,694940985164,694942853969,20005720,sA-eth3,up,694942673647,netem,30761698,21225,0,0,0,0,0,19103042,3437,0,29569984,3168,0
406,694960976354,694962778378,19991190,sA-eth3,up,694962604296,netem,30761698,21225,0,0,0,0,0,19103042,3437,0,29569984,3168,0
407,694980970474,694982813339,19994120,sA-eth3,up,694982635497,netem,30776928,21236,0,0,0,30280,2,19103108,3438,0,29584620,3170,0
408,695000970165,695002761618,19999691,sA-eth3,up,695002588826,netem,31026738,21401,0,0,0,37850,3,19103966,3451,0,29824728,3188,0
409,695020971355,695023276376,20001190,sA-eth3,up,695023107993,netem,31200848,21516,0,0,0,0,0,19103966,3451,0,29992106,3201,0
410,695040980075,695042871870,20008720,sA-eth3,up,695042691878,netem,31337108,21606,0,0,0,30280,2,19104032,3452,0,30123152,3212,0
411,695060971995,695062858911,19991920,sA-eth3,up,695062670808,netem,31526358,21731,0,0,0,0,0,19104032,3452,0,30305076,3226,0
412,695080974215,695083123444,20002220,sA-eth3,up,695082863250,netem,31594488,21776,0,0,0,45420,3,19104098,3453,0,30385112,3232,0
413,695100984185,695102915781,20009970,sA-eth3,up,695102716539,netem,31844298,21941,0,0,0,37850,3,19104098,3453,0,30625220,3250,0
414,695120984835,695123380068,20000650,sA-eth3,up,695123178796,netem,32071398,22091,0,0,0,45420,3,19104758,3464,0,30828930,3265,0
415,695140975416,695143088414,19990581,sA-eth3,up,695142890342,netem,32324236,22258,0,0,0,34822,3,19105814,3479,0,31071934,3283,0
416,695160977317,695163044586,20001901,sA-eth3,up,695162833312,netem,32566476,22418,0,0,0,42392,3,19107068,3498,0,31304802,3301,0
417,695180979939,695182952275,20002622,sA-eth3,up,695182754552,netem,32820828,22586,0,0,0,48448,3,19108190,3516,0,31549320,3320,0
418,695200977779,695203220730,19997840,sA-eth3,up,695203045038,netem,32954574,22675,0,0,0,0,0,19108850,3525,0,31677852,3330,0
419,695220973491,695222757385,19995712,sA-eth3,up,695222579942,netem,32954574,22675,0,0,0,0,0,19108850,3525,0,31677852,3330,0
420,695240973052,695243329324,19999561,sA-eth3,up,695243131561,netem,32954574,22675,0,0,0,0,0,19108850,3525,0,31677852,3330,0
421,695260980923,695262949709,20007871,sA-eth3,up,695262771017,netem,32954574,22675,0,0,0,0,0,19108850,3525,0,31677852,3330,0
422,695280976754,695282858179,19995831,sA-eth3,up,695282670447,netem,32954574,22675,0,0,0,0,0,19108850,3525,0,31677852,3330,0
423,695300973065,695302837261,19996311,sA-eth3,up,695302653518,netem,32954574,22675,0,0,0,0,0,19108850,3525,0,31677852,3330,0
424,695320975226,695322761861,20002161,sA-eth3,up,695322583597,netem,32954574,22675,0,0,0,0,0,19108850,3525,0,31677852,3330,0
425,695340975868,695342783991,20000642,sA-eth3,up,695342602279,netem,32954574,22675,0,0,0,0,0,19108850,3525,0,31677852,3330,0
426,695360979388,695362850454,20003520,sA-eth3,up,695362673431,netem,32954574,22675,0,0,0,0,0,19108850,3525,0,31677852,3330,0
427,695380990080,695382886895,20010692,sA-eth3,up,695382699343,netem,32954574,22675,0,0,0,0,0,19108850,3525,0,31677852,3330,0
428,695400979230,695402751815,19989150,sA-eth3,up,695402570993,netem,32954574,22675,0,0,0,0,0,19108850,3525,0,31677852,3330,0
429,695420979762,695422782307,20000532,sA-eth3,up,695422608644,netem,32954574,22675,0,0,0,0,0,19108850,3525,0,31677852,3330,0
430,695440986173,695442813018,20006411,sA-eth3,up,695442629435,netem,32954574,22675,0,0,0,0,0,19108850,3525,0,31677852,3330,0
431,695460980864,695462803039,19994691,sA-eth3,up,695462619186,netem,32954574,22675,0,0,0,0,0,19108850,3525,0,31677852,3330,0
432,695480976435,695482808281,19995571,sA-eth3,up,695482622877,netem,32954574,22675,0,0,0,0,0,19108850,3525,0,31677852,3330,0
433,695500979506,695502832481,20003071,sA-eth3,up,695502610528,netem,32954574,22675,0,0,0,0,0,19108850,3525,0,31677852,3330,0
434,695520981448,695522810053,20001942,sA-eth3,up,695522622690,netem,32954574,22675,0,0,0,0,0,19108850,3525,0,31677852,3330,0
435,695540973369,695542782733,19991921,sA-eth3,up,695542595601,netem,32954574,22675,0,0,0,0,0,19108850,3525,0,31677852,3330,0
436,695560987820,695563329161,20014451,sA-eth3,up,695563153809,netem,32954574,22675,0,0,0,0,0,19108850,3525,0,31677852,3330,0
437,695580981751,695582862096,19993931,sA-eth3,up,695582681574,netem,32954574,22675,0,0,0,0,0,19108850,3525,0,31677852,3330,0
438,695600996353,695603119551,20014602,sA-eth3,up,695602911708,netem,32954574,22675,0,0,0,0,0,19108850,3525,0,31677852,3330,0
439,695620983733,695622833228,19987380,sA-eth3,up,695622651196,netem,32954574,22675,0,0,0,0,0,19108850,3525,0,31677852,3330,0
440,695640986555,695642775418,20002822,sA-eth3,up,695642589286,netem,32954574,22675,0,0,0,0,0,19108850,3525,0,31677852,3330,0
441,695660988865,695663275216,20002310,sA-eth3,up,695663103734,netem,32954574,22675,0,0,0,0,0,19108850,3525,0,31677852,3330,0
442,695680978977,695682838272,19990112,sA-eth3,up,695682651070,netem,32954574,22675,0,0,0,0,0,19108850,3525,0,31677852,3330,0
443,695700991378,695703107806,20012401,sA-eth3,up,695702916464,netem,32954574,22675,0,0,0,0,0,19108850,3525,0,31677852,3330,0
444,695720977589,695723151998,19986211,sA-eth3,up,695722927646,netem,32954574,22675,0,0,0,0,0,19108850,3525,0,31677852,3330,0
445,695740976550,695743078519,19998961,sA-eth3,up,695742874836,netem,32954574,22675,0,0,0,0,0,19108850,3525,0,31677852,3330,0
446,695760936811,695763715418,19960261,sA-eth3,up,695763491556,netem,32954574,22675,0,0,0,0,0,19108850,3525,0,31677852,3330,0
447,695780972302,695783392385,20035491,sA-eth3,up,695783219332,netem,32954574,22675,0,0,0,0,0,19108850,3525,0,31677852,3330,0
448,695800970233,695803318245,19997931,sA-eth3,up,695803116742,netem,32954574,22675,0,0,0,0,0,19108850,3525,0,31677852,3330,0
449,695820972034,695823131174,20001801,sA-eth3,up,695822931301,netem,32954574,22675,0,0,0,0,0,19108850,3525,0,31677852,3330,0
450,695840977546,695843439109,20005512,sA-eth3,up,695843259786,netem,32954574,22675,0,0,0,0,0,19108850,3525,0,31677852,3330,0
451,695860983767,695863461880,20006221,sA-eth3,up,695863254338,netem,32954574,22675,0,0,0,0,0,19108850,3525,0,31677852,3330,0
452,695880977648,695883325430,19993881,sA-eth3,up,695883131427,netem,32954574,22675,0,0,0,0,0,19108850,3525,0,31677852,3330,0
453,695900981219,695903368812,20003571,sA-eth3,up,695903182859,netem,33053074,22741,0,0,0,52990,3,19109378,3533,0,31789966,3339,0
454,695920982011,695922920017,20000792,sA-eth3,up,695922737774,netem,33310454,22911,0,0,0,30280,2,19109906,3541,0,32019872,3356,0
455,695940980542,695943270552,19998531,sA-eth3,up,695943092830,netem,33563292,23078,0,0,0,34822,3,19110896,3556,0,32262876,3374,0
456,695960975162,695962812627,19994620,sA-eth3,up,695962627555,netem,33805532,23238,0,0,0,39364,3,19112084,3574,0,32495744,3393,0
457,695980970044,695982799759,19994882,sA-eth3,up,695982611945,netem,34059884,23406,0,0,0,30280,2,19113272,3592,0,32740262,3411,0
458,696000973914,696002866501,20003870,sA-eth3,up,696002685279,netem,34309694,23571,0,0,0,40878,3,19114526,3611,0,32980370,3429,0
459,696020978616,696022817831,20004702,sA-eth3,up,696022634058,netem,34551934,23731,0,0,0,30280,2,19115714,3629,0,33227784,3448,0
460,696040976377,696042827452,19997761,sA-eth3,up,696042650069,netem,34809314,23901,0,0,0,30280,2,19116902,3647,0,33460652,3466,0
461,696060974778,696062768562,19998401,sA-eth3,up,696062578880,netem,35059124,24066,0,0,0,22710,2,19118090,3665,0,33700760,3484,0
462,696080975769,696083239559,20000991,sA-eth3,up,696083061477,netem,35147450,24125,0,0,0,0,0,19118618,3673,0,33785654,3491,0
463,696100998221,696102894477,20022452,sA-eth3,up,696102685254,netem,35147450,24125,0,0,0,0,0,19118618,3673,0,33785654,3491,0
464,696120974322,696122918448,19976101,sA-eth3,up,696122725715,netem,35147450,24125,0,0,0,0,0,19118618,3673,0,33785654,3491,0
465,696140976273,696142863469,20001951,sA-eth3,up,696142676196,netem,35147450,24125,0,0,0,0,0,19118618,3673,0,33785654,3491,0
466,696160972746,696162777610,19996473,sA-eth3,up,696162600467,netem,35147450,24125,0,0,0,0,0,19118618,3673,0,33785654,3491,0
467,696180978317,696182818112,20005571,sA-eth3,up,696182632170,netem,35147450,24125,0,0,0,0,0,19118618,3673,0,33785654,3491,0
468,696200976980,696202865185,19998663,sA-eth3,up,696202682333,netem,35147450,24125,0,0,0,0,0,19118618,3673,0,33785654,3491,0
469,696220980632,696222837497,20003652,sA-eth3,up,696222643094,netem,35147450,24125,0,0,0,0,0,19118618,3673,0,33785654,3491,0
470,696240974294,696242793928,19993662,sA-eth3,up,696242612417,netem,35147450,24125,0,0,0,0,0,19118618,3673,0,33785654,3491,0
471,696260987147,696262929932,20012853,sA-eth3,up,696262736910,netem,35147450,24125,0,0,0,0,0,19118618,3673,0,33785654,3491,0
472,696280981818,696282942735,19994671,sA-eth3,up,696282755982,netem,35147450,24125,0,0,0,0,0,19118618,3673,0,33785654,3491,0
473,696300983941,696303038278,20002123,sA-eth3,up,696302835665,netem,35147450,24125,0,0,0,0,0,19118618,3673,0,33785654,3491,0
474,696320978093,696322937909,19994152,sA-eth3,up,696322751427,netem,35147450,24125,0,0,0,0,0,19118618,3673,0,33785654,3491,0
475,696340978315,696342869530,20000222,sA-eth3,up,696342687868,netem,35147450,24125,0,0,0,0,0,19118618,3673,0,33785654,3491,0
476,696360985067,696362929583,20006752,sA-eth3,up,696362736531,netem,35147450,24125,0,0,0,0,0,19118618,3673,0,33785654,3491,0
477,696380978718,696382840833,19993651,sA-eth3,up,696382658541,netem,35147450,24125,0,0,0,0,0,19118618,3673,0,33785654,3491,0
478,696400977041,696402812826,19998323,sA-eth3,up,696402631174,netem,35147450,24125,0,0,0,0,0,19118618,3673,0,33785654,3491,0
479,696420988693,696422830269,20011652,sA-eth3,up,696422650466,netem,35147450,24125,0,0,0,0,0,19118618,3673,0,33785654,3491,0
480,696440999565,696443043493,20010872,sA-eth3,up,696442793890,netem,35147450,24125,0,0,0,0,0,19118618,3673,0,33785654,3491,0
481,696460985958,696463849396,19986393,sA-eth3,up,696463592913,netem,35147450,24125,0,0,0,0,0,19118618,3673,0,33785654,3491,0
482,696480979579,696483101498,19993621,sA-eth3,up,696482885586,netem,35367070,24271,0,0,0,30280,2,19119542,3687,0,33996760,3508,0
483,696500985322,696503371864,20005743,sA-eth3,up,696503177231,netem,35601740,24426,0,0,0,0,0,19119542,3687,0,34222322,3525,0
484,696520987864,696523237195,20002542,sA-eth3,up,696523024222,netem,35694094,24487,0,0,0,49962,3,19119608,3688,0,34311046,3531,0
485,696540983886,696543029273,19996022,sA-eth3,up,696542810801,netem,35930278,24643,0,0,0,18168,1,19119608,3688,0,34555300,3546,0
486,696560996818,696563431682,20012932,sA-eth3,up,696563237968,netem,35980240,24676,0,0,0,12112,1,19119674,3689,0,34585972,3550,0
487,696580972480,696583131479,19975662,sA-eth3,up,696582927427,netem,36164948,24798,0,0,0,12112,1,19119674,3689,0,34763684,3566,0
488,696600974392,696603329464,20001912,sA-eth3,up,696603140672,netem,36366310,24931,0,0,0,22710,2,19119740,3690,0,34957390,3583,0
489,696620975404,696623318616,20001012,sA-eth3,up,696623132643,netem,36608550,25091,0,0,0,30280,2,19119740,3690,0,35204804,3602,0
490,696640976216,696643182366,20000812,sA-eth3,up,696642950853,netem,36865930,25261,0,0,0,15140,1,19120400,3700,0,35437672,3620,0
491,696660973579,696662907635,19997363,sA-eth3,up,696662720502,netem,37100600,25416,0,0,0,37850,3,19121588,3718,0,35677780,3638,0
492,696680973920,696682869486,20000341,sA-eth3,up,696682689993,netem,37340326,25575,0,0,0,0,0,19122776,3736,0,35893654,3655,0
493,696700983933,696702982100,20010013,sA-eth3,up,696702801458,netem,37340326,25575,0,0,0,0,0,19122776,3736,0,35893654,3655,0
494,696720974305,696722853041,19990372,sA-eth3,up,696722672728,netem,37340326,25575,0,0,0,0,0,19122776,3736,0,35893654,3655,0
495,696740973337,696742885723,19999032,sA-eth3,up,696742703530,netem,37340326,25575,0,0,0,0,0,19122776,3736,0,35893654,3655,0
496,696760976920,696763238700,20003583,sA-eth3,up,696763063858,netem,37340326,25575,0,0,0,0,0,19122776,3736,0,35893654,3655,0
497,696780978311,696783055250,20001391,sA-eth3,up,696782858196,netem,37340326,25575,0,0,0,0,0,19122776,3736,0,35893654,3655,0
498,696800983104,696802898640,20004793,sA-eth3,up,696802725667,netem,37340326,25575,0,0,0,0,0,19122776,3736,0,35893654,3655,0
499,696820968855,696823221726,19985751,sA-eth3,up,696823053784,netem,37340326,25575,0,0,0,0,0,19122776,3736,0,35893654,3655,0
500,696840973378,696843041076,20004523,sA-eth3,up,696842859343,netem,37340326,25575,0,0,0,0,0,19122776,3736,0,35893654,3655,0
501,696860982311,696863078778,20008933,sA-eth3,up,696862883906,netem,37340326,25575,0,0,0,0,0,19122776,3736,0,35893654,3655,0
502,696880977622,696883280873,19995311,sA-eth3,up,696883115181,netem,37340326,25575,0,0,0,0,0,19122776,3736,0,35893654,3655,0
503,696900972064,696902767508,19994442,sA-eth3,up,696902592026,netem,37340326,25575,0,0,0,0,0,19122776,3736,0,35893654,3655,0
504,696920973586,696923342348,20001522,sA-eth3,up,696923168277,netem,37340326,25575,0,0,0,0,0,19122776,3736,0,35893654,3655,0
505,696940974359,696942842293,20000773,sA-eth3,up,696942659641,netem,37340326,25575,0,0,0,0,0,19122776,3736,0,35893654,3655,0
506,696960976990,696962896627,20002631,sA-eth3,up,696962715704,netem,37340326,25575,0,0,0,0,0,19122776,3736,0,35893654,3655,0
507,696980967713,696983000890,19990723,sA-eth3,up,696982833698,netem,37340326,25575,0,0,0,0,0,19122776,3736,0,35893654,3655,0
508,697000975625,697002985822,20007912,sA-eth3,up,697002770579,netem,37340326,25575,0,0,0,0,0,19122776,3736,0,35893654,3655,0
509,697020986177,697023348690,20010552,sA-eth3,up,697023163997,netem,37340326,25575,0,0,0,0,0,19122776,3736,0,35893654,3655,0
510,697040974029,697042866974,19987852,sA-eth3,up,697042681412,netem,37340326,25575,0,0,0,0,0,19122776,3736,0,35893654,3655,0
511,697060974300,697062815746,20000271,sA-eth3,up,697062631283,netem,37340326,25575,0,0,0,0,0,19122776,3736,0,35893654,3655,0
512,697080973963,697082845369,19999663,sA-eth3,up,697082627866,netem,37340326,25575,0,0,0,0,0,19122776,3736,0,35893654,3655,0
513,697100979176,697102829981,20005213,sA-eth3,up,697102649228,netem,37340326,25575,0,0,0,0,0,19122776,3736,0,35893654,3655,0
514,697120971177,697122815473,19992001,sA-eth3,up,697122634130,netem,37340326,25575,0,0,0,0,0,19122776,3736,0,35893654,3655,0
515,697140975610,697142802615,20004433,sA-eth3,up,697142627383,netem,37340326,25575,0,0,0,0,0,19122776,3736,0,35893654,3655,0
516,697160973133,697162899430,19997523,sA-eth3,up,697162717566,netem,37340326,25575,0,0,0,0,0,19122776,3736,0,35893654,3655,0
517,697180973727,697182970744,20000594,sA-eth3,up,697182788362,netem,37528152,25700,0,0,0,31794,3,19123634,3749,0,36085804,3670,0
518,697200983660,697203364173,20009933,sA-eth3,up,697203156969,netem,37779476,25866,0,0,0,45420,3,19123766,3751,0,36330322,3689,0
519,697220975173,697222888719,19991513,sA-eth3,up,697222706706,netem,38036856,26036,0,0,0,30280,2,19123832,3752,0,36563190,3707,0
520,697240997796,697243220326,20022623,sA-eth3,up,697242987164,netem,38286666,26201,0,0,0,22710,2,19123832,3752,0,36803298,3725,0
521,697260976669,697262907495,19978873,sA-eth3,up,697262649242,netem,38528906,26361,0,0,0,30280,2,19123898,3753,0,37036166,3743,0
522,697280992963,697282937749,20016294,sA-eth3,up,697282724426,netem,38778716,26526,0,0,0,22710,2,19123964,3754,0,37283580,3762,0
523,697300980425,697302840560,19987462,sA-eth3,up,697302651378,netem,39020956,26686,0,0,0,30280,2,19123964,3754,0,37523688,3780,0
524,697320972549,697323408242,19992124,sA-eth3,up,697323232809,netem,39281364,26858,0,0,0,68130,4,19124030,3755,0,37759386,3797,0
525,697340977001,697343113550,20004452,sA-eth3,up,697342619904,netem,39522090,27017,0,0,0,11112,1,19124096,3756,0,38001192,3812,0
526,697361018285,697362986912,20041284,sA-eth3,up,697362796550,netem,39533202,27025,0,0,0,0,0,19124096,3756,0,38001192,3812,0
527,697380988747,697383176758,19970462,sA-eth3,up,697382982346,netem,39533202,27025,0,0,0,0,0,19124096,3756,0,38001192,3812,0
528,697400980871,697402810046,19992124,sA-eth3,up,697402625433,netem,39533716,27026,0,0,0,0,0,19124240,3758,0,38001706,3813,0
529,697420978334,697422814819,19997463,sA-eth3,up,697422622416,netem,39533716,27026,0,0,0,0,0,19124240,3758,0,38001706,3813,0
530,697440999887,697442939034,20021553,sA-eth3,up,697442739082,netem,39533716,27026,0,0,0,0,0,19124240,3758,0,38001706,3813,0
531,697460990430,697462938927,19990543,sA-eth3,up,697462754774,netem,39533716,27026,0,0,0,0,0,19124240,3758,0,38001706,3813,0
532,697480981203,697482860750,19990773,sA-eth3,up,697482672317,netem,39533716,27026,0,0,0,0,0,19124240,3758,0,38001706,3813,0
533,697500987597,697502818641,20006394,sA-eth3,up,697502622899,netem,39533716,27026,0,0,0,0,0,19124240,3758,0,38001706,3813,0
534,697520985790,697522874085,19998193,sA-eth3,up,697522688843,netem,39533716,27026,0,0,0,0,0,19124240,3758,0,38001706,3813,0
535,697540996303,697542934099,20010513,sA-eth3,up,697542756937,netem,39533716,27026,0,0,0,0,0,19124240,3758,0,38001706,3813,0
536,697560978926,697562852691,19982623,sA-eth3,up,697562655369,netem,39533716,27026,0,0,0,0,0,19124240,3758,0,38001706,3813,0
537,697580986869,697582836525,20007943,sA-eth3,up,697582646221,netem,39533716,27026,0,0,0,0,0,19124240,3758,0,38001706,3813,0
538,697600978152,697602820587,19991283,sA-eth3,up,697602641335,netem,39533716,27026,0,0,0,0,0,19124240,3758,0,38001706,3813,0
539,697620988985,697622888731,20010833,sA-eth3,up,697622699539,netem,39533716,27026,0,0,0,0,0,19124240,3758,0,38001706,3813,0
540,697640992909,697642898485,20003924,sA-eth3,up,697642713351,netem,39533716,27026,0,0,0,0,0,19124240,3758,0,38001706,3813,0
541,697660986132,697663057389,19993223,sA-eth3,up,697662755105,netem,39533716,27026,0,0,0,0,0,19124240,3758,0,38001706,3813,0
542,697680997394,697683306017,20011262,sA-eth3,up,697683109383,netem,39533716,27026,0,0,0,0,0,19124240,3758,0,38001706,3813,0
543,697700987988,697702972905,19990594,sA-eth3,up,697702795563,netem,39533716,27026,0,0,0,0,0,19124240,3758,0,38001706,3813,0
544,697720975041,697722922657,19987053,sA-eth3,up,697722712795,netem,39533716,27026,0,0,0,0,0,19124240,3758,0,38001706,3813,0
545,697740993534,697743158403,20018493,sA-eth3,up,697742908911,netem,39533716,27026,0,0,0,0,0,19124240,3758,0,38001706,3813,0
546,697760978748,697762923333,19985214,sA-eth3,up,697762704431,netem,39533716,27026,0,0,0,0,0,19124240,3758,0,38001706,3813,0
547,697780983370,697783093909,20004622,sA-eth3,up,697782872346,netem,39533716,27026,0,0,0,0,0,19124240,3758,0,38001706,3813,0
548,697800976393,697802978851,19993023,sA-eth3,up,697802794588,netem,39533716,27026,0,0,0,0,0,19124240,3758,0,38001706,3813,0
549,697820974126,697822901942,19997733,sA-eth3,up,697822705620,netem,39533716,27026,0,0,0,0,0,19124240,3758,0,38001706,3813,0
550,697840975200,697843115389,20001074,sA-eth3,up,697842853485,netem,39533716,27026,0,0,0,0,0,19124240,3758,0,38001706,3813,0
551,697860993443,697863106981,20018243,sA-eth3,up,697862858758,netem,39533716,27026,0,0,0,0,0,19124240,3758,0,38001706,3813,0
552,697880978716,697883120075,19985273,sA-eth3,up,697882886942,netem,39533716,27026,0,0,0,0,0,19124240,3758,0,38001706,3813,0
553,697900980519,697903058947,20001803,sA-eth3,up,697902838045,netem,39533716,27026,0,0,0,0,0,19124240,3758,0,38001706,3813,0
554,697920978761,697923077971,19998242,sA-eth3,up,697922836747,netem,39533716,27026,0,0,0,0,0,19124240,3758,0,38001706,3813,0
555,697940982115,697943123454,20003354,sA-eth3,up,697942876721,netem,39533716,27026,0,0,0,0,0,19124240,3758,0,38001706,3813,0
556,697960968138,697962992436,19986023,sA-eth3,up,697962801593,netem,39533716,27026,0,0,0,0,0,19124240,3758,0,38001706,3813,0
557,697980975251,697983022279,20007113,sA-eth3,up,697982826057,netem,39533716,27026,0,0,0,0,0,19124240,3758,0,38001706,3813,0
558,698000981754,698003039973,20006503,sA-eth3,up,698002803080,netem,39533716,27026,0,0,0,0,0,19124240,3758,0,38001706,3813,0
559,698020973367,698023273019,19991613,sA-eth3,up,698023076816,netem,39533716,27026,0,0,0,0,0,19124240,3758,0,38001706,3813,0
560,698040972121,698043589826,19998754,sA-eth3,up,698043413324,netem,39533716,27026,0,0,0,0,0,19124240,3758,0,38001706,3813,0
561,698060971713,698063444987,19999592,sA-eth3,up,698063269584,netem,39533716,27026,0,0,0,0,0,19124240,3758,0,38001706,3813,0
562,698080974387,698082927604,20002674,sA-eth3,up,698082738391,netem,39533716,27026,0,0,0,0,0,19124240,3758,0,38001706,3813,0
563,698100975009,698102890786,20000622,sA-eth3,up,698102710604,netem,39533716,27026,0,0,0,0,0,19124240,3758,0,38001706,3813,0
564,698120973783,698122893650,19998774,sA-eth3,up,698122717946,netem,39533716,27026,0,0,0,0,0,19124240,3758,0,38001706,3813,0
565,698140975236,698142859112,20001453,sA-eth3,up,698142672709,netem,39533716,27026,0,0,0,0,0,19124240,3758,0,38001706,3813,0
566,698160925110,698162761595,19949874,sA-eth3,up,698162576283,netem,39533716,27026,0,0,0,0,0,19124240,3758,0,38001706,3813,0
567,698180973735,698182889131,20048625,sA-eth3,up,698182705379,netem,39533716,27026,0,0,0,0,0,19124240,3758,0,38001706,3813,0
568,698200978349,698202930416,20004614,sA-eth3,up,698202750533,netem,39548946,27037,0,0,0,30280,2,19124372,3760,0,38030888,3816,0
569,698220973873,698223090312,19995524,sA-eth3,up,698222893599,netem,39624646,27087,0,0,0,0,0,19125230,3773,0,38089732,3830,0
570,698240971557,698243245668,19997684,sA-eth3,up,698243069476,netem,39657954,27109,0,0,0,0,0,19126154,3787,0,38122512,3844,0
571,698260972491,698262888817,20000934,sA-eth3,up,698262683655,netem,39694290,27133,0,0,0,0,0,19126748,3797,0,38158056,3856,0
572,698280977565,698282857921,20005074,sA-eth3,up,698282678298,netem,39730626,27157,0,0,0,0,0,19127606,3809,0,38193600,3868,0
573,698300978130,698302891805,20000565,sA-eth3,up,698302690313,netem,39766962,27181,0,0,0,0,0,19128464,3823,0,38229210,3881,0
574,698320974143,698322841999,19996013,sA-eth3,up,698322660836,netem,39803298,27205,0,0,0,0,0,19129322,3835,0,38264754,3893,0
575,698340976108,698342800503,20001965,sA-eth3,up,698342617400,netem,39839634,27229,0,0,0,0,0,19130114,3847,0,38300298,3905,0
576,698360985131,698362976979,20009023,sA-eth3,up,698362785426,netem,39875970,27253,0,0,0,0,0,19130906,3859,0,38335842,3917,0
577,698380979326,698382928683,19994195,sA-eth3,up,698382731679,netem,39912306,27277,0,0,0,0,0,19131962,3875,0,38371650,3933,0
578,698400985440,698403310142,20006114,sA-eth3,up,698403131690,netem,39948642,27301,0,0,0,0,0,19133084,3892,0,38407590,3951,0
579,698420973884,698423188295,19988444,sA-eth3,up,698422977821,netem,40093986,27397,0,0,0,54504,3,19133876,3904,0,38564964,3966,0
580,698440980778,698442878094,20006894,sA-eth3,up,698442684461,netem,40343796,27562,0,0,0,37850,3,19134998,3921,0,38802110,3983,0
581,698460973862,698462924629,19993084,sA-eth3,up,698462735976,netem,40601176,27732,0,0,0,37850,3,19136054,3937,0,39034912,4000,0
582,698481016367,698482977764,20042505,sA-eth3,up,698482782702,netem,40843416,27892,0,0,0,45420,3,19137242,3955,0,39282326,4019,0
583,698500971470,698502899257,19955103,sA-eth3,up,698502713815,netem,41090198,28055,0,0,0,56018,4,19138166,3969,0,39519472,4036,0
584,698520972795,698522801130,20001325,sA-eth3,up,698522617497,netem,41350606,28227,0,0,0,37850,3,19139288,3986,0,39755236,4054,0
585,698540978259,698543709645,20005464,sA-eth3,up,698543526443,netem,41607986,28397,0,0,0,45420,3,19140542,4005,0,40002650,4073,0
586,698560982453,698562849688,20004194,sA-eth3,up,698562661016,netem,41726592,28476,0,0,0,0,0,19141202,4015,0,40116636,4082,0
587,698580992786,698583113816,20010333,sA-eth3,up,698582909953,netem,41726592,28476,0,0,0,0,0,19141202,4015,0,40116636,4082,0
588,698600975121,698603448035,19982335,sA-eth3,up,698603274042,netem,41726592,28476,0,0,0,0,0,19141202,4015,0,40116636,4082,0
589,698620974175,698623128915,19999054,sA-eth3,up,698622932662,netem,41726592,28476,0,0,0,0,0,19141202,4015,0,40116636,4082,0
590,698640976489,698643048958,20002314,sA-eth3,up,698642851705,netem,41726592,28476,0,0,0,0,0,19141202,4015,0,40116636,4082,0
591,698660971984,698662934030,19995495,sA-eth3,up,698662755677,netem,41726592,28476,0,0,0,0,0,19141202,4015,0,40116636,4082,0
592,698680973267,698683083956,20001283,sA-eth3,up,698682870233,netem,41726592,28476,0,0,0,0,0,19141202,4015,0,40116636,4082,0
593,698700976022,698703210683,20002755,sA-eth3,up,698703038979,netem,41726592,28476,0,0,0,0,0,19141202,4015,0,40116636,4082,0
594,698720981045,698722812191,20005023,sA-eth3,up,698722627938,netem,41726592,28476,0,0,0,0,0,19141202,4015,0,40116636,4082,0
595,698740969810,698743230841,19988765,sA-eth3,up,698743060528,netem,41726592,28476,0,0,0,0,0,19141202,4015,0,40116636,4082,0
596,698760973343,698762995401,20003533,sA-eth3,up,698762821699,netem,41878082,28577,0,0,0,15140,1,19141202,4015,0,40276798,4095,0
597,698780978777,698782917705,20005434,sA-eth3,up,698782731602,netem,41894736,28588,0,0,0,0,0,19141202,4015,0,40278312,4096,0
598,698800975372,698802882458,19996595,sA-eth3,up,698802704625,netem,41982548,28646,0,0,0,24224,2,19141268,4016,0,40362824,4104,0
599,698820976486,698822697550,20001114,sA-eth3,up,698822535377,netem,42162714,28765,0,0,0,0,0,19141268,4016,0,40536192,4120,0
600,698840976651,698842709444,20000165,sA-eth3,up,698842546041,netem,42208134,28795,0,0,0,40878,3,19141334,4017,0,40590032,4124,0
601,698860980234,698862723578,20003583,sA-eth3,up,698862564446,netem,42453402,28957,0,0,0,30280,2,19141334,4017,0,40830140,4142,0
602,698880981959,698882729492,20001725,sA-eth3,up,698882566270,netem,42536672,29012,0,0,0,15140,1,19141400,4018,0,40895630,4147,0
603,698900969432,698902793827,19987473,sA-eth3,up,698902615895,netem,42763772,29162,0,0,0,45420,3,19141400,4018,0,41128498,4165,0
604,698920976456,698922726611,20007024,sA-eth3,up,698922564169,netem,43013582,29327,0,0,0,37850,3,19141466,4019,0,41368606,4183,0
605,698940995821,698942885047,20019365,sA-eth3,up,698942670144,netem,43270962,29497,0,0,0,30280,2,19142060,4028,0,41601474,4201,0
606,698960951584,698963089014,19955763,sA-eth3,up,698962868871,netem,43528342,29667,0,0,0,30280,2,19143182,4045,0,41848888,4220,0
607,698980989229,698982834974,20037645,sA-eth3,up,698982636912,netem,43769068,29826,0,0,0,52990,3,19144304,4062,0,42080242,4237,0
608,699000970982,699002733117,19981753,sA-eth3,up,699002554975,netem,43919468,29926,0,0,0,0,0,19145030,4073,0,42224768,4248,0
609,699020978457,699022794652,20007475,sA-eth3,up,699022588958,netem,43919468,29926,0,0,0,0,0,19145030,4073,0,42224768,4248,0
610,699040969980,699042780405,19991523,sA-eth3,up,699042599913,netem,43919468,29926,0,0,0,0,0,19145030,4073,0,42224768,4248,0
611,699060982575,699062842620,20012595,sA-eth3,up,699062655608,netem,43919468,29926,0,0,0,0,0,19145030,4073,0,42224768,4248,0
612,699080973459,699082732013,19990884,sA-eth3,up,699082557961,netem,43919468,29926,0,0,0,0,0,19145030,4073,0,42224768,4248,0
613,699100978573,699102776738,20005114,sA-eth3,up,699102600186,netem,43919468,29926,0,0,0,0,0,19145030,4073,0,42224768,4248,0
614,699120970218,699122984975,19991645,sA-eth3,up,699122810343,netem,43919468,29926,0,0,0,0,0,19145030,4073,0,42224768,4248,0
615,699140973852,699143060081,20003634,sA-eth3,up,699142881348,netem,43919468,29926,0,0,0,0,0,19145030,4073,0,42224768,4248,0
616,699160967237,699162857193,19993385,sA-eth3,up,699162682991,netem,43919468,29926,0,0,0,0,0,19145030,4073,0,42224768,4248,0
617,699180968182,699182828917,20000945,sA-eth3,up,699182647815,netem,43919468,29926,0,0,0,0,0,19145030,4073,0,42224768,4248,0
618,699200973987,699202904414,20005805,sA-eth3,up,699202728252,netem,43919468,29926,0,0,0,0,0,19145030,4073,0,42224768,4248,0
619,699220976572,699223068921,20002585,sA-eth3,up,699222835978,netem,43919468,29926,0,0,0,0,0,19145030,4073,0,42224768,4248,0
620,699240977777,699243105107,20001205,sA-eth3,up,699242862423,netem,43919468,29926,0,0,0,0,0,19145030,4073,0,42224768,4248,0
621,699260978773,699263534328,20000996,sA-eth3,up,699263351295,netem,43919468,29926,0,0,0,0,0,19145030,4073,0,42224768,4248,0
622,699280978907,699282983825,20000134,sA-eth3,up,699282740931,netem,43919468,29926,0,0,0,0,0,19145030,4073,0,42224768,4248,0
623,699300980352,699303177633,20001445,sA-eth3,up,699302976790,netem,43919468,29926,0,0,0,0,0,19145030,4073,0,42224768,4248,0
624,699320975218,699323230879,19994866,sA-eth3,up,699323054776,netem,43919468,29926,0,0,0,0,0,19145030,4073,0,42224768,4248,0
625,699340977493,699342854129,20002275,sA-eth3,up,699342662906,netem,43919468,29926,0,0,0,0,0,19145030,4073,0,42224768,4248,0
626,699360974058,699362929995,19996565,sA-eth3,up,699362741481,netem,43919468,29926,0,0,0,0,0,19145030,4073,0,42224768,4248,0
627,699380981113,699383195553,20007055,sA-eth3,up,699383026211,netem,43919468,29926,0,0,0,0,0,19145030,4073,0,42224768,4248,0
628,699400979328,699403021856,19998215,sA-eth3,up,699402802803,netem,43919468,29926,0,0,0,0,0,19145030,4073,0,42224768,4248,0
629,699420952873,699423478248,19973545,sA-eth3,up,699423269755,netem,43919468,29926,0,0,0,0,0,19145030,4073,0,42224768,4248,0
630,699440974978,699442961095,20022105,sA-eth3,up,699442788463,netem,43919468,29926,0,0,0,70,1,19145030,4073,0,42224768,4248,0
631,699460975963,699463089162,20000985,sA-eth3,up,699462900080,netem,43919538,29927,0,0,0,0,0,19145030,4073,0,42224838,4249,0
632,699480974828,699483072117,19998865,sA-eth3,up,699482882195,netem,44101308,30048,0,0,0,30280,2,19145888,4086,0,42414092,4264,0
633,699500975513,699502861269,20000685,sA-eth3,up,699502677967,netem,44361716,30220,0,0,0,86298,5,19146020,4088,0,42649658,4279,0
634,699520976349,699522910125,20000836,sA-eth3,up,699522733243,netem,44602442,30379,0,0,0,118092,9,19146086,4089,0,42893912,4294,0
635,699540979184,699542897500,20002835,sA-eth3,up,699542715597,netem,44856794,30547,0,0,0,43906,4,19146086,4089,0,43137114,4315,0
636,699560996589,699563023517,20017405,sA-eth3,up,699562810503,netem,45108118,30713,0,0,0,30280,2,19146152,4090,0,43367152,4334,0
637,699580972244,699583234545,19975655,sA-eth3,up,699583044082,netem,45357928,30878,0,0,0,22710,2,19146482,4095,0,43614566,4353,0
638,699600976109,699602829995,20003865,sA-eth3,up,699602648002,netem,45600168,31038,0,0,0,33308,2,19147604,4112,0,43840128,4370,0
639,699620978494,699622837959,20002385,sA-eth3,up,699622650957,netem,45857548,31208,0,0,0,30280,2,19148726,4129,0,44087476,4388,0
640,699640978419,699642901405,19999925,sA-eth3,up,699642716023,netem,46095246,31365,0,0,0,17168,1,19149848,4146,0,44332376,4406,0
641,699660982204,699662962791,20003785,sA-eth3,up,699662731167,netem,46112414,31377,0,0,0,0,0,19149914,4147,0,44332376,4406,0
642,699680976199,699682823555,19993995,sA-eth3,up,699682637241,netem,46112414,31377,0,0,0,0,0,19149914,4147,0,44332376,4406,0
643,699700985404,699702853380,20009205,sA-eth3,up,699702660267,netem,46112414,31377,0,0,0,0,0,19149914,4147,0,44332376,4406,0
644,699720972509,699722924816,19987105,sA-eth3,up,699722694373,netem,46112414,31377,0,0,0,0,0,19149914,4147,0,44332376,4406,0
645,699740973394,699742801520,20000885,sA-eth3,up,699742616207,netem,46112414,31377,0,0,0,0,0,19149914,4147,0,44332376,4406,0
646,699760982239,699763485704,20008845,sA-eth3,up,699763275631,netem,46112414,31377,0,0,0,0,0,19149914,4147,0,44332376,4406,0
647,699780977224,699782815560,19994985,sA-eth3,up,699782600277,netem,46112414,31377,0,0,0,0,0,19149914,4147,0,44332376,4406,0
648,699800980889,699802836205,20003665,sA-eth3,up,699802655833,netem,46112414,31377,0,0,0,0,0,19149914,4147,0,44332376,4406,0
649,699820937944,699822717309,19957055,sA-eth3,up,699822554677,netem,46112414,31377,0,0,0,0,0,19149914,4147,0,44332376,4406,0
650,699840974630,699843207040,20036686,sA-eth3,up,699843024517,netem,46112414,31377,0,0,0,0,0,19149914,4147,0,44332376,4406,0
651,699860986254,699862840781,20011624,sA-eth3,up,699862656128,netem,46112414,31377,0,0,0,0,0,19149914,4147,0,44332376,4406,0
652,699880977130,699882828395,19990876,sA-eth3,up,699882646233,netem,46112414,31377,0,0,0,0,0,19149914,4147,0,44332376,4406,0
653,699900975324,699902820500,19998194,sA-eth3,up,699902646688,netem,46112414,31377,0,0,0,0,0,19149914,4147,0,44332376,4406,0
654,699920976430,699922771155,20001106,sA-eth3,up,699922593253,netem,46112414,31377,0,0,0,0,0,19149914,4147,0,44332376,4406,0
655,699940986355,699942939672,20009925,sA-eth3,up,699942740509,netem,46112414,31377,0,0,0,0,0,19149914,4147,0,44332376,4406,0
656,699960982650,699963177480,19996295,sA-eth3,up,699962977148,netem,46112414,31377,0,0,0,0,0,19149914,4147,0,44332376,4406,0
657,699980971735,699983082824,19989085,sA-eth3,up,699982877251,netem,46112414,31377,0,0,0,0,0,19149914,4147,0,44332376,4406,0
658,700000970810,700002947457,19999075,sA-eth3,up,700002711414,netem,46112414,31377,0,0,0,0,0,19149914,4147,0,44332376,4406,0
659,700020977625,700022855681,20006815,sA-eth3,up,700022662769,netem,46112414,31377,0,0,0,0,0,19149914,4147,0,44332376,4406,0
660,700040975261,700042795635,19997636,sA-eth3,up,700042611073,netem,46112414,31377,0,0,0,0,0,19149914,4147,0,44332376,4406,0
661,700060982955,700062871131,20007694,sA-eth3,up,700062685229,netem,46112414,31377,0,0,0,0,0,19149914,4147,0,44332376,4406,0
662,700080966640,700082792556,19983685,sA-eth3,up,700082612173,netem,46112414,31377,0,0,0,0,0,19149914,4147,0,44332376,4406,0
663,700100975495,700102835361,20008855,sA-eth3,up,700102651949,netem,46112414,31377,0,0,0,0,0,19149914,4147,0,44332376,4406,0
664,700120976761,700122898257,20001266,sA-eth3,up,700122720815,netem,46112414,31377,0,0,0,0,0,19149914,4147,0,44332376,4406,0
665,700140986156,700142984694,20009395,sA-eth3,up,700142806301,netem,46112414,31377,0,0,0,0,0,19149914,4147,0,44332376,4406,0
666,700160986033,700163434966,19999877,sA-eth3,up,700163241354,netem,46112414,31377,0,0,0,0,0,19149914,4147,0,44332376,4406,0
667,700180975288,700183159059,19989255,sA-eth3,up,700182946505,netem,46112414,31377,0,0,0,0,0,19149914,4147,0,44332376,4406,0
668,700201000795,700203083203,20025507,sA-eth3,up,700202836680,netem,46112414,31377,0,0,0,0,0,19149914,4147,0,44332376,4406,0
669,700220987430,700222890257,19986635,sA-eth3,up,700222663443,netem,46112414,31377,0,0,0,0,0,19149914,4147,0,44332376,4406,0
670,700240985637,700242859132,19998207,sA-eth3,up,700242669100,netem,46112414,31377,0,0,0,0,0,19149914,4147,0,44332376,4406,0
671,700260980053,700263497487,19994416,sA-eth3,up,700263145443,netem,46112414,31377,0,0,0,0,0,19149914,4147,0,44332376,4406,0
672,700280982379,700283209349,20002326,sA-eth3,up,700282990476,netem,46112414,31377,0,0,0,0,0,19149914,4147,0,44332376,4406,0
673,700300979664,700302991702,19997285,sA-eth3,up,700302811779,netem,46112414,31377,0,0,0,0,0,19149914,4147,0,44332376,4406,0
674,700320980741,700322969988,20001077,sA-eth3,up,700322769455,netem,46112414,31377,0,0,0,0,0,19149914,4147,0,44332376,4406,0
675,700340977046,700343044105,19996305,sA-eth3,up,700342775731,netem,46112414,31377,0,0,0,0,0,19149914,4147,0,44332376,4406,0
676,700360984983,700363165922,20007937,sA-eth3,up,700362917689,netem,46127644,31388,0,0,0,15140,1,19149980,4148,0,44347012,4408,0
677,700380984039,700383042697,19999056,sA-eth3,up,700382828025,netem,46368370,31547,0,0,0,46934,4,19150970,4163,0,44592846,4425,0
678,700400984535,700403547170,20000496,sA-eth3,up,700403365108,netem,46619694,31713,0,0,0,71158,5,19152026,4179,0,44834468,4444,0
679,700420979200,700422930237,19994665,sA-eth3,up,700422737105,netem,46877074,31883,0,0,0,45420,3,19153082,4195,0,45067336,4462,0
680,700440975167,700443035185,19995967,sA-eth3,up,700442783592,netem,47123856,32046,0,0,0,40878,4,19154270,4213,0,45304548,4480,0
681,700460979602,700463339635,20004435,sA-eth3,up,700463157613,netem,47369124,32208,0,0,0,45420,3,19155458,4231,0,45554924,4500,0
682,700480982359,700482999287,20002757,sA-eth3,up,700482813164,netem,47626504,32378,0,0,0,30280,2,19156514,4247,0,45787792,4518,0
683,700500976434,700502930482,19994075,sA-eth3,up,700502736059,netem,47864202,32535,0,0,0,52990,3,19157702,4265,0,46033692,4536,0
684,700520993651,700522967728,20017217,sA-eth3,up,700522690474,netem,48118554,32703,0,0,0,45420,3,19158692,4281,0,46260702,4553,0
685,700540992777,700543387830,19999126,sA-eth3,up,700543156707,netem,48305290,32827,0,0,0,0,0,19159682,4295,0,46440178,4567,0
686,700560987643,700563082672,19994866,sA-eth3,up,700562831718,netem,48305290,32827,0,0,0,0,0,19159682,4295,0,46440178,4567,0
687,700580987569,700582997437,19999926,sA-eth3,up,700582769094,netem,48305290,32827,0,0,0,0,0,19159682,4295,0,46440178,4567,0
688,700600991826,700602950733,20004257,sA-eth3,up,700602712269,netem,48305290,32827,0,0,0,0,0,19159682,4295,0,46440178,4567,0
689,700620992211,700622970528,20000385,sA-eth3,up,700622727865,netem,48305290,32827,0,0,0,0,0,19159682,4295,0,46440178,4567,0
690,700641022178,700642922224,20029967,sA-eth3,up,700642711581,netem,48305290,32827,0,0,0,0,0,19159682,4295,0,46440178,4567,0
691,700660976573,700662813588,19954395,sA-eth3,up,700662615886,netem,48305290,32827,0,0,0,0,0,19159682,4295,0,46440178,4567,0
692,700680984119,700682846085,20007546,sA-eth3,up,700682634112,netem,48305290,32827,0,0,0,0,0,19159682,4295,0,46440178,4567,0
693,700700979575,700702818840,19995456,sA-eth3,up,700702611177,netem,48305290,32827,0,0,0,0,0,19159682,4295,0,46440178,4567,0
694,700720980882,700722851947,20001307,sA-eth3,up,700722660825,netem,48305290,32827,0,0,0,0,0,19159682,4295,0,46440178,4567,0
695,700740988447,700743676124,20007565,sA-eth3,up,700743425821,netem,48305290,32827,0,0,0,0,0,19159682,4295,0,46440178,4567,0
696,700760981404,700763445847,19992957,sA-eth3,up,700763262225,netem,48305290,32827,0,0,0,0,0,19159682,4295,0,46440178,4567,0
697,700780977029,700783075088,19995625,sA-eth3,up,700782877746,netem,48305290,32827,0,0,0,0,0,19159682,4295,0,46440178,4567,0
698,700800985366,700802955533,20008337,sA-eth3,up,700802778581,netem,48305290,32827,0,0,0,0,0,19159682,4295,0,46440178,4567,0
699,700820981981,700822919768,19996615,sA-eth3,up,700822734856,netem,48305290,32827,0,0,0,0,0,19159682,4295,0,46440178,4567,0
700,700840982978,700843131517,20000997,sA-eth3,up,700842671551,netem,48305290,32827,0,0,0,0,0,19159682,4295,0,46440178,4567,0
701,700860990123,700862978101,20007145,sA-eth3,up,700862792098,netem,48305290,32827,0,0,0,0,0,19159682,4295,0,46440178,4567,0
702,700881019250,700882904176,20029127,sA-eth3,up,700882714043,netem,48305290,32827,0,0,0,0,0,19159682,4295,0,46440178,4567,0
703,700900986016,700903046164,19966766,sA-eth3,up,700902849812,netem,48305290,32827,0,0,0,0,0,19159682,4295,0,46440178,4567,0
704,700920980282,700922860727,19994266,sA-eth3,up,700922674945,netem,48305290,32827,0,0,0,0,0,19159682,4295,0,46440178,4567,0
705,700940980387,700942834954,20000105,sA-eth3,up,700942649850,netem,48305290,32827,0,0,0,0,0,19159682,4295,0,46440178,4567,0
706,700960981064,700962819159,20000677,sA-eth3,up,700962631597,netem,48305290,32827,0,0,0,0,0,19159682,4295,0,46440178,4567,0
707,700980976569,700982860416,19995505,sA-eth3,up,700982676482,netem,48305430,32829,0,0,0,0,0,19159752,4296,0,46440318,4569,0
708,701000977586,701002829671,20001017,sA-eth3,up,701002647909,netem,48305430,32829,0,0,0,0,0,19159752,4296,0,46440318,4569,0
709,701020981832,701022815167,20004246,sA-eth3,up,701022624784,netem,48305430,32829,0,0,0,0,0,19159752,4296,0,46440318,4569,0
710,701040980358,701042834253,19998526,sA-eth3,up,701042648321,netem,48305430,32829,0,0,0,0,0,19159752,4296,0,46440318,4569,0
711,701060989274,701062865980,20008916,sA-eth3,up,701062675138,netem,48305430,32829,0,0,0,0,0,19159752,4296,0,46440318,4569,0
712,701080979240,701083568665,19989966,sA-eth3,up,701083382913,netem,48335800,32850,0,0,0,33308,2,19159884,4298,0,46469500,4572,0
713,701100976046,701103232817,19996806,sA-eth3,up,701103039124,netem,48585610,33015,0,0,0,37850,3,19161006,4315,0,46709542,4589,0
714,701120977042,701123136571,20000996,sA-eth3,up,701122805077,netem,48815738,33167,0,0,0,62074,4,19162062,4331,0,46948202,4607,0
715,701140982219,701143025126,20005177,sA-eth3,up,701142766754,netem,49070090,33335,0,0,0,45420,3,19163052,4346,0,47189824,4626,0
716,701160976055,701162936862,19993836,sA-eth3,up,701162708700,netem,49328984,33506,0,0,0,28766,2,19164174,4363,0,47424074,4643,0
717,701180973812,701182904789,19997757,sA-eth3,up,701182676686,netem,49577280,33670,0,0,0,30280,2,19165296,4380,0,47662734,4661,0
718,701200986670,701202826764,20012858,sA-eth3,up,701202639432,netem,49819520,33830,0,0,0,45420,3,19166484,4398,0,47910082,4679,0
719,701220991987,701222926003,20005317,sA-eth3,up,701222729120,netem,50075386,33999,0,0,0,52990,3,19167540,4414,0,48141436,4696,0
720,701240990093,701242903420,19998106,sA-eth3,up,701242703648,netem,50326710,34165,0,0,0,30280,2,19168596,4430,0,48382992,4714,0
721,701260987070,701263224932,19996977,sA-eth3,up,701262864656,netem,50498306,34279,0,0,0,0,0,19169388,4442,0,48547856,4726,0
722,701280986847,701283417691,19999777,sA-eth3,up,701283185238,netem,50498306,34279,0,0,0,0,0,19169388,4442,0,48547856,4726,0
723,701300985474,701303189815,19998627,sA-eth3,up,701302985542,netem,50498306,34279,0,0,0,0,0,19169388,4442,0,48547856,4726,0
724,701320984862,701323059810,19999388,sA-eth3,up,701322854837,netem,50498306,34279,0,0,0,0,0,19169388,4442,0,48547856,4726,0
725,701340976718,701342911035,19991856,sA-eth3,up,701342718923,netem,50498306,34279,0,0,0,0,0,19169388,4442,0,48547856,4726,0
726,701360978566,701362884432,20001848,sA-eth3,up,701362678479,netem,50498306,34279,0,0,0,0,0,19169388,4442,0,48547856,4726,0
727,701380988902,701383486447,20010336,sA-eth3,up,701383282894,netem,50498306,34279,0,0,0,0,0,19169388,4442,0,48547856,4726,0
728,701400994660,701402998337,20005758,sA-eth3,up,701402807965,netem,50498306,34279,0,0,0,0,0,19169388,4442,0,48547856,4726,0
729,701420993936,701422930863,19999276,sA-eth3,up,701422728010,netem,50498306,34279,0,0,0,0,0,19169388,4442,0,48547856,4726,0
730,701440991043,701443239295,19997107,sA-eth3,up,701443041251,netem,50498306,34279,0,0,0,0,0,19169388,4442,0,48547856,4726,0
731,701460982700,701463441654,19991657,sA-eth3,up,701463254822,netem,50498306,34279,0,0,0,0,0,19169388,4442,0,48547856,4726,0
732,701480992577,701483333049,20009877,sA-eth3,up,701483122867,netem,50498306,34279,0,0,0,0,0,19169388,4442,0,48547856,4726,0
733,701500983854,701503213655,19991277,sA-eth3,up,701503017133,netem,50498376,34280,0,0,0,0,0,19169388,4442,0,48547926,4727,0
734,701520978841,701523139951,19994987,sA-eth3,up,701522940189,netem,50498376,34280,0,0,0,0,0,19169388,4442,0,48547926,4727,0
735,701540990008,701543088547,20011167,sA-eth3,up,701542881385,netem,50498376,34280,0,0,0,0,0,19169388,4442,0,48547926,4727,0
736,701560980985,701562981783,19990977,sA-eth3,up,701562806150,netem,50498376,34280,0,0,0,0,0,19169388,4442,0,48547926,4727,0
737,701580976952,701583124092,19995967,sA-eth3,up,701582917309,netem,50498376,34280,0,0,0,0,0,19169388,4442,0,48547926,4727,0
738,701600994039,701603592706,20017087,sA-eth3,up,701603359962,netem,50498376,34280,0,0,0,0,0,19169388,4442,0,48547926,4727,0
739,701621035977,701623117766,20041938,sA-eth3,up,701622904453,netem,50528746,34301,0,0,0,33308,2,19169586,4445,0,48591654,4731,0
740,701640975753,701643375186,19939776,sA-eth3,up,701643171183,netem,50786126,34471,0,0,0,45420,3,19170444,4458,0,48824456,4748,0
741,701660981761,701663051689,20006008,sA-eth3,up,701662841396,netem,50881508,34534,0,0,0,0,0,19170444,4458,0,48916142,4755,0
742,701680975607,701683407370,19993846,sA-eth3,up,701683222328,netem,50881508,34534,0,0,0,40878,3,19170510,4459,0,48930688,4756,0
743,701700979634,701703080284,20004027,sA-eth3,up,701702816090,netem,51126776,34696,0,0,0,30280,2,19170510,4459,0,49166452,4774,0
744,701720982011,701723348154,20002377,sA-eth3,up,701723108170,netem,51157056,34716,0,0,0,0,0,19170510,4459,0,49180998,4775,0
745,701740975358,701743349151,19993347,sA-eth3,up,701743076327,netem,51240326,34771,0,0,0,22710,2,19170906,4465,0,49261100,4782,0
746,701760990015,701762916252,20014657,sA-eth3,up,701762715398,netem,51482566,34931,0,0,0,45420,3,19171896,4480,0,49493968,4800,0
747,701780973452,701783494737,19983437,sA-eth3,up,701783311884,netem,51739946,35101,0,0,0,48448,3,19173018,4497,0,49741382,4819,0
748,701800983580,701803049168,20010128,sA-eth3,up,701802858875,netem,51974616,35256,0,0,0,52990,4,19174206,4515,0,49981490,4837,0
749,701820974536,701823324388,19990956,sA-eth3,up,701823104355,netem,52228968,35424,0,0,0,45420,3,19175394,4533,0,50225942,4855,0
750,701840985064,701843070852,20010528,sA-eth3,up,701842877569,netem,52481806,35591,0,0,0,37850,3,19176450,4549,0,50461706,4873,0
751,701860987110,701862963498,20002046,sA-eth3,up,701862769624,netem,52691252,35730,0,0,0,0,0,19177440,4564,0,50655662,4887,0
752,701880987808,701882955574,20000698,sA-eth3,up,701882785713,netem,52691252,35730,0,0,0,0,0,19177440,4564,0,50655662,4887,0
753,701900990494,701902955871,20002686,sA-eth3,up,701902776249,netem,52691252,35730,0,0,0,0,0,19177440,4564,0,50655662,4887,0
754,701920985651,701922942417,19995157,sA-eth3,up,701922770146,netem,52691252,35730,0,0,0,0,0,19177440,4564,0,50655662,4887,0
755,701940985108,701942910455,19999457,sA-eth3,up,701942725971,netem,52691252,35730,0,0,0,0,0,19177440,4564,0,50655662,4887,0
756,701960994115,701963431649,20009007,sA-eth3,up,701963199196,netem,52691252,35730,0,0,0,0,0,19177440,4564,0,50655662,4887,0
757,701980989782,701982964780,19995667,sA-eth3,up,701982763437,netem,52691252,35730,0,0,0,0,0,19177440,4564,0,50655662,4887,0
758,702000980009,702003338942,19990227,sA-eth3,up,702003123198,netem,52691252,35730,0,0,0,0,0,19177440,4564,0,50655662,4887,0
759,702020977066,702022894632,19997057,sA-eth3,up,702022706639,netem,52691252,35730,0,0,0,0,0,19177440,4564,0,50655662,4887,0
760,702040997493,702043390846,20020427,sA-eth3,up,702043162233,netem,52691252,35730,0,0,0,0,0,19177440,4564,0,50655662,4887,0
761,702060992730,702063208910,19995237,sA-eth3,up,702062984948,netem,52691252,35730,0,0,0,0,0,19177440,4564,0,50655662,4887,0
762,702080984197,702082992954,19991467,sA-eth3,up,702082810792,netem,52691252,35730,0,0,0,0,0,19177440,4564,0,50655662,4887,0
763,702100986144,702102968762,20001947,sA-eth3,up,702102777978,netem,52691252,35730,0,0,0,0,0,19177440,4564,0,50655662,4887,0
764,702120983861,702122907587,19997717,sA-eth3,up,702122722775,netem,52691252,35730,0,0,0,0,0,19177440,4564,0,50655662,4887,0
765,702140990969,702142902345,20007108,sA-eth3,up,702142719703,netem,52691252,35730,0,0,0,0,0,19177440,4564,0,50655662,4887,0
766,702160980336,702162915463,19989367,sA-eth3,up,702162730271,netem,52691252,35730,0,0,0,0,0,19177440,4564,0,50655662,4887,0
767,702180980725,702182870051,20000389,sA-eth3,up,702182690268,netem,52691252,35730,0,0,0,0,0,19177440,4564,0,50655662,4887,0
768,702200980962,702202892749,20000237,sA-eth3,up,702202699376,netem,52691252,35730,0,0,0,0,0,19177440,4564,0,50655662,4887,0
769,702220981401,702222894957,20000439,sA-eth3,up,702222707114,netem,52691252,35730,0,0,0,0,0,19177440,4564,0,50655662,4887,0
770,702240992519,702242949365,20011118,sA-eth3,up,702242770773,netem,52691252,35730,0,0,0,0,0,19177440,4564,0,50655662,4887,0
771,702260986217,702262901413,19993698,sA-eth3,up,702262716300,netem,52691252,35730,0,0,0,0,0,19177440,4564,0,50655662,4887,0
772,702280982854,702282895831,19996637,sA-eth3,up,702282705749,netem,52691252,35730,0,0,0,0,0,19177440,4564,0,50655662,4887,0
773,702300989523,702302902119,20006669,sA-eth3,up,702302708566,netem,52691252,35730,0,0,0,0,0,19177440,4564,0,50655662,4887,0
774,702320987820,702322910457,19998297,sA-eth3,up,702322727785,netem,52691252,35730,0,0,0,0,0,19177440,4564,0,50655662,4887,0
775,702340982099,702343050828,19994279,sA-eth3,up,702342857714,netem,52691252,35730,0,0,0,0,0,19177440,4564,0,50655662,4887,0
776,702360977976,702363077895,19995877,sA-eth3,up,702362845063,netem,52691252,35730,0,0,0,0,0,19177440,4564,0,50655662,4887,0
777,702380986564,702383373838,20008588,sA-eth3,up,702383199215,netem,52691252,35730,0,0,0,0,0,19177440,4564,0,50655662,4887,0
778,702400990713,702402903749,20004149,sA-eth3,up,702402694147,netem,52691252,35730,0,0,0,0,0,19177440,4564,0,50655662,4887,0
779,702420988190,702422975688,19997477,sA-eth3,up,702422806806,netem,52691252,35730,0,0,0,0,0,19177440,4564,0,50655662,4887,0
780,702440989608,702442979075,20001418,sA-eth3,up,702442808583,netem,52691252,35730,0,0,0,0,0,19177440,4564,0,50655662,4887,0
781,702461018397,702463197807,20028789,sA-eth3,up,702463026885,netem,52691252,35730,0,0,0,0,0,19177440,4564,0,50655662,4887,0
782,702481000695,702483206375,19982298,sA-eth3,up,702483023883,netem,52691252,35730,0,0,0,0,0,19177440,4564,0,50655662,4887,0
783,702500978112,702503201923,19977417,sA-eth3,up,702503026750,netem,52691252,35730,0,0,0,0,0,19177440,4564,0,50655662,4887,0
784,702520982491,702523388984,20004379,sA-eth3,up,702523215732,netem,52751902,35771,0,0,0,22710,2,19177704,4568,0,50713936,4892,0
785,702540977378,702543267850,19994887,sA-eth3,up,702543087257,netem,52997170,35933,0,0,0,48448,3,19178694,4583,0,50949634,4909,0
786,702560985176,702562913372,20007798,sA-eth3,up,702562709110,netem,53233354,36089,0,0,0,68130,5,19179750,4599,0,51194152,4928,0
787,702580993205,702582891381,20008029,sA-eth3,up,702582699727,netem,53486192,36256,0,0,0,71158,5,19180674,4613,0,51419648,4945,0
788,702600976092,702602804828,19982887,sA-eth3,up,702602603654,netem,53745086,36427,0,0,0,71158,4,19181598,4627,0,51668510,4963,0
789,702620980920,702622856026,20004828,sA-eth3,up,702622674053,netem,53982784,36584,0,0,0,84784,6,19182588,4642,0,51914344,4980,0
790,702640982028,702643567084,20001108,sA-eth3,up,702643383371,netem,54253790,36763,0,0,0,77214,6,19183644,4658,0,52157348,4998,0
791,702660979636,702663045864,19997608,sA-eth3,up,702662852122,netem,54493002,36921,0,0,0,86298,6,19184700,4674,0,52387320,5016,0
792,702680982574,702682789099,20002938,sA-eth3,up,702682606436,netem,54742812,37086,0,0,0,68130,5,19185756,4690,0,52634734,5035,0
793,702700979291,702702785986,19996717,sA-eth3,up,702702597554,netem,54884128,37180,0,0,0,0,0,19186548,4702,0,52763266,5045,0
794,702720990300,702722964417,20011009,sA-eth3,up,702722789765,netem,54884128,37180,0,0,0,0,0,19186548,4702,0,52763266,5045,0
795,702740993728,702743330270,20003428,sA-eth3,up,702743147028,netem,54884128,37180,0,0,0,0,0,19186548,4702,0,52763266,5045,0
796,702760980695,702762891752,19986967,sA-eth3,up,702762713890,netem,54884128,37180,0,0,0,0,0,19186548,4702,0,52763266,5045,0
797,702780981613,702782902090,20000918,sA-eth3,up,702782717428,netem,54884128,37180,0,0,0,0,0,19186548,4702,0,52763266,5045,0
798,702800985051,702802902438,20003438,sA-eth3,up,702802699015,netem,54884128,37180,0,0,0,0,0,19186548,4702,0,52763266,5045,0
799,702820982480,702822976417,19997429,sA-eth3,up,702822777015,netem,54884128,37180,0,0,0,0,0,19186548,4702,0,52763266,5045,0
800,702841018397,702842974035,20035917,sA-eth3,up,702842798232,netem,54884128,37180,0,0,0,0,0,19186548,4702,0,52763266,5045,0
801,702860979035,702862873591,19960638,sA-eth3,up,702862685459,netem,54884128,37180,0,0,0,0,0,19186548,4702,0,52763266,5045,0
802,702880981423,702882861640,20002388,sA-eth3,up,702882682717,netem,54884128,37180,0,0,0,0,0,19186548,4702,0,52763266,5045,0
803,702900980281,702903288543,19998858,sA-eth3,up,702903109871,netem,54884128,37180,0,0,0,0,0,19186548,4702,0,52763266,5045,0
804,702920991140,702923465723,20010859,sA-eth3,up,702923213880,netem,54884128,37180,0,0,0,0,0,19186548,4702,0,52763266,5045,0
805,702940980267,702943081876,19989127,sA-eth3,up,702942871683,netem,54884128,37180,0,0,0,0,0,19186548,4702,0,52763266,5045,0
806,702960982264,702962818380,20001997,sA-eth3,up,702962633108,netem,54884128,37180,0,0,0,0,0,19186548,4702,0,52763266,5045,0
807,702980980043,702982808508,19997779,sA-eth3,up,702982630886,netem,54884128,37180,0,0,0,0,0,19186548,4702,0,52763266,5045,0
808,703000993761,703002877077,20013718,sA-eth3,up,703002692174,netem,54884128,37180,0,0,0,0,0,19186548,4702,0,52763266,5045,0
809,703020977719,703022747133,19983958,sA-eth3,up,703022579831,netem,54884128,37180,0,0,0,0,0,19186548,4702,0,52763266,5045,0
810,703040978797,703042812692,20001078,sA-eth3,up,703042625359,netem,54884128,37180,0,0,0,0,0,19186548,4702,0,52763266,5045,0
811,703060978765,703062776260,19999968,sA-eth3,up,703062598687,netem,54884128,37180,0,0,0,0,0,19186548,4702,0,52763266,5045,0
812,703080970963,703083381695,19992198,sA-eth3,up,703083206243,netem,54929638,37211,0,0,0,36336,2,19186746,4705,0,52806994,5049,0
813,703100972880,703103249272,20001917,sA-eth3,up,703103071400,netem,55171878,37371,0,0,0,45420,3,19187604,4718,0,53054342,5067,0
814,703120975359,703122914075,20002479,sA-eth3,up,703122649542,netem,55252120,37424,0,0,0,0,0,19187604,4718,0,53116936,5072,0
815,703140998677,703143435982,20023318,sA-eth3,up,703143230498,netem,55267260,37434,0,0,0,30280,2,19187670,4719,0,53131482,5073,0
816,703160988996,703162966994,19990319,sA-eth3,up,703162784710,netem,55512528,37596,0,0,0,0,0,19187670,4719,0,53367246,5091,0
817,703180988124,703183456579,19999128,sA-eth3,up,703183268737,netem,55610938,37661,0,0,0,37850,3,19188198,4727,0,53476374,5099,0
818,703200981654,703203066783,19993530,sA-eth3,up,703202866860,netem,55853178,37821,0,0,0,49962,3,19189254,4743,0,53710558,5115,0
819,703221023423,703223472427,20041769,sA-eth3,up,703223273004,netem,56107530,37989,0,0,0,77214,4,19190244,4758,0,53956458,5133,0
820,703240992581,703242914749,19969158,sA-eth3,up,703242715115,netem,56363396,38158,0,0,0,68130,5,19191168,4772,0,54184850,5149,0
821,703260987560,703263304123,19994979,sA-eth3,up,703263132880,netem,56616234,38325,0,0,0,71158,5,19192092,4786,0,54427788,5166,0
822,703280981859,703283032218,19994299,sA-eth3,up,703282833085,netem,56855446,38483,0,0,0,86298,6,19193148,4802,0,54672240,5184,0
823,703300985639,703302935215,20003780,sA-eth3,up,703302770473,netem,57077004,38630,0,0,0,0,0,19194138,4817,0,54870672,5200,0
824,703320987127,703322993255,20001488,sA-eth3,up,703322815422,netem,57077004,38630,0,0,0,0,0,19194138,4817,0,54870672,5200,0
825,703340987346,703342953924,20000219,sA-eth3,up,703342778522,netem,57077004,38630,0,0,0,0,0,19194138,4817,0,54870672,5200,0
826,703360982555,703362874711,19995209,sA-eth3,up,703362690238,netem,57077004,38630,0,0,0,0,0,19194138,4817,0,54870672,5200,0
827,703380980134,703382849670,19997579,sA-eth3,up,703382662186,netem,57077004,38630,0,0,0,0,0,19194138,4817,0,54870672,5200,0
828,703400998512,703403077062,20018378,sA-eth3,up,703402846919,netem,57077004,38630,0,0,0,0,0,19194138,4817,0,54870672,5200,0
829,703420986232,703423359914,19987720,sA-eth3,up,703423185342,netem,57077004,38630,0,0,0,0,0,19194138,4817,0,54870672,5200,0
830,703440979660,703443201301,19993428,sA-eth3,up,703443017299,netem,57077004,38630,0,0,0,0,0,19194138,4817,0,54870672,5200,0
831,703460983599,703462867875,20003939,sA-eth3,up,703462679633,netem,57077004,38630,0,0,0,0,0,19194138,4817,0,54870672,5200,0
832,703480992958,703483290970,20009359,sA-eth3,up,703483058427,netem,57077004,38630,0,0,0,0,0,19194138,4817,0,54870672,5200,0
833,703500992857,703502966555,19999899,sA-eth3,up,703502788032,netem,57077004,38630,0,0,0,0,0,19194138,4817,0,54870672,5200,0
834,703520998305,703522963253,20005448,sA-eth3,up,703522776091,netem,57077004,38630,0,0,0,0,0,19194138,4817,0,54870672,5200,0
835,703540989575,703543517560,19991270,sA-eth3,up,703543331907,netem,57077004,38630,0,0,0,0,0,19194138,4817,0,54870672,5200,0
836,703560985423,703563228155,19995848,sA-eth3,up,703563047282,netem,57077004,38630,0,0,0,0,0,19194138,4817,0,54870672,5200,0
837,703580989272,703583071772,20003849,sA-eth3,up,703582874839,netem,57077004,38630,0,0,0,0,0,19194138,4817,0,54870672,5200,0
838,703600987142,703602888288,19997870,sA-eth3,up,703602701935,netem,57077004,38630,0,0,0,0,0,19194138,4817,0,54870672,5200,0
839,703620981710,703622801155,19994568,sA-eth3,up,703622614433,netem,57077004,38630,0,0,0,0,0,19194138,4817,0,54870672,5200,0
840,703640985319,703642814905,20003609,sA-eth3,up,703642627812,netem,57077004,38630,0,0,0,0,0,19194138,4817,0,54870672,5200,0
841,703660988178,703662843854,20002859,sA-eth3,up,703662661851,netem,57077004,38630,0,0,0,0,0,19194138,4817,0,54870672,5200,0
842,703680981997,703682782672,19993819,sA-eth3,up,703682605749,netem,57077004,38630,0,0,0,0,0,19194138,4817,0,54870672,5200,0
843,703700984435,703702765881,20002438,sA-eth3,up,703702585567,netem,57077004,38630,0,0,0,0,0,19194138,4817,0,54870672,5200,0
844,703720990985,703722835880,20006550,sA-eth3,up,703722629698,netem,57077004,38630,0,0,0,0,0,19194138,4817,0,54870672,5200,0
845,703740991863,703742852190,20000878,sA-eth3,up,703742663877,netem,57077004,38630,0,0,0,0,0,19194138,4817,0,54870672,5200,0
846,703760988952,703762870038,19997089,sA-eth3,up,703762678876,netem,57077004,38630,0,0,0,0,0,19194138,4817,0,54870672,5200,0
847,703780973081,703783046620,19984129,sA-eth3,up,703782844287,netem,57092234,38641,0,0,0,30280,2,19194204,4818,0,54885308,5202,0
848,703800986950,703802957298,20013869,sA-eth3,up,703802787936,netem,57332960,38800,0,0,0,56018,5,19195194,4833,0,55134038,5219,0
849,703820981680,703823039168,19994730,sA-eth3,up,703822837975,netem,57549462,38943,0,0,0,19682,2,19195194,4833,0,55324914,5237,0
850,703840980908,703843123938,19999228,sA-eth3,up,703842927555,netem,57735684,39066,0,0,0,37850,3,19195260,4834,0,55518554,5253,0
851,703860980126,703862932084,19999218,sA-eth3,up,703862751721,netem,57993064,39236,0,0,0,30280,2,19195260,4834,0,55751422,5271,0
852,703880986276,703883378829,20006150,sA-eth3,up,703883198567,netem,58250444,39406,0,0,0,30280,2,19196118,4847,0,55998836,5290,0
853,703900983465,703902841531,19997189,sA-eth3,up,703902655637,netem,58491170,39565,0,0,0,30280,2,19197108,4862,0,56230190,5307,0
854,703920993213,703922910231,20009748,sA-eth3,up,703922720408,netem,58742494,39731,0,0,0,30280,2,19198230,4879,0,56471812,5326,0
855,703940981153,703942812557,19987940,sA-eth3,up,703942625846,netem,58989276,39894,0,0,0,40878,3,19199286,4895,0,56719160,5344,0
856,703960979361,703963549477,19998208,sA-eth3,up,703963297163,netem,59237572,40058,0,0,0,32308,2,19200540,4914,0,56965060,5362,0
857,703980996260,703983325502,20016899,sA-eth3,up,703983113970,netem,59269880,40080,0,0,0,0,0,19200672,4916,0,56978606,5363,0
858,704000994399,704002924626,19998139,sA-eth3,up,704002726313,netem,59269880,40080,0,0,0,0,0,19200672,4916,0,56978606,5363,0
859,704020990628,704022846004,19996229,sA-eth3,up,704022656022,netem,59269880,40080,0,0,0,0,0,19200672,4916,0,56978606,5363,0
860,704040978337,704042796742,19987709,sA-eth3,up,704042606250,netem,59269880,40080,0,0,0,0,0,19200672,4916,0,56978606,5363,0
861,704061000266,704062994664,20021929,sA-eth3,up,704062801771,netem,59269880,40080,0,0,0,0,0,19200672,4916,0,56978606,5363,0
862,704080984745,704082957022,19984479,sA-eth3,up,704082695428,netem,59269880,40080,0,0,0,0,0,19200672,4916,0,56978606,5363,0
863,704100977093,704102818859,19992348,sA-eth3,up,704102636607,netem,59269880,40080,0,0,0,0,0,19200672,4916,0,56978606,5363,0
864,704120975682,704123079271,19998589,sA-eth3,up,704122857679,netem,59269880,40080,0,0,0,0,0,19200672,4916,0,56978606,5363,0
865,704140986302,704142934079,20010620,sA-eth3,up,704142742367,netem,59269880,40080,0,0,0,0,0,19200672,4916,0,56978606,5363,0
866,704160985492,704162928588,19999190,sA-eth3,up,704162729986,netem,59269880,40080,0,0,0,0,0,19200672,4916,0,56978606,5363,0
867,704180988401,704182880827,20002909,sA-eth3,up,704182690605,netem,59269880,40080,0,0,0,0,0,19200672,4916,0,56978606,5363,0
868,704200978782,704202755756,19990381,sA-eth3,up,704202586384,netem,59269880,40080,0,0,0,0,0,19200672,4916,0,56978606,5363,0
869,704220974891,704222834237,19996109,sA-eth3,up,704222647504,netem,59269880,40080,0,0,0,0,0,19200672,4916,0,56978606,5363,0
870,704240997061,704242889697,20022170,sA-eth3,up,704242690075,netem,59269880,40080,0,0,0,0,0,19200672,4916,0,56978606,5363,0
871,704260990611,704262993889,19993550,sA-eth3,up,704262818696,netem,59269880,40080,0,0,0,0,0,19200672,4916,0,56978606,5363,0
872,704280974781,704282855637,19984170,sA-eth3,up,704282669623,netem,59269880,40080,0,0,0,0,0,19200672,4916,0,56978606,5363,0
873,704301013160,704303349763,20038379,sA-eth3,up,704303171831,netem,59269880,40080,0,0,0,0,0,19200672,4916,0,56978606,5363,0
874,704320980550,704322992108,19967390,sA-eth3,up,704322820446,netem,59269880,40080,0,0,0,0,0,19200672,4916,0,56978606,5363,0
875,704340996421,704342937637,20015871,sA-eth3,up,704342747335,netem,59269880,40080,0,0,0,0,0,19200672,4916,0,56978606,5363,0
876,704360984200,704362845546,19987779,sA-eth3,up,704362662093,netem,59269880,40080,0,0,0,0,0,19200672,4916,0,56978606,5363,0
877,704380977479,704382820415,19993279,sA-eth3,up,704382636653,netem,59269880,40080,0,0,0,0,0,19200672,4916,0,56978606,5363,0
878,704400986339,704402857525,20008860,sA-eth3,up,704402659943,netem,59269880,40080,0,0,0,0,0,19200672,4916,0,56978606,5363,0
879,704420989149,704422967997,20002810,sA-eth3,up,704422779534,netem,59269880,40080,0,0,0,0,0,19200672,4916,0,56978606,5363,0
880,704440983779,704442872185,19994630,sA-eth3,up,704442684543,netem,59269880,40080,0,0,0,0,0,19200672,4916,0,56978606,5363,0
881,704460974649,704463318661,19990870,sA-eth3,up,704463144599,netem,59269880,40080,0,0,0,0,0,19200672,4916,0,56978606,5363,0
882,704480983309,704483178820,20008660,sA-eth3,up,704482982986,netem,59269880,40080,0,0,0,0,0,19200672,4916,0,56978606,5363,0
883,704500985478,704503148659,20002169,sA-eth3,up,704502882105,netem,59269880,40080,0,0,0,0,0,19200672,4916,0,56978606,5363,0
884,704520985458,704523066427,19999980,sA-eth3,up,704522861454,netem,59269880,40080,0,0,0,0,0,19200672,4916,0,56978606,5363,0
885,704540985549,704542855884,20000091,sA-eth3,up,704542666912,netem,59269880,40080,0,0,0,0,0,19200672,4916,0,56978606,5363,0
886,704560976538,704562855165,19990989,sA-eth3,up,704562669981,netem,59269880,40080,0,0,0,0,0,19200672,4916,0,56978606,5363,0
887,704580987478,704582864394,20010940,sA-eth3,up,704582672072,netem,59269880,40080,0,0,0,0,0,19200672,4916,0,56978606,5363,0
888,704600980547,704602861444,19993069,sA-eth3,up,704602675501,netem,59269880,40080,0,0,0,0,0,19200672,4916,0,56978606,5363,0
889,704620978538,704622858484,19997991,sA-eth3,up,704622670801,netem,59269880,40080,0,0,0,0,0,19200672,4916,0,56978606,5363,0
890,704640989107,704642898634,20010569,sA-eth3,up,704642713212,netem,59269880,40080,0,0,0,0,0,19200672,4916,0,56978606,5363,0
891,704660996197,704663295739,20007090,sA-eth3,up,704663117297,netem,59353240,40136,0,0,0,54504,3,19201002,4921,0,57058732,5370,0
892,704680976916,704683148107,19980719,sA-eth3,up,704682744162,netem,59587910,40291,0,0,0,68130,5,19202190,4939,0,57298774,5387,0
893,704700981437,704703363110,20004521,sA-eth3,up,704703181227,netem,59857402,40469,0,0,0,40878,3,19203378,4957,0,57543292,5406,0
894,704720983847,704722830222,20002410,sA-eth3,up,704722640149,netem,60095100,40626,0,0,0,59046,4,19204500,4974,0,57779056,5424,0
895,704740976536,704742806002,19992689,sA-eth3,up,704742605889,netem,60337340,40786,0,0,0,68130,5,19205622,4991,0,58019098,5441,0
896,704760971996,704762826152,19995460,sA-eth3,up,704762619919,netem,60591692,40954,0,0,0,56018,4,19206678,5007,0,58260720,5460,0
897,704780973956,704782746620,20001960,sA-eth3,up,704782568118,netem,60844530,41121,0,0,0,56018,4,19207734,5023,0,58499380,5478,0
898,704800977776,704802752470,20003820,sA-eth3,up,704802580198,netem,61086770,41281,0,0,0,68130,5,19208856,5040,0,58739488,5496,0
899,704820977595,704822747401,19999819,sA-eth3,up,704822577937,netem,61341122,41449,0,0,0,54504,4,19209978,5057,0,58981044,5514,0
900,704840974016,704842858802,19996421,sA-eth3,up,704842676879,netem,61462756,41530,0,0,0,0,0,19210506,5065,0,59086342,5523,0
901,704860974345,704862845731,20000329,sA-eth3,up,704862668149,netem,61462756,41530,0,0,0,0,0,19210506,5065,0,59086342,5523,0
902,704880972375,704882815941,19998030,sA-eth3,up,704882629239,netem,61462756,41530,0,0,0,0,0,19210506,5065,0,59086342,5523,0
903,704900978265,704904526664,20005890,sA-eth3,up,704904339592,netem,61462756,41530,0,0,0,0,0,19210506,5065,0,59086342,5523,0
904,704920976455,704922870431,19998190,sA-eth3,up,704922681749,netem,61462756,41530,0,0,0,0,0,19210506,5065,0,59086342,5523,0
905,704940969005,704943134555,19992550,sA-eth3,up,704942943662,netem,61462756,41530,0,0,0,0,0,19210506,5065,0,59086342,5523,0
906,704960980715,704962951662,20011710,sA-eth3,up,704962702228,netem,61462756,41530,0,0,0,0,0,19210506,5065,0,59086342,5523,0
907,704980996525,704983418899,20015810,sA-eth3,up,704983232596,netem,61462756,41530,0,0,0,0,0,19210506,5065,0,59086342,5523,0
908,705000985324,705002923102,19988799,sA-eth3,up,705002718768,netem,61462756,41530,0,0,0,0,0,19210506,5065,0,59086342,5523,0
909,705020981524,705023521290,19996200,sA-eth3,up,705023334217,netem,61462756,41530,0,0,0,0,0,19210506,5065,0,59086342,5523,0
910,705040974874,705042976601,19993350,sA-eth3,up,705042769389,netem,61462756,41530,0,0,0,0,0,19210506,5065,0,59086342,5523,0
911,705060989993,705063148814,20015119,sA-eth3,up,705062865970,netem,61462756,41530,0,0,0,0,0,19210506,5065,0,59086342,5523,0
912,705080991143,705083373427,20001150,sA-eth3,up,705083192714,netem,61462756,41530,0,0,0,0,0,19210506,5065,0,59086342,5523,0
913,705100981013,705102853989,19989870,sA-eth3,up,705102670587,netem,61462756,41530,0,0,0,0,0,19210506,5065,0,59086342,5523,0
914,705120974943,705122825289,19993930,sA-eth3,up,705122639196,netem,61462756,41530,0,0,0,0,0,19210506,5065,0,59086342,5523,0
915,705140981083,705142855119,20006140,sA-eth3,up,705142679527,netem,61462756,41530,0,0,0,0,0,19210506,5065,0,59086342,5523,0
916,705160979194,705162862151,19998111,sA-eth3,up,705162682977,netem,61462756,41530,0,0,0,0,0,19210506,5065,0,59086342,5523,0
917,705180961665,705182880481,19982471,sA-eth3,up,705182699629,netem,61462756,41530,0,0,0,0,0,19210506,5065,0,59086342,5523,0
918,705200972775,705203261528,20011110,sA-eth3,up,705203084535,netem,61493126,41551,0,0,0,30280,2,19210704,5068,0,59115524,5526,0
919,705220975096,705222864372,20002321,sA-eth3,up,705222679580,netem,61742936,41716,0,0,0,37850,3,19211496,5080,0,59362872,5544,0
920,705240976836,705242809873,20001740,sA-eth3,up,705242630610,netem,61835290,41777,0,0,0,0,0,19211496,5080,0,59444422,5551,0
921,705260983238,705262933915,20006402,sA-eth3,up,705262748022,netem,61835290,41777,0,0,0,30280,2,19211562,5081,0,59444422,5551,0
922,705280989409,705282961186,20006171,sA-eth3,up,705282735993,netem,62083586,41941,0,0,0,7570,1,19211562,5081,0,59690388,5570,0
923,705300976809,705302799295,19987400,sA-eth3,up,705302604993,netem,62091156,41946,0,0,0,0,0,19211562,5081,0,59690388,5570,0
924,705320982021,705322855706,20005212,sA-eth3,up,705322678754,netem,62272836,42066,0,0,0,37850,3,19211628,5082,0,59865006,5583,0
925,705340986441,705342838687,20004420,sA-eth3,up,705342654454,netem,62477226,42201,0,0,0,0,0,19211628,5082,0,60061476,5598,0
926,705360979852,705362883568,19993411,sA-eth3,up,705362707446,netem,62568066,42261,0,0,0,45420,3,19211694,5083,0,60163364,5606,0
927,705380971442,705382867738,19991590,sA-eth3,up,705382678736,netem,62820904,42428,0,0,0,56018,4,19212552,5096,0,60391822,5623,0
928,705400983082,705402807099,20011640,sA-eth3,up,705402631606,netem,63075256,42596,0,0,0,30280,2,19213542,5111,0,60636340,5642,0
929,705420986104,705422827909,20003022,sA-eth3,up,705422647227,netem,63329608,42764,0,0,0,27252,2,19214598,5127,0,60880858,5661,0
930,705440990435,705442839251,20004331,sA-eth3,up,705442658938,netem,63567306,42921,0,0,0,37850,3,19215720,5144,0,61123862,5679,0
931,705460975735,705462757440,19985300,sA-eth3,up,705462593848,netem,63655632,42980,0,0,0,0,0,19216182,5151,0,61194210,5685,0
932,705480982876,705482814722,20007141,sA-eth3,up,705482637139,netem,63655632,42980,0,0,0,0,0,19216182,5151,0,61194210,5685,0
933,705500984926,705502827243,20002050,sA-eth3,up,705502648040,netem,63655632,42980,0,0,0,0,0,19216182,5151,0,61194210,5685,0
934,705520985038,705522906664,20000112,sA-eth3,up,705522719262,netem,63655632,42980,0,0,0,0,0,19216182,5151,0,61194210,5685,0
935,705540969868,705542897535,19984830,sA-eth3,up,705542711973,netem,63655632,42980,0,0,0,0,0,19216182,5151,0,61194210,5685,0
936,705560972879,705563065358,20003011,sA-eth3,up,705562792565,netem,63655632,42980,0,0,0,0,0,19216182,5151,0,61194210,5685,0
937,705580980790,705582870696,20007911,sA-eth3,up,705582684353,netem,63655632,42980,0,0,0,0,0,19216182,5151,0,61194210,5685,0
938,705600978750,705602829856,19997960,sA-eth3,up,705602649064,netem,63655632,42980,0,0,0,0,0,19216182,5151,0,61194210,5685,0
939,705620985822,705622780407,20007072,sA-eth3,up,705622597284,netem,63655632,42980,0,0,0,0,0,19216182,5151,0,61194210,5685,0
940,705640977282,705642776347,19991460,sA-eth3,up,705642590314,netem,63655632,42980,0,0,0,0,0,19216182,5151,0,61194210,5685,0
941,705660978233,705662917510,20000951,sA-eth3,up,705662719027,netem,63655632,42980,0,0,0,0,0,19216182,5151,0,61194210,5685,0
942,705680974743,705683440597,19996510,sA-eth3,up,705683249565,netem,63655632,42980,0,0,0,0,0,19216182,5151,0,61194210,5685,0
943,705700975413,705702896061,20000670,sA-eth3,up,705702691738,netem,63655632,42980,0,0,0,0,0,19216182,5151,0,61194210,5685,0
944,705720975065,705723325008,19999652,sA-eth3,up,705723131715,netem,63655632,42980,0,0,0,0,0,19216182,5151,0,61194210,5685,0
945,705740981036,705743226647,20005971,sA-eth3,up,705743038375,netem,63655632,42980,0,0,0,0,0,19216182,5151,0,61194210,5685,0
946,705760977067,705762888383,19996031,sA-eth3,up,705762681760,netem,63655632,42980,0,0,0,0,0,19216182,5151,0,61194210,5685,0
947,705780974247,705782824723,19997180,sA-eth3,up,705782638461,netem,63655632,42980,0,0,0,0,0,19216182,5151,0,61194210,5685,0
948,705800974389,705802790813,20000142,sA-eth3,up,705802594521,netem,63655632,42980,0,0,0,0,0,19216182,5151,0,61194210,5685,0
949,705820977489,705823431463,20003100,sA-eth3,up,705823223310,netem,63655632,42980,0,0,0,0,0,19216182,5151,0,61194210,5685,0
950,705840980009,705842958367,20002520,sA-eth3,up,705842772014,netem,63655632,42980,0,0,0,0,0,19216182,5151,0,61194210,5685,0
951,705860973630,705862906658,19993621,sA-eth3,up,705862724624,netem,63655632,42980,0,0,0,0,0,19216182,5151,0,61194210,5685,0
952,705880980751,705882845297,20007121,sA-eth3,up,705882654634,netem,63655632,42980,0,0,0,0,0,19216182,5151,0,61194210,5685,0
953,705900973042,705903191583,19992291,sA-eth3,up,705903019861,netem,63670862,42991,0,0,0,15140,1,19216248,5152,0,61208846,5687,0
954,705920976353,705923281075,20003311,sA-eth3,up,705922959690,netem,63920672,43156,0,0,0,37850,3,19217238,5167,0,61448888,5704,0
955,705940984123,705943052842,20007770,sA-eth3,up,705942852860,netem,64162912,43316,0,0,0,30280,2,19217238,5167,0,61681756,5722,0
956,705960980903,705962983672,19996780,sA-eth3,up,705962793670,netem,64412722,43481,0,0,0,37850,3,19217304,5168,0,61929170,5741,0
957,705980979444,705982928912,19998541,sA-eth3,up,705982742670,netem,64654962,43641,0,0,0,30280,2,19217370,5169,0,62169278,5759,0
958,706000986306,706003022814,20006862,sA-eth3,up,706002805810,netem,64912342,43811,0,0,0,30280,2,19217766,5175,0,62402146,5777,0
959,706020986066,706023311669,19999760,sA-eth3,up,706023134736,netem,65169722,43981,0,0,0,30280,2,19218822,5191,0,62649494,5795,0
960,706040974367,706042947494,19988301,sA-eth3,up,706042761932,netem,65404392,44136,0,0,0,37850,3,19220010,5209,0,62889602,5813,0
961,706060972547,706062775243,19998180,sA-eth3,up,706062594471,netem,65661772,44306,0,0,0,30280,2,19221132,5226,0,63122404,5830,0
962,706080979579,706082836534,20007032,sA-eth3,up,706082650112,netem,65848508,44430,0,0,0,0,0,19221792,5236,0,63301880,5844,0
963,706100990539,706103318952,20010960,sA-eth3,up,706103139070,netem,65848508,44430,0,0,0,0,0,19221792,5236,0,63301880,5844,0
964,706120981610,706122812576,19991071,sA-eth3,up,706122627644,netem,65848508,44430,0,0,0,0,0,19221792,5236,0,63301880,5844,0
965,706140972701,706142772206,19991091,sA-eth3,up,706142594754,netem,65848508,44430,0,0,0,0,0,19221792,5236,0,63301880,5844,0
966,706160974573,706162784928,20001872,sA-eth3,up,706162607695,netem,65848508,44430,0,0,0,0,0,19221792,5236,0,63301880,5844,0
967,706180973784,706182815631,19999211,sA-eth3,up,706182634167,netem,65848508,44430,0,0,0,0,0,19221792,5236,0,63301880,5844,0
968,706200973456,706202780701,19999672,sA-eth3,up,706202600498,netem,65848508,44430,0,0,0,0,0,19221792,5236,0,63301880,5844,0
969,706220975128,706222755232,20001672,sA-eth3,up,706222587560,netem,65848508,44430,0,0,0,0,0,19221792,5236,0,63301880,5844,0
970,706240980649,706243072189,20005521,sA-eth3,up,706242758275,netem,65848508,44430,0,0,0,0,0,19221792,5236,0,63301880,5844,0
971,706260984851,706263409875,20004202,sA-eth3,up,706263164552,netem,65848508,44430,0,0,0,0,0,19221792,5236,0,63301880,5844,0
972,706280975142,706282850909,19990291,sA-eth3,up,706282649476,netem,65848508,44430,0,0,0,0,0,19221792,5236,0,63301880,5844,0
973,706300980005,706302850741,20004863,sA-eth3,up,706302639657,netem,65848508,44430,0,0,0,0,0,19221792,5236,0,63301880,5844,0
974,706320975646,706322842352,19995641,sA-eth3,up,706322660330,netem,65848508,44430,0,0,0,0,0,19221792,5236,0,63301880,5844,0
975,706341131410,706343056106,20155764,sA-eth3,up,706342849094,netem,65848508,44430,0,0,0,0,0,19221792,5236,0,63301880,5844,0
976,706360981809,706362912107,19850399,sA-eth3,up,706362727344,netem,65848508,44430,0,0,0,0,0,19221792,5236,0,63301880,5844,0
977,706380973051,706382809277,19991242,sA-eth3,up,706382592143,netem,65848508,44430,0,0,0,0,0,19221792,5236,0,63301880,5844,0
978,706400924392,706402745928,19951341,sA-eth3,up,706402548165,netem,65848508,44430,0,0,0,0,0,19221792,5236,0,63301880,5844,0
979,706420984084,706422865892,20059692,sA-eth3,up,706422657538,netem,65848508,44430,0,0,0,0,0,19221792,5236,0,63301880,5844,0
980,706440984837,706443037675,20000753,sA-eth3,up,706442822911,netem,65848508,44430,0,0,0,0,0,19221792,5236,0,63301880,5844,0
981,706460975868,706462811734,19991031,sA-eth3,up,706462625091,netem,65848508,44430,0,0,0,0,0,19221792,5236,0,63301880,5844,0
982,706480972840,706482807976,19996972,sA-eth3,up,706482626872,netem,65848508,44430,0,0,0,0,0,19221792,5236,0,63301880,5844,0
983,706500970801,706502845767,19997961,sA-eth3,up,706502670175,netem,65848508,44430,0,0,0,0,0,19221792,5236,0,63301880,5844,0
984,706520990003,706522958530,20019202,sA-eth3,up,706522753978,netem,65848508,44430,0,0,0,0,0,19221792,5236,0,63301880,5844,0
985,706540980324,706542802910,19990321,sA-eth3,up,706542624968,netem,65848508,44430,0,0,0,0,0,19221792,5236,0,63301880,5844,0
986,706560977486,706562789811,19997162,sA-eth3,up,706562606589,netem,65848508,44430,0,0,0,0,0,19221792,5236,0,63301880,5844,0
987,706580960917,706582793563,19983431,sA-eth3,up,706582608141,netem,65848508,44430,0,0,0,0,0,19221792,5236,0,63301880,5844,0
988,706600984440,706603286292,20023523,sA-eth3,up,706603111430,netem,65848508,44430,0,0,0,0,0,19221792,5236,0,63301880,5844,0
989,706620978061,706623089191,19993621,sA-eth3,up,706622897658,netem,65848508,44430,0,0,0,0,0,19221792,5236,0,63301880,5844,0
990,706640974663,706643711621,19996602,sA-eth3,up,706643407047,netem,65848508,44430,0,0,0,0,0,19221792,5236,0,63301880,5844,0
991,706660951644,706663050994,19976981,sA-eth3,up,706662859340,netem,65848508,44430,0,0,0,0,0,19221792,5236,0,63301880,5844,0
992,706680975386,706683452891,20023742,sA-eth3,up,706683208787,netem,65848508,44430,0,0,0,0,0,19221792,5236,0,63301880,5844,0
993,706700978777,706703062957,20003391,sA-eth3,up,706702869515,netem,65848508,44430,0,0,0,0,0,19221792,5236,0,63301880,5844,0
994,706720974029,706722928497,19995252,sA-eth3,up,706722726475,netem,65848508,44430,0,0,0,0,0,19221792,5236,0,63301880,5844,0
995,706740976422,706742874668,20002393,sA-eth3,up,706742696736,netem,65848508,44430,0,0,0,0,0,19221792,5236,0,63301880,5844,0
996,706760979433,706762924690,20003011,sA-eth3,up,706762736297,netem,65848508,44430,0,0,0,0,0,19221792,5236,0,63301880,5844,0
997,706780970145,706783151355,19990712,sA-eth3,up,706782970103,netem,65912186,44473,0,0,0,49962,4,19222056,5240,0,63382006,5851,0
998,706800971636,706802724441,20001491,sA-eth3,up,706802560368,netem,66166538,44641,0,0,0,30280,2,19223244,5258,0,63607568,5868,0
999,706820981798,706822746643,20010162,sA-eth3,up,706822584270,netem,66423918,44811,0,0,0,30280,2,19224432,5276,0,63854916,5886,0
1000,706840982829,706842759165,20001031,sA-eth3,up,706842596223,netem,66673728,44976,0,0,0,25738,2,19225620,5294,0,64095024,5904,0
1001,706860983741,706862776426,20000912,sA-eth3,up,706862608974,netem,66915968,45136,0,0,0,37850,3,19226676,5310,0,64327826,5921,0
1002,706880974323,706882699088,19990582,sA-eth3,up,706882538675,netem,67158208,45296,0,0,0,54504,4,19227864,5328,0,64578070,5939,0
1003,706900972414,706902744599,19998091,sA-eth3,up,706902586877,netem,67423158,45471,0,0,0,37850,3,19228986,5345,0,64815282,5957,0
1004,706920981176,706922732040,20008762,sA-eth3,up,706922568609,netem,67662370,45629,0,0,0,40878,3,19230042,5361,0,65059734,5975,0
1005,706940976278,706942757672,19995102,sA-eth3,up,706942597011,netem,67922778,45801,0,0,0,36336,2,19231230,5379,0,65295498,5993,0
1006,706960968819,706963415194,19992541,sA-eth3,up,706963251851,netem,68041384,45880,0,0,0,0,0,19231824,5388,0,65409418,6001,0
1007,706980970551,706982955139,20001732,sA-eth3,up,706982790646,netem,68041384,45880,0,0,0,0,0,19231824,5388,0,65409418,6001,0
1008,707000976822,707002911490,20006271,sA-eth3,up,707002733548,netem,68041384,45880,0,0,0,0,0,19231824,5388,0,65409418,6001,0
1009,707020977265,707022973003,20000443,sA-eth3,up,707022805490,netem,68041384,45880,0,0,0,0,0,19231824,5388,0,65409418,6001,0
1010,707040977997,707042878653,20000732,sA-eth3,up,707042695610,netem,68041384,45880,0,0,0,0,0,19231824,5388,0,65409418,6001,0
1011,707060975588,707062906014,19997591,sA-eth3,up,707062732583,netem,68041384,45880,0,0,0,0,0,19231824,5388,0,65409418,6001,0
1012,707080979029,707082917937,20003441,sA-eth3,up,707082739484,netem,68041384,45880,0,0,0,0,0,19231824,5388,0,65409418,6001,0
1013,707100975071,707102922789,19996042,sA-eth3,up,707102741397,netem,68041384,45880,0,0,0,0,0,19231824,5388,0,65409418,6001,0
1014,707120973783,707122931471,19998712,sA-eth3,up,707122763058,netem,68041384,45880,0,0,0,0,0,19231824,5388,0,65409418,6001,0
1015,707140973585,707143287688,19999802,sA-eth3,up,707143000804,netem,68041384,45880,0,0,0,0,0,19231824,5388,0,65409418,6001,0
1016,707160984058,707162891544,20010473,sA-eth3,up,707162673242,netem,68041384,45880,0,0,0,0,0,19231824,5388,0,65409418,6001,0
1017,707180991120,707182940388,20007062,sA-eth3,up,707182723455,netem,68041384,45880,0,0,0,0,0,19231824,5388,0,65409418,6001,0
1018,707200932522,707202803409,19941402,sA-eth3,up,707202617526,netem,68041384,45880,0,0,0,0,0,19231824,5388,0,65409418,6001,0
1019,707220976416,707222796571,20043894,sA-eth3,up,707222585448,netem,68041384,45880,0,0,0,0,0,19231824,5388,0,65409418,6001,0
1020,707240975448,707242758324,19999032,sA-eth3,up,707242592931,netem,68041384,45880,0,0,0,0,0,19231824,5388,0,65409418,6001,0
1021,707260989690,707262892278,20014242,sA-eth3,up,707262665834,netem,68041384,45880,0,0,0,0,0,19231824,5388,0,65409418,6001,0
1022,707280976493,707282922421,19986803,sA-eth3,up,707282725738,netem,68041384,45880,0,0,0,0,0,19231824,5388,0,65409418,6001,0
1023,707300974396,707302875323,19997903,sA-eth3,up,707302669719,netem,68041384,45880,0,0,0,0,0,19231824,5388,0,65409418,6001,0
1024,707320977458,707323213710,20003062,sA-eth3,up,707323013498,netem,68071754,45901,0,0,0,30280,2,19231956,5390,0,65438600,6004,0
1025,707340980770,707342795137,20003312,sA-eth3,up,707342605784,netem,68309452,46058,0,0,0,37850,3,19232748,5402,0,65667058,6021,0
1026,707360987614,707363186685,20006844,sA-eth3,up,707362992312,netem,68407862,46123,0,0,0,0,0,19232748,5402,0,65761640,6028,0
1027,707380976865,707383239188,19989251,sA-eth3,up,707383054915,netem,68419974,46131,0,0,0,24224,2,19232814,5403,0,65784940,6030,0
1028,707400977159,707402841346,20000294,sA-eth3,up,707402654112,netem,68613766,46259,0,0,0,12112,1,19232814,5403,0,65959756,6046,0
1029,707420981951,707422822337,20004792,sA-eth3,up,707422638354,netem,68662214,46291,0,0,0,0,0,19232814,5403,0,66006356,6050,0
1030,707440982944,707442956802,20000993,sA-eth3,up,707442776839,netem,68866604,46426,0,0,0,22710,2,19232880,5404,0,66202826,6065,0
1031,707460977796,707462815953,19994852,sA-eth3,up,707462631419,netem,69025574,46531,0,0,0,0,0,19232880,5404,0,66355658,6077,0
1032,707480971039,707482801535,19993243,sA-eth3,up,707482609142,netem,69176974,46631,0,0,0,30280,2,19232946,5405,0,66501184,6088,0
1033,707500975282,707502793318,20004243,sA-eth3,up,707502609694,netem,69419214,46791,0,0,0,30280,2,19233012,5406,0,66734052,6106,0
1034,707520978304,707522828010,20003022,sA-eth3,up,707522640128,netem,69669024,46956,0,0,0,37850,3,19233012,5406,0,66974160,6125,0
1035,707540985987,707542842533,20007683,sA-eth3,up,707542635761,netem,69926404,47126,0,0,0,15140,1,19233078,5407,0,67221574,6143,0
1036,707560975229,707562744154,19989242,sA-eth3,up,707562574052,netem,70168644,47286,0,0,0,30280,2,19233078,5407,0,67454442,6161,0
1037,707580971232,707582846438,19996003,sA-eth3,up,707582661576,netem,70234260,47330,0,0,0,0,0,19233144,5408,0,67517484,6166,0
1038,707600971604,707602891262,20000372,sA-eth3,up,707602699278,netem,70234260,47330,0,0,0,0,0,19233144,5408,0,67517484,6166,0
1039,707620974957,707622821293,20003353,sA-eth3,up,707622636381,netem,70234260,47330,0,0,0,0,0,19233210,5409,0,67517484,6166,0
1040,707640974710,707642750735,19999753,sA-eth3,up,707642584263,netem,70234260,47330,0,0,0,0,0,19233210,5409,0,67517484,6166,0
1041,707660978262,707663023801,20003552,sA-eth3,up,707662809688,netem,70234260,47330,0,0,0,0,0,19233210,5409,0,67517484,6166,0
1042,707680985715,707683252927,20007453,sA-eth3,up,707683073254,netem,70234260,47330,0,0,0,0,0,19233210,5409,0,67517484,6166,0
1043,707700981727,707702839385,19996012,sA-eth3,up,707702650501,netem,70234260,47330,0,0,0,0,0,19233210,5409,0,67517484,6166,0
1044,707720975541,707722761555,19993814,sA-eth3,up,707722590393,netem,70234260,47330,0,0,0,0,0,19233210,5409,0,67517484,6166,0
1045,707740979403,707742816679,20003862,sA-eth3,up,707742625416,netem,70234260,47330,0,0,0,0,0,19233210,5409,0,67517484,6166,0
1046,707760979356,707762857162,19999953,sA-eth3,up,707762644109,netem,70234260,47330,0,0,0,0,0,19233210,5409,0,67517484,6166,0
1047,707780980169,707782838885,20000813,sA-eth3,up,707782651672,netem,70234260,47330,0,0,0,0,0,19233210,5409,0,67517484,6166,0
1048,707800976331,707802749905,19996162,sA-eth3,up,707802581883,netem,70234260,47330,0,0,0,0,0,19233210,5409,0,67517484,6166,0
1049,707820978633,707823339076,20002302,sA-eth3,up,707823157624,netem,70234260,47330,0,0,0,0,0,19233210,5409,0,67517484,6166,0
1050,707840981006,707843148646,20002373,sA-eth3,up,707842874672,netem,70234260,47330,0,0,0,0,0,19233210,5409,0,67517484,6166,0
1051,707860993269,707862982556,20012263,sA-eth3,up,707862807384,netem,70234260,47330,0,0,0,0,0,19233210,5409,0,67517484,6166,0
1052,707880980121,707882803057,19986852,sA-eth3,up,707882624685,netem,70234260,47330,0,0,0,0,0,19233210,5409,0,67517484,6166,0
1053,707900978794,707902786799,19998673,sA-eth3,up,707902604306,netem,70234260,47330,0,0,0,0,0,19233210,5409,0,67517484,6166,0
1054,707920983576,707922959584,20004782,sA-eth3,up,707922781942,netem,70234260,47330,0,0,0,0,0,19233210,5409,0,67517484,6166,0
1055,707940983869,707943120669,20000293,sA-eth3,up,707942931537,netem,70234260,47330,0,0,0,0,0,19233210,5409,0,67517484,6166,0
1056,707960977061,707963153452,19993192,sA-eth3,up,707962972999,netem,70234260,47330,0,0,0,0,0,19233210,5409,0,67517484,6166,0
1057,707980979823,707982751939,20002762,sA-eth3,up,707982581517,netem,70234260,47330,0,0,0,0,0,19233210,5409,0,67517484,6166,0
1058,708000978426,708002929344,19998603,sA-eth3,up,708002643720,netem,70234260,47330,0,0,0,0,0,19233210,5409,0,67517484,6166,0
1059,708020984719,708022931456,20006293,sA-eth3,up,708022720964,netem,70234260,47330,0,0,0,0,0,19233210,5409,0,67517484,6166,0
1060,708040983371,708042835468,19998652,sA-eth3,up,708042663345,netem,70234260,47330,0,0,0,0,0,19233210,5409,0,67517484,6166,0
1061,708060974404,708062854521,19991033,sA-eth3,up,708062669998,netem,70234260,47330,0,0,0,0,0,19233210,5409,0,67517484,6166,0
1062,708080980056,708082764542,20005652,sA-eth3,up,708082601570,netem,70234260,47330,0,0,0,0,0,19233210,5409,0,67517484,6166,0
1063,708100987190,708102785485,20007134,sA-eth3,up,708102603202,netem,70234260,47330,0,0,0,0,0,19233210,5409,0,67517484,6166,0
1064,708120980973,708122855439,19993783,sA-eth3,up,708122678797,netem,70234260,47330,0,0,0,0,0,19233210,5409,0,67517484,6166,0
1065,708140976475,708142718829,19995502,sA-eth3,up,708142555377,netem,70234260,47330,0,0,0,0,0,19233210,5409,0,67517484,6166,0
1066,708160971299,708163365373,19994824,sA-eth3,up,708163202960,netem,70234260,47330,0,0,0,0,0,19233210,5409,0,67517484,6166,0
1067,708180970682,708183657440,19999383,sA-eth3,up,708183488058,netem,70264630,47351,0,0,0,33308,2,19233342,5411,0,67546666,6169,0
1068,708200975306,708203463050,20004624,sA-eth3,up,708203296918,netem,70514440,47516,0,0,0,37850,3,19234266,5425,0,67794014,6187,0
1069,708220975029,708223339692,19999723,sA-eth3,up,708223167820,netem,70756680,47676,0,0,0,37850,3,19234266,5425,0,68034122,6205,0
1070,708240977993,708243153923,20002964,sA-eth3,up,708242967801,netem,71014060,47846,0,0,0,30280,2,19234332,5426,0,68266990,6223,0
1071,708260977556,708262950864,19999563,sA-eth3,up,708262766241,netem,71248730,48001,0,0,0,37850,3,19234398,5427,0,68507098,6241,0
1072,708280986709,708283384463,20009153,sA-eth3,up,708283207961,netem,71506110,48171,0,0,0,36336,2,19235124,5438,0,68739966,6259,0
1073,708300972582,708302821899,19985873,sA-eth3,up,708302613396,netem,71748350,48331,0,0,0,45420,3,19236246,5455,0,68987380,6278,0
1074,708320978256,708322844473,20005674,sA-eth3,up,708322669910,netem,72001188,48498,0,0,0,46934,4,19237368,5472,0,69227422,6295,0
1075,708340981939,708343311643,20003683,sA-eth3,up,708343132331,netem,72255540,48666,0,0,0,37850,3,19238490,5489,0,69474836,6314,0
1076,708360976573,708363189114,19994634,sA-eth3,up,708362997822,netem,72427136,48780,0,0,0,0,0,19239216,5500,0,69625154,6325,0
1077,708380970266,708382809963,19993693,sA-eth3,up,708382630940,netem,72427136,48780,0,0,0,0,0,19239216,5500,0,69625154,6325,0
1078,708400976260,708402814906,20005994,sA-eth3,up,708402639804,netem,72427136,48780,0,0,0,0,0,19239216,5500,0,69625154,6325,0
1079,708420982513,708423041883,20006253,sA-eth3,up,708422849711,netem,72427136,48780,0,0,0,0,0,19239216,5500,0,69625154,6325,0
1080,708441019788,708443102377,20037275,sA-eth3,up,708442821133,netem,72427136,48780,0,0,0,0,0,19239216,5500,0,69625154,6325,0
1081,708460977561,708462957069,19957773,sA-eth3,up,708462729006,netem,72427136,48780,0,0,0,0,0,19239216,5500,0,69625154,6325,0
1082,708480979394,708482851230,20001833,sA-eth3,up,708482671598,netem,72427136,48780,0,0,0,0,0,19239216,5500,0,69625154,6325,0
1083,708500979958,708502808803,20000564,sA-eth3,up,708502634781,netem,72427136,48780,0,0,0,0,0,19239216,5500,0,69625154,6325,0
1084,708520975181,708522865008,19995223,sA-eth3,up,708522686395,netem,72427136,48780,0,0,0,0,0,19239216,5500,0,69625154,6325,0
1085,708540974914,708543034564,19999733,sA-eth3,up,708542845141,netem,72427136,48780,0,0,0,0,0,19239216,5500,0,69625154,6325,0
1086,708560972988,708562872205,19998074,sA-eth3,up,708562691382,netem,72427136,48780,0,0,0,0,0,19239216,5500,0,69625154,6325,0
1087,708580976481,708582911829,20003493,sA-eth3,up,708582742296,netem,72427136,48780,0,0,0,0,0,19239216,5500,0,69625154,6325,0
1088,708600978235,708602822431,20001754,sA-eth3,up,708602640389,netem,72427136,48780,0,0,0,0,0,19239216,5500,0,69625154,6325,0
1089,708620986729,708622886276,20008494,sA-eth3,up,708622693993,netem,72427136,48780,0,0,0,0,0,19239216,5500,0,69625154,6325,0
1090,708640971162,708642786518,19984433,sA-eth3,up,708642609825,netem,72427136,48780,0,0,0,0,0,19239216,5500,0,69625154,6325,0
1091,708660978836,708663245218,20007674,sA-eth3,up,708663074816,netem,72427136,48780,0,0,0,0,0,19239216,5500,0,69625154,6325,0
1092,708680977510,708682850466,19998674,sA-eth3,up,708682658853,netem,72427136,48780,0,0,0,0,0,19239216,5500,0,69625154,6325,0
1093,708700982623,708702886569,20005113,sA-eth3,up,708702710557,netem,72427136,48780,0,0,0,0,0,19239216,5500,0,69625154,6325,0
1094,708720976856,708722818023,19994233,sA-eth3,up,708722639500,netem,72427136,48780,0,0,0,0,0,19239216,5500,0,69625154,6325,0
1095,708740978030,708742759835,20001174,sA-eth3,up,708742594322,netem,72427136,48780,0,0,0,0,0,19239216,5500,0,69625154,6325,0
1096,708760976383,708762795179,19998353,sA-eth3,up,708762620116,netem,72427136,48780,0,0,0,0,0,19239216,5500,0,69625154,6325,0
1097,708780973457,708783253059,19997074,sA-eth3,up,708783088997,netem,72427136,48780,0,0,0,0,0,19239216,5500,0,69625154,6325,0
1098,708800980800,708802946418,20007343,sA-eth3,up,708802767025,netem,72427136,48780,0,0,0,0,0,19239216,5500,0,69625154,6325,0
1099,708820973503,708823176125,19992703,sA-eth3,up,708822988752,netem,72427136,48780,0,0,0,0,0,19239216,5500,0,69625154,6325,0
1100,708840977127,708842839374,20003624,sA-eth3,up,708842656500,netem,72427136,48780,0,0,0,0,0,19239216,5500,0,69625154,6325,0
1101,708860980230,708863129601,20003103,sA-eth3,up,708862937568,netem,72427136,48780,0,0,0,0,0,19239216,5500,0,69625154,6325,0
