poll_iteration,poll_start_ns,poll_end_ns,poll_interval_ns,interface,operstate,t_ns,kind,bytes,packets,drops,overlimits,requeues,backlog_bytes,qlen,rx_bytes,rx_packets,rx_dropped,tx_bytes,tx_packets,tx_dropped
0,34191491193042,34191494292626,0,sA-eth3,up,34191493261185,netem,364,6,0,0,0,0,0,590,7,0,544,8,0
0,34191491193042,34191496367939,0,sB-eth3,up,34191496159607,netem,454,7,0,0,0,0,0,456,6,0,544,8,0
1,34191511268674,34191513569159,20075632,sA-eth3,up,34191513371107,netem,364,6,0,0,0,0,0,590,7,0,544,8,0
1,34191511268674,34191515772354,20075632,sB-eth3,up,34191515609981,netem,454,7,0,0,0,0,0,456,6,0,544,8,0
2,34191531272455,34191533345627,20003781,sA-eth3,up,34191533176266,netem,364,6,0,0,0,0,0,590,7,0,544,8,0
2,34191531272455,34191535388650,20003781,sB-eth3,up,34191535230989,netem,454,7,0,0,0,0,0,456,6,0,544,8,0
3,34191551268435,34191553355069,19995980,sA-eth3,up,34191553176987,netem,578,9,0,0,0,0,0,804,10,0,758,11,0
3,34191551268435,34191555088618,19995980,sB-eth3,up,34191554911226,netem,754,11,0,0,0,0,0,670,9,0,844,12,0
4,34191571269407,34191573120536,20000972,sA-eth3,up,34191572929754,netem,578,9,0,0,0,0,0,804,10,0,758,11,0
4,34191571269407,34191574813266,20000972,sB-eth3,up,34191574634574,netem,754,11,0,0,0,0,0,670,9,0,844,12,0
5,34191591268477,34191593132198,19999070,sA-eth3,up,34191592944246,netem,578,9,0,0,0,0,0,804,10,0,758,11,0
5,34191591268477,34191595104610,19999070,sB-eth3,up,34191594652005,netem,754,11,0,0,0,0,0,670,9,0,844,12,0
6,34191611339109,34191613471852,20070632,sA-eth3,up,34191613275661,netem,664,10,0,0,0,0,0,14058,13,0,844,12,0
6,34191611339109,34191615529746,20070632,sB-eth3,up,34191615334854,netem,14666,23,0,0,0,3028,1,1064,14,0,14294,17,0
7,34191631235789,34191633564335,19896680,sA-eth3,up,34191633370103,netem,1720,26,0,0,0,0,0,371454,31,0,1900,28,0
7,34191631235789,34191635473996,19896680,sB-eth3,up,34191635300934,netem,237224,170,0,0,0,149886,4,1922,27,0,228008,30,0
8,34191651272291,34191653137531,20036502,sA-eth3,up,34191652948769,netem,2116,32,0,0,0,66,1,596508,40,0,2296,34,0
8,34191651272291,34191654950521,20036502,sB-eth3,up,34191654785290,netem,462810,319,0,0,0,71248,7,2318,33,0,444156,36,0
9,34191671274001,34191673153002,20001710,sA-eth3,up,34191672967830,netem,2710,41,0,0,0,66,1,766452,48,0,2890,43,0
9,34191671274001,34191675306966,20001710,sB-eth3,up,34191675143194,netem,733906,499,0,0,0,43906,3,3770,55,0,704890,59,0
10,34191691274812,34191693187893,20000811,sA-eth3,up,34191692998031,netem,3964,60,0,0,0,0,0,961540,64,0,4144,62,0
10,34191691274812,34191694880942,20000811,sB-eth3,up,34191694723210,netem,985316,666,0,0,0,36336,2,4958,73,0,946532,78,0
11,34191711272643,34191713249456,19997831,sA-eth3,up,34191713081053,netem,5152,78,0,0,0,0,0,1185720,83,0,5332,80,0
11,34191711272643,34191715457539,19997831,sB-eth3,up,34191715277507,netem,1242696,836,0,0,0,30280,2,6146,91,0,1193880,96,0
12,34191731269194,34191733424458,19996551,sA-eth3,up,34191733221065,netem,6360,96,0,0,0,66,1,1447614,101,0,6606,99,0
12,34191731269194,34191735354419,19996551,sB-eth3,up,34191735198268,netem,1492506,1001,0,0,0,37850,3,7334,109,0,1433988,114,0
13,34191751271996,34191753182686,20002802,sA-eth3,up,34191753014445,netem,7704,116,0,0,0,0,0,1687722,119,0,7884,118,0
13,34191751271996,34191754878985,20002802,sB-eth3,up,34191754717083,netem,1734746,1161,0,0,0,45420,3,8522,127,0,1666856,132,0
14,34191771272466,34191773145747,20000470,sA-eth3,up,34191772957305,netem,8826,133,0,0,0,66,1,1920590,137,0,9006,135,0
14,34191771272466,34191774853416,20000470,sB-eth3,up,34191774668554,netem,1984556,1326,0,0,0,37850,3,9710,146,0,1914270,151,0
15,34191791274808,34191793333050,20002342,sA-eth3,up,34191793080987,netem,10146,153,0,0,0,0,0,2107372,152,0,10326,155,0
15,34191791274808,34191795175030,20002342,sB-eth3,up,34191794982378,netem,2194002,1465,0,0,0,0,0,24020,164,0,2108292,166,0
16,34191811274898,34191813564183,20000090,sA-eth3,up,34191813372041,netem,173858,263,0,0,0,146858,4,2108296,166,0,167768,170,0
16,34191811274898,34191815765138,20000090,sB-eth3,up,34191815600196,netem,2195058,1481,0,0,0,0,0,381416,182,0,2109348,182,0
17,34191831267479,34191833235501,19992581,sA-eth3,up,34191833061219,netem,434266,435,0,0,0,86298,4,2108758,173,0,417286,177,0
17,34191831267479,34191835071390,19992581,sB-eth3,up,34191834885069,netem,2195454,1487,0,0,0,66,1,606384,190,0,2109744,188,0
18,34191851273700,34191853454663,20006221,sA-eth3,up,34191853199601,netem,696188,608,0,0,0,34822,3,2109946,191,0,668978,195,0
18,34191851273700,34191855484547,20006221,sB-eth3,up,34191855295915,netem,2196048,1496,0,0,0,66,1,776328,198,0,2110338,197,0
19,34191871274001,34191873202002,20000301,sA-eth3,up,34191872994160,netem,926316,760,0,0,0,65102,4,2111134,209,0,907638,213,0
19,34191871274001,34191875285505,20000301,sB-eth3,up,34191875125684,netem,2197236,1514,0,0,0,66,1,968520,214,0,2111526,215,0
20,34191891268392,34191893164072,19994391,sA-eth3,up,34191892976601,netem,1183696,930,0,0,0,51476,3,2112322,227,0,1152156,232,0
20,34191891268392,34191895370267,19994391,sB-eth3,up,34191895209885,netem,2198424,1532,0,0,0,66,1,1210076,232,0,2112780,234,0
21,34191911274923,34191913181074,20006531,sA-eth3,up,34191912997612,netem,1433506,1095,0,0,0,52990,4,2113444,245,0,1392198,249,0
21,34191911274923,34191914822692,20006531,sB-eth3,up,34191914667861,netem,2199612,1550,0,0,0,66,1,1460386,251,0,2113902,251,0
22,34191931269214,34191933126904,19994291,sA-eth3,up,34191932911672,netem,1690996,1266,0,0,0,37850,3,2114698,263,0,1625176,268,0
22,34191931269214,34191935140467,19994291,sB-eth3,up,34191934965484,netem,2200866,1569,0,0,0,0,0,1700494,269,0,2115156,270,0
23,34191951277575,34191953168966,20008361,sA-eth3,up,34191952984164,netem,1933236,1426,0,0,0,45420,3,2115886,282,0,1872590,287,0
23,34191951277575,34191954843304,20008361,sB-eth3,up,34191954659423,netem,2201988,1586,0,0,0,66,1,1930466,287,0,2116344,288,0
24,34191971269236,34191973134426,19991661,sA-eth3,up,34191972926644,netem,2183046,1591,0,0,0,20196,2,2117074,299,0,2112698,305,0
24,34191971269236,34191974828346,19991661,sB-eth3,up,34191974648833,netem,2203242,1605,0,0,0,66,1,2117248,302,0,2117598,307,0
25,34191991280197,34191993496061,20010961,sA-eth3,up,34191993296879,netem,2204100,1618,0,0,0,66,1,2323902,317,0,2118414,319,0
25,34191991280197,34191995418512,20010961,sB-eth3,up,34191995227291,netem,2422928,1752,0,0,0,60560,4,2118370,319,0,2346080,324,0
26,34192011275118,34192013164689,19994921,sA-eth3,up,34192012968936,netem,2205156,1634,0,0,0,132,2,2568354,335,0,2119536,336,0
26,34192011275118,34192015465104,19994921,sB-eth3,up,34192015284122,netem,2687878,1927,0,0,0,43906,3,2119558,338,0,2590598,343,0
27,34192031278839,34192033249491,20003721,sA-eth3,up,34192033071029,netem,2206410,1653,0,0,0,66,1,2815768,354,0,2120724,354,0
27,34192031278839,34192035220762,20003721,sB-eth3,up,34192035041491,netem,2930118,2087,0,0,0,56018,4,2120746,355,0,2816160,360,0
28,34192051267310,34192053212531,19988471,sA-eth3,up,34192053039249,netem,2207664,1672,0,0,0,0,0,3048636,372,0,2121978,373,0
28,34192051267310,34192054876199,19988471,sB-eth3,up,34192054719188,netem,3172358,2247,0,0,0,45506,4,2122000,374,0,3063660,380,0
29,34192071271581,34192073660347,20004271,sA-eth3,up,34192073490425,netem,2208852,1690,0,0,0,66,1,3288744,390,0,2123232,392,0
29,34192071271581,34192075403576,20004271,sB-eth3,up,34192075246165,netem,3437394,2423,0,0,0,37850,3,2123188,393,0,3311074,399,0
30,34192091275261,34192093082141,20003680,sA-eth3,up,34192092899490,netem,2210040,1708,0,0,0,66,1,3536158,409,0,2124354,409,0
30,34192091275261,34192094713790,20003680,sB-eth3,up,34192094559508,netem,3679634,2583,0,0,0,37850,3,2124376,410,0,3536636,416,0
31,34192111268293,34192113182714,19993032,sA-eth3,up,34192113017701,netem,2211228,1726,0,0,0,66,1,3769026,427,0,2125608,428,0
31,34192111268293,34192114994363,19993032,sB-eth3,up,34192114833162,netem,3921874,2743,0,0,0,45420,3,2125720,430,0,3784050,435,0
32,34192131267954,34192133082174,19999661,sA-eth3,up,34192132894301,netem,2212502,1745,0,0,0,132,2,4006238,445,0,2126882,447,0
32,34192131267954,34192134709942,19999661,sB-eth3,up,34192134555610,netem,4171684,2908,0,0,0,52990,4,2126842,447,0,4024158,453,0
33,34192151265794,34192153044134,19997840,sA-eth3,up,34192152854922,netem,2213756,1764,0,0,0,66,1,4225008,462,0,2128070,465,0
33,34192151265794,34192154802703,19997840,sB-eth3,up,34192154642492,netem,4396270,3057,0,0,0,0,0,2127964,464,0,4225486,469,0
34,34192171276056,34192173516421,20010262,sA-eth3,up,34192173323518,netem,2383612,1880,0,0,0,39364,3,4225866,475,0,2302910,481,0
34,34192171276056,34192175186338,20010262,sB-eth3,up,34192175024787,netem,4397194,3071,0,0,0,66,1,2382708,484,0,4226476,484,0
35,34192191271206,34192193117347,19995150,sA-eth3,up,34192192926265,netem,2637964,2048,0,0,0,48448,3,4227054,493,0,2535778,499,0
35,34192191271206,34192194774895,19995150,sB-eth3,up,34192194616834,netem,4398406,3089,0,0,0,66,1,2615510,501,0,4227688,502,0
36,34192211270718,34192213610453,19999512,sA-eth3,up,34192213421561,netem,2887774,2213,0,0,0,52990,4,4228242,511,0,2775886,517,0
36,34192211270718,34192215796658,19999512,sB-eth3,up,34192215635496,netem,4399594,3107,0,0,0,66,1,2877470,521,0,4228810,519,0
37,34192231268408,34192233116058,19997690,sA-eth3,up,34192232930907,netem,3130014,2373,0,0,0,51476,3,4229430,529,0,3008754,535,0
37,34192231268408,34192234970310,19997690,sB-eth3,up,34192234805778,netem,4400782,3125,0,0,0,66,1,3111720,538,0,4230064,538,0
38,34192251271890,34192253171640,20003482,sA-eth3,up,34192252990178,netem,3387504,2544,0,0,0,51476,3,4230618,547,0,3256278,555,0
38,34192251271890,34192254833399,20003482,sB-eth3,up,34192254677897,netem,4401904,3142,0,0,0,66,1,3353342,557,0,4231120,554,0
39,34192271282560,34192273139981,20010670,sA-eth3,up,34192272957200,netem,3637314,2709,0,0,0,37850,3,4231740,564,0,3496386,573,0
39,34192271282560,34192274833340,20010670,sB-eth3,up,34192274675988,netem,4403158,3161,0,0,0,66,1,3576008,574,0,4232374,573,0
40,34192291278171,34192293135712,19995611,sA-eth3,up,34192292947920,netem,3879554,2869,0,0,0,45420,3,4232862,581,0,3743734,591,0
40,34192291278171,34192294812170,19995611,sB-eth3,up,34192294652219,netem,4404280,3178,0,0,0,66,1,3823356,592,0,4233496,591,0
41,34192311276412,34192313595668,19998241,sA-eth3,up,34192313424586,netem,4137020,3040,0,0,0,45420,3,4234116,600,0,3976688,610,0
41,34192311276412,34192315856243,19998241,sB-eth3,up,34192315686251,netem,4405534,3197,0,0,0,66,1,4070770,611,0,4234816,610,0
42,34192331274353,34192333232395,19997941,sA-eth3,up,34192333058873,netem,4386830,3205,0,0,0,20196,2,4235238,617,0,4216796,628,0
42,34192331274353,34192335177087,19997941,sB-eth3,up,34192335000554,netem,4406590,3213,0,0,0,0,0,4235634,623,0,4235806,625,0
43,34192351270364,34192353271047,19996011,sA-eth3,up,34192353093754,netem,4407686,3229,0,0,0,66,1,4444896,634,0,4236926,641,0
43,34192351270364,34192355301969,19996011,sB-eth3,up,34192355137837,netem,4609556,3348,0,0,0,34822,2,4236624,638,0,4430852,640,0
44,34192371274375,34192373122305,20004011,sA-eth3,up,34192372932474,netem,4408874,3247,0,0,0,0,0,4683556,652,0,4238048,658,0
44,34192371274375,34192374768904,20004011,sB-eth3,up,34192374613602,netem,4845826,3505,0,0,0,45420,3,4237680,654,0,4657948,658,0
45,34192391268626,34192393345779,19994251,sA-eth3,up,34192393183367,netem,4410062,3265,0,0,0,66,1,4939658,671,0,4239236,676,0
45,34192391268626,34192395153999,19994251,sB-eth3,up,34192394959687,netem,5103206,3675,0,0,0,45420,3,4238868,672,0,4905296,676,0
46,34192411268537,34192413050767,19999911,sA-eth3,up,34192412859994,netem,4411250,3283,0,0,0,66,1,5166734,689,0,4240424,694,0
46,34192411268537,34192414666214,19999911,sB-eth3,up,34192414508183,netem,5353016,3840,0,0,0,37850,3,4240056,690,0,5145404,694,0
47,34192431269217,34192433041597,20000680,sA-eth3,up,34192432851976,netem,4412438,3301,0,0,0,66,1,5406842,707,0,4241612,712,0
47,34192431269217,34192434658466,20000680,sB-eth3,up,34192434501293,netem,5595256,4000,0,0,0,45420,3,4241244,708,0,5378272,712,0
48,34192451273089,34192453118859,20003872,sA-eth3,up,34192452927167,netem,4413692,3320,0,0,0,66,1,5654256,726,0,4242866,731,0
48,34192451273089,34192454724516,20003872,sB-eth3,up,34192454570486,netem,5852636,4170,0,0,0,30280,2,4242658,729,0,5625686,731,0
49,34192471278810,34192473082860,20005721,sA-eth3,up,34192472895328,netem,4414880,3338,0,0,0,66,1,5901670,745,0,4244120,750,0
49,34192471278810,34192474665857,20005721,sB-eth3,up,34192474511066,netem,6093362,4329,0,0,0,46934,4,4243846,747,0,5868690,749,0
50,34192491270511,34192493020871,19991701,sA-eth3,up,34192492836768,netem,4416068,3356,0,0,0,132,2,6141778,763,0,4245242,767,0
50,34192491270511,34192494607888,19991701,sB-eth3,up,34192494453056,netem,6347714,4497,0,0,0,39364,3,4245034,765,0,6101558,767,0
51,34192511273872,34192513048401,20003361,sA-eth3,up,34192512866549,netem,4417322,3375,0,0,0,66,1,6343106,779,0,4246496,786,0
51,34192511273872,34192514857771,20003361,sB-eth3,up,34192514588428,netem,6599552,4664,0,0,0,0,0,4246288,784,0,6343628,786,0
52,34192531285023,34192533169714,20011151,sA-eth3,up,34192532955781,netem,4581122,3487,0,0,0,39364,3,6343898,791,0,4415478,801,0
52,34192531285023,34192534825842,20011151,sB-eth3,up,34192534655910,netem,6600344,4676,0,0,0,66,1,4486354,801,0,6344420,798,0
53,34192551277034,34192553170664,19992011,sA-eth3,up,34192552966803,netem,4824876,3648,0,0,0,59046,4,6345020,808,0,4654138,819,0
53,34192551277034,34192554791413,19992011,sB-eth3,up,34192554631291,netem,6601532,4694,0,0,0,66,1,4719222,819,0,6345608,816,0
54,34192571279284,34192573587261,20002250,sA-eth3,up,34192573395068,netem,5091340,3824,0,0,0,40878,3,6346208,826,0,4894246,837,0
54,34192571279284,34192575352270,20002250,sB-eth3,up,34192575179398,netem,6602946,4715,0,0,0,66,1,4973876,838,0,6347088,838,0
55,34192591267546,34192593323459,19988262,sA-eth3,up,34192593154756,netem,5333580,3984,0,0,0,48448,3,6347396,844,0,5127114,855,0
55,34192591267546,34192595081148,19988262,sB-eth3,up,34192594898286,netem,6604134,4733,0,0,0,66,1,5224186,857,0,6348210,855,0
56,34192611275206,34192613152068,20007660,sA-eth3,up,34192612964996,netem,5583390,4149,0,0,0,37850,3,6348650,863,0,5374528,874,0
56,34192611275206,34192614840916,20007660,sB-eth3,up,34192614686135,netem,6605322,4751,0,0,0,66,1,5457054,875,0,6349464,874,0
57,34192631278988,34192633202379,20003782,sA-eth3,up,34192633000816,netem,5825790,4311,0,0,0,52990,4,6349838,881,0,5614796,894,0
57,34192631278988,34192635001408,20003782,sB-eth3,up,34192634831837,netem,6606510,4769,0,0,0,132,2,5694266,893,0,6350652,892,0
58,34192651273168,34192653127339,19994180,sA-eth3,up,34192652934627,netem,6083170,4481,0,0,0,45420,3,6351026,899,0,5847664,912,0
58,34192651273168,34192654916238,19994180,sB-eth3,up,34192654750767,netem,6607764,4788,0,0,0,66,1,5927134,911,0,6351840,910,0
59,34192671285299,34192673629706,20012131,sA-eth3,up,34192673443184,netem,6340550,4651,0,0,0,45420,3,6352280,918,0,6095078,931,0
59,34192671285299,34192675846251,20012131,sB-eth3,up,34192675684378,netem,6609018,4807,0,0,0,66,1,6189094,931,0,6353094,930,0
60,34192691268421,34192693156351,19983122,sA-eth3,up,34192692975220,netem,6575220,4806,0,0,0,35336,3,6353562,937,0,6335186,949,0
60,34192691268421,34192695190493,19983122,sB-eth3,up,34192695029902,netem,6610206,4825,0,0,0,66,1,6354024,944,0,6354348,948,0
61,34192711274891,34192713353805,20006470,sA-eth3,up,34192713170052,netem,6611150,4839,0,0,0,0,0,6528336,952,0,6355184,960,0
61,34192711274891,34192715235045,20006470,sB-eth3,up,34192715072453,netem,6748136,4918,0,0,0,49962,4,6354618,954,0,6499832,958,0
62,34192731273823,34192733164673,19998932,sA-eth3,up,34192732981281,netem,6612272,4856,0,0,0,66,1,6759690,969,0,6356372,978,0
62,34192731273823,34192734840842,19998932,sB-eth3,up,34192734682560,netem,6999460,5084,0,0,0,52990,3,6355806,971,0,6728356,976,0
63,34192751274773,34192753123364,20000950,sA-eth3,up,34192752933782,netem,6613394,4873,0,0,0,132,2,7001312,988,0,6357494,995,0
63,34192751274773,34192754772972,20000950,sB-eth3,up,34192754611550,netem,7238672,5242,0,0,0,45580,5,6356994,989,0,6972808,994,0
64,34192771273275,34192773099074,19998502,sA-eth3,up,34192772908902,netem,6614742,4893,0,0,0,66,1,7234180,1007,0,6358776,1014,0
64,34192771273275,34192774852554,19998502,sB-eth3,up,34192774692462,netem,7488642,5409,0,0,0,52990,4,6358182,1007,0,7213076,1014,0
65,34192791285595,34192793147165,20012320,sA-eth3,up,34192792958154,netem,6615930,4911,0,0,0,66,1,7474288,1024,0,6360030,1033,0
65,34192791285595,34192794776484,20012320,sB-eth3,up,34192794622082,netem,7746022,5579,0,0,0,52990,4,6359370,1025,0,7445944,1032,0
66,34192811271536,34192813086697,19985941,sA-eth3,up,34192812901264,netem,6617118,4929,0,0,0,66,1,7721636,1042,0,6361152,1050,0
66,34192811271536,34192814706314,19985941,sB-eth3,up,34192814552972,netem,7988262,5739,0,0,0,60560,4,6360558,1043,0,7693358,1051,0
67,34192831279067,34192833125308,20007531,sA-eth3,up,34192832919635,netem,6618306,4947,0,0,0,66,1,7969050,1061,0,6362406,1069,0
67,34192831279067,34192834761516,20007531,sB-eth3,up,34192834602114,netem,8238072,5904,0,0,0,68130,5,6361680,1060,0,7933466,1069,0
68,34192851283208,34192853171490,20004141,sA-eth3,up,34192852960817,netem,6619494,4965,0,0,0,66,1,8201918,1079,0,6363594,1087,0
68,34192851283208,34192854844207,20004141,sB-eth3,up,34192854675116,netem,8495452,6074,0,0,0,52990,4,6362802,1077,0,8166334,1087,0
69,34192871294519,34192873189270,20011311,sA-eth3,up,34192872993808,netem,6620550,4981,0,0,0,66,1,8461364,1098,0,6364650,1103,0
69,34192871294519,34192874838459,20011311,sB-eth3,up,34192874677876,netem,8752832,6244,0,0,0,45420,3,6364056,1096,0,8413748,1106,0
70,34192891272210,34192893767178,19977691,sA-eth3,up,34192893587845,netem,6740576,5066,0,0,0,49962,3,8461958,1107,0,6479924,1116,0
70,34192891272210,34192896023283,19977691,sB-eth3,up,34192895837550,netem,8803968,6288,0,0,0,66,1,6550612,1114,0,8462904,1120,0
71,34192911267451,34192913372374,19995241,sA-eth3,up,34192913205072,netem,6976760,5222,0,0,0,45420,3,8463080,1125,0,6721480,1134,0
71,34192911267451,34192915581219,19995241,sB-eth3,up,34192915421717,netem,8805090,6305,0,0,0,66,1,6789272,1132,0,8464092,1138,0
72,34192931274472,34192933704019,20007021,sA-eth3,up,34192933539597,netem,7226570,5387,0,0,0,52990,4,8464334,1143,0,6961588,1152,0
72,34192931274472,34192935525569,20007021,sB-eth3,up,34192935358767,netem,8806278,6323,0,0,0,66,1,7026484,1150,0,8465214,1155,0
73,34192951279033,34192953188124,20004561,sA-eth3,up,34192952980162,netem,7483950,5557,0,0,0,37850,3,8465522,1161,0,7194456,1170,0
73,34192951279033,34192955126246,20004561,sB-eth3,up,34192954951003,netem,8807400,6340,0,0,0,0,0,7259352,1168,0,8466336,1172,0
74,34192971268964,34192973109474,19989931,sA-eth3,up,34192972924552,netem,7726190,5717,0,0,0,45420,3,8466710,1179,0,7427324,1188,0
74,34192971268964,34192974832453,19989931,sB-eth3,up,34192974671511,netem,8808588,6358,0,0,0,66,1,7506766,1187,0,8467524,1190,0
75,34192991274855,34192993095864,20005891,sA-eth3,up,34192992896723,netem,7976000,5882,0,0,0,52990,4,8467898,1197,0,7667432,1206,0
75,34192991274855,34192994854464,20005891,sB-eth3,up,34192994691833,netem,8809776,6376,0,0,0,66,1,7732328,1204,0,8468778,1209,0
76,34193011266616,34193013557631,19991761,sA-eth3,up,34193013377029,netem,8233380,6052,0,0,0,37850,3,8469152,1216,0,7914846,1225,0
76,34193011266616,34193015891887,19991761,sB-eth3,up,34193015731855,netem,8811030,6395,0,0,0,132,2,7994288,1224,0,8470032,1228,0
77,34193031276617,34193033128127,20010001,sA-eth3,up,34193032939015,netem,8475620,6212,0,0,0,45420,3,8470274,1233,0,8147714,1243,0
77,34193031276617,34193034802796,20010001,sB-eth3,up,34193034636654,netem,8812218,6413,0,0,0,66,1,8227156,1242,0,8471154,1245,0
78,34193051274317,34193053161119,19997700,sA-eth3,up,34193052967206,netem,8734604,6384,0,0,0,28766,2,8471462,1251,0,8396600,1262,0
78,34193051274317,34193054824147,19997700,sB-eth3,up,34193054662235,netem,8813406,6431,0,0,0,66,1,8467264,1260,0,8472408,1264,0
79,34193071280329,34193073302341,20006012,sA-eth3,up,34193073118199,netem,8814332,6444,0,0,0,66,1,8618856,1268,0,8473292,1276,0
79,34193071280329,34193075463555,20006012,sB-eth3,up,34193075291043,netem,8965292,6538,0,0,0,42552,5,8472848,1272,0,8618288,1280,0
80,34193091280000,34193093082590,19999671,sA-eth3,up,34193092890958,netem,8815388,6460,0,0,0,66,1,8863242,1285,0,8474282,1291,0
80,34193091280000,34193094713398,19999671,sB-eth3,up,34193094555636,netem,9200122,6695,0,0,0,56018,4,8474036,1290,0,8858556,1300,0
81,34193111266881,34193113041841,19986881,sA-eth3,up,34193112852928,netem,8816510,6477,0,0,0,66,1,9106312,1304,0,8475404,1308,0
81,34193111266881,34193114670258,19986881,sB-eth3,up,34193114504917,netem,9457502,6865,0,0,0,45420,3,8475158,1307,0,9091424,1318,0
82,34193131272381,34193133141243,20005500,sA-eth3,up,34193132913190,netem,8817698,6495,0,0,0,66,1,9353726,1323,0,8476658,1327,0
82,34193131272381,34193134791890,20005500,sB-eth3,up,34193134629569,netem,9707312,7030,0,0,0,52990,4,8476346,1325,0,9338772,1336,0
83,34193151272103,34193153105823,19999722,sA-eth3,up,34193152895740,netem,8819046,6515,0,0,0,132,2,9593834,1341,0,8478006,1347,0
83,34193151272103,34193154772391,19999722,sB-eth3,up,34193154584860,netem,9949552,7190,0,0,0,53080,5,8477624,1344,0,9578880,1354,0
84,34193171271454,34193173032853,19999351,sA-eth3,up,34193172834560,netem,8820234,6533,0,0,0,66,1,9826702,1359,0,8479194,1365,0
84,34193171271454,34193174704422,19999351,sB-eth3,up,34193174527050,netem,10207022,7361,0,0,0,45420,3,8478812,1362,0,9811838,1373,0
85,34193191272644,34193193136535,20001190,sA-eth3,up,34193192925232,netem,8821488,6552,0,0,0,66,1,10074116,1378,0,8480448,1384,0
85,34193191272644,34193194795683,20001190,sB-eth3,up,34193194637022,netem,10453804,7524,0,0,0,40878,3,8480000,1380,0,10059252,1392,0
86,34193211276155,34193213082165,20003511,sA-eth3,up,34193212890343,netem,8822676,6570,0,0,0,132,2,10314224,1396,0,8481636,1402,0
86,34193211276155,34193214736064,20003511,sB-eth3,up,34193214573462,netem,10705128,7690,0,0,0,46934,4,8481122,1397,0,10290606,1409,0
87,34193231270316,34193233075306,19994161,sA-eth3,up,34193232883874,netem,8823930,6589,0,0,0,66,1,10552884,1414,0,8482824,1420,0
87,34193231270316,34193234696274,19994161,sB-eth3,up,34193234539872,netem,10959480,7858,0,0,0,39364,3,8482376,1416,0,10535124,1428,0
88,34193251269458,34193253170668,19999142,sA-eth3,up,34193252987816,netem,8925986,6665,0,0,0,49962,3,10580188,1426,0,8598362,1437,0
88,34193251269458,34193254873757,19999142,sB-eth3,up,34193254715715,netem,11007522,7899,0,0,0,66,1,8668932,1434,0,10581384,1442,0
89,34193271277508,34193273146719,20008050,sA-eth3,up,34193272948127,netem,9180338,6833,0,0,0,51476,3,10581466,1445,0,8839918,1455,0
89,34193271277508,34193274854217,20008050,sB-eth3,up,34193274698627,netem,11008776,7918,0,0,0,0,0,8907592,1452,0,10582572,1460,0
90,34193291268359,34193293125570,19990851,sA-eth3,up,34193292939537,netem,9430148,6998,0,0,0,37850,3,10582588,1462,0,9079960,1472,0
90,34193291268359,34193294792598,19990851,sB-eth3,up,34193294636466,netem,11009898,7935,0,0,0,66,1,9144804,1470,0,10583694,1477,0
91,34193311269200,34193313149011,20000841,sA-eth3,up,34193312968449,netem,9687528,7168,0,0,0,37850,3,10583710,1479,0,9312828,1490,0
91,34193311269200,34193314831710,20000841,sB-eth3,up,34193314679228,netem,11011020,7952,0,0,0,66,1,9377606,1487,0,10584816,1494,0
92,34193331268781,34193333102892,19999581,sA-eth3,up,34193332914099,netem,9929768,7328,0,0,0,45580,5,10584898,1497,0,9560336,1510,0
92,34193331268781,34193334773279,19999581,sB-eth3,up,34193334613889,netem,11012208,7970,0,0,0,66,1,9625020,1506,0,10586070,1513,0
93,34193351277492,34193353238084,20008711,sA-eth3,up,34193353067342,netem,10182766,7497,0,0,0,49962,4,10586086,1515,0,9803340,1528,0
93,34193351277492,34193355690590,20008711,sB-eth3,up,34193355530409,netem,11013528,7990,0,0,0,66,1,9872434,1525,0,10587324,1532,0
94,34193371274953,34193373237405,19997461,sA-eth3,up,34193373072932,netem,10437118,7665,0,0,0,52990,4,10587274,1533,0,10044962,1547,0
94,34193371274953,34193375121076,19997461,sB-eth3,up,34193374948014,netem,11014716,8008,0,0,0,66,1,10112542,1543,0,10588512,1550,0
95,34193391273924,34193393487588,19998971,sA-eth3,up,34193393313867,netem,10697526,7837,0,0,0,39364,3,10588528,1552,0,10283622,1565,0
95,34193391273924,34193395759574,19998971,sB-eth3,up,34193395604392,netem,11016064,8028,0,0,0,66,1,10362852,1562,0,10589860,1570,0
96,34193411271715,34193413234937,19997791,sA-eth3,up,34193413066224,netem,10929168,7990,0,0,0,52990,4,10589716,1570,0,10523730,1583,0
96,34193411271715,34193414944326,19997791,sB-eth3,up,34193414778674,netem,11017054,8043,0,0,0,66,1,10590310,1579,0,10590850,1585,0
97,34193431271016,34193433555491,19999301,sA-eth3,up,34193433326429,netem,11018022,8057,0,0,0,66,1,10731318,1587,0,10591776,1598,0
97,34193431271016,34193435722765,19999301,sB-eth3,up,34193435527022,netem,11146098,8133,0,0,0,40878,3,10591036,1590,0,10732320,1600,0
98,34193451272107,34193453404420,20001091,sA-eth3,up,34193453230699,netem,11019210,8075,0,0,0,0,0,10975770,1605,0,10592898,1615,0
98,34193451272107,34193455673275,20001091,sB-eth3,up,34193455512154,netem,11403568,8304,0,0,0,37850,3,10592158,1607,0,10962316,1618,0
99,34193471269158,34193473269209,19997051,sA-eth3,up,34193473097158,netem,11020332,8092,0,0,0,0,0,11223184,1624,0,10594020,1632,0
99,34193471269158,34193475106270,19997051,sB-eth3,up,34193474931279,netem,11645808,8464,0,0,0,45510,4,10593280,1624,0,11195184,1636,0
100,34193491264559,34193493135249,19995401,sA-eth3,up,34193492946097,netem,11021520,8110,0,0,0,66,1,11470598,1643,0,10595208,1650,0
100,34193491264559,34193494845678,19995401,sB-eth3,up,34193494685526,netem,11895708,8630,0,0,0,37850,3,10594402,1641,0,11435382,1655,0
101,34193511268379,34193513163941,20003820,sA-eth3,up,34193512976069,netem,11022708,8128,0,0,0,66,1,11710706,1661,0,10596462,1669,0
101,34193511268379,34193514888950,20003820,sB-eth3,up,34193514730628,netem,12137948,8790,0,0,0,45420,3,10595656,1660,0,11682796,1674,0
102,34193531270691,34193533675807,20002312,sA-eth3,up,34193533507896,netem,11023962,8147,0,0,0,66,1,11958120,1680,0,10597650,1687,0
102,34193531270691,34193535557978,20002312,sB-eth3,up,34193535387956,netem,12395328,8960,0,0,0,45420,3,10596844,1678,0,11930144,1692,0
103,34193551269271,34193553237544,19998580,sA-eth3,up,34193553072281,netem,11025150,8165,0,0,0,66,1,12192436,1698,0,10598838,1705,0
103,34193551269271,34193555327167,19998580,sB-eth3,up,34193555140194,netem,12648166,9127,0,0,0,49962,4,10597966,1695,0,12158602,1709,0
104,34193571265892,34193573404356,19996621,sA-eth3,up,34193573240814,netem,11026206,8181,0,0,0,0,0,12431030,1715,0,10599894,1721,0
104,34193571265892,34193575368328,19996621,sB-eth3,up,34193575208876,netem,12902518,9295,0,0,0,37850,3,10599220,1714,0,12403120,1728,0
105,34193591271353,34193593159564,20005461,sA-eth3,up,34193592939001,netem,11027196,8196,0,0,0,66,1,12684236,1734,0,10600950,1737,0
105,34193591271353,34193594896964,20005461,sB-eth3,up,34193594738652,netem,13144848,9456,0,0,0,42392,3,10600408,1732,0,12636078,1747,0
106,34193611273704,34193613318648,20002351,sA-eth3,up,34193613129046,netem,11111018,8259,0,0,0,15140,1,12698310,1743,0,10681472,1750,0
106,34193611273704,34193615041886,20002351,sB-eth3,up,34193614860225,netem,13210926,9507,0,0,0,66,1,10766626,1749,0,12699648,1760,0
107,34193631269366,34193633266618,19995662,sA-eth3,up,34193633094575,netem,11360828,8424,0,0,0,37850,3,12699432,1760,0,10921514,1767,0
107,34193631269366,34193635074138,19995662,sB-eth3,up,34193634898195,netem,13211982,9523,0,0,0,66,1,11008116,1766,0,12700638,1775,0
108,34193651265366,34193653266868,19996000,sA-eth3,up,34193653098416,netem,11603068,8584,0,0,0,45420,3,12700620,1778,0,11154382,1785,0
108,34193651265366,34193655151530,19996000,sB-eth3,up,34193654980678,netem,13213104,9540,0,0,0,66,1,11249738,1786,0,12701760,1792,0
109,34193671271628,34193673117768,20006262,sA-eth3,up,34193672920935,netem,11860448,8754,0,0,0,45420,3,12701874,1797,0,11401796,1804,0
109,34193671271628,34193674801967,20006262,sB-eth3,up,34193674619175,netem,13214292,9558,0,0,0,66,1,11497152,1804,0,12703014,1811,0
110,34193691269808,34193693079668,19998180,sA-eth3,up,34193692883206,netem,12107230,8917,0,0,0,40878,3,12703062,1815,0,11639008,1822,0
110,34193691269808,34193694762657,19998180,sB-eth3,up,34193694602025,netem,13215546,9577,0,0,0,66,1,11730020,1822,0,12704202,1829,0
111,34193711267849,34193713135520,19998041,sA-eth3,up,34193712936678,netem,12355526,9081,0,0,0,39364,3,12704250,1833,0,11877668,1840,0
111,34193711267849,34193714773488,19998041,sB-eth3,up,34193714606836,netem,13216734,9595,0,0,0,66,1,11970128,1840,0,12705390,1847,0
112,34193731266820,34193733121680,19998971,sA-eth3,up,34193732894868,netem,12609878,9249,0,0,0,48448,3,12705504,1852,0,12122186,1859,0
112,34193731266820,34193734755279,19998971,sB-eth3,up,34193734597017,netem,13217922,9613,0,0,0,66,1,12217542,1859,0,12706578,1865,0
113,34193751269521,34193753061011,20002701,sA-eth3,up,34193752871129,netem,12859778,9415,0,0,0,52990,4,12706692,1870,0,12362384,1878,0
113,34193751269521,34193754708519,20002701,sB-eth3,up,34193754549067,netem,13219176,9632,0,0,0,0,0,12450410,1877,0,12707832,1884,0
114,34193771279513,34193773067302,20009992,sA-eth3,up,34193772874600,netem,13102018,9575,0,0,0,48448,3,12707880,1888,0,12595252,1896,0
114,34193771279513,34193774720930,20009992,sB-eth3,up,34193774557419,netem,13220364,9650,0,0,0,0,0,12693414,1895,0,12709020,1902,0
115,34193791257073,34193793636540,19977560,sA-eth3,up,34193793452288,netem,13220888,9658,0,0,0,66,1,12806042,1905,0,12709502,1909,0
115,34193791257073,34193795879984,19977560,sB-eth3,up,34193795714663,netem,13319326,9723,0,0,0,30280,2,12709002,1905,0,12804154,1917,0
116,34193811267565,34193813203905,20010492,sA-eth3,up,34193813032704,netem,13222010,9675,0,0,0,0,0,13044636,1922,0,12710624,1926,0
116,34193811267565,34193814898914,20010492,sB-eth3,up,34193814738502,netem,13553996,9878,0,0,0,37850,3,12710058,1921,0,13029650,1933,0
117,34193831277325,34193833143365,20009760,sA-eth3,up,34193832936454,netem,13223132,9692,0,0,0,66,1,13291984,1940,0,12711746,1943,0
117,34193831277325,34193835331840,20009760,sB-eth3,up,34193835161898,netem,13811376,10048,0,0,0,37850,3,12711246,1939,0,13277064,1952,0
118,34193851277985,34193853486850,20000660,sA-eth3,up,34193853281428,netem,13224320,9710,0,0,0,66,1,13539398,1959,0,12713000,1962,0
118,34193851277985,34193855431432,20000660,sB-eth3,up,34193855254920,netem,14053616,10208,0,0,0,45420,3,12712434,1957,0,13524478,1971,0
119,34193871275577,34193873274499,19997592,sA-eth3,up,34193873071587,netem,13225508,9728,0,0,0,66,1,13772266,1977,0,12714188,1980,0
119,34193871275577,34193875134889,19997592,sB-eth3,up,34193874960448,netem,14306454,10375,0,0,0,49962,4,12713556,1974,0,13752936,1988,0
120,34193891281528,34193893615014,20005951,sA-eth3,up,34193893340501,netem,13226762,9747,0,0,0,66,1,14024024,1996,0,12715442,1999,0
120,34193891281528,34193895652207,20005951,sB-eth3,up,34193895378894,netem,14560806,10543,0,0,0,52990,4,12714876,1994,0,14009104,2008,0
121,34193911275399,34193913330172,19993871,sA-eth3,up,34193913082669,netem,13227950,9765,0,0,0,66,1,14259788,2014,0,12716630,2017,0
121,34193911275399,34193915405214,19993871,sB-eth3,up,34193915196902,netem,14803046,10703,0,0,0,57532,4,12715998,2011,0,14247764,2026,0
122,34193931276300,34193933253832,20000901,sA-eth3,up,34193933067980,netem,13229204,9784,0,0,0,66,1,14510098,2033,0,12717818,2035,0
122,34193931276300,34193935184974,20000901,sB-eth3,up,34193934997211,netem,15052856,10868,0,0,0,52990,4,12717186,2029,0,14470430,2043,0
123,34193951282142,34193953339354,20005842,sA-eth3,up,34193953126852,netem,13230392,9802,0,0,0,66,1,14732764,2050,0,12719072,2054,0
123,34193951282142,34193955255395,20005842,sB-eth3,up,34193955091873,netem,15310236,11038,0,0,0,56018,4,12718440,2048,0,14717844,2062,0
124,34193971274862,34193973305434,19992720,sA-eth3,up,34193973124372,netem,13291768,9854,0,0,0,22710,2,14816540,2062,0,12778006,2069,0
124,34193971274862,34193975086704,19992720,sB-eth3,up,34193974903932,netem,15414032,11112,0,0,0,132,2,12828186,2065,0,14817680,2076,0
125,34193991255922,34193993469677,19981060,sA-eth3,up,34193993286005,netem,13534008,10014,0,0,0,45420,3,14817728,2080,0,13025354,2087,0
125,34193991255922,34193995602941,19981060,sB-eth3,up,34193995331737,netem,15415220,11130,0,0,0,66,1,13075534,2083,0,14818868,2094,0
126,34194011274444,34194013338776,20018522,sA-eth3,up,34194013157154,netem,13791388,10184,0,0,0,45420,3,14818850,2097,0,13258222,2105,0
126,34194011274444,34194015603641,20018522,sB-eth3,up,34194015389049,netem,15416408,11148,0,0,0,66,1,13322948,2102,0,14819990,2111,0
127,34194031273945,34194033260676,19999501,sA-eth3,up,34194033053914,netem,14044226,10351,0,0,0,34822,3,14820038,2115,0,13501226,2123,0
127,34194031273945,34194035029926,19999501,sB-eth3,up,34194034843554,netem,15417530,11165,0,0,0,132,2,13560160,2120,0,14821112,2128,0
128,34194051271316,34194053169576,19997371,sA-eth3,up,34194052982904,netem,14286466,10511,0,0,0,39364,3,14821226,2133,0,13745744,2142,0
128,34194051271316,34194054940326,19997371,sB-eth3,up,34194054748374,netem,15418718,11183,0,0,0,66,1,13804612,2138,0,14822366,2147,0
129,34194071269326,34194073182478,19998010,sA-eth3,up,34194072978635,netem,14540818,10679,0,0,0,42392,3,14822480,2152,0,13978612,2160,0
129,34194071269326,34194074877246,19998010,sB-eth3,up,34194074721075,netem,15419906,11201,0,0,0,66,1,14043272,2156,0,14823488,2165,0
130,34194091269027,34194093549613,19999701,sA-eth3,up,34194093375181,netem,14790628,10844,0,0,0,59046,4,14823668,2170,0,14218720,2178,0
130,34194091269027,34194095503794,19999701,sB-eth3,up,34194095233231,netem,15421094,11219,0,0,0,66,1,14283380,2174,0,14824742,2183,0
131,34194111283569,34194113692565,20014542,sA-eth3,up,34194113510494,netem,15048008,11014,0,0,0,37850,3,14824922,2189,0,14466134,2197,0
131,34194111283569,34194115864649,20014542,sB-eth3,up,34194115698528,netem,15422282,11237,0,0,0,0,0,14530794,2193,0,14825864,2200,0
132,34194131275839,34194133263591,19992270,sA-eth3,up,34194133089690,netem,15290248,11174,0,0,0,45420,3,14826110,2207,0,14699002,2215,0
132,34194131275839,34194135374195,19992270,sB-eth3,up,34194135214003,netem,15423404,11254,0,0,0,0,0,14778142,2211,0,14826986,2217,0
133,34194151276751,34194153324543,20000912,sA-eth3,up,34194153133191,netem,15424258,11267,0,0,0,66,1,14906896,2224,0,14827798,2229,0
133,34194151276751,34194155328836,20000912,sB-eth3,up,34194155164713,netem,15507358,11319,0,0,0,30280,2,14827100,2222,0,14907706,2233,0
134,34194171257431,34194173135532,19980680,sA-eth3,up,34194172934170,netem,15425470,11285,0,0,0,66,1,15161484,2242,0,14829010,2247,0
134,34194171257431,34194174819300,19980680,sB-eth3,up,34194174650639,netem,15742028,11474,0,0,0,52990,4,14828222,2239,0,15147748,2250,0
135,34194191285153,34194193628008,20027722,sA-eth3,up,34194193446036,netem,15426658,11303,0,0,0,132,2,15403106,2261,0,14830198,2265,0
135,34194191285153,34194195816533,20027722,sB-eth3,up,34194195624390,netem,16014548,11654,0,0,0,37850,3,14829476,2258,0,15395162,2269,0
136,34194211272223,34194213223105,19987070,sA-eth3,up,34194213038673,netem,15427846,11321,0,0,0,66,1,15650454,2279,0,14831452,2284,0
136,34194211272223,34194214978274,19987070,sB-eth3,up,34194214817822,netem,16246190,11807,0,0,0,56018,4,14830664,2276,0,15628030,2287,0
137,34194231275574,34194233264996,20003351,sA-eth3,up,34194233091265,netem,15429034,11339,0,0,0,66,1,15889114,2297,0,14832574,2302,0
137,34194231275574,34194235420910,20003351,sB-eth3,up,34194235248458,netem,16503570,11977,0,0,0,40878,3,14831852,2294,0,15865242,2305,0
138,34194251273936,34194253427209,19998362,sA-eth3,up,34194253240007,netem,15430156,11356,0,0,0,132,2,16129222,2315,0,14833762,2319,0
138,34194251273936,34194255354220,19998362,sB-eth3,up,34194255188898,netem,16757922,12145,0,0,0,43906,3,14833040,2312,0,16109760,2324,0
139,34194271278966,34194273267058,20005030,sA-eth3,up,34194273057005,netem,15431410,11375,0,0,0,0,0,16362090,2333,0,14834950,2337,0
139,34194271278966,34194275036008,20005030,sB-eth3,up,34194274852886,netem,17006218,12309,0,0,0,27252,2,14834228,2330,0,16348420,2342,0
140,34194291284527,34194293670113,20005561,sA-eth3,up,34194293440051,netem,15432598,11393,0,0,0,66,1,16609504,2352,0,14836204,2356,0
140,34194291284527,34194295705436,20005561,sB-eth3,up,34194295468773,netem,17262084,12478,0,0,0,46934,3,14835416,2348,0,16594320,2360,0
141,34194311285668,34194313435932,20001141,sA-eth3,up,34194313182049,netem,15433786,11411,0,0,0,132,2,16849612,2370,0,14837392,2374,0
141,34194311285668,34194315673027,20001141,sB-eth3,up,34194315374133,netem,17498268,12634,0,0,0,48448,3,14836604,2366,0,16835876,2378,0
142,34194331281529,34194333571285,19995861,sA-eth3,up,34194333357062,netem,15495228,11464,0,0,0,22710,2,16934836,2382,0,14896392,2390,0
142,34194331281529,34194335490725,19995861,sB-eth3,up,34194335310124,netem,17617204,12718,0,0,0,0,0,14952076,2382,0,16935646,2391,0
143,34194351275560,34194353419874,19994031,sA-eth3,up,34194353235052,netem,15737468,11624,0,0,0,45420,3,16935958,2399,0,15129194,2407,0
143,34194351275560,34194355795720,19994031,sB-eth3,up,34194355631858,netem,17618326,12735,0,0,0,66,1,15193632,2401,0,16936768,2408,0
144,34194371268421,34194373374805,19992861,sA-eth3,up,34194373201622,netem,15994848,11794,0,0,0,45420,3,16937146,2417,0,15376608,2426,0
144,34194371268421,34194375513857,19992861,sB-eth3,up,34194375342156,netem,17619514,12753,0,0,0,66,1,15433740,2418,0,16937956,2426,0
145,34194391284372,34194393433826,20015951,sA-eth3,up,34194393231134,netem,16238602,11955,0,0,0,43906,3,16938268,2434,0,15610924,2444,0
145,34194391284372,34194395364437,20015951,sB-eth3,up,34194395199455,netem,17620702,12771,0,0,0,66,1,15681154,2437,0,16939144,2444,0
146,34194411273073,34194413145324,19988701,sA-eth3,up,34194412953661,netem,16483870,12117,0,0,0,39364,3,16939456,2452,0,15858272,2462,0
146,34194411273073,34194414826222,19988701,sB-eth3,up,34194414670010,netem,17621890,12789,0,0,0,66,1,15914022,2455,0,16940332,2462,0
147,34194431266464,34194433236345,19993391,sA-eth3,up,34194432952722,netem,16727624,12278,0,0,0,59046,4,16940644,2470,0,16096932,2480,0
147,34194431266464,34194435071466,19993391,sB-eth3,up,34194434882494,netem,17623144,12808,0,0,0,66,1,16154130,2473,0,16941586,2481,0
148,34194451275265,34194453189366,20008801,sA-eth3,up,34194452953553,netem,16978948,12444,0,0,0,56018,4,16941832,2488,0,16337040,2498,0
148,34194451275265,34194455454131,20008801,sB-eth3,up,34194455272379,netem,17624332,12826,0,0,0,66,1,16401544,2492,0,16942840,2500,0
149,34194471272736,34194473310399,19997471,sA-eth3,up,34194473130867,netem,17236328,12614,0,0,0,45420,3,16943020,2506,0,16569908,2516,0
149,34194471272736,34194475700775,19997471,sB-eth3,up,34194475529893,netem,17625520,12844,0,0,0,66,1,16648958,2511,0,16944028,2518,0
150,34194491274067,34194493249869,20001331,sA-eth3,up,34194493044407,netem,17493708,12784,0,0,0,30280,2,16944208,2524,0,16817322,2535,0
150,34194491274067,34194495269611,20001331,sB-eth3,up,34194495105059,netem,17626774,12863,0,0,0,66,1,16871624,2528,0,16945216,2536,0
151,34194511308539,34194513439762,20034472,sA-eth3,up,34194513200829,netem,17627718,12877,0,0,0,0,0,17042304,2540,0,16946052,2548,0
151,34194511308539,34194515687057,20034472,sB-eth3,up,34194515518314,netem,17710794,12929,0,0,0,30280,2,16945330,2541,0,17026002,2553,0
152,34194531272459,34194533237811,19963920,sA-eth3,up,34194533058419,netem,17628774,12893,0,0,0,66,1,17279516,2558,0,16947174,2565,0
152,34194531272459,34194535472005,19963920,sB-eth3,up,34194535296503,netem,17945464,13084,0,0,0,52990,4,16946452,2558,0,17266044,2570,0
153,34194551267959,34194553240192,19995500,sA-eth3,up,34194553071859,netem,17629896,12910,0,0,0,132,2,17526864,2576,0,16948296,2582,0
153,34194551267959,34194555136063,19995500,sB-eth3,up,34194554965600,netem,18202844,13254,0,0,0,45420,3,16947640,2576,0,17498912,2588,0
154,34194571269591,34194573537636,20001632,sA-eth3,up,34194573355883,netem,17631150,12929,0,0,0,66,1,17774278,2595,0,16949484,2600,0
154,34194571269591,34194575819411,20001632,sB-eth3,up,34194575663869,netem,18460224,13424,0,0,0,45420,3,16948894,2595,0,17746326,2607,0
155,34194591263551,34194593099121,19993960,sA-eth3,up,34194592920180,netem,17632338,12947,0,0,0,66,1,17999840,2612,0,16950672,2618,0
155,34194591263551,34194594933152,19993960,sB-eth3,up,34194594778860,netem,18700950,13583,0,0,0,46934,4,16950016,2612,0,17977680,2624,0
156,34194611264763,34194613072173,20001212,sA-eth3,up,34194612899211,netem,17633526,12965,0,0,0,66,1,18247254,2631,0,16951926,2637,0
156,34194611264763,34194614762671,20001212,sB-eth3,up,34194614609339,netem,18937134,13739,0,0,0,57532,4,16951204,2630,0,18222198,2643,0
157,34194631268273,34194633114644,20003510,sA-eth3,up,34194632928461,netem,17634780,12984,0,0,0,66,1,18480122,2649,0,16953114,2655,0
157,34194631268273,34194634765012,20003510,sB-eth3,up,34194634612930,netem,19186944,13904,0,0,0,52990,4,16952392,2649,0,18462306,2661,0
158,34194651266584,34194653097835,19998311,sA-eth3,up,34194652921693,netem,17635968,13002,0,0,0,66,1,18717334,2667,0,16954302,2673,0
158,34194651266584,34194654753742,19998311,sB-eth3,up,34194654600352,netem,19444324,14074,0,0,0,56018,4,16953646,2667,0,18692278,2679,0
159,34194671271995,34194673117926,20005411,sA-eth3,up,34194672924323,netem,17637156,13020,0,0,0,132,2,18970540,2686,0,16955490,2691,0
159,34194671271995,34194674764264,20005411,sB-eth3,up,34194674613022,netem,19686564,14234,0,0,0,45420,3,16954900,2686,0,18939692,2698,0
160,34194691272916,34194693195438,20000921,sA-eth3,up,34194692991085,netem,17668318,13053,0,0,0,36336,2,19052802,2697,0,17002906,2707,0
160,34194691272916,34194694880546,20000921,sB-eth3,up,34194694722504,netem,19820640,14328,0,0,0,0,0,17053062,2704,0,19054008,2712,0
161,34194711277738,34194713173608,20004822,sA-eth3,up,34194712962356,netem,17925698,13223,0,0,0,45420,3,19053858,2713,0,17232746,2723,0
161,34194711277738,34194714883787,20004822,sB-eth3,up,34194714694325,netem,19821762,14345,0,0,0,66,1,17312060,2722,0,19055130,2730,0
162,34194731270478,34194733163529,19992740,sA-eth3,up,34194732978667,netem,18175508,13388,0,0,0,52990,4,19055046,2731,0,17472854,2741,0
162,34194731270478,34194734854017,19992740,sB-eth3,up,34194734695776,netem,19823016,14364,0,0,0,66,1,17552168,2740,0,19056384,2748,0
163,34194751269589,34194753070829,19999111,sA-eth3,up,34194752875777,netem,18417748,13548,0,0,0,68130,5,19056300,2750,0,17720268,2760,0
163,34194751269589,34194754746317,19999111,sB-eth3,up,34194754585896,netem,19824204,14382,0,0,0,0,0,17785036,2758,0,19057572,2766,0
164,34194771274190,34194773402544,20004601,sA-eth3,up,34194773205682,netem,18675128,13718,0,0,0,60560,4,19057488,2768,0,17967682,2779,0
164,34194771274190,34194775773850,20004601,sB-eth3,up,34194775589568,netem,19825458,14401,0,0,0,66,1,18032450,2778,0,19058826,2785,0
165,34194791267231,34194793189012,19993041,sA-eth3,up,34194792982680,netem,18927966,13885,0,0,0,49962,4,19058676,2786,0,18196140,2796,0
165,34194791267231,34194794925771,19993041,sB-eth3,up,34194794767870,netem,19826646,14419,0,0,0,66,1,18272558,2795,0,19060014,2803,0
166,34194811269272,34194813368475,20002041,sA-eth3,up,34194813199583,netem,19170206,14045,0,0,0,65102,5,19059930,2805,0,18446450,2815,0
166,34194811269272,34194815381568,20002041,sB-eth3,up,34194815222545,netem,19827834,14437,0,0,0,132,2,18519972,2814,0,19061268,2822,0
167,34194831274643,34194833148974,20005371,sA-eth3,up,34194832962482,netem,19424558,14213,0,0,0,60560,4,19061118,2823,0,18673526,2833,0
167,34194831274643,34194834890824,20005371,sB-eth3,up,34194834729422,netem,19829022,14455,0,0,0,66,1,18752840,2832,0,19062456,2840,0
168,34194851271234,34194853361037,19996591,sA-eth3,up,34194853092404,netem,19674368,14378,0,0,0,59046,4,19062306,2841,0,18913634,2851,0
168,34194851271234,34194855186607,19996591,sB-eth3,up,34194855016385,netem,19830276,14474,0,0,0,66,1,18995844,2850,0,19063644,2858,0
169,34194871282375,34194873431689,20011141,sA-eth3,up,34194872941054,netem,19830824,14482,0,0,0,0,0,19063098,2853,0,19064018,2863,0
169,34194871282375,34194875296579,20011141,sB-eth3,up,34194875088517,netem,19830936,14484,0,0,0,0,0,19063296,2856,0,19064304,2868,0
170,34194891271955,34194893664273,19989580,sA-eth3,up,34194893474280,netem,19830902,14483,0,0,0,0,0,19106736,2856,0,19064096,2864,0
170,34194891271955,34194895537913,19989580,sB-eth3,up,34194895363791,netem,19929436,14550,0,0,0,30280,2,19063824,2865,0,19173522,2877,0
171,34194911268437,34194913043737,19996482,sA-eth3,up,34194912862084,netem,19832076,14496,0,0,0,94,1,19238004,2870,0,19065270,2877,0
171,34194911268437,34194914884877,19996482,sB-eth3,up,34194914625804,netem,20179246,14715,0,0,0,37850,3,19064946,2881,0,19406324,2894,0
172,34194931277938,34194933145139,20009501,sA-eth3,up,34194932928356,netem,19833350,14511,0,0,0,0,0,19434606,2887,0,19066544,2892,0
172,34194931277938,34194934966718,20009501,sB-eth3,up,34194934768736,netem,20421682,14877,0,0,0,52990,4,19066330,2901,0,19646628,2914,0
173,34194951295119,34194953359482,20017181,sA-eth3,up,34194953183229,netem,19834744,14530,0,0,0,78,1,19654376,2904,0,19068016,2912,0
173,34194951295119,34194955525946,20017181,sB-eth3,up,34194955360034,netem,20679062,15047,0,0,0,45420,3,19067518,2919,0,19894042,2933,0
174,34194971273999,34194973130391,19978880,sA-eth3,up,34194972949778,netem,19835982,14547,0,0,0,86,1,19843738,2921,0,19069176,2928,0
174,34194971273999,34194974791849,19978880,sB-eth3,up,34194974636976,netem,20931900,15214,0,0,0,34822,3,19068640,2936,0,20126910,2951,0
175,34194991271191,34194993072531,19997192,sA-eth3,up,34194992893609,netem,19837286,14563,0,0,0,0,0,19982288,2936,0,19070480,2944,0
175,34194991271191,34194994725909,19997192,sB-eth3,up,34194994566798,netem,21171112,15372,0,0,0,52990,4,19069894,2955,0,20364122,2969,0
176,34195011272712,34195013046451,20001521,sA-eth3,up,34195012862969,netem,19838136,14574,0,0,0,0,0,20113268,2946,0,19071330,2955,0
176,34195011272712,34195014718700,20001521,sB-eth3,up,34195014543228,netem,21413352,15532,0,0,0,57532,4,19071082,2973,0,20602782,2987,0
177,34195031272152,34195033078363,19999440,sA-eth3,up,34195032884541,netem,19838530,14579,0,0,0,0,0,20178758,2951,0,19071724,2960,0
177,34195031272152,34195034719231,19999440,sB-eth3,up,34195034568658,netem,21663162,15697,0,0,0,62074,4,19072270,2991,0,20844338,3006,0
178,34195051276484,34195053092574,20004332,sA-eth3,up,34195052905091,netem,19839340,14590,0,0,0,78,1,20335934,2963,0,19072612,2972,0
178,34195051276484,34195054730822,20004332,sB-eth3,up,34195054574880,netem,21923570,15869,0,0,0,51476,4,19073326,3007,0,21075758,3023,0
179,34195071269684,34195073169336,19993200,sA-eth3,up,34195072986783,netem,19915812,14650,0,0,0,25816,3,20454080,2976,0,19153342,2987,0
179,34195071269684,34195074844983,19993200,sB-eth3,up,34195074692412,netem,22024008,15936,0,0,0,0,0,19168394,3021,0,21172236,3030,0
180,34195091272146,34195093076495,20002462,sA-eth3,up,34195092897634,netem,20158406,14815,0,0,0,30346,3,20520626,2997,0,19379258,3009,0
180,34195091272146,34195094755844,20002462,sB-eth3,up,34195094608482,netem,22024008,15936,0,0,0,0,0,19177148,3022,0,21172236,3030,0
181,34195111267866,34195113107586,19995720,sA-eth3,up,34195112931735,netem,20416670,14997,0,0,0,30346,3,20665562,3021,0,19627556,3040,0
181,34195111267866,34195114793315,19995720,sB-eth3,up,34195114643373,netem,22024074,15937,0,0,0,0,0,19277522,3029,0,21172302,3031,0
182,34195131274787,34195133131438,20006921,sA-eth3,up,34195132947806,netem,20666952,15168,0,0,0,22710,2,20731910,3039,0,19868202,3065,0
182,34195131274787,34195134818577,20006921,sB-eth3,up,34195134666535,netem,22024074,15937,0,0,0,0,0,19364864,3036,0,21172302,3031,0
183,34195151269639,34195153188850,19994852,sA-eth3,up,34195152993287,netem,20898972,15326,0,0,0,48526,5,20837618,3061,0,20110070,3087,0
183,34195151269639,34195154917658,19994852,sB-eth3,up,34195154767197,netem,22024140,15938,0,0,0,0,0,19516116,3046,0,21172368,3032,0
184,34195171281109,34195173160350,20011470,sA-eth3,up,34195172924878,netem,21152668,15504,0,0,0,68388,7,20958004,3086,0,20351180,3118,0
184,34195171281109,34195174827488,20011470,sB-eth3,up,34195174660337,netem,22024140,15938,0,0,0,0,0,19598982,3051,0,21172368,3032,0
185,34195191275900,34195193103490,19994791,sA-eth3,up,34195192905018,netem,21407740,15680,0,0,0,103372,14,21085498,3109,0,20580148,3140,0
185,34195191275900,34195194778139,19994791,sB-eth3,up,34195194600967,netem,22024206,15939,0,0,0,0,0,19605784,3052,0,21172434,3033,0
186,34195211276241,34195213103391,20000341,sA-eth3,up,34195212907380,netem,21664572,15862,0,0,0,103124,10,21152492,3130,0,20827014,3171,0
186,34195211276241,34195214772850,20000341,sB-eth3,up,34195214604548,netem,22024206,15939,0,0,0,0,0,19605784,3052,0,21172434,3033,0
187,34195231277791,34195233303645,20001550,sA-eth3,up,34195233119143,netem,21904100,16024,0,0,0,101438,7,21179480,3144,0,21073230,3193,0
187,34195231277791,34195235568420,20001550,sB-eth3,up,34195235380397,netem,22024866,15949,0,0,0,66,1,19757672,3064,0,21173160,3044,0
188,34195251275473,34195253285366,19997682,sA-eth3,up,34195253110973,netem,22038002,16115,0,0,0,0,0,21205964,3150,0,21185858,3203,0
188,34195251275473,34195255571591,19997682,sB-eth3,up,34195255397758,netem,22127516,16034,0,0,0,33440,4,20005548,3090,0,21287844,3070,0
189,34195271289724,34195273157035,20014251,sA-eth3,up,34195272967963,netem,22039288,16126,0,0,0,0,0,21296544,3162,0,21187144,3214,0
189,34195271289724,34195274794192,20014251,sB-eth3,up,34195274636061,netem,22379962,16217,0,0,0,35020,6,20233614,3123,0,21518872,3104,0
190,34195291277315,34195293078985,19987591,sA-eth3,up,34195292889133,netem,22040162,16137,0,0,0,0,0,21402908,3172,0,21188018,3225,0
190,34195291277315,34195294709703,19987591,sB-eth3,up,34195294555881,netem,22620296,16392,0,0,0,53122,6,20495116,3158,0,21745490,3139,0
191,34195311269266,34195313327148,19991951,sA-eth3,up,34195313159977,netem,22040850,16145,0,0,0,78,1,21546986,3183,0,21188706,3233,0
191,34195311269266,34195315731665,19991951,sB-eth3,up,34195315466952,netem,22878798,16579,0,0,0,45618,6,20758330,3197,0,22008704,3176,0
192,34195331277097,34195333344990,20007831,sA-eth3,up,34195333165548,netem,22041594,16155,0,0,0,0,0,21691064,3194,0,21189450,3243,0
192,34195331277097,34195335354432,20007831,sB-eth3,up,34195335190790,netem,23137366,16767,0,0,0,30478,5,20992320,3232,0,22242628,3210,0
193,34195351271438,34195353182209,19994341,sA-eth3,up,34195352992677,netem,22042328,16164,0,0,0,0,0,21808946,3203,0,21190184,3252,0
193,34195351271438,34195354948539,19994341,sB-eth3,up,34195354790337,netem,23379214,16943,0,0,0,47132,7,21187398,3263,0,22475104,3244,0
194,34195371301609,34195373452533,20030171,sA-eth3,up,34195373245160,netem,22043292,16176,0,0,0,78,1,21940124,3216,0,21191226,3265,0
194,34195371301609,34195375518925,20030171,sB-eth3,up,34195375339264,netem,23633830,17115,0,0,0,48448,3,21188652,3282,0,22719886,3267,0
195,34195391278420,34195393297752,19976811,sA-eth3,up,34195393080640,netem,22044284,16188,0,0,0,0,0,22045040,3226,0,21192140,3276,0
195,34195391278420,34195395277684,19976811,sB-eth3,up,34195395082082,netem,23880612,17278,0,0,0,40878,3,21189906,3301,0,22964404,3286,0
196,34195411281650,34195413376494,20003230,sA-eth3,up,34195413186672,netem,22045482,16203,0,0,0,0,0,22137254,3241,0,21193338,3291,0
196,34195411281650,34195415221184,20003230,sB-eth3,up,34195415059062,netem,24122852,17438,0,0,0,37850,3,21191028,3318,0,23204512,3304,0
197,34195431276132,34195433282434,19994482,sA-eth3,up,34195433099882,netem,22046400,16216,0,0,0,66,1,22251122,3255,0,21194256,3304,0
197,34195431276132,34195435040593,19994482,sB-eth3,up,34195434857261,netem,24225068,17510,0,0,0,66,1,21338356,3334,0,23288222,3315,0
198,34195451271252,34195453162424,19995120,sA-eth3,up,34195452940921,netem,22047378,16229,0,0,0,78,1,22360646,3269,0,21195234,3317,0
198,34195451271252,34195454901853,19995120,sB-eth3,up,34195454742581,netem,24226190,17527,0,0,0,66,1,21598802,3353,0,23289278,3331,0
199,34195471280764,34195473191814,20009512,sA-eth3,up,34195473019503,netem,22048298,16241,0,0,0,0,0,22448252,3280,0,21196154,3329,0
199,34195471280764,34195474918274,20009512,sB-eth3,up,34195474734292,netem,24227444,17546,0,0,0,0,0,21844768,3372,0,23290532,3350,0
200,34195491274795,34195493209006,19994031,sA-eth3,up,34195493036884,netem,22048598,16245,0,0,0,0,0,22483268,3284,0,21196454,3333,0
200,34195491274795,34195494878934,19994031,sB-eth3,up,34195494719723,netem,24228500,17562,0,0,0,132,2,22086324,3390,0,23291654,3367,0
201,34195511279655,34195513146136,20004860,sA-eth3,up,34195512943684,netem,22048676,16246,0,0,0,0,0,22483268,3284,0,21196532,3334,0
201,34195511279655,34195514875216,20004860,sB-eth3,up,34195514710783,netem,24229358,17575,0,0,0,0,0,22233298,3401,0,23292446,3379,0
202,34195531270936,34195533100006,19991281,sA-eth3,up,34195532903974,netem,22048676,16246,0,0,0,0,0,22483268,3284,0,21196532,3334,0
202,34195531270936,34195534793505,19991281,sB-eth3,up,34195534637813,netem,24229358,17575,0,0,0,0,0,22237708,3402,0,23292446,3379,0
203,34195551273827,34195553145488,20002891,sA-eth3,up,34195552948736,netem,22048676,16246,0,0,0,0,0,22483268,3284,0,21196532,3334,0
203,34195551273827,34195554852628,20002891,sB-eth3,up,34195554692915,netem,24229424,17576,0,0,0,0,0,22313400,3408,0,23292512,3380,0
204,34195571289599,34195573638444,20015772,sA-eth3,up,34195573462082,netem,22048676,16246,0,0,0,0,0,22483268,3284,0,21196532,3334,0
204,34195571289599,34195575690037,20015772,sB-eth3,up,34195575535416,netem,24229424,17576,0,0,0,0,0,22415288,3416,0,23292512,3380,0
205,34195591270699,34195593182931,19981100,sA-eth3,up,34195592926738,netem,22153232,16316,0,0,0,46934,3,22483532,3288,0,21296930,3341,0
205,34195591270699,34195595208813,19981100,sB-eth3,up,34195595048241,netem,24229490,17577,0,0,0,0,0,22451686,3419,0,23292578,3381,0
206,34195611271771,34195613129921,20001072,sA-eth3,up,34195612938989,netem,22406070,16483,0,0,0,49962,3,22484456,3302,0,21540000,3360,0
206,34195611271771,34195614805800,20001072,sB-eth3,up,34195614626507,netem,24229490,17577,0,0,0,0,0,22662702,3435,0,23292578,3381,0
207,34195631283481,34195633258473,20011710,sA-eth3,up,34195633042971,netem,22655880,16648,0,0,0,52990,4,22485314,3315,0,21780108,3378,0
207,34195631283481,34195634984722,20011710,sB-eth3,up,34195634795890,netem,24229490,17577,0,0,0,0,0,22662702,3435,0,23292578,3381,0
208,34195651259732,34195653286484,19976251,sA-eth3,up,34195653023991,netem,22898120,16808,0,0,0,68130,5,22486238,3329,0,22027522,3397,0
208,34195651259732,34195655048713,19976251,sB-eth3,up,34195654830602,netem,24229556,17578,0,0,0,0,0,22888264,3452,0,23292644,3382,0
209,34195671282673,34195673187284,20022941,sA-eth3,up,34195672942191,netem,23155500,16978,0,0,0,51476,4,22487030,3341,0,22260390,3415,0
209,34195671282673,34195675584881,20022941,sB-eth3,up,34195675375448,netem,24229556,17578,0,0,0,0,0,22990152,3460,0,23292644,3382,0
210,34195691276444,34195693170475,19993771,sA-eth3,up,34195692958513,netem,23405310,17143,0,0,0,40878,3,22488020,3356,0,22500564,3434,0
210,34195691276444,34195694815483,19993771,sB-eth3,up,34195694650602,netem,24229622,17579,0,0,0,0,0,23164770,3473,0,23292710,3383,0
211,34195711308306,34195713299108,20031862,sA-eth3,up,34195713052625,netem,23647550,17303,0,0,0,45420,3,22488944,3370,0,22747978,3453,0
211,34195711308306,34195715094817,20031862,sB-eth3,up,34195714858215,netem,24229622,17579,0,0,0,0,0,23299160,3484,0,23292710,3383,0
212,34195731300496,34195733301248,19992190,sA-eth3,up,34195733067175,netem,23904930,17473,0,0,0,45420,3,22489868,3384,0,22980846,3471,0
212,34195731300496,34195735074948,19992190,sB-eth3,up,34195734835225,netem,24229688,17580,0,0,0,0,0,23299160,3484,0,23292776,3384,0
213,34195751295617,34195753696894,19995121,sA-eth3,up,34195753464081,netem,24154740,17638,0,0,0,37850,3,22490858,3399,0,23221020,3490,0
213,34195751295617,34195755641575,19995121,sB-eth3,up,34195755421553,netem,24423570,17709,0,0,0,40878,3,23300018,3497,0,23479002,3397,0
214,34195771283838,34195773145688,19988221,sA-eth3,up,34195772942216,netem,24241552,17696,0,0,0,0,0,22491320,3406,0,23304466,3497,0
214,34195771283838,34195774812337,19988221,sB-eth3,up,34195774647165,netem,24653698,17861,0,0,0,63588,4,23301074,3513,0,23717662,3415,0
215,34195791284589,34195793142550,20000751,sA-eth3,up,34195792946937,netem,24241552,17696,0,0,0,0,0,22491320,3406,0,23304466,3497,0
215,34195791284589,34195794780937,20000751,sB-eth3,up,34195794620426,netem,24903508,18026,0,0,0,65102,5,23302262,3531,0,23957770,3433,0
216,34195811284510,34195813179591,19999921,sA-eth3,up,34195812983928,netem,24241552,17696,0,0,0,0,0,22491320,3406,0,23304466,3497,0
216,34195811284510,34195814814939,19999921,sB-eth3,up,34195814655797,netem,25160888,18196,0,0,0,56018,4,23303450,3549,0,24187742,3451,0
217,34195831272540,34195833551976,19988030,sA-eth3,up,34195833372174,netem,24241552,17696,0,0,0,0,0,22491320,3406,0,23304466,3497,0
217,34195831272540,34195835380785,19988030,sB-eth3,up,34195835222294,netem,25418268,18366,0,0,0,51476,3,23304704,3568,0,24435156,3470,0
218,34195851281132,34195853346995,20008592,sA-eth3,up,34195853078102,netem,24241552,17696,0,0,0,0,0,22491320,3406,0,23304466,3497,0
218,34195851281132,34195855115224,20008592,sB-eth3,up,34195854928332,netem,25668078,18531,0,0,0,37850,3,23305958,3587,0,24682570,3489,0
219,34195871283213,34195873063053,20002081,sA-eth3,up,34195872870640,netem,24241552,17696,0,0,0,0,0,22491320,3406,0,23304466,3497,0
219,34195871283213,34195874715001,20002081,sB-eth3,up,34195874542859,netem,25910318,18691,0,0,0,37850,3,23307080,3604,0,24908132,3506,0
220,34195891278083,34195893110054,19994870,sA-eth3,up,34195892916502,netem,24241552,17696,0,0,0,0,0,22491320,3406,0,23304466,3497,0
220,34195891278083,34195894740372,19994870,sB-eth3,up,34195894584861,netem,26167698,18861,0,0,0,45420,3,23308334,3623,0,25155546,3525,0
221,34195911274145,34195913084114,19996062,sA-eth3,up,34195912895072,netem,24241552,17696,0,0,0,0,0,22491320,3406,0,23304466,3497,0
221,34195911274145,34195914697902,19996062,sB-eth3,up,34195914543221,netem,26417508,19026,0,0,0,5056,1,23309522,3641,0,25395654,3544,0
222,34195931265835,34195933564020,19991690,sA-eth3,up,34195933385389,netem,24241552,17696,0,0,0,0,0,22491320,3406,0,23304466,3497,0
222,34195931265835,34195935354320,19991690,sB-eth3,up,34195935184609,netem,26422564,19030,0,0,0,0,0,23309588,3642,0,25400512,3544,0
223,34195951270577,34195953101337,20004742,sA-eth3,up,34195952910954,netem,24241552,17696,0,0,0,0,0,22491320,3406,0,23304466,3497,0
223,34195951270577,34195954901946,20004742,sB-eth3,up,34195954747755,netem,26422564,19030,0,0,0,0,0,23309588,3642,0,25400512,3544,0
224,34195971284127,34195973146319,20013550,sA-eth3,up,34195972957086,netem,24241552,17696,0,0,0,0,0,22491320,3406,0,23304466,3497,0
224,34195971284127,34195974780996,20013550,sB-eth3,up,34195974627605,netem,26422564,19030,0,0,0,0,0,23309588,3642,0,25400512,3544,0
225,34195991270358,34195993097599,19986231,sA-eth3,up,34195992914947,netem,24241552,17696,0,0,0,0,0,22491320,3406,0,23304466,3497,0
225,34195991270358,34195994706006,19986231,sB-eth3,up,34195994550934,netem,26422564,19030,0,0,0,0,0,23309588,3642,0,25400512,3544,0
226,34196011273199,34196013074649,20002841,sA-eth3,up,34196012882757,netem,24241552,17696,0,0,0,0,0,22491320,3406,0,23304466,3497,0
226,34196011273199,34196014693237,20002841,sB-eth3,up,34196014541035,netem,26422564,19030,0,0,0,0,0,23309588,3642,0,25400512,3544,0
227,34196031267950,34196033533925,19994751,sA-eth3,up,34196033355612,netem,24241552,17696,0,0,0,0,0,22491320,3406,0,23304466,3497,0
227,34196031267950,34196035348945,19994751,sB-eth3,up,34196035194134,netem,26422564,19030,0,0,0,0,0,23309588,3642,0,25400512,3544,0
228,34196051276502,34196053114492,20008552,sA-eth3,up,34196052924889,netem,24241552,17696,0,0,0,0,0,22491320,3406,0,23304466,3497,0
228,34196051276502,34196054945571,20008552,sB-eth3,up,34196054790261,netem,26422564,19030,0,0,0,0,0,23309588,3642,0,25400512,3544,0
229,34196071278332,34196073125802,20001830,sA-eth3,up,34196072937881,netem,24241552,17696,0,0,0,0,0,22491320,3406,0,23304466,3497,0
229,34196071278332,34196074735540,20001830,sB-eth3,up,34196074582679,netem,26422564,19030,0,0,0,0,0,23309588,3642,0,25400512,3544,0
230,34196091263993,34196092998262,19985661,sA-eth3,up,34196092836430,netem,24241552,17696,0,0,0,0,0,22491320,3406,0,23304466,3497,0
230,34196091263993,34196095035084,19985661,sB-eth3,up,34196094857793,netem,26422564,19030,0,0,0,0,0,23309588,3642,0,25400512,3544,0
231,34196111277494,34196113099234,20013501,sA-eth3,up,34196112912852,netem,24241552,17696,0,0,0,0,0,22491320,3406,0,23304466,3497,0
231,34196111277494,34196114889504,20013501,sB-eth3,up,34196114736573,netem,26422564,19030,0,0,0,0,0,23309588,3642,0,25400512,3544,0
232,34196131274276,34196133103126,19996782,sA-eth3,up,34196132917263,netem,24241552,17696,0,0,0,0,0,22491320,3406,0,23304466,3497,0
232,34196131274276,34196135034976,19996782,sB-eth3,up,34196134865075,netem,26422564,19030,0,0,0,0,0,23309588,3642,0,25400512,3544,0
233,34196151280776,34196153190117,20006500,sA-eth3,up,34196153000655,netem,24241552,17696,0,0,0,0,0,22491320,3406,0,23304466,3497,0
233,34196151280776,34196154817195,20006500,sB-eth3,up,34196154662863,netem,26422564,19030,0,0,0,0,0,23309588,3642,0,25400512,3544,0
234,34196171270367,34196173258189,19989591,sA-eth3,up,34196173097076,netem,24241552,17696,0,0,0,0,0,22491320,3406,0,23304466,3497,0
234,34196171270367,34196174938868,19989591,sB-eth3,up,34196174786436,netem,26422564,19030,0,0,0,0,0,23309588,3642,0,25400512,3544,0
235,34196191266907,34196193047638,19996540,sA-eth3,up,34196192858365,netem,24241552,17696,0,0,0,0,0,22491320,3406,0,23304466,3497,0
235,34196191266907,34196194679446,19996540,sB-eth3,up,34196194523753,netem,26422564,19030,0,0,0,0,0,23309588,3642,0,25400512,3544,0
236,34196211271889,34196213360222,20004982,sA-eth3,up,34196213184571,netem,24241552,17696,0,0,0,0,0,22491320,3406,0,23304466,3497,0
236,34196211271889,34196215214713,20004982,sB-eth3,up,34196215058231,netem,26422564,19030,0,0,0,0,0,23309658,3643,0,25400512,3544,0
237,34196231279109,34196233117600,20007220,sA-eth3,up,34196232927378,netem,24241552,17696,0,0,0,0,0,22491320,3406,0,23304466,3497,0
237,34196231279109,34196234773838,20007220,sB-eth3,up,34196234615757,netem,26422564,19030,0,0,0,0,0,23309658,3643,0,25400512,3544,0
238,34196251267781,34196253093141,19988672,sA-eth3,up,34196252902978,netem,24241552,17696,0,0,0,0,0,22491320,3406,0,23304466,3497,0
238,34196251267781,34196254726048,19988672,sB-eth3,up,34196254572697,netem,26422564,19030,0,0,0,0,0,23309658,3643,0,25400512,3544,0
239,34196271276172,34196273389645,20008391,sA-eth3,up,34196273219893,netem,24241552,17696,0,0,0,0,0,22491320,3406,0,23304466,3497,0
239,34196271276172,34196275198925,20008391,sB-eth3,up,34196275044623,netem,26422564,19030,0,0,0,0,0,23309658,3643,0,25400512,3544,0
240,34196291275353,34196293018221,19999181,sA-eth3,up,34196292841350,netem,24241552,17696,0,0,0,0,0,22491320,3406,0,23304466,3497,0
240,34196291275353,34196294843002,19999181,sB-eth3,up,34196294675930,netem,26422564,19030,0,0,0,0,0,23309658,3643,0,25400512,3544,0
241,34196311279403,34196313130494,20004050,sA-eth3,up,34196312938512,netem,24241552,17696,0,0,0,0,0,22491320,3406,0,23304466,3497,0
241,34196311279403,34196314965714,20004050,sB-eth3,up,34196314812762,netem,26422564,19030,0,0,0,0,0,23309658,3643,0,25400512,3544,0
242,34196331266864,34196333103885,19987461,sA-eth3,up,34196332924103,netem,24241552,17696,0,0,0,0,0,22491320,3406,0,23304466,3497,0
242,34196331266864,34196334898904,19987461,sB-eth3,up,34196334744673,netem,26422564,19030,0,0,0,0,0,23309658,3643,0,25400512,3544,0
243,34196351272205,34196353049305,20005341,sA-eth3,up,34196352863133,netem,24241552,17696,0,0,0,0,0,22491320,3406,0,23304466,3497,0
243,34196351272205,34196354827875,20005341,sB-eth3,up,34196354675634,netem,26422564,19030,0,0,0,0,0,23309658,3643,0,25400512,3544,0
244,34196371275587,34196373049277,20003382,sA-eth3,up,34196372867455,netem,24241552,17696,0,0,0,0,0,22491320,3406,0,23304466,3497,0
244,34196371275587,34196374838886,20003382,sB-eth3,up,34196374685664,netem,26422564,19030,0,0,0,0,0,23309658,3643,0,25400512,3544,0
245,34196391278788,34196393103657,20003201,sA-eth3,up,34196392917305,netem,24241552,17696,0,0,0,0,0,22491320,3406,0,23304466,3497,0
245,34196391278788,34196394946967,20003201,sB-eth3,up,34196394793707,netem,26422564,19030,0,0,0,0,0,23309658,3643,0,25400512,3544,0
246,34196411276088,34196413119838,19997300,sA-eth3,up,34196412931297,netem,24241552,17696,0,0,0,0,0,22491390,3407,0,23304466,3497,0
246,34196411276088,34196414749057,19997300,sB-eth3,up,34196414591864,netem,26422564,19030,0,0,0,0,0,23309658,3643,0,25400512,3544,0
247,34196431270019,34196433000848,19993931,sA-eth3,up,34196432838527,netem,24241552,17696,0,0,0,0,0,22491390,3407,0,23304466,3497,0
247,34196431270019,34196435053382,19993931,sB-eth3,up,34196434883129,netem,26422564,19030,0,0,0,0,0,23309658,3643,0,25400512,3544,0
248,34196451267290,34196453080360,19997271,sA-eth3,up,34196452897268,netem,24241552,17696,0,0,0,0,0,22491390,3407,0,23304466,3497,0
248,34196451267290,34196454786049,19997271,sB-eth3,up,34196454635717,netem,26422564,19030,0,0,0,0,0,23309658,3643,0,25400512,3544,0
249,34196471280631,34196473090412,20013341,sA-eth3,up,34196472908800,netem,24241552,17696,0,0,0,0,0,22491390,3407,0,23304466,3497,0
249,34196471280631,34196474731629,20013341,sB-eth3,up,34196474575208,netem,26422564,19030,0,0,0,0,0,23309658,3643,0,25400512,3544,0
250,34196491275552,34196493124602,19994921,sA-eth3,up,34196492932791,netem,24241552,17696,0,0,0,0,0,22491390,3407,0,23304466,3497,0
250,34196491275552,34196495349557,19994921,sB-eth3,up,34196495173925,netem,26422564,19030,0,0,0,0,0,23309658,3643,0,25400512,3544,0
251,34196511296763,34196513293755,20021211,sA-eth3,up,34196513073702,netem,24241552,17696,0,0,0,0,0,22491390,3407,0,23304466,3497,0
251,34196511296763,34196515033905,20021211,sB-eth3,up,34196514851072,netem,26422564,19030,0,0,0,0,0,23309658,3643,0,25400512,3544,0
252,34196531275094,34196533068294,19978331,sA-eth3,up,34196532882562,netem,24241622,17697,0,0,0,0,0,22491390,3407,0,23304536,3498,0
252,34196531275094,34196534685231,19978331,sB-eth3,up,34196534530820,netem,26422564,19030,0,0,0,0,0,23309658,3643,0,25400512,3544,0
253,34196551278825,34196553125525,20003731,sA-eth3,up,34196552919734,netem,24241622,17697,0,0,0,0,0,22491390,3407,0,23304536,3498,0
253,34196551278825,34196554771724,20003731,sB-eth3,up,34196554611811,netem,26422564,19030,0,0,0,0,0,23309658,3643,0,25400512,3544,0
254,34196571283866,34196573107456,20005041,sA-eth3,up,34196572919654,netem,24241622,17697,0,0,0,0,0,22491390,3407,0,23304536,3498,0
254,34196571283866,34196574794505,20005041,sB-eth3,up,34196574638393,netem,26422564,19030,0,0,0,0,0,23309658,3643,0,25400512,3544,0
255,34196591267397,34196593058346,19983531,sA-eth3,up,34196592875485,netem,24241622,17697,0,0,0,0,0,22491390,3407,0,23304536,3498,0
255,34196591267397,34196594674814,19983531,sB-eth3,up,34196594521413,netem,26422564,19030,0,0,0,0,0,23309658,3643,0,25400512,3544,0
256,34196611276747,34196613073297,20009350,sA-eth3,up,34196612883386,netem,24241622,17697,0,0,0,0,0,22491390,3407,0,23304536,3498,0
256,34196611276747,34196614692006,20009350,sB-eth3,up,34196614538494,netem,26422564,19030,0,0,0,0,0,23309658,3643,0,25400512,3544,0
257,34196631268559,34196633023558,19991812,sA-eth3,up,34196632845826,netem,24241622,17697,0,0,0,0,0,22491390,3407,0,23304536,3498,0
257,34196631268559,34196634664826,19991812,sB-eth3,up,34196634509565,netem,26422564,19030,0,0,0,0,0,23309658,3643,0,25400512,3544,0
258,34196651279870,34196653104390,20011311,sA-eth3,up,34196652906878,netem,24241622,17697,0,0,0,0,0,22491390,3407,0,23304536,3498,0
258,34196651279870,34196654782658,20011311,sB-eth3,up,34196654624986,netem,26422564,19030,0,0,0,0,0,23309658,3643,0,25400512,3544,0
259,34196671271080,34196673032890,19991210,sA-eth3,up,34196672847428,netem,24241622,17697,0,0,0,0,0,22491390,3407,0,23304536,3498,0
259,34196671271080,34196675308206,19991210,sB-eth3,up,34196675150253,netem,26422634,19031,0,0,0,0,0,23309658,3643,0,25400582,3545,0
260,34196691267591,34196693053851,19996511,sA-eth3,up,34196692871949,netem,24241622,17697,0,0,0,0,0,22491390,3407,0,23304536,3498,0
260,34196691267591,34196694675038,19996511,sB-eth3,up,34196694521008,netem,26422634,19031,0,0,0,0,0,23309658,3643,0,25400582,3545,0
261,34196711267442,34196713155174,19999851,sA-eth3,up,34196712980691,netem,24241622,17697,0,0,0,0,0,22491390,3407,0,23304536,3498,0
261,34196711267442,34196714764831,19999851,sB-eth3,up,34196714604160,netem,26422634,19031,0,0,0,0,0,23309658,3643,0,25400582,3545,0
262,34196731276494,34196733095543,20009052,sA-eth3,up,34196732911512,netem,24241692,17698,0,0,0,0,0,22491390,3407,0,23304606,3499,0
262,34196731276494,34196734738911,20009052,sB-eth3,up,34196734585510,netem,26422634,19031,0,0,0,0,0,23309658,3643,0,25400582,3545,0
263,34196751274924,34196753049764,19998430,sA-eth3,up,34196752864653,netem,24241692,17698,0,0,0,0,0,22491390,3407,0,23304606,3499,0
263,34196751274924,34196755167768,19998430,sB-eth3,up,34196755015145,netem,26422634,19031,0,0,0,0,0,23309658,3643,0,25400582,3545,0
264,34196771265695,34196773030734,19990771,sA-eth3,up,34196772853773,netem,24241692,17698,0,0,0,0,0,22491390,3407,0,23304606,3499,0
264,34196771265695,34196774621722,19990771,sB-eth3,up,34196774463940,netem,26422634,19031,0,0,0,0,0,23309658,3643,0,25400582,3545,0
265,34196791280816,34196793072966,20015121,sA-eth3,up,34196792889574,netem,24241692,17698,0,0,0,0,0,22491390,3407,0,23304606,3499,0
265,34196791280816,34196794670243,20015121,sB-eth3,up,34196794512582,netem,26422634,19031,0,0,0,0,0,23309658,3643,0,25400582,3545,0
266,34196811270137,34196813058287,19989321,sA-eth3,up,34196812880535,netem,24241692,17698,0,0,0,0,0,22491390,3407,0,23304606,3499,0
266,34196811270137,34196815198801,19989321,sB-eth3,up,34196815046419,netem,26422634,19031,0,0,0,0,0,23309658,3643,0,25400582,3545,0
267,34196831267088,34196833102188,19996951,sA-eth3,up,34196832921956,netem,24241692,17698,0,0,0,0,0,22491390,3407,0,23304606,3499,0
267,34196831267088,34196834885698,19996951,sB-eth3,up,34196834734016,netem,26422634,19031,0,0,0,0,0,23309658,3643,0,25400582,3545,0
268,34196851276599,34196853152720,20009511,sA-eth3,up,34196852952998,netem,24241692,17698,0,0,0,0,0,22491390,3407,0,23304606,3499,0
268,34196851276599,34196854908190,20009511,sB-eth3,up,34196854752298,netem,26422634,19031,0,0,0,0,0,23309658,3643,0,25400582,3545,0
269,34196871272170,34196873113290,19995571,sA-eth3,up,34196872931638,netem,24241692,17698,0,0,0,0,0,22491390,3407,0,23304606,3499,0
269,34196871272170,34196874885380,19995571,sB-eth3,up,34196874731678,netem,26422634,19031,0,0,0,0,0,23309658,3643,0,25400582,3545,0
270,34196891274531,34196893199023,20002361,sA-eth3,up,34196893028921,netem,24241692,17698,0,0,0,0,0,22491390,3407,0,23304606,3499,0
270,34196891274531,34196894997972,20002361,sB-eth3,up,34196894845690,netem,26422634,19031,0,0,0,0,0,23309658,3643,0,25400582,3545,0
271,34196911275462,34196913170513,20000931,sA-eth3,up,34196912984041,netem,24241692,17698,0,0,0,0,0,22491390,3407,0,23304606,3499,0
271,34196911275462,34196914809332,20000931,sB-eth3,up,34196914657949,netem,26422634,19031,0,0,0,0,0,23309658,3643,0,25400582,3545,0
272,34196931265193,34196933071653,19989731,sA-eth3,up,34196932883420,netem,24241692,17698,0,0,0,0,0,22491390,3407,0,23304606,3499,0
272,34196931265193,34196934708221,19989731,sB-eth3,up,34196934554549,netem,26422634,19031,0,0,0,0,0,23309658,3643,0,25400582,3545,0
273,34196951270583,34196953284136,20005390,sA-eth3,up,34196953119104,netem,24241692,17698,0,0,0,0,0,22491390,3407,0,23304606,3499,0
273,34196951270583,34196954921374,20005390,sB-eth3,up,34196954769723,netem,26422634,19031,0,0,0,0,0,23309658,3643,0,25400582,3545,0
274,34196971267175,34196973000125,19996592,sA-eth3,up,34196972842522,netem,24241692,17698,0,0,0,0,0,22491390,3407,0,23304606,3499,0
274,34196971267175,34196974635272,19996592,sB-eth3,up,34196974484880,netem,26422634,19031,0,0,0,0,0,23309658,3643,0,25400582,3545,0
275,34196991272286,34196993069245,20005111,sA-eth3,up,34196992880993,netem,24242028,17702,0,0,0,156,2,22512058,3413,0,23304942,3503,0
275,34196991272286,34196994758245,20005111,sB-eth3,up,34196994603702,netem,26422634,19031,0,0,0,0,0,23309658,3643,0,25400582,3545,0
276,34197011264446,34197013500161,19992160,sA-eth3,up,34197013314900,netem,24243006,17715,0,0,0,0,0,22579524,3426,0,23305920,3516,0
276,34197011264446,34197015243880,19992160,sB-eth3,up,34197015089709,netem,26422634,19031,0,0,0,0,0,23309658,3643,0,25400582,3545,0
277,34197031266178,34197032968747,20001732,sA-eth3,up,34197032807884,netem,24243892,17726,0,0,0,0,0,22664300,3438,0,23306806,3527,0
277,34197031266178,34197034576054,20001732,sB-eth3,up,34197034423852,netem,26422634,19031,0,0,0,0,0,23309658,3643,0,25400582,3545,0
278,34197051267928,34197053043108,20001750,sA-eth3,up,34197052853896,netem,24244854,17739,0,0,0,78,1,22757764,3450,0,23307768,3540,0
278,34197051267928,34197055163802,20001750,sB-eth3,up,34197054995160,netem,26422774,19033,0,0,0,0,0,23309658,3643,0,25400722,3547,0
279,34197071274660,34197073109440,20006732,sA-eth3,up,34197072921647,netem,24246034,17755,0,0,0,0,0,22860114,3465,0,23308948,3556,0
279,34197071274660,34197074704247,20006732,sB-eth3,up,34197074547396,netem,26422774,19033,0,0,0,0,0,23309658,3643,0,25400722,3547,0
280,34197091271530,34197093025820,19996870,sA-eth3,up,34197092845978,netem,24246794,17765,0,0,0,0,0,22938966,3475,0,23309708,3566,0
280,34197091271530,34197095141414,19996870,sB-eth3,up,34197094975392,netem,26422774,19033,0,0,0,0,0,23309658,3643,0,25400722,3547,0
281,34197111264682,34197113158572,19993152,sA-eth3,up,34197112981840,netem,24247772,17778,0,0,0,0,0,23048424,3488,0,23310686,3579,0
281,34197111264682,34197114898111,19993152,sB-eth3,up,34197114747199,netem,26422774,19033,0,0,0,0,0,23309658,3643,0,25400722,3547,0
282,34197131271982,34197133100362,20007300,sA-eth3,up,34197132917871,netem,24248462,17787,0,0,0,66,1,23124314,3497,0,23311442,3589,0
282,34197131271982,34197134862822,20007300,sB-eth3,up,34197134700161,netem,26422774,19033,0,0,0,0,0,23309658,3643,0,25400722,3547,0
283,34197151282384,34197153081204,20010402,sA-eth3,up,34197152884061,netem,24249124,17796,0,0,0,0,0,23203100,3506,0,23312038,3597,0
283,34197151282384,34197155060365,20010402,sB-eth3,up,34197154891294,netem,26422774,19033,0,0,0,0,0,23309658,3643,0,25400722,3547,0
284,34197171267235,34197173096754,19984851,sA-eth3,up,34197172918052,netem,24249890,17805,0,0,0,78,1,23286296,3516,0,23312804,3606,0
284,34197171267235,34197174858544,19984851,sB-eth3,up,34197174706793,netem,26422774,19033,0,0,0,0,0,23309658,3643,0,25400722,3547,0
285,34197191265915,34197193108966,19998680,sA-eth3,up,34197192915183,netem,24250854,17817,0,0,0,78,1,23353564,3526,0,23313768,3618,0
285,34197191265915,34197194720233,19998680,sB-eth3,up,34197194564681,netem,26422774,19033,0,0,0,0,0,23309658,3643,0,25400722,3547,0
286,34197211266087,34197213199227,20000172,sA-eth3,up,34197213037316,netem,24251388,17824,0,0,0,0,0,23412078,3535,0,23314302,3625,0
286,34197211266087,34197214966527,20000172,sB-eth3,up,34197214812575,netem,26422774,19033,0,0,0,0,0,23309658,3643,0,25400722,3547,0
287,34197231268447,34197233132318,20002360,sA-eth3,up,34197232948256,netem,24251918,17831,0,0,0,0,0,23463220,3542,0,23314832,3632,0
287,34197231268447,34197234897068,20002360,sB-eth3,up,34197234744256,netem,26422774,19033,0,0,0,0,0,23309658,3643,0,25400722,3547,0
288,34197251264849,34197252990187,19996402,sA-eth3,up,34197252833445,netem,24252074,17833,0,0,0,0,0,23477832,3544,0,23314988,3634,0
288,34197251264849,34197254606495,19996402,sB-eth3,up,34197254454373,netem,26422774,19033,0,0,0,0,0,23309658,3643,0,25400722,3547,0
289,34197271265549,34197272958178,20000700,sA-eth3,up,34197272794516,netem,24252074,17833,0,0,0,0,0,23477832,3544,0,23314988,3634,0
289,34197271265549,34197274557425,20000700,sB-eth3,up,34197274397383,netem,26422774,19033,0,0,0,0,0,23309658,3643,0,25400722,3547,0
290,34197291269480,34197292990389,20003931,sA-eth3,up,34197292829938,netem,24252074,17833,0,0,0,0,0,23477832,3544,0,23314988,3634,0
290,34197291269480,34197294733208,20003931,sB-eth3,up,34197294577686,netem,26422774,19033,0,0,0,0,0,23309658,3643,0,25400722,3547,0
291,34197311272101,34197313198742,20002621,sA-eth3,up,34197312975450,netem,24252074,17833,0,0,0,0,0,23477832,3544,0,23314988,3634,0
291,34197311272101,34197314849690,20002621,sB-eth3,up,34197314664408,netem,26422774,19033,0,0,0,0,0,23309658,3643,0,25400722,3547,0
292,34197331273742,34197333048822,20001641,sA-eth3,up,34197332864780,netem,24252074,17833,0,0,0,0,0,23477832,3544,0,23314988,3634,0
292,34197331273742,34197334639899,20001641,sB-eth3,up,34197334485328,netem,26422774,19033,0,0,0,0,0,23309658,3643,0,25400722,3547,0
293,34197351269283,34197352994562,19995541,sA-eth3,up,34197352832620,netem,24252074,17833,0,0,0,0,0,23477832,3544,0,23314988,3634,0
293,34197351269283,34197354586800,19995541,sB-eth3,up,34197354435198,netem,26422774,19033,0,0,0,0,0,23309658,3643,0,25400722,3547,0
294,34197371269044,34197373139185,19999761,sA-eth3,up,34197372949643,netem,24252074,17833,0,0,0,0,0,23477832,3544,0,23314988,3634,0
294,34197371269044,34197374882703,19999761,sB-eth3,up,34197374710152,netem,26422844,19034,0,0,0,0,0,23309658,3643,0,25400792,3548,0
295,34197391275474,34197395787355,20006430,sA-eth3,up,34197395608893,netem,24252074,17833,0,0,0,0,0,23477832,3544,0,23314988,3634,0
295,34197391275474,34197398077250,20006430,sB-eth3,up,34197397895938,netem,26422844,19034,0,0,0,0,0,23309658,3643,0,25400792,3548,0
296,34197411266206,34197413172616,19990732,sA-eth3,up,34197412997405,netem,24252074,17833,0,0,0,0,0,23477832,3544,0,23314988,3634,0
296,34197411266206,34197414823245,19990732,sB-eth3,up,34197414667863,netem,26422844,19034,0,0,0,0,0,23309658,3643,0,25400792,3548,0
297,34197431267816,34197433058456,20001610,sA-eth3,up,34197432878755,netem,24252074,17833,0,0,0,0,0,23477832,3544,0,23314988,3634,0
297,34197431267816,34197434693025,20001610,sB-eth3,up,34197434540783,netem,26422844,19034,0,0,0,0,0,23309658,3643,0,25400792,3548,0
298,34197451270988,34197453093218,20003172,sA-eth3,up,34197452912186,netem,24252074,17833,0,0,0,0,0,23477832,3544,0,23314988,3634,0
298,34197451270988,34197454772327,20003172,sB-eth3,up,34197454614175,netem,26422844,19034,0,0,0,0,0,23309658,3643,0,25400792,3548,0
299,34197471273888,34197473118349,20002900,sA-eth3,up,34197472932277,netem,24252074,17833,0,0,0,0,0,23477832,3544,0,23314988,3634,0
299,34197471273888,34197474781137,20002900,sB-eth3,up,34197474626816,netem,26422844,19034,0,0,0,0,0,23309658,3643,0,25400792,3548,0
300,34197491276300,34197493121480,20002412,sA-eth3,up,34197492923057,netem,24252074,17833,0,0,0,0,0,23477832,3544,0,23314988,3634,0
300,34197491276300,34197494720837,20002412,sB-eth3,up,34197494566636,netem,26422844,19034,0,0,0,0,0,23309658,3643,0,25400792,3548,0
301,34197511277791,34197513039960,20001491,sA-eth3,up,34197512860448,netem,24252074,17833,0,0,0,0,0,23477832,3544,0,23314988,3634,0
301,34197511277791,34197515317615,20001491,sB-eth3,up,34197515162584,netem,26422844,19034,0,0,0,0,0,23309658,3643,0,25400792,3548,0
302,34197531274502,34197533118042,19996711,sA-eth3,up,34197532931920,netem,24252074,17833,0,0,0,0,0,23477832,3544,0,23314988,3634,0
302,34197531274502,34197534710309,19996711,sB-eth3,up,34197534557649,netem,26422844,19034,0,0,0,0,0,23309658,3643,0,25400792,3548,0
303,34197551263243,34197553402027,19988741,sA-eth3,up,34197553244175,netem,24297584,17864,0,0,0,36336,2,23477964,3547,0,23358716,3638,0
303,34197551263243,34197555249807,19988741,sB-eth3,up,34197555095435,netem,26422844,19034,0,0,0,0,0,23309658,3643,0,25400792,3548,0
304,34197571267214,34197573293856,20003971,sA-eth3,up,34197573129395,netem,24539824,18024,0,0,0,30280,2,23478624,3556,0,23606130,3657,0
304,34197571267214,34197575062326,20003971,sB-eth3,up,34197574877624,netem,26422844,19034,0,0,0,0,0,23309658,3643,0,25400792,3548,0
305,34197591267264,34197593055274,20000050,sA-eth3,up,34197592874872,netem,24609468,18070,0,0,0,0,0,23478624,3556,0,23658588,3662,0
305,34197591267264,34197594648232,20000050,sB-eth3,up,34197594495930,netem,26422844,19034,0,0,0,0,0,23309658,3643,0,25400792,3548,0
306,34197611277455,34197613071156,20010191,sA-eth3,up,34197612880194,netem,24639748,18090,0,0,0,30280,2,23478690,3557,0,23687680,3664,0
306,34197611277455,34197614672593,20010191,sB-eth3,up,34197614518621,netem,26422844,19034,0,0,0,0,0,23309658,3643,0,25400792,3548,0
307,34197631267106,34197632978066,19989651,sA-eth3,up,34197632818814,netem,24759354,18169,0,0,0,0,0,23478690,3557,0,23802666,3673,0
307,34197631267106,34197634572533,19989651,sB-eth3,up,34197634416601,netem,26422844,19034,0,0,0,0,0,23309658,3643,0,25400792,3548,0
308,34197651265147,34197653356791,19998041,sA-eth3,up,34197653194269,netem,24771154,18177,0,0,0,0,0,23478756,3558,0,23814004,3674,0
308,34197651265147,34197655125290,19998041,sB-eth3,up,34197654956468,netem,26422844,19034,0,0,0,0,0,23309658,3643,0,25400792,3548,0
309,34197671276019,34197673095389,20010872,sA-eth3,up,34197672910857,netem,24771154,18177,0,0,0,0,0,23478756,3558,0,23814004,3674,0
309,34197671276019,34197674675936,20010872,sB-eth3,up,34197674525465,netem,26422844,19034,0,0,0,0,0,23309658,3643,0,25400792,3548,0
310,34197691262220,34197693088719,19986201,sA-eth3,up,34197692904298,netem,24771154,18177,0,0,0,0,0,23478756,3558,0,23814004,3674,0
310,34197691262220,34197694753248,19986201,sB-eth3,up,34197694601466,netem,26422844,19034,0,0,0,0,0,23309658,3643,0,25400792,3548,0
311,34197711274561,34197713051240,20012341,sA-eth3,up,34197712868458,netem,24771154,18177,0,0,0,0,0,23478756,3558,0,23814004,3674,0
311,34197711274561,34197714691378,20012341,sB-eth3,up,34197714538837,netem,26422844,19034,0,0,0,0,0,23309658,3643,0,25400792,3548,0
312,34197731281952,34197733121381,20007391,sA-eth3,up,34197732937680,netem,24771154,18177,0,0,0,0,0,23478756,3558,0,23814004,3674,0
312,34197731281952,34197735078163,20007391,sB-eth3,up,34197734910162,netem,26422844,19034,0,0,0,0,0,23309658,3643,0,25400792,3548,0
313,34197751277682,34197753081503,19995730,sA-eth3,up,34197752902650,netem,24771154,18177,0,0,0,0,0,23478756,3558,0,23814004,3674,0
313,34197751277682,34197754679540,19995730,sB-eth3,up,34197754527049,netem,26422844,19034,0,0,0,0,0,23309658,3643,0,25400792,3548,0
314,34197771268053,34197773091233,19990371,sA-eth3,up,34197772894201,netem,24771154,18177,0,0,0,0,0,23478756,3558,0,23814004,3674,0
314,34197771268053,34197774730522,19990371,sB-eth3,up,34197774577280,netem,26422844,19034,0,0,0,0,0,23309658,3643,0,25400792,3548,0
315,34197791275974,34197793048425,20007921,sA-eth3,up,34197792867242,netem,24771154,18177,0,0,0,0,0,23478756,3558,0,23814004,3674,0
315,34197791275974,34197794665262,20007921,sB-eth3,up,34197794512300,netem,26422844,19034,0,0,0,0,0,23309658,3643,0,25400792,3548,0
316,34197811279476,34197813133075,20003502,sA-eth3,up,34197812938774,netem,24771154,18177,0,0,0,0,0,23478756,3558,0,23814004,3674,0
316,34197811279476,34197814819955,20003502,sB-eth3,up,34197814667643,netem,26422844,19034,0,0,0,0,0,23309658,3643,0,25400792,3548,0
317,34197831278586,34197833062517,19999110,sA-eth3,up,34197832880945,netem,24771154,18177,0,0,0,0,0,23478756,3558,0,23814004,3674,0
317,34197831278586,34197834734505,19999110,sB-eth3,up,34197834582294,netem,26422844,19034,0,0,0,0,0,23309658,3643,0,25400792,3548,0
318,34197851274118,34197853279590,19995532,sA-eth3,up,34197853109517,netem,24771154,18177,0,0,0,0,0,23478756,3558,0,23814004,3674,0
318,34197851274118,34197854914797,19995532,sB-eth3,up,34197854745046,netem,26422844,19034,0,0,0,0,0,23309658,3643,0,25400792,3548,0
319,34197871276258,34197873587334,20002140,sA-eth3,up,34197873414212,netem,24771220,18178,0,0,0,0,0,23478756,3558,0,23814070,3675,0
319,34197871276258,34197875342504,20002140,sB-eth3,up,34197875186502,netem,26422844,19034,0,0,0,0,0,23309658,3643,0,25400792,3548,0
320,34197891276450,34197893108039,20000192,sA-eth3,up,34197892919697,netem,24771744,18184,0,0,0,0,0,23495080,3564,0,23814594,3681,0
320,34197891276450,34197894855659,20000192,sB-eth3,up,34197894700207,netem,26422844,19034,0,0,0,0,0,23309658,3643,0,25400792,3548,0
321,34197911280771,34197913098451,20004321,sA-eth3,up,34197912906309,netem,24772596,18196,0,0,0,0,0,23555240,3577,0,23815446,3693,0
321,34197911280771,34197914707308,20004321,sB-eth3,up,34197914554297,netem,26422844,19034,0,0,0,0,0,23309658,3643,0,25400792,3548,0
322,34197931265661,34197933231463,19984890,sA-eth3,up,34197933067521,netem,24772752,18198,0,0,0,0,0,23569852,3578,0,23815602,3695,0
322,34197931265661,34197934977442,19984890,sB-eth3,up,34197934823001,netem,26422844,19034,0,0,0,0,0,23309658,3643,0,25400792,3548,0
323,34197951293602,34197953075082,20027941,sA-eth3,up,34197952885551,netem,24772752,18198,0,0,0,0,0,23569852,3578,0,23815602,3695,0
323,34197951293602,34197954861532,20027941,sB-eth3,up,34197954709211,netem,26422844,19034,0,0,0,0,0,23309658,3643,0,25400792,3548,0
324,34197971283553,34197973130514,19989951,sA-eth3,up,34197972948572,netem,24772752,18198,0,0,0,0,0,23569852,3578,0,23815602,3695,0
324,34197971283553,34197974920503,19989951,sB-eth3,up,34197974767072,netem,26422844,19034,0,0,0,0,0,23309658,3643,0,25400792,3548,0
325,34197991285154,34197993197076,20001601,sA-eth3,up,34197993022424,netem,24772752,18198,0,0,0,0,0,23569852,3578,0,23815602,3695,0
325,34197991285154,34197995089946,20001601,sB-eth3,up,34197994905885,netem,26422844,19034,0,0,0,0,0,23309658,3643,0,25400792,3548,0
326,34198011272515,34198013116856,19987361,sA-eth3,up,34198012935394,netem,24772752,18198,0,0,0,0,0,23569852,3578,0,23815602,3695,0
326,34198011272515,34198014916025,19987361,sB-eth3,up,34198014760034,netem,26422844,19034,0,0,0,0,0,23309658,3643,0,25400792,3548,0
327,34198031271427,34198033043366,19998912,sA-eth3,up,34198032864034,netem,24772752,18198,0,0,0,0,0,23569852,3578,0,23815602,3695,0
327,34198031271427,34198034632863,19998912,sB-eth3,up,34198034483612,netem,26422844,19034,0,0,0,0,0,23309658,3643,0,25400792,3548,0
328,34198051269787,34198053022706,19998360,sA-eth3,up,34198052837445,netem,24772752,18198,0,0,0,0,0,23569852,3578,0,23815602,3695,0
328,34198051269787,34198054929138,19998360,sB-eth3,up,34198054772696,netem,26422844,19034,0,0,0,0,0,23309658,3643,0,25400792,3548,0
329,34198071275499,34198073096769,20005712,sA-eth3,up,34198072915036,netem,24772752,18198,0,0,0,0,0,23569852,3578,0,23815602,3695,0
329,34198071275499,34198074930909,20005712,sB-eth3,up,34198074778517,netem,26422844,19034,0,0,0,0,0,23309658,3643,0,25400792,3548,0
330,34198091267609,34198093083950,19992110,sA-eth3,up,34198092901718,netem,24772752,18198,0,0,0,0,0,23569852,3578,0,23815602,3695,0
330,34198091267609,34198094866640,19992110,sB-eth3,up,34198094712487,netem,26422844,19034,0,0,0,0,0,23309658,3643,0,25400792,3548,0
331,34198111277441,34198113020930,20009832,sA-eth3,up,34198112836618,netem,24772752,18198,0,0,0,0,0,23569852,3578,0,23815602,3695,0
331,34198111277441,34198114784209,20009832,sB-eth3,up,34198114631498,netem,26422844,19034,0,0,0,0,0,23309658,3643,0,25400792,3548,0
332,34198131268301,34198133035321,19990860,sA-eth3,up,34198132857069,netem,24772752,18198,0,0,0,0,0,23569852,3578,0,23815602,3695,0
332,34198131268301,34198134782950,19990860,sB-eth3,up,34198134632479,netem,26422844,19034,0,0,0,0,0,23309658,3643,0,25400792,3548,0
333,34198151270273,34198153045972,20001972,sA-eth3,up,34198152853680,netem,24772752,18198,0,0,0,0,0,23569852,3578,0,23815602,3695,0
333,34198151270273,34198154755371,20001972,sB-eth3,up,34198154597039,netem,26422844,19034,0,0,0,0,0,23309658,3643,0,25400792,3548,0
334,34198171305783,34198173149425,20035510,sA-eth3,up,34198172951452,netem,24772752,18198,0,0,0,0,0,23569852,3578,0,23815602,3695,0
334,34198171305783,34198174786222,20035510,sB-eth3,up,34198174629041,netem,26422844,19034,0,0,0,0,0,23309658,3643,0,25400792,3548,0
335,34198191283965,34198193059634,19978182,sA-eth3,up,34198192863082,netem,24772752,18198,0,0,0,0,0,23569852,3578,0,23815602,3695,0
335,34198191283965,34198195221429,19978182,sB-eth3,up,34198195037427,netem,26422844,19034,0,0,0,0,0,23309658,3643,0,25400792,3548,0
336,34198211278596,34198213167056,19994631,sA-eth3,up,34198212983385,netem,24772752,18198,0,0,0,0,0,23569852,3578,0,23815602,3695,0
336,34198211278596,34198214811085,19994631,sB-eth3,up,34198214654893,netem,26422844,19034,0,0,0,0,0,23309658,3643,0,25400792,3548,0
337,34198231280837,34198233056236,20002241,sA-eth3,up,34198232870404,netem,24772752,18198,0,0,0,0,0,23569852,3578,0,23815602,3695,0
337,34198231280837,34198235070669,20002241,sB-eth3,up,34198234901416,netem,26422844,19034,0,0,0,0,0,23309658,3643,0,25400792,3548,0
338,34198251267128,34198253084277,19986291,sA-eth3,up,34198252903335,netem,24772752,18198,0,0,0,0,0,23569852,3578,0,23815602,3695,0
338,34198251267128,34198255189330,19986291,sB-eth3,up,34198255037129,netem,26422844,19034,0,0,0,0,0,23309658,3643,0,25400792,3548,0
339,34198271276028,34198273072149,20008900,sA-eth3,up,34198272893186,netem,24772752,18198,0,0,0,0,0,23569852,3578,0,23815602,3695,0
339,34198271276028,34198274826428,20008900,sB-eth3,up,34198274672846,netem,26422844,19034,0,0,0,0,0,23309658,3643,0,25400792,3548,0
340,34198291284170,34198293114259,20008142,sA-eth3,up,34198292929837,netem,24772752,18198,0,0,0,0,0,23569852,3578,0,23815602,3695,0
340,34198291284170,34198294897249,20008142,sB-eth3,up,34198294743768,netem,26422844,19034,0,0,0,0,0,23309658,3643,0,25400792,3548,0
341,34198311277381,34198313084841,19993211,sA-eth3,up,34198312903779,netem,24772818,18199,0,0,0,0,0,23569852,3578,0,23815668,3696,0
341,34198311277381,34198314968131,19993211,sB-eth3,up,34198314809880,netem,26422844,19034,0,0,0,0,0,23309658,3643,0,25400792,3548,0
342,34198331280551,34198333114272,20003170,sA-eth3,up,34198332930059,netem,24772818,18199,0,0,0,0,0,23569852,3578,0,23815668,3696,0
342,34198331280551,34198334717640,20003170,sB-eth3,up,34198334565918,netem,26422844,19034,0,0,0,0,0,23309658,3643,0,25400792,3548,0
343,34198351274592,34198353051361,19994041,sA-eth3,up,34198352869600,netem,24772818,18199,0,0,0,0,0,23569852,3578,0,23815668,3696,0
343,34198351274592,34198354701890,19994041,sB-eth3,up,34198354536938,netem,26422844,19034,0,0,0,0,0,23309658,3643,0,25400792,3548,0
344,34198371271593,34198373051803,19997001,sA-eth3,up,34198372869531,netem,24772818,18199,0,0,0,0,0,23569852,3578,0,23815668,3696,0
344,34198371271593,34198374673581,19997001,sB-eth3,up,34198374515719,netem,26422844,19034,0,0,0,0,0,23309658,3643,0,25400792,3548,0
345,34198391280544,34198393270546,20008951,sA-eth3,up,34198393106204,netem,24772818,18199,0,0,0,0,0,23569852,3578,0,23815668,3696,0
345,34198391280544,34198394900135,20008951,sB-eth3,up,34198394744553,netem,26422844,19034,0,0,0,0,0,23309658,3643,0,25400792,3548,0
346,34198411289936,34198413113656,20009392,sA-eth3,up,34198412929613,netem,24772818,18199,0,0,0,0,0,23569852,3578,0,23815668,3696,0
346,34198411289936,34198414758984,20009392,sB-eth3,up,34198414597662,netem,26422844,19034,0,0,0,0,0,23309658,3643,0,25400792,3548,0
347,34198431287736,34198433169077,19997800,sA-eth3,up,34198432967115,netem,24772818,18199,0,0,0,0,0,23569852,3578,0,23815668,3696,0
347,34198431287736,34198434813235,19997800,sB-eth3,up,34198434655564,netem,26422844,19034,0,0,0,0,0,23309658,3643,0,25400792,3548,0
348,34198451269537,34198453111067,19981801,sA-eth3,up,34198452916845,netem,24772818,18199,0,0,0,0,0,23569852,3578,0,23815668,3696,0
348,34198451269537,34198454765085,19981801,sB-eth3,up,34198454609914,netem,26422844,19034,0,0,0,0,0,23309658,3643,0,25400792,3548,0
349,34198471283308,34198473179769,20013771,sA-eth3,up,34198472968397,netem,24772818,18199,0,0,0,0,0,23569852,3578,0,23815668,3696,0
349,34198471283308,34198474866638,20013771,sB-eth3,up,34198474712797,netem,26422844,19034,0,0,0,0,0,23309658,3643,0,25400792,3548,0
350,34198491271849,34198493083669,19988541,sA-eth3,up,34198492901167,netem,24772818,18199,0,0,0,0,0,23569852,3578,0,23815668,3696,0
350,34198491271849,34198494797238,19988541,sB-eth3,up,34198494642766,netem,26422844,19034,0,0,0,0,0,23309658,3643,0,25400792,3548,0
351,34198511278540,34198513106460,20006691,sA-eth3,up,34198512920578,netem,24772818,18199,0,0,0,0,0,23569852,3578,0,23815668,3696,0
351,34198511278540,34198514782509,20006691,sB-eth3,up,34198514626117,netem,26422844,19034,0,0,0,0,0,23309658,3643,0,25400792,3548,0
352,34198531274501,34198533085532,19995961,sA-eth3,up,34198532897989,netem,24772818,18199,0,0,0,0,0,23569852,3578,0,23815668,3696,0
352,34198531274501,34198534820731,19995961,sB-eth3,up,34198534668839,netem,26422844,19034,0,0,0,0,0,23309658,3643,0,25400792,3548,0
353,34198551277192,34198553140883,20002691,sA-eth3,up,34198552957041,netem,24772818,18199,0,0,0,0,0,23569852,3578,0,23815668,3696,0
353,34198551277192,34198554913772,20002691,sB-eth3,up,34198554757301,netem,26422844,19034,0,0,0,0,0,23309658,3643,0,25400792,3548,0
354,34198571285853,34198573171754,20008661,sA-eth3,up,34198572984092,netem,24772818,18199,0,0,0,0,0,23569852,3578,0,23815668,3696,0
354,34198571285853,34198574905213,20008661,sB-eth3,up,34198574749152,netem,26422844,19034,0,0,0,0,0,23309658,3643,0,25400792,3548,0
355,34198591292504,34198593177235,20006651,sA-eth3,up,34198592991924,netem,24772818,18199,0,0,0,0,0,23569852,3578,0,23815668,3696,0
355,34198591292504,34198594859304,20006651,sB-eth3,up,34198594706763,netem,26422844,19034,0,0,0,0,0,23309658,3643,0,25400792,3548,0
356,34198611283175,34198613058794,19990671,sA-eth3,up,34198612868143,netem,24772818,18199,0,0,0,0,0,23569852,3578,0,23815668,3696,0
356,34198611283175,34198615308730,19990671,sB-eth3,up,34198615155848,netem,26422844,19034,0,0,0,0,0,23309658,3643,0,25400792,3548,0
357,34198631276266,34198633051656,19993091,sA-eth3,up,34198632874314,netem,24772818,18199,0,0,0,0,0,23569852,3578,0,23815668,3696,0
357,34198631276266,34198634652844,19993091,sB-eth3,up,34198634494622,netem,26422844,19034,0,0,0,0,0,23309658,3643,0,25400792,3548,0
358,34198651273907,34198653398261,19997641,sA-eth3,up,34198653222819,netem,24772818,18199,0,0,0,0,0,23569852,3578,0,23815668,3696,0
358,34198651273907,34198655122220,19997641,sB-eth3,up,34198654947068,netem,26422844,19034,0,0,0,0,0,23309658,3643,0,25400792,3548,0
359,34198671281979,34198673155709,20008072,sA-eth3,up,34198672968497,netem,24772818,18199,0,0,0,0,0,23569852,3578,0,23815668,3696,0
359,34198671281979,34198675144201,20008072,sB-eth3,up,34198674977970,netem,26422844,19034,0,0,0,0,0,23309658,3643,0,25400792,3548,0
360,34198691264199,34198693065079,19982220,sA-eth3,up,34198692884208,netem,24772818,18199,0,0,0,0,0,23569852,3578,0,23815668,3696,0
360,34198691264199,34198694904090,19982220,sB-eth3,up,34198694749708,netem,26422844,19034,0,0,0,0,0,23309658,3643,0,25400792,3548,0
361,34198711276920,34198713205101,20012721,sA-eth3,up,34198713035130,netem,24772818,18199,0,0,0,0,0,23569852,3578,0,23815668,3696,0
361,34198711276920,34198715107623,20012721,sB-eth3,up,34198714928371,netem,26422844,19034,0,0,0,0,0,23309658,3643,0,25400792,3548,0
362,34198731276781,34198733176583,19999861,sA-eth3,up,34198732988700,netem,24772818,18199,0,0,0,0,0,23569852,3578,0,23815668,3696,0
362,34198731276781,34198734988483,19999861,sB-eth3,up,34198734832231,netem,26422844,19034,0,0,0,0,0,23309658,3643,0,25400792,3548,0
363,34198751288083,34198753206554,20011302,sA-eth3,up,34198753033542,netem,24772818,18199,0,0,0,0,0,23569852,3578,0,23815668,3696,0
363,34198751288083,34198754901082,20011302,sB-eth3,up,34198754747692,netem,26422844,19034,0,0,0,0,0,23309658,3643,0,25400792,3548,0
364,34198771272573,34198773249265,19984490,sA-eth3,up,34198773087904,netem,24772818,18199,0,0,0,0,0,23569852,3578,0,23815668,3696,0
364,34198771272573,34198775059405,19984490,sB-eth3,up,34198774889324,netem,26422844,19034,0,0,0,0,0,23309658,3643,0,25400792,3548,0
365,34198791276874,34198793062955,20004301,sA-eth3,up,34198792870212,netem,24772818,18199,0,0,0,0,0,23569852,3578,0,23815668,3696,0
365,34198791276874,34198794853254,20004301,sB-eth3,up,34198794697082,netem,26422844,19034,0,0,0,0,0,23309658,3643,0,25400792,3548,0
366,34198811274585,34198813039775,19997711,sA-eth3,up,34198812860413,netem,24772818,18199,0,0,0,0,0,23569852,3578,0,23815668,3696,0
366,34198811274585,34198814867085,19997711,sB-eth3,up,34198814714134,netem,26422844,19034,0,0,0,0,0,23309658,3643,0,25400792,3548,0
367,34198831279146,34198833106557,20004561,sA-eth3,up,34198832926725,netem,24772818,18199,0,0,0,0,0,23569852,3578,0,23815668,3696,0
367,34198831279146,34198835044019,20004561,sB-eth3,up,34198834818916,netem,26422844,19034,0,0,0,0,0,23309658,3643,0,25400792,3548,0
368,34198851281267,34198853591103,20002121,sA-eth3,up,34198853398952,netem,24772818,18199,0,0,0,0,0,23569852,3578,0,23815668,3696,0
368,34198851281267,34198855448784,20002121,sB-eth3,up,34198855274151,netem,26422844,19034,0,0,0,0,0,23309658,3643,0,25400792,3548,0
369,34198871271349,34198873030679,19990082,sA-eth3,up,34198872842076,netem,24772818,18199,0,0,0,0,0,23569852,3578,0,23815668,3696,0
369,34198871271349,34198874827528,19990082,sB-eth3,up,34198874673446,netem,26422844,19034,0,0,0,0,0,23309658,3643,0,25400792,3548,0
370,34198891266259,34198893086039,19994910,sA-eth3,up,34198892903458,netem,24772818,18199,0,0,0,0,0,23569852,3578,0,23815668,3696,0
370,34198891266259,34198894898339,19994910,sB-eth3,up,34198894742248,netem,26422844,19034,0,0,0,0,0,23309658,3643,0,25400792,3548,0
371,34198911283920,34198913171842,20017661,sA-eth3,up,34198912982559,netem,24772818,18199,0,0,0,0,0,23569852,3578,0,23815668,3696,0
371,34198911283920,34198915053963,20017661,sB-eth3,up,34198914885890,netem,26422844,19034,0,0,0,0,0,23309658,3643,0,25400792,3548,0
372,34198931277071,34198933104771,19993151,sA-eth3,up,34198932920410,netem,24772818,18199,0,0,0,0,0,23569852,3578,0,23815668,3696,0
372,34198931277071,34198934736350,19993151,sB-eth3,up,34198934581108,netem,26422844,19034,0,0,0,0,0,23309658,3643,0,25400792,3548,0
373,34198951272552,34198953092653,19995481,sA-eth3,up,34198952900910,netem,24772818,18199,0,0,0,0,0,23569852,3578,0,23815668,3696,0
373,34198951272552,34198954722090,19995481,sB-eth3,up,34198954565188,netem,26422844,19034,0,0,0,0,0,23309658,3643,0,25400792,3548,0
374,34198971274484,34198973488048,20001932,sA-eth3,up,34198973316626,netem,24772818,18199,0,0,0,0,0,23569852,3578,0,23815668,3696,0
374,34198971274484,34198975318238,20001932,sB-eth3,up,34198975154236,netem,26422844,19034,0,0,0,0,0,23309658,3643,0,25400792,3548,0
375,34198991298054,34198993144255,20023570,sA-eth3,up,34198992960003,netem,24772818,18199,0,0,0,0,0,23569852,3578,0,23815668,3696,0
375,34198991298054,34198994973885,20023570,sB-eth3,up,34198994820973,netem,26422844,19034,0,0,0,0,0,23309658,3643,0,25400792,3548,0
376,34199011276194,34199013125766,19978140,sA-eth3,up,34199012943213,netem,24772818,18199,0,0,0,0,0,23569852,3578,0,23815668,3696,0
376,34199011276194,34199014755713,19978140,sB-eth3,up,34199014603182,netem,26422844,19034,0,0,0,0,0,23309658,3643,0,25400792,3548,0
377,34199031284536,34199033097086,20008342,sA-eth3,up,34199032892944,netem,24772818,18199,0,0,0,0,0,23569852,3578,0,23815668,3696,0
377,34199031284536,34199035104638,20008342,sB-eth3,up,34199034916347,netem,26422844,19034,0,0,0,0,0,23309658,3643,0,25400792,3548,0
378,34199051278228,34199053114448,19993692,sA-eth3,up,34199052925405,netem,24772818,18199,0,0,0,0,0,23569852,3578,0,23815668,3696,0
378,34199051278228,34199054791327,19993692,sB-eth3,up,34199054635765,netem,26422844,19034,0,0,0,0,0,23309658,3643,0,25400792,3548,0
379,34199071274448,34199073100358,19996220,sA-eth3,up,34199072907576,netem,24772818,18199,0,0,0,0,0,23569852,3578,0,23815668,3696,0
379,34199071274448,34199074980360,19996220,sB-eth3,up,34199074828087,netem,26422844,19034,0,0,0,0,0,23309658,3643,0,25400792,3548,0
380,34199091279229,34199093190930,20004781,sA-eth3,up,34199093000168,netem,24772818,18199,0,0,0,0,0,23569852,3578,0,23815668,3696,0
380,34199091279229,34199094870349,20004781,sB-eth3,up,34199094715637,netem,26422844,19034,0,0,0,0,0,23309658,3643,0,25400792,3548,0
381,34199111279050,34199113072400,19999821,sA-eth3,up,34199112880997,netem,24772818,18199,0,0,0,0,0,23569852,3578,0,23815668,3696,0
381,34199111279050,34199114740978,19999821,sB-eth3,up,34199114579877,netem,26422844,19034,0,0,0,0,0,23309658,3643,0,25400792,3548,0
382,34199131273771,34199133678517,19994721,sA-eth3,up,34199133501766,netem,24772818,18199,0,0,0,0,0,23569852,3578,0,23815668,3696,0
382,34199131273771,34199135507848,19994721,sB-eth3,up,34199135340546,netem,26422844,19034,0,0,0,0,0,23309658,3643,0,25400792,3548,0
383,34199151272931,34199153198993,19999160,sA-eth3,up,34199153029561,netem,24772818,18199,0,0,0,0,0,23569852,3578,0,23815668,3696,0
383,34199151272931,34199155068163,19999160,sB-eth3,up,34199154897292,netem,26422844,19034,0,0,0,0,0,23309658,3643,0,25400792,3548,0
384,34199171276503,34199173191293,20003572,sA-eth3,up,34199173023833,netem,24772818,18199,0,0,0,0,0,23569852,3578,0,23815668,3696,0
384,34199171276503,34199174828902,20003572,sB-eth3,up,34199174676610,netem,26422844,19034,0,0,0,0,0,23309658,3643,0,25400792,3548,0
385,34199191276543,34199193119754,20000040,sA-eth3,up,34199192926452,netem,24772818,18199,0,0,0,0,0,23569852,3578,0,23815668,3696,0
385,34199191276543,34199195114905,20000040,sB-eth3,up,34199194931414,netem,26422844,19034,0,0,0,0,0,23309658,3643,0,25400792,3548,0
386,34199211289325,34199213167135,20012782,sA-eth3,up,34199212967164,netem,24772818,18199,0,0,0,0,0,23569852,3578,0,23815668,3696,0
386,34199211289325,34199214804044,20012782,sB-eth3,up,34199214644432,netem,26422844,19034,0,0,0,0,0,23309658,3643,0,25400792,3548,0
387,34199231268745,34199233287038,19979420,sA-eth3,up,34199233116956,netem,24772884,18200,0,0,0,0,0,23569852,3578,0,23815734,3697,0
387,34199231268745,34199235138468,19979420,sB-eth3,up,34199234965546,netem,26422844,19034,0,0,0,0,0,23309658,3643,0,25400792,3548,0
388,34199251280796,34199253264718,20012051,sA-eth3,up,34199253093577,netem,24772884,18200,0,0,0,0,0,23569852,3578,0,23815734,3697,0
388,34199251280796,34199255142559,20012051,sB-eth3,up,34199254968437,netem,26422844,19034,0,0,0,0,0,23309658,3643,0,25400792,3548,0
389,34199271299248,34199273177708,20018452,sA-eth3,up,34199272976897,netem,24772884,18200,0,0,0,0,0,23569852,3578,0,23815734,3697,0
389,34199271299248,34199275143170,20018452,sB-eth3,up,34199274951169,netem,26422844,19034,0,0,0,0,0,23309658,3643,0,25400792,3548,0
390,34199291277608,34199293129549,19978360,sA-eth3,up,34199292930027,netem,24772884,18200,0,0,0,0,0,23569852,3578,0,23815734,3697,0
390,34199291277608,34199294865688,19978360,sB-eth3,up,34199294707966,netem,26422844,19034,0,0,0,0,0,23309658,3643,0,25400792,3548,0
391,34199311275290,34199313139660,19997682,sA-eth3,up,34199312944978,netem,24772884,18200,0,0,0,0,0,23569852,3578,0,23815734,3697,0
391,34199311275290,34199314798729,19997682,sB-eth3,up,34199314640967,netem,26422844,19034,0,0,0,0,0,23309658,3643,0,25400792,3548,0
392,34199331274650,34199333173182,19999360,sA-eth3,up,34199332979800,netem,24772884,18200,0,0,0,0,0,23569852,3578,0,23815734,3697,0
392,34199331274650,34199334824159,19999360,sB-eth3,up,34199334653038,netem,26422844,19034,0,0,0,0,0,23309658,3643,0,25400792,3548,0
393,34199351298212,34199353272454,20023562,sA-eth3,up,34199353048091,netem,24772884,18200,0,0,0,0,0,23569852,3578,0,23815734,3697,0
393,34199351298212,34199354990193,20023562,sB-eth3,up,34199354788741,netem,26422844,19034,0,0,0,0,0,23309658,3643,0,25400792,3548,0
394,34199371279063,34199373098552,19980851,sA-eth3,up,34199372899831,netem,24772884,18200,0,0,0,0,0,23569852,3578,0,23815734,3697,0
394,34199371279063,34199375374968,19980851,sB-eth3,up,34199375215946,netem,26422844,19034,0,0,0,0,0,23309658,3643,0,25400792,3548,0
395,34199391284374,34199393175804,20005311,sA-eth3,up,34199392983472,netem,24772884,18200,0,0,0,0,0,23569852,3578,0,23815734,3697,0
395,34199391284374,34199394827653,20005311,sB-eth3,up,34199394669171,netem,26422844,19034,0,0,0,0,0,23309658,3643,0,25400792,3548,0
396,34199411272964,34199413269266,19988590,sA-eth3,up,34199413095104,netem,24772884,18200,0,0,0,0,0,23569852,3578,0,23815734,3697,0
396,34199411272964,34199415403090,19988590,sB-eth3,up,34199415241698,netem,26422844,19034,0,0,0,0,0,23309658,3643,0,25400792,3548,0
397,34199431283186,34199433493050,20010222,sA-eth3,up,34199433305968,netem,24772884,18200,0,0,0,0,0,23569852,3578,0,23815734,3697,0
397,34199431283186,34199435291940,20010222,sB-eth3,up,34199435133628,netem,26422844,19034,0,0,0,0,0,23309658,3643,0,25400792,3548,0
398,34199451280397,34199453118306,19997211,sA-eth3,up,34199452922165,netem,24772884,18200,0,0,0,0,0,23569852,3578,0,23815734,3697,0
398,34199451280397,34199454760235,19997211,sB-eth3,up,34199454581153,netem,26422844,19034,0,0,0,0,0,23309658,3643,0,25400792,3548,0
399,34199471294167,34199473110908,20013770,sA-eth3,up,34199472900455,netem,24772884,18200,0,0,0,0,0,23569852,3578,0,23815734,3697,0
399,34199471294167,34199474727585,20013770,sB-eth3,up,34199474569304,netem,26422844,19034,0,0,0,0,0,23309658,3643,0,25400792,3548,0
400,34199491278778,34199493171280,19984611,sA-eth3,up,34199492979837,netem,24772884,18200,0,0,0,0,0,23569852,3578,0,23815734,3697,0
400,34199491278778,34199494798108,19984611,sB-eth3,up,34199494643506,netem,26422844,19034,0,0,0,0,0,23309658,3643,0,25400792,3548,0
401,34199511275199,34199513126150,19996421,sA-eth3,up,34199512932448,netem,24772884,18200,0,0,0,0,0,23569852,3578,0,23815734,3697,0
401,34199511275199,34199514837679,19996421,sB-eth3,up,34199514682427,netem,26422844,19034,0,0,0,0,0,23309658,3643,0,25400792,3548,0
402,34199531285761,34199533143571,20010562,sA-eth3,up,34199532937809,netem,24772884,18200,0,0,0,0,0,23569852,3578,0,23815734,3697,0
402,34199531285761,34199534854380,20010562,sB-eth3,up,34199534693528,netem,26422844,19034,0,0,0,0,0,23309658,3643,0,25400792,3548,0
403,34199551278811,34199553113792,19993050,sA-eth3,up,34199552920390,netem,24772884,18200,0,0,0,0,0,23569852,3578,0,23815734,3697,0
403,34199551278811,34199554765960,19993050,sB-eth3,up,34199554609219,netem,26422844,19034,0,0,0,0,0,23309658,3643,0,25400792,3548,0
404,34199571278753,34199573120762,19999942,sA-eth3,up,34199572925300,netem,24772884,18200,0,0,0,0,0,23569852,3578,0,23815734,3697,0
404,34199571278753,34199574813772,19999942,sB-eth3,up,34199574647720,netem,26422844,19034,0,0,0,0,0,23309658,3643,0,25400792,3548,0
405,34199591272673,34199593144374,19993920,sA-eth3,up,34199592957422,netem,24772884,18200,0,0,0,0,0,23569852,3578,0,23815734,3697,0
405,34199591272673,34199594922364,19993920,sB-eth3,up,34199594764622,netem,26422844,19034,0,0,0,0,0,23309658,3643,0,25400792,3548,0
406,34199611275945,34199613198896,20003272,sA-eth3,up,34199613026614,netem,24772884,18200,0,0,0,0,0,23569852,3578,0,23815734,3697,0
406,34199611275945,34199614862684,20003272,sB-eth3,up,34199614702402,netem,26422844,19034,0,0,0,0,0,23309658,3643,0,25400792,3548,0
407,34199631275896,34199633060655,19999951,sA-eth3,up,34199632871703,netem,24772884,18200,0,0,0,0,0,23569852,3578,0,23815734,3697,0
407,34199631275896,34199634725894,19999951,sB-eth3,up,34199634569222,netem,26422844,19034,0,0,0,0,0,23309658,3643,0,25400792,3548,0
408,34199651276467,34199653051817,20000571,sA-eth3,up,34199652862644,netem,24772884,18200,0,0,0,0,0,23569852,3578,0,23815734,3697,0
408,34199651276467,34199654664614,20000571,sB-eth3,up,34199654513363,netem,26422844,19034,0,0,0,0,0,23309658,3643,0,25400792,3548,0
409,34199671275967,34199673097237,19999500,sA-eth3,up,34199672904266,netem,24772884,18200,0,0,0,0,0,23569852,3578,0,23815734,3697,0
409,34199671275967,34199674770286,19999500,sB-eth3,up,34199674616144,netem,26422844,19034,0,0,0,0,0,23309658,3643,0,25400792,3548,0
410,34199691272009,34199693064029,19996042,sA-eth3,up,34199692878876,netem,24772884,18200,0,0,0,0,0,23569852,3578,0,23815734,3697,0
410,34199691272009,34199694718106,19996042,sB-eth3,up,34199694557145,netem,26422844,19034,0,0,0,0,0,23309658,3643,0,25400792,3548,0
411,34199711273429,34199713037499,20001420,sA-eth3,up,34199712852386,netem,24772884,18200,0,0,0,0,0,23569852,3578,0,23815734,3697,0
411,34199711273429,34199714717908,20001420,sB-eth3,up,34199714561836,netem,26422844,19034,0,0,0,0,0,23309658,3643,0,25400792,3548,0
412,34199731278100,34199733049570,20004671,sA-eth3,up,34199732863278,netem,24772884,18200,0,0,0,0,0,23569852,3578,0,23815734,3697,0
412,34199731278100,34199734716239,20004671,sB-eth3,up,34199734560607,netem,26422844,19034,0,0,0,0,0,23309658,3643,0,25400792,3548,0
413,34199751273161,34199753103621,19995061,sA-eth3,up,34199752920430,netem,24772884,18200,0,0,0,0,0,23569852,3578,0,23815734,3697,0
413,34199751273161,34199754881411,19995061,sB-eth3,up,34199754712230,netem,26422844,19034,0,0,0,0,0,23309658,3643,0,25400792,3548,0
414,34199771278032,34199773088973,20004871,sA-eth3,up,34199772900151,netem,24772884,18200,0,0,0,0,0,23569852,3578,0,23815734,3697,0
414,34199771278032,34199774710361,20004871,sB-eth3,up,34199774556628,netem,26422844,19034,0,0,0,0,0,23309658,3643,0,25400792,3548,0
415,34199791270874,34199793035783,19992842,sA-eth3,up,34199792843691,netem,24772884,18200,0,0,0,0,0,23569852,3578,0,23815734,3697,0
415,34199791270874,34199794687351,19992842,sB-eth3,up,34199794530990,netem,26422844,19034,0,0,0,0,0,23309658,3643,0,25400792,3548,0
416,34199811280424,34199813111005,20009550,sA-eth3,up,34199812917993,netem,24772884,18200,0,0,0,0,0,23569852,3578,0,23815734,3697,0
416,34199811280424,34199814757563,20009550,sB-eth3,up,34199814586651,netem,26422844,19034,0,0,0,0,0,23309658,3643,0,25400792,3548,0
417,34199831277756,34199833275318,19997332,sA-eth3,up,34199832995525,netem,24772884,18200,0,0,0,0,0,23569852,3578,0,23815734,3697,0
417,34199831277756,34199835129888,19997332,sB-eth3,up,34199834931485,netem,26422844,19034,0,0,0,0,0,23309658,3643,0,25400792,3548,0
418,34199851281866,34199853143687,20004110,sA-eth3,up,34199852955025,netem,24772884,18200,0,0,0,0,0,23569852,3578,0,23815734,3697,0
418,34199851281866,34199854837875,20004110,sB-eth3,up,34199854680914,netem,26422844,19034,0,0,0,0,0,23309658,3643,0,25400792,3548,0
419,34199871268988,34199873125268,19987122,sA-eth3,up,34199872932345,netem,24772884,18200,0,0,0,0,0,23569852,3578,0,23815734,3697,0
419,34199871268988,34199874780706,19987122,sB-eth3,up,34199874624265,netem,26422844,19034,0,0,0,0,0,23309658,3643,0,25400792,3548,0
420,34199891277588,34199893098358,20008600,sA-eth3,up,34199892911336,netem,24772884,18200,0,0,0,0,0,23569852,3578,0,23815734,3697,0
420,34199891277588,34199894771167,20008600,sB-eth3,up,34199894609915,netem,26422844,19034,0,0,0,0,0,23309658,3643,0,25400792,3548,0
421,34199911272879,34199913208470,19995291,sA-eth3,up,34199913037388,netem,24772884,18200,0,0,0,0,0,23569852,3578,0,23815734,3697,0
421,34199911272879,34199915025071,19995291,sB-eth3,up,34199914850329,netem,26422844,19034,0,0,0,0,0,23309658,3643,0,25400792,3548,0
422,34199931274920,34199933545975,20002041,sA-eth3,up,34199933377673,netem,24772884,18200,0,0,0,0,0,23569852,3578,0,23815734,3697,0
422,34199931274920,34199935454547,20002041,sB-eth3,up,34199935287164,netem,26422844,19034,0,0,0,0,0,23309658,3643,0,25400792,3548,0
423,34199951266041,34199953118512,19991121,sA-eth3,up,34199952921980,netem,24772884,18200,0,0,0,0,0,23569852,3578,0,23815734,3697,0
423,34199951266041,34199954775800,19991121,sB-eth3,up,34199954622549,netem,26422844,19034,0,0,0,0,0,23309658,3643,0,25400792,3548,0
424,34199971268493,34199973074442,20002452,sA-eth3,up,34199972890370,netem,24772884,18200,0,0,0,0,0,23569852,3578,0,23815734,3697,0
424,34199971268493,34199974786491,20002452,sB-eth3,up,34199974631769,netem,26422844,19034,0,0,0,0,0,23309658,3643,0,25400792,3548,0
425,34199991268413,34199993106394,19999920,sA-eth3,up,34199992914542,netem,24772884,18200,0,0,0,0,0,23569852,3578,0,23815734,3697,0
425,34199991268413,34199994758061,19999920,sB-eth3,up,34199994602179,netem,26422844,19034,0,0,0,0,0,23309658,3643,0,25400792,3548,0
426,34200011273055,34200013123715,20004642,sA-eth3,up,34200012932232,netem,24772884,18200,0,0,0,0,0,23569852,3578,0,23815734,3697,0
426,34200011273055,34200014897474,20004642,sB-eth3,up,34200014742552,netem,26422844,19034,0,0,0,0,0,23309658,3643,0,25400792,3548,0
427,34200031267825,34200033101295,19994770,sA-eth3,up,34200032916864,netem,24772884,18200,0,0,0,0,0,23569852,3578,0,23815734,3697,0
427,34200031267825,34200034802474,19994770,sB-eth3,up,34200034641652,netem,26422844,19034,0,0,0,0,0,23309658,3643,0,25400792,3548,0
428,34200051275996,34200053100256,20008171,sA-eth3,up,34200052901184,netem,24772884,18200,0,0,0,0,0,23569852,3578,0,23815734,3697,0
428,34200051275996,34200054729084,20008171,sB-eth3,up,34200054576203,netem,26422844,19034,0,0,0,0,0,23309658,3643,0,25400792,3548,0
429,34200071271807,34200073152607,19995811,sA-eth3,up,34200072961516,netem,24772884,18200,0,0,0,0,0,23569852,3578,0,23815734,3697,0
429,34200071271807,34200074791286,19995811,sB-eth3,up,34200074637324,netem,26422844,19034,0,0,0,0,0,23309658,3643,0,25400792,3548,0
430,34200091291338,34200093664144,20019531,sA-eth3,up,34200093487072,netem,24772884,18200,0,0,0,0,0,23569852,3578,0,23815734,3697,0
430,34200091291338,34200095573185,20019531,sB-eth3,up,34200095418214,netem,26422844,19034,0,0,0,0,0,23309658,3643,0,25400792,3548,0
431,34200111268079,34200113145860,19976741,sA-eth3,up,34200112965347,netem,24772884,18200,0,0,0,0,0,23569852,3578,0,23815734,3697,0
431,34200111268079,34200114974619,19976741,sB-eth3,up,34200114712386,netem,26422844,19034,0,0,0,0,0,23309658,3643,0,25400792,3548,0
432,34200131280120,34200133207371,20012041,sA-eth3,up,34200132995609,netem,24772884,18200,0,0,0,0,0,23569852,3578,0,23815734,3697,0
432,34200131280120,34200134886930,20012041,sB-eth3,up,34200134725748,netem,26422844,19034,0,0,0,0,0,23309658,3643,0,25400792,3548,0
433,34200151271741,34200153099831,19991621,sA-eth3,up,34200152906959,netem,24772884,18200,0,0,0,0,0,23569852,3578,0,23815734,3697,0
433,34200151271741,34200154849211,19991621,sB-eth3,up,34200154679799,netem,26422844,19034,0,0,0,0,0,23309658,3643,0,25400792,3548,0
434,34200171280962,34200173181423,20009221,sA-eth3,up,34200172979141,netem,24772884,18200,0,0,0,0,0,23569852,3578,0,23815734,3697,0
434,34200171280962,34200174822911,20009221,sB-eth3,up,34200174663950,netem,26422844,19034,0,0,0,0,0,23309658,3643,0,25400792,3548,0
435,34200191270473,34200193092643,19989511,sA-eth3,up,34200192904071,netem,24772884,18200,0,0,0,0,0,23569852,3578,0,23815734,3697,0
435,34200191270473,34200194766072,19989511,sB-eth3,up,34200194610500,netem,26422844,19034,0,0,0,0,0,23309658,3643,0,25400792,3548,0
436,34200211284454,34200213186806,20013981,sA-eth3,up,34200212980023,netem,24772884,18200,0,0,0,0,0,23569852,3578,0,23815734,3697,0
436,34200211284454,34200214857523,20013981,sB-eth3,up,34200214693352,netem,26422844,19034,0,0,0,0,0,23309658,3643,0,25400792,3548,0
437,34200231271275,34200233161036,19986821,sA-eth3,up,34200232952033,netem,24772884,18200,0,0,0,0,0,23569852,3578,0,23815734,3697,0
437,34200231271275,34200234809445,19986821,sB-eth3,up,34200234648302,netem,26422844,19034,0,0,0,0,0,23309658,3643,0,25400792,3548,0
438,34200251278476,34200253182417,20007201,sA-eth3,up,34200252978995,netem,24772884,18200,0,0,0,0,0,23569852,3578,0,23815734,3697,0
438,34200251278476,34200254856845,20007201,sB-eth3,up,34200254697214,netem,26422844,19034,0,0,0,0,0,23309658,3643,0,25400792,3548,0
439,34200271276576,34200273183658,19998100,sA-eth3,up,34200272981396,netem,24772884,18200,0,0,0,0,0,23569852,3578,0,23815734,3697,0
439,34200271276576,34200274905977,19998100,sB-eth3,up,34200274745485,netem,26422844,19034,0,0,0,0,0,23309658,3643,0,25400792,3548,0
440,34200291273978,34200293125018,19997402,sA-eth3,up,34200292916496,netem,24772884,18200,0,0,0,0,0,23569852,3578,0,23815734,3697,0
440,34200291273978,34200294857517,19997402,sB-eth3,up,34200294694465,netem,26422844,19034,0,0,0,0,0,23309658,3643,0,25400792,3548,0
441,34200311270089,34200313115928,19996111,sA-eth3,up,34200312920057,netem,24772884,18200,0,0,0,0,0,23569852,3578,0,23815734,3697,0
441,34200311270089,34200314766067,19996111,sB-eth3,up,34200314607935,netem,26422844,19034,0,0,0,0,0,23309658,3643,0,25400792,3548,0
442,34200331277240,34200333056810,20007151,sA-eth3,up,34200332868857,netem,24772884,18200,0,0,0,0,0,23569852,3578,0,23815734,3697,0
442,34200331277240,34200334646297,20007151,sB-eth3,up,34200334490105,netem,26422844,19034,0,0,0,0,0,23309658,3643,0,25400792,3548,0
443,34200351268350,34200353044690,19991110,sA-eth3,up,34200352866408,netem,24772884,18200,0,0,0,0,0,23569852,3578,0,23815734,3697,0
443,34200351268350,34200354648467,19991110,sB-eth3,up,34200354486786,netem,26422844,19034,0,0,0,0,0,23309658,3643,0,25400792,3548,0
444,34200371265831,34200373063240,19997481,sA-eth3,up,34200372859810,netem,24772884,18200,0,0,0,0,0,23569852,3578,0,23815734,3697,0
444,34200371265831,34200374688059,19997481,sB-eth3,up,34200374530537,netem,26422844,19034,0,0,0,0,0,23309658,3643,0,25400792,3548,0
445,34200391271922,34200393039572,20006091,sA-eth3,up,34200392855280,netem,24772884,18200,0,0,0,0,0,23569852,3578,0,23815734,3697,0
445,34200391271922,34200395336858,20006091,sB-eth3,up,34200395180625,netem,26422844,19034,0,0,0,0,0,23309658,3643,0,25400792,3548,0
446,34200411267043,34200413103934,19995121,sA-eth3,up,34200412908062,netem,24772884,18200,0,0,0,0,0,23569852,3578,0,23815734,3697,0
446,34200411267043,34200414889844,19995121,sB-eth3,up,34200414734012,netem,26422844,19034,0,0,0,0,0,23309658,3643,0,25400792,3548,0
447,34200431279775,34200433128885,20012732,sA-eth3,up,34200432944462,netem,24772884,18200,0,0,0,0,0,23569852,3578,0,23815734,3697,0
447,34200431279775,34200434760593,20012732,sB-eth3,up,34200434603801,netem,26422844,19034,0,0,0,0,0,23309658,3643,0,25400792,3548,0
448,34200451271525,34200453562270,19991750,sA-eth3,up,34200453380408,netem,24772884,18200,0,0,0,0,0,23569852,3578,0,23815734,3697,0
448,34200451271525,34200455542662,19991750,sB-eth3,up,34200455308510,netem,26422844,19034,0,0,0,0,0,23309658,3643,0,25400792,3548,0
449,34200471279966,34200473158737,20008441,sA-eth3,up,34200472966824,netem,24772884,18200,0,0,0,0,0,23569852,3578,0,23815734,3697,0
449,34200471279966,34200475054949,20008441,sB-eth3,up,34200474856996,netem,26422844,19034,0,0,0,0,0,23309658,3643,0,25400792,3548,0
450,34200491268977,34200493133218,19989011,sA-eth3,up,34200492941196,netem,24772884,18200,0,0,0,0,0,23569852,3578,0,23815734,3697,0
450,34200491268977,34200494769916,19989011,sB-eth3,up,34200494612504,netem,26422844,19034,0,0,0,0,0,23309658,3643,0,25400792,3548,0
451,34200511275508,34200513140019,20006531,sA-eth3,up,34200512952017,netem,24772884,18200,0,0,0,0,0,23569852,3578,0,23815734,3697,0
451,34200511275508,34200515195262,20006531,sB-eth3,up,34200514999389,netem,26422844,19034,0,0,0,0,0,23309658,3643,0,25400792,3548,0
452,34200531269840,34200533164470,19994332,sA-eth3,up,34200532957897,netem,24772884,18200,0,0,0,0,0,23569852,3578,0,23815734,3697,0
452,34200531269840,34200534988030,19994332,sB-eth3,up,34200534825529,netem,26422844,19034,0,0,0,0,0,23309658,3643,0,25400792,3548,0
453,34200551275120,34200553068320,20005280,sA-eth3,up,34200552862358,netem,24772884,18200,0,0,0,0,0,23569852,3578,0,23815734,3697,0
453,34200551275120,34200554943941,20005280,sB-eth3,up,34200554774469,netem,26422844,19034,0,0,0,0,0,23309658,3643,0,25400792,3548,0
454,34200571269071,34200573171512,19993951,sA-eth3,up,34200572964069,netem,24772884,18200,0,0,0,0,0,23569852,3578,0,23815734,3697,0
454,34200571269071,34200575032973,19993951,sB-eth3,up,34200574850510,netem,26422844,19034,0,0,0,0,0,23309658,3643,0,25400792,3548,0
455,34200591283462,34200593234904,20014391,sA-eth3,up,34200593053482,netem,24772884,18200,0,0,0,0,0,23569852,3578,0,23815734,3697,0
455,34200591283462,34200594970733,20014391,sB-eth3,up,34200594804361,netem,26422844,19034,0,0,0,0,0,23309658,3643,0,25400792,3548,0
456,34200611269703,34200613279586,19986241,sA-eth3,up,34200613106683,netem,24772884,18200,0,0,0,0,0,23569852,3578,0,23815734,3697,0
456,34200611269703,34200615177326,19986241,sB-eth3,up,34200614983654,netem,26422844,19034,0,0,0,0,0,23309658,3643,0,25400792,3548,0
457,34200631279554,34200633158155,20009851,sA-eth3,up,34200632951713,netem,24772884,18200,0,0,0,0,0,23569852,3578,0,23815734,3697,0
457,34200631279554,34200634872723,20009851,sB-eth3,up,34200634705002,netem,26422844,19034,0,0,0,0,0,23309658,3643,0,25400792,3548,0
458,34200651269624,34200653289887,19990070,sA-eth3,up,34200653112786,netem,24772884,18200,0,0,0,0,0,23569852,3578,0,23815734,3697,0
458,34200651269624,34200655224089,19990070,sB-eth3,up,34200655001296,netem,26422844,19034,0,0,0,0,0,23309658,3643,0,25400792,3548,0
459,34200671281746,34200673238658,20012122,sA-eth3,up,34200673061075,netem,24772884,18200,0,0,0,0,0,23569852,3578,0,23815734,3697,0
459,34200671281746,34200675151258,20012122,sB-eth3,up,34200674953327,netem,26422844,19034,0,0,0,0,0,23309658,3643,0,25400792,3548,0
460,34200691279548,34200693187688,19997802,sA-eth3,up,34200692985446,netem,24772884,18200,0,0,0,0,0,23569852,3578,0,23815734,3697,0
460,34200691279548,34200695095090,19997802,sB-eth3,up,34200694910377,netem,26422844,19034,0,0,0,0,0,23309658,3643,0,25400792,3548,0
461,34200711268428,34200713162348,19988880,sA-eth3,up,34200712954736,netem,24772884,18200,0,0,0,0,0,23569852,3578,0,23815734,3697,0
461,34200711268428,34200715053480,19988880,sB-eth3,up,34200714868998,netem,26422844,19034,0,0,0,0,0,23309658,3643,0,25400792,3548,0
462,34200731277438,34200733094848,20009010,sA-eth3,up,34200732906016,netem,24772884,18200,0,0,0,0,0,23569852,3578,0,23815734,3697,0
462,34200731277438,34200734729467,20009010,sB-eth3,up,34200734574795,netem,26422844,19034,0,0,0,0,0,23309658,3643,0,25400792,3548,0
463,34200751274039,34200753230531,19996601,sA-eth3,up,34200753064130,netem,24772884,18200,0,0,0,0,0,23569852,3578,0,23815734,3697,0
463,34200751274039,34200755068622,19996601,sB-eth3,up,34200754892930,netem,26422844,19034,0,0,0,0,0,23309658,3643,0,25400792,3548,0
464,34200771279851,34200773128111,20005812,sA-eth3,up,34200772936520,netem,24772884,18200,0,0,0,0,0,23569852,3578,0,23815734,3697,0
464,34200771279851,34200774729009,20005812,sB-eth3,up,34200774577847,netem,26422844,19034,0,0,0,0,0,23309658,3643,0,25400792,3548,0
465,34200791270221,34200792995531,19990370,sA-eth3,up,34200792827029,netem,24772884,18200,0,0,0,0,0,23569852,3578,0,23815734,3697,0
465,34200791270221,34200794617149,19990370,sB-eth3,up,34200794463447,netem,26422844,19034,0,0,0,0,0,23309658,3643,0,25400792,3548,0
466,34200811274353,34200813057953,20004132,sA-eth3,up,34200812860520,netem,24772884,18200,0,0,0,0,0,23569852,3578,0,23815734,3697,0
466,34200811274353,34200814739441,20004132,sB-eth3,up,34200814579849,netem,26422844,19034,0,0,0,0,0,23309658,3643,0,25400792,3548,0
467,34200831273703,34200833071073,19999350,sA-eth3,up,34200832881852,netem,24772884,18200,0,0,0,0,0,23569852,3578,0,23815734,3697,0
467,34200831273703,34200834701402,19999350,sB-eth3,up,34200834546760,netem,26422844,19034,0,0,0,0,0,23309658,3643,0,25400792,3548,0
468,34200851270205,34200853083895,19996502,sA-eth3,up,34200852884713,netem,24772884,18200,0,0,0,0,0,23569852,3578,0,23815734,3697,0
468,34200851270205,34200854688232,19996502,sB-eth3,up,34200854528600,netem,26422844,19034,0,0,0,0,0,23309658,3643,0,25400792,3548,0
469,34200871265615,34200873035635,19995410,sA-eth3,up,34200872856002,netem,24772884,18200,0,0,0,0,0,23569852,3578,0,23815734,3697,0
469,34200871265615,34200874616172,19995410,sB-eth3,up,34200874462971,netem,26422844,19034,0,0,0,0,0,23309658,3643,0,25400792,3548,0
470,34200891267296,34200893030735,20001681,sA-eth3,up,34200892841404,netem,24772884,18200,0,0,0,0,0,23569852,3578,0,23815734,3697,0
470,34200891267296,34200894628464,20001681,sB-eth3,up,34200894471312,netem,26422844,19034,0,0,0,0,0,23309658,3643,0,25400792,3548,0
471,34200911278528,34200913080447,20011232,sA-eth3,up,34200912893125,netem,24772884,18200,0,0,0,0,0,23569852,3578,0,23815734,3697,0
471,34200911278528,34200914689125,20011232,sB-eth3,up,34200914529284,netem,26422844,19034,0,0,0,0,0,23309658,3643,0,25400792,3548,0
472,34200931270128,34200933051728,19991600,sA-eth3,up,34200932867026,netem,24772884,18200,0,0,0,0,0,23569852,3578,0,23815734,3697,0
472,34200931270128,34200934637226,19991600,sB-eth3,up,34200934486124,netem,26422844,19034,0,0,0,0,0,23309658,3643,0,25400792,3548,0
473,34200951273469,34200953064399,20003341,sA-eth3,up,34200952866627,netem,24772950,18201,0,0,0,0,0,23569918,3579,0,23815800,3698,0
473,34200951273469,34200954671717,20003341,sB-eth3,up,34200954518046,netem,26422844,19034,0,0,0,0,0,23309658,3643,0,25400792,3548,0
474,34200971269270,34200972991859,19995801,sA-eth3,up,34200972824817,netem,24772950,18201,0,0,0,0,0,23569918,3579,0,23815800,3698,0
474,34200971269270,34200974604846,19995801,sB-eth3,up,34200974445725,netem,26422844,19034,0,0,0,0,0,23309658,3643,0,25400792,3548,0
475,34200991273622,34200993038541,20004352,sA-eth3,up,34200992853709,netem,24772950,18201,0,0,0,0,0,23569918,3579,0,23815800,3698,0
475,34200991273622,34200995303456,20004352,sB-eth3,up,34200995146554,netem,26422844,19034,0,0,0,0,0,23309658,3643,0,25400792,3548,0
476,34201011277442,34201013147183,20003820,sA-eth3,up,34201012961711,netem,24772950,18201,0,0,0,0,0,23569918,3579,0,23815800,3698,0
476,34201011277442,34201014922783,20003820,sB-eth3,up,34201014770101,netem,26422844,19034,0,0,0,0,0,23309658,3643,0,25400792,3548,0
477,34201031272913,34201033033002,19995471,sA-eth3,up,34201032852221,netem,24772950,18201,0,0,0,0,0,23569918,3579,0,23815800,3698,0
477,34201031272913,34201034892983,19995471,sB-eth3,up,34201034735971,netem,26422844,19034,0,0,0,0,0,23309658,3643,0,25400792,3548,0
478,34201051277734,34201053082274,20004821,sA-eth3,up,34201052894442,netem,24772950,18201,0,0,0,0,0,23569918,3579,0,23815800,3698,0
478,34201051277734,34201054686572,20004821,sB-eth3,up,34201054533280,netem,26422844,19034,0,0,0,0,0,23309658,3643,0,25400792,3548,0
479,34201071270405,34201073035734,19992671,sA-eth3,up,34201072851793,netem,24772950,18201,0,0,0,0,0,23569918,3579,0,23815800,3698,0
479,34201071270405,34201074741073,19992671,sB-eth3,up,34201074572081,netem,26422844,19034,0,0,0,0,0,23309658,3643,0,25400792,3548,0
480,34201091277796,34201093449420,20007391,sA-eth3,up,34201093258468,netem,24773758,18211,0,0,0,66,1,23595326,3591,0,23816674,3709,0
480,34201091277796,34201095291831,20007391,sB-eth3,up,34201095132889,netem,26422844,19034,0,0,0,0,0,23309658,3643,0,25400792,3548,0
481,34201111272327,34201113079887,19994531,sA-eth3,up,34201112893675,netem,24774466,18221,0,0,0,0,0,23655288,3600,0,23817316,3718,0
481,34201111272327,34201115477274,19994531,sB-eth3,up,34201115285641,netem,26422844,19034,0,0,0,0,0,23309658,3643,0,25400792,3548,0
482,34201131266848,34201133080738,19994521,sA-eth3,up,34201132891716,netem,24775150,18231,0,0,0,0,0,23728348,3610,0,23818000,3728,0
482,34201131266848,34201134893668,19994521,sB-eth3,up,34201134735586,netem,26422844,19034,0,0,0,0,0,23309658,3643,0,25400792,3548,0
483,34201151268229,34201153095179,20001381,sA-eth3,up,34201152910777,netem,24775780,18240,0,0,0,0,0,23794102,3619,0,23818630,3737,0
483,34201151268229,34201154738387,20001381,sB-eth3,up,34201154581255,netem,26422844,19034,0,0,0,0,0,23309658,3643,0,25400792,3548,0
484,34201171288849,34201173210331,20020620,sA-eth3,up,34201173034879,netem,24915944,18340,0,0,0,27330,3,23853012,3634,0,23953316,3754,0
484,34201171288849,34201174895080,20020620,sB-eth3,up,34201174736108,netem,26423636,19046,0,0,0,66,1,23520698,3659,0,25401584,3560,0
485,34201191274481,34201193172261,19985632,sA-eth3,up,34201192965820,netem,25158784,18508,0,0,0,51542,4,23905012,3654,0,24186718,3779,0
485,34201191274481,34201194842240,19985632,sB-eth3,up,34201194681968,netem,26424758,19063,0,0,0,66,1,23772390,3677,0,25402706,3578,0
486,34201211254981,34201213103231,19980500,sA-eth3,up,34201212892950,netem,25413358,18679,0,0,0,51476,4,23935028,3670,0,24431392,3800,0
486,34201211254981,34201214781320,19980500,sB-eth3,up,34201214589148,netem,26425220,19070,0,0,0,0,0,24008154,3695,0,25403168,3584,0
487,34201231279633,34201233170274,20024652,sA-eth3,up,34201232951501,netem,25652924,18842,0,0,0,84948,8,23979854,3691,0,24677658,3823,0
487,34201231279633,34201234837162,20024652,sB-eth3,up,34201234655680,netem,26425286,19071,0,0,0,0,0,24233716,3712,0,25403234,3585,0
488,34201251277204,34201253183685,19997571,sA-eth3,up,34201252909202,netem,25909374,19019,0,0,0,85018,9,24039160,3712,0,24921168,3848,0
488,34201251277204,34201254836143,19997571,sB-eth3,up,34201254674932,netem,26425286,19071,0,0,0,0,0,24466584,3730,0,25403234,3585,0
489,34201271271785,34201273168876,19994581,sA-eth3,up,34201272945153,netem,26164248,19194,0,0,0,86478,8,24069242,3729,0,25153044,3872,0
489,34201271271785,34201274854175,19994581,sB-eth3,up,34201274665632,netem,26425352,19072,0,0,0,0,0,24713998,3749,0,25403300,3586,0
490,34201291276446,34201293102916,20004661,sA-eth3,up,34201292899473,netem,26403726,19355,0,0,0,48962,3,24087872,3748,0,25399210,3893,0
490,34201291276446,34201294776005,20004661,sB-eth3,up,34201294612502,netem,26425352,19072,0,0,0,66,1,24954106,3767,0,25403366,3587,0
491,34201311276326,34201313509431,19999880,sA-eth3,up,34201313312799,netem,26453222,19395,0,0,0,0,0,24115978,3757,0,25430732,3902,0
491,34201311276326,34201315338031,19999880,sB-eth3,up,34201315161129,netem,26425418,19073,0,0,0,0,0,25186974,3785,0,25403366,3587,0
492,34201331272138,34201333117418,19995812,sA-eth3,up,34201332924945,netem,26453308,19396,0,0,0,0,0,24115978,3757,0,25430818,3903,0
492,34201331272138,34201334899907,19995812,sB-eth3,up,34201334738745,netem,26425484,19074,0,0,0,0,0,25417328,3802,0,25403432,3588,0
493,34201351273088,34201353134120,20000950,sA-eth3,up,34201352947047,netem,26453308,19396,0,0,0,0,0,24115978,3757,0,25430818,3903,0
493,34201351273088,34201354790867,20000950,sB-eth3,up,34201354627546,netem,26425484,19074,0,0,0,0,0,25417328,3802,0,25403432,3588,0
494,34201371266990,34201373106190,19993902,sA-eth3,up,34201372918757,netem,26453308,19396,0,0,0,0,0,24115978,3757,0,25430818,3903,0
494,34201371266990,34201374743627,19993902,sB-eth3,up,34201374586686,netem,26425550,19075,0,0,0,0,0,25417328,3802,0,25403498,3589,0
495,34201391266510,34201393059690,19999520,sA-eth3,up,34201392877867,netem,26453308,19396,0,0,0,0,0,24115978,3757,0,25430818,3903,0
495,34201391266510,34201394695728,19999520,sB-eth3,up,34201394529577,netem,26425550,19075,0,0,0,0,0,25417328,3802,0,25403498,3589,0
496,34201411267861,34201413461226,20001351,sA-eth3,up,34201413277633,netem,26453308,19396,0,0,0,0,0,24115978,3757,0,25430818,3903,0
496,34201411267861,34201415721390,20001351,sB-eth3,up,34201415564548,netem,26425550,19075,0,0,0,0,0,25417328,3802,0,25403498,3589,0
497,34201431279153,34201433107803,20011292,sA-eth3,up,34201432914490,netem,26453308,19396,0,0,0,0,0,24115978,3757,0,25430818,3903,0
497,34201431279153,34201434708981,20011292,sB-eth3,up,34201434553728,netem,26425550,19075,0,0,0,0,0,25417328,3802,0,25403498,3589,0
498,34201451281123,34201453161894,20001970,sA-eth3,up,34201452960372,netem,26453308,19396,0,0,0,0,0,24115978,3757,0,25430818,3903,0
498,34201451281123,34201455268867,20001970,sB-eth3,up,34201455109256,netem,26425550,19075,0,0,0,0,0,25417328,3802,0,25403498,3589,0
499,34201471273134,34201473211216,19992011,sA-eth3,up,34201473034724,netem,26453308,19396,0,0,0,0,0,24115978,3757,0,25430818,3903,0
499,34201471273134,34201474933545,19992011,sB-eth3,up,34201474777163,netem,26425550,19075,0,0,0,0,0,25417328,3802,0,25403498,3589,0
500,34201491269985,34201493527070,19996851,sA-eth3,up,34201493348958,netem,26453308,19396,0,0,0,0,0,24115978,3757,0,25430818,3903,0
500,34201491269985,34201495642414,19996851,sB-eth3,up,34201495463692,netem,26425550,19075,0,0,0,0,0,25417328,3802,0,25403498,3589,0
501,34201511285547,34201513221547,20015562,sA-eth3,up,34201513039896,netem,26453308,19396,0,0,0,0,0,24115978,3757,0,25430818,3903,0
501,34201511285547,34201515280291,20015562,sB-eth3,up,34201515116589,netem,26425550,19075,0,0,0,0,0,25417328,3802,0,25403498,3589,0
502,34201531274207,34201533208629,19988660,sA-eth3,up,34201533038416,netem,26453308,19396,0,0,0,86,1,24117492,3758,0,25430818,3903,0
502,34201531274207,34201535320102,19988660,sB-eth3,up,34201535144469,netem,26425550,19075,0,0,0,0,0,25417328,3802,0,25403498,3589,0
503,34201551267118,34201553263810,19992911,sA-eth3,up,34201553095038,netem,26453628,19400,0,0,0,0,0,24129274,3761,0,25431138,3907,0
503,34201551267118,34201555191481,19992911,sB-eth3,up,34201555035269,netem,26425550,19075,0,0,0,0,0,25417328,3802,0,25403498,3589,0
504,34201571272749,34201573144649,20005631,sA-eth3,up,34201572951888,netem,26453628,19400,0,0,0,0,0,24129274,3761,0,25431138,3907,0
504,34201571272749,34201575130481,20005631,sB-eth3,up,34201574957859,netem,26425550,19075,0,0,0,0,0,25417328,3802,0,25403498,3589,0
505,34201591272280,34201593267682,19999531,sA-eth3,up,34201593095131,netem,26453628,19400,0,0,0,0,0,24129274,3761,0,25431138,3907,0
505,34201591272280,34201595330094,19999531,sB-eth3,up,34201595175503,netem,26425550,19075,0,0,0,0,0,25417328,3802,0,25403498,3589,0
506,34201611273741,34201613344764,20001461,sA-eth3,up,34201613177002,netem,26453628,19400,0,0,0,0,0,24129274,3761,0,25431138,3907,0
506,34201611273741,34201615272475,20001461,sB-eth3,up,34201615113854,netem,26425550,19075,0,0,0,0,0,25417328,3802,0,25403498,3589,0
507,34201631270962,34201633337444,19997221,sA-eth3,up,34201633163513,netem,26453628,19400,0,0,0,0,0,24129274,3761,0,25431138,3907,0
507,34201631270962,34201635308126,19997221,sB-eth3,up,34201635151845,netem,26425550,19075,0,0,0,0,0,25417328,3802,0,25403498,3589,0
508,34201651278893,34201653254275,20007931,sA-eth3,up,34201653083073,netem,26453628,19400,0,0,0,0,0,24129274,3761,0,25431138,3907,0
508,34201651278893,34201655220736,20007931,sB-eth3,up,34201655053775,netem,26425550,19075,0,0,0,0,0,25417328,3802,0,25403498,3589,0
509,34201671278444,34201673097495,19999551,sA-eth3,up,34201672907642,netem,26453628,19400,0,0,0,0,0,24129274,3761,0,25431138,3907,0
509,34201671278444,34201674735953,19999551,sB-eth3,up,34201674580380,netem,26425550,19075,0,0,0,0,0,25417328,3802,0,25403498,3589,0
510,34201691281775,34201693375758,20003331,sA-eth3,up,34201693205076,netem,26453628,19400,0,0,0,0,0,24129274,3761,0,25431138,3907,0
510,34201691281775,34201695503041,20003331,sB-eth3,up,34201695334790,netem,26425550,19075,0,0,0,0,0,25417328,3802,0,25403498,3589,0
511,34201711276656,34201713190098,19994881,sA-eth3,up,34201712993165,netem,26453628,19400,0,0,0,0,0,24129274,3761,0,25431138,3907,0
511,34201711276656,34201715205699,19994881,sB-eth3,up,34201715045128,netem,26425550,19075,0,0,0,0,0,25417328,3802,0,25403498,3589,0
512,34201731272147,34201733084797,19995491,sA-eth3,up,34201732899235,netem,26453628,19400,0,0,0,0,0,24129274,3761,0,25431138,3907,0
512,34201731272147,34201734944627,19995491,sB-eth3,up,34201734789075,netem,26425550,19075,0,0,0,0,0,25417328,3802,0,25403498,3589,0
513,34201751273518,34201753150008,20001371,sA-eth3,up,34201752952837,netem,26453628,19400,0,0,0,0,0,24129274,3761,0,25431138,3907,0
513,34201751273518,34201755351893,20001371,sB-eth3,up,34201755193731,netem,26425550,19075,0,0,0,0,0,25417328,3802,0,25403498,3589,0
514,34201771269368,34201773154909,19995850,sA-eth3,up,34201772948758,netem,26454048,19406,0,0,0,0,0,24145598,3768,0,25431558,3913,0
514,34201771269368,34201774796117,19995850,sB-eth3,up,34201774642595,netem,26425550,19075,0,0,0,0,0,25417328,3802,0,25403498,3589,0
515,34201791268719,34201793055739,19999351,sA-eth3,up,34201792870427,netem,26454192,19408,0,0,0,0,0,24150074,3769,0,25431702,3915,0
515,34201791268719,34201794786838,19999351,sB-eth3,up,34201794632357,netem,26425550,19075,0,0,0,0,0,25417328,3802,0,25403498,3589,0
516,34201811288410,34201813120581,20019691,sA-eth3,up,34201812917938,netem,26454192,19408,0,0,0,0,0,24150074,3769,0,25431702,3915,0
516,34201811288410,34201815224964,20019691,sB-eth3,up,34201815041852,netem,26425550,19075,0,0,0,0,0,25417328,3802,0,25403498,3589,0
517,34201831268891,34201833200743,19980481,sA-eth3,up,34201833029461,netem,26454192,19408,0,0,0,0,0,24150074,3769,0,25431702,3915,0
517,34201831268891,34201835019352,19980481,sB-eth3,up,34201834841561,netem,26425550,19075,0,0,0,0,0,25417328,3802,0,25403498,3589,0
518,34201851280303,34201853249954,20011412,sA-eth3,up,34201853072152,netem,26454192,19408,0,0,0,0,0,24150074,3769,0,25431702,3915,0
518,34201851280303,34201855100005,20011412,sB-eth3,up,34201854922263,netem,26425550,19075,0,0,0,0,0,25417328,3802,0,25403498,3589,0
519,34201871280373,34201873591390,20000070,sA-eth3,up,34201873423607,netem,26454192,19408,0,0,0,0,0,24150074,3769,0,25431702,3915,0
519,34201871280373,34201875454420,20000070,sB-eth3,up,34201875286208,netem,26425550,19075,0,0,0,0,0,25417328,3802,0,25403498,3589,0
520,34201891269785,34201893094234,19989412,sA-eth3,up,34201892908072,netem,26454192,19408,0,0,0,0,0,24150074,3769,0,25431702,3915,0
520,34201891269785,34201894746323,19989412,sB-eth3,up,34201894593431,netem,26425550,19075,0,0,0,0,0,25417328,3802,0,25403498,3589,0
521,34201911270125,34201913085445,20000340,sA-eth3,up,34201912895224,netem,26454192,19408,0,0,0,0,0,24150074,3769,0,25431702,3915,0
521,34201911270125,34201915140369,20000340,sB-eth3,up,34201914970576,netem,26425550,19075,0,0,0,0,0,25417328,3802,0,25403498,3589,0
522,34201931272857,34201933088387,20002732,sA-eth3,up,34201932906645,netem,26454192,19408,0,0,0,0,0,24150074,3769,0,25431702,3915,0
522,34201931272857,34201935076359,20002732,sB-eth3,up,34201934888667,netem,26425550,19075,0,0,0,0,0,25417328,3802,0,25403498,3589,0
523,34201951276777,34201953087637,20003920,sA-eth3,up,34201952894586,netem,26454192,19408,0,0,0,0,0,24150074,3769,0,25431702,3915,0
523,34201951276777,34201954955609,20003920,sB-eth3,up,34201954800207,netem,26425550,19075,0,0,0,0,0,25417328,3802,0,25403498,3589,0
524,34201971268479,34201973044778,19991702,sA-eth3,up,34201972861946,netem,26454192,19408,0,0,0,0,0,24150074,3769,0,25431702,3915,0
524,34201971268479,34201974784027,19991702,sB-eth3,up,34201974632815,netem,26425550,19075,0,0,0,0,0,25417328,3802,0,25403498,3589,0
525,34201991267829,34201992994029,19999350,sA-eth3,up,34201992829996,netem,26454192,19408,0,0,0,0,0,24150074,3769,0,25431702,3915,0
525,34201991267829,34201994829078,19999350,sB-eth3,up,34201994674617,netem,26425550,19075,0,0,0,0,0,25417328,3802,0,25403498,3589,0
526,34202011274900,34202013149011,20007071,sA-eth3,up,34202012912409,netem,26454480,19412,0,0,0,0,0,24166332,3774,0,25431990,3919,0
526,34202011274900,34202014759159,20007071,sB-eth3,up,34202014604047,netem,26425550,19075,0,0,0,0,0,25417328,3802,0,25403498,3589,0
527,34202031282321,34202033377544,20007421,sA-eth3,up,34202033204933,netem,26454834,19417,0,0,0,0,0,24195622,3779,0,25432344,3924,0
527,34202031282321,34202035117864,20007421,sB-eth3,up,34202034942921,netem,26425550,19075,0,0,0,0,0,25417328,3802,0,25403498,3589,0
528,34202051270492,34202053056582,19988171,sA-eth3,up,34202052855509,netem,26455188,19422,0,0,0,78,1,24224912,3784,0,25432698,3929,0
528,34202051270492,34202054930663,19988171,sB-eth3,up,34202054774651,netem,26425550,19075,0,0,0,0,0,25417328,3802,0,25403498,3589,0
529,34202071274153,34202073097663,20003661,sA-eth3,up,34202072909821,netem,26455566,19427,0,0,0,0,0,24255716,3790,0,25433076,3934,0
529,34202071274153,34202075322788,20003661,sB-eth3,up,34202075162206,netem,26425550,19075,0,0,0,0,0,25417328,3802,0,25403498,3589,0
530,34202091272904,34202093145835,19998751,sA-eth3,up,34202092955553,netem,26456076,19434,0,0,0,0,0,24290930,3797,0,25433586,3941,0
530,34202091272904,34202095020496,19998751,sB-eth3,up,34202094849443,netem,26425550,19075,0,0,0,0,0,25417328,3802,0,25403498,3589,0
531,34202111274216,34202113155886,20001312,sA-eth3,up,34202112965844,netem,26456418,19439,0,0,0,78,1,24321734,3803,0,25433928,3946,0
531,34202111274216,34202115024186,20001312,sB-eth3,up,34202114853205,netem,26425550,19075,0,0,0,0,0,25417328,3802,0,25403498,3589,0
532,34202131272256,34202133098856,19998040,sA-eth3,up,34202132908163,netem,26456772,19444,0,0,0,0,0,24351024,3808,0,25434282,3951,0
532,34202131272256,34202134899756,19998040,sB-eth3,up,34202134733965,netem,26425550,19075,0,0,0,0,0,25417328,3802,0,25403498,3589,0
533,34202151275267,34202153418141,20003011,sA-eth3,up,34202153239179,netem,26457258,19451,0,0,0,0,0,24380380,3814,0,25434768,3958,0
533,34202151275267,34202155300291,20003011,sB-eth3,up,34202155098279,netem,26425550,19075,0,0,0,0,0,25417328,3802,0,25403498,3589,0
534,34202171271218,34202173121888,19995951,sA-eth3,up,34202172935756,netem,26457624,19456,0,0,0,0,0,24409670,3819,0,25435134,3963,0
534,34202171271218,34202174722665,19995951,sB-eth3,up,34202174568344,netem,26425550,19075,0,0,0,0,0,25417328,3802,0,25403498,3589,0
535,34202191284499,34202193095529,20013281,sA-eth3,up,34202192908577,netem,26457624,19456,0,0,0,0,0,24409670,3819,0,25435134,3963,0
535,34202191284499,34202194740397,20013281,sB-eth3,up,34202194566035,netem,26425550,19075,0,0,0,0,0,25417328,3802,0,25403498,3589,0
536,34202211278029,34202213060120,19993530,sA-eth3,up,34202212869127,netem,26457624,19456,0,0,0,0,0,24409670,3819,0,25435134,3963,0
536,34202211278029,34202214660057,19993530,sB-eth3,up,34202214507535,netem,26425550,19075,0,0,0,0,0,25417328,3802,0,25403498,3589,0
537,34202231271481,34202232994890,19993452,sA-eth3,up,34202232834768,netem,26457624,19456,0,0,0,0,0,24409670,3819,0,25435134,3963,0
537,34202231271481,34202234695999,19993452,sB-eth3,up,34202234542977,netem,26425550,19075,0,0,0,0,0,25417328,3802,0,25403498,3589,0
538,34202251284111,34202253109632,20012630,sA-eth3,up,34202252899610,netem,26457624,19456,0,0,0,0,0,24409670,3819,0,25435134,3963,0
538,34202251284111,34202255428908,20012630,sB-eth3,up,34202255251286,netem,26425550,19075,0,0,0,0,0,25417328,3802,0,25403498,3589,0
539,34202271275093,34202273295525,19990982,sA-eth3,up,34202273126543,netem,26457624,19456,0,0,0,0,0,24409670,3819,0,25435134,3963,0
539,34202271275093,34202275162605,19990982,sB-eth3,up,34202274989764,netem,26425550,19075,0,0,0,0,0,25417328,3802,0,25403498,3589,0
540,34202291277324,34202293116253,20002231,sA-eth3,up,34202292913802,netem,26457624,19456,0,0,0,0,0,24409670,3819,0,25435134,3963,0
540,34202291277324,34202294759262,20002231,sB-eth3,up,34202294601990,netem,26425550,19075,0,0,0,0,0,25417328,3802,0,25403498,3589,0
541,34202311267045,34202313030485,19989721,sA-eth3,up,34202312850822,netem,26457624,19456,0,0,0,0,0,24409670,3819,0,25435134,3963,0
541,34202311267045,34202315143657,19989721,sB-eth3,up,34202314968185,netem,26425550,19075,0,0,0,0,0,25417328,3802,0,25403498,3589,0
542,34202331267046,34202333098955,20000001,sA-eth3,up,34202332917614,netem,26457624,19456,0,0,0,0,0,24409670,3819,0,25435134,3963,0
542,34202331267046,34202334735344,20000001,sB-eth3,up,34202334582052,netem,26425550,19075,0,0,0,0,0,25417328,3802,0,25403498,3589,0
543,34202351283567,34202353098977,20016521,sA-eth3,up,34202352905874,netem,26457624,19456,0,0,0,0,0,24409670,3819,0,25435134,3963,0
543,34202351283567,34202355368272,20016521,sB-eth3,up,34202355202420,netem,26425550,19075,0,0,0,0,0,25417328,3802,0,25403498,3589,0
544,34202371269237,34202373077877,19985670,sA-eth3,up,34202372893025,netem,26457624,19456,0,0,0,0,0,24409670,3819,0,25435134,3963,0
544,34202371269237,34202374897947,19985670,sB-eth3,up,34202374743456,netem,26425550,19075,0,0,0,0,0,25417328,3802,0,25403498,3589,0
545,34202391271918,34202393035837,20002681,sA-eth3,up,34202392851555,netem,26457624,19456,0,0,0,0,0,24409670,3819,0,25435134,3963,0
545,34202391271918,34202394628926,20002681,sB-eth3,up,34202394477594,netem,26425550,19075,0,0,0,0,0,25417328,3802,0,25403498,3589,0
546,34202411267250,34202413493235,19995332,sA-eth3,up,34202413319762,netem,26457624,19456,0,0,0,0,0,24409670,3819,0,25435134,3963,0
546,34202411267250,34202415248433,19995332,sB-eth3,up,34202415096492,netem,26425550,19075,0,0,0,0,0,25417328,3802,0,25403498,3589,0
547,34202431271820,34202433043060,20004570,sA-eth3,up,34202432854267,netem,26457624,19456,0,0,0,0,0,24409670,3819,0,25435134,3963,0
547,34202431271820,34202434899301,20004570,sB-eth3,up,34202434740849,netem,26425550,19075,0,0,0,0,0,25417328,3802,0,25403498,3589,0
548,34202451281422,34202453277204,20009602,sA-eth3,up,34202453089091,netem,26457624,19456,0,0,0,0,0,24409670,3819,0,25435134,3963,0
548,34202451281422,34202455173424,20009602,sB-eth3,up,34202454999092,netem,26425550,19075,0,0,0,0,0,25417328,3802,0,25403498,3589,0
549,34202471267152,34202473066432,19985730,sA-eth3,up,34202472883830,netem,26457624,19456,0,0,0,0,0,24409670,3819,0,25435134,3963,0
549,34202471267152,34202474864682,19985730,sB-eth3,up,34202474708740,netem,26425550,19075,0,0,0,0,0,25417328,3802,0,25403498,3589,0
550,34202491273453,34202493087394,20006301,sA-eth3,up,34202492895001,netem,26457624,19456,0,0,0,0,0,24409670,3819,0,25435134,3963,0
550,34202491273453,34202494692031,20006301,sB-eth3,up,34202494535719,netem,26425550,19075,0,0,0,0,0,25417328,3802,0,25403498,3589,0
551,34202511270704,34202513082894,19997251,sA-eth3,up,34202512904482,netem,26457624,19456,0,0,0,0,0,24409670,3819,0,25435134,3963,0
551,34202511270704,34202515275439,19997251,sB-eth3,up,34202515120946,netem,26425550,19075,0,0,0,0,0,25417328,3802,0,25403498,3589,0
552,34202531283625,34202533224186,20012921,sA-eth3,up,34202533044384,netem,26457624,19456,0,0,0,0,0,24409670,3819,0,25435134,3963,0
552,34202531283625,34202534842665,20012921,sB-eth3,up,34202534688373,netem,26425550,19075,0,0,0,0,0,25417328,3802,0,25403498,3589,0
553,34202551273837,34202553059966,19990212,sA-eth3,up,34202552862974,netem,26457624,19456,0,0,0,0,0,24409670,3819,0,25435134,3963,0
553,34202551273837,34202554696674,19990212,sB-eth3,up,34202554544193,netem,26425550,19075,0,0,0,0,0,25417328,3802,0,25403498,3589,0
554,34202571269517,34202573503071,19995680,sA-eth3,up,34202573321189,netem,26457624,19456,0,0,0,0,0,24409670,3819,0,25435134,3963,0
554,34202571269517,34202575569484,19995680,sB-eth3,up,34202575415043,netem,26425550,19075,0,0,0,0,0,25417328,3802,0,25403498,3589,0
555,34202591275169,34202593538664,20005652,sA-eth3,up,34202593356441,netem,26457624,19456,0,0,0,0,0,24409670,3819,0,25435134,3963,0
555,34202591275169,34202595420834,20005652,sB-eth3,up,34202595249062,netem,26425550,19075,0,0,0,0,0,25417328,3802,0,25403498,3589,0
556,34202611277809,34202613205091,20002640,sA-eth3,up,34202613024348,netem,26457624,19456,0,0,0,0,0,24409670,3819,0,25435134,3963,0
556,34202611277809,34202615384494,20002640,sB-eth3,up,34202615219343,netem,26425550,19075,0,0,0,0,0,25417328,3802,0,25403498,3589,0
557,34202631270939,34202633125721,19993130,sA-eth3,up,34202632926158,netem,26457624,19456,0,0,0,0,0,24409670,3819,0,25435134,3963,0
557,34202631270939,34202635174373,19993130,sB-eth3,up,34202635019011,netem,26425550,19075,0,0,0,0,0,25417328,3802,0,25403498,3589,0
558,34202651268591,34202653376604,19997652,sA-eth3,up,34202653189093,netem,26457624,19456,0,0,0,0,0,24409670,3819,0,25435134,3963,0
558,34202651268591,34202655265975,19997652,sB-eth3,up,34202655074503,netem,26425550,19075,0,0,0,0,0,25417328,3802,0,25403498,3589,0
559,34202671279812,34202673154813,20011221,sA-eth3,up,34202672938541,netem,26457624,19456,0,0,0,0,0,24409670,3819,0,25435134,3963,0
559,34202671279812,34202675325956,20011221,sB-eth3,up,34202675147855,netem,26425550,19075,0,0,0,0,0,25417328,3802,0,25403498,3589,0
560,34202691284153,34202693226135,20004341,sA-eth3,up,34202693044672,netem,26457624,19456,0,0,0,0,0,24409670,3819,0,25435134,3963,0
560,34202691284153,34202694936474,20004341,sB-eth3,up,34202694771422,netem,26425550,19075,0,0,0,0,0,25417328,3802,0,25403498,3589,0
561,34202711272924,34202714073845,19988771,sA-eth3,up,34202713877902,netem,26457624,19456,0,0,0,0,0,24409670,3819,0,25435134,3963,0
561,34202711272924,34202716192118,19988771,sB-eth3,up,34202715963876,netem,26425550,19075,0,0,0,0,0,25417328,3802,0,25403498,3589,0
562,34202731285895,34202733809593,20012971,sA-eth3,up,34202733611251,netem,26457624,19456,0,0,0,0,0,24409670,3819,0,25435134,3963,0
562,34202731285895,34202735808065,20012971,sB-eth3,up,34202735634993,netem,26425550,19075,0,0,0,0,0,25417328,3802,0,25403498,3589,0
563,34202751272446,34202753676163,19986551,sA-eth3,up,34202753496401,netem,26457624,19456,0,0,0,0,0,24409670,3819,0,25435134,3963,0
563,34202751272446,34202755578613,19986551,sB-eth3,up,34202755404991,netem,26425550,19075,0,0,0,0,0,25417328,3802,0,25403498,3589,0
564,34202771289436,34202773724874,20016990,sA-eth3,up,34202773542261,netem,26457624,19456,0,0,0,0,0,24409670,3819,0,25435134,3963,0
564,34202771289436,34202775620595,20016990,sB-eth3,up,34202775456493,netem,26425550,19075,0,0,0,0,0,25417328,3802,0,25403498,3589,0
565,34202791276728,34202793593563,19987292,sA-eth3,up,34202793404271,netem,26457624,19456,0,0,0,0,0,24409670,3819,0,25435134,3963,0
565,34202791276728,34202795443023,19987292,sB-eth3,up,34202795267292,netem,26425550,19075,0,0,0,0,0,25417328,3802,0,25403498,3589,0
566,34202811290069,34202813593495,20013341,sA-eth3,up,34202813374322,netem,26457624,19456,0,0,0,0,0,24409670,3819,0,25435134,3963,0
566,34202811290069,34202815424295,20013341,sB-eth3,up,34202815249262,netem,26425550,19075,0,0,0,0,0,25417328,3802,0,25403498,3589,0
567,34202831277070,34202833547645,19987001,sA-eth3,up,34202833366622,netem,26457624,19456,0,0,0,0,0,24409670,3819,0,25435134,3963,0
567,34202831277070,34202835383375,19987001,sB-eth3,up,34202835222473,netem,26425550,19075,0,0,0,0,0,25417328,3802,0,25403498,3589,0
568,34202851284671,34202853675077,20007601,sA-eth3,up,34202853491445,netem,26457624,19456,0,0,0,0,0,24409670,3819,0,25435134,3963,0
568,34202851284671,34202855635519,20007601,sB-eth3,up,34202855464907,netem,26425550,19075,0,0,0,0,0,25417328,3802,0,25403498,3589,0
569,34202871278342,34202873455125,19993671,sA-eth3,up,34202873269084,netem,26457624,19456,0,0,0,0,0,24409670,3819,0,25435134,3963,0
569,34202871278342,34202875375807,19993671,sB-eth3,up,34202875214805,netem,26425550,19075,0,0,0,0,0,25417328,3802,0,25403498,3589,0
570,34202891282452,34202893132173,20004110,sA-eth3,up,34202892940301,netem,26457624,19456,0,0,0,0,0,24409670,3819,0,25435134,3963,0
570,34202891282452,34202894781001,20004110,sB-eth3,up,34202894602219,netem,26425550,19075,0,0,0,0,0,25417328,3802,0,25403498,3589,0
571,34202911289774,34202913111414,20007322,sA-eth3,up,34202912897941,netem,26457624,19456,0,0,0,0,0,24409670,3819,0,25435134,3963,0
571,34202911289774,34202915134406,20007322,sB-eth3,up,34202914963814,netem,26425550,19075,0,0,0,0,0,25417328,3802,0,25403498,3589,0
572,34202931285215,34202933130564,19995441,sA-eth3,up,34202932939912,netem,26457624,19456,0,0,0,0,0,24409670,3819,0,25435134,3963,0
572,34202931285215,34202935027566,19995441,sB-eth3,up,34202934854454,netem,26425550,19075,0,0,0,0,0,25417328,3802,0,25403498,3589,0
573,34202951278905,34202953579921,19993690,sA-eth3,up,34202953396099,netem,26457624,19456,0,0,0,0,0,24409670,3819,0,25435134,3963,0
573,34202951278905,34202955488962,19993690,sB-eth3,up,34202955322310,netem,26425550,19075,0,0,0,0,0,25417328,3802,0,25403498,3589,0
574,34202971288657,34202973330999,20009752,sA-eth3,up,34202973080986,netem,26457624,19456,0,0,0,0,0,24409670,3819,0,25435134,3963,0
574,34202971288657,34202975287901,20009752,sB-eth3,up,34202975115899,netem,26425550,19075,0,0,0,0,0,25417328,3802,0,25403498,3589,0
575,34202991282757,34202993191228,19994100,sA-eth3,up,34202992929696,netem,26457624,19456,0,0,0,0,0,24409670,3819,0,25435134,3963,0
575,34202991282757,34202995139959,19994100,sB-eth3,up,34202994896007,netem,26425550,19075,0,0,0,0,0,25417328,3802,0,25403498,3589,0
576,34203011281769,34203013169039,19999012,sA-eth3,up,34203012961307,netem,26457624,19456,0,0,0,0,0,24409670,3819,0,25435134,3963,0
576,34203011281769,34203015392464,19999012,sB-eth3,up,34203015177242,netem,26425550,19075,0,0,0,0,0,25417328,3802,0,25403498,3589,0
577,34203031277389,34203033123129,19995620,sA-eth3,up,34203032932338,netem,26457624,19456,0,0,0,0,0,24409670,3819,0,25435134,3963,0
577,34203031277389,34203035040261,19995620,sB-eth3,up,34203034866419,netem,26425550,19075,0,0,0,0,0,25417328,3802,0,25403498,3589,0
578,34203051272180,34203053085941,19994791,sA-eth3,up,34203052897998,netem,26457624,19456,0,0,0,0,0,24409670,3819,0,25435134,3963,0
578,34203051272180,34203054879710,19994791,sB-eth3,up,34203054721128,netem,26425550,19075,0,0,0,0,0,25417328,3802,0,25403498,3589,0
579,34203071272711,34203073089471,20000531,sA-eth3,up,34203072900299,netem,26457624,19456,0,0,0,0,0,24409670,3819,0,25435134,3963,0
579,34203071272711,34203074879271,20000531,sB-eth3,up,34203074721488,netem,26425550,19075,0,0,0,0,0,25417328,3802,0,25403498,3589,0
580,34203091266792,34203093085342,19994081,sA-eth3,up,34203092906050,netem,26457624,19456,0,0,0,0,0,24409670,3819,0,25435134,3963,0
580,34203091266792,34203094882322,19994081,sB-eth3,up,34203094721560,netem,26425550,19075,0,0,0,0,0,25417328,3802,0,25403498,3589,0
581,34203111269424,34203113113933,20002632,sA-eth3,up,34203112931411,netem,26457624,19456,0,0,0,0,0,24409670,3819,0,25435134,3963,0
581,34203111269424,34203114927393,20002632,sB-eth3,up,34203114775021,netem,26425550,19075,0,0,0,0,0,25417328,3802,0,25403498,3589,0
582,34203131275444,34203133067184,20006020,sA-eth3,up,34203132887111,netem,26457624,19456,0,0,0,0,0,24409670,3819,0,25435134,3963,0
582,34203131275444,34203134648321,20006020,sB-eth3,up,34203134495460,netem,26425550,19075,0,0,0,0,0,25417328,3802,0,25403498,3589,0
583,34203151267334,34203152983724,19991890,sA-eth3,up,34203152820692,netem,26457624,19456,0,0,0,0,0,24409670,3819,0,25435134,3963,0
583,34203151267334,34203154919815,19991890,sB-eth3,up,34203154768003,netem,26425550,19075,0,0,0,0,0,25417328,3802,0,25403498,3589,0
584,34203171271536,34203173084706,20004202,sA-eth3,up,34203172896814,netem,26457624,19456,0,0,0,0,0,24409670,3819,0,25435134,3963,0
584,34203171271536,34203174707594,20004202,sB-eth3,up,34203174551332,netem,26425550,19075,0,0,0,0,0,25417328,3802,0,25403498,3589,0
585,34203191275277,34203193596872,20003741,sA-eth3,up,34203193428361,netem,26457624,19456,0,0,0,0,0,24409670,3819,0,25435134,3963,0
585,34203191275277,34203195966619,20003741,sB-eth3,up,34203195809057,netem,26425550,19075,0,0,0,0,0,25417328,3802,0,25403498,3589,0
586,34203211268338,34203213388961,19993061,sA-eth3,up,34203213225499,netem,26457624,19456,0,0,0,0,0,24409670,3819,0,25435134,3963,0
586,34203211268338,34203215352003,19993061,sB-eth3,up,34203215190151,netem,26425550,19075,0,0,0,0,0,25417328,3802,0,25403498,3589,0
587,34203231268658,34203233375812,20000320,sA-eth3,up,34203233197610,netem,26457624,19456,0,0,0,0,0,24409670,3819,0,25435134,3963,0
587,34203231268658,34203235181062,20000320,sB-eth3,up,34203235019080,netem,26425550,19075,0,0,0,0,0,25417328,3802,0,25403498,3589,0
588,34203251272759,34203253363753,20004101,sA-eth3,up,34203253198500,netem,26457624,19456,0,0,0,0,0,24409670,3819,0,25435134,3963,0
588,34203251272759,34203255175773,20004101,sB-eth3,up,34203255016360,netem,26425550,19075,0,0,0,0,0,25417328,3802,0,25403498,3589,0
589,34203271275711,34203273076180,20002952,sA-eth3,up,34203272888458,netem,26457624,19456,0,0,0,0,0,24409670,3819,0,25435134,3963,0
589,34203271275711,34203275351895,20002952,sB-eth3,up,34203275195004,netem,26425550,19075,0,0,0,0,0,25417328,3802,0,25403498,3589,0
590,34203291275071,34203293514916,19999360,sA-eth3,up,34203293341285,netem,26457624,19456,0,0,0,0,0,24409670,3819,0,25435134,3963,0
590,34203291275071,34203295343267,19999360,sB-eth3,up,34203295185545,netem,26425550,19075,0,0,0,0,0,25417328,3802,0,25403498,3589,0
591,34203311265733,34203313483067,19990662,sA-eth3,up,34203313308595,netem,26457624,19456,0,0,0,0,0,24409670,3819,0,25435134,3963,0
591,34203311265733,34203315275327,19990662,sB-eth3,up,34203315120855,netem,26425550,19075,0,0,0,0,0,25417328,3802,0,25403498,3589,0
592,34203331277203,34203333526018,20011470,sA-eth3,up,34203333340656,netem,26457624,19456,0,0,0,0,0,24409670,3819,0,25435134,3963,0
592,34203331277203,34203335422609,20011470,sB-eth3,up,34203335254837,netem,26425550,19075,0,0,0,0,0,25417328,3802,0,25403498,3589,0
593,34203351280275,34203353522169,20003072,sA-eth3,up,34203353349738,netem,26457624,19456,0,0,0,0,0,24409670,3819,0,25435134,3963,0
593,34203351280275,34203355390330,20003072,sB-eth3,up,34203355233938,netem,26425550,19075,0,0,0,0,0,25417328,3802,0,25403498,3589,0
594,34203371269465,34203373525630,19989190,sA-eth3,up,34203373354658,netem,26457624,19456,0,0,0,0,0,24409670,3819,0,25435134,3963,0
594,34203371269465,34203375775255,19989190,sB-eth3,up,34203375617233,netem,26425550,19075,0,0,0,0,0,25417328,3802,0,25403498,3589,0
595,34203391276777,34203393506090,20007312,sA-eth3,up,34203393321309,netem,26457624,19456,0,0,0,0,0,24409670,3819,0,25435134,3963,0
595,34203391276777,34203395451203,20007312,sB-eth3,up,34203395285610,netem,26425550,19075,0,0,0,0,0,25417328,3802,0,25403498,3589,0
596,34203411268578,34203413497242,19991801,sA-eth3,up,34203413325170,netem,26457624,19456,0,0,0,0,0,24409670,3819,0,25435134,3963,0
596,34203411268578,34203415446264,19991801,sB-eth3,up,34203415280152,netem,26425550,19075,0,0,0,0,0,25417328,3802,0,25403498,3589,0
597,34203431267828,34203433523853,19999250,sA-eth3,up,34203433348822,netem,26457624,19456,0,0,0,0,0,24409670,3819,0,25435134,3963,0
597,34203431267828,34203435445615,19999250,sB-eth3,up,34203435282043,netem,26425550,19075,0,0,0,0,0,25417328,3802,0,25403498,3589,0
598,34203451272790,34203453579355,20004962,sA-eth3,up,34203453390632,netem,26457624,19456,0,0,0,0,0,24409670,3819,0,25435134,3963,0
598,34203451272790,34203455657567,20004962,sB-eth3,up,34203455497096,netem,26425550,19075,0,0,0,0,0,25417328,3802,0,25403498,3589,0
599,34203471275920,34203473528785,20003130,sA-eth3,up,34203473341043,netem,26457624,19456,0,0,0,0,0,24409670,3819,0,25435134,3963,0
599,34203471275920,34203475454497,20003130,sB-eth3,up,34203475278184,netem,26425550,19075,0,0,0,0,0,25417328,3802,0,25403498,3589,0
600,34203491273121,34203493091682,19997201,sA-eth3,up,34203492900419,netem,26457624,19456,0,0,0,0,0,24409670,3819,0,25435134,3963,0
600,34203491273121,34203494722639,19997201,sB-eth3,up,34203494564098,netem,26425550,19075,0,0,0,0,0,25417328,3802,0,25403498,3589,0
601,34203511289112,34203513113032,20015991,sA-eth3,up,34203512907581,netem,26457624,19456,0,0,0,0,0,24409670,3819,0,25435134,3963,0
601,34203511289112,34203515179616,20015991,sB-eth3,up,34203514990693,netem,26425550,19075,0,0,0,0,0,25417328,3802,0,25403498,3589,0
602,34203531282354,34203533143774,19993242,sA-eth3,up,34203532955191,netem,26457624,19456,0,0,0,0,0,24409670,3819,0,25435134,3963,0
602,34203531282354,34203534769222,19993242,sB-eth3,up,34203534615130,netem,26425550,19075,0,0,0,0,0,25417328,3802,0,25403498,3589,0
603,34203551281374,34203553046464,19999020,sA-eth3,up,34203552859231,netem,26457624,19456,0,0,0,0,0,24409670,3819,0,25435134,3963,0
603,34203551281374,34203555052386,19999020,sB-eth3,up,34203554880504,netem,26425550,19075,0,0,0,0,0,25417328,3802,0,25403498,3589,0
604,34203571269225,34203573040494,19987851,sA-eth3,up,34203572856353,netem,26457624,19456,0,0,0,0,0,24409670,3819,0,25435134,3963,0
604,34203571269225,34203575255139,19987851,sB-eth3,up,34203575101658,netem,26425550,19075,0,0,0,0,0,25417328,3802,0,25403498,3589,0
605,34203591287946,34203593152507,20018721,sA-eth3,up,34203592957775,netem,26457624,19456,0,0,0,0,0,24409670,3819,0,25435134,3963,0
605,34203591287946,34203595121409,20018721,sB-eth3,up,34203594941426,netem,26425550,19075,0,0,0,0,0,25417328,3802,0,25403498,3589,0
606,34203611280728,34203613228969,19992782,sA-eth3,up,34203613054876,netem,26457624,19456,0,0,0,0,0,24409670,3819,0,25435134,3963,0
606,34203611280728,34203615046938,19992782,sB-eth3,up,34203614874757,netem,26425550,19075,0,0,0,0,0,25417328,3802,0,25403498,3589,0
607,34203631279438,34203633159789,19998710,sA-eth3,up,34203632971307,netem,26457624,19456,0,0,0,0,0,24409670,3819,0,25435134,3963,0
607,34203631279438,34203634911658,19998710,sB-eth3,up,34203634754107,netem,26425550,19075,0,0,0,0,0,25417328,3802,0,25403498,3589,0
608,34203651285499,34203653049058,20006061,sA-eth3,up,34203652858766,netem,26457788,19458,0,0,0,0,0,24414146,3821,0,25435298,3965,0
608,34203651285499,34203654901270,20006061,sB-eth3,up,34203654737647,netem,26425550,19075,0,0,0,0,0,25417328,3802,0,25403498,3589,0
609,34203671271910,34203673077540,19986411,sA-eth3,up,34203672889018,netem,26457788,19458,0,0,0,0,0,24414146,3821,0,25435298,3965,0
609,34203671271910,34203674724798,19986411,sB-eth3,up,34203674543887,netem,26425550,19075,0,0,0,0,0,25417328,3802,0,25403498,3589,0
610,34203691285491,34203693621046,20013581,sA-eth3,up,34203693429105,netem,26457788,19458,0,0,0,0,0,24414146,3821,0,25435298,3965,0
610,34203691285491,34203695458497,20013581,sB-eth3,up,34203695284365,netem,26425550,19075,0,0,0,0,0,25417328,3802,0,25403498,3589,0
611,34203711276872,34203713064102,19991381,sA-eth3,up,34203712877340,netem,26457788,19458,0,0,0,0,0,24414146,3821,0,25435298,3965,0
611,34203711276872,34203714891092,19991381,sB-eth3,up,34203714733680,netem,26425550,19075,0,0,0,0,0,25417328,3802,0,25403498,3589,0
612,34203731292563,34203733632939,20015691,sA-eth3,up,34203733458127,netem,26457788,19458,0,0,0,0,0,24414146,3821,0,25435298,3965,0
612,34203731292563,34203735387688,20015691,sB-eth3,up,34203735232367,netem,26425550,19075,0,0,0,0,0,25417328,3802,0,25403498,3589,0
613,34203751282504,34203753067133,19989941,sA-eth3,up,34203752866902,netem,26457788,19458,0,0,0,0,0,24414146,3821,0,25435298,3965,0
613,34203751282504,34203754923904,19989941,sB-eth3,up,34203754766512,netem,26425550,19075,0,0,0,0,0,25417328,3802,0,25403498,3589,0
614,34203771290345,34203773139505,20007841,sA-eth3,up,34203772946333,netem,26457788,19458,0,0,0,0,0,24414146,3821,0,25435298,3965,0
614,34203771290345,34203775234398,20007841,sB-eth3,up,34203775059717,netem,26425550,19075,0,0,0,0,0,25417328,3802,0,25403498,3589,0
615,34203791281176,34203793314218,19990831,sA-eth3,up,34203793142856,netem,26457788,19458,0,0,0,0,0,24414146,3821,0,25435298,3965,0
615,34203791281176,34203795218670,19990831,sB-eth3,up,34203795028787,netem,26425550,19075,0,0,0,0,0,25417328,3802,0,25403498,3589,0
616,34203811271146,34203813074847,19989970,sA-eth3,up,34203812886935,netem,26457788,19458,0,0,0,0,0,24414146,3821,0,25435298,3965,0
616,34203811271146,34203815120789,19989970,sB-eth3,up,34203814871167,netem,26425550,19075,0,0,0,0,0,25417328,3802,0,25403498,3589,0
617,34203831284218,34203833132268,20013072,sA-eth3,up,34203832940837,netem,26457788,19458,0,0,0,0,0,24414146,3821,0,25435298,3965,0
617,34203831284218,34203834740716,20013072,sB-eth3,up,34203834576124,netem,26425550,19075,0,0,0,0,0,25417328,3802,0,25403498,3589,0
618,34203851276078,34203853071949,19991860,sA-eth3,up,34203852872657,netem,26457788,19458,0,0,0,86,1,24415660,3822,0,25435298,3965,0
618,34203851276078,34203855281352,19991860,sB-eth3,up,34203855123042,netem,26425550,19075,0,0,0,0,0,25417328,3802,0,25403498,3589,0
619,34203871272049,34203873164290,19995971,sA-eth3,up,34203872979939,netem,26458054,19461,0,0,0,0,0,24418688,3824,0,25435564,3968,0
619,34203871272049,34203875280294,19995971,sB-eth3,up,34203875105782,netem,26425550,19075,0,0,0,0,0,25417328,3802,0,25403498,3589,0
620,34203891278200,34203893114491,20006151,sA-eth3,up,34203892913729,netem,26458054,19461,0,0,0,0,0,24418688,3824,0,25435564,3968,0
620,34203891278200,34203895241274,20006151,sB-eth3,up,34203895076422,netem,26425550,19075,0,0,0,0,0,25417328,3802,0,25403498,3589,0
621,34203911270072,34203913141172,19991872,sA-eth3,up,34203912958020,netem,26458054,19461,0,0,0,0,0,24418688,3824,0,25435564,3968,0
621,34203911270072,34203914735110,19991872,sB-eth3,up,34203914579348,netem,26425550,19075,0,0,0,0,0,25417328,3802,0,25403498,3589,0
622,34203931280062,34203933258505,20009990,sA-eth3,up,34203933086373,netem,26458054,19461,0,0,0,0,0,24418688,3824,0,25435564,3968,0
622,34203931280062,34203934974073,20009990,sB-eth3,up,34203934816362,netem,26425550,19075,0,0,0,0,0,25417328,3802,0,25403498,3589,0
623,34203951279484,34203953135894,19999422,sA-eth3,up,34203952934791,netem,26458054,19461,0,0,0,0,0,24418688,3824,0,25435564,3968,0
623,34203951279484,34203955038975,19999422,sB-eth3,up,34203954867253,netem,26425550,19075,0,0,0,0,0,25417328,3802,0,25403498,3589,0
624,34203971289455,34203973222286,20009971,sA-eth3,up,34203973035804,netem,26458054,19461,0,0,0,0,0,24418688,3824,0,25435564,3968,0
624,34203971289455,34203974932445,20009971,sB-eth3,up,34203974768743,netem,26425550,19075,0,0,0,0,0,25417328,3802,0,25403498,3589,0
625,34203991281886,34203993119796,19992431,sA-eth3,up,34203992921604,netem,26458054,19461,0,0,0,0,0,24418688,3824,0,25435564,3968,0
625,34203991281886,34203994772394,19992431,sB-eth3,up,34203994614012,netem,26425550,19075,0,0,0,0,0,25417328,3802,0,25403498,3589,0
626,34204011281466,34204013127347,19999580,sA-eth3,up,34204012929314,netem,26458054,19461,0,0,0,0,0,24418688,3824,0,25435564,3968,0
626,34204011281466,34204015130078,19999580,sB-eth3,up,34204014953747,netem,26425550,19075,0,0,0,0,0,25417328,3802,0,25403498,3589,0
627,34204031276357,34204033081628,19994891,sA-eth3,up,34204032895515,netem,26458054,19461,0,0,0,0,0,24418688,3824,0,25435564,3968,0
627,34204031276357,34204034926158,19994891,sB-eth3,up,34204034767026,netem,26425550,19075,0,0,0,0,0,25417328,3802,0,25403498,3589,0
628,34204051281398,34204053118879,20005041,sA-eth3,up,34204052922626,netem,26458054,19461,0,0,0,0,0,24418688,3824,0,25435564,3968,0
628,34204051281398,34204055384054,20005041,sB-eth3,up,34204055222632,netem,26425550,19075,0,0,0,0,0,25417328,3802,0,25403498,3589,0
629,34204071276409,34204073113510,19995011,sA-eth3,up,34204072892368,netem,26458140,19462,0,0,0,144,2,24424678,3827,0,25435728,3970,0
629,34204071276409,34204074785388,19995011,sB-eth3,up,34204074624797,netem,26425550,19075,0,0,0,0,0,25417328,3802,0,25403498,3589,0
630,34204091274000,34204093243833,19997591,sA-eth3,up,34204093069791,netem,26458638,19469,0,0,0,0,0,24446728,3832,0,25436148,3976,0
630,34204091274000,34204095081912,19997591,sB-eth3,up,34204094896540,netem,26425550,19075,0,0,0,0,0,25417328,3802,0,25403498,3589,0
631,34204111276501,34204113137552,20002501,sA-eth3,up,34204112951100,netem,26459136,19476,0,0,0,0,0,24487800,3840,0,25436646,3983,0
631,34204111276501,34204115155954,20002501,sB-eth3,up,34204114956662,netem,26425550,19075,0,0,0,0,0,25417328,3802,0,25403498,3589,0
632,34204131280933,34204133217523,20004432,sA-eth3,up,34204133034332,netem,26459686,19483,0,0,0,0,0,24511364,3846,0,25437196,3990,0
632,34204131280933,34204135110375,20004432,sB-eth3,up,34204134934792,netem,26425550,19075,0,0,0,0,0,25417328,3802,0,25403498,3589,0
633,34204151274773,34204153154614,19993840,sA-eth3,up,34204152913501,netem,26460126,19489,0,0,0,0,0,24546578,3853,0,25437636,3996,0
633,34204151274773,34204155087805,19993840,sB-eth3,up,34204154838482,netem,26425550,19075,0,0,0,0,0,25417328,3802,0,25403498,3589,0
634,34204171277924,34204173123075,20003151,sA-eth3,up,34204172925913,netem,26460612,19496,0,0,0,66,1,24589164,3862,0,25438122,4003,0
634,34204171277924,34204174966885,20003151,sB-eth3,up,34204174761072,netem,26425550,19075,0,0,0,0,0,25417328,3802,0,25403498,3589,0
635,34204191288756,34204193209966,20010832,sA-eth3,up,34204193016295,netem,26461254,19505,0,0,0,0,0,24634580,3870,0,25438764,4012,0
635,34204191288756,34204194984876,20010832,sB-eth3,up,34204194826974,netem,26425550,19075,0,0,0,0,0,25417328,3802,0,25403498,3589,0
636,34204211280326,34204213261508,19991570,sA-eth3,up,34204213066806,netem,26461728,19512,0,0,0,66,1,24671242,3877,0,25439238,4020,0
636,34204211280326,34204215536473,19991570,sB-eth3,up,34204215350961,netem,26425550,19075,0,0,0,0,0,25417398,3803,0,25403498,3589,0
637,34204231274267,34204233153487,19993941,sA-eth3,up,34204232964995,netem,26462190,19519,0,0,0,0,0,24712248,3884,0,25439700,4026,0
637,34204231274267,34204234868697,19993941,sB-eth3,up,34204234711965,netem,26425550,19075,0,0,0,0,0,25417398,3803,0,25403498,3589,0
638,34204251276428,34204253255460,20002161,sA-eth3,up,34204253085227,netem,26462478,19523,0,0,0,78,1,24735680,3888,0,25439988,4030,0
638,34204251276428,34204255257322,20002161,sB-eth3,up,34204255094850,netem,26425550,19075,0,0,0,0,0,25417398,3803,0,25403498,3589,0
639,34204271275148,34204273127719,19998720,sA-eth3,up,34204272902847,netem,26462778,19527,0,0,0,86,1,24757664,3892,0,25440374,4035,0
639,34204271275148,34204274999240,19998720,sB-eth3,up,34204274838267,netem,26425550,19075,0,0,0,0,0,25417398,3803,0,25403498,3589,0
640,34204291279030,34204293184291,20003882,sA-eth3,up,34204292990449,netem,26463320,19534,0,0,0,0,0,24784190,3899,0,25440830,4041,0
640,34204291279030,34204294850839,20003882,sB-eth3,up,34204294691877,netem,26425550,19075,0,0,0,0,0,25417398,3803,0,25403498,3589,0
641,34204311270851,34204313201622,19991821,sA-eth3,up,34204313032750,netem,26463686,19539,0,0,0,86,1,24807754,3905,0,25441196,4046,0
641,34204311270851,34204315024302,19991821,sB-eth3,up,34204314849461,netem,26425550,19075,0,0,0,0,0,25417398,3803,0,25403498,3589,0
642,34204331272982,34204333098742,20002131,sA-eth3,up,34204332904229,netem,26464158,19545,0,0,0,0,0,24838624,3912,0,25441668,4052,0
642,34204331272982,34204334744511,20002131,sB-eth3,up,34204334581688,netem,26425550,19075,0,0,0,0,0,25417398,3803,0,25403498,3589,0
643,34204351276782,34204353077882,20003800,sA-eth3,up,34204352888581,netem,26464578,19551,0,0,0,66,1,24873772,3918,0,25442154,4059,0
643,34204351276782,34204355429049,20003800,sB-eth3,up,34204355260587,netem,26425550,19075,0,0,0,0,0,25417398,3803,0,25403498,3589,0
644,34204371265614,34204373112384,19988832,sA-eth3,up,34204372923522,netem,26465076,19558,0,0,0,0,0,24910434,3925,0,25442586,4065,0
644,34204371265614,34204374732771,19988832,sB-eth3,up,34204374568390,netem,26425550,19075,0,0,0,0,0,25417398,3803,0,25403498,3589,0
645,34204391274745,34204393125346,20009131,sA-eth3,up,34204392906433,netem,26465406,19563,0,0,0,0,0,24939724,3930,0,25442916,4070,0
645,34204391274745,34204395370590,20009131,sB-eth3,up,34204395204058,netem,26425550,19075,0,0,0,0,0,25417398,3803,0,25403498,3589,0
646,34204411280106,34204413089036,20005361,sA-eth3,up,34204412898644,netem,26465826,19569,0,0,0,66,1,24976386,3937,0,25443336,4076,0
646,34204411280106,34204414711784,20005361,sB-eth3,up,34204414550183,netem,26425550,19075,0,0,0,0,0,25417398,3803,0,25403498,3589,0
647,34204431275527,34204433080536,19995421,sA-eth3,up,34204432892094,netem,26466114,19573,0,0,0,0,0,24993960,3940,0,25443624,4080,0
647,34204431275527,34204434683764,19995421,sB-eth3,up,34204434524213,netem,26425550,19075,0,0,0,0,0,25417398,3803,0,25403498,3589,0
648,34204451276467,34204453580784,20000940,sA-eth3,up,34204453387151,netem,26466468,19578,0,0,0,0,0,25023250,3945,0,25443978,4085,0
648,34204451276467,34204455478264,20000940,sB-eth3,up,34204455263912,netem,26425550,19075,0,0,0,0,0,25417398,3803,0,25403498,3589,0
649,34204471280459,34204473083448,20003992,sA-eth3,up,34204472877926,netem,26466900,19584,0,0,0,0,0,25058464,3952,0,25444410,4091,0
649,34204471280459,34204474683466,20003992,sB-eth3,up,34204474526465,netem,26425550,19075,0,0,0,0,0,25417398,3803,0,25403498,3589,0
650,34204491273549,34204493300302,19993090,sA-eth3,up,34204493106049,netem,26467266,19589,0,0,0,78,1,25090716,3958,0,25444776,4096,0
650,34204491273549,34204495088371,19993090,sB-eth3,up,34204494912600,netem,26425550,19075,0,0,0,0,0,25417398,3803,0,25403498,3589,0
651,34204511277341,34204513100271,20003792,sA-eth3,up,34204512905898,netem,26467806,19597,0,0,0,66,1,25128826,3965,0,25445316,4104,0
651,34204511277341,34204514723158,20003792,sB-eth3,up,34204514562757,netem,26425550,19075,0,0,0,0,0,25417398,3803,0,25403498,3589,0
652,34204531280241,34204533093461,20002900,sA-eth3,up,34204532882269,netem,26468360,19604,0,0,0,78,1,25167002,3973,0,25445948,4112,0
652,34204531280241,34204534702939,20002900,sB-eth3,up,34204534544087,netem,26425550,19075,0,0,0,0,0,25417398,3803,0,25403498,3589,0
653,34204551273052,34204553083453,19992811,sA-eth3,up,34204552895951,netem,26468948,19612,0,0,0,0,0,25197806,3979,0,25446458,4119,0
653,34204551273052,34204555431958,19992811,sB-eth3,up,34204555256526,netem,26425550,19075,0,0,0,0,0,25417398,3803,0,25403498,3589,0
654,34204571273883,34204573060353,20000831,sA-eth3,up,34204572866501,netem,26469368,19618,0,0,0,0,0,25222818,3985,0,25446878,4125,0
654,34204571273883,34204574653700,20000831,sB-eth3,up,34204574496969,netem,26425550,19075,0,0,0,0,0,25417398,3803,0,25403498,3589,0
655,34204591275384,34204593109524,20001501,sA-eth3,up,34204592879193,netem,26469754,19623,0,0,0,0,0,25252108,3990,0,25447264,4130,0
655,34204591275384,34204595081256,20001501,sB-eth3,up,34204594905244,netem,26425550,19075,0,0,0,0,0,25417398,3803,0,25403498,3589,0
656,34204611286615,34204613179036,20011231,sA-eth3,up,34204612987455,netem,26470276,19630,0,0,0,0,0,25287322,3997,0,25447786,4137,0
656,34204611286615,34204614961166,20011231,sB-eth3,up,34204614804235,netem,26425550,19075,0,0,0,0,0,25417398,3803,0,25403498,3589,0
657,34204631275786,34204633202758,19989171,sA-eth3,up,34204633029646,netem,26470696,19636,0,0,0,0,0,25322536,4004,0,25448206,4143,0
657,34204631275786,34204634872035,19989171,sB-eth3,up,34204634716655,netem,26425550,19075,0,0,0,0,0,25417398,3803,0,25403498,3589,0
658,34204651271878,34204653175238,19996092,sA-eth3,up,34204652988026,netem,26471300,19644,0,0,0,0,0,25359330,4013,0,25448810,4151,0
658,34204651271878,34204654778626,19996092,sB-eth3,up,34204654623224,netem,26425550,19075,0,0,0,0,0,25417398,3803,0,25403498,3589,0
659,34204671271118,34204673242310,19999240,sA-eth3,up,34204673071368,netem,26471762,19651,0,0,0,66,1,25394610,4021,0,25449338,4159,0
659,34204671271118,34204675031580,19999240,sB-eth3,up,34204674832427,netem,26425550,19075,0,0,0,0,0,25417398,3803,0,25403498,3589,0
660,34204691281919,34204693080919,20010801,sA-eth3,up,34204692889497,netem,26472236,19658,0,0,0,78,1,25421070,4027,0,25449746,4165,0
660,34204691281919,34204694983670,20010801,sB-eth3,up,34204694822679,netem,26425550,19075,0,0,0,0,0,25417398,3803,0,25403498,3589,0
661,34204711290421,34204713173682,20008502,sA-eth3,up,34204712982639,netem,26472536,19662,0,0,0,0,0,25430876,4030,0,25450046,4169,0
661,34204711290421,34204714961571,20008502,sB-eth3,up,34204714804429,netem,26425550,19075,0,0,0,0,0,25417398,3803,0,25403498,3589,0
662,34204731267481,34204733020190,19977060,sA-eth3,up,34204732836439,netem,26472816,19666,0,0,0,0,0,25430876,4030,0,25450326,4173,0
662,34204731267481,34204734608679,19977060,sB-eth3,up,34204734455866,netem,26425690,19077,0,0,0,0,0,25417398,3803,0,25403638,3591,0
663,34204751279722,34204753054622,20012241,sA-eth3,up,34204752867520,netem,26472816,19666,0,0,0,0,0,25430876,4030,0,25450326,4173,0
663,34204751279722,34204754640359,20012241,sB-eth3,up,34204754486438,netem,26425690,19077,0,0,0,0,0,25417398,3803,0,25403638,3591,0
664,34204771273233,34204773041462,19993511,sA-eth3,up,34204772856281,netem,26472816,19666,0,0,0,0,0,25430876,4030,0,25450326,4173,0
664,34204771273233,34204775137316,19993511,sB-eth3,up,34204774968934,netem,26425690,19077,0,0,0,0,0,25417398,3803,0,25403638,3591,0
665,34204791282065,34204793173205,20008832,sA-eth3,up,34204792978044,netem,26472816,19666,0,0,0,0,0,25430876,4030,0,25450326,4173,0
665,34204791282065,34204795448810,20008832,sB-eth3,up,34204795268298,netem,26425690,19077,0,0,0,0,0,25417398,3803,0,25403638,3591,0
666,34204811269555,34204813233397,19987490,sA-eth3,up,34204812982854,netem,26472816,19666,0,0,0,0,0,25430876,4030,0,25450326,4173,0
666,34204811269555,34204815182809,19987490,sB-eth3,up,34204814999256,netem,26425690,19077,0,0,0,0,0,25417398,3803,0,25403638,3591,0
667,34204831288016,34204833071876,20018461,sA-eth3,up,34204832875784,netem,26472816,19666,0,0,0,0,0,25430876,4030,0,25450326,4173,0
667,34204831288016,34204834683834,20018461,sB-eth3,up,34204834524962,netem,26425690,19077,0,0,0,0,0,25417398,3803,0,25403638,3591,0
668,34204851277887,34204853328739,19989871,sA-eth3,up,34204853149677,netem,26472816,19666,0,0,0,0,0,25430876,4030,0,25450326,4173,0
668,34204851277887,34204855126109,19989871,sB-eth3,up,34204854954437,netem,26425690,19077,0,0,0,0,0,25417398,3803,0,25403638,3591,0
669,34204871283028,34204873204409,20005141,sA-eth3,up,34204873027997,netem,26472816,19666,0,0,0,0,0,25430876,4030,0,25450326,4173,0
669,34204871283028,34204875000949,20005141,sB-eth3,up,34204874819086,netem,26425690,19077,0,0,0,0,0,25417398,3803,0,25403638,3591,0
670,34204891278079,34204893111859,19995051,sA-eth3,up,34204892896936,netem,26472816,19666,0,0,0,0,0,25430876,4030,0,25450326,4173,0
670,34204891278079,34204895075411,19995051,sB-eth3,up,34204894892958,netem,26425690,19077,0,0,0,0,0,25417398,3803,0,25403638,3591,0
671,34204911280009,34204913081879,20001930,sA-eth3,up,34204912891708,netem,26472816,19666,0,0,0,0,0,25430876,4030,0,25450326,4173,0
671,34204911280009,34204914678017,20001930,sB-eth3,up,34204914520255,netem,26425690,19077,0,0,0,0,0,25417398,3803,0,25403638,3591,0
672,34204931267941,34204933371334,19987932,sA-eth3,up,34204933200162,netem,26472882,19667,0,0,0,0,0,25432390,4031,0,25450392,4174,0
672,34204931267941,34204935092913,19987932,sB-eth3,up,34204934917761,netem,26425690,19077,0,0,0,0,0,25417398,3803,0,25403638,3591,0
673,34204951274661,34204953142032,20006720,sA-eth3,up,34204952946710,netem,26472882,19667,0,0,0,0,0,25432390,4031,0,25450392,4174,0
673,34204951274661,34204954783040,20006720,sB-eth3,up,34204954626818,netem,26425690,19077,0,0,0,0,0,25417398,3803,0,25403638,3591,0
674,34204971294412,34204973289844,20019751,sA-eth3,up,34204973054381,netem,26472882,19667,0,0,0,0,0,25432390,4031,0,25450392,4174,0
674,34204971294412,34204975077025,20019751,sB-eth3,up,34204974830962,netem,26425690,19077,0,0,0,0,0,25417398,3803,0,25403638,3591,0
675,34204991285084,34204993200724,19990672,sA-eth3,up,34204992905151,netem,26472882,19667,0,0,0,0,0,25432390,4031,0,25450392,4174,0
675,34204991285084,34204994846673,19990672,sB-eth3,up,34204994678301,netem,26425690,19077,0,0,0,0,0,25417398,3803,0,25403638,3591,0
676,34205011281984,34205013109585,19996900,sA-eth3,up,34205012905243,netem,26472882,19667,0,0,0,0,0,25432390,4031,0,25450392,4174,0
676,34205011281984,34205014770563,19996900,sB-eth3,up,34205014607322,netem,26425690,19077,0,0,0,0,0,25417398,3803,0,25403638,3591,0
677,34205031276716,34205033129066,19994732,sA-eth3,up,34205032932003,netem,26472882,19667,0,0,0,0,0,25432390,4031,0,25450392,4174,0
677,34205031276716,34205034862355,19994732,sB-eth3,up,34205034646123,netem,26425690,19077,0,0,0,0,0,25417398,3803,0,25403638,3591,0
678,34205051274846,34205053185498,19998130,sA-eth3,up,34205052994926,netem,26472882,19667,0,0,0,0,0,25432390,4031,0,25450392,4174,0
678,34205051274846,34205055345281,19998130,sB-eth3,up,34205055183340,netem,26425690,19077,0,0,0,0,0,25417398,3803,0,25403638,3591,0
679,34205071275437,34205073182628,20000591,sA-eth3,up,34205072989716,netem,26472882,19667,0,0,0,0,0,25432390,4031,0,25450392,4174,0
679,34205071275437,34205074869037,20000591,sB-eth3,up,34205074710165,netem,26425690,19077,0,0,0,0,0,25417398,3803,0,25403638,3591,0
680,34205091283318,34205093174459,20007881,sA-eth3,up,34205092950177,netem,26472882,19667,0,0,0,0,0,25432390,4031,0,25450392,4174,0
680,34205091283318,34205094825447,20007881,sB-eth3,up,34205094663385,netem,26425690,19077,0,0,0,0,0,25417398,3803,0,25403638,3591,0
681,34205111280089,34205113717226,19996771,sA-eth3,up,34205113536464,netem,26473092,19670,0,0,0,78,1,25445710,4035,0,25450602,4177,0
681,34205111280089,34205115634048,19996771,sB-eth3,up,34205115474715,netem,26563554,19169,0,0,0,43906,3,25418124,3814,0,25549188,3602,0
682,34205131270810,34205133208741,19990721,sA-eth3,up,34205133035140,netem,26473392,19674,0,0,0,66,1,25467760,4040,0,25450902,4181,0
682,34205131270810,34205134935680,19990721,sB-eth3,up,34205134771689,netem,26814878,19335,0,0,0,52990,3,25419246,3831,0,25777646,3619,0
683,34205151274551,34205153160442,20003741,sA-eth3,up,34205152970410,netem,26473944,19682,0,0,0,0,0,25498630,4047,0,25451454,4189,0
683,34205151274551,34205154863030,20003741,sB-eth3,up,34205154707419,netem,27054090,19493,0,0,0,48448,3,25420434,3849,0,26022098,3637,0
684,34205171268103,34205173122163,19993552,sA-eth3,up,34205172922990,netem,26474418,19689,0,0,0,0,0,25529500,4054,0,25451928,4196,0
684,34205171268103,34205175000063,19993552,sB-eth3,up,34205174819142,netem,27303900,19658,0,0,0,52990,4,25421622,3867,0,26262206,3655,0
685,34205191270193,34205193145683,20002090,sA-eth3,up,34205192955202,netem,26474850,19695,0,0,0,0,0,25551550,4059,0,25452360,4202,0
685,34205191270193,34205194875203,20002090,sB-eth3,up,34205194714621,netem,27561280,19828,0,0,0,52990,4,25422810,3885,0,26495074,3673,0
686,34205211282874,34205213196095,20012681,sA-eth3,up,34205213021093,netem,26475216,19700,0,0,0,78,1,25578010,4065,0,25452726,4207,0
686,34205211282874,34205214903224,20012681,sB-eth3,up,34205214746232,netem,27803520,19988,0,0,0,60560,4,25424064,3904,0,26742488,3692,0
687,34205231267715,34205233100495,19984841,sA-eth3,up,34205232910483,netem,26475656,19706,0,0,0,66,1,25604470,4071,0,25453166,4213,0
687,34205231267715,34205234821924,19984841,sB-eth3,up,34205234667302,netem,28053330,20153,0,0,0,53060,5,25425186,3921,0,26982662,3711,0
688,34205251278055,34205253231547,20010340,sA-eth3,up,34205253048705,netem,26476100,19712,0,0,0,0,0,25626520,4076,0,25453610,4219,0
688,34205251278055,34205255260470,20010340,sB-eth3,up,34205254899356,netem,28310780,20324,0,0,0,37850,3,25426308,3938,0,27215600,3731,0
689,34205271294427,34205273438220,20016372,sA-eth3,up,34205273200968,netem,26476400,19716,0,0,0,0,0,25648570,4081,0,25453910,4223,0
689,34205271294427,34205275443562,20016372,sB-eth3,up,34205275239760,netem,28568160,20494,0,0,0,45420,3,25427496,3956,0,27463014,3749,0
690,34205291287908,34205293281020,19993481,sA-eth3,up,34205293084957,netem,26476874,19723,0,0,0,0,0,25685232,4088,0,25454384,4230,0
690,34205291287908,34205295524775,19993481,sB-eth3,up,34205295338633,netem,28618636,20528,0,0,0,0,0,25427760,3960,0,27511510,3753,0
691,34205311270979,34205313188360,19983071,sA-eth3,up,34205312985497,netem,26477450,19731,0,0,0,66,1,25733544,4096,0,25454960,4238,0
691,34205311270979,34205315039250,19983071,sB-eth3,up,34205314852219,netem,28618636,20528,0,0,0,0,0,25427760,3960,0,27511510,3753,0
692,34205331276510,34205333109090,20005531,sA-eth3,up,34205332906448,netem,26477960,19738,0,0,0,0,0,25774484,4102,0,25455470,4245,0
692,34205331276510,34205335259424,20005531,sB-eth3,up,34205335083821,netem,28618636,20528,0,0,0,0,0,25427760,3960,0,27511510,3753,0
693,34205351272460,34205353153512,19995950,sA-eth3,up,34205352947609,netem,26478350,19743,0,0,0,78,1,25818386,4109,0,25455938,4251,0
693,34205351272460,34205355483037,19995950,sB-eth3,up,34205355306795,netem,28618636,20528,0,0,0,0,0,25427760,3960,0,27511510,3753,0
694,34205371273212,34205373176893,20000752,sA-eth3,up,34205372982831,netem,26478992,19752,0,0,0,0,0,25862354,4117,0,25456502,4259,0
694,34205371273212,34205374835781,20000752,sB-eth3,up,34205374672919,netem,28618636,20528,0,0,0,0,0,25427760,3960,0,27511510,3753,0
695,34205391271842,34205393119154,19998630,sA-eth3,up,34205392926341,netem,26479412,19758,0,0,0,0,0,25897502,4123,0,25456922,4265,0
695,34205391271842,34205395482789,19998630,sB-eth3,up,34205395275197,netem,28618636,20528,0,0,0,0,0,25427760,3960,0,27511510,3753,0
696,34205411271444,34205413118014,19999602,sA-eth3,up,34205412917401,netem,26479922,19765,0,0,0,0,0,25918170,4129,0,25457432,4272,0
696,34205411271444,34205414775782,19999602,sB-eth3,up,34205414606650,netem,28618636,20528,0,0,0,0,0,25427760,3960,0,27511510,3753,0
697,34205431281194,34205433138824,20009750,sA-eth3,up,34205432925043,netem,26480540,19774,0,0,0,66,1,25965232,4140,0,25458116,4282,0
697,34205431281194,34205434794654,20009750,sB-eth3,up,34205434627731,netem,28618636,20528,0,0,0,0,0,25427760,3960,0,27511510,3753,0
698,34205451274475,34205453724572,19993281,sA-eth3,up,34205453512800,netem,26565756,19836,0,0,0,59046,3,25994588,4146,0,25539900,4292,0
698,34205451274475,34205455881996,19993281,sB-eth3,up,34205455698984,netem,28618636,20528,0,0,0,0,0,25427760,3960,0,27511510,3753,0
699,34205471277596,34205473319169,20003121,sA-eth3,up,34205473136517,netem,26658506,19903,0,0,0,78,1,26024604,4162,0,25629416,4310,0
699,34205471277596,34205475245921,20003121,sB-eth3,up,34205475077718,netem,28618636,20528,0,0,0,0,0,25427760,3960,0,27511510,3753,0
700,34205491278147,34205494156699,20000551,sA-eth3,up,34205493961587,netem,26695430,19935,0,0,0,0,0,26057714,4181,0,25665548,4330,0
700,34205491278147,34205496488035,20000551,sB-eth3,up,34205496315033,netem,28618636,20528,0,0,0,0,0,25427760,3960,0,27511510,3753,0
701,34205511268088,34205513416042,19989941,sA-eth3,up,34205513237290,netem,26724496,19958,0,0,0,3106,2,26093390,4195,0,25697192,4348,0
701,34205511268088,34205515591956,19989941,sB-eth3,up,34205515419044,netem,28618834,20531,0,0,0,66,1,25471488,3964,0,27511708,3756,0
702,34205531274309,34205533181321,20006221,sA-eth3,up,34205532970088,netem,26752258,19983,0,0,0,3028,1,26123076,4206,0,25724282,4363,0
702,34205531274309,34205534862298,20006221,sB-eth3,up,34205534700918,netem,28620088,20550,0,0,0,0,0,25525002,3985,0,27512962,3775,0
703,34205551276421,34205553441934,20002112,sA-eth3,up,34205553238332,netem,26785974,20011,0,0,0,3094,2,26166322,4225,0,25757404,4382,0
703,34205551276421,34205555611958,20002112,sB-eth3,up,34205555449966,netem,28666522,20595,0,0,0,33308,2,25555216,4004,0,27557614,3793,0
704,34205571278311,34205573286953,20001890,sA-eth3,up,34205573101061,netem,26802958,20027,0,0,0,0,0,26195942,4235,0,25771030,4391,0
704,34205571278311,34205575169304,20001890,sB-eth3,up,34205574985142,netem,28908762,20755,0,0,0,30280,2,25556008,4016,0,27790416,3810,0
705,34205591269382,34205593093112,19991071,sA-eth3,up,34205592904310,netem,26836776,20056,0,0,0,0,0,26239056,4252,0,25804122,4409,0
705,34205591269382,34205595084355,19991071,sB-eth3,up,34205594906452,netem,28949706,20783,0,0,0,0,0,25561932,4018,0,27829776,3814,0
706,34205611269463,34205613190494,20000081,sA-eth3,up,34205612945601,netem,26864304,20078,0,0,0,78,1,26263016,4264,0,25831200,4424,0
706,34205611269463,34205614883023,20000081,sB-eth3,up,34205614722811,netem,28976958,20801,0,0,0,30280,2,25563512,4020,0,27855972,3816,0
707,34205631274214,34205633178025,20004751,sA-eth3,up,34205632967713,netem,26866394,20087,0,0,0,0,0,26305536,4272,0,25833212,4432,0
707,34205631274214,34205634829093,20004751,sB-eth3,up,34205634672432,netem,29143564,20912,0,0,0,0,0,25569436,4022,0,28016110,3829,0
708,34205651271846,34205653540720,19997632,sA-eth3,up,34205653340358,netem,26866988,20096,0,0,0,66,1,26365564,4282,0,25833806,4441,0
708,34205651271846,34205655304000,19997632,sB-eth3,up,34205655117458,netem,29196554,20947,0,0,0,30280,2,25569502,4023,0,28067120,3834,0
709,34205671272596,34205673187657,20000750,sA-eth3,up,34205672959235,netem,26867720,20106,0,0,0,66,1,26424078,4291,0,25834538,4452,0
709,34205671272596,34205674965147,20000750,sB-eth3,up,34205674796865,netem,29431290,21103,0,0,0,0,0,25576940,4026,0,28292748,3852,0
710,34205691276597,34205693202458,20004001,sA-eth3,up,34205692976955,netem,26868308,20114,0,0,0,78,1,26489832,4300,0,25835126,4459,0
710,34205691276597,34205694965738,20004001,sB-eth3,up,34205694795326,netem,29431290,21103,0,0,0,37850,3,25577006,4027,0,28292748,3852,0
711,34205711275518,34205713321860,19998921,sA-eth3,up,34205713120258,netem,26868980,20124,0,0,0,78,1,26562958,4311,0,25835798,4469,0
711,34205711275518,34205715057760,19998921,sB-eth3,up,34205714865297,netem,29673596,21264,0,0,0,45420,3,25584444,4030,0,28540228,3872,0
712,34205731277369,34205733161980,20001851,sA-eth3,up,34205732957687,netem,26869136,20126,0,0,0,0,0,26562958,4311,0,25835954,4471,0
712,34205731277369,34205735110561,20001851,sB-eth3,up,34205734916279,netem,29794716,21344,0,0,0,0,0,25584444,4030,0,28642116,3880,0
713,34205751274550,34205753361433,19997181,sA-eth3,up,34205753167870,netem,26869136,20126,0,0,0,0,0,26562958,4311,0,25835954,4471,0
713,34205751274550,34205755204843,19997181,sB-eth3,up,34205754994552,netem,29999176,21480,0,0,0,86364,6,25586024,4032,0,28838458,3893,0
714,34205771273030,34205773495285,19998480,sA-eth3,up,34205773308113,netem,26869136,20126,0,0,0,0,0,26562958,4311,0,25835954,4471,0
714,34205771273030,34205775293645,19998480,sB-eth3,up,34205775107673,netem,30239968,21640,0,0,0,18168,1,25677776,4040,0,29087122,3909,0
715,34205791276432,34205793488965,20003402,sA-eth3,up,34205793306404,netem,26869136,20126,0,0,0,0,0,26562958,4311,0,25835954,4471,0
715,34205791276432,34205795290277,20003402,sB-eth3,up,34205795117264,netem,30258136,21652,0,0,0,66,1,25692322,4041,0,29087188,3910,0
716,34205811272223,34205813544878,19995791,sA-eth3,up,34205813361895,netem,26869136,20126,0,0,0,0,0,26562958,4311,0,25835954,4471,0
716,34205811272223,34205815335117,19995791,sB-eth3,up,34205815160325,netem,30264258,21657,0,0,0,0,0,25858384,4056,0,29093112,3912,0
717,34205831276593,34205833653360,20004370,sA-eth3,up,34205833477518,netem,26903958,20149,0,0,0,27252,2,26563036,4312,0,25869456,4474,0
717,34205831276593,34205835888425,20004370,sB-eth3,up,34205835728773,netem,30264258,21657,0,0,0,0,0,25858384,4056,0,29093112,3912,0
718,34205851269044,34205853135595,19992451,sA-eth3,up,34205852929163,netem,27118946,20291,0,0,0,36336,2,26564026,4327,0,26076128,4490,0
718,34205851269044,34205854792854,19992451,sB-eth3,up,34205854632231,netem,30264324,21658,0,0,0,0,0,25927166,4067,0,29093178,3913,0
719,34205871270665,34205873109666,20001621,sA-eth3,up,34205872923924,netem,27368756,20456,0,0,0,37850,3,26564950,4341,0,26330716,4508,0
719,34205871270665,34205875285109,20001621,sB-eth3,up,34205875094888,netem,30270446,21663,0,0,0,0,0,26008980,4078,0,29099168,3916,0
720,34205891272337,34205893178577,20001672,sA-eth3,up,34205892973876,netem,27527726,20561,0,0,0,30280,2,26565346,4347,0,26469002,4519,0
720,34205891272337,34205894846286,20001672,sB-eth3,up,34205894661194,netem,30270446,21663,0,0,0,0,0,26102444,4090,0,29099168,3916,0
721,34205911273377,34205913101048,20001040,sA-eth3,up,34205912889565,netem,27768452,20720,0,0,0,46934,4,26566270,4361,0,26714902,4537,0
721,34205911273377,34205914772496,20001040,sB-eth3,up,34205914588103,netem,30276568,21668,0,0,0,0,0,26190116,4102,0,29105224,3920,0
722,34205931273379,34205933114279,20000002,sA-eth3,up,34205932895826,netem,28019932,20888,0,0,0,45420,3,26574566,4377,0,26956680,4558,0
722,34205931273379,34205935309653,20000002,sB-eth3,up,34205935134601,netem,30276568,21668,0,0,0,0,0,26270482,4113,0,29105224,3920,0
723,34205951270689,34205953173381,19997310,sA-eth3,up,34205952957368,netem,28277554,21061,0,0,0,30424,4,26592998,4393,0,27189790,4579,0
723,34205951270689,34205955121461,19997310,sB-eth3,up,34205954915270,netem,30282690,21673,0,0,0,0,0,26361050,4125,0,29111214,3923,0
724,34205971271771,34205973188531,20001082,sA-eth3,up,34205972984269,netem,28531136,21238,0,0,0,38022,5,26649672,4418,0,27433538,4607,0
724,34205971271771,34205975151513,20001082,sB-eth3,up,34205974949681,netem,30282756,21674,0,0,0,0,0,26457410,4137,0,29111280,3924,0
725,34205991276271,34205993149422,20004500,sA-eth3,up,34205992938490,netem,28683990,21351,0,0,0,0,0,26701540,4436,0,27580518,4631,0
725,34205991276271,34205994811620,20004500,sB-eth3,up,34205994644488,netem,30300924,21686,0,0,0,6056,2,26549822,4155,0,29132014,3931,0
726,34206011276122,34206013134143,19999851,sA-eth3,up,34206012910300,netem,28684442,21357,0,0,0,0,0,26745376,4442,0,27580970,4637,0
726,34206011276122,34206014812821,19999851,sB-eth3,up,34206014629140,netem,30355494,21723,0,0,0,15140,1,26647304,4184,0,29182434,3949,0
727,34206031278814,34206033164834,20002692,sA-eth3,up,34206032943561,netem,28685082,21365,0,0,0,78,1,26793754,4451,0,27581610,4645,0
727,34206031278814,34206034856743,20002692,sB-eth3,up,34206034675230,netem,30587136,21876,0,0,0,40944,4,26749130,4213,0,29405100,3966,0
728,34206051274354,34206053236416,19995540,sA-eth3,up,34206053050433,netem,28685706,21373,0,0,0,0,0,26839170,4459,0,27582234,4653,0
728,34206051274354,34206054927515,19995540,sB-eth3,up,34206054764063,netem,30814816,22028,0,0,0,0,0,26846546,4241,0,29623870,3983,0
729,34206071282126,34206073130196,20007772,sA-eth3,up,34206072909053,netem,28685850,21375,0,0,0,0,0,26840684,4460,0,27582378,4655,0
729,34206071282126,34206074782874,20007772,sB-eth3,up,34206074624232,netem,30814882,22029,0,0,0,0,0,26938496,4252,0,29623936,3984,0
730,34206091271586,34206093123986,19989460,sA-eth3,up,34206092892285,netem,28685850,21375,0,0,0,0,0,26840684,4460,0,27582378,4655,0
730,34206091271586,34206094809825,19989460,sB-eth3,up,34206094611153,netem,30814882,22029,0,0,0,0,0,27034856,4264,0,29623936,3984,0
731,34206111271747,34206113094198,20000161,sA-eth3,up,34206112901955,netem,28685850,21375,0,0,0,0,0,26840684,4460,0,27582378,4655,0
731,34206111271747,34206115469473,20000161,sB-eth3,up,34206115230960,netem,30814948,22030,0,0,0,0,0,27135560,4276,0,29624002,3985,0
732,34206131274718,34206133275700,20002971,sA-eth3,up,34206133068338,netem,28685850,21375,0,0,0,0,0,26840684,4460,0,27582378,4655,0
732,34206131274718,34206135201872,20002971,sB-eth3,up,34206135037060,netem,30815014,22031,0,0,0,0,0,27240674,4289,0,29624068,3986,0
733,34206151273219,34206153267851,19998501,sA-eth3,up,34206153086539,netem,28685850,21375,0,0,0,0,0,26840684,4460,0,27582378,4655,0
733,34206151273219,34206155204023,19998501,sB-eth3,up,34206154998590,netem,30815014,22031,0,0,0,0,0,27363296,4304,0,29624068,3986,0
734,34206171272500,34206173225822,19999281,sA-eth3,up,34206173053980,netem,28685850,21375,0,0,0,0,0,26840684,4460,0,27582378,4655,0
734,34206171272500,34206175108372,19999281,sB-eth3,up,34206174933070,netem,30815080,22032,0,0,0,0,0,27464066,4317,0,29624134,3987,0
735,34206191273291,34206193129141,20000791,sA-eth3,up,34206192937939,netem,28685850,21375,0,0,0,0,0,26840684,4460,0,27582378,4655,0
735,34206191273291,34206195145934,20000791,sB-eth3,up,34206194970982,netem,30815080,22032,0,0,0,66,1,27549290,4329,0,29624134,3987,0
736,34206211278802,34206213218003,20005511,sA-eth3,up,34206213041392,netem,28685850,21375,0,0,0,0,0,26840684,4460,0,27582378,4655,0
736,34206211278802,34206215369437,20005511,sB-eth3,up,34206215206695,netem,30815146,22033,0,0,0,0,0,27549290,4329,0,29624200,3988,0
737,34206231269013,34206233052212,19990211,sA-eth3,up,34206232862260,netem,28685850,21375,0,0,0,0,0,26840684,4460,0,27582378,4655,0
737,34206231269013,34206235148185,19990211,sB-eth3,up,34206234973134,netem,30815146,22033,0,0,0,0,0,27549290,4329,0,29624200,3988,0
738,34206251267743,34206253171015,19998730,sA-eth3,up,34206252988543,netem,28685850,21375,0,0,0,0,0,26840684,4460,0,27582378,4655,0
738,34206251267743,34206254850364,19998730,sB-eth3,up,34206254692931,netem,30815212,22034,0,0,0,0,0,27549290,4329,0,29624266,3989,0
739,34206271273635,34206273139545,20005892,sA-eth3,up,34206272938773,netem,28685928,21376,0,0,0,78,1,26843712,4462,0,27582456,4656,0
739,34206271273635,34206275581503,20005892,sB-eth3,up,34206275417900,netem,30815212,22034,0,0,0,0,0,27549290,4329,0,29624266,3989,0
740,34206291273565,34206293539141,19999930,sA-eth3,up,34206293366448,netem,28686006,21377,0,0,0,0,0,26843712,4462,0,27582534,4657,0
740,34206291273565,34206295404902,19999930,sB-eth3,up,34206295220080,netem,30815212,22034,0,0,0,0,0,27549290,4329,0,29624266,3989,0
741,34206311281377,34206313235768,20007812,sA-eth3,up,34206313048776,netem,28686006,21377,0,0,0,0,0,26843712,4462,0,27582534,4657,0
741,34206311281377,34206315048109,20007812,sB-eth3,up,34206314849666,netem,30815212,22034,0,0,0,0,0,27549290,4329,0,29624266,3989,0
742,34206331269617,34206333530263,19988240,sA-eth3,up,34206333341150,netem,28686006,21377,0,0,0,0,0,26843712,4462,0,27582534,4657,0
742,34206331269617,34206335699717,19988240,sB-eth3,up,34206335538935,netem,30815212,22034,0,0,0,0,0,27549290,4329,0,29624266,3989,0
743,34206351269529,34206353128879,19999912,sA-eth3,up,34206352940647,netem,28686006,21377,0,0,0,0,0,26843712,4462,0,27582534,4657,0
743,34206351269529,34206355366194,19999912,sB-eth3,up,34206355206932,netem,30815212,22034,0,0,0,0,0,27549290,4329,0,29624266,3989,0
744,34206371281200,34206373166500,20011671,sA-eth3,up,34206372974659,netem,28686006,21377,0,0,0,0,0,26843712,4462,0,27582534,4657,0
744,34206371281200,34206375368855,20011671,sB-eth3,up,34206375210524,netem,30815212,22034,0,0,0,0,0,27549290,4329,0,29624266,3989,0
745,34206391273980,34206393570767,19992780,sA-eth3,up,34206393392404,netem,28686006,21377,0,0,0,0,0,26843712,4462,0,27582534,4657,0
745,34206391273980,34206395443727,19992780,sB-eth3,up,34206395276145,netem,30815212,22034,0,0,0,0,0,27549290,4329,0,29624266,3989,0
746,34206411266221,34206413515997,19992241,sA-eth3,up,34206413340734,netem,28686006,21377,0,0,0,0,0,26843712,4462,0,27582534,4657,0
746,34206411266221,34206415335607,19992241,sB-eth3,up,34206415148304,netem,30815212,22034,0,0,0,0,0,27549290,4329,0,29624266,3989,0
747,34206431275442,34206433509767,20009221,sA-eth3,up,34206433325735,netem,28686006,21377,0,0,0,0,0,26843712,4462,0,27582534,4657,0
747,34206431275442,34206435298427,20009221,sB-eth3,up,34206435124034,netem,30815212,22034,0,0,0,0,0,27549290,4329,0,29624266,3989,0
748,34206451281164,34206453448197,20005722,sA-eth3,up,34206453249715,netem,28686006,21377,0,0,0,0,0,26843712,4462,0,27582534,4657,0
748,34206451281164,34206455799064,20005722,sB-eth3,up,34206455633782,netem,30815212,22034,0,0,0,0,0,27549290,4329,0,29624266,3989,0
749,34206471272894,34206473300647,19991730,sA-eth3,up,34206473120994,netem,28686006,21377,0,0,0,0,0,26843712,4462,0,27582534,4657,0
749,34206471272894,34206475199968,19991730,sB-eth3,up,34206475043056,netem,30815212,22034,0,0,0,0,0,27549290,4329,0,29624266,3989,0
750,34206491267674,34206493307308,19994780,sA-eth3,up,34206493121016,netem,28686282,21381,0,0,0,66,1,26857074,4467,0,27582876,4662,0
750,34206491267674,34206495452631,19994780,sB-eth3,up,34206495280009,netem,30815212,22034,0,0,0,0,0,27549290,4329,0,29624266,3989,0
751,34206511269726,34206513219848,20002052,sA-eth3,up,34206513018526,netem,28686590,21385,0,0,0,0,0,26874648,4470,0,27583118,4665,0
751,34206511269726,34206515465583,20002052,sB-eth3,up,34206515290291,netem,30815212,22034,0,0,0,0,0,27549290,4329,0,29624266,3989,0
752,34206531270827,34206533244759,20001101,sA-eth3,up,34206533069957,netem,28686590,21385,0,0,0,0,0,26874648,4470,0,27583118,4665,0
752,34206531270827,34206535239101,20001101,sB-eth3,up,34206535052379,netem,30815212,22034,0,0,0,0,0,27549290,4329,0,29624266,3989,0
753,34206551279178,34206553428672,20008351,sA-eth3,up,34206553238600,netem,28686590,21385,0,0,0,0,0,26874648,4470,0,27583118,4665,0
753,34206551279178,34206555769308,20008351,sB-eth3,up,34206555610506,netem,30815212,22034,0,0,0,0,0,27549290,4329,0,29624266,3989,0
754,34206571269639,34206573484943,19990461,sA-eth3,up,34206573305451,netem,28686590,21385,0,0,0,0,0,26874648,4470,0,27583118,4665,0
754,34206571269639,34206575426445,19990461,sB-eth3,up,34206575251803,netem,30815212,22034,0,0,0,0,0,27549290,4329,0,29624266,3989,0
755,34206591271300,34206593419643,20001661,sA-eth3,up,34206593236301,netem,28686590,21385,0,0,0,0,0,26874648,4470,0,27583118,4665,0
755,34206591271300,34206595366405,20001661,sB-eth3,up,34206595206554,netem,30815212,22034,0,0,0,0,0,27549290,4329,0,29624266,3989,0
756,34206611275091,34206613184702,20003791,sA-eth3,up,34206612991550,netem,28686590,21385,0,0,0,0,0,26874648,4470,0,27583118,4665,0
756,34206611275091,34206615285825,20003791,sB-eth3,up,34206615092013,netem,30815212,22034,0,0,0,0,0,27549290,4329,0,29624266,3989,0
757,34206631289553,34206633446606,20014462,sA-eth3,up,34206633232574,netem,28686590,21385,0,0,0,0,0,26874648,4470,0,27583118,4665,0
757,34206631289553,34206635369198,20014462,sB-eth3,up,34206635197465,netem,30815212,22034,0,0,0,0,0,27549290,4329,0,29624266,3989,0
758,34206651276793,34206653159154,19987240,sA-eth3,up,34206652963901,netem,28686590,21385,0,0,0,0,0,26874648,4470,0,27583118,4665,0
758,34206651276793,34206655638351,19987240,sB-eth3,up,34206655466459,netem,30815212,22034,0,0,0,0,0,27549290,4329,0,29624266,3989,0
759,34206671268124,34206673502508,19991331,sA-eth3,up,34206673322136,netem,28686590,21385,0,0,0,0,0,26874648,4470,0,27583118,4665,0
759,34206671268124,34206675333039,19991331,sB-eth3,up,34206675147727,netem,30815212,22034,0,0,0,0,0,27549290,4329,0,29624266,3989,0
760,34206691283054,34206693212876,20014930,sA-eth3,up,34206692998943,netem,28686590,21385,0,0,0,0,0,26874648,4470,0,27583118,4665,0
760,34206691283054,34206694967085,20014930,sB-eth3,up,34206694793194,netem,30815212,22034,0,0,0,0,0,27549290,4329,0,29624266,3989,0
761,34206711281296,34206713605491,19998242,sA-eth3,up,34206713421090,netem,28686590,21385,0,0,0,0,0,26874648,4470,0,27583118,4665,0
761,34206711281296,34206715828786,19998242,sB-eth3,up,34206715664775,netem,30815212,22034,0,0,0,0,0,27549290,4329,0,29624266,3989,0
762,34206731268877,34206733190618,19987581,sA-eth3,up,34206732998185,netem,28686590,21385,0,0,0,0,0,26874648,4470,0,27583118,4665,0
762,34206731268877,34206734845547,19987581,sB-eth3,up,34206734688564,netem,30815212,22034,0,0,0,0,0,27549290,4329,0,29624266,3989,0
763,34206751273107,34206753041397,20004230,sA-eth3,up,34206752856625,netem,28686590,21385,0,0,0,0,0,26874648,4470,0,27583118,4665,0
763,34206751273107,34206755338062,20004230,sB-eth3,up,34206755182961,netem,30815212,22034,0,0,0,0,0,27549290,4329,0,29624266,3989,0
764,34206771270188,34206773432363,19997081,sA-eth3,up,34206773234700,netem,28686590,21385,0,0,0,0,0,26874648,4470,0,27583118,4665,0
764,34206771270188,34206775304083,19997081,sB-eth3,up,34206775143282,netem,30815212,22034,0,0,0,0,0,27549290,4329,0,29624266,3989,0
765,34206791286540,34206793292842,20016352,sA-eth3,up,34206793117340,netem,28686590,21385,0,0,0,0,0,26874648,4470,0,27583118,4665,0
765,34206791286540,34206795119432,20016352,sB-eth3,up,34206794945100,netem,30815212,22034,0,0,0,0,0,27549290,4329,0,29624266,3989,0
766,34206811270770,34206813147571,19984230,sA-eth3,up,34206812956889,netem,28686590,21385,0,0,0,0,0,26874648,4470,0,27583118,4665,0
766,34206811270770,34206814934921,19984230,sB-eth3,up,34206814780619,netem,30815212,22034,0,0,0,0,0,27549290,4329,0,29624266,3989,0
767,34206831271211,34206833090091,20000441,sA-eth3,up,34206832903969,netem,28686590,21385,0,0,0,0,0,26874648,4470,0,27583118,4665,0
767,34206831271211,34206834853231,20000441,sB-eth3,up,34206834701109,netem,30815212,22034,0,0,0,0,0,27549290,4329,0,29624266,3989,0
768,34206851267112,34206853045542,19995901,sA-eth3,up,34206852862100,netem,28686590,21385,0,0,0,0,0,26874648,4470,0,27583118,4665,0
768,34206851267112,34206854658349,19995901,sB-eth3,up,34206854503778,netem,30815212,22034,0,0,0,0,0,27549290,4329,0,29624266,3989,0
769,34206871268753,34206873229675,20001641,sA-eth3,up,34206873032612,netem,28686590,21385,0,0,0,0,0,26874648,4470,0,27583118,4665,0
769,34206871268753,34206874977734,20001641,sB-eth3,up,34206874808502,netem,30815212,22034,0,0,0,0,0,27549290,4329,0,29624266,3989,0
770,34206891275875,34206893200915,20007122,sA-eth3,up,34206892994284,netem,28686590,21385,0,0,0,0,0,26874648,4470,0,27583118,4665,0
770,34206891275875,34206895341759,20007122,sB-eth3,up,34206895179237,netem,30815212,22034,0,0,0,0,0,27549290,4329,0,29624266,3989,0
771,34206911272515,34206913186726,19996640,sA-eth3,up,34206912979654,netem,28686590,21385,0,0,0,0,0,26874648,4470,0,27583118,4665,0
771,34206911272515,34206914879616,19996640,sB-eth3,up,34206914718013,netem,30815212,22034,0,0,0,0,0,27549290,4329,0,29624266,3989,0
772,34206931273606,34206933251209,20001091,sA-eth3,up,34206933060486,netem,28686590,21385,0,0,0,0,0,26874648,4470,0,27583118,4665,0
772,34206931273606,34206934914196,20001091,sB-eth3,up,34206934756764,netem,30815212,22034,0,0,0,0,0,27549290,4329,0,29624266,3989,0
773,34206951272047,34206953338670,19998441,sA-eth3,up,34206953168189,netem,28686590,21385,0,0,0,0,0,26874648,4470,0,27583118,4665,0
773,34206951272047,34206955150079,19998441,sB-eth3,up,34206954977258,netem,30815212,22034,0,0,0,0,0,27549290,4329,0,29624266,3989,0
774,34206971276128,34206973094409,20004081,sA-eth3,up,34206972911426,netem,28686590,21385,0,0,0,0,0,26874648,4470,0,27583118,4665,0
774,34206971276128,34206974709486,20004081,sB-eth3,up,34206974555895,netem,30815212,22034,0,0,0,0,0,27549290,4329,0,29624266,3989,0
775,34206991268989,34206993107059,19992861,sA-eth3,up,34206992921328,netem,28686590,21385,0,0,0,0,0,26874648,4470,0,27583118,4665,0
775,34206991268989,34206994736868,19992861,sB-eth3,up,34206994582936,netem,30815212,22034,0,0,0,0,0,27549290,4329,0,29624266,3989,0
776,34207011270979,34207013097771,20001990,sA-eth3,up,34207012899688,netem,28686590,21385,0,0,0,0,0,26874648,4470,0,27583118,4665,0
776,34207011270979,34207014788178,20001990,sB-eth3,up,34207014631188,netem,30815212,22034,0,0,0,0,0,27549290,4329,0,29624266,3989,0
777,34207031267751,34207033043151,19996772,sA-eth3,up,34207032857858,netem,28686590,21385,0,0,0,0,0,26874648,4470,0,27583118,4665,0
777,34207031267751,34207035310716,19996772,sB-eth3,up,34207035147614,netem,30815212,22034,0,0,0,0,0,27549290,4329,0,29624266,3989,0
778,34207051274432,34207053267734,20006681,sA-eth3,up,34207053100353,netem,28686590,21385,0,0,0,0,0,26874648,4470,0,27583118,4665,0
778,34207051274432,34207055128895,20006681,sB-eth3,up,34207054958733,netem,30815212,22034,0,0,0,0,0,27549290,4329,0,29624266,3989,0
779,34207071268063,34207073049453,19993631,sA-eth3,up,34207072872740,netem,28686590,21385,0,0,0,0,0,26874648,4470,0,27583118,4665,0
779,34207071268063,34207074682820,19993631,sB-eth3,up,34207074523499,netem,30815212,22034,0,0,0,0,0,27549290,4329,0,29624266,3989,0
780,34207091275984,34207093335526,20007921,sA-eth3,up,34207093166675,netem,28686590,21385,0,0,0,0,0,26874648,4470,0,27583118,4665,0
780,34207091275984,34207095180088,20007921,sB-eth3,up,34207095022396,netem,30815212,22034,0,0,0,0,0,27549290,4329,0,29624266,3989,0
781,34207111268895,34207113091795,19992911,sA-eth3,up,34207112905513,netem,28686590,21385,0,0,0,0,0,26874648,4470,0,27583118,4665,0
781,34207111268895,34207114882545,19992911,sB-eth3,up,34207114727623,netem,30815212,22034,0,0,0,0,0,27549290,4329,0,29624266,3989,0
782,34207131272716,34207133121836,20003821,sA-eth3,up,34207132936124,netem,28686590,21385,0,0,0,0,0,26874648,4470,0,27583118,4665,0
782,34207131272716,34207135041048,20003821,sB-eth3,up,34207134873945,netem,30815212,22034,0,0,0,0,0,27549290,4329,0,29624266,3989,0
783,34207151270266,34207153132778,19997550,sA-eth3,up,34207152942515,netem,28687090,21391,0,0,0,66,1,26893934,4477,0,27583618,4671,0
783,34207151270266,34207154768375,19997550,sB-eth3,up,34207154611134,netem,30815212,22034,0,0,0,0,0,27549290,4329,0,29624266,3989,0
784,34207171270758,34207173060358,20000492,sA-eth3,up,34207172863895,netem,28687752,21400,0,0,0,0,0,26927832,4486,0,27584280,4680,0
784,34207171270758,34207174727136,20000492,sB-eth3,up,34207174550724,netem,30815212,22034,0,0,0,0,0,27549290,4329,0,29624266,3989,0
785,34207191272088,34207193306941,20001330,sA-eth3,up,34207193141720,netem,28688172,21406,0,0,0,66,1,26962980,4492,0,27584700,4686,0
785,34207191272088,34207195139312,20001330,sB-eth3,up,34207194946439,netem,30815212,22034,0,0,0,0,0,27549290,4329,0,29624266,3989,0
786,34207211275320,34207213090160,20003232,sA-eth3,up,34207212898348,netem,28688724,21414,0,0,0,0,0,27006948,4500,0,27585252,4694,0
786,34207211275320,34207214726568,20003232,sB-eth3,up,34207214566517,netem,30815212,22034,0,0,0,0,0,27549290,4329,0,29624266,3989,0
787,34207231269701,34207233106091,19994381,sA-eth3,up,34207232912658,netem,28689186,21421,0,0,0,0,0,27049468,4508,0,27585714,4701,0
787,34207231269701,34207234729899,19994381,sB-eth3,up,34207234574137,netem,30815212,22034,0,0,0,0,0,27549290,4329,0,29624266,3989,0
788,34207251230021,34207253038850,19960320,sA-eth3,up,34207252813588,netem,28689486,21425,0,0,0,0,0,27072900,4512,0,27586014,4705,0
788,34207251230021,34207255659830,19960320,sB-eth3,up,34207255471448,netem,30815212,22034,0,0,0,0,0,27549290,4329,0,29624266,3989,0
789,34207271272953,34207273129533,20042932,sA-eth3,up,34207272911390,netem,28689864,21430,0,0,0,78,1,27094950,4517,0,27586392,4710,0
789,34207271272953,34207275478749,20042932,sB-eth3,up,34207275306837,netem,30815212,22034,0,0,0,0,0,27549290,4329,0,29624266,3989,0
790,34207291274313,34207293218125,20001360,sA-eth3,up,34207293047803,netem,28690416,21438,0,0,0,0,0,27127400,4526,0,27586944,4718,0
790,34207291274313,34207294862392,20001360,sB-eth3,up,34207294702071,netem,30815212,22034,0,0,0,0,0,27549290,4329,0,29624266,3989,0
791,34207311279285,34207313129225,20004972,sA-eth3,up,34207312925412,netem,28690782,21443,0,0,0,0,0,27162548,4532,0,27587310,4723,0
791,34207311279285,34207314763592,20004972,sB-eth3,up,34207314606931,netem,30815212,22034,0,0,0,0,0,27549290,4329,0,29624266,3989,0
792,34207331268615,34207333093645,19989330,sA-eth3,up,34207332873092,netem,28691280,21450,0,0,0,0,0,27207964,4540,0,27587808,4730,0
792,34207331268615,34207334736414,19989330,sB-eth3,up,34207334573062,netem,30815212,22034,0,0,0,0,0,27549290,4329,0,29624266,3989,0
793,34207351269006,34207353113207,20000391,sA-eth3,up,34207352904714,netem,28691844,21458,0,0,0,0,0,27259172,4548,0,27588372,4738,0
793,34207351269006,34207354757724,20000391,sB-eth3,up,34207354591603,netem,30815212,22034,0,0,0,0,0,27549290,4329,0,29624266,3989,0
794,34207371271757,34207373117037,20002751,sA-eth3,up,34207372912875,netem,28692396,21466,0,0,0,78,1,27324926,4557,0,27589002,4747,0
794,34207371271757,34207374746576,20002751,sB-eth3,up,34207374585914,netem,30815212,22034,0,0,0,0,0,27549290,4329,0,29624266,3989,0
795,34207391269118,34207393127069,19997361,sA-eth3,up,34207392934297,netem,28693036,21474,0,0,0,78,1,27355796,4564,0,27589642,4755,0
795,34207391269118,34207394779127,19997361,sB-eth3,up,34207394618476,netem,30815212,22034,0,0,0,0,0,27549290,4329,0,29624266,3989,0
796,34207411267279,34207413067909,19998161,sA-eth3,up,34207412870367,netem,28693344,21478,0,0,0,78,1,27385086,4569,0,27589872,4759,0
796,34207411267279,34207414732397,19998161,sB-eth3,up,34207414560216,netem,30815212,22034,0,0,0,0,0,27549290,4329,0,29624266,3989,0
797,34207431268710,34207433106050,20001431,sA-eth3,up,34207432909438,netem,28694040,21488,0,0,0,0,0,27439322,4579,0,27590568,4768,0
797,34207431268710,34207434794969,20001431,sB-eth3,up,34207434634787,netem,30815212,22034,0,0,0,0,0,27549290,4329,0,29624266,3989,0
798,34207451269701,34207453518265,20000991,sA-eth3,up,34207453324434,netem,28694502,21495,0,0,0,0,0,27481842,4587,0,27591030,4775,0
798,34207451269701,34207455374636,20000991,sB-eth3,up,34207455186274,netem,30815212,22034,0,0,0,0,0,27549290,4329,0,29624266,3989,0
799,34207471272482,34207473431336,20002781,sA-eth3,up,34207473251734,netem,28694744,21498,0,0,0,0,0,27483356,4588,0,27591272,4778,0
799,34207471272482,34207475268716,20002781,sB-eth3,up,34207475111814,netem,30815212,22034,0,0,0,0,0,27549290,4329,0,29624266,3989,0
800,34207491276533,34207493466867,20004051,sA-eth3,up,34207493290305,netem,28694744,21498,0,0,0,0,0,27483356,4588,0,27591272,4778,0
800,34207491276533,34207495333808,20004051,sB-eth3,up,34207495174116,netem,30815212,22034,0,0,0,0,0,27549290,4329,0,29624266,3989,0
801,34207511267374,34207513348427,19990841,sA-eth3,up,34207513185815,netem,28694744,21498,0,0,0,0,0,27483356,4588,0,27591272,4778,0
801,34207511267374,34207515178557,19990841,sB-eth3,up,34207515000785,netem,30815212,22034,0,0,0,0,0,27549290,4329,0,29624266,3989,0
802,34207531269434,34207533102236,20002060,sA-eth3,up,34207532923273,netem,28694744,21498,0,0,0,0,0,27483356,4588,0,27591272,4778,0
802,34207531269434,34207534923595,20002060,sB-eth3,up,34207534766523,netem,30815212,22034,0,0,0,0,0,27549290,4329,0,29624266,3989,0
803,34207551282976,34207553164276,20013542,sA-eth3,up,34207552977035,netem,28694744,21498,0,0,0,0,0,27483356,4588,0,27591272,4778,0
803,34207551282976,34207554836255,20013542,sB-eth3,up,34207554677733,netem,30815212,22034,0,0,0,0,0,27549290,4329,0,29624266,3989,0
804,34207571270166,34207573158788,19987190,sA-eth3,up,34207572975145,netem,28694744,21498,0,0,0,0,0,27483356,4588,0,27591272,4778,0
804,34207571270166,34207575091559,19987190,sB-eth3,up,34207574921257,netem,30815212,22034,0,0,0,0,0,27549290,4329,0,29624266,3989,0
805,34207591270687,34207593604053,20000521,sA-eth3,up,34207593437742,netem,28694744,21498,0,0,0,0,0,27483356,4588,0,27591272,4778,0
805,34207591270687,34207595459094,20000521,sB-eth3,up,34207595292853,netem,30815212,22034,0,0,0,0,0,27549290,4329,0,29624266,3989,0
806,34207611268079,34207613117939,19997392,sA-eth3,up,34207612930358,netem,28694744,21498,0,0,0,0,0,27483356,4588,0,27591272,4778,0
806,34207611268079,34207615039370,19997392,sB-eth3,up,34207614868178,netem,30815212,22034,0,0,0,0,0,27549290,4329,0,29624266,3989,0
807,34207631282669,34207633200621,20014590,sA-eth3,up,34207633027919,netem,28694744,21498,0,0,0,0,0,27483356,4588,0,27591272,4778,0
807,34207631282669,34207635555436,20014590,sB-eth3,up,34207635389735,netem,30815212,22034,0,0,0,0,0,27549290,4329,0,29624266,3989,0
808,34207651273771,34207653184232,19991102,sA-eth3,up,34207652999620,netem,28694744,21498,0,0,0,0,0,27483356,4588,0,27591272,4778,0
808,34207651273771,34207655258175,19991102,sB-eth3,up,34207655100743,netem,30815212,22034,0,0,0,0,0,27549290,4329,0,29624266,3989,0
809,34207671270581,34207673129242,19996810,sA-eth3,up,34207672937530,netem,28694830,21499,0,0,0,78,1,27489280,4590,0,27591358,4779,0
809,34207671270581,34207674951163,19996810,sB-eth3,up,34207674797300,netem,30815212,22034,0,0,0,0,0,27549290,4329,0,29624266,3989,0
810,34207691266193,34207693050512,19995612,sA-eth3,up,34207692864140,netem,28694908,21500,0,0,0,0,0,27489280,4590,0,27591436,4780,0
810,34207691266193,34207694678380,19995612,sB-eth3,up,34207694510649,netem,30815212,22034,0,0,0,0,0,27549290,4329,0,29624266,3989,0
811,34207711270673,34207713710951,20004480,sA-eth3,up,34207713546989,netem,28694908,21500,0,0,0,0,0,27489280,4590,0,27591436,4780,0
811,34207711270673,34207715547960,20004480,sB-eth3,up,34207715380628,netem,30815212,22034,0,0,0,0,0,27549290,4329,0,29624266,3989,0
812,34207731270825,34207733114925,20000152,sA-eth3,up,34207732925693,netem,28694908,21500,0,0,0,0,0,27489280,4590,0,27591436,4780,0
812,34207731270825,34207735357150,20000152,sB-eth3,up,34207735202878,netem,30815212,22034,0,0,0,0,0,27549290,4329,0,29624266,3989,0
813,34207751266225,34207753427510,19995400,sA-eth3,up,34207753256657,netem,28694908,21500,0,0,0,0,0,27489280,4590,0,27591436,4780,0
813,34207751266225,34207755679515,19995400,sB-eth3,up,34207755524952,netem,30815212,22034,0,0,0,0,0,27549290,4329,0,29624266,3989,0
814,34207771283117,34207773206648,20016892,sA-eth3,up,34207773025735,netem,28694908,21500,0,0,0,0,0,27489280,4590,0,27591436,4780,0
814,34207771283117,34207775237580,20016892,sB-eth3,up,34207775081899,netem,30815212,22034,0,0,0,0,0,27549290,4329,0,29624266,3989,0
815,34207791267378,34207793087788,19984261,sA-eth3,up,34207792888075,netem,28694908,21500,0,0,0,0,0,27489280,4590,0,27591436,4780,0
815,34207791267378,34207794716846,19984261,sB-eth3,up,34207794560264,netem,30815212,22034,0,0,0,0,0,27549290,4329,0,29624266,3989,0
816,34207811282418,34207813888327,20015040,sA-eth3,up,34207813726586,netem,28694908,21500,0,0,0,0,0,27489280,4590,0,27591436,4780,0
816,34207811282418,34207815714168,20015040,sB-eth3,up,34207815559585,netem,30815212,22034,0,0,0,0,0,27549290,4329,0,29624266,3989,0
817,34207831266100,34207833036929,19983682,sA-eth3,up,34207832851397,netem,28694908,21500,0,0,0,0,0,27489280,4590,0,27591436,4780,0
817,34207831266100,34207835247314,19983682,sB-eth3,up,34207835090342,netem,30815212,22034,0,0,0,0,0,27549290,4329,0,29624266,3989,0
818,34207851267350,34207853101460,20001250,sA-eth3,up,34207852913469,netem,28694908,21500,0,0,0,0,0,27489280,4590,0,27591436,4780,0
818,34207851267350,34207854909631,20001250,sB-eth3,up,34207854751799,netem,30815212,22034,0,0,0,0,0,27549290,4329,0,29624266,3989,0
819,34207871269892,34207873137292,20002542,sA-eth3,up,34207872949040,netem,28694908,21500,0,0,0,0,0,27489280,4590,0,27591436,4780,0
819,34207871269892,34207874936792,20002542,sB-eth3,up,34207874776171,netem,30815212,22034,0,0,0,0,0,27549290,4329,0,29624266,3989,0
820,34207891284362,34207893230414,20014470,sA-eth3,up,34207893036432,netem,28695208,21504,0,0,0,66,1,27508500,4596,0,27591736,4784,0
820,34207891284362,34207895786772,20014470,sB-eth3,up,34207895619790,netem,30815212,22034,0,0,0,0,0,27549290,4329,0,29624266,3989,0
821,34207911272233,34207913531308,19987871,sA-eth3,up,34207913341406,netem,28695934,21515,0,0,0,0,0,27565632,4606,0,27592462,4795,0
821,34207911272233,34207915427579,19987871,sB-eth3,up,34207915253887,netem,30815212,22034,0,0,0,0,0,27549290,4329,0,29624266,3989,0
822,34207931272214,34207933558289,19999981,sA-eth3,up,34207933358187,netem,28696144,21518,0,0,0,78,1,27612496,4614,0,27592750,4799,0
822,34207931272214,34207935860635,19999981,sB-eth3,up,34207935644552,netem,30815212,22034,0,0,0,0,0,27549290,4329,0,29624266,3989,0
823,34207951274815,34207953288497,20002601,sA-eth3,up,34207953111095,netem,28696608,21524,0,0,0,86,1,27643300,4620,0,27593136,4804,0
823,34207951274815,34207955567282,20002601,sB-eth3,up,34207955398401,netem,30815212,22034,0,0,0,0,0,27549290,4329,0,29624266,3989,0
824,34207971284277,34207973156497,20009462,sA-eth3,up,34207972966004,netem,28697060,21530,0,0,0,0,0,27690164,4628,0,27593588,4810,0
824,34207971284277,34207974806916,20009462,sB-eth3,up,34207974652413,netem,30815212,22034,0,0,0,0,0,27549290,4329,0,29624266,3989,0
825,34207991271057,34207993319389,19986780,sA-eth3,up,34207993152358,netem,28697724,21538,0,0,0,78,1,27737160,4638,0,27594330,4819,0
825,34207991271057,34207995118179,19986780,sB-eth3,up,34207994942278,netem,30815212,22034,0,0,0,0,0,27549290,4329,0,29624266,3989,0
826,34208011267308,34208013080658,19996251,sA-eth3,up,34208012895946,netem,28698102,21543,0,0,0,0,0,27775336,4646,0,27594630,4823,0
826,34208011267308,34208014846618,19996251,sB-eth3,up,34208014690216,netem,30815212,22034,0,0,0,0,0,27549290,4329,0,29624266,3989,0
827,34208031271989,34208033130179,20004681,sA-eth3,up,34208032937988,netem,28698582,21549,0,0,0,0,0,27822200,4654,0,27595110,4829,0
827,34208031271989,34208035118161,20004681,sB-eth3,up,34208034905299,netem,30815212,22034,0,0,0,0,0,27549290,4329,0,29624266,3989,0
828,34208051278640,34208053155721,20006651,sA-eth3,up,34208052965968,netem,28699104,21556,0,0,0,0,0,27863272,4662,0,27595632,4836,0
828,34208051278640,34208055090182,20006651,sB-eth3,up,34208054881690,netem,30815212,22034,0,0,0,0,0,27549290,4329,0,29624266,3989,0
829,34208071281241,34208073222373,20002601,sA-eth3,up,34208073045540,netem,28699104,21556,0,0,0,0,0,27874988,4664,0,27595632,4836,0
829,34208071281241,34208074865170,20002601,sB-eth3,up,34208074707528,netem,30815212,22034,0,0,0,0,0,27549290,4329,0,29624266,3989,0
830,34208091267821,34208093352134,19986580,sA-eth3,up,34208093168963,netem,28699104,21556,0,0,0,0,0,27874988,4664,0,27595632,4836,0
830,34208091267821,34208095188705,19986580,sB-eth3,up,34208094999543,netem,30815212,22034,0,0,0,0,0,27549290,4329,0,29624266,3989,0
831,34208111277103,34208113212014,20009282,sA-eth3,up,34208113031342,netem,28699334,21559,0,0,0,0,0,27904212,4668,0,27595862,4839,0
831,34208111277103,34208114948933,20009282,sB-eth3,up,34208114781562,netem,30815212,22034,0,0,0,0,0,27549290,4329,0,29624266,3989,0
832,34208131275294,34208133789432,19998191,sA-eth3,up,34208133609929,netem,28699420,21560,0,0,0,0,0,27905726,4669,0,27595948,4840,0
832,34208131275294,34208135690103,19998191,sB-eth3,up,34208135519840,netem,30815212,22034,0,0,0,0,0,27549290,4329,0,29624266,3989,0
833,34208151278944,34208153514949,20003650,sA-eth3,up,34208153322148,netem,28699420,21560,0,0,0,0,0,27905726,4669,0,27595948,4840,0
833,34208151278944,34208155361040,20003650,sB-eth3,up,34208155205238,netem,30815212,22034,0,0,0,0,0,27549290,4329,0,29624266,3989,0
834,34208171272746,34208173063645,19993802,sA-eth3,up,34208172866883,netem,28699420,21560,0,0,0,0,0,27905726,4669,0,27595948,4840,0
834,34208171272746,34208174687853,19993802,sB-eth3,up,34208174530232,netem,30815212,22034,0,0,0,0,0,27549290,4329,0,29624266,3989,0
835,34208191268346,34208193403740,19995600,sA-eth3,up,34208193232088,netem,28699420,21560,0,0,0,0,0,27905726,4669,0,27595948,4840,0
835,34208191268346,34208195302811,19995600,sB-eth3,up,34208195147579,netem,30815212,22034,0,0,0,0,0,27549290,4329,0,29624266,3989,0
836,34208211268378,34208213141318,20000032,sA-eth3,up,34208212945186,netem,28699420,21560,0,0,0,0,0,27905726,4669,0,27595948,4840,0
836,34208211268378,34208214782567,20000032,sB-eth3,up,34208214624504,netem,30815212,22034,0,0,0,0,0,27549290,4329,0,29624266,3989,0
837,34208231268858,34208233144438,20000480,sA-eth3,up,34208232945927,netem,28699420,21560,0,0,0,0,0,27905726,4669,0,27595948,4840,0
837,34208231268858,34208234797337,20000480,sB-eth3,up,34208234640495,netem,30815212,22034,0,0,0,0,0,27549290,4329,0,29624266,3989,0
838,34208251266439,34208253069849,19997581,sA-eth3,up,34208252881397,netem,28699420,21560,0,0,0,0,0,27905726,4669,0,27595948,4840,0
838,34208251266439,34208254691877,19997581,sB-eth3,up,34208254537495,netem,30815212,22034,0,0,0,0,0,27549290,4329,0,29624266,3989,0
839,34208271267970,34208273433065,20001531,sA-eth3,up,34208273250653,netem,28699420,21560,0,0,0,0,0,27905726,4669,0,27595948,4840,0
839,34208271267970,34208275261445,20001531,sB-eth3,up,34208275109473,netem,30815212,22034,0,0,0,0,0,27549290,4329,0,29624266,3989,0
840,34208291269451,34208293112332,20001481,sA-eth3,up,34208292929880,netem,28699420,21560,0,0,0,0,0,27905726,4669,0,27595948,4840,0
840,34208291269451,34208294732659,20001481,sB-eth3,up,34208294579997,netem,30815212,22034,0,0,0,0,0,27549290,4329,0,29624266,3989,0
841,34208311273353,34208313090392,20003902,sA-eth3,up,34208312902380,netem,28699420,21560,0,0,0,0,0,27905726,4669,0,27595948,4840,0
841,34208311273353,34208315092085,20003902,sB-eth3,up,34208314916372,netem,30815212,22034,0,0,0,0,0,27549290,4329,0,29624266,3989,0
842,34208331277943,34208333151355,20004590,sA-eth3,up,34208332968902,netem,28699420,21560,0,0,0,0,0,27907240,4670,0,27595948,4840,0
842,34208331277943,34208335744873,20004590,sB-eth3,up,34208335590781,netem,30815212,22034,0,0,0,0,0,27549290,4329,0,29624266,3989,0
843,34208351268555,34208353085215,19990612,sA-eth3,up,34208352902362,netem,28699728,21564,0,0,0,0,0,27919022,4673,0,27596256,4844,0
843,34208351268555,34208355213318,19990612,sB-eth3,up,34208355047416,netem,30815212,22034,0,0,0,0,0,27549290,4329,0,29624266,3989,0
844,34208371274955,34208373522810,20006400,sA-eth3,up,34208373344458,netem,28699728,21564,0,0,0,0,0,27919022,4673,0,27596256,4844,0
844,34208371274955,34208375333540,20006400,sB-eth3,up,34208375182359,netem,30815212,22034,0,0,0,0,0,27549290,4329,0,29624266,3989,0
845,34208391274196,34208393243708,19999241,sA-eth3,up,34208393070166,netem,28699728,21564,0,0,0,0,0,27919022,4673,0,27596256,4844,0
845,34208391274196,34208395128249,19999241,sB-eth3,up,34208394956477,netem,30815212,22034,0,0,0,0,0,27549290,4329,0,29624266,3989,0
846,34208411271017,34208413125747,19996821,sA-eth3,up,34208412943075,netem,28699728,21564,0,0,0,0,0,27919022,4673,0,27596256,4844,0
846,34208411271017,34208414757036,19996821,sB-eth3,up,34208414603894,netem,30815212,22034,0,0,0,0,0,27549290,4329,0,29624266,3989,0
847,34208431267818,34208433034847,19996801,sA-eth3,up,34208432852616,netem,28699728,21564,0,0,0,0,0,27919022,4673,0,27596256,4844,0
847,34208431267818,34208434665465,19996801,sB-eth3,up,34208434513284,netem,30815212,22034,0,0,0,0,0,27549290,4329,0,29624266,3989,0
848,34208451269939,34208453089109,20002121,sA-eth3,up,34208452897297,netem,28783088,21620,0,0,0,30280,2,27919286,4677,0,27690928,4852,0
848,34208451269939,34208454732777,20002121,sB-eth3,up,34208454576285,netem,30815212,22034,0,0,0,0,0,27549290,4329,0,29624266,3989,0
849,34208471273010,34208473133250,20003071,sA-eth3,up,34208472940859,netem,29032898,21785,0,0,0,37850,3,27919748,4684,0,27931036,4870,0
849,34208471273010,34208474834009,20003071,sB-eth3,up,34208474672858,netem,30815212,22034,0,0,0,0,0,27549290,4329,0,29624266,3989,0
850,34208491268651,34208493137602,19995641,sA-eth3,up,34208492953489,netem,29093458,21825,0,0,0,0,0,27919748,4684,0,27974740,4874,0
850,34208491268651,34208494764909,19995641,sB-eth3,up,34208494610058,netem,30815212,22034,0,0,0,0,0,27549290,4329,0,29624266,3989,0
851,34208511270512,34208513035251,20001861,sA-eth3,up,34208512849019,netem,29160074,21869,0,0,0,68130,4,27919814,4685,0,28056158,4879,0
851,34208511270512,34208514659999,20001861,sB-eth3,up,34208514506168,netem,30815212,22034,0,0,0,0,0,27549290,4329,0,29624266,3989,0
852,34208531273143,34208533063053,20002631,sA-eth3,up,34208532879201,netem,29396258,22025,0,0,0,0,0,27919814,4685,0,28265528,4892,0
852,34208531273143,34208534699631,20002631,sB-eth3,up,34208534541318,netem,30815212,22034,0,0,0,0,0,27549290,4329,0,29624266,3989,0
853,34208551268214,34208553081284,19995071,sA-eth3,up,34208552886702,netem,29423510,22043,0,0,0,24224,2,27919880,4686,0,28291790,4895,0
853,34208551268214,34208554702812,19995071,sB-eth3,up,34208554550880,netem,30815212,22034,0,0,0,0,0,27549290,4329,0,29624266,3989,0
854,34208571273465,34208573106825,20005251,sA-eth3,up,34208572921053,netem,29616220,22176,0,0,0,30280,2,27935086,4697,0,28491786,4919,0
854,34208571273465,34208574753223,20005251,sB-eth3,up,34208574596812,netem,30815542,22039,0,0,0,66,1,27610658,4337,0,29624662,3995,0
855,34208591269206,34208593043895,19995741,sA-eth3,up,34208592856323,netem,29873600,22346,0,0,0,15140,1,27936010,4711,0,28724654,4937,0
855,34208591269206,34208594676653,19995741,sB-eth3,up,34208594522602,netem,30816400,22052,0,0,0,0,0,27768032,4352,0,29625454,4007,0
856,34208611272976,34208613072576,20003770,sA-eth3,up,34208612884425,netem,30123410,22511,0,0,0,37850,3,27937066,4727,0,28964696,4954,0
856,34208611272976,34208614700785,20003770,sB-eth3,up,34208614546763,netem,30816400,22052,0,0,0,0,0,27951404,4366,0,29625454,4007,0
857,34208631267918,34208633117818,19994942,sA-eth3,up,34208632922246,netem,30368678,22673,0,0,0,49962,3,27938122,4743,0,29200460,4972,0
857,34208631267918,34208634800457,19994942,sB-eth3,up,34208634643405,netem,30816466,22053,0,0,0,0,0,27999584,4372,0,29625520,4008,0
858,34208651271208,34208653151149,20003290,sA-eth3,up,34208652965477,netem,30623030,22841,0,0,0,30280,2,27939244,4760,0,29444912,4990,0
858,34208651271208,34208654832918,20003290,sB-eth3,up,34208654673516,netem,30816466,22053,0,0,0,0,0,28117796,4386,0,29625520,4008,0
859,34208671269119,34208673100440,19997911,sA-eth3,up,34208672913648,netem,30863756,23000,0,0,0,29280,2,27940036,4772,0,29676266,5007,0
859,34208671269119,34208674768558,19997911,sB-eth3,up,34208674615687,netem,30816532,22054,0,0,0,0,0,28260690,4401,0,29625586,4009,0
860,34208691266921,34208693081900,19997802,sA-eth3,up,34208692897468,netem,30893036,23020,0,0,0,0,0,27940102,4773,0,29704358,5009,0
860,34208691266921,34208694757459,19997802,sB-eth3,up,34208694603917,netem,30816532,22054,0,0,0,66,1,28434058,4417,0,29625586,4009,0
861,34208711265561,34208713095581,19998640,sA-eth3,up,34208712909370,netem,30893036,23020,0,0,0,0,0,27940102,4773,0,29704358,5009,0
861,34208711265561,34208714756650,19998640,sB-eth3,up,34208714602298,netem,30816598,22055,0,0,0,0,0,28588470,4431,0,29625652,4010,0
862,34208731271803,34208733479396,20006242,sA-eth3,up,34208733301875,netem,30893036,23020,0,0,0,0,0,27940102,4773,0,29704358,5009,0
862,34208731271803,34208735731181,20006242,sB-eth3,up,34208735570410,netem,30847034,22077,0,0,0,36336,2,28762036,4450,0,29654900,4014,0
863,34208751267603,34208753099603,19995800,sA-eth3,up,34208752913932,netem,30893036,23020,0,0,0,0,0,27940102,4773,0,29704358,5009,0
863,34208751267603,34208755191167,19995800,sB-eth3,up,34208755037705,netem,31096844,22242,0,0,0,37850,3,28917504,4481,0,29894876,4030,0
864,34208771267654,34208773543799,20000051,sA-eth3,up,34208773362188,netem,30893036,23020,0,0,0,0,0,27940102,4773,0,29704358,5009,0
864,34208771267654,34208775402340,20000051,sB-eth3,up,34208775235948,netem,31339150,22403,0,0,0,68130,5,29092126,4515,0,30142356,4050,0
865,34208791267755,34208793045595,20000101,sA-eth3,up,34208792858033,netem,30893180,23022,0,0,0,0,0,27944578,4775,0,29704502,5011,0
865,34208791267755,34208794668912,20000101,sB-eth3,up,34208794511021,netem,31581456,22564,0,0,0,60560,4,29247660,4546,0,30375290,4069,0
866,34208811274116,34208813064386,20006361,sA-eth3,up,34208812882324,netem,30893180,23022,0,0,0,0,0,27944578,4775,0,29704502,5011,0
866,34208811274116,34208814679514,20006361,sB-eth3,up,34208814525892,netem,31834294,22731,0,0,0,49962,4,29410566,4580,0,30615398,4087,0
867,34208831295458,34208833149158,20021342,sA-eth3,up,34208832946955,netem,30893246,23023,0,0,0,0,0,27946092,4776,0,29704568,5012,0
867,34208831295458,34208835307662,20021342,sB-eth3,up,34208835148360,netem,32094768,22904,0,0,0,46934,4,29577882,4613,0,30854124,4106,0
868,34208851268228,34208853069468,19972770,sA-eth3,up,34208852882076,netem,30893246,23023,0,0,0,0,0,27947606,4777,0,29704568,5012,0
868,34208851268228,34208854692816,19972770,sB-eth3,up,34208854535094,netem,32330952,23060,0,0,0,60560,4,29666992,4640,0,31081200,4124,0
869,34208871268599,34208873029919,20000371,sA-eth3,up,34208872849777,netem,30893312,23024,0,0,0,0,0,27947606,4777,0,29704634,5013,0
869,34208871268599,34208875058691,20000371,sB-eth3,up,34208874878929,netem,32595968,23236,0,0,0,56018,4,29668246,4659,0,31335920,4144,0
870,34208891281000,34208893112630,20012401,sA-eth3,up,34208892932549,netem,30893378,23025,0,0,0,0,0,27950568,4778,0,29704700,5014,0
870,34208891281000,34208894725698,20012401,sB-eth3,up,34208894573826,netem,32838208,23396,0,0,0,56018,4,29669434,4677,0,31568788,4162,0
871,34208911271991,34208913830170,19990991,sA-eth3,up,34208913652397,netem,30893378,23025,0,0,0,0,0,27950568,4778,0,29704700,5014,0
871,34208911271991,34208915682570,19990991,sB-eth3,up,34208915524748,netem,33009804,23510,0,0,0,0,0,29670292,4690,0,31733718,4175,0
872,34208931265562,34208932969901,19993571,sA-eth3,up,34208932808139,netem,30893444,23026,0,0,0,0,0,27953530,4779,0,29704766,5015,0
872,34208931265562,34208935179354,19993571,sB-eth3,up,34208935026064,netem,33009804,23510,0,0,0,0,0,29670292,4690,0,31733718,4175,0
873,34208951269532,34208953067582,20003970,sA-eth3,up,34208952887211,netem,30893444,23026,0,0,0,0,0,27953530,4779,0,29704766,5015,0
873,34208951269532,34208954667241,20003970,sB-eth3,up,34208954514579,netem,33009804,23510,0,0,0,0,0,29670292,4690,0,31733718,4175,0
874,34208971274164,34208973070304,20004632,sA-eth3,up,34208972887921,netem,30893444,23026,0,0,0,0,0,27956492,4780,0,29704766,5015,0
874,34208971274164,34208974702571,20004632,sB-eth3,up,34208974549970,netem,33009804,23510,0,0,0,0,0,29670292,4690,0,31733718,4175,0
875,34208991270155,34208993796383,19995991,sA-eth3,up,34208993625960,netem,30893510,23027,0,0,0,0,0,27956492,4780,0,29704832,5016,0
875,34208991270155,34208995591812,19995991,sB-eth3,up,34208995434791,netem,33009804,23510,0,0,0,0,0,29670292,4690,0,31733718,4175,0
876,34209011267286,34209013724982,19997131,sA-eth3,up,34209013557141,netem,30893510,23027,0,0,0,0,0,27956492,4780,0,29704832,5016,0
876,34209011267286,34209015520052,19997131,sB-eth3,up,34209015353161,netem,33009804,23510,0,0,0,0,0,29670292,4690,0,31733718,4175,0
877,34209031268317,34209033581522,20001031,sA-eth3,up,34209033417360,netem,30893576,23028,0,0,0,0,0,27959454,4781,0,29704898,5017,0
877,34209031268317,34209035399212,20001031,sB-eth3,up,34209035243511,netem,33009804,23510,0,0,0,0,0,29670292,4690,0,31733718,4175,0
878,34209051278868,34209053884257,20010551,sA-eth3,up,34209053712965,netem,30893576,23028,0,0,0,0,0,27959454,4781,0,29704898,5017,0
878,34209051278868,34209055742707,20010551,sB-eth3,up,34209055575004,netem,33009804,23510,0,0,0,0,0,29670292,4690,0,31733718,4175,0
879,34209071272539,34209073176509,19993671,sA-eth3,up,34209072978537,netem,30893642,23029,0,0,0,0,0,27962416,4782,0,29704964,5018,0
879,34209071272539,34209075753478,19993671,sB-eth3,up,34209075595557,netem,33009804,23510,0,0,0,0,0,29670292,4690,0,31733718,4175,0
880,34209091267639,34209093117239,19995100,sA-eth3,up,34209092937418,netem,30893642,23029,0,0,0,0,0,27962416,4782,0,29704964,5018,0
880,34209091267639,34209095353694,19995100,sB-eth3,up,34209095195363,netem,33009804,23510,0,0,0,0,0,29670292,4690,0,31733718,4175,0
881,34209111269521,34209113912300,20001882,sA-eth3,up,34209113747327,netem,30893642,23029,0,0,0,0,0,27962416,4782,0,29704964,5018,0
881,34209111269521,34209115886652,20001882,sB-eth3,up,34209115731349,netem,33009804,23510,0,0,0,0,0,29670292,4690,0,31733718,4175,0
882,34209131269671,34209133247834,20000150,sA-eth3,up,34209133075231,netem,30893642,23029,0,0,0,0,0,27962416,4782,0,29704964,5018,0
882,34209131269671,34209135384446,20000150,sB-eth3,up,34209135203545,netem,33009804,23510,0,0,0,0,0,29670292,4690,0,31733718,4175,0
883,34209151275482,34209153312404,20005811,sA-eth3,up,34209153128593,netem,30893642,23029,0,0,0,0,0,27962416,4782,0,29704964,5018,0
883,34209151275482,34209155595051,20005811,sB-eth3,up,34209155421938,netem,33009804,23510,0,0,0,0,0,29670292,4690,0,31733718,4175,0
884,34209171273974,34209173309566,19998492,sA-eth3,up,34209173130023,netem,30893642,23029,0,0,0,0,0,27962416,4782,0,29704964,5018,0
884,34209171273974,34209175324068,19998492,sB-eth3,up,34209175163696,netem,33009804,23510,0,0,0,0,0,29670292,4690,0,31733718,4175,0
885,34209191267354,34209193246176,19993380,sA-eth3,up,34209193076354,netem,30893642,23029,0,0,0,0,0,27962416,4782,0,29704964,5018,0
885,34209191267354,34209195098736,19993380,sB-eth3,up,34209194922315,netem,33009804,23510,0,0,0,0,0,29670292,4690,0,31733718,4175,0
886,34209211277346,34209213320058,20009992,sA-eth3,up,34209213145726,netem,30893642,23029,0,0,0,0,0,27962416,4782,0,29704964,5018,0
886,34209211277346,34209215496791,20009992,sB-eth3,up,34209215326270,netem,33009804,23510,0,0,0,0,0,29670292,4690,0,31733718,4175,0
887,34209231276956,34209233148276,19999610,sA-eth3,up,34209232956755,netem,30893720,23030,0,0,0,0,0,27965378,4783,0,29705042,5019,0
887,34209231276956,34209235167799,19999610,sB-eth3,up,34209235000118,netem,33009804,23510,0,0,0,0,0,29670292,4690,0,31733718,4175,0
888,34209251277127,34209253306670,20000171,sA-eth3,up,34209253140968,netem,30893720,23030,0,0,0,0,0,27965378,4783,0,29705042,5019,0
888,34209251277127,34209255380532,20000171,sB-eth3,up,34209255223911,netem,33009804,23510,0,0,0,0,0,29670292,4690,0,31733718,4175,0
889,34209271280068,34209273171459,20002941,sA-eth3,up,34209272983627,netem,30893798,23031,0,0,0,0,0,27968340,4784,0,29705120,5020,0
889,34209271280068,34209275192521,20002941,sB-eth3,up,34209275024840,netem,33009804,23510,0,0,0,0,0,29670292,4690,0,31733718,4175,0
890,34209291270248,34209293147500,19990180,sA-eth3,up,34209292958558,netem,30893798,23031,0,0,0,0,0,27968340,4784,0,29705120,5020,0
890,34209291270248,34209295227143,19990180,sB-eth3,up,34209295066821,netem,33009804,23510,0,0,0,0,0,29670292,4690,0,31733718,4175,0
891,34209311274870,34209313371973,20004622,sA-eth3,up,34209313207011,netem,30893864,23032,0,0,0,0,0,27971302,4785,0,29705186,5021,0
891,34209311274870,34209315363445,20004622,sB-eth3,up,34209315207923,netem,33009804,23510,0,0,0,0,0,29670292,4690,0,31733718,4175,0
892,34209331270631,34209333331633,19995761,sA-eth3,up,34209333159101,netem,30893864,23032,0,0,0,0,0,27971302,4785,0,29705186,5021,0
892,34209331270631,34209335267255,19995761,sB-eth3,up,34209335106263,netem,33009804,23510,0,0,0,0,0,29670292,4690,0,31733718,4175,0
893,34209351267881,34209353145722,19997250,sA-eth3,up,34209352958150,netem,30893864,23032,0,0,0,0,0,27971302,4785,0,29705186,5021,0
893,34209351267881,34209355104704,19997250,sB-eth3,up,34209354924682,netem,33009804,23510,0,0,0,0,0,29670292,4690,0,31733718,4175,0
894,34209371277153,34209373219234,20009272,sA-eth3,up,34209373053192,netem,30893864,23032,0,0,0,0,0,27971302,4785,0,29705186,5021,0
894,34209371277153,34209375419278,20009272,sB-eth3,up,34209375246647,netem,33009804,23510,0,0,0,0,0,29670292,4690,0,31733718,4175,0
895,34209391276703,34209393165865,19999550,sA-eth3,up,34209392976372,netem,30893864,23032,0,0,0,0,0,27971302,4785,0,29705186,5021,0
895,34209391276703,34209394819803,19999550,sB-eth3,up,34209394661911,netem,33009804,23510,0,0,0,0,0,29670292,4690,0,31733718,4175,0
896,34209411277455,34209413596900,20000752,sA-eth3,up,34209413428458,netem,30893942,23033,0,0,0,0,0,27974264,4786,0,29705264,5022,0
896,34209411277455,34209415478122,20000752,sB-eth3,up,34209415313649,netem,33009804,23510,0,0,0,0,0,29670292,4690,0,31733718,4175,0
897,34209431266385,34209433160857,19988930,sA-eth3,up,34209432978884,netem,30893942,23033,0,0,0,0,0,27974264,4786,0,29705264,5022,0
897,34209431266385,34209435241010,19988930,sB-eth3,up,34209435087097,netem,33009804,23510,0,0,0,0,0,29670292,4690,0,31733718,4175,0
898,34209451269687,34209453085617,20003302,sA-eth3,up,34209452901565,netem,30893942,23033,0,0,0,0,0,27974264,4786,0,29705264,5022,0
898,34209451269687,34209454706484,20003302,sB-eth3,up,34209454553603,netem,33009804,23510,0,0,0,0,0,29670292,4690,0,31733718,4175,0
899,34209471277317,34209473054097,20007630,sA-eth3,up,34209472868895,netem,30894008,23034,0,0,0,0,0,27977226,4787,0,29705330,5023,0
899,34209471277317,34209474663726,20007630,sB-eth3,up,34209474509993,netem,33009804,23510,0,0,0,0,0,29670292,4690,0,31733718,4175,0
900,34209491270689,34209493547634,19993372,sA-eth3,up,34209493349902,netem,30894008,23034,0,0,0,0,0,27977226,4787,0,29705330,5023,0
900,34209491270689,34209495339194,19993372,sB-eth3,up,34209495184421,netem,33009804,23510,0,0,0,0,0,29670292,4690,0,31733718,4175,0
901,34209511266490,34209513061209,19995801,sA-eth3,up,34209512870967,netem,30894074,23035,0,0,0,0,0,27980188,4788,0,29705396,5024,0
901,34209511266490,34209514680408,19995801,sB-eth3,up,34209514524136,netem,33009804,23510,0,0,0,0,0,29670292,4690,0,31733718,4175,0
902,34209531271240,34209533041630,20004750,sA-eth3,up,34209532856858,netem,30894074,23035,0,0,0,0,0,27980188,4788,0,29705396,5024,0
902,34209531271240,34209535131594,20004750,sB-eth3,up,34209534958091,netem,33009804,23510,0,0,0,0,0,29670292,4690,0,31733718,4175,0
903,34209551269521,34209553103341,19998281,sA-eth3,up,34209552921590,netem,30894074,23035,0,0,0,0,0,27980188,4788,0,29705396,5024,0
903,34209551269521,34209555349446,19998281,sB-eth3,up,34209555192424,netem,33009804,23510,0,0,0,0,0,29670292,4690,0,31733718,4175,0
904,34209571272492,34209573161083,20002971,sA-eth3,up,34209572982521,netem,30894074,23035,0,0,0,0,0,27980188,4788,0,29705396,5024,0
904,34209571272492,34209574806671,20002971,sB-eth3,up,34209574651760,netem,33009804,23510,0,0,0,0,0,29670292,4690,0,31733718,4175,0
905,34209591267734,34209593467657,19995242,sA-eth3,up,34209593279996,netem,30894074,23035,0,0,0,0,0,27980188,4788,0,29705396,5024,0
905,34209591267734,34209595779154,19995242,sB-eth3,up,34209595625531,netem,33009804,23510,0,0,0,0,0,29670292,4690,0,31733718,4175,0
906,34209611267444,34209613077214,19999710,sA-eth3,up,34209612890553,netem,30894074,23035,0,0,0,0,0,27980188,4788,0,29705396,5024,0
906,34209611267444,34209615151438,19999710,sB-eth3,up,34209614938065,netem,33009804,23510,0,0,0,0,0,29670292,4690,0,31733718,4175,0
907,34209631269436,34209633127476,20001992,sA-eth3,up,34209632941634,netem,30894074,23035,0,0,0,0,0,27980188,4788,0,29705396,5024,0
907,34209631269436,34209635073847,20001992,sB-eth3,up,34209634900306,netem,33009804,23510,0,0,0,0,0,29670292,4690,0,31733718,4175,0
908,34209651270086,34209653170227,20000650,sA-eth3,up,34209652981405,netem,30894074,23035,0,0,0,0,0,27980188,4788,0,29705396,5024,0
908,34209651270086,34209655063418,20000650,sB-eth3,up,34209654892696,netem,33009804,23510,0,0,0,0,0,29670292,4690,0,31733718,4175,0
909,34209671273137,34209673155398,20003051,sA-eth3,up,34209672972976,netem,30894074,23035,0,0,0,0,0,27980188,4788,0,29705396,5024,0
909,34209671273137,34209674914948,20003051,sB-eth3,up,34209674761845,netem,33009804,23510,0,0,0,0,0,29670292,4690,0,31733718,4175,0
910,34209691268888,34209693097448,19995751,sA-eth3,up,34209692914926,netem,30894074,23035,0,0,0,0,0,27980188,4788,0,29705396,5024,0
910,34209691268888,34209694863388,19995751,sB-eth3,up,34209694711967,netem,33009804,23510,0,0,0,0,0,29670292,4690,0,31733718,4175,0
911,34209711274550,34209713152960,20005662,sA-eth3,up,34209712963718,netem,30894152,23036,0,0,0,0,0,27983150,4789,0,29705474,5025,0
911,34209711274550,34209714907060,20005662,sB-eth3,up,34209714753988,netem,33009804,23510,0,0,0,0,0,29670292,4690,0,31733718,4175,0
912,34209731303281,34209733203921,20028731,sA-eth3,up,34209733037180,netem,30894152,23036,0,0,0,0,0,27983150,4789,0,29705474,5025,0
912,34209731303281,34209734848200,20028731,sB-eth3,up,34209734693898,netem,33009804,23510,0,0,0,0,0,29670292,4690,0,31733718,4175,0
913,34209751276021,34209753297013,19972740,sA-eth3,up,34209753135912,netem,30894152,23036,0,0,0,0,0,27983150,4789,0,29705474,5025,0
913,34209751276021,34209755666620,19972740,sB-eth3,up,34209755509668,netem,33009804,23510,0,0,0,0,0,29670292,4690,0,31733718,4175,0
914,34209771267032,34209773094472,19991011,sA-eth3,up,34209772904870,netem,30894152,23036,0,0,0,0,0,27983150,4789,0,29705474,5025,0
914,34209771267032,34209775037013,19991011,sB-eth3,up,34209774861482,netem,33009804,23510,0,0,0,0,0,29670292,4690,0,31733718,4175,0
915,34209791275643,34209793204645,20008611,sA-eth3,up,34209793036302,netem,30894152,23036,0,0,0,0,0,27983150,4789,0,29705474,5025,0
915,34209791275643,34209795034094,20008611,sB-eth3,up,34209794862332,netem,33009804,23510,0,0,0,0,0,29670292,4690,0,31733718,4175,0
916,34209811277713,34209813270396,20002070,sA-eth3,up,34209813093844,netem,30894152,23036,0,0,0,0,0,27983150,4789,0,29705474,5025,0
916,34209811277713,34209815391860,20002070,sB-eth3,up,34209815233468,netem,33009804,23510,0,0,0,0,0,29670292,4690,0,31733718,4175,0
917,34209831273495,34209833352038,19995782,sA-eth3,up,34209833177086,netem,30894152,23036,0,0,0,0,0,27983150,4789,0,29705474,5025,0
917,34209831273495,34209835375890,19995782,sB-eth3,up,34209835218538,netem,33009804,23510,0,0,0,0,0,29670292,4690,0,31733718,4175,0
918,34209851266146,34209853078335,19992651,sA-eth3,up,34209852890714,netem,30894152,23036,0,0,0,0,0,27983150,4789,0,29705474,5025,0
918,34209851266146,34209854791815,19992651,sB-eth3,up,34209854635653,netem,33009804,23510,0,0,0,0,0,29670292,4690,0,31733718,4175,0
919,34209871273737,34209873068507,20007591,sA-eth3,up,34209872880234,netem,30894152,23036,0,0,0,0,0,27983150,4789,0,29705474,5025,0
919,34209871273737,34209875141649,20007591,sB-eth3,up,34209874970847,netem,33009804,23510,0,0,0,0,0,29670292,4690,0,31733718,4175,0
920,34209891268288,34209893142448,19994551,sA-eth3,up,34209892967416,netem,30894152,23036,0,0,0,0,0,27983150,4789,0,29705474,5025,0
920,34209891268288,34209895067909,19994551,sB-eth3,up,34209894879607,netem,33009804,23510,0,0,0,0,0,29670292,4690,0,31733718,4175,0
921,34209911279048,34209913160050,20010760,sA-eth3,up,34209912958537,netem,30894152,23036,0,0,0,0,0,27983150,4789,0,29705474,5025,0
921,34209911279048,34209914811588,20010760,sB-eth3,up,34209914655376,netem,33009804,23510,0,0,0,0,0,29670292,4690,0,31733718,4175,0
922,34209931268640,34209933273842,19989592,sA-eth3,up,34209933102070,netem,30894152,23036,0,0,0,0,0,27983150,4789,0,29705474,5025,0
922,34209931268640,34209935089222,19989592,sB-eth3,up,34209934904389,netem,33009804,23510,0,0,0,0,0,29670292,4690,0,31733718,4175,0
923,34209951326951,34209953366774,20058311,sA-eth3,up,34209953118191,netem,30894152,23036,0,0,0,0,0,27983150,4789,0,29705474,5025,0
923,34209951326951,34209955518707,20058311,sB-eth3,up,34209955283795,netem,33009804,23510,0,0,0,0,0,29670292,4690,0,31733718,4175,0
924,34209971285922,34209973293364,19958971,sA-eth3,up,34209973057912,netem,30894152,23036,0,0,0,0,0,27983150,4789,0,29705474,5025,0
924,34209971285922,34209975132774,19958971,sB-eth3,up,34209974891102,netem,33009804,23510,0,0,0,0,0,29670292,4690,0,31733718,4175,0
925,34209991284942,34209993347685,19999020,sA-eth3,up,34209993117543,netem,30894152,23036,0,0,0,0,0,27983150,4789,0,29705474,5025,0
925,34209991284942,34209995209156,19999020,sB-eth3,up,34209994991594,netem,33009804,23510,0,0,0,0,0,29670292,4690,0,31733718,4175,0
926,34210011290643,34210013246465,20005701,sA-eth3,up,34210013022333,netem,30894308,23038,0,0,0,0,0,27986178,4791,0,29705630,5027,0
926,34210011290643,34210014988734,20005701,sB-eth3,up,34210014790163,netem,33009804,23510,0,0,0,0,0,29670292,4690,0,31733718,4175,0
927,34210031276235,34210033089495,19985592,sA-eth3,up,34210032890752,netem,30894308,23038,0,0,0,78,1,27989140,4792,0,29705630,5027,0
927,34210031276235,34210034773923,19985592,sB-eth3,up,34210034611351,netem,33009804,23510,0,0,0,0,0,29670292,4690,0,31733718,4175,0
928,34210051282216,34210053304258,20005981,sA-eth3,up,34210053090806,netem,30894386,23039,0,0,0,0,0,27989140,4792,0,29705708,5028,0
928,34210051282216,34210055044846,20005981,sB-eth3,up,34210054833335,netem,33009804,23510,0,0,0,0,0,29670292,4690,0,31733718,4175,0
929,34210071281177,34210073526811,19998961,sA-eth3,up,34210073333619,netem,30894386,23039,0,0,0,0,0,27989140,4792,0,29705708,5028,0
929,34210071281177,34210075360111,19998961,sB-eth3,up,34210075199729,netem,33009804,23510,0,0,0,0,0,29670292,4690,0,31733718,4175,0
930,34210091279627,34210093161599,19998450,sA-eth3,up,34210092968976,netem,30894452,23040,0,0,0,0,0,27992102,4793,0,29705774,5029,0
930,34210091279627,34210094941878,19998450,sB-eth3,up,34210094734456,netem,33009804,23510,0,0,0,0,0,29670292,4690,0,31733718,4175,0
931,34210111283399,34210113132809,20003772,sA-eth3,up,34210112914506,netem,30894452,23040,0,0,0,0,0,27992102,4793,0,29705774,5029,0
931,34210111283399,34210114777987,20003772,sB-eth3,up,34210114615105,netem,33009804,23510,0,0,0,0,0,29670292,4690,0,31733718,4175,0
932,34210131287689,34210133537324,20004290,sA-eth3,up,34210133295572,netem,30894518,23041,0,0,0,0,0,27995064,4794,0,29705840,5030,0
932,34210131287689,34210135446245,20004290,sB-eth3,up,34210135230703,netem,33009804,23510,0,0,0,0,0,29670292,4690,0,31733718,4175,0
933,34210151308280,34210153377424,20020591,sA-eth3,up,34210153146491,netem,30894518,23041,0,0,0,0,0,27995064,4794,0,29705840,5030,0
933,34210151308280,34210155386586,20020591,sB-eth3,up,34210155156083,netem,33009804,23510,0,0,0,0,0,29670292,4690,0,31733718,4175,0
934,34210171297161,34210173312174,19988881,sA-eth3,up,34210173088061,netem,30894518,23041,0,0,0,0,0,27995064,4794,0,29705840,5030,0
934,34210171297161,34210175287566,19988881,sB-eth3,up,34210175075943,netem,33009804,23510,0,0,0,0,0,29670292,4690,0,31733718,4175,0
935,34210191296752,34210193300564,19999591,sA-eth3,up,34210193074932,netem,30894518,23041,0,0,0,0,0,27995064,4794,0,29705840,5030,0
935,34210191296752,34210196310458,19999591,sB-eth3,up,34210196100666,netem,33009804,23510,0,0,0,0,0,29670292,4690,0,31733718,4175,0
936,34210211285603,34210213474088,19988851,sA-eth3,up,34210213239765,netem,30894518,23041,0,0,0,0,0,27995064,4794,0,29705840,5030,0
936,34210211285603,34210215529720,19988851,sB-eth3,up,34210215307248,netem,33009804,23510,0,0,0,0,0,29670292,4690,0,31733718,4175,0
937,34210231289254,34210233245956,20003651,sA-eth3,up,34210233023943,netem,30894596,23042,0,0,0,0,0,27998026,4795,0,29705918,5031,0
937,34210231289254,34210235333068,20003651,sB-eth3,up,34210235132457,netem,33009804,23510,0,0,0,0,0,29670292,4690,0,31733718,4175,0
938,34210251287245,34210253468639,19997991,sA-eth3,up,34210253221266,netem,30894596,23042,0,0,0,0,0,27998026,4795,0,29705918,5031,0
938,34210251287245,34210255303660,19997991,sB-eth3,up,34210255123028,netem,33009804,23510,0,0,0,0,0,29670292,4690,0,31733718,4175,0
939,34210271268026,34210273944806,19980781,sA-eth3,up,34210273769173,netem,30894596,23042,0,0,0,66,1,28000988,4796,0,29705918,5031,0
939,34210271268026,34210275969288,19980781,sB-eth3,up,34210275807016,netem,33009804,23510,0,0,0,0,0,29670292,4690,0,31733718,4175,0
940,34210291277158,34210293516902,20009132,sA-eth3,up,34210293322400,netem,30894662,23043,0,0,0,0,0,28000988,4796,0,29705984,5032,0
940,34210291277158,34210295845558,20009132,sB-eth3,up,34210295680326,netem,33009804,23510,0,0,0,0,0,29670292,4690,0,31733718,4175,0
941,34210311271618,34210313313660,19994460,sA-eth3,up,34210313140658,netem,30894662,23043,0,0,0,0,0,28000988,4796,0,29705984,5032,0
941,34210311271618,34210315418903,19994460,sB-eth3,up,34210315250982,netem,33009804,23510,0,0,0,0,0,29670292,4690,0,31733718,4175,0
942,34210331271989,34210333166150,20000371,sA-eth3,up,34210332958947,netem,30894728,23044,0,0,0,0,0,28003950,4797,0,29706050,5033,0
942,34210331271989,34210335188722,20000371,sB-eth3,up,34210335021570,netem,33009804,23510,0,0,0,0,0,29670292,4690,0,31733718,4175,0
943,34210351284100,34210353242282,20012111,sA-eth3,up,34210353050470,netem,30894728,23044,0,0,0,0,0,28003950,4797,0,29706050,5033,0
943,34210351284100,34210355164602,20012111,sB-eth3,up,34210354969611,netem,33009804,23510,0,0,0,0,0,29670292,4690,0,31733718,4175,0
944,34210371277571,34210373141572,19993471,sA-eth3,up,34210372930999,netem,30894794,23045,0,0,0,0,0,28006912,4798,0,29706116,5034,0
944,34210371277571,34210375146614,19993471,sB-eth3,up,34210374957392,netem,33009804,23510,0,0,0,0,0,29670292,4690,0,31733718,4175,0
945,34210391268872,34210393050572,19991301,sA-eth3,up,34210392863039,netem,30894794,23045,0,0,0,0,0,28006912,4798,0,29706116,5034,0
945,34210391268872,34210395165025,19991301,sB-eth3,up,34210394994392,netem,33009804,23510,0,0,0,0,0,29670292,4690,0,31733718,4175,0
946,34210411281973,34210413137504,20013101,sA-eth3,up,34210412947222,netem,30894794,23045,0,0,0,0,0,28006912,4798,0,29706116,5034,0
946,34210411281973,34210415389509,20013101,sB-eth3,up,34210415232906,netem,33009804,23510,0,0,0,0,0,29670292,4690,0,31733718,4175,0
947,34210431271013,34210433302956,19989040,sA-eth3,up,34210433138155,netem,30894794,23045,0,0,0,0,0,28006912,4798,0,29706116,5034,0
947,34210431271013,34210435183857,19989040,sB-eth3,up,34210435022235,netem,33009804,23510,0,0,0,0,0,29670292,4690,0,31733718,4175,0
948,34210451270405,34210453079135,19999392,sA-eth3,up,34210452879442,netem,30894794,23045,0,0,0,0,0,28006912,4798,0,29706116,5034,0
948,34210451270405,34210455126537,19999392,sB-eth3,up,34210454942895,netem,33009804,23510,0,0,0,0,0,29670292,4690,0,31733718,4175,0
949,34210471279405,34210473156026,20009000,sA-eth3,up,34210472965844,netem,30894872,23046,0,0,0,0,0,28009874,4799,0,29706194,5035,0
949,34210471279405,34210474979286,20009000,sB-eth3,up,34210474822864,netem,33009804,23510,0,0,0,0,0,29670292,4690,0,31733718,4175,0
950,34210491272987,34210493164107,19993582,sA-eth3,up,34210492988965,netem,30894872,23046,0,0,0,0,0,28009874,4799,0,29706194,5035,0
950,34210491272987,34210494814676,19993582,sB-eth3,up,34210494661184,netem,33009804,23510,0,0,0,0,0,29670292,4690,0,31733718,4175,0
951,34210511272498,34210513058597,19999511,sA-eth3,up,34210512872085,netem,30894872,23046,0,0,0,0,0,28009874,4799,0,29706194,5035,0
951,34210511272498,34210514684706,19999511,sB-eth3,up,34210514527383,netem,33009804,23510,0,0,0,0,0,29670292,4690,0,31733718,4175,0
952,34210531274828,34210533724805,20002330,sA-eth3,up,34210533374712,netem,30894872,23046,0,0,0,0,0,28009874,4799,0,29706194,5035,0
952,34210531274828,34210535506095,20002330,sB-eth3,up,34210535336664,netem,33009804,23510,0,0,0,0,0,29670292,4690,0,31733718,4175,0
953,34210551278089,34210553276972,20003261,sA-eth3,up,34210553105949,netem,30894872,23046,0,0,0,0,0,28009874,4799,0,29706194,5035,0
953,34210551278089,34210555157492,20003261,sB-eth3,up,34210554989210,netem,33009804,23510,0,0,0,0,0,29670292,4690,0,31733718,4175,0
954,34210571278810,34210573095800,20000721,sA-eth3,up,34210572911608,netem,30894872,23046,0,0,0,0,0,28009874,4799,0,29706194,5035,0
954,34210571278810,34210575132682,20000721,sB-eth3,up,34210574955521,netem,33009804,23510,0,0,0,0,0,29670292,4690,0,31733718,4175,0
955,34210591275051,34210593111821,19996241,sA-eth3,up,34210592928669,netem,30894872,23046,0,0,0,0,0,28009874,4799,0,29706194,5035,0
955,34210591275051,34210594965371,19996241,sB-eth3,up,34210594808621,netem,33009804,23510,0,0,0,0,0,29670292,4690,0,31733718,4175,0
956,34210611269502,34210613171333,19994451,sA-eth3,up,34210612983151,netem,30894872,23046,0,0,0,0,0,28009874,4799,0,29706194,5035,0
956,34210611269502,34210615112054,19994451,sB-eth3,up,34210614939893,netem,33009804,23510,0,0,0,0,0,29670292,4690,0,31733718,4175,0
957,34210631270193,34210633618799,20000691,sA-eth3,up,34210633450947,netem,30894872,23046,0,0,0,0,0,28009874,4799,0,29706194,5035,0
957,34210631270193,34210635536699,20000691,sB-eth3,up,34210635366858,netem,33009804,23510,0,0,0,0,0,29670292,4690,0,31733718,4175,0
958,34210651276284,34210653135874,20006091,sA-eth3,up,34210652940792,netem,30894872,23046,0,0,0,0,0,28009874,4799,0,29706194,5035,0
958,34210651276284,34210655216287,20006091,sB-eth3,up,34210655055376,netem,33009804,23510,0,0,0,0,0,29670292,4690,0,31733718,4175,0
959,34210671272185,34210673267467,19995901,sA-eth3,up,34210673101505,netem,30894872,23046,0,0,0,0,0,28009874,4799,0,29706194,5035,0
959,34210671272185,34210675516661,19995901,sB-eth3,up,34210675333649,netem,33009804,23510,0,0,0,0,0,29670292,4690,0,31733718,4175,0
960,34210691278526,34210693124026,20006341,sA-eth3,up,34210692926054,netem,30894872,23046,0,0,0,0,0,28009874,4799,0,29706194,5035,0
960,34210691278526,34210695519883,20006341,sB-eth3,up,34210695352771,netem,33009804,23510,0,0,0,0,0,29670292,4690,0,31733718,4175,0
961,34210711272557,34210713203489,19994031,sA-eth3,up,34210713029296,netem,30894872,23046,0,0,0,0,0,28009874,4799,0,29706194,5035,0
961,34210711272557,34210715177031,19994031,sB-eth3,up,34210715022138,netem,33009804,23510,0,0,0,0,0,29670292,4690,0,31733718,4175,0
962,34210731282848,34210733073148,20010291,sA-eth3,up,34210732888655,netem,30894872,23046,0,0,0,0,0,28009874,4799,0,29706194,5035,0
962,34210731282848,34210734694225,20010291,sB-eth3,up,34210734543594,netem,33009804,23510,0,0,0,0,0,29670292,4690,0,31733718,4175,0
963,34210751268629,34210753315501,19985781,sA-eth3,up,34210753146469,netem,30894872,23046,0,0,0,0,0,28009874,4799,0,29706194,5035,0
963,34210751268629,34210755139351,19985781,sB-eth3,up,34210754963420,netem,33009804,23510,0,0,0,0,0,29670292,4690,0,31733718,4175,0
964,34210771265649,34210773533454,19997020,sA-eth3,up,34210773351293,netem,30894872,23046,0,0,0,78,1,28011388,4800,0,29706272,5036,0
964,34210771265649,34210775342655,19997020,sB-eth3,up,34210775184943,netem,33009804,23510,0,0,0,0,0,29670292,4690,0,31733718,4175,0
965,34210791268401,34210793028750,20002752,sA-eth3,up,34210792844778,netem,30894950,23047,0,0,0,0,0,28011388,4800,0,29706272,5036,0
965,34210791268401,34210795037462,20002752,sB-eth3,up,34210794867520,netem,33009804,23510,0,0,0,0,0,29670292,4690,0,31733718,4175,0
966,34210811271301,34210813261954,20002900,sA-eth3,up,34210813095801,netem,30895028,23048,0,0,0,0,0,28014350,4801,0,29706350,5037,0
966,34210811271301,34210815370787,20002900,sB-eth3,up,34210815217895,netem,33009804,23510,0,0,0,0,0,29670292,4690,0,31733718,4175,0
967,34210831273293,34210833148563,20001992,sA-eth3,up,34210832951101,netem,30895028,23048,0,0,0,0,0,28014350,4801,0,29706350,5037,0
967,34210831273293,34210835096765,20001992,sB-eth3,up,34210834924093,netem,33009804,23510,0,0,0,0,0,29670292,4690,0,31733718,4175,0
968,34210851272913,34210852983932,19999620,sA-eth3,up,34210852827080,netem,30895028,23048,0,0,0,0,0,28014350,4801,0,29706350,5037,0
968,34210851272913,34210854800232,19999620,sB-eth3,up,34210854647471,netem,33009804,23510,0,0,0,0,0,29670292,4690,0,31733718,4175,0
969,34210871268784,34210873171145,19995871,sA-eth3,up,34210872982763,netem,30895094,23049,0,0,0,0,0,28015864,4802,0,29706416,5038,0
969,34210871268784,34210874814414,19995871,sB-eth3,up,34210874652112,netem,33009804,23510,0,0,0,0,0,29670292,4690,0,31733718,4175,0
970,34210891278266,34210893101855,20009482,sA-eth3,up,34210892915813,netem,30895160,23050,0,0,0,0,0,28018826,4803,0,29706482,5039,0
970,34210891278266,34210894734634,20009482,sB-eth3,up,34210894577002,netem,33009804,23510,0,0,0,0,0,29670292,4690,0,31733718,4175,0
971,34210911271466,34210913115087,19993200,sA-eth3,up,34210912926065,netem,30895160,23050,0,0,0,0,0,28018826,4803,0,29706482,5039,0
971,34210911271466,34210915452013,19993200,sB-eth3,up,34210915281900,netem,33009804,23510,0,0,0,0,0,29670292,4690,0,31733718,4175,0
972,34210931277357,34210933178988,20005891,sA-eth3,up,34210932984967,netem,30895226,23051,0,0,0,0,0,28021788,4804,0,29706548,5040,0
972,34210931277357,34210934827606,20005891,sB-eth3,up,34210934673265,netem,33009804,23510,0,0,0,0,0,29670292,4690,0,31733718,4175,0
973,34210951269768,34210953048007,19992411,sA-eth3,up,34210952858356,netem,30895226,23051,0,0,0,0,0,28021788,4804,0,29706548,5040,0
973,34210951269768,34210954789867,19992411,sB-eth3,up,34210954629946,netem,33009804,23510,0,0,0,0,0,29670292,4690,0,31733718,4175,0
974,34210971272809,34210973144900,20003041,sA-eth3,up,34210972957257,netem,30895226,23051,0,0,0,0,0,28021788,4804,0,29706548,5040,0
974,34210971272809,34210974796158,20003041,sB-eth3,up,34210974637177,netem,33009804,23510,0,0,0,0,0,29670292,4690,0,31733718,4175,0
975,34210991282860,34210993241602,20010051,sA-eth3,up,34210993068290,netem,30895226,23051,0,0,0,0,0,28021788,4804,0,29706548,5040,0
975,34210991282860,34210994901971,20010051,sB-eth3,up,34210994750419,netem,33009804,23510,0,0,0,0,0,29670292,4690,0,31733718,4175,0
976,34211011269342,34211013244453,19986482,sA-eth3,up,34211013076202,netem,30895226,23051,0,0,0,0,0,28021788,4804,0,29706548,5040,0
976,34211011269342,34211014915211,19986482,sB-eth3,up,34211014760149,netem,33009804,23510,0,0,0,0,0,29670292,4690,0,31733718,4175,0
977,34211031274992,34211033201324,20005650,sA-eth3,up,34211033034912,netem,30895226,23051,0,0,0,0,0,28021788,4804,0,29706548,5040,0
977,34211031274992,34211034834651,20005650,sB-eth3,up,34211034681500,netem,33009804,23510,0,0,0,0,0,29670292,4690,0,31733718,4175,0
978,34211051268423,34211053084153,19993431,sA-eth3,up,34211052892191,netem,30895226,23051,0,0,0,0,0,28021788,4804,0,29706548,5040,0
978,34211051268423,34211054755411,19993431,sB-eth3,up,34211054597581,netem,33009804,23510,0,0,0,0,0,29670292,4690,0,31733718,4175,0
979,34211071280664,34211073157515,20012241,sA-eth3,up,34211072971424,netem,30895226,23051,0,0,0,0,0,28021788,4804,0,29706548,5040,0
979,34211071280664,34211074808303,20012241,sB-eth3,up,34211074655911,netem,33009804,23510,0,0,0,0,0,29670292,4690,0,31733718,4175,0
980,34211091271505,34211093124746,19990841,sA-eth3,up,34211092942064,netem,30895226,23051,0,0,0,0,0,28021788,4804,0,29706548,5040,0
980,34211091271505,34211094765544,19990841,sB-eth3,up,34211094610433,netem,33009804,23510,0,0,0,0,0,29670292,4690,0,31733718,4175,0
981,34211111270106,34211113041516,19998601,sA-eth3,up,34211112856664,netem,30895304,23052,0,0,0,0,0,28023302,4805,0,29706626,5041,0
981,34211111270106,34211114697913,19998601,sB-eth3,up,34211114542382,netem,33009804,23510,0,0,0,0,0,29670292,4690,0,31733718,4175,0
982,34211131268197,34211133260489,19998091,sA-eth3,up,34211133091267,netem,30895304,23052,0,0,0,0,0,28023302,4805,0,29706626,5041,0
982,34211131268197,34211135436933,19998091,sB-eth3,up,34211135263411,netem,33009804,23510,0,0,0,0,0,29670292,4690,0,31733718,4175,0
983,34211151272138,34211153142698,20003941,sA-eth3,up,34211152954387,netem,30895304,23052,0,0,0,0,0,28023302,4805,0,29706626,5041,0
983,34211151272138,34211154908108,20003941,sB-eth3,up,34211154755956,netem,33009804,23510,0,0,0,0,0,29670292,4690,0,31733718,4175,0
984,34211171270419,34211173176021,19998281,sA-eth3,up,34211172991588,netem,30895304,23052,0,0,0,0,0,28023302,4805,0,29706626,5041,0
984,34211171270419,34211174788638,19998281,sB-eth3,up,34211174636796,netem,33009804,23510,0,0,0,0,0,29670292,4690,0,31733718,4175,0
985,34211191275239,34211193102951,20004820,sA-eth3,up,34211192912518,netem,30895304,23052,0,0,0,0,0,28023302,4805,0,29706626,5041,0
985,34211191275239,34211194995701,20004820,sB-eth3,up,34211194843710,netem,33009804,23510,0,0,0,0,0,29670292,4690,0,31733718,4175,0
986,34211211267381,34211213557886,19992142,sA-eth3,up,34211213385874,netem,30895304,23052,0,0,0,0,0,28023302,4805,0,29706626,5041,0
986,34211211267381,34211215318225,19992142,sB-eth3,up,34211215166594,netem,33009804,23510,0,0,0,0,0,29670292,4690,0,31733718,4175,0
987,34211231266721,34211233135083,19999340,sA-eth3,up,34211232947720,netem,30895304,23052,0,0,0,0,0,28023302,4805,0,29706626,5041,0
987,34211231266721,34211235150555,19999340,sB-eth3,up,34211234983773,netem,33009804,23510,0,0,0,0,0,29670292,4690,0,31733718,4175,0
988,34211251271613,34211253160433,20004892,sA-eth3,up,34211252960601,netem,30895304,23052,0,0,0,0,0,28023302,4805,0,29706626,5041,0
988,34211251271613,34211255069815,20004892,sB-eth3,up,34211254895813,netem,33009804,23510,0,0,0,0,0,29670292,4690,0,31733718,4175,0
989,34211271275454,34211273181155,20003841,sA-eth3,up,34211272995473,netem,30895304,23052,0,0,0,0,0,28023302,4805,0,29706626,5041,0
989,34211271275454,34211274807913,20003841,sB-eth3,up,34211274651761,netem,33009804,23510,0,0,0,0,0,29670292,4690,0,31733718,4175,0
990,34211291267665,34211293063795,19992211,sA-eth3,up,34211292873133,netem,30895304,23052,0,0,0,0,0,28023302,4805,0,29706626,5041,0
990,34211291267665,34211294732622,19992211,sB-eth3,up,34211294577101,netem,33009804,23510,0,0,0,0,0,29670292,4690,0,31733718,4175,0
991,34211311276445,34211313195438,20008780,sA-eth3,up,34211313028145,netem,30895304,23052,0,0,0,0,0,28023302,4805,0,29706626,5041,0
991,34211311276445,34211314822555,20008780,sB-eth3,up,34211314669104,netem,33009804,23510,0,0,0,0,0,29670292,4690,0,31733718,4175,0
992,34211331270166,34211333117877,19993721,sA-eth3,up,34211332935175,netem,30895304,23052,0,0,0,0,0,28023302,4805,0,29706626,5041,0
992,34211331270166,34211335243850,19993721,sB-eth3,up,34211335085509,netem,33009804,23510,0,0,0,0,0,29670292,4690,0,31733718,4175,0
993,34211351274218,34211353106238,20004052,sA-eth3,up,34211352918945,netem,30895304,23052,0,0,0,0,0,28023302,4805,0,29706626,5041,0
993,34211351274218,34211354758697,20004052,sB-eth3,up,34211354608984,netem,33009804,23510,0,0,0,0,0,29670292,4690,0,31733718,4175,0
994,34211371267719,34211373075029,19993501,sA-eth3,up,34211372884326,netem,30895304,23052,0,0,0,0,0,28023302,4805,0,29706626,5041,0
994,34211371267719,34211374681877,19993501,sB-eth3,up,34211374529235,netem,33009804,23510,0,0,0,0,0,29670292,4690,0,31733718,4175,0
995,34211391271580,34211393105740,20003861,sA-eth3,up,34211392915768,netem,30895304,23052,0,0,0,0,0,28023302,4805,0,29706626,5041,0
995,34211391271580,34211394782069,20003861,sB-eth3,up,34211394622947,netem,33009804,23510,0,0,0,0,0,29670292,4690,0,31733718,4175,0
996,34211411272841,34211413117921,20001261,sA-eth3,up,34211412930349,netem,30895304,23052,0,0,0,0,0,28023302,4805,0,29706626,5041,0
996,34211411272841,34211415445627,20001261,sB-eth3,up,34211415271245,netem,33009804,23510,0,0,0,0,0,29670292,4690,0,31733718,4175,0
997,34211431268532,34211433179102,19995691,sA-eth3,up,34211432997340,netem,30895304,23052,0,0,0,0,0,28023302,4805,0,29706626,5041,0
997,34211431268532,34211434827841,19995691,sB-eth3,up,34211434675059,netem,33009804,23510,0,0,0,0,0,29670292,4690,0,31733718,4175,0
998,34211451266142,34211453312025,19997610,sA-eth3,up,34211452978931,netem,30895304,23052,0,0,0,0,0,28023302,4805,0,29706626,5041,0
998,34211451266142,34211455720582,19997610,sB-eth3,up,34211455476449,netem,33009804,23510,0,0,0,0,0,29670292,4690,0,31733718,4175,0
999,34211471292774,34211473276165,20026632,sA-eth3,up,34211473036112,netem,30895304,23052,0,0,0,0,0,28023302,4805,0,29706626,5041,0
999,34211471292774,34211475287697,20026632,sB-eth3,up,34211475063675,netem,33009804,23510,0,0,0,0,0,29670292,4690,0,31733718,4175,0
1000,34211491288394,34211493322507,19995620,sA-eth3,up,34211493084745,netem,30895304,23052,0,0,0,0,0,28023302,4805,0,29706626,5041,0
1000,34211491288394,34211495291479,19995620,sB-eth3,up,34211495076986,netem,33009804,23510,0,0,0,0,0,29670292,4690,0,31733718,4175,0
1001,34211511301875,34211513401339,20013481,sA-eth3,up,34211513168956,netem,30895304,23052,0,0,0,0,0,28023302,4805,0,29706626,5041,0
1001,34211511301875,34211515402001,20013481,sB-eth3,up,34211515191309,netem,33009804,23510,0,0,0,0,0,29670292,4690,0,31733718,4175,0
1002,34211531278747,34211533181247,19976872,sA-eth3,up,34211532975366,netem,30895304,23052,0,0,0,0,0,28023302,4805,0,29706626,5041,0
1002,34211531278747,34211534899456,19976872,sB-eth3,up,34211534734395,netem,33009804,23510,0,0,0,0,0,29670292,4690,0,31733718,4175,0
1003,34211551273017,34211553085217,19994270,sA-eth3,up,34211552895246,netem,30895304,23052,0,0,0,0,0,28023302,4805,0,29706626,5041,0
1003,34211551273017,34211555072179,19994270,sB-eth3,up,34211554891898,netem,33009804,23510,0,0,0,0,0,29670292,4690,0,31733718,4175,0
1004,34211571285089,34211573096168,20012072,sA-eth3,up,34211572907826,netem,30895304,23052,0,0,0,0,0,28023302,4805,0,29706626,5041,0
1004,34211571285089,34211574794778,20012072,sB-eth3,up,34211574636755,netem,33009804,23510,0,0,0,0,0,29670292,4690,0,31733718,4175,0
1005,34211591275399,34211593568634,19990310,sA-eth3,up,34211593395452,netem,30895304,23052,0,0,0,0,0,28023302,4805,0,29706626,5041,0
1005,34211591275399,34211595218943,19990310,sB-eth3,up,34211595062341,netem,33009804,23510,0,0,0,0,0,29670292,4690,0,31733718,4175,0
1006,34211611269230,34211613202561,19993831,sA-eth3,up,34211612969339,netem,30895304,23052,0,0,0,0,0,28023302,4805,0,29706626,5041,0
1006,34211611269230,34211614909181,19993831,sB-eth3,up,34211614719178,netem,33009804,23510,0,0,0,0,0,29670292,4690,0,31733718,4175,0
1007,34211631287611,34211633199803,20018381,sA-eth3,up,34211632967480,netem,30895304,23052,0,0,0,0,0,28023302,4805,0,29706626,5041,0
1007,34211631287611,34211634902831,20018381,sB-eth3,up,34211634705600,netem,33009804,23510,0,0,0,0,0,29670292,4690,0,31733718,4175,0
1008,34211651285532,34211653183853,19997921,sA-eth3,up,34211652937401,netem,30895304,23052,0,0,0,0,0,28023302,4805,0,29706626,5041,0
1008,34211651285532,34211654969543,19997921,sB-eth3,up,34211654770910,netem,33009804,23510,0,0,0,0,0,29670292,4690,0,31733718,4175,0
1009,34211671308494,34211673332306,20022962,sA-eth3,up,34211673151854,netem,30895304,23052,0,0,0,0,0,28023302,4805,0,29706626,5041,0
1009,34211671308494,34211675047185,20022962,sB-eth3,up,34211674861022,netem,33009804,23510,0,0,0,0,0,29670292,4690,0,31733718,4175,0
1010,34211691271584,34211693105664,19963090,sA-eth3,up,34211692867561,netem,30895304,23052,0,0,0,0,0,28023302,4805,0,29706626,5041,0
1010,34211691271584,34211695183908,19963090,sB-eth3,up,34211694955625,netem,33009804,23510,0,0,0,0,0,29670292,4690,0,31733718,4175,0
1011,34211711287805,34211713152696,20016221,sA-eth3,up,34211712953223,netem,30895304,23052,0,0,0,0,0,28023302,4805,0,29706626,5041,0
1011,34211711287805,34211714820675,20016221,sB-eth3,up,34211714660042,netem,33009804,23510,0,0,0,0,0,29670292,4690,0,31733718,4175,0
1012,34211731277946,34211733076016,19990141,sA-eth3,up,34211732882623,netem,30895304,23052,0,0,0,0,0,28023302,4805,0,29706626,5041,0
1012,34211731277946,34211734728314,19990141,sB-eth3,up,34211734567442,netem,33009804,23510,0,0,0,0,0,29670292,4690,0,31733718,4175,0
1013,34211751287637,34211753143948,20009691,sA-eth3,up,34211752956685,netem,30895304,23052,0,0,0,0,0,28023302,4805,0,29706626,5041,0
1013,34211751287637,34211754764425,20009691,sB-eth3,up,34211754606094,netem,33009804,23510,0,0,0,0,0,29670292,4690,0,31733718,4175,0
1014,34211771278118,34211773125418,19990481,sA-eth3,up,34211772927006,netem,30895304,23052,0,0,0,0,0,28024816,4806,0,29706626,5041,0
1014,34211771278118,34211774747157,19990481,sB-eth3,up,34211774586964,netem,33009804,23510,0,0,0,0,0,29670292,4690,0,31733718,4175,0
1015,34211791286139,34211793077359,20008021,sA-eth3,up,34211792882357,netem,30895460,23054,0,0,0,0,0,28026330,4807,0,29706782,5043,0
1015,34211791286139,34211794693287,20008021,sB-eth3,up,34211794533795,netem,33009804,23510,0,0,0,0,0,29670292,4690,0,31733718,4175,0
1016,34211811269600,34211813102340,19983461,sA-eth3,up,34211812919098,netem,30895538,23055,0,0,0,0,0,28029292,4808,0,29706860,5044,0
1016,34211811269600,34211814740789,19983461,sB-eth3,up,34211814582796,netem,33009804,23510,0,0,0,0,0,29670292,4690,0,31733718,4175,0
1017,34211831304271,34211833244012,20034671,sA-eth3,up,34211832997090,netem,30895538,23055,0,0,0,0,0,28029292,4808,0,29706860,5044,0
1017,34211831304271,34211834969122,20034671,sB-eth3,up,34211834756799,netem,33009804,23510,0,0,0,0,0,29670292,4690,0,31733718,4175,0
1018,34211851304322,34211853211783,20000051,sA-eth3,up,34211852964951,netem,30895538,23055,0,0,0,0,0,28029292,4808,0,29706860,5044,0
1018,34211851304322,34211854943832,20000051,sB-eth3,up,34211854734440,netem,33009804,23510,0,0,0,0,0,29670292,4690,0,31733718,4175,0
1019,34211871297213,34211873149474,19992891,sA-eth3,up,34211872915351,netem,30895538,23055,0,0,0,0,0,28029292,4808,0,29706860,5044,0
1019,34211871297213,34211874860093,19992891,sB-eth3,up,34211874662771,netem,33009804,23510,0,0,0,0,0,29670292,4690,0,31733718,4175,0
1020,34211891281924,34211893149394,19984711,sA-eth3,up,34211892914912,netem,30895616,23056,0,0,0,0,0,28032254,4809,0,29706938,5045,0
1020,34211891281924,34211894850053,19984711,sB-eth3,up,34211894649851,netem,33009804,23510,0,0,0,0,0,29670292,4690,0,31733718,4175,0
1021,34211911303145,34211913221096,20021221,sA-eth3,up,34211912980494,netem,30895616,23056,0,0,0,0,0,28032254,4809,0,29706938,5045,0
1021,34211911303145,34211914939886,20021221,sB-eth3,up,34211914733803,netem,33009804,23510,0,0,0,0,0,29670292,4690,0,31733718,4175,0
1022,34211931279707,34211933186777,19976562,sA-eth3,up,34211932949664,netem,30895682,23057,0,0,0,0,0,28033768,4810,0,29707004,5046,0
1022,34211931279707,34211934909966,19976562,sB-eth3,up,34211934707914,netem,33009804,23510,0,0,0,0,0,29670292,4690,0,31733718,4175,0
1023,34211951283277,34211953166488,20003570,sA-eth3,up,34211952917165,netem,30895682,23057,0,0,0,0,0,28036730,4811,0,29707004,5046,0
1023,34211951283277,34211954912508,20003570,sB-eth3,up,34211954703475,netem,33009804,23510,0,0,0,0,0,29670292,4690,0,31733718,4175,0
1024,34211971285239,34211973201859,20001962,sA-eth3,up,34211972942986,netem,30895748,23058,0,0,0,0,0,28036730,4811,0,29707070,5047,0
1024,34211971285239,34211974956418,20001962,sB-eth3,up,34211974743386,netem,33009804,23510,0,0,0,0,0,29670292,4690,0,31733718,4175,0
1025,34211991290559,34211993220071,20005320,sA-eth3,up,34211992966288,netem,30895748,23058,0,0,0,0,0,28036730,4811,0,29707070,5047,0
1025,34211991290559,34211994938679,20005320,sB-eth3,up,34211994727467,netem,33009804,23510,0,0,0,0,0,29670292,4690,0,31733718,4175,0
1026,34212011288280,34212013233101,19997721,sA-eth3,up,34212012989379,netem,30895814,23059,0,0,0,0,0,28039692,4812,0,29707136,5048,0
1026,34212011288280,34212015038351,19997721,sB-eth3,up,34212014808778,netem,33009804,23510,0,0,0,0,0,29670292,4690,0,31733718,4175,0
1027,34212031288231,34212033301053,19999951,sA-eth3,up,34212033065100,netem,30895814,23059,0,0,0,0,0,28039692,4812,0,29707136,5048,0
1027,34212031288231,34212035097253,19999951,sB-eth3,up,34212034859040,netem,33009804,23510,0,0,0,0,0,29670292,4690,0,31733718,4175,0
1028,34212051286212,34212053207213,19997981,sA-eth3,up,34212052950000,netem,30895880,23060,0,0,0,0,0,28042654,4813,0,29707202,5049,0
1028,34212051286212,34212054991833,19997981,sB-eth3,up,34212054777631,netem,33009804,23510,0,0,0,0,0,29670292,4690,0,31733718,4175,0
1029,34212071285613,34212073163363,19999401,sA-eth3,up,34212072930631,netem,30895880,23060,0,0,0,0,0,28042654,4813,0,29707202,5049,0
1029,34212071285613,34212074860933,19999401,sB-eth3,up,34212074665620,netem,33009804,23510,0,0,0,0,0,29670292,4690,0,31733718,4175,0
1030,34212091288454,34212093217265,20002841,sA-eth3,up,34212092991362,netem,30895880,23060,0,0,0,0,0,28042654,4813,0,29707202,5049,0
1030,34212091288454,34212094963475,20002841,sB-eth3,up,34212094770593,netem,33009804,23510,0,0,0,0,0,29670292,4690,0,31733718,4175,0
1031,34212111276484,34212113087955,19988030,sA-eth3,up,34212112889782,netem,30895946,23061,0,0,0,0,0,28045616,4814,0,29707268,5050,0
1031,34212111276484,34212115552031,19988030,sB-eth3,up,34212115353430,netem,33009804,23510,0,0,0,0,0,29670292,4690,0,31733718,4175,0
1032,34212131278385,34212133144976,20001901,sA-eth3,up,34212132944123,netem,30895946,23061,0,0,0,0,0,28045616,4814,0,29707268,5050,0
1032,34212131278385,34212134778725,20001901,sB-eth3,up,34212134617652,netem,33009804,23510,0,0,0,0,0,29670292,4690,0,31733718,4175,0
1033,34212151299956,34212153097817,20021571,sA-eth3,up,34212152898055,netem,30896012,23062,0,0,0,0,0,28048578,4815,0,29707334,5051,0
1033,34212151299956,34212155341331,20021571,sB-eth3,up,34212155173000,netem,33009804,23510,0,0,0,0,0,29670292,4690,0,31733718,4175,0
1034,34212171277608,34212173398981,19977652,sA-eth3,up,34212173219118,netem,30896012,23062,0,0,0,0,0,28048578,4815,0,29707334,5051,0
1034,34212171277608,34212175309212,19977652,sB-eth3,up,34212175096960,netem,33009804,23510,0,0,0,0,0,29670292,4690,0,31733718,4175,0
1035,34212191294188,34212193123839,20016580,sA-eth3,up,34212192928787,netem,30896012,23062,0,0,0,0,0,28048578,4815,0,29707334,5051,0
1035,34212191294188,34212194979190,20016580,sB-eth3,up,34212194821338,netem,33009804,23510,0,0,0,0,0,29670292,4690,0,31733718,4175,0
1036,34212211278629,34212213096420,19984441,sA-eth3,up,34212212901967,netem,30896012,23062,0,0,0,0,0,28048578,4815,0,29707334,5051,0
1036,34212211278629,34212214983470,19984441,sB-eth3,up,34212214822118,netem,33009804,23510,0,0,0,0,0,29670292,4690,0,31733718,4175,0
1037,34212231289720,34212233181401,20011091,sA-eth3,up,34212232982320,netem,30896012,23062,0,0,0,0,0,28048578,4815,0,29707334,5051,0
1037,34212231289720,34212235070302,20011091,sB-eth3,up,34212234838790,netem,33009804,23510,0,0,0,0,0,29670292,4690,0,31733718,4175,0
1038,34212251284881,34212253266893,19995161,sA-eth3,up,34212253084701,netem,30896090,23063,0,0,0,0,0,28051540,4816,0,29707412,5052,0
1038,34212251284881,34212255127073,19995161,sB-eth3,up,34212254899881,netem,33009804,23510,0,0,0,0,0,29670292,4690,0,31733718,4175,0
1039,34212271281632,34212273072912,19996751,sA-eth3,up,34212272883500,netem,30896090,23063,0,0,0,0,0,28051540,4816,0,29707412,5052,0
1039,34212271281632,34212275061384,19996751,sB-eth3,up,34212274865282,netem,33009804,23510,0,0,0,0,0,29670292,4690,0,31733718,4175,0
1040,34212291276843,34212293117813,19995211,sA-eth3,up,34212292927882,netem,30896156,23064,0,0,0,0,0,28054502,4817,0,29707478,5053,0
1040,34212291276843,34212295036354,19995211,sB-eth3,up,34212294859012,netem,33009804,23510,0,0,0,0,0,29670292,4690,0,31733718,4175,0
1041,34212311302014,34212313219975,20025171,sA-eth3,up,34212312985912,netem,30896156,23064,0,0,0,0,0,28054502,4817,0,29707478,5053,0
1041,34212311302014,34212314915924,20025171,sB-eth3,up,34212314719872,netem,33009804,23510,0,0,0,0,0,29670292,4690,0,31733718,4175,0
1042,34212331286195,34212333197926,19984181,sA-eth3,up,34212332967293,netem,30896156,23064,0,0,0,0,0,28054502,4817,0,29707478,5053,0
1042,34212331286195,34212335315639,19984181,sB-eth3,up,34212335114617,netem,33009804,23510,0,0,0,0,0,29670292,4690,0,31733718,4175,0
1043,34212351284486,34212353315648,19998291,sA-eth3,up,34212353093166,netem,30896156,23064,0,0,0,0,0,28054502,4817,0,29707478,5053,0
1043,34212351284486,34212355106648,19998291,sB-eth3,up,34212354889806,netem,33009804,23510,0,0,0,0,0,29670292,4690,0,31733718,4175,0
1044,34212371285037,34212373297889,20000551,sA-eth3,up,34212373077807,netem,30896156,23064,0,0,0,0,0,28054502,4817,0,29707478,5053,0
1044,34212371285037,34212375327142,20000551,sB-eth3,up,34212375118759,netem,33009804,23510,0,0,0,0,0,29670292,4690,0,31733718,4175,0
1045,34212391285217,34212393220559,20000180,sA-eth3,up,34212392980676,netem,30896156,23064,0,0,0,0,0,28054502,4817,0,29707478,5053,0
1045,34212391285217,34212394944509,20000180,sB-eth3,up,34212394735046,netem,33009804,23510,0,0,0,0,0,29670292,4690,0,31733718,4175,0
1046,34212411292068,34212413191560,20006851,sA-eth3,up,34212412943077,netem,30896156,23064,0,0,0,0,0,28054502,4817,0,29707478,5053,0
1046,34212411292068,34212415468235,20006851,sB-eth3,up,34212415238392,netem,33009804,23510,0,0,0,0,0,29670292,4690,0,31733718,4175,0
1047,34212431289630,34212433270562,19997562,sA-eth3,up,34212433042269,netem,30896156,23064,0,0,0,0,0,28054502,4817,0,29707478,5053,0
1047,34212431289630,34212435332824,19997562,sB-eth3,up,34212435121082,netem,33009804,23510,0,0,0,0,0,29670292,4690,0,31733718,4175,0
1048,34212451283920,34212453215682,19994290,sA-eth3,up,34212452964609,netem,30896156,23064,0,0,0,0,0,28054502,4817,0,29707478,5053,0
1048,34212451283920,34212454966641,19994290,sB-eth3,up,34212454755169,netem,33009804,23510,0,0,0,0,0,29670292,4690,0,31733718,4175,0
1049,34212471304432,34212473281314,20020512,sA-eth3,up,34212473046551,netem,30896156,23064,0,0,0,0,0,28054502,4817,0,29707478,5053,0
1049,34212471304432,34212475091194,20020512,sB-eth3,up,34212474855131,netem,33009804,23510,0,0,0,0,0,29670292,4690,0,31733718,4175,0
1050,34212491286742,34212493208724,19982310,sA-eth3,up,34212493024192,netem,30896156,23064,0,0,0,0,0,28056016,4818,0,29707478,5053,0
1050,34212491286742,34212494933273,19982310,sB-eth3,up,34212494754781,netem,33009804,23510,0,0,0,0,0,29670292,4690,0,31733718,4175,0
1051,34212511271063,34212513169164,19984321,sA-eth3,up,34212512981372,netem,30896312,23066,0,0,0,0,0,28057530,4819,0,29707634,5055,0
1051,34212511271063,34212515454129,19984321,sB-eth3,up,34212515285807,netem,33009804,23510,0,0,0,0,0,29670292,4690,0,31733718,4175,0
1052,34212531269655,34212533136285,19998592,sA-eth3,up,34212532951493,netem,30896390,23067,0,0,0,0,0,28059044,4820,0,29707712,5056,0
1052,34212531269655,34212534974595,19998592,sB-eth3,up,34212534814223,netem,33009804,23510,0,0,0,0,0,29670292,4690,0,31733718,4175,0
1053,34212551283115,34212553106656,20013460,sA-eth3,up,34212552923214,netem,30896390,23067,0,0,0,0,0,28059044,4820,0,29707712,5056,0
1053,34212551283115,34212554749343,20013460,sB-eth3,up,34212554596662,netem,33009804,23510,0,0,0,0,0,29670292,4690,0,31733718,4175,0
1054,34212571273106,34212573082876,19989991,sA-eth3,up,34212572893204,netem,30896732,23072,0,0,0,0,0,28078198,4825,0,29708054,5061,0
1054,34212571273106,34212574731234,19989991,sB-eth3,up,34212574575733,netem,33009804,23510,0,0,0,0,0,29670292,4690,0,31733718,4175,0
1055,34212591272577,34212593113307,19999471,sA-eth3,up,34212592930026,netem,30897074,23077,0,0,0,0,0,28101696,4830,0,29708396,5066,0
1055,34212591272577,34212595367052,19999471,sB-eth3,up,34212595192451,netem,33009804,23510,0,0,0,0,0,29670292,4690,0,31733718,4175,0
1056,34212611267459,34212613193599,19994882,sA-eth3,up,34212613021997,netem,30897284,23080,0,0,0,0,0,28116374,4833,0,29708606,5069,0
1056,34212611267459,34212615113271,19994882,sB-eth3,up,34212614933888,netem,33009804,23510,0,0,0,0,0,29670292,4690,0,31733718,4175,0
1057,34212631272069,34212633200981,20004610,sA-eth3,up,34212633036568,netem,30897362,23081,0,0,0,0,0,28120784,4834,0,29708684,5070,0
1057,34212631272069,34212635043301,20004610,sB-eth3,up,34212634870938,netem,33009804,23510,0,0,0,0,0,29670292,4690,0,31733718,4175,0
1058,34212651269409,34212653226431,19997340,sA-eth3,up,34212653059249,netem,30897362,23081,0,0,0,0,0,28120784,4834,0,29708684,5070,0
1058,34212651269409,34212655064001,19997340,sB-eth3,up,34212654891410,netem,33009804,23510,0,0,0,0,0,29670292,4690,0,31733718,4175,0
1059,34212671283921,34212673134281,20014512,sA-eth3,up,34212672949670,netem,30897362,23081,0,0,0,0,0,28120784,4834,0,29708684,5070,0
1059,34212671283921,34212675027213,20014512,sB-eth3,up,34212674854841,netem,33009804,23510,0,0,0,0,0,29670292,4690,0,31733718,4175,0
1060,34212691271522,34212693183013,19987601,sA-eth3,up,34212692998241,netem,30897362,23081,0,0,0,0,0,28120784,4834,0,29708684,5070,0
1060,34212691271522,34212694869031,19987601,sB-eth3,up,34212694715080,netem,33009804,23510,0,0,0,0,0,29670292,4690,0,31733718,4175,0
1061,34212711272632,34212713258064,20001110,sA-eth3,up,34212713097143,netem,30897362,23081,0,0,0,0,0,28120784,4834,0,29708684,5070,0
1061,34212711272632,34212715120635,20001110,sB-eth3,up,34212714942873,netem,33009804,23510,0,0,0,0,0,29670292,4690,0,31733718,4175,0
1062,34212731266484,34212733067884,19993852,sA-eth3,up,34212732887821,netem,30897362,23081,0,0,0,0,0,28120784,4834,0,29708684,5070,0
1062,34212731266484,34212734710552,19993852,sB-eth3,up,34212734555890,netem,33009804,23510,0,0,0,0,0,29670292,4690,0,31733718,4175,0
1063,34212751282934,34212753371238,20016450,sA-eth3,up,34212753198956,netem,30897362,23081,0,0,0,0,0,28120784,4834,0,29708684,5070,0
1063,34212751282934,34212755256969,20016450,sB-eth3,up,34212755095857,netem,33009804,23510,0,0,0,0,0,29670292,4690,0,31733718,4175,0
1064,34212771270746,34212773095186,19987812,sA-eth3,up,34212772912213,netem,30897362,23081,0,0,0,0,0,28120784,4834,0,29708684,5070,0
1064,34212771270746,34212774933855,19987812,sB-eth3,up,34212774780475,netem,33009804,23510,0,0,0,0,0,29670292,4690,0,31733718,4175,0
1065,34212791265506,34212793042086,19994760,sA-eth3,up,34212792861494,netem,30897362,23081,0,0,0,0,0,28120784,4834,0,29708684,5070,0
1065,34212791265506,34212794679994,19994760,sB-eth3,up,34212794529102,netem,33009804,23510,0,0,0,0,0,29670292,4690,0,31733718,4175,0
1066,34212811270178,34212813222349,20004672,sA-eth3,up,34212813059938,netem,30897362,23081,0,0,0,0,0,28120784,4834,0,29708684,5070,0
1066,34212811270178,34212815073000,20004672,sB-eth3,up,34212814899438,netem,33009804,23510,0,0,0,0,0,29670292,4690,0,31733718,4175,0
1067,34212831275108,34212833142280,20004930,sA-eth3,up,34212832955457,netem,30897362,23081,0,0,0,0,0,28120784,4834,0,29708684,5070,0
1067,34212831275108,34212835052720,20004930,sB-eth3,up,34212834877508,netem,33009804,23510,0,0,0,0,0,29670292,4690,0,31733718,4175,0
1068,34212851271230,34212853200230,19996122,sA-eth3,up,34212853035279,netem,30897362,23081,0,0,0,0,0,28120784,4834,0,29708684,5070,0
1068,34212851271230,34212854837629,19996122,sB-eth3,up,34212854683147,netem,33009804,23510,0,0,0,0,0,29670292,4690,0,31733718,4175,0
1069,34212871266160,34212873283083,19994930,sA-eth3,up,34212873116321,netem,30897362,23081,0,0,0,0,0,28120784,4834,0,29708684,5070,0
1069,34212871266160,34212875081312,19994930,sB-eth3,up,34212874911990,netem,33009804,23510,0,0,0,0,0,29670292,4690,0,31733718,4175,0
1070,34212891275921,34212893074342,20009761,sA-eth3,up,34212892886410,netem,30897362,23081,0,0,0,0,0,28120784,4834,0,29708684,5070,0
1070,34212891275921,34212894964962,20009761,sB-eth3,up,34212894811261,netem,33009804,23510,0,0,0,0,0,29670292,4690,0,31733718,4175,0
1071,34212911268423,34212913128373,19992502,sA-eth3,up,34212912937311,netem,30897362,23081,0,0,0,0,0,28120784,4834,0,29708684,5070,0
1071,34212911268423,34212914977214,19992502,sB-eth3,up,34212914823321,netem,33009804,23510,0,0,0,0,0,29670292,4690,0,31733718,4175,0
1072,34212931299413,34212933207615,20030990,sA-eth3,up,34212933035362,netem,30897362,23081,0,0,0,0,0,28120784,4834,0,29708684,5070,0
1072,34212931299413,34212935066415,20030990,sB-eth3,up,34212934890964,netem,33009804,23510,0,0,0,0,0,29670292,4690,0,31733718,4175,0
1073,34212951265634,34212953031824,19966221,sA-eth3,up,34212952854702,netem,30897362,23081,0,0,0,0,0,28120784,4834,0,29708684,5070,0
1073,34212951265634,34212954677592,19966221,sB-eth3,up,34212954518030,netem,33009804,23510,0,0,0,0,0,29670292,4690,0,31733718,4175,0
1074,34212971277565,34212973250647,20011931,sA-eth3,up,34212973086175,netem,30897362,23081,0,0,0,0,0,28120784,4834,0,29708684,5070,0
1074,34212971277565,34212975525242,20011931,sB-eth3,up,34212975357171,netem,33009804,23510,0,0,0,0,0,29670292,4690,0,31733718,4175,0
1075,34212991269387,34212993154437,19991822,sA-eth3,up,34212992966885,netem,30897362,23081,0,0,0,0,0,28120784,4834,0,29708684,5070,0
1075,34212991269387,34212994985247,19991822,sB-eth3,up,34212994831706,netem,33009804,23510,0,0,0,0,0,29670292,4690,0,31733718,4175,0
1076,34213011273927,34213013197539,20004540,sA-eth3,up,34213013031067,netem,30897362,23081,0,0,0,0,0,28120784,4834,0,29708684,5070,0
1076,34213011273927,34213014892007,20004540,sB-eth3,up,34213014739905,netem,33009804,23510,0,0,0,0,0,29670292,4690,0,31733718,4175,0
1077,34213031274109,34213033143389,20000182,sA-eth3,up,34213032958017,netem,30897362,23081,0,0,0,0,0,28120784,4834,0,29708684,5070,0
1077,34213031274109,34213035108251,20000182,sB-eth3,up,34213034937509,netem,33009804,23510,0,0,0,0,0,29670292,4690,0,31733718,4175,0
1078,34213051266919,34213053194500,19992810,sA-eth3,up,34213052986699,netem,30897362,23081,0,0,0,0,0,28120784,4834,0,29708684,5070,0
1078,34213051266919,34213054993181,19992810,sB-eth3,up,34213054836988,netem,33009804,23510,0,0,0,0,0,29670292,4690,0,31733718,4175,0
1079,34213071273860,34213073085521,20006941,sA-eth3,up,34213072901218,netem,30897362,23081,0,0,0,0,0,28120784,4834,0,29708684,5070,0
1079,34213071273860,34213074712478,20006941,sB-eth3,up,34213074560406,netem,33009804,23510,0,0,0,0,0,29670292,4690,0,31733718,4175,0
1080,34213091271151,34213093133611,19997291,sA-eth3,up,34213092941829,netem,30897362,23081,0,0,0,0,0,28120784,4834,0,29708684,5070,0
1080,34213091271151,34213094760580,19997291,sB-eth3,up,34213094609228,netem,33009804,23510,0,0,0,0,0,29670292,4690,0,31733718,4175,0
1081,34213111268942,34213113063581,19997791,sA-eth3,up,34213112880640,netem,30897362,23081,0,0,0,0,0,28120784,4834,0,29708684,5070,0
1081,34213111268942,34213114692820,19997791,sB-eth3,up,34213114540308,netem,33009804,23510,0,0,0,0,0,29670292,4690,0,31733718,4175,0
1082,34213131265764,34213133048173,19996822,sA-eth3,up,34213132862690,netem,30897362,23081,0,0,0,0,0,28120784,4834,0,29708684,5070,0
1082,34213131265764,34213134686801,19996822,sB-eth3,up,34213134531840,netem,33009804,23510,0,0,0,0,0,29670292,4690,0,31733718,4175,0
1083,34213151273994,34213153122854,20008230,sA-eth3,up,34213152940683,netem,30897362,23081,0,0,0,0,0,28120784,4834,0,29708684,5070,0
1083,34213151273994,34213154791473,20008230,sB-eth3,up,34213154627041,netem,33009804,23510,0,0,0,0,0,29670292,4690,0,31733718,4175,0
1084,34213171270955,34213173102765,19996961,sA-eth3,up,34213172918993,netem,30897362,23081,0,0,0,0,0,28120784,4834,0,29708684,5070,0
1084,34213171270955,34213174785634,19996961,sB-eth3,up,34213174631362,netem,33009804,23510,0,0,0,0,0,29670292,4690,0,31733718,4175,0
1085,34213191288466,34213193183808,20017511,sA-eth3,up,34213192988825,netem,30897362,23081,0,0,0,0,0,28120784,4834,0,29708684,5070,0
1085,34213191288466,34213194813535,20017511,sB-eth3,up,34213194659664,netem,33009804,23510,0,0,0,0,0,29670292,4690,0,31733718,4175,0
1086,34213211265537,34213213048387,19977071,sA-eth3,up,34213212866115,netem,30897362,23081,0,0,0,0,0,28120784,4834,0,29708684,5070,0
1086,34213211265537,34213214689594,19977071,sB-eth3,up,34213214533373,netem,33009804,23510,0,0,0,0,0,29670292,4690,0,31733718,4175,0
1087,34213231271608,34213233062468,20006071,sA-eth3,up,34213232875726,netem,30897362,23081,0,0,0,0,0,28120784,4834,0,29708684,5070,0
1087,34213231271608,34213234792857,20006071,sB-eth3,up,34213234638385,netem,33009804,23510,0,0,0,0,0,29670292,4690,0,31733718,4175,0
1088,34213251274249,34213253068888,20002641,sA-eth3,up,34213252884907,netem,30897612,23084,0,0,0,86,1,28137042,4839,0,29709020,5074,0
1088,34213251274249,34213254705657,20002641,sB-eth3,up,34213254551745,netem,33009804,23510,0,0,0,0,0,29670292,4690,0,31733718,4175,0
1089,34213271275270,34213273126610,20001021,sA-eth3,up,34213272938508,netem,30898294,23093,0,0,0,0,0,28175152,4846,0,29709616,5082,0
1089,34213271275270,34213274749708,20001021,sB-eth3,up,34213274592336,netem,33009804,23510,0,0,0,0,0,29670292,4690,0,31733718,4175,0
1090,34213291265971,34213293043420,19990701,sA-eth3,up,34213292853258,netem,30898630,23097,0,0,0,0,0,28189896,4850,0,29709952,5086,0
1090,34213291265971,34213294659779,19990701,sB-eth3,up,34213294507436,netem,33009804,23510,0,0,0,0,0,29670292,4690,0,31733718,4175,0
1091,34213311274482,34213313076022,20008511,sA-eth3,up,34213312887070,netem,30898630,23097,0,0,0,0,0,28189896,4850,0,29709952,5086,0
1091,34213311274482,34213314712529,20008511,sB-eth3,up,34213314557618,netem,33009804,23510,0,0,0,0,0,29670292,4690,0,31733718,4175,0
1092,34213331268273,34213333092523,19993791,sA-eth3,up,34213332904520,netem,30898630,23097,0,0,0,0,0,28189896,4850,0,29709952,5086,0
1092,34213331268273,34213335440828,19993791,sB-eth3,up,34213335275087,netem,33009804,23510,0,0,0,0,0,29670292,4690,0,31733718,4175,0
1093,34213351278803,34213353149084,20010530,sA-eth3,up,34213352965102,netem,30898630,23097,0,0,0,0,0,28189896,4850,0,29709952,5086,0
1093,34213351278803,34213355031405,20010530,sB-eth3,up,34213354854674,netem,33009804,23510,0,0,0,0,0,29670292,4690,0,31733718,4175,0
1094,34213371267415,34213373048064,19988612,sA-eth3,up,34213372862882,netem,30898630,23097,0,0,0,0,0,28189896,4850,0,29709952,5086,0
1094,34213371267415,34213374658682,19988612,sB-eth3,up,34213374505981,netem,33009804,23510,0,0,0,0,0,29670292,4690,0,31733718,4175,0
1095,34213391274965,34213393273447,20007550,sA-eth3,up,34213393109125,netem,30898630,23097,0,0,0,0,0,28189896,4850,0,29709952,5086,0
1095,34213391274965,34213395086638,20007550,sB-eth3,up,34213394915086,netem,33009804,23510,0,0,0,0,0,29670292,4690,0,31733718,4175,0
1096,34213411268907,34213413203838,19993942,sA-eth3,up,34213413036886,netem,30898630,23097,0,0,0,0,0,28189896,4850,0,29709952,5086,0
1096,34213411268907,34213415039358,19993942,sB-eth3,up,34213414868346,netem,33009804,23510,0,0,0,0,0,29670292,4690,0,31733718,4175,0
1097,34213431272318,34213433269630,20003411,sA-eth3,up,34213433098658,netem,30898630,23097,0,0,0,0,0,28189896,4850,0,29709952,5086,0
1097,34213431272318,34213435115800,20003411,sB-eth3,up,34213434944759,netem,33009804,23510,0,0,0,0,0,29670292,4690,0,31733718,4175,0
1098,34213451273988,34213453205500,20001670,sA-eth3,up,34213453045018,netem,30898630,23097,0,0,0,0,0,28189896,4850,0,29709952,5086,0
1098,34213451273988,34213454983769,20001670,sB-eth3,up,34213454827978,netem,33009804,23510,0,0,0,0,0,29670292,4690,0,31733718,4175,0
1099,34213471268979,34213473185331,19994991,sA-eth3,up,34213473018599,netem,30898630,23097,0,0,0,0,0,28189896,4850,0,29709952,5086,0
1099,34213471268979,34213474863169,19994991,sB-eth3,up,34213474709468,netem,33009804,23510,0,0,0,0,0,29670292,4690,0,31733718,4175,0
1100,34213491277511,34213493256982,20008532,sA-eth3,up,34213493094081,netem,30898630,23097,0,0,0,0,0,28189896,4850,0,29709952,5086,0
1100,34213491277511,34213495202114,20008532,sB-eth3,up,34213495047353,netem,33009804,23510,0,0,0,0,0,29670292,4690,0,31733718,4175,0
1101,34213511273791,34213513114291,19996280,sA-eth3,up,34213512930389,netem,30898716,23098,0,0,0,0,0,28191410,4851,0,29710038,5087,0
1101,34213511273791,34213515000503,19996280,sB-eth3,up,34213514845881,netem,33009804,23510,0,0,0,0,0,29670292,4690,0,31733718,4175,0
1102,34213531273332,34213533218714,19999541,sA-eth3,up,34213533056822,netem,30898716,23098,0,0,0,0,0,28191410,4851,0,29710038,5087,0
1102,34213531273332,34213535033304,19999541,sB-eth3,up,34213534867622,netem,33009804,23510,0,0,0,0,0,29670292,4690,0,31733718,4175,0
1103,34213551267374,34213553177744,19994042,sA-eth3,up,34213553000792,netem,30898716,23098,0,0,0,0,0,28191410,4851,0,29710038,5087,0
1103,34213551267374,34213554964964,19994042,sB-eth3,up,34213554800163,netem,33009804,23510,0,0,0,0,0,29670292,4690,0,31733718,4175,0
1104,34213571279414,34213573179235,20012040,sA-eth3,up,34213572994783,netem,30898716,23098,0,0,0,0,0,28191410,4851,0,29710038,5087,0
1104,34213571279414,34213574819613,20012040,sB-eth3,up,34213574665931,netem,33009804,23510,0,0,0,0,0,29670292,4690,0,31733718,4175,0
1105,34213591273135,34213593294127,19993721,sA-eth3,up,34213593129146,netem,30898716,23098,0,0,0,0,0,28191410,4851,0,29710038,5087,0
1105,34213591273135,34213595125468,19993721,sB-eth3,up,34213594957336,netem,33009804,23510,0,0,0,0,0,29670292,4690,0,31733718,4175,0
1106,34213611271366,34213613137687,19998231,sA-eth3,up,34213612955305,netem,30898716,23098,0,0,0,0,0,28191410,4851,0,29710038,5087,0
1106,34213611271366,34213614765255,19998231,sB-eth3,up,34213614612073,netem,33009804,23510,0,0,0,0,0,29670292,4690,0,31733718,4175,0
1107,34213631287737,34213633260889,20016371,sA-eth3,up,34213633018606,netem,30898716,23098,0,0,0,0,0,28191410,4851,0,29710038,5087,0
1107,34213631287737,34213635438673,20016371,sB-eth3,up,34213635217211,netem,33009804,23510,0,0,0,0,0,29670292,4690,0,31733718,4175,0
1108,34213651285078,34213653287251,19997341,sA-eth3,up,34213653069408,netem,30898716,23098,0,0,0,0,0,28191410,4851,0,29710038,5087,0
1108,34213651285078,34213655212821,19997341,sB-eth3,up,34213654978759,netem,33009804,23510,0,0,0,0,0,29670292,4690,0,31733718,4175,0
1109,34213671298469,34213673367443,20013391,sA-eth3,up,34213673137990,netem,30898716,23098,0,0,0,0,0,28191410,4851,0,29710038,5087,0
1109,34213671298469,34213675399645,20013391,sB-eth3,up,34213675191783,netem,33009804,23510,0,0,0,0,0,29670292,4690,0,31733718,4175,0
1110,34213691290871,34213693341523,19992402,sA-eth3,up,34213693155811,netem,30898716,23098,0,0,0,0,0,28191410,4851,0,29710038,5087,0
1110,34213691290871,34213695233123,19992402,sB-eth3,up,34213695066552,netem,33009804,23510,0,0,0,0,0,29670292,4690,0,31733718,4175,0
1111,34213711277151,34213713274073,19986280,sA-eth3,up,34213713062140,netem,30898802,23099,0,0,0,78,1,28195886,4853,0,29710202,5089,0
1111,34213711277151,34213715113783,19986280,sB-eth3,up,34213714936402,netem,33009804,23510,0,0,0,0,0,29670292,4690,0,31733718,4175,0
1112,34213731274421,34213733134423,19997270,sA-eth3,up,34213732945851,netem,30899492,23108,0,0,0,0,0,28218200,4862,0,29710814,5097,0
1112,34213731274421,34213734928073,19997270,sB-eth3,up,34213734769330,netem,33009804,23510,0,0,0,0,0,29670292,4690,0,31733718,4175,0
1113,34213751270963,34213753093103,19996542,sA-eth3,up,34213752902700,netem,30900086,23117,0,0,0,0,0,28254994,4871,0,29711408,5106,0
1113,34213751270963,34213754735161,19996542,sB-eth3,up,34213754582399,netem,33009804,23510,0,0,0,0,0,29670292,4690,0,31733718,4175,0
1114,34213771275034,34213773116335,20004071,sA-eth3,up,34213772928672,netem,30900650,23125,0,0,0,0,0,28290208,4878,0,29711972,5114,0
1114,34213771275034,34213775130817,20004071,sB-eth3,up,34213774960955,netem,33009804,23510,0,0,0,0,0,29670292,4690,0,31733718,4175,0
1115,34213791267495,34213793083595,19992461,sA-eth3,up,34213792901563,netem,30901262,23133,0,0,0,78,1,28335822,4889,0,29712584,5122,0
1115,34213791267495,34213794723042,19992461,sB-eth3,up,34213794565132,netem,33009804,23510,0,0,0,0,0,29670292,4690,0,31733718,4175,0
1116,34213811272166,34213813519200,20004671,sA-eth3,up,34213813344418,netem,30902132,23146,0,0,0,0,0,28405986,4899,0,29713454,5135,0
1116,34213811272166,34213815460392,20004671,sB-eth3,up,34213815295670,netem,33009804,23510,0,0,0,0,0,29670292,4690,0,31733718,4175,0
1117,34213831269247,34213833114177,19997081,sA-eth3,up,34213832923455,netem,30903006,23157,0,0,0,78,1,28485036,4912,0,29714328,5146,0
1117,34213831269247,34213834990087,19997081,sB-eth3,up,34213834833846,netem,33009804,23510,0,0,0,0,0,29670292,4690,0,31733718,4175,0
1118,34213851269238,34213853174309,19999991,sA-eth3,up,34213852998697,netem,30903762,23167,0,0,0,0,0,28572576,4922,0,29715084,5156,0
1118,34213851269238,34213855039529,19999991,sB-eth3,up,34213854866757,netem,33009804,23510,0,0,0,0,0,29670292,4690,0,31733718,4175,0
1119,34213871266178,34213873164410,19996940,sA-eth3,up,34213872993617,netem,30904668,23180,0,0,0,66,1,28684996,4936,0,29715990,5169,0
1119,34213871266178,34213874841989,19996940,sB-eth3,up,34213874689026,netem,33009804,23510,0,0,0,0,0,29670292,4690,0,31733718,4175,0
1120,34213891270920,34213893142700,20004742,sA-eth3,up,34213892960069,netem,30905440,23190,0,0,0,78,1,28772668,4948,0,29716762,5180,0
1120,34213891270920,34213894873179,20004742,sB-eth3,up,34213894719198,netem,33009804,23510,0,0,0,0,0,29670292,4690,0,31733718,4175,0
1121,34213911268210,34213913458065,19997290,sA-eth3,up,34213913279563,netem,30906246,23201,0,0,0,66,1,28847176,4958,0,29717634,5191,0
1121,34213911268210,34213915352225,19997290,sB-eth3,up,34213915200954,netem,33009804,23510,0,0,0,0,0,29670292,4690,0,31733718,4175,0
1122,34213931269622,34213933489877,20001412,sA-eth3,up,34213933311314,netem,30907146,23213,0,0,0,0,0,28936164,4968,0,29718468,5202,0
1122,34213931269622,34213935499858,20001412,sB-eth3,up,34213935330777,netem,33009804,23510,0,0,0,0,0,29670292,4690,0,31733718,4175,0
1123,34213951274352,34213953137414,20004730,sA-eth3,up,34213952951201,netem,30907864,23222,0,0,0,86,1,29039764,4980,0,29719186,5211,0
1123,34213951274352,34213954784421,20004730,sB-eth3,up,34213954629719,netem,33009804,23510,0,0,0,0,0,29670292,4690,0,31733718,4175,0
1124,34213971268573,34213973251005,19994221,sA-eth3,up,34213973080333,netem,30908862,23235,0,0,0,78,1,29128950,4993,0,29720262,5225,0
1124,34213971268573,34213975045195,19994221,sB-eth3,up,34213974876273,netem,33009804,23510,0,0,0,0,0,29670292,4690,0,31733718,4175,0
1125,34213991267854,34213993184456,19999281,sA-eth3,up,34213992964644,netem,30909638,23245,0,0,0,86,1,29217872,5002,0,29720960,5234,0
1125,34213991267854,34213994822523,19999281,sB-eth3,up,34213994668712,netem,33009804,23510,0,0,0,0,0,29670292,4690,0,31733718,4175,0
1126,34214011279835,34214013126696,20011981,sA-eth3,up,34214012943334,netem,30910574,23257,0,0,0,0,0,29282310,5013,0,29721896,5246,0
1126,34214011279835,34214014770004,20011981,sB-eth3,up,34214014611952,netem,33009804,23510,0,0,0,0,0,29670292,4690,0,31733718,4175,0
1127,34214031270997,34214033389389,19991162,sA-eth3,up,34214033224188,netem,30911306,23267,0,0,0,78,1,29361228,5024,0,29722628,5256,0
1127,34214031270997,34214035246740,19991162,sB-eth3,up,34214035096858,netem,33009804,23510,0,0,0,0,0,29670292,4690,0,31733718,4175,0
1128,34214051266617,34214053082267,19995620,sA-eth3,up,34214052892756,netem,30912062,23277,0,0,0,0,0,29434288,5034,0,29723384,5266,0
1128,34214051266617,34214054931118,19995620,sB-eth3,up,34214054772326,netem,33009804,23510,0,0,0,0,0,29670292,4690,0,31733718,4175,0
1129,34214071277799,34214073142269,20011182,sA-eth3,up,34214072949727,netem,30912728,23286,0,0,0,0,0,29485430,5041,0,29724050,5275,0
1129,34214071277799,34214074785857,20011182,sB-eth3,up,34214074624595,netem,33009804,23510,0,0,0,0,0,29670292,4690,0,31733718,4175,0
1130,34214091274529,34214093112989,19996730,sA-eth3,up,34214092931578,netem,30912728,23286,0,0,0,0,0,29485430,5041,0,29724050,5275,0
1130,34214091274529,34214095153711,19996730,sB-eth3,up,34214094980560,netem,33009804,23510,0,0,0,0,0,29670292,4690,0,31733718,4175,0
1131,34214111278870,34214113166651,20004341,sA-eth3,up,34214112984499,netem,30912728,23286,0,0,0,0,0,29485430,5041,0,29724050,5275,0
1131,34214111278870,34214115022531,20004341,sB-eth3,up,34214114852580,netem,33009804,23510,0,0,0,0,0,29670292,4690,0,31733718,4175,0
1132,34214131267541,34214133073661,19988671,sA-eth3,up,34214132889658,netem,30912728,23286,0,0,0,0,0,29485430,5041,0,29724050,5275,0
1132,34214131267541,34214134933341,19988671,sB-eth3,up,34214134779130,netem,33009804,23510,0,0,0,0,0,29670292,4690,0,31733718,4175,0
1133,34214151273222,34214153088133,20005681,sA-eth3,up,34214152906680,netem,30912728,23286,0,0,0,0,0,29485430,5041,0,29724050,5275,0
1133,34214151273222,34214154929793,20005681,sB-eth3,up,34214154774780,netem,33009804,23510,0,0,0,0,0,29670292,4690,0,31733718,4175,0
1134,34214171271523,34214173153634,19998301,sA-eth3,up,34214172961991,netem,30912728,23286,0,0,0,0,0,29485430,5041,0,29724050,5275,0
1134,34214171271523,34214175030015,19998301,sB-eth3,up,34214174856263,netem,33009804,23510,0,0,0,0,0,29670292,4690,0,31733718,4175,0
1135,34214191280794,34214193277036,20009271,sA-eth3,up,34214193053303,netem,30912728,23286,0,0,0,0,0,29485430,5041,0,29724050,5275,0
1135,34214191280794,34214195039516,20009271,sB-eth3,up,34214194832493,netem,33009804,23510,0,0,0,0,0,29670292,4690,0,31733718,4175,0
1136,34214211285635,34214213525250,20004841,sA-eth3,up,34214213297178,netem,30912728,23286,0,0,0,0,0,29485430,5041,0,29724050,5275,0
1136,34214211285635,34214215368960,20004841,sB-eth3,up,34214215200568,netem,33009804,23510,0,0,0,0,0,29670292,4690,0,31733718,4175,0
1137,34214231270646,34214233077936,19985011,sA-eth3,up,34214232885893,netem,30912728,23286,0,0,0,0,0,29485430,5041,0,29724050,5275,0
1137,34214231270646,34214235382341,19985011,sB-eth3,up,34214235225600,netem,33009804,23510,0,0,0,0,0,29670292,4690,0,31733718,4175,0
1138,34214251287138,34214253157298,20016492,sA-eth3,up,34214252963445,netem,30912728,23286,0,0,0,0,0,29485430,5041,0,29724050,5275,0
1138,34214251287138,34214254809266,20016492,sB-eth3,up,34214254651694,netem,33009804,23510,0,0,0,0,0,29670292,4690,0,31733718,4175,0
1139,34214271269248,34214273321130,19982110,sA-eth3,up,34214273146788,netem,30912728,23286,0,0,0,0,0,29485430,5041,0,29724050,5275,0
1139,34214271269248,34214275194891,19982110,sB-eth3,up,34214275036960,netem,33009804,23510,0,0,0,0,0,29670292,4690,0,31733718,4175,0
1140,34214291281558,34214293251961,20012310,sA-eth3,up,34214293062738,netem,30912872,23288,0,0,0,66,1,29504518,5045,0,29724194,5277,0
1140,34214291281558,34214295132532,20012310,sB-eth3,up,34214294940169,netem,33009804,23510,0,0,0,0,0,29670292,4690,0,31733718,4175,0
1141,34214311282190,34214313223461,20000632,sA-eth3,up,34214312981859,netem,30913280,23294,0,0,0,78,1,29544010,5051,0,29724602,5283,0
1141,34214311282190,34214315143572,20000632,sB-eth3,up,34214314933270,netem,33009804,23510,0,0,0,0,0,29670292,4690,0,31733718,4175,0
1142,34214331270090,34214333204692,19987900,sA-eth3,up,34214333018010,netem,30913942,23303,0,0,0,0,0,29609764,5060,0,29725264,5292,0
1142,34214331270090,34214334875320,19987900,sB-eth3,up,34214334717679,netem,33009804,23510,0,0,0,0,0,29670292,4690,0,31733718,4175,0
1143,34214351284962,34214353300004,20014872,sA-eth3,up,34214353127532,netem,30914662,23313,0,0,0,0,0,29675518,5069,0,29725984,5302,0
1143,34214351284962,34214355214235,20014872,sB-eth3,up,34214355041113,netem,33009804,23510,0,0,0,0,0,29670292,4690,0,31733718,4175,0
1144,34214371272463,34214373490097,19987501,sA-eth3,up,34214373307675,netem,30915036,23318,0,0,0,0,0,29748578,5079,0,29726358,5307,0
1144,34214371272463,34214375374628,19987501,sB-eth3,up,34214375209276,netem,33009804,23510,0,0,0,0,0,29670292,4690,0,31733718,4175,0
1145,34214391268673,34214393078954,19996210,sA-eth3,up,34214392892131,netem,30915270,23321,0,0,0,78,1,29772010,5083,0,29726592,5310,0
1145,34214391268673,34214394718972,19996210,sB-eth3,up,34214394560870,netem,33009804,23510,0,0,0,0,0,29670292,4690,0,31733718,4175,0
1146,34214411269454,34214413065704,20000781,sA-eth3,up,34214412880142,netem,30915636,23326,0,0,0,0,0,29858234,5095,0,29726958,5315,0
1146,34214411269454,34214414694552,20000781,sB-eth3,up,34214414540321,netem,33009804,23510,0,0,0,0,0,29670292,4690,0,31733718,4175,0
1147,34214431327316,34214433426139,20057862,sA-eth3,up,34214433186127,netem,30916178,23333,0,0,0,86,1,29916682,5103,0,29727500,5322,0
1147,34214431327316,34214435756925,20057862,sB-eth3,up,34214435589703,netem,33009804,23510,0,0,0,0,0,29670292,4690,0,31733718,4175,0
1148,34214451279297,34214453177347,19951981,sA-eth3,up,34214452988626,netem,30916984,23344,0,0,0,0,0,29989742,5113,0,29728306,5333,0
1148,34214451279297,34214454841876,19951981,sB-eth3,up,34214454682614,netem,33009804,23510,0,0,0,0,0,29670292,4690,0,31733718,4175,0
1149,34214471271677,34214473073437,19992380,sA-eth3,up,34214472883266,netem,30917148,23346,0,0,0,0,0,29997048,5114,0,29728470,5335,0
1149,34214471271677,34214474720176,19992380,sB-eth3,up,34214474560313,netem,33009804,23510,0,0,0,0,0,29670292,4690,0,31733718,4175,0
1150,34214491274899,34214493544924,20003222,sA-eth3,up,34214493369912,netem,30917148,23346,0,0,0,0,0,29997048,5114,0,29728470,5335,0
1150,34214491274899,34214495448624,20003222,sB-eth3,up,34214495280813,netem,33009804,23510,0,0,0,0,0,29670292,4690,0,31733718,4175,0
1151,34214511268099,34214513796737,19993200,sA-eth3,up,34214513629225,netem,30917148,23346,0,0,0,0,0,29997048,5114,0,29728470,5335,0
1151,34214511268099,34214515682048,19993200,sB-eth3,up,34214515528787,netem,33009804,23510,0,0,0,0,0,29670292,4690,0,31733718,4175,0
1152,34214531279691,34214533862749,20011592,sA-eth3,up,34214533674087,netem,30917148,23346,0,0,0,0,0,29997048,5114,0,29728470,5335,0
1152,34214531279691,34214535748570,20011592,sB-eth3,up,34214535586488,netem,33009804,23510,0,0,0,0,0,29670292,4690,0,31733718,4175,0
1153,34214551269281,34214553421135,19989590,sA-eth3,up,34214553246603,netem,30917148,23346,0,0,0,0,0,29997048,5114,0,29728470,5335,0
1153,34214551269281,34214555452928,19989590,sB-eth3,up,34214555286706,netem,33009804,23510,0,0,0,0,0,29670292,4690,0,31733718,4175,0
1154,34214571271772,34214573078961,20002491,sA-eth3,up,34214572895310,netem,30917148,23346,0,0,0,0,0,29997048,5114,0,29728470,5335,0
1154,34214571271772,34214575703851,20002491,sB-eth3,up,34214575546849,netem,33009804,23510,0,0,0,0,0,29670292,4690,0,31733718,4175,0
1155,34214591279534,34214593125093,20007762,sA-eth3,up,34214592942621,netem,30917148,23346,0,0,0,0,0,29997048,5114,0,29728470,5335,0
1155,34214591279534,34214594743422,20007762,sB-eth3,up,34214594591170,netem,33009804,23510,0,0,0,0,0,29670292,4690,0,31733718,4175,0
1156,34214611273674,34214613141665,19994140,sA-eth3,up,34214612958223,netem,30917148,23346,0,0,0,0,0,29997048,5114,0,29728470,5335,0
1156,34214611273674,34214615278048,19994140,sB-eth3,up,34214615124557,netem,33009804,23510,0,0,0,0,0,29670292,4690,0,31733718,4175,0
1157,34214631272925,34214633136785,19999251,sA-eth3,up,34214632944013,netem,30917148,23346,0,0,0,0,0,29997048,5114,0,29728470,5335,0
1157,34214631272925,34214634819115,19999251,sB-eth3,up,34214634663432,netem,33009804,23510,0,0,0,0,0,29670292,4690,0,31733718,4175,0
1158,34214651273976,34214653128416,20001051,sA-eth3,up,34214652941655,netem,30917148,23346,0,0,0,0,0,29997048,5114,0,29728470,5335,0
1158,34214651273976,34214654819065,20001051,sB-eth3,up,34214654665594,netem,33009804,23510,0,0,0,0,0,29670292,4690,0,31733718,4175,0
1159,34214671273427,34214673124507,19999451,sA-eth3,up,34214672942945,netem,30917234,23347,0,0,0,78,1,30004420,5116,0,29728556,5336,0
1159,34214671273427,34214674826237,19999451,sB-eth3,up,34214674671564,netem,33009804,23510,0,0,0,0,0,29670292,4690,0,31733718,4175,0
1160,34214691267798,34214693150998,19994371,sA-eth3,up,34214692962637,netem,30917864,23356,0,0,0,86,1,30067278,5125,0,29729186,5345,0
1160,34214691267798,34214694820667,19994371,sB-eth3,up,34214694663235,netem,33009804,23510,0,0,0,0,0,29670292,4690,0,31733718,4175,0
1161,34214711271299,34214713114460,20003501,sA-eth3,up,34214712928318,netem,30918562,23365,0,0,0,0,0,30101176,5134,0,29729884,5354,0
1161,34214711271299,34214714807469,20003501,sB-eth3,up,34214714650257,netem,33009804,23510,0,0,0,0,0,29670292,4690,0,31733718,4175,0
1162,34214731266610,34214733227382,19995311,sA-eth3,up,34214733059300,netem,30995006,23425,0,0,0,37916,4,30165878,5149,0,29810664,5370,0
1162,34214731266610,34214735360885,19995311,sB-eth3,up,34214735209584,netem,33009804,23510,0,0,0,0,0,29670292,4690,0,31733718,4175,0
1163,34214751274791,34214753155502,20008181,sA-eth3,up,34214752972770,netem,31237822,23593,0,0,0,37916,4,30220708,5168,0,30051348,5396,0
1163,34214751274791,34214755054073,20008181,sB-eth3,up,34214754876051,netem,33009804,23510,0,0,0,0,0,29670292,4690,0,31733718,4175,0
1164,34214771280672,34214773212183,20005881,sA-eth3,up,34214773043962,netem,31443066,23739,0,0,0,0,0,30267638,5177,0,30234126,5421,0
1164,34214771280672,34214775039714,20005881,sB-eth3,up,34214774865802,netem,33009804,23510,0,0,0,0,0,29670292,4690,0,31733718,4175,0
1165,34214791273063,34214793276235,19992391,sA-eth3,up,34214793112693,netem,31549778,23819,0,0,0,86496,8,30356890,5191,0,30354188,5440,0
1165,34214791273063,34214795070035,19992391,sB-eth3,up,34214794900024,netem,33009804,23510,0,0,0,0,0,29670292,4690,0,31733718,4175,0
1166,34214811274054,34214812994883,20000991,sA-eth3,up,34214812832182,netem,31809332,24000,0,0,0,100224,10,30431398,5201,0,30585938,5463,0
1166,34214811274054,34214814639691,20000991,sB-eth3,up,34214814486309,netem,33009804,23510,0,0,0,0,0,29670292,4690,0,31733718,4175,0
1167,34214831266025,34214833091045,19991971,sA-eth3,up,34214832917284,netem,32040302,24163,0,0,0,12190,2,30488596,5212,0,30808064,5492,0
1167,34214831266025,34214834721773,19991971,sB-eth3,up,34214834565771,netem,33009870,23511,0,0,0,0,0,29695130,4693,0,31733784,4176,0
1168,34214851271367,34214853461620,20005342,sA-eth3,up,34214853280728,netem,32278732,24330,0,0,0,22710,2,30547836,5232,0,31037320,5520,0
1168,34214851271367,34214855270990,20005342,sB-eth3,up,34214855115469,netem,33010860,23526,0,0,0,0,0,29942412,4710,0,31734774,4191,0
1169,34214871270587,34214873121947,19999220,sA-eth3,up,34214872937875,netem,32530478,24501,0,0,0,27252,2,30592596,5252,0,31279298,5543,0
1169,34214871270587,34214874744695,19999220,sB-eth3,up,34214874592293,netem,33010860,23526,0,0,0,0,0,30169488,4728,0,31734774,4191,0
1170,34214891265877,34214893485012,19995290,sA-eth3,up,34214893308160,netem,32779258,24671,0,0,0,50094,5,30653020,5268,0,31518508,5568,0
1170,34214891265877,34214895479784,19995290,sB-eth3,up,34214895309592,netem,33010860,23526,0,0,0,66,1,30249524,4734,0,31734840,4192,0
1171,34214911266799,34214913224131,20000922,sA-eth3,up,34214913061389,netem,33023768,24842,0,0,0,75832,8,30720948,5288,0,31766546,5595,0
1171,34214911266799,34214915073471,20000922,sB-eth3,up,34214914897269,netem,33010926,23527,0,0,0,0,0,30482392,4752,0,31734840,4192,0
1172,34214931269509,34214933135801,20002710,sA-eth3,up,34214932948658,netem,33119164,24920,0,0,0,78,1,30817902,5309,0,31845214,5617,0
1172,34214931269509,34214935128763,20002710,sB-eth3,up,34214934953941,netem,33010992,23528,0,0,0,0,0,30722500,4770,0,31734906,4193,0
1173,34214951278211,34214953170241,20008702,sA-eth3,up,34214952992539,netem,33120578,24933,0,0,0,0,0,30890896,5318,0,31846628,5630,0
1173,34214951278211,34214954817710,20008702,sB-eth3,up,34214954666858,netem,33010992,23528,0,0,0,0,0,30955368,4788,0,31734906,4193,0
1174,34214971266052,34214973081861,19987841,sA-eth3,up,34214972892669,netem,33120820,24936,0,0,0,0,0,30912814,5321,0,31846870,5633,0
1174,34214971266052,34214974726460,19987841,sB-eth3,up,34214974574078,netem,33011058,23529,0,0,0,0,0,31188236,4807,0,31734972,4194,0
1175,34214991271792,34214993080623,20005740,sA-eth3,up,34214992904101,netem,33120820,24936,0,0,0,0,0,30912814,5321,0,31846870,5633,0
1175,34214991271792,34214995166836,20005740,sB-eth3,up,34214995000623,netem,33011124,23530,0,0,0,0,0,31442890,4825,0,31735038,4195,0
1176,34215011270474,34215013143944,19998682,sA-eth3,up,34215012962133,netem,33120820,24936,0,0,0,0,0,30912814,5321,0,31846870,5633,0
1176,34215011270474,34215014956765,19998682,sB-eth3,up,34215014801973,netem,33011124,23530,0,0,0,0,0,31675758,4843,0,31735038,4195,0
1177,34215031275104,34215033102295,20004630,sA-eth3,up,34215032923883,netem,33120820,24936,0,0,0,0,0,30912814,5321,0,31846870,5633,0
1177,34215031275104,34215035436310,20004630,sB-eth3,up,34215035274479,netem,33011190,23531,0,0,0,0,0,31778160,4852,0,31735104,4196,0
1178,34215051264216,34215053059085,19989112,sA-eth3,up,34215052871343,netem,33120820,24936,0,0,0,0,0,30912814,5321,0,31846870,5633,0
1178,34215051264216,34215054882285,19989112,sB-eth3,up,34215054730683,netem,33011190,23531,0,0,0,0,0,31778160,4852,0,31735104,4196,0
1179,34215071270806,34215073157967,20006590,sA-eth3,up,34215072978945,netem,33120820,24936,0,0,0,0,0,30912814,5321,0,31846870,5633,0
1179,34215071270806,34215074937927,20006590,sB-eth3,up,34215074782995,netem,33011256,23532,0,0,0,0,0,31778160,4852,0,31735170,4197,0
1180,34215091265677,34215093142588,19994871,sA-eth3,up,34215092963746,netem,33120820,24936,0,0,0,0,0,30912814,5321,0,31846870,5633,0
1180,34215091265677,34215095371803,19994871,sB-eth3,up,34215095216121,netem,33011256,23532,0,0,0,0,0,31778160,4852,0,31735170,4197,0
1181,34215111278608,34215113202260,20012931,sA-eth3,up,34215113032788,netem,33120820,24936,0,0,0,0,0,30912814,5321,0,31846870,5633,0
1181,34215111278608,34215115123971,20012931,sB-eth3,up,34215114953009,netem,33011256,23532,0,0,0,0,0,31778160,4852,0,31735170,4197,0
1182,34215131266269,34215133127090,19987661,sA-eth3,up,34215132941198,netem,33120820,24936,0,0,0,0,0,30912814,5321,0,31846870,5633,0
1182,34215131266269,34215134879500,19987661,sB-eth3,up,34215134727077,netem,33011256,23532,0,0,0,0,0,31778160,4852,0,31735170,4197,0
1183,34215151266230,34215152993729,19999961,sA-eth3,up,34215152835477,netem,33120820,24936,0,0,0,0,0,30912814,5321,0,31846870,5633,0
1183,34215151266230,34215154870050,19999961,sB-eth3,up,34215154720659,netem,33011256,23532,0,0,0,0,0,31778160,4852,0,31735170,4197,0
1184,34215171265891,34215173112442,19999661,sA-eth3,up,34215172921340,netem,33122334,24937,0,0,0,78,1,30914328,5322,0,31848384,5634,0
1184,34215171265891,34215174879672,19999661,sB-eth3,up,34215174727279,netem,33011256,23532,0,0,0,0,0,31778160,4852,0,31735170,4197,0
1185,34215191281923,34215193079602,20016032,sA-eth3,up,34215192898410,netem,33122884,24944,0,0,0,0,0,30952504,5330,0,31848934,5641,0
1185,34215191281923,34215194685640,20016032,sB-eth3,up,34215194535708,netem,33011256,23532,0,0,0,0,0,31778160,4852,0,31735170,4197,0
1186,34215211267213,34215213337496,19985290,sA-eth3,up,34215213178434,netem,33123658,24955,0,0,0,78,1,31005358,5341,0,31849708,5652,0
1186,34215211267213,34215215114835,19985290,sB-eth3,up,34215214941604,netem,33011256,23532,0,0,0,0,0,31778160,4852,0,31735170,4197,0
1187,34215231274935,34215233148395,20007722,sA-eth3,up,34215232959242,netem,33124300,24964,0,0,0,66,1,31037742,5349,0,31850350,5661,0
1187,34215231274935,34215235346239,20007722,sB-eth3,up,34215235189907,netem,33011256,23532,0,0,0,0,0,31778160,4852,0,31735170,4197,0
1188,34215251276925,34215253166746,20001990,sA-eth3,up,34215252984704,netem,33125008,24974,0,0,0,66,1,31118174,5361,0,31851124,5672,0
1188,34215251276925,34215254818374,20001990,sB-eth3,up,34215254667622,netem,33011256,23532,0,0,0,0,0,31778160,4852,0,31735170,4197,0
1189,34215271270446,34215273044385,19993521,sA-eth3,up,34215272866274,netem,33125770,24985,0,0,0,86,1,31220326,5373,0,31851820,5682,0
1189,34215271270446,34215274991297,19993521,sB-eth3,up,34215274840476,netem,33011256,23532,0,0,0,0,0,31778160,4852,0,31735170,4197,0
1190,34215291274857,34215293090937,20004411,sA-eth3,up,34215292912845,netem,33126812,24998,0,0,0,0,0,31315238,5385,0,31852862,5695,0
1190,34215291274857,34215295209410,20004411,sB-eth3,up,34215295056419,netem,33011256,23532,0,0,0,0,0,31778160,4852,0,31735170,4197,0
1191,34215311266488,34215313024917,19991631,sA-eth3,up,34215312853375,netem,33127712,25010,0,0,0,0,0,31392774,5397,0,31853762,5707,0
1191,34215311266488,34215314621486,19991631,sB-eth3,up,34215314463933,netem,33011256,23532,0,0,0,0,0,31778160,4852,0,31735170,4197,0
1192,34215331266959,34215333348772,20000471,sA-eth3,up,34215333187500,netem,33128530,25021,0,0,0,0,0,31457146,5407,0,31854580,5718,0
1192,34215331266959,34215335147042,20000471,sB-eth3,up,34215334973880,netem,33011256,23532,0,0,0,0,0,31778160,4852,0,31735170,4197,0
1193,34215351281820,34215353190891,20014861,sA-eth3,up,34215353000999,netem,33128530,25021,0,0,0,0,0,31457146,5407,0,31854580,5718,0
1193,34215351281820,34215355066462,20014861,sB-eth3,up,34215354892350,netem,33011256,23532,0,0,0,0,0,31778160,4852,0,31735170,4197,0
1194,34215371271050,34215373063530,19989230,sA-eth3,up,34215372872729,netem,33128530,25021,0,0,0,0,0,31457146,5407,0,31854580,5718,0
1194,34215371271050,34215375033602,19989230,sB-eth3,up,34215374859281,netem,33011256,23532,0,0,0,0,0,31778160,4852,0,31735170,4197,0
1195,34215391271852,34215393087852,20000802,sA-eth3,up,34215392903670,netem,33128530,25021,0,0,0,0,0,31457146,5407,0,31854580,5718,0
1195,34215391271852,34215394709610,20000802,sB-eth3,up,34215394557428,netem,33011256,23532,0,0,0,0,0,31778160,4852,0,31735170,4197,0
1196,34215411267802,34215413166404,19995950,sA-eth3,up,34215412992431,netem,33128530,25021,0,0,0,0,0,31457146,5407,0,31854580,5718,0
1196,34215411267802,34215414763011,19995950,sB-eth3,up,34215414611900,netem,33011256,23532,0,0,0,0,0,31778160,4852,0,31735170,4197,0
1197,34215431274754,34215433273286,20006952,sA-eth3,up,34215433104074,netem,33128530,25021,0,0,0,0,0,31457146,5407,0,31854580,5718,0
1197,34215431274754,34215435051346,20006952,sB-eth3,up,34215434883144,netem,33011256,23532,0,0,0,0,0,31778160,4852,0,31735170,4197,0
1198,34215451269174,34215453222566,19994420,sA-eth3,up,34215453061954,netem,33128530,25021,0,0,0,0,0,31457146,5407,0,31854580,5718,0
1198,34215451269174,34215454996606,19994420,sB-eth3,up,34215454845144,netem,33011256,23532,0,0,0,0,0,31778160,4852,0,31735170,4197,0
1199,34215471272066,34215473123846,20002892,sA-eth3,up,34215472932944,netem,33128530,25021,0,0,0,0,0,31457146,5407,0,31854580,5718,0
1199,34215471272066,34215474751014,20002892,sB-eth3,up,34215474597493,netem,33011256,23532,0,0,0,0,0,31778160,4852,0,31735170,4197,0
1200,34215491266837,34215493040556,19994771,sA-eth3,up,34215492865724,netem,33128530,25021,0,0,0,0,0,31457146,5407,0,31854580,5718,0
1200,34215491266837,34215494815345,19994771,sB-eth3,up,34215494664253,netem,33011256,23532,0,0,0,0,0,31778160,4852,0,31735170,4197,0
1201,34215511278177,34215513133858,20011340,sA-eth3,up,34215512943686,netem,33128530,25021,0,0,0,0,0,31457146,5407,0,31854580,5718,0
1201,34215511278177,34215514772666,20011340,sB-eth3,up,34215514620065,netem,33011256,23532,0,0,0,0,0,31778160,4852,0,31735170,4197,0
1202,34215531266729,34215533120269,19988552,sA-eth3,up,34215532939577,netem,33128530,25021,0,0,0,0,0,31457146,5407,0,31854580,5718,0
1202,34215531266729,34215534745407,19988552,sB-eth3,up,34215534591355,netem,33011256,23532,0,0,0,0,0,31778160,4852,0,31735170,4197,0
1203,34215551264749,34215553112310,19998020,sA-eth3,up,34215552916178,netem,33128806,25025,0,0,0,66,1,31492360,5414,0,31854922,5723,0
1203,34215551264749,34215555351684,19998020,sB-eth3,up,34215555197793,netem,33011256,23532,0,0,0,0,0,31778160,4852,0,31735170,4197,0
1204,34215571271961,34215573176001,20007212,sA-eth3,up,34215572993289,netem,33129576,25036,0,0,0,78,1,31550874,5423,0,31855626,5733,0
1204,34215571271961,34215575084533,20007212,sB-eth3,up,34215574915931,netem,33011256,23532,0,0,0,0,0,31778160,4852,0,31735170,4197,0
1205,34215591269341,34215593137661,19997380,sA-eth3,up,34215592952900,netem,33131608,25044,0,0,0,78,1,31610914,5433,0,31857658,5741,0
1205,34215591269341,34215595153354,19997380,sB-eth3,up,34215594986063,netem,33011256,23532,0,0,0,0,0,31778160,4852,0,31735170,4197,0
1206,34215611280292,34215613674909,20010951,sA-eth3,up,34215613505427,netem,33132430,25055,0,0,0,0,0,31691280,5444,0,31858480,5752,0
1206,34215611280292,34215615549030,20010951,sB-eth3,up,34215615380268,netem,33011256,23532,0,0,0,0,0,31778160,4852,0,31735170,4197,0
1207,34215631303323,34215633158934,20023031,sA-eth3,up,34215632973672,netem,33133134,25065,0,0,0,0,0,31757034,5453,0,31859184,5762,0
1207,34215631303323,34215635334158,20023031,sB-eth3,up,34215635179946,netem,33011256,23532,0,0,0,0,0,31778160,4852,0,31735170,4197,0
1208,34215651267884,34215653022673,19964561,sA-eth3,up,34215652841972,netem,33133788,25074,0,0,0,66,1,31818388,5462,0,31859904,5772,0
1208,34215651267884,34215654938185,19964561,sB-eth3,up,34215654782483,netem,33011256,23532,0,0,0,0,0,31778160,4852,0,31735170,4197,0
1209,34215671271925,34215673062465,20004041,sA-eth3,up,34215672882763,netem,33133854,25075,0,0,0,0,0,31818388,5462,0,31859904,5772,0
1209,34215671271925,34215674906325,20004041,sB-eth3,up,34215674752324,netem,33011256,23532,0,0,0,0,0,31778160,4852,0,31735170,4197,0
1210,34215691278416,34215693143427,20006491,sA-eth3,up,34215692953465,netem,33133854,25075,0,0,0,0,0,31818388,5462,0,31859904,5772,0
1210,34215691278416,34215694950307,20006491,sB-eth3,up,34215694794945,netem,33011256,23532,0,0,0,0,0,31778160,4852,0,31735170,4197,0
1211,34215711271887,34215713122618,19993471,sA-eth3,up,34215712938005,netem,33133854,25075,0,0,0,0,0,31818388,5462,0,31859904,5772,0
1211,34215711271887,34215714898467,19993471,sB-eth3,up,34215714747915,netem,33011256,23532,0,0,0,0,0,31778160,4852,0,31735170,4197,0
1212,34215731274298,34215733026377,20002411,sA-eth3,up,34215732843805,netem,33133854,25075,0,0,0,0,0,31818388,5462,0,31859904,5772,0
1212,34215731274298,34215734833357,20002411,sB-eth3,up,34215734675216,netem,33011256,23532,0,0,0,0,0,31778160,4852,0,31735170,4197,0
1213,34215751266639,34215753043028,19992341,sA-eth3,up,34215752854147,netem,33133854,25075,0,0,0,0,0,31818388,5462,0,31859904,5772,0
1213,34215751266639,34215754827869,19992341,sB-eth3,up,34215754672096,netem,33011256,23532,0,0,0,0,0,31778160,4852,0,31735170,4197,0
1214,34215771276400,34215773078230,20009761,sA-eth3,up,34215772892668,netem,33133854,25075,0,0,0,0,0,31818388,5462,0,31859904,5772,0
1214,34215771276400,34215774703169,20009761,sB-eth3,up,34215774550196,netem,33011256,23532,0,0,0,0,0,31778160,4852,0,31735170,4197,0
1215,34215791266610,34215793094271,19990210,sA-eth3,up,34215792914279,netem,33133854,25075,0,0,0,0,0,31818388,5462,0,31859904,5772,0
1215,34215791266610,34215794703539,19990210,sB-eth3,up,34215794550637,netem,33011256,23532,0,0,0,0,0,31778160,4852,0,31735170,4197,0
1216,34215811264952,34215812972890,19998342,sA-eth3,up,34215812809199,netem,33133854,25075,0,0,0,0,0,31818388,5462,0,31859904,5772,0
1216,34215811264952,34215815092424,19998342,sB-eth3,up,34215814920482,netem,33011256,23532,0,0,0,0,0,31778160,4852,0,31735170,4197,0
1217,34215831272923,34215833059982,20007971,sA-eth3,up,34215832881851,netem,33133854,25075,0,0,0,0,0,31818388,5462,0,31859904,5772,0
1217,34215831272923,34215834662231,20007971,sB-eth3,up,34215834510359,netem,33011256,23532,0,0,0,0,0,31778160,4852,0,31735170,4197,0
1218,34215851273484,34215853464288,20000561,sA-eth3,up,34215853271276,netem,33134154,25079,0,0,0,0,0,31840396,5466,0,31860204,5776,0
1218,34215851273484,34215855164526,20000561,sB-eth3,up,34215854972954,netem,33217250,23669,0,0,0,43906,4,31779084,4866,0,31933046,4211,0
1219,34215871269595,34215873130325,19996111,sA-eth3,up,34215872942403,netem,33134154,25079,0,0,0,0,0,31840396,5466,0,31860204,5776,0
1219,34215871269595,34215874764733,19996111,sB-eth3,up,34215874611521,netem,33453434,23825,0,0,0,49962,4,31780338,4885,0,32177564,4230,0
1220,34215891263835,34215893019405,19994240,sA-eth3,up,34215892838943,netem,33134154,25079,0,0,0,0,0,31840396,5466,0,31860204,5776,0
1220,34215891263835,34215895284060,19994240,sB-eth3,up,34215895128958,netem,33707786,23993,0,0,0,57532,4,31781592,4904,0,32422082,4249,0
1221,34215911271877,34215913110727,20008042,sA-eth3,up,34215912917874,netem,33134154,25079,0,0,0,0,0,31840396,5466,0,31860204,5776,0
1221,34215911271877,34215914824146,20008042,sB-eth3,up,34215914660874,netem,33957596,24158,0,0,0,52990,4,31782714,4921,0,32644748,4266,0
1222,34215931267407,34215933283640,19995530,sA-eth3,up,34215933119978,netem,33134154,25079,0,0,0,0,0,31840396,5466,0,31860204,5776,0
1222,34215931267407,34215935859158,19995530,sB-eth3,up,34215935706107,netem,34230116,24338,0,0,0,40878,3,31784034,4941,0,32906708,4286,0
1223,34215951266259,34215953626854,19998852,sA-eth3,up,34215953460642,netem,33134154,25079,0,0,0,0,0,31840396,5466,0,31860204,5776,0
1223,34215951266259,34215955594546,19998852,sB-eth3,up,34215955441904,netem,34472356,24498,0,0,0,48448,3,31785222,4959,0,33139576,4304,0
1224,34215971264700,34215973382972,19998441,sA-eth3,up,34215973215411,netem,33134154,25079,0,0,0,0,0,31840396,5466,0,31860204,5776,0
1224,34215971264700,34215975319714,19998441,sB-eth3,up,34215975151462,netem,34722166,24663,0,0,0,37850,3,31786410,4977,0,33386990,4323,0
1225,34215991267980,34215993579456,20003280,sA-eth3,up,34215993395854,netem,33134154,25079,0,0,0,0,0,31840396,5466,0,31860204,5776,0
1225,34215991267980,34215995581958,20003280,sB-eth3,up,34215995419366,netem,34964406,24823,0,0,0,52990,4,31787664,4996,0,33627098,4341,0
1226,34216011264942,34216013129991,19996962,sA-eth3,up,34216012940200,netem,33134154,25079,0,0,0,0,0,31840396,5466,0,31860204,5776,0
1226,34216011264942,34216014776950,19996962,sB-eth3,up,34216014622378,netem,35204132,24982,0,0,0,0,0,31788786,5013,0,33842972,4358,0
1227,34216031276922,34216033463237,20011980,sA-eth3,up,34216033281624,netem,33306840,25194,0,0,0,62074,5,31841122,5477,0,32044982,5789,0
1227,34216031276922,34216035648771,20011980,sB-eth3,up,34216035493479,netem,35204132,24982,0,0,0,0,0,31788786,5013,0,33842972,4358,0
1228,34216051265714,34216053059493,19988792,sA-eth3,up,34216052879481,netem,33559678,25361,0,0,0,66616,4,31841254,5479,0,32269162,5807,0
1228,34216051265714,34216054657130,19988792,sB-eth3,up,34216054506569,netem,35204132,24982,0,0,0,0,0,31788786,5013,0,33842972,4358,0
1229,34216071266034,34216073290376,20000320,sA-eth3,up,34216073121895,netem,33729246,25473,0,0,0,0,0,31841254,5479,0,32432130,5819,0
1229,34216071266034,34216075087956,20000320,sB-eth3,up,34216074908835,netem,35204132,24982,0,0,0,0,0,31788786,5013,0,33842972,4358,0
1230,34216091276126,34216093198716,20010092,sA-eth3,up,34216093020455,netem,33882160,25574,0,0,0,51476,4,31841320,5480,0,32579104,5830,0
1230,34216091276126,34216094836885,20010092,sB-eth3,up,34216094680923,netem,35204132,24982,0,0,0,0,0,31788786,5013,0,33842972,4358,0
1231,34216111279686,34216113572992,20003560,sA-eth3,up,34216113392949,netem,34138026,25743,0,0,0,68130,5,31841386,5481,0,32825070,5849,0
1231,34216111279686,34216115512613,20003560,sB-eth3,up,34216115348001,netem,35204132,24982,0,0,0,0,0,31788786,5013,0,33842972,4358,0
1232,34216131267827,34216133586173,19988141,sA-eth3,up,34216133420691,netem,34377238,25901,0,0,0,84784,6,31841386,5481,0,33071036,5868,0
1232,34216131267827,34216135673826,19988141,sB-eth3,up,34216135520854,netem,35204132,24982,0,0,0,0,0,31788786,5013,0,33842972,4358,0
1233,34216151266738,34216153511943,19998911,sA-eth3,up,34216153318481,netem,34631590,26069,0,0,0,101438,8,31841452,5482,0,33299494,5885,0
1233,34216151266738,34216155400854,19998911,sB-eth3,up,34216155245333,netem,35204132,24982,0,0,0,0,0,31788786,5013,0,33842972,4358,0
1234,34216171269159,34216173170010,20002421,sA-eth3,up,34216172986468,netem,34884428,26236,0,0,0,83270,6,31841452,5482,0,33542564,5904,0
1234,34216171269159,34216174932310,20002421,sB-eth3,up,34216174778017,netem,35204132,24982,0,0,0,0,0,31788786,5013,0,33842972,4358,0
1235,34216191271100,34216193166761,20001941,sA-eth3,up,34216192981558,netem,35126668,26396,0,0,0,98410,7,31841518,5483,0,33789978,5923,0
1235,34216191271100,34216194815079,20001941,sB-eth3,up,34216194659567,netem,35204132,24982,0,0,0,0,0,31788786,5013,0,33842972,4358,0
1236,34216211269491,34216213117151,19998391,sA-eth3,up,34216212932589,netem,35327030,26529,0,0,0,0,0,31841584,5484,0,33968006,5937,0
1236,34216211269491,34216214759859,19998391,sB-eth3,up,34216214600068,netem,35398014,25111,0,0,0,40878,3,31789710,5027,0,34029264,4372,0
1237,34216231270002,34216233122062,20000511,sA-eth3,up,34216232933990,netem,35327030,26529,0,0,0,0,0,31841584,5484,0,33968006,5937,0
1237,34216231270002,34216234794680,20000511,sB-eth3,up,34216234641189,netem,35646310,25275,0,0,0,39364,3,31790898,5045,0,34279508,4390,0
1238,34216251267053,34216253134433,19997051,sA-eth3,up,34216252957281,netem,35327030,26529,0,0,0,0,0,31841650,5485,0,33968006,5937,0
1238,34216251267053,34216254753901,19997051,sB-eth3,up,34216254600939,netem,35900662,25443,0,0,0,48448,3,31792086,5063,0,34512376,4408,0
1239,34216271271923,34216273119624,20004870,sA-eth3,up,34216272936232,netem,35327030,26529,0,0,0,0,0,31841650,5485,0,33968006,5937,0
1239,34216271271923,34216274754412,20004870,sB-eth3,up,34216274598280,netem,36150472,25608,0,0,0,40878,3,31793274,5081,0,34752484,4426,0
1240,34216291271775,34216293130535,19999852,sA-eth3,up,34216292935343,netem,35327030,26529,0,0,0,0,0,31841650,5485,0,33968006,5937,0
1240,34216291271775,34216294778654,19999852,sB-eth3,up,34216294620272,netem,36392712,25768,0,0,0,45420,3,31794528,5100,0,34999898,4445,0
1241,34216311266665,34216313136505,19994890,sA-eth3,up,34216312954814,netem,35327030,26529,0,0,0,0,0,31841650,5485,0,33968006,5937,0
1241,34216311266665,34216314825065,19994890,sB-eth3,up,34216314671694,netem,36650092,25938,0,0,0,45420,3,31795716,5118,0,35232766,4463,0
1242,34216331267237,34216333106987,20000572,sA-eth3,up,34216332927275,netem,35327030,26529,0,0,0,0,0,31841650,5485,0,33968006,5937,0
1242,34216331267237,34216334786635,20000572,sB-eth3,up,34216334633074,netem,36899902,26103,0,0,0,52990,4,31796904,5136,0,35472874,4481,0
1243,34216351275007,34216353150059,20007770,sA-eth3,up,34216352964336,netem,35327030,26529,0,0,0,0,0,31841650,5485,0,33968006,5937,0
1243,34216351275007,34216354869647,20007770,sB-eth3,up,34216354712906,netem,37157282,26273,0,0,0,37850,3,31798158,5155,0,35720288,4500,0
1244,34216371275038,34216373137259,20000031,sA-eth3,up,34216372946907,netem,35327030,26529,0,0,0,0,0,31841650,5485,0,33968006,5937,0
1244,34216371275038,34216374795687,20000031,sB-eth3,up,34216374643236,netem,37397008,26432,0,0,0,0,0,31799346,5173,0,35950708,4518,0
1245,34216391265369,34216393102149,19990331,sA-eth3,up,34216392918147,netem,35327030,26529,0,0,0,0,0,31841650,5485,0,33968006,5937,0
1245,34216391265369,34216394741368,19990331,sB-eth3,up,34216394586686,netem,37397008,26432,0,0,0,0,0,31799346,5173,0,35950708,4518,0
1246,34216411271801,34216413107071,20006432,sA-eth3,up,34216412925469,netem,35327030,26529,0,0,0,0,0,31841650,5485,0,33968006,5937,0
1246,34216411271801,34216414728649,20006432,sB-eth3,up,34216414571417,netem,37397008,26432,0,0,0,0,0,31799346,5173,0,35950708,4518,0
1247,34216431270442,34216433130942,19998641,sA-eth3,up,34216432945109,netem,35327030,26529,0,0,0,0,0,31841650,5485,0,33968006,5937,0
1247,34216431270442,34216434780400,19998641,sB-eth3,up,34216434624408,netem,37397008,26432,0,0,0,0,0,31799346,5173,0,35950708,4518,0
1248,34216451274802,34216453098972,20004360,sA-eth3,up,34216452912811,netem,35327030,26529,0,0,0,0,0,31841650,5485,0,33968006,5937,0
1248,34216451274802,34216454764421,20004360,sB-eth3,up,34216454608429,netem,37397008,26432,0,0,0,0,0,31799346,5173,0,35950708,4518,0
1249,34216471267204,34216473043724,19992402,sA-eth3,up,34216472852981,netem,35327030,26529,0,0,0,0,0,31841650,5485,0,33968006,5937,0
1249,34216471267204,34216475219037,19992402,sB-eth3,up,34216475062826,netem,37397008,26432,0,0,0,0,0,31799346,5173,0,35950708,4518,0
1250,34216491276834,34216493091614,20009630,sA-eth3,up,34216492895672,netem,35327108,26530,0,0,0,0,0,31843164,5486,0,33968084,5938,0
1250,34216491276834,34216495293349,20009630,sB-eth3,up,34216495137467,netem,37397008,26432,0,0,0,0,0,31799346,5173,0,35950708,4518,0
1251,34216511267985,34216513068696,19991151,sA-eth3,up,34216512897044,netem,35327108,26530,0,0,0,0,0,31843164,5486,0,33968084,5938,0
1251,34216511267985,34216514656163,19991151,sB-eth3,up,34216514501370,netem,37397008,26432,0,0,0,0,0,31799346,5173,0,35950708,4518,0
1252,34216531274496,34216533076176,20006511,sA-eth3,up,34216532897264,netem,35327108,26530,0,0,0,0,0,31843164,5486,0,33968084,5938,0
1252,34216531274496,34216534680143,20006511,sB-eth3,up,34216534527792,netem,37397008,26432,0,0,0,0,0,31799346,5173,0,35950708,4518,0
1253,34216551265767,34216552990306,19991271,sA-eth3,up,34216552834774,netem,35327108,26530,0,0,0,0,0,31843164,5486,0,33968084,5938,0
1253,34216551265767,34216555507574,19991271,sB-eth3,up,34216555345821,netem,37397008,26432,0,0,0,0,0,31799346,5173,0,35950708,4518,0
1254,34216571270948,34216573121919,20005181,sA-eth3,up,34216572938946,netem,35327108,26530,0,0,0,0,0,31843164,5486,0,33968084,5938,0
1254,34216571270948,34216574857378,20005181,sB-eth3,up,34216574706256,netem,37397008,26432,0,0,0,0,0,31799346,5173,0,35950708,4518,0
1255,34216591270169,34216593138539,19999221,sA-eth3,up,34216592940738,netem,35327108,26530,0,0,0,0,0,31843164,5486,0,33968084,5938,0
1255,34216591270169,34216594899829,19999221,sB-eth3,up,34216594744318,netem,37397008,26432,0,0,0,0,0,31799346,5173,0,35950708,4518,0
1256,34216611273909,34216613062949,20003740,sA-eth3,up,34216612881578,netem,35327108,26530,0,0,0,0,0,31843164,5486,0,33968084,5938,0
1256,34216611273909,34216614940840,20003740,sB-eth3,up,34216614784258,netem,37397008,26432,0,0,0,0,0,31799346,5173,0,35950708,4518,0
1257,34216631274301,34216633161901,20000392,sA-eth3,up,34216632978770,netem,35327108,26530,0,0,0,0,0,31843164,5486,0,33968084,5938,0
1257,34216631274301,34216635038653,20000392,sB-eth3,up,34216634869201,netem,37397008,26432,0,0,0,0,0,31799346,5173,0,35950708,4518,0
1258,34216651267902,34216653045251,19993601,sA-eth3,up,34216652861700,netem,35327108,26530,0,0,0,0,0,31843164,5486,0,33968084,5938,0
1258,34216651267902,34216654640730,19993601,sB-eth3,up,34216654490797,netem,37397008,26432,0,0,0,0,0,31799346,5173,0,35950708,4518,0
1259,34216671273883,34216673039673,20005981,sA-eth3,up,34216672856140,netem,35327108,26530,0,0,0,0,0,31843164,5486,0,33968084,5938,0
1259,34216671273883,34216674941713,20005981,sB-eth3,up,34216674787592,netem,37397008,26432,0,0,0,0,0,31799346,5173,0,35950708,4518,0
1260,34216691275054,34216693084914,20001171,sA-eth3,up,34216692901061,netem,35327108,26530,0,0,0,78,1,31844678,5487,0,33968084,5938,0
1260,34216691275054,34216694920065,20001171,sB-eth3,up,34216694765952,netem,37397008,26432,0,0,0,0,0,31799346,5173,0,35950708,4518,0
1261,34216711274315,34216713099465,19999261,sA-eth3,up,34216712919763,netem,35328188,26544,0,0,0,0,0,31889108,5502,0,33969164,5952,0
1261,34216711274315,34216714934205,19999261,sB-eth3,up,34216714782943,netem,37397008,26432,0,0,0,0,0,31799346,5173,0,35950708,4518,0
1262,34216731265266,34216733000065,19990951,sA-eth3,up,34216732839603,netem,35329214,26557,0,0,0,78,1,31956574,5515,0,33970190,5965,0
1262,34216731265266,34216734620373,19990951,sB-eth3,up,34216734465372,netem,37397008,26432,0,0,0,0,0,31799346,5173,0,35950708,4518,0
1263,34216751267546,34216752999336,20002280,sA-eth3,up,34216752839794,netem,35330120,26570,0,0,0,66,1,32060306,5529,0,33971162,5979,0
1263,34216751267546,34216754954407,20002280,sB-eth3,up,34216754797655,netem,37397008,26432,0,0,0,0,0,31799346,5173,0,35950708,4518,0
1264,34216771269698,34216773080438,20002152,sA-eth3,up,34216772895255,netem,35331062,26583,0,0,0,66,1,32174108,5542,0,33972038,5991,0
1264,34216771269698,34216774690755,20002152,sB-eth3,up,34216774537554,netem,37397008,26432,0,0,0,0,0,31799346,5173,0,35950708,4518,0
1265,34216791267878,34216793064138,19998180,sA-eth3,up,34216792880036,netem,35331938,26595,0,0,0,0,0,32287844,5554,0,33972914,6003,0
1265,34216791267878,34216795293733,19998180,sB-eth3,up,34216795139061,netem,37397008,26432,0,0,0,0,0,31799346,5173,0,35950708,4518,0
1266,34216811269820,34216813060749,20001942,sA-eth3,up,34216812870657,netem,35332778,26607,0,0,0,132,2,32430606,5567,0,33973820,6016,0
1266,34216811269820,34216814668737,20001942,sB-eth3,up,34216814512175,netem,37397008,26432,0,0,0,0,0,31799346,5173,0,35950708,4518,0
1267,34216831267030,34216833122480,19997210,sA-eth3,up,34216832939309,netem,35333822,26621,0,0,0,0,0,32550134,5580,0,33974798,6029,0
1267,34216831267030,34216835250445,19997210,sB-eth3,up,34216835096413,netem,37397404,26438,0,0,0,66,1,31944830,5183,0,35951104,4524,0
1268,34216851272781,34216853383185,20005751,sA-eth3,up,34216853205773,netem,35334680,26632,0,0,0,0,0,32669662,5591,0,33975656,6040,0
1268,34216851272781,34216855061223,20005751,sB-eth3,up,34216854889022,netem,37398064,26448,0,0,0,0,0,32141366,5199,0,35951764,4534,0
1269,34216871274813,34216873274985,20002032,sA-eth3,up,34216873108783,netem,35335616,26644,0,0,0,0,0,32767404,5602,0,33976592,6052,0
1269,34216871274813,34216875136245,20002032,sB-eth3,up,34216874970024,netem,37398064,26448,0,0,0,0,0,32381474,5217,0,35951764,4534,0
1270,34216891268683,34216893083963,19993870,sA-eth3,up,34216892895981,netem,35336216,26652,0,0,0,66,1,32844676,5611,0,33977258,6061,0
1270,34216891268683,34216894861682,19993870,sB-eth3,up,34216894709382,netem,37398130,26449,0,0,0,0,0,32614342,5235,0,35951830,4535,0
1271,34216911273095,34216913025204,20004412,sA-eth3,up,34216912846042,netem,35337158,26665,0,0,0,66,1,32990532,5626,0,33978200,6074,0
1271,34216911273095,34216915278849,20004412,sB-eth3,up,34216915123407,netem,37398196,26450,0,0,0,0,0,32861756,5254,0,35951896,4536,0
1272,34216931270115,34216933084615,19997020,sA-eth3,up,34216932896513,netem,35338132,26678,0,0,0,0,0,33091104,5636,0,33979108,6086,0
1272,34216931270115,34216934902445,19997020,sB-eth3,up,34216934745384,netem,37398196,26450,0,0,0,0,0,33101864,5272,0,35951896,4536,0
1273,34216951280056,34216953163377,20009941,sA-eth3,up,34216952978585,netem,35339086,26691,0,0,0,78,1,33229720,5653,0,33980062,6099,0
1273,34216951280056,34216954966407,20009941,sB-eth3,up,34216954814445,netem,37398262,26451,0,0,0,0,0,33334732,5290,0,35951962,4537,0
1274,34216971267107,34216973116447,19987051,sA-eth3,up,34216972928055,netem,35340220,26706,0,0,0,0,0,33337796,5666,0,33981196,6114,0
1274,34216971267107,34216974889767,19987051,sB-eth3,up,34216974737015,netem,37398328,26452,0,0,0,0,0,33580632,5308,0,35952028,4538,0
1275,34216991267157,34216993043737,20000050,sA-eth3,up,34216992866636,netem,35341260,26720,0,0,0,0,0,33434288,5680,0,33982236,6128,0
1275,34216991267157,34216994833387,20000050,sB-eth3,up,34216994681996,netem,37398328,26452,0,0,0,0,0,33878726,5327,0,35952028,4538,0
1276,34217011268709,34217013189360,20001552,sA-eth3,up,34217012984728,netem,35341888,26728,0,0,0,66,1,33510112,5688,0,33982930,6137,0
1276,34217011268709,34217014988059,20001552,sB-eth3,up,34217014824238,netem,37398394,26453,0,0,0,0,0,33906818,5329,0,35952094,4539,0
1277,34217031270959,34217033088739,20002250,sA-eth3,up,34217032907568,netem,35342636,26738,0,0,0,0,0,33600614,5699,0,33983612,6146,0
1277,34217031270959,34217034747689,20002250,sB-eth3,up,34217034596436,netem,37398394,26453,0,0,0,0,0,33906818,5329,0,35952094,4539,0
1278,34217051266730,34217053051271,19995771,sA-eth3,up,34217052869529,netem,35343442,26749,0,0,0,66,1,33692564,5710,0,33984418,6157,0
1278,34217051266730,34217054654298,19995771,sB-eth3,up,34217054505686,netem,37398538,26455,0,0,0,0,0,33907332,5330,0,35952238,4541,0
1279,34217071272272,34217073694948,20005542,sA-eth3,up,34217073532247,netem,35344336,26762,0,0,0,0,0,33807748,5722,0,33985312,6170,0
1279,34217071272272,34217075590279,20005542,sB-eth3,up,34217075439357,netem,37398538,26455,0,0,0,0,0,33907332,5330,0,35952238,4541,0
1280,34217091275292,34217093261394,20003020,sA-eth3,up,34217093100902,netem,35344978,26771,0,0,0,0,0,33893774,5731,0,33985954,6179,0
1280,34217091275292,34217095047754,20003020,sB-eth3,up,34217094873663,netem,37398538,26455,0,0,0,0,0,33907332,5330,0,35952238,4541,0
1281,34217111272644,34217113173715,19997352,sA-eth3,up,34217112984252,netem,35345812,26782,0,0,0,78,1,34000270,5743,0,33986788,6190,0
1281,34217111272644,34217115391379,19997352,sB-eth3,up,34217115237507,netem,37398538,26455,0,0,0,0,0,33907332,5330,0,35952238,4541,0
1282,34217131267964,34217133175316,19995320,sA-eth3,up,34217133001344,netem,35346566,26791,0,0,0,0,0,34077872,5756,0,33987542,6199,0
1282,34217131267964,34217135091597,19995320,sB-eth3,up,34217134921274,netem,37398538,26455,0,0,0,0,0,33907332,5330,0,35952238,4541,0
1283,34217151265665,34217153133116,19997701,sA-eth3,up,34217152931994,netem,35346902,26795,0,0,0,0,0,34156592,5764,0,33987878,6203,0
1283,34217151265665,34217154892965,19997701,sB-eth3,up,34217154737224,netem,37398538,26455,0,0,0,0,0,33907332,5330,0,35952238,4541,0
1284,34217171270287,34217173231108,20004622,sA-eth3,up,34217173070246,netem,35347732,26806,0,0,0,0,0,34258678,5775,0,33988708,6214,0
1284,34217171270287,34217175697955,20004622,sB-eth3,up,34217175546024,netem,37398538,26455,0,0,0,0,0,33907332,5330,0,35952238,4541,0
1285,34217191277147,34217193303280,20006860,sA-eth3,up,34217193136948,netem,35348574,26817,0,0,0,0,0,34342006,5787,0,33989550,6225,0
1285,34217191277147,34217195467644,20006860,sB-eth3,up,34217195304251,netem,37398538,26455,0,0,0,0,0,33907332,5330,0,35952238,4541,0
1286,34217211267769,34217213286191,19990622,sA-eth3,up,34217213119469,netem,35349412,26828,0,0,0,86,1,34409406,5799,0,33990388,6237,0
1286,34217211267769,34217215559156,19990622,sB-eth3,up,34217215392614,netem,37398538,26455,0,0,0,0,0,33907332,5330,0,35952238,4541,0
1287,34217231264409,34217233252411,19996640,sA-eth3,up,34217233085969,netem,35350292,26840,0,0,0,0,0,34485494,5811,0,33991268,6248,0
1287,34217231264409,34217235194283,19996640,sB-eth3,up,34217235040541,netem,37398538,26455,0,0,0,0,0,33907332,5330,0,35952238,4541,0
1288,34217251273221,34217253277672,20008812,sA-eth3,up,34217253114361,netem,35351034,26849,0,0,0,86,1,34554210,5821,0,33992010,6257,0
1288,34217251273221,34217255196833,20008812,sB-eth3,up,34217255037732,netem,37398538,26455,0,0,0,0,0,33907332,5330,0,35952238,4541,0
1289,34217271271771,34217273271484,19998550,sA-eth3,up,34217273096941,netem,35351994,26861,0,0,0,0,0,34641882,5833,0,33992970,6269,0
1289,34217271271771,34217275257466,19998550,sB-eth3,up,34217275103333,netem,37398538,26455,0,0,0,0,0,33907332,5330,0,35952238,4541,0
1290,34217291272502,34217293333695,20000731,sA-eth3,up,34217293160103,netem,35352762,26871,0,0,0,0,0,34697434,5841,0,33993738,6279,0
1290,34217291272502,34217295432978,20000731,sB-eth3,up,34217295261486,netem,37398538,26455,0,0,0,66,1,33936514,5333,0,35952238,4541,0
1291,34217311266723,34217313174433,19994221,sA-eth3,up,34217312993462,netem,35353604,26882,0,0,0,66,1,34783658,5853,0,33994646,6291,0
1291,34217311266723,34217314886003,19994221,sB-eth3,up,34217314729401,netem,37399594,26471,0,0,0,0,0,34183862,5351,0,35953294,4557,0
1292,34217331267564,34217333209626,20000841,sA-eth3,up,34217333039923,netem,35354114,26889,0,0,0,78,1,34842106,5861,0,33995168,6298,0
1292,34217331267564,34217335536211,20000841,sB-eth3,up,34217335275338,netem,37399594,26471,0,0,0,0,0,34480442,5369,0,35953294,4557,0
1293,34217351275595,34217353267808,20008031,sA-eth3,up,34217353057685,netem,35354656,26896,0,0,0,0,0,34893248,5868,0,33995632,6304,0
1293,34217351275595,34217355138678,20008031,sB-eth3,up,34217354950066,netem,37399660,26472,0,0,0,0,0,34688562,5385,0,35953360,4558,0
1294,34217371269356,34217373254068,19993761,sA-eth3,up,34217373062445,netem,35355198,26903,0,0,0,0,0,34929778,5873,0,33996174,6311,0
1294,34217371269356,34217375145708,19993761,sB-eth3,up,34217374964807,netem,37399660,26472,0,0,0,66,1,34861930,5401,0,35953360,4558,0
1295,34217391238146,34217393125877,19968790,sA-eth3,up,34217392933305,netem,35355720,26910,0,0,0,0,0,34988226,5881,0,33996696,6318,0
1295,34217391238146,34217394801946,19968790,sB-eth3,up,34217394643244,netem,37399726,26473,0,0,0,0,0,35093350,5419,0,35953426,4559,0
1296,34217411271308,34217413285180,20033162,sA-eth3,up,34217413064988,netem,35356184,26916,0,0,0,0,0,35024756,5886,0,33997160,6324,0
1296,34217411271308,34217415057959,20033162,sB-eth3,up,34217414869307,netem,37399792,26474,0,0,0,0,0,35340764,5438,0,35953492,4560,0
1297,34217431269118,34217433585234,19997810,sA-eth3,up,34217433413402,netem,35356714,26923,0,0,0,66,1,35090510,5895,0,33997690,6331,0
1297,34217431269118,34217435330533,19997810,sB-eth3,up,34217435171652,netem,37399792,26474,0,0,0,0,0,35573632,5456,0,35953492,4560,0
1298,34217451269760,34217453323273,20000642,sA-eth3,up,34217453147840,netem,35357110,26929,0,0,0,0,0,35127040,5900,0,33998086,6337,0
1298,34217451269760,34217455118712,20000642,sB-eth3,up,34217454881749,netem,37399858,26475,0,0,0,0,0,35813740,5474,0,35953558,4561,0
1299,34217471291671,34217473312953,20021911,sA-eth3,up,34217473093710,netem,35357188,26930,0,0,0,15230,2,35127040,5900,0,33998164,6338,0
1299,34217471291671,34217475467777,20021911,sB-eth3,up,34217475285955,netem,37399924,26476,0,0,0,0,0,36015068,5490,0,35953624,4562,0
1300,34217491267272,34217493073302,19975601,sA-eth3,up,34217492887200,netem,35591948,27086,0,0,0,15140,1,35127766,5911,0,34223816,6356,0
1300,34217491267272,34217495281715,19975601,sB-eth3,up,34217495124914,netem,37399924,26476,0,0,0,0,0,36015068,5490,0,35953624,4562,0
1301,34217511267852,34217513072602,20000580,sA-eth3,up,34217512892100,netem,35841758,27251,0,0,0,22710,2,35128690,5925,0,34463924,6374,0
1301,34217511267852,34217514683019,20000580,sB-eth3,up,34217514526639,netem,37399990,26477,0,0,0,0,0,36015068,5490,0,35953690,4563,0
1302,34217531278983,34217533077574,20011131,sA-eth3,up,34217532896052,netem,36080970,27409,0,0,0,40878,3,35129614,5939,0,34708376,6392,0
1302,34217531278983,34217534694221,20011131,sB-eth3,up,34217534539389,netem,37399990,26477,0,0,0,0,0,36015068,5490,0,35953690,4563,0
1303,34217551280544,34217553121335,20001561,sA-eth3,up,34217552926013,netem,36341378,27581,0,0,0,30280,2,35130406,5951,0,34944140,6410,0
1303,34217551280544,34217554737043,20001561,sB-eth3,up,34217554582051,netem,37399990,26477,0,0,0,0,0,36015068,5490,0,35953690,4563,0
1304,34217571267655,34217572994134,19987111,sA-eth3,up,34217572829562,netem,36576048,27736,0,0,0,37850,3,35131330,5965,0,35184248,6428,0
1304,34217571267655,34217574616673,19987111,sB-eth3,up,34217574460800,netem,37399990,26477,0,0,0,0,0,36015068,5490,0,35953690,4563,0
1305,34217591272037,34217592999496,20004382,sA-eth3,up,34217592839714,netem,36833428,27906,0,0,0,37850,3,35132188,5978,0,35417050,6445,0
1305,34217591272037,34217594631663,20004382,sB-eth3,up,34217594477961,netem,37399990,26477,0,0,0,0,0,36015068,5490,0,35953690,4563,0
1306,34217611280197,34217613066457,20008160,sA-eth3,up,34217612881784,netem,37090808,28076,0,0,0,30280,2,35132914,5989,0,35664464,6464,0
1306,34217611280197,34217614667695,20008160,sB-eth3,up,34217614515843,netem,37399990,26477,0,0,0,0,0,36015068,5490,0,35953690,4563,0
1307,34217631266728,34217633828827,19986531,sA-eth3,up,34217633659045,netem,37348188,28246,0,0,0,30280,2,35133838,6003,0,35911878,6483,0
1307,34217631266728,34217635914810,19986531,sB-eth3,up,34217635759538,netem,37551480,26578,0,0,0,42392,3,36015794,5501,0,36099240,4574,0
1308,34217651268689,34217653220081,20001961,sA-eth3,up,34217653054999,netem,37550064,28380,0,0,0,0,0,35134564,6014,0,36105900,6498,0
1308,34217651268689,34217655196002,20001961,sB-eth3,up,34217655039741,netem,37789178,26735,0,0,0,52990,3,36016916,5518,0,36327698,4591,0
1309,34217671270890,34217673099561,20002201,sA-eth3,up,34217672912488,netem,37550064,28380,0,0,0,0,0,35134564,6014,0,36105900,6498,0
1309,34217671270890,34217674722138,20002201,sB-eth3,up,34217674568536,netem,38028390,26893,0,0,0,48448,3,36018104,5536,0,36572150,4609,0
1310,34217691274551,34217693082321,20003661,sA-eth3,up,34217692900029,netem,37550064,28380,0,0,0,0,0,35134564,6014,0,36105900,6498,0
1310,34217691274551,34217694710248,20003661,sB-eth3,up,34217694555438,netem,38278200,27058,0,0,0,56018,4,36019292,5554,0,36812258,4627,0
1311,34217711271042,34217713120122,19996491,sA-eth3,up,34217712931021,netem,37550064,28380,0,0,0,0,0,35134564,6014,0,36105900,6498,0
1311,34217711271042,34217714766421,19996491,sB-eth3,up,34217714605839,netem,38535580,27228,0,0,0,56018,4,36020480,5572,0,37045126,4645,0
1312,34217731270762,34217733074063,19999720,sA-eth3,up,34217732889741,netem,37550064,28380,0,0,0,0,0,35134564,6014,0,36105900,6498,0
1312,34217731270762,34217734689721,19999720,sB-eth3,up,34217734538318,netem,38777820,27388,0,0,0,45420,3,36021734,5591,0,37292540,4664,0
1313,34217751268164,34217753550579,19997402,sA-eth3,up,34217753371477,netem,37550064,28380,0,0,0,0,0,35134564,6014,0,36105900,6498,0
1313,34217751268164,34217755658952,19997402,sB-eth3,up,34217755502031,netem,39050340,27568,0,0,0,45420,3,36022988,5610,0,37539954,4683,0
1314,34217771271985,34217773177116,20003821,sA-eth3,up,34217772995024,netem,37550064,28380,0,0,0,0,0,35134564,6014,0,36105900,6498,0
1314,34217771271985,34217774837694,20003821,sB-eth3,up,34217774682043,netem,39285010,27723,0,0,0,37850,3,36024110,5627,0,37765516,4700,0
1315,34217791274236,34217793137876,20002251,sA-eth3,up,34217792947414,netem,37550064,28380,0,0,0,0,0,35134564,6014,0,36105900,6498,0
1315,34217791274236,34217794753375,20002251,sB-eth3,up,34217794600743,netem,39542390,27893,0,0,0,30280,2,36025364,5646,0,38012930,4719,0
1316,34217811266677,34217813551952,19992441,sA-eth3,up,34217813381451,netem,37550064,28380,0,0,0,0,0,35134564,6014,0,36105900,6498,0
1316,34217811266677,34217815422493,19992441,sB-eth3,up,34217815261991,netem,39592866,27927,0,0,0,0,0,36025628,5650,0,38061426,4723,0
1317,34217831266748,34217833090388,20000071,sA-eth3,up,34217832901415,netem,37550064,28380,0,0,0,0,0,35134564,6014,0,36105900,6498,0
1317,34217831266748,34217834988718,20000071,sB-eth3,up,34217834831297,netem,39592866,27927,0,0,0,0,0,36025628,5650,0,38061426,4723,0
1318,34217851268209,34217853136069,20001461,sA-eth3,up,34217852956458,netem,37550064,28380,0,0,0,0,0,35134564,6014,0,36105900,6498,0
1318,34217851268209,34217854779967,20001461,sB-eth3,up,34217854621235,netem,39592866,27927,0,0,0,0,0,36025628,5650,0,38061426,4723,0
1319,34217871275479,34217873132471,20007270,sA-eth3,up,34217872943418,netem,37550064,28380,0,0,0,0,0,35134564,6014,0,36105900,6498,0
1319,34217871275479,34217875295714,20007270,sB-eth3,up,34217875138223,netem,39592866,27927,0,0,0,0,0,36025628,5650,0,38061426,4723,0
1320,34217891270281,34217893269113,19994802,sA-eth3,up,34217893108251,netem,37550064,28380,0,0,0,0,0,35134564,6014,0,36105900,6498,0
1320,34217891270281,34217895136593,19994802,sB-eth3,up,34217894969082,netem,39592866,27927,0,0,0,0,0,36025628,5650,0,38061426,4723,0
1321,34217911267241,34217913430326,19996960,sA-eth3,up,34217913252443,netem,37550064,28380,0,0,0,0,0,35134564,6014,0,36105900,6498,0
1321,34217911267241,34217915332746,19996960,sB-eth3,up,34217915171285,netem,39592866,27927,0,0,0,0,0,36025628,5650,0,38061426,4723,0
1322,34217931266793,34217933112423,19999552,sA-eth3,up,34217932930781,netem,37550064,28380,0,0,0,0,0,35134564,6014,0,36105900,6498,0
1322,34217931266793,34217934749181,19999552,sB-eth3,up,34217934595279,netem,39592866,27927,0,0,0,0,0,36025628,5650,0,38061426,4723,0
1323,34217951277043,34217953068263,20010250,sA-eth3,up,34217952887772,netem,37550064,28380,0,0,0,0,0,35134564,6014,0,36105900,6498,0
1323,34217951277043,34217955206697,20010250,sB-eth3,up,34217955052615,netem,39592866,27927,0,0,0,0,0,36025628,5650,0,38061426,4723,0
1324,34217971267055,34217973103385,19990012,sA-eth3,up,34217972920432,netem,37550064,28380,0,0,0,0,0,35134564,6014,0,36105900,6498,0
1324,34217971267055,34217974724833,19990012,sB-eth3,up,34217974573581,netem,39592866,27927,0,0,0,0,0,36025628,5650,0,38061426,4723,0
1325,34217991269755,34217993362699,20002700,sA-eth3,up,34217993197427,netem,37550064,28380,0,0,0,0,0,35134564,6014,0,36105900,6498,0
1325,34217991269755,34217995165629,20002700,sB-eth3,up,34217994999557,netem,39592866,27927,0,0,0,0,0,36025628,5650,0,38061426,4723,0
1326,34218011273046,34218013493530,20003291,sA-eth3,up,34218013319249,netem,37550064,28380,0,0,0,0,0,35134564,6014,0,36105900,6498,0
1326,34218011273046,34218015558673,20003291,sB-eth3,up,34218015396792,netem,39592866,27927,0,0,0,0,0,36025628,5650,0,38061426,4723,0
1327,34218031275578,34218033083257,20002532,sA-eth3,up,34218032904045,netem,37550064,28380,0,0,0,0,0,35134564,6014,0,36105900,6498,0
1327,34218031275578,34218034919557,20002532,sB-eth3,up,34218034764916,netem,39592866,27927,0,0,0,0,0,36025628,5650,0,38061426,4723,0
1328,34218051273828,34218053145989,19998250,sA-eth3,up,34218052965337,netem,37550064,28380,0,0,0,0,0,35134564,6014,0,36105900,6498,0
1328,34218051273828,34218055347924,19998250,sB-eth3,up,34218055194372,netem,39592866,27927,0,0,0,0,0,36025628,5650,0,38061426,4723,0
1329,34218071268359,34218073075379,19994531,sA-eth3,up,34218072896357,netem,37550064,28380,0,0,0,0,0,35134564,6014,0,36105900,6498,0
1329,34218071268359,34218074869239,19994531,sB-eth3,up,34218074714878,netem,39592866,27927,0,0,0,0,0,36025628,5650,0,38061426,4723,0
1330,34218091266390,34218093070431,19998031,sA-eth3,up,34218092889128,netem,37550376,28384,0,0,0,78,1,35149440,6020,0,36106290,6503,0
1330,34218091266390,34218094874270,19998031,sB-eth3,up,34218094720519,netem,39592866,27927,0,0,0,0,0,36025628,5650,0,38061426,4723,0
1331,34218111290142,34218113194292,20023752,sA-eth3,up,34218112987971,netem,37551476,28398,0,0,0,0,0,35206770,6033,0,36107312,6516,0
1331,34218111290142,34218114895881,20023752,sB-eth3,up,34218114718959,netem,39592866,27927,0,0,0,0,0,36025628,5650,0,38061426,4723,0
1332,34218131268832,34218133171074,19978690,sA-eth3,up,34218132975561,netem,37551830,28403,0,0,0,66,1,35249158,6039,0,36107732,6522,0
1332,34218131268832,34218135121574,19978690,sB-eth3,up,34218134945523,netem,39592866,27927,0,0,0,0,0,36025628,5650,0,38061426,4723,0
1333,34218151272914,34218153108574,20004082,sA-eth3,up,34218152920461,netem,37552328,28410,0,0,0,78,1,35295956,6046,0,36108242,6529,0
1333,34218151272914,34218154773302,20004082,sB-eth3,up,34218154617101,netem,39592866,27927,0,0,0,0,0,36025628,5650,0,38061426,4723,0
1334,34218171273174,34218173197426,20000260,sA-eth3,up,34218173019744,netem,37552960,28418,0,0,0,0,0,35347098,6053,0,36108796,6536,0
1334,34218171273174,34218174896264,20000260,sB-eth3,up,34218174738663,netem,39592866,27927,0,0,0,0,0,36025628,5650,0,38061426,4723,0
1335,34218191266715,34218193154166,19993541,sA-eth3,up,34218192961384,netem,37553590,28427,0,0,0,0,0,35412852,6062,0,36109426,6545,0
1335,34218191266715,34218195144428,19993541,sB-eth3,up,34218194974356,netem,39592866,27927,0,0,0,0,0,36025628,5650,0,38061426,4723,0
1336,34218211289236,34218213166107,20022521,sA-eth3,up,34218212969075,netem,37554096,28434,0,0,0,0,0,35463994,6069,0,36109932,6552,0
1336,34218211289236,34218214831115,20022521,sB-eth3,up,34218214675223,netem,39592866,27927,0,0,0,0,0,36025628,5650,0,38061426,4723,0
1337,34218231270917,34218233534772,19981681,sA-eth3,up,34218233351861,netem,37554660,28442,0,0,0,0,0,35515136,6076,0,36110496,6560,0
1337,34218231270917,34218235346821,19981681,sB-eth3,up,34218235191951,netem,39592866,27927,0,0,0,0,0,36025628,5650,0,38061426,4723,0
1338,34218251268538,34218253465482,19997621,sA-eth3,up,34218253283780,netem,37555154,28449,0,0,0,0,0,35572136,6084,0,36110990,6567,0
1338,34218251268538,34218255539496,19997621,sB-eth3,up,34218255370043,netem,39592866,27927,0,0,0,0,0,36025628,5650,0,38061426,4723,0
1339,34218271272559,34218273136600,20004021,sA-eth3,up,34218272946088,netem,37555704,28456,0,0,0,0,0,35610180,6090,0,36111540,6574,0
1339,34218271272559,34218275050131,20004021,sB-eth3,up,34218274880029,netem,39592866,27927,0,0,0,0,0,36025628,5650,0,38061426,4723,0
1340,34218291275741,34218293124770,20003182,sA-eth3,up,34218292943358,netem,37555704,28456,0,0,0,0,0,35610180,6090,0,36111540,6574,0
1340,34218291275741,34218294776358,20003182,sB-eth3,up,34218294617707,netem,39592866,27927,0,0,0,0,0,36025628,5650,0,38061426,4723,0
1341,34218311267691,34218313072301,19991950,sA-eth3,up,34218312888738,netem,37555704,28456,0,0,0,0,0,35610180,6090,0,36111540,6574,0
1341,34218311267691,34218314695739,19991950,sB-eth3,up,34218314542237,netem,39592866,27927,0,0,0,0,0,36025628,5650,0,38061426,4723,0
1342,34218331271452,34218333061592,20003761,sA-eth3,up,34218332879660,netem,37555704,28456,0,0,0,0,0,35610180,6090,0,36111540,6574,0
1342,34218331271452,34218335153625,20003761,sB-eth3,up,34218334985743,netem,39592866,27927,0,0,0,0,0,36025628,5650,0,38061426,4723,0
1343,34218351267383,34218353111733,19995931,sA-eth3,up,34218352932202,netem,37555704,28456,0,0,0,0,0,35610180,6090,0,36111540,6574,0
1343,34218351267383,34218354913813,19995931,sB-eth3,up,34218354756722,netem,39592866,27927,0,0,0,0,0,36025628,5650,0,38061426,4723,0
1344,34218371278455,34218373128295,20011072,sA-eth3,up,34218372942052,netem,37555704,28456,0,0,0,0,0,35610180,6090,0,36111540,6574,0
1344,34218371278455,34218375337620,20011072,sB-eth3,up,34218375180987,netem,39592866,27927,0,0,0,0,0,36025628,5650,0,38061426,4723,0
1345,34218391269795,34218393157485,19991340,sA-eth3,up,34218392975783,netem,37555704,28456,0,0,0,0,0,35610180,6090,0,36111540,6574,0
1345,34218391269795,34218394989665,19991340,sB-eth3,up,34218394837444,netem,39592866,27927,0,0,0,0,0,36025628,5650,0,38061426,4723,0
1346,34218411266436,34218412995885,19996641,sA-eth3,up,34218412831273,netem,37555704,28456,0,0,0,0,0,35610180,6090,0,36111540,6574,0
1346,34218411266436,34218415263160,19996641,sB-eth3,up,34218415109038,netem,39592866,27927,0,0,0,0,0,36025628,5650,0,38061426,4723,0
1347,34218431268096,34218433191838,20001660,sA-eth3,up,34218433029005,netem,37555704,28456,0,0,0,0,0,35610180,6090,0,36111540,6574,0
1347,34218431268096,34218434826326,20001660,sB-eth3,up,34218434673794,netem,39592866,27927,0,0,0,0,0,36025628,5650,0,38061426,4723,0
1348,34218451272138,34218453270700,20004042,sA-eth3,up,34218453096947,netem,37555704,28456,0,0,0,0,0,35610180,6090,0,36111540,6574,0
1348,34218451272138,34218455144770,20004042,sB-eth3,up,34218454971639,netem,39592866,27927,0,0,0,0,0,36025628,5650,0,38061426,4723,0
1349,34218471269888,34218473179960,19997750,sA-eth3,up,34218472999858,netem,37555704,28456,0,0,0,0,0,35610180,6090,0,36111540,6574,0
1349,34218471269888,34218474820297,19997750,sB-eth3,up,34218474666566,netem,39592866,27927,0,0,0,0,0,36025628,5650,0,38061426,4723,0
1350,34218491270330,34218493109060,20000442,sA-eth3,up,34218492921267,netem,37555868,28458,0,0,0,0,0,35629268,6094,0,36111704,6576,0
1350,34218491270330,34218495204283,20000442,sB-eth3,up,34218495051561,netem,39592866,27927,0,0,0,0,0,36025628,5650,0,38061426,4723,0
1351,34218511266800,34218512994249,19996470,sA-eth3,up,34218512834967,netem,37556596,28468,0,0,0,0,0,35679028,6102,0,36112432,6586,0
1351,34218511266800,34218514838949,19996470,sB-eth3,up,34218514687138,netem,39592866,27927,0,0,0,0,0,36025628,5650,0,38061426,4723,0
1352,34218531268521,34218533096912,20001721,sA-eth3,up,34218532907169,netem,37557154,28475,0,0,0,0,0,35727340,6110,0,36112990,6593,0
1352,34218531268521,34218534904382,20001721,sB-eth3,up,34218534751929,netem,39592866,27927,0,0,0,0,0,36025628,5650,0,38061426,4723,0
1353,34218551272083,34218553094562,20003562,sA-eth3,up,34218552912440,netem,37557774,28483,0,0,0,78,1,35767030,6119,0,36113610,6601,0
1353,34218551272083,34218554715311,20003562,sB-eth3,up,34218554562979,netem,39592866,27927,0,0,0,0,0,36025628,5650,0,38061426,4723,0
1354,34218571266813,34218573021112,19994730,sA-eth3,up,34218572840231,netem,37558332,28490,0,0,0,78,1,35813894,6127,0,36114246,6609,0
1354,34218571266813,34218575148076,19994730,sB-eth3,up,34218574978084,netem,39592866,27927,0,0,0,0,0,36025628,5650,0,38061426,4723,0
1355,34218591271314,34218593425128,20004501,sA-eth3,up,34218593250646,netem,37558866,28497,0,0,0,0,0,35848976,6132,0,36114702,6615,0
1355,34218591271314,34218595210947,20004501,sB-eth3,up,34218595055246,netem,39592866,27927,0,0,0,0,0,36025628,5650,0,38061426,4723,0
1356,34218611272765,34218613097685,20001451,sA-eth3,up,34218612909593,netem,37558866,28497,0,0,0,0,0,35848976,6132,0,36114702,6615,0
1356,34218611272765,34218615158199,20001451,sB-eth3,up,34218614991096,netem,39592866,27927,0,0,0,0,0,36025628,5650,0,38061426,4723,0
1357,34218631277906,34218633361699,20005141,sA-eth3,up,34218633196057,netem,37558866,28497,0,0,0,0,0,35848976,6132,0,36114702,6615,0
1357,34218631277906,34218635187759,20005141,sB-eth3,up,34218635035578,netem,39592866,27927,0,0,0,0,0,36025628,5650,0,38061426,4723,0
1358,34218651266437,34218652995476,19988531,sA-eth3,up,34218652839674,netem,37558866,28497,0,0,0,0,0,35848976,6132,0,36114702,6615,0
1358,34218651266437,34218655036098,19988531,sB-eth3,up,34218654863806,netem,39592866,27927,0,0,0,0,0,36025628,5650,0,38061426,4723,0
1359,34218671281419,34218673131239,20014982,sA-eth3,up,34218672940836,netem,37558866,28497,0,0,0,0,0,35848976,6132,0,36114702,6615,0
1359,34218671281419,34218674749296,20014982,sB-eth3,up,34218674594435,netem,39592866,27927,0,0,0,0,0,36025628,5650,0,38061426,4723,0
1360,34218691268239,34218693035389,19986820,sA-eth3,up,34218692859426,netem,37558866,28497,0,0,0,0,0,35848976,6132,0,36114702,6615,0
1360,34218691268239,34218695150781,19986820,sB-eth3,up,34218694981199,netem,39592866,27927,0,0,0,0,0,36025628,5650,0,38061426,4723,0
1361,34218711283020,34218713146291,20014781,sA-eth3,up,34218712959978,netem,37558866,28497,0,0,0,0,0,35848976,6132,0,36114702,6615,0
1361,34218711283020,34218714845369,20014781,sB-eth3,up,34218714694228,netem,39592866,27927,0,0,0,0,0,36025628,5650,0,38061426,4723,0
1362,34218731265821,34218733068651,19982801,sA-eth3,up,34218732882209,netem,37558866,28497,0,0,0,0,0,35848976,6132,0,36114702,6615,0
1362,34218731265821,34218734716879,19982801,sB-eth3,up,34218734561598,netem,39592866,27927,0,0,0,0,0,36025628,5650,0,38061426,4723,0
1363,34218751273912,34218753477536,20008091,sA-eth3,up,34218753300754,netem,37558866,28497,0,0,0,0,0,35848976,6132,0,36114702,6615,0
1363,34218751273912,34218755126774,20008091,sB-eth3,up,34218754955103,netem,39592866,27927,0,0,0,0,0,36025628,5650,0,38061426,4723,0
1364,34218771275293,34218773034893,20001381,sA-eth3,up,34218772856080,netem,37558866,28497,0,0,0,0,0,35848976,6132,0,36114702,6615,0
1364,34218771275293,34218774666530,20001381,sB-eth3,up,34218774515589,netem,39592866,27927,0,0,0,0,0,36025628,5650,0,38061426,4723,0
1365,34218791279754,34218793079583,20004461,sA-eth3,up,34218792898552,netem,37558866,28497,0,0,0,0,0,35848976,6132,0,36114702,6615,0
1365,34218791279754,34218794668411,20004461,sB-eth3,up,34218794516920,netem,39592866,27927,0,0,0,0,0,36025628,5650,0,38061426,4723,0
1366,34218811265475,34218812996854,19985721,sA-eth3,up,34218812834672,netem,37559088,28500,0,0,0,0,0,35854966,6135,0,36114924,6618,0
1366,34218811265475,34218815373321,19985721,sB-eth3,up,34218815222319,netem,39592866,27927,0,0,0,0,0,36025628,5650,0,38061426,4723,0
1367,34218831267886,34218833276248,20002411,sA-eth3,up,34218833105266,netem,37559088,28500,0,0,0,0,0,35854966,6135,0,36114924,6618,0
1367,34218831267886,34218835121128,20002411,sB-eth3,up,34218834938066,netem,39592866,27927,0,0,0,0,0,36025628,5650,0,38061426,4723,0
1368,34218851271176,34218853026876,20003290,sA-eth3,up,34218852841313,netem,37559088,28500,0,0,0,0,0,35854966,6135,0,36114924,6618,0
1368,34218851271176,34218855275451,20003290,sB-eth3,up,34218855117889,netem,39592866,27927,0,0,0,0,0,36025628,5650,0,38061426,4723,0
1369,34218871275058,34218873104948,20003882,sA-eth3,up,34218872920676,netem,37559088,28500,0,0,0,0,0,35854966,6135,0,36114924,6618,0
1369,34218871275058,34218874927338,20003882,sB-eth3,up,34218874771017,netem,39592866,27927,0,0,0,0,0,36025628,5650,0,38061426,4723,0
1370,34218891273058,34218893108718,19998000,sA-eth3,up,34218892929997,netem,37559088,28500,0,0,0,0,0,35854966,6135,0,36114924,6618,0
1370,34218891273058,34218894719607,19998000,sB-eth3,up,34218894565425,netem,39592866,27927,0,0,0,0,0,36025628,5650,0,38061426,4723,0
1371,34218911266119,34218913261561,19993061,sA-eth3,up,34218913098150,netem,37559088,28500,0,0,0,0,0,35854966,6135,0,36114924,6618,0
1371,34218911266119,34218915496826,19993061,sB-eth3,up,34218915329115,netem,39592866,27927,0,0,0,0,0,36025628,5650,0,38061426,4723,0
1372,34218931268260,34218933619526,20002141,sA-eth3,up,34218933457255,netem,37559088,28500,0,0,0,0,0,35854966,6135,0,36114924,6618,0
1372,34218931268260,34218935835461,20002141,sB-eth3,up,34218935681709,netem,39592866,27927,0,0,0,0,0,36025628,5650,0,38061426,4723,0
1373,34218951270371,34218953051171,20002111,sA-eth3,up,34218952871469,netem,37559088,28500,0,0,0,0,0,35854966,6135,0,36114924,6618,0
1373,34218951270371,34218955345806,20002111,sB-eth3,up,34218955194385,netem,39592866,27927,0,0,0,0,0,36025628,5650,0,38061426,4723,0
1374,34218971268843,34218973626678,19998472,sA-eth3,up,34218973463506,netem,37559088,28500,0,0,0,0,0,35854966,6135,0,36114924,6618,0
1374,34218971268843,34218975467858,19998472,sB-eth3,up,34218975301827,netem,39592866,27927,0,0,0,0,0,36025628,5650,0,38061426,4723,0
1375,34218991273963,34218993083193,20005120,sA-eth3,up,34218992888511,netem,37559088,28500,0,0,0,0,0,35854966,6135,0,36114924,6618,0
1375,34218991273963,34218995417590,20005120,sB-eth3,up,34218995186987,netem,39592866,27927,0,0,0,0,0,36025628,5650,0,38061426,4723,0
1376,34219011279625,34219013126195,20005662,sA-eth3,up,34219012930852,netem,37559088,28500,0,0,0,0,0,35854966,6135,0,36114924,6618,0
1376,34219011279625,34219014737832,20005662,sB-eth3,up,34219014579211,netem,39592866,27927,0,0,0,0,0,36025628,5650,0,38061426,4723,0
1377,34219031278135,34219033512410,19998510,sA-eth3,up,34219033325648,netem,37559598,28507,0,0,0,66,1,35875898,6145,0,36115500,6626,0
1377,34219031278135,34219035622883,19998510,sB-eth3,up,34219035453162,netem,39592866,27927,0,0,0,0,0,36025628,5650,0,38061426,4723,0
1378,34219051279546,34219053385150,20001411,sA-eth3,up,34219053213657,netem,37560390,28519,0,0,0,66,1,35946128,6156,0,36116292,6638,0
1378,34219051279546,34219055279000,20001411,sB-eth3,up,34219055120519,netem,39592866,27927,0,0,0,0,0,36025628,5650,0,38061426,4723,0
1379,34219071273188,34219073357110,19993642,sA-eth3,up,34219073179468,netem,37561270,28531,0,0,0,66,1,36020702,6167,0,36117106,6649,0
1379,34219071273188,34219075189420,19993642,sB-eth3,up,34219075026839,netem,39592866,27927,0,0,0,0,0,36025628,5650,0,38061426,4723,0
1380,34219091270418,34219093224139,19997230,sA-eth3,up,34219093058438,netem,37561798,28539,0,0,0,0,0,36108374,6179,0,36117634,6657,0
1380,34219091270418,34219095267352,19997230,sB-eth3,up,34219095110181,netem,39592866,27927,0,0,0,0,0,36025628,5650,0,38061426,4723,0
1381,34219111279039,34219113111010,20008621,sA-eth3,up,34219112900897,netem,37562590,28549,0,0,0,0,0,36174194,6189,0,36118426,6667,0
1381,34219111279039,34219114749047,20008621,sB-eth3,up,34219114583726,netem,39592866,27927,0,0,0,0,0,36025628,5650,0,38061426,4723,0
1382,34219131270540,34219133191931,19991501,sA-eth3,up,34219132931098,netem,37563082,28555,0,0,0,86,1,36234156,6198,0,36118918,6673,0
1382,34219131270540,34219134932471,19991501,sB-eth3,up,34219134715958,netem,39592866,27927,0,0,0,0,0,36025628,5650,0,38061426,4723,0
1383,34219151275211,34219153598667,20004671,sA-eth3,up,34219153420095,netem,37563902,28565,0,0,0,0,0,36300042,6209,0,36119738,6683,0
1383,34219151275211,34219155563689,20004671,sB-eth3,up,34219155391666,netem,39592866,27927,0,0,0,0,0,36025628,5650,0,38061426,4723,0
1384,34219171272262,34219173124002,19997051,sA-eth3,up,34219172929681,netem,37564532,28574,0,0,0,0,0,36349736,6216,0,36120368,6692,0
1384,34219171272262,34219174787171,19997051,sB-eth3,up,34219174628219,netem,39592866,27927,0,0,0,0,0,36025628,5650,0,38061426,4723,0
1385,34219191277913,34219193399737,20005651,sA-eth3,up,34219193223984,netem,37565222,28583,0,0,0,0,0,36417004,6226,0,36121058,6701,0
1385,34219191277913,34219196237608,20005651,sB-eth3,up,34219196044215,netem,39592866,27927,0,0,0,0,0,36025628,5650,0,38061426,4723,0
1386,34219211272144,34219213280856,19994231,sA-eth3,up,34219213109704,netem,37565854,28591,0,0,0,0,0,36466830,6235,0,36121690,6709,0
1386,34219211272144,34219214959404,19994231,sB-eth3,up,34219214803473,netem,39593460,27936,0,0,0,66,1,36200270,5663,0,38062086,4733,0
1387,34219231269134,34219233117346,19996990,sA-eth3,up,34219232927513,netem,37566544,28600,0,0,0,66,1,36513760,6244,0,36122446,6719,0
1387,34219231269134,34219234751533,19996990,sB-eth3,up,34219234595361,netem,39593922,27943,0,0,0,0,0,36382194,5677,0,38062482,4739,0
1388,34219251271106,34219253047796,20001972,sA-eth3,up,34219252855693,netem,37567198,28609,0,0,0,0,0,36560624,6252,0,36123034,6727,0
1388,34219251271106,34219254653023,20001972,sB-eth3,up,34219254497481,netem,39593922,27943,0,0,0,0,0,36383708,5678,0,38062482,4739,0
1389,34219271276607,34219273073026,20005501,sA-eth3,up,34219272883244,netem,37567906,28619,0,0,0,0,0,36616308,6262,0,36123742,6737,0
1389,34219271276607,34219274673645,20005501,sB-eth3,up,34219274517553,netem,39593988,27944,0,0,0,0,0,36542332,5690,0,38062548,4740,0
1390,34219291290288,34219293139068,20013681,sA-eth3,up,34219292934366,netem,37568458,28627,0,0,0,0,0,36664686,6271,0,36124294,6745,0
1390,34219291290288,34219294778036,20013681,sB-eth3,up,34219294617725,netem,39593988,27944,0,0,0,0,0,36607822,5695,0,38062548,4740,0
1391,34219311278339,34219313070989,19988051,sA-eth3,up,34219312881066,netem,37569088,28636,0,0,0,0,0,36718922,6281,0,36124924,6754,0
1391,34219311278339,34219314679216,19988051,sB-eth3,up,34219314523645,netem,39594054,27945,0,0,0,0,0,36709776,5704,0,38062614,4741,0
1392,34219331269119,34219332992068,19990780,sA-eth3,up,34219332822286,netem,37569718,28645,0,0,0,66,1,36779016,6292,0,36125554,6763,0
1392,34219331269119,34219335352724,19990780,sB-eth3,up,34219335194523,netem,39594054,27945,0,0,0,0,0,36906246,5719,0,38062614,4741,0
1393,34219351268131,34219353269363,19999012,sA-eth3,up,34219353106011,netem,37570224,28652,0,0,0,0,0,36814164,6298,0,36126060,6770,0
1393,34219351268131,34219355719359,19999012,sB-eth3,up,34219355559448,netem,39594120,27946,0,0,0,0,0,36986282,5725,0,38062680,4742,0
1394,34219371273291,34219373238113,20005160,sA-eth3,up,34219373067491,netem,37570774,28659,0,0,0,0,0,36856684,6306,0,36126610,6777,0
1394,34219371273291,34219375322346,20005160,sB-eth3,up,34219375164705,netem,39594120,27946,0,0,0,0,0,37219150,5743,0,38062680,4742,0
1395,34219391269503,34219393195114,19996212,sA-eth3,up,34219393028081,netem,37571394,28667,0,0,0,0,0,36905062,6315,0,36127230,6785,0
1395,34219391269503,34219394857352,19996212,sB-eth3,up,34219394703910,netem,39594186,27947,0,0,0,0,0,37467814,5759,0,38062746,4743,0
1396,34219411272464,34219413078653,20002961,sA-eth3,up,34219412888991,netem,37571994,28675,0,0,0,0,0,36946068,6322,0,36127830,6793,0
1396,34219411272464,34219414771542,20002961,sB-eth3,up,34219414614380,netem,39594252,27948,0,0,0,0,0,37742674,5777,0,38062812,4744,0
1397,34219431279444,34219433124025,20006980,sA-eth3,up,34219432933743,netem,37572578,28683,0,0,0,0,0,36994446,6331,0,36128414,6801,0
1397,34219431279444,34219434761723,20006980,sB-eth3,up,34219434606882,netem,39594252,27948,0,0,0,0,0,37932036,5794,0,38062812,4744,0
1398,34219451273495,34219453117425,19994051,sA-eth3,up,34219452927383,netem,37573186,28691,0,0,0,0,0,37041310,6339,0,36129022,6809,0
1398,34219451273495,34219454752374,19994051,sB-eth3,up,34219454597702,netem,39594318,27949,0,0,0,0,0,38128572,5810,0,38062878,4745,0
1399,34219471275006,34219473115856,20001511,sA-eth3,up,34219472920635,netem,37573658,28697,0,0,0,0,0,37072114,6345,0,36129494,6815,0
1399,34219471275006,34219475544493,20001511,sB-eth3,up,34219475367641,netem,39594318,27949,0,0,0,0,0,38133430,5811,0,38062878,4745,0
1400,34219491274518,34219493106648,19999512,sA-eth3,up,34219492920655,netem,37574192,28704,0,0,0,66,1,37116082,6353,0,36130028,6822,0
1400,34219491274518,34219494716495,19999512,sB-eth3,up,34219494563424,netem,39594384,27950,0,0,0,0,0,38133430,5811,0,38062944,4746,0
1401,34219511275158,34219513067808,20000640,sA-eth3,up,34219512875085,netem,37575072,28716,0,0,0,0,0,37193618,6365,0,36130908,6834,0
1401,34219511275158,34219514691636,20000640,sB-eth3,up,34219514532944,netem,39594384,27950,0,0,0,0,0,38133430,5811,0,38062944,4746,0
1402,34219531269258,34219533045609,19994100,sA-eth3,up,34219532864357,netem,37575656,28724,0,0,0,0,0,37237520,6372,0,36131492,6842,0
1402,34219531269258,34219534648117,19994100,sB-eth3,up,34219534492404,netem,39594384,27950,0,0,0,0,0,38133430,5811,0,38062944,4746,0
1403,34219551272320,34219553058170,20003062,sA-eth3,up,34219552874108,netem,37576424,28734,0,0,0,66,1,37307816,6384,0,36132260,6852,0
1403,34219551272320,34219554653787,20003062,sB-eth3,up,34219554496576,netem,39594384,27950,0,0,0,0,0,38133430,5811,0,38062944,4746,0
1404,34219571273251,34219573054750,20000931,sA-eth3,up,34219572867229,netem,37577128,28744,0,0,0,0,0,37386668,6394,0,36132964,6862,0
1404,34219571273251,34219574650728,20000931,sB-eth3,up,34219574497027,netem,39594384,27950,0,0,0,0,0,38133500,5812,0,38062944,4746,0
1405,34219591271232,34219593033602,19997981,sA-eth3,up,34219592849169,netem,37577946,28755,0,0,0,78,1,37475722,6405,0,36133782,6873,0
1405,34219591271232,34219595438108,19997981,sB-eth3,up,34219595268556,netem,39594384,27950,0,0,0,0,0,38133500,5812,0,38062944,4746,0
1406,34219611274483,34219613318735,20003251,sA-eth3,up,34219613075853,netem,37578888,28768,0,0,0,30358,3,37608414,6419,0,36134724,6886,0
1406,34219611274483,34219615088125,20003251,sB-eth3,up,34219614899753,netem,39594384,27950,0,0,0,0,0,38133500,5812,0,38062944,4746,0
1407,34219631285704,34219633476538,20011221,sA-eth3,up,34219633288296,netem,37829652,28946,0,0,0,53076,5,37698458,6445,0,36375720,6916,0
1407,34219631285704,34219635548342,20011221,sB-eth3,up,34219635375309,netem,39594384,27950,0,0,0,0,0,38133500,5812,0,38062944,4746,0
1408,34219651277865,34219653250977,19992161,sA-eth3,up,34219652971934,netem,38072628,29116,0,0,0,60638,5,37779748,6470,0,36609324,6944,0
1408,34219651277865,34219655037407,19992161,sB-eth3,up,34219654788394,netem,39594384,27950,0,0,0,0,0,38133500,5812,0,38062944,4746,0
1409,34219671296626,34219673208107,20018761,sA-eth3,up,34219672942994,netem,38323094,29289,0,0,0,56198,6,37833394,6493,0,36850088,6970,0
1409,34219671296626,34219674985587,20018761,sB-eth3,up,34219674766414,netem,39594384,27950,0,0,0,0,0,38133500,5812,0,38062944,4746,0
1410,34219691292387,34219693205828,19995761,sA-eth3,up,34219692951375,netem,38578028,29464,0,0,0,74350,7,37898426,6515,0,37095122,6995,0
1410,34219691292387,34219694873446,19995761,sB-eth3,up,34219694704044,netem,39594384,27950,0,0,0,0,0,38133500,5812,0,38062944,4746,0
1411,34219711279807,34219713205629,19987420,sA-eth3,up,34219712999386,netem,38823874,29633,0,0,0,101782,11,37969250,6533,0,37331464,7020,0
1411,34219711279807,34219714879147,19987420,sB-eth3,up,34219714714076,netem,39594384,27950,0,0,0,0,0,38133500,5812,0,38062944,4746,0
1412,34219731271739,34219733108189,19991932,sA-eth3,up,34219732918827,netem,39076036,29810,0,0,0,106178,11,38057516,6554,0,37573792,7048,0
1412,34219731271739,34219735326284,19991932,sB-eth3,up,34219735168551,netem,39594384,27950,0,0,0,0,0,38133500,5812,0,38062944,4746,0
1413,34219751272420,34219753110410,20000681,sA-eth3,up,34219752903378,netem,39318942,29979,0,0,0,133586,15,38150390,6579,0,37807326,7077,0
1413,34219751272420,34219754767238,20000681,sB-eth3,up,34219754606346,netem,39594384,27950,0,0,0,0,0,38133500,5812,0,38062944,4746,0
1414,34219771272380,34219773112271,19999960,sA-eth3,up,34219772918389,netem,39575412,30156,0,0,0,116656,9,38177246,6591,0,38053896,7102,0
1414,34219771272380,34219774785929,19999960,sB-eth3,up,34219774617707,netem,39594384,27950,0,0,0,0,0,38133500,5812,0,38062944,4746,0
1415,34219791277872,34219793476786,20005492,sA-eth3,up,34219793285574,netem,39777432,30292,0,0,0,0,0,38182382,6603,0,38247996,7118,0
1415,34219791277872,34219795770491,20005492,sB-eth3,up,34219795604679,netem,39594384,27950,0,0,0,0,0,38133500,5812,0,38062944,4746,0
1416,34219811281532,34219813280545,20003660,sA-eth3,up,34219813105503,netem,39777432,30292,0,0,0,0,0,38182382,6603,0,38247996,7118,0
1416,34219811281532,34219815270896,20003660,sB-eth3,up,34219815111785,netem,39594384,27950,0,0,0,0,0,38133500,5812,0,38062944,4746,0
1417,34219831271613,34219833187954,19990081,sA-eth3,up,34219832996293,netem,39777432,30292,0,0,0,0,0,38182382,6603,0,38247996,7118,0
1417,34219831271613,34219834869803,19990081,sB-eth3,up,34219834710291,netem,39594384,27950,0,0,0,0,0,38133500,5812,0,38062944,4746,0
1418,34219851282644,34219853204776,20011031,sA-eth3,up,34219852999493,netem,39777432,30292,0,0,0,0,0,38182382,6603,0,38247996,7118,0
1418,34219851282644,34219854899785,20011031,sB-eth3,up,34219854736723,netem,39594384,27950,0,0,0,0,0,38133500,5812,0,38062944,4746,0
1419,34219871282525,34219873160226,19999881,sA-eth3,up,34219872959193,netem,39777432,30292,0,0,0,0,0,38182382,6603,0,38247996,7118,0
1419,34219871282525,34219874836935,19999881,sB-eth3,up,34219874673513,netem,39594384,27950,0,0,0,0,0,38133500,5812,0,38062944,4746,0
1420,34219891276116,34219893145727,19993591,sA-eth3,up,34219892952255,netem,39777432,30292,0,0,0,0,0,38182382,6603,0,38247996,7118,0
1420,34219891276116,34219894797685,19993591,sB-eth3,up,34219894634303,netem,39594384,27950,0,0,0,0,0,38133500,5812,0,38062944,4746,0
1421,34219911270457,34219913081787,19994341,sA-eth3,up,34219912885855,netem,39777432,30292,0,0,0,0,0,38182382,6603,0,38247996,7118,0
1421,34219911270457,34219915421783,19994341,sB-eth3,up,34219915247381,netem,39594384,27950,0,0,0,0,0,38133500,5812,0,38062944,4746,0
1422,34219931273978,34219933071288,20003521,sA-eth3,up,34219932878206,netem,39777432,30292,0,0,0,0,0,38182382,6603,0,38247996,7118,0
1422,34219931273978,34219935342613,20003521,sB-eth3,up,34219935184471,netem,39594384,27950,0,0,0,0,0,38133500,5812,0,38062944,4746,0
1423,34219951273859,34219953164090,19999881,sA-eth3,up,34219952972478,netem,39777432,30292,0,0,0,0,0,38182382,6603,0,38247996,7118,0
1423,34219951273859,34219954906470,19999881,sB-eth3,up,34219954751668,netem,39594384,27950,0,0,0,0,0,38133500,5812,0,38062944,4746,0
1424,34219971293331,34219973241202,20019472,sA-eth3,up,34219973046770,netem,39777432,30292,0,0,0,0,0,38182382,6603,0,38247996,7118,0
1424,34219971293331,34219975340065,20019472,sB-eth3,up,34219975174453,netem,39594384,27950,0,0,0,0,0,38133500,5812,0,38062944,4746,0
1425,34219991276111,34219993165962,19982780,sA-eth3,up,34219992974720,netem,39777432,30292,0,0,0,0,0,38182382,6603,0,38247996,7118,0
1425,34219991276111,34219994832210,19982780,sB-eth3,up,34219994672489,netem,39594384,27950,0,0,0,0,0,38133500,5812,0,38062944,4746,0
1426,34220011269902,34220013387965,19993791,sA-eth3,up,34220013217143,netem,39777564,30294,0,0,0,0,0,38185354,6605,0,38248128,7120,0
1426,34220011269902,34220015300807,19993791,sB-eth3,up,34220015145175,netem,39594384,27950,0,0,0,0,0,38133500,5812,0,38062944,4746,0
1427,34220031279273,34220033437957,20009371,sA-eth3,up,34220033249175,netem,39777564,30294,0,0,0,0,0,38185354,6605,0,38248128,7120,0
1427,34220031279273,34220035303838,20009371,sB-eth3,up,34220035149295,netem,39594384,27950,0,0,0,0,0,38133500,5812,0,38062944,4746,0
1428,34220051295335,34220053278366,20016062,sA-eth3,up,34220053095804,netem,39777564,30294,0,0,0,0,0,38185354,6605,0,38248128,7120,0
1428,34220051295335,34220055168887,20016062,sB-eth3,up,34220054989955,netem,39594384,27950,0,0,0,0,0,38133500,5812,0,38062944,4746,0
1429,34220071270005,34220073161995,19974670,sA-eth3,up,34220072973714,netem,39777564,30294,0,0,0,0,0,38185354,6605,0,38248128,7120,0
1429,34220071270005,34220074812134,19974670,sB-eth3,up,34220074654492,netem,39594384,27950,0,0,0,0,0,38133500,5812,0,38062944,4746,0
1430,34220091280506,34220093120957,20010501,sA-eth3,up,34220092913424,netem,39777634,30295,0,0,0,0,0,38185354,6605,0,38248198,7121,0
1430,34220091280506,34220095051637,20010501,sB-eth3,up,34220094876256,netem,39594454,27951,0,0,0,0,0,38133500,5812,0,38063014,4747,0
1431,34220111277427,34220113168807,19996921,sA-eth3,up,34220112974815,netem,39777634,30295,0,0,0,0,0,38185354,6605,0,38248198,7121,0
1431,34220111277427,34220114821196,19996921,sB-eth3,up,34220114664654,netem,39594454,27951,0,0,0,0,0,38133500,5812,0,38063014,4747,0
1432,34220131284878,34220133170489,20007451,sA-eth3,up,34220132977866,netem,39777634,30295,0,0,0,0,0,38185354,6605,0,38248198,7121,0
1432,34220131284878,34220135651215,20007451,sB-eth3,up,34220135491865,netem,39594454,27951,0,0,0,0,0,38133500,5812,0,38063014,4747,0
1433,34220151274829,34220153143289,19989951,sA-eth3,up,34220152952047,netem,39777634,30295,0,0,0,0,0,38185354,6605,0,38248198,7121,0
1433,34220151274829,34220155019100,19989951,sB-eth3,up,34220154846058,netem,39594454,27951,0,0,0,0,0,38133500,5812,0,38063014,4747,0
1434,34220171273350,34220173151860,19998521,sA-eth3,up,34220172944697,netem,39777634,30295,0,0,0,0,0,38185354,6605,0,38248198,7121,0
1434,34220171273350,34220174797269,19998521,sB-eth3,up,34220174640747,netem,39594454,27951,0,0,0,0,0,38133500,5812,0,38063014,4747,0
1435,34220191297291,34220193264052,20023941,sA-eth3,up,34220193042250,netem,39777634,30295,0,0,0,0,0,38185354,6605,0,38248198,7121,0
1435,34220191297291,34220195155404,20023941,sB-eth3,up,34220194966471,netem,39594544,27952,0,0,0,30280,2,38133632,5814,0,38077650,4749,0
1436,34220211277062,34220213635128,19979771,sA-eth3,up,34220213457355,netem,39778198,30303,0,0,0,66,1,38268640,6616,0,38248828,7130,0
1436,34220211277062,34220215369347,19979771,sB-eth3,up,34220215208755,netem,39859494,28127,0,0,0,37850,3,38134754,5831,0,38317692,4766,0
1437,34220231268883,34220233230124,19991821,sA-eth3,up,34220233063832,netem,39778996,30314,0,0,0,0,0,38347492,6626,0,38249560,7140,0
1437,34220231268883,34220235544810,19991821,sB-eth3,up,34220235373707,netem,40101734,28287,0,0,0,45420,3,38135876,5848,0,38550494,4783,0
1438,34220251285454,34220253153814,20016571,sA-eth3,up,34220252951882,netem,39779704,30324,0,0,0,0,0,38435032,6636,0,38250268,7150,0
1438,34220251285454,34220254795483,20016571,sB-eth3,up,34220254634810,netem,40339432,28444,0,0,0,49962,4,38137064,5866,0,38793498,4801,0
1439,34220271269214,34220273041844,19983760,sA-eth3,up,34220272853032,netem,39780366,30333,0,0,0,78,1,38505130,6645,0,38250930,7159,0
1439,34220271269214,34220274643491,19983760,sB-eth3,up,34220274487530,netem,40593784,28612,0,0,0,52990,4,38138252,5884,0,39023470,4819,0
1440,34220291272985,34220293480669,20003771,sA-eth3,up,34220293304508,netem,39780982,30341,0,0,0,66,1,38575162,6653,0,38251612,7168,0
1440,34220291272985,34220296460223,20003771,sB-eth3,up,34220296291230,netem,40866304,28792,0,0,0,52990,4,38139572,5904,0,39285430,4839,0
1441,34220311265756,34220313110566,19992771,sA-eth3,up,34220312925954,netem,39781846,30353,0,0,0,66,1,38662834,6665,0,38252410,7179,0
1441,34220311265756,34220314744175,19992771,sB-eth3,up,34220314591253,netem,41088862,28939,0,0,0,62074,5,38140628,5920,0,39499342,4855,0
1442,34220331265817,34220332978676,20000061,sA-eth3,up,34220332819784,netem,39782608,30364,0,0,0,66,1,38750440,6676,0,38253238,7191,0
1442,34220331265817,34220334763095,20000061,sB-eth3,up,34220334605824,netem,41343214,29107,0,0,0,56018,4,38141882,5939,0,39743860,4874,0
1443,34220351267788,34220352996927,20001971,sA-eth3,up,34220352831346,netem,39783328,30374,0,0,0,0,0,38829226,6685,0,38253892,7200,0
1443,34220351267788,34220354792837,20001971,sB-eth3,up,34220354629145,netem,41600594,29277,0,0,0,51476,3,38143136,5958,0,39991274,4893,0
1444,34220371269129,34220373566594,20001341,sA-eth3,up,34220373379292,netem,39784006,30383,0,0,0,16744,2,38908078,6695,0,38254570,7209,0
1444,34220371269129,34220375471376,20001341,sB-eth3,up,34220375299013,netem,41787330,29401,0,0,0,66,1,38173242,5975,0,40170750,4907,0
1445,34220391267109,34220393307043,19997980,sA-eth3,up,34220393139421,netem,40005830,30539,0,0,0,50094,5,38983180,6714,0,38483874,7237,0
1445,34220391267109,34220395500777,19997980,sB-eth3,up,34220395332045,netem,41788386,29417,0,0,0,0,0,38437966,5993,0,40171806,4923,0
1446,34220411264401,34220413100461,19997292,sA-eth3,up,34220412911909,netem,40261020,30718,0,0,0,51608,6,39075988,6738,0,38713038,7263,0
1446,34220411264401,34220414794710,19997292,sB-eth3,up,34220414643228,netem,41788386,29417,0,0,0,0,0,38717104,6010,0,40171806,4923,0
1447,34220431272081,34220433161273,20007680,sA-eth3,up,34220432976300,netem,40517478,30895,0,0,0,74452,7,39138190,6759,0,38959596,7290,0
1447,34220431272081,34220434850532,20007680,sB-eth3,up,34220434696860,netem,41788452,29418,0,0,0,0,0,38913574,6025,0,40171872,4924,0
1448,34220451268403,34220453468307,19996322,sA-eth3,up,34220453280875,netem,40757534,31063,0,0,0,85026,9,39196048,6780,0,39206438,7319,0
1448,34220451268403,34220455797343,19996322,sB-eth3,up,34220455642591,netem,41788452,29418,0,0,0,0,0,39098592,6042,0,40171872,4924,0
1449,34220471270954,34220473145755,20002551,sA-eth3,up,34220472957093,netem,41012612,31240,0,0,0,106214,10,39281220,6798,0,39435458,7343,0
1449,34220471270954,34220474888154,20002551,sB-eth3,up,34220474735832,netem,41788518,29419,0,0,0,0,0,39315466,6059,0,40171938,4925,0
1450,34220491268405,34220493050415,19997451,sA-eth3,up,34220492870362,netem,41269090,31417,0,0,0,101610,9,39340460,6818,0,39681970,7369,0
1450,34220491268405,34220494654092,19997451,sB-eth3,up,34220494503090,netem,41788584,29420,0,0,0,0,0,39562880,6078,0,40172004,4926,0
1451,34220511268246,34220513101766,19999841,sA-eth3,up,34220512915224,netem,41508802,31581,0,0,0,135144,13,39393842,6837,0,39912442,7393,0
1451,34220511268246,34220514748964,19999841,sB-eth3,up,34220514595102,netem,41788584,29420,0,0,0,0,0,39788442,6095,0,40172004,4926,0
1452,34220531276317,34220533060466,20008071,sA-eth3,up,34220532876815,netem,41764068,31760,0,0,0,119960,14,39454794,6861,0,40157742,7421,0
1452,34220531276317,34220534698024,20008071,sB-eth3,up,34220534539812,netem,41788650,29421,0,0,0,0,0,40035856,6114,0,40172070,4927,0
1453,34220551269528,34220553570123,19993211,sA-eth3,up,34220553383751,netem,41983486,31917,0,0,0,86,1,39496328,6876,0,40368646,7449,0
1453,34220551269528,34220555522215,19993211,sB-eth3,up,34220555349172,netem,41788806,29423,0,0,0,30280,2,40251862,6133,0,40186772,4930,0
1454,34220571268388,34220573325001,19998860,sA-eth3,up,34220573159950,netem,41984196,31926,0,0,0,0,0,39544706,6885,0,40369356,7458,0
1454,34220571268388,34220575220392,19998860,sB-eth3,up,34220575063100,netem,42038616,29588,0,0,0,37850,3,40252918,6149,0,40412268,4946,0
1455,34220591268500,34220593322342,20000112,sA-eth3,up,34220593155121,netem,41985096,31932,0,0,0,66,1,39575588,6892,0,40370256,7464,0
1455,34220591268500,34220595266914,20000112,sB-eth3,up,34220595112582,netem,42296062,29759,0,0,0,30280,2,40254172,6168,0,40659748,4966,0
1456,34220611270451,34220613191872,20001951,sA-eth3,up,34220613022060,netem,41985874,31943,0,0,0,78,1,39632720,6902,0,40371034,7475,0
1456,34220611270451,34220614864410,20001951,sB-eth3,up,34220614708409,netem,42542844,29922,0,0,0,40878,3,40255294,6185,0,40896894,4983,0
1457,34220631270581,34220633096912,20000130,sA-eth3,up,34220632913210,netem,41986494,31951,0,0,0,164,2,39662274,6911,0,40371654,7483,0
1457,34220631270581,34220634766010,20000130,sB-eth3,up,34220634610928,netem,42788112,30084,0,0,0,37850,3,40256482,6203,0,41132658,5001,0
1458,34220651276632,34220653110263,20006051,sA-eth3,up,34220652926020,netem,41987230,31961,0,0,0,66,1,39712100,6920,0,40372456,7494,0
1458,34220651276632,34220654768981,20006051,sB-eth3,up,34220654608159,netem,43030352,30244,0,0,0,42392,3,40257670,6221,0,41365526,5019,0
1459,34220671270293,34220673063144,19993661,sA-eth3,up,34220672873122,netem,41988028,31972,0,0,0,66,1,39764888,6930,0,40373188,7504,0
1459,34220671270293,34220674740432,19993661,sB-eth3,up,34220674585119,netem,43283190,30411,0,0,0,49962,4,40258858,6239,0,41608530,5037,0
1460,34220691269354,34220693559000,19999061,sA-eth3,up,34220693384097,netem,41988682,31981,0,0,0,0,0,39814714,6939,0,40373842,7513,0
1460,34220691269354,34220695479020,19999061,sB-eth3,up,34220695306669,netem,43537542,30579,0,0,0,56018,4,40260112,6258,0,41867594,5057,0
1461,34220711267615,34220713200977,19998261,sA-eth3,up,34220713027714,netem,41989258,31989,0,0,0,66,1,39864606,6949,0,40374484,7522,0
1461,34220711267615,34220715558833,19998261,sB-eth3,up,34220715387051,netem,43794922,30749,0,0,0,48448,3,40261300,6276,0,42100462,5075,0
1462,34220731269897,34220733706833,20002282,sA-eth3,up,34220733539682,netem,41989842,31997,0,0,0,0,0,39899754,6955,0,40375002,7529,0
1462,34220731269897,34220735426632,20002282,sB-eth3,up,34220735258950,netem,43981658,30873,0,0,0,0,0,40262224,6290,0,42279938,5089,0
1463,34220751263687,34220752990376,19993790,sA-eth3,up,34220752825234,netem,41990228,32002,0,0,0,0,0,39929044,6960,0,40375388,7534,0
1463,34220751263687,34220755261221,19993790,sB-eth3,up,34220755107899,netem,43981658,30873,0,0,0,0,0,40262224,6290,0,42279938,5089,0
1464,34220771270428,34220773045518,20006741,sA-eth3,up,34220772860886,netem,41990228,32002,0,0,0,0,0,39929044,6960,0,40375388,7534,0
1464,34220771270428,34220775330833,20006741,sB-eth3,up,34220775170741,netem,43981658,30873,0,0,0,0,0,40262224,6290,0,42279938,5089,0
1465,34220791274369,34220793075469,20003941,sA-eth3,up,34220792882516,netem,41990228,32002,0,0,0,0,0,39929044,6960,0,40375388,7534,0
1465,34220791274369,34220794672596,20003941,sB-eth3,up,34220794520475,netem,43981658,30873,0,0,0,0,0,40262224,6290,0,42279938,5089,0
1466,34220811272480,34220813128201,19998111,sA-eth3,up,34220812948109,netem,41990228,32002,0,0,0,0,0,39929044,6960,0,40375388,7534,0
1466,34220811272480,34220814807609,19998111,sB-eth3,up,34220814655798,netem,43981658,30873,0,0,0,0,0,40262224,6290,0,42279938,5089,0
1467,34220831266881,34220833528196,19994401,sA-eth3,up,34220833351444,netem,41990228,32002,0,0,0,0,0,39929044,6960,0,40375388,7534,0
1467,34220831266881,34220835166194,19994401,sB-eth3,up,34220834997092,netem,43981658,30873,0,0,0,0,0,40262224,6290,0,42279938,5089,0
1468,34220851270162,34220853572307,20003281,sA-eth3,up,34220853393166,netem,41990228,32002,0,0,0,0,0,39929044,6960,0,40375388,7534,0
1468,34220851270162,34220855202876,20003281,sB-eth3,up,34220855045603,netem,43981658,30873,0,0,0,0,0,40262224,6290,0,42279938,5089,0
1469,34220871268942,34220873032623,19998780,sA-eth3,up,34220872856920,netem,41990228,32002,0,0,0,0,0,39929044,6960,0,40375388,7534,0
1469,34220871268942,34220874618090,19998780,sB-eth3,up,34220874467198,netem,43981658,30873,0,0,0,0,0,40262224,6290,0,42279938,5089,0
1470,34220891280674,34220893051874,20011732,sA-eth3,up,34220892871581,netem,41990228,32002,0,0,0,0,0,39929044,6960,0,40375388,7534,0
1470,34220891280674,34220894642361,20011732,sB-eth3,up,34220894490040,netem,43981658,30873,0,0,0,0,0,40262224,6290,0,42279938,5089,0
1471,34220911268864,34220913054024,19988190,sA-eth3,up,34220912864873,netem,41990228,32002,0,0,0,0,0,39929044,6960,0,40375388,7534,0
1471,34220911268864,34220914774643,19988190,sB-eth3,up,34220914615812,netem,43981658,30873,0,0,0,0,0,40262224,6290,0,42279938,5089,0
1472,34220931274686,34220933978805,20005822,sA-eth3,up,34220933805474,netem,41990228,32002,0,0,0,0,0,39929044,6960,0,40375388,7534,0
1472,34220931274686,34220935767776,20005822,sB-eth3,up,34220935614204,netem,43981658,30873,0,0,0,0,0,40262224,6290,0,42279938,5089,0
1473,34220951269386,34220952998076,19994700,sA-eth3,up,34220952837923,netem,41990228,32002,0,0,0,0,0,39929044,6960,0,40375388,7534,0
1473,34220951269386,34220955358882,19994700,sB-eth3,up,34220955202081,netem,43981658,30873,0,0,0,0,0,40262224,6290,0,42279938,5089,0
1474,34220971277748,34220973140368,20008362,sA-eth3,up,34220972942746,netem,41990372,32004,0,0,0,78,1,39943788,6964,0,40375610,7537,0
1474,34220971277748,34220974774876,20008362,sB-eth3,up,34220974618835,netem,43981658,30873,0,0,0,0,0,40262224,6290,0,42279938,5089,0
1475,34220991270639,34220993074499,19992891,sA-eth3,up,34220992891516,netem,41991260,32016,0,0,0,66,1,39989402,6975,0,40376486,7549,0
1475,34220991270639,34220994753897,19992891,sB-eth3,up,34220994597165,netem,43981658,30873,0,0,0,0,0,40262224,6290,0,42279938,5089,0
1476,34221011269629,34221013032719,19998990,sA-eth3,up,34221012847878,netem,41991902,32025,0,0,0,0,0,40043572,6984,0,40377062,7557,0
1476,34221011269629,34221014649537,19998990,sB-eth3,up,34221014496435,netem,43981658,30873,0,0,0,0,0,40262224,6290,0,42279938,5089,0
1477,34221031271201,34221033039160,20001572,sA-eth3,up,34221032855498,netem,41992592,32034,0,0,0,78,1,40093464,6994,0,40377752,7567,0
1477,34221031271201,34221034705999,20001572,sB-eth3,up,34221034543107,netem,43981658,30873,0,0,0,0,0,40262224,6290,0,42279938,5089,0
1478,34221051277582,34221053085371,20006381,sA-eth3,up,34221052895860,netem,41993570,32047,0,0,0,66,1,40169618,7007,0,40378796,7580,0
1478,34221051277582,34221054696110,20006381,sB-eth3,up,34221054544087,netem,43981658,30873,0,0,0,0,0,40262224,6290,0,42279938,5089,0
1479,34221071273733,34221073092183,19996151,sA-eth3,up,34221072900830,netem,41994230,32057,0,0,0,78,1,40244060,7016,0,40379468,7590,0
1479,34221071273733,34221074748670,19996151,sB-eth3,up,34221074594400,netem,43981658,30873,0,0,0,0,0,40262224,6290,0,42279938,5089,0
1480,34221091269304,34221093050923,19995571,sA-eth3,up,34221092861691,netem,41995130,32069,0,0,0,78,1,40333246,7029,0,40380290,7601,0
1480,34221091269304,34221094751492,19995571,sB-eth3,up,34221094598020,netem,43981658,30873,0,0,0,0,0,40262224,6290,0,42279938,5089,0
1481,34221111271524,34221113058044,20002220,sA-eth3,up,34221112870732,netem,41995898,32079,0,0,0,0,0,40390312,7038,0,40381058,7611,0
1481,34221111271524,34221114745093,20002220,sB-eth3,up,34221114590282,netem,43981728,30874,0,0,0,0,0,40262224,6290,0,42280008,5090,0
1482,34221131274915,34221133640581,20003391,sA-eth3,up,34221133469560,netem,41995964,32080,0,0,0,0,0,40441454,7045,0,40381124,7612,0
1482,34221131274915,34221135499002,20003391,sB-eth3,up,34221135336310,netem,43981728,30874,0,0,0,0,0,40262224,6290,0,42280008,5090,0
1483,34221151270046,34221153240808,19995131,sA-eth3,up,34221153068506,netem,41995964,32080,0,0,0,0,0,40441454,7045,0,40381124,7612,0
1483,34221151270046,34221155088908,19995131,sB-eth3,up,34221154911207,netem,43981728,30874,0,0,0,0,0,40262224,6290,0,42280008,5090,0
1484,34221171268268,34221173207368,19998222,sA-eth3,up,34221172962836,netem,41996462,32087,0,0,0,0,0,40495492,7052,0,40381622,7619,0
1484,34221171268268,34221175552445,19998222,sB-eth3,up,34221175379382,netem,43981728,30874,0,0,0,0,0,40262224,6290,0,42280008,5090,0
1485,34221191281348,34221193204370,20013080,sA-eth3,up,34221193035297,netem,41997194,32097,0,0,0,0,0,40561246,7061,0,40382354,7629,0
1485,34221191281348,34221194922339,20013080,sB-eth3,up,34221194743857,netem,43981728,30874,0,0,0,0,0,40262224,6290,0,42280008,5090,0
1486,34221211270169,34221213074719,19988821,sA-eth3,up,34221212887177,netem,41997884,32106,0,0,0,0,0,40627000,7070,0,40383044,7638,0
1486,34221211270169,34221214711857,19988821,sB-eth3,up,34221214553966,netem,43981728,30874,0,0,0,0,0,40262224,6290,0,42280008,5090,0
1487,34221231272450,34221233113270,20002281,sA-eth3,up,34221232910057,netem,41998682,32117,0,0,0,0,0,40732048,7082,0,40383842,7649,0
1487,34221231272450,34221235260714,20002281,sB-eth3,up,34221235106742,netem,43981728,30874,0,0,0,0,0,40262224,6290,0,42280008,5090,0
1488,34221251277380,34221253179982,20004930,sA-eth3,up,34221252984500,netem,41999638,32129,0,0,0,66,1,40825578,7095,0,40384798,7661,0
1488,34221251277380,34221254881941,20004930,sB-eth3,up,34221254725119,netem,43982190,30881,0,0,0,66,1,40394676,6300,0,42280470,5097,0
1489,34221271266192,34221273090682,19988812,sA-eth3,up,34221272909890,netem,42000366,32139,0,0,0,86,1,40898572,7104,0,40385612,7672,0
1489,34221271266192,34221274731711,19988812,sB-eth3,up,34221274574598,netem,43982784,30890,0,0,0,0,0,40633336,6318,0,42281064,5106,0
1490,34221291266043,34221293473587,19999851,sA-eth3,up,34221293292825,netem,42001270,32151,0,0,0,0,0,40999342,7117,0,40386430,7683,0
1490,34221291266043,34221295743652,19999851,sB-eth3,up,34221295586890,netem,43982784,30890,0,0,0,66,1,40895296,6338,0,42281064,5106,0
1491,34221311277194,34221313836492,20011151,sA-eth3,up,34221313662840,netem,42001714,32157,0,0,0,144,2,41056276,7124,0,40386874,7689,0
1491,34221311277194,34221315605172,20011151,sB-eth3,up,34221315450340,netem,43982850,30891,0,0,0,0,0,41120858,6355,0,42281130,5107,0
1492,34221331267935,34221333511140,19990741,sA-eth3,up,34221333334677,netem,42002410,32167,0,0,0,0,0,41117620,7132,0,40387570,7699,0
1492,34221331267935,34221335437331,19990741,sB-eth3,up,34221335268969,netem,43982916,30892,0,0,0,0,0,41368272,6374,0,42281196,5108,0
1493,34221351264756,34221353466700,19996821,sA-eth3,up,34221353286958,netem,42002788,32172,0,0,0,0,0,41152636,7136,0,40387948,7704,0
1493,34221351264756,34221355567144,19996821,sB-eth3,up,34221355410011,netem,43982916,30892,0,0,0,0,0,41601140,6392,0,42281196,5108,0
1494,34221371270067,34221373765004,20005311,sA-eth3,up,34221373598372,netem,42003274,32179,0,0,0,78,1,41222734,7145,0,40388434,7711,0
1494,34221371270067,34221375554874,20005311,sB-eth3,up,34221375384042,netem,43982982,30893,0,0,0,0,0,41841248,6410,0,42281262,5109,0
1495,34221391268818,34221393266419,19998751,sA-eth3,up,34221393100348,netem,42004062,32189,0,0,0,0,0,41288554,7155,0,40389222,7721,0
1495,34221391268818,34221395048829,19998751,sB-eth3,up,34221394875848,netem,43983048,30894,0,0,0,0,0,42097284,6428,0,42281328,5110,0
1496,34221411266469,34221413248211,19997651,sA-eth3,up,34221413088119,netem,42004896,32200,0,0,0,0,0,41358652,7164,0,40390056,7732,0
1496,34221411266469,34221415302004,19997651,sB-eth3,up,34221415148451,netem,43983048,30894,0,0,0,0,0,42369630,6445,0,42281328,5110,0
1497,34221431264289,34221433047719,19997820,sA-eth3,up,34221432871248,netem,42005574,32209,0,0,0,66,1,41441848,7174,0,40390734,7741,0
1497,34221431264289,34221434693548,19997820,sB-eth3,up,34221434543506,netem,43983114,30895,0,0,0,0,0,42369630,6445,0,42281394,5111,0
1498,34221451267531,34221453021089,20003242,sA-eth3,up,34221452848018,netem,42006174,32217,0,0,0,78,1,41511880,7182,0,40391412,7750,0
1498,34221451267531,34221454634008,20003242,sB-eth3,up,34221454483256,netem,43983114,30895,0,0,0,0,0,42369630,6445,0,42281394,5111,0
1499,34221471271521,34221473064781,20003990,sA-eth3,up,34221472876499,netem,42141700,32316,0,0,0,34900,4,41591128,7198,0,40521580,7768,0
1499,34221471271521,34221474665989,20003990,sB-eth3,up,34221474513428,netem,43983180,30896,0,0,0,0,0,42369630,6445,0,42281460,5112,0
1500,34221491269142,34221493076123,19997621,sA-eth3,up,34221492896751,netem,42384396,32482,0,0,0,81842,7,41631280,7214,0,40773748,7792,0
1500,34221491269142,34221494670880,19997621,sB-eth3,up,34221494516138,netem,43983180,30896,0,0,0,0,0,42369630,6445,0,42281460,5112,0
1501,34221511274813,34221513045073,20005671,sA-eth3,up,34221512862511,netem,42637320,32650,0,0,0,84784,6,41631808,7222,0,41013922,7811,0
1501,34221511274813,34221514646221,20005671,sB-eth3,up,34221514495519,netem,43983180,30896,0,0,0,0,0,42369630,6445,0,42281460,5112,0
1502,34221531268064,34221532989473,19993251,sA-eth3,up,34221532831111,netem,42894700,32820,0,0,0,75700,6,41632468,7232,0,41245210,7827,0
1502,34221531268064,34221534601332,19993251,sB-eth3,up,34221534450180,netem,43983180,30896,0,0,0,0,0,42369630,6445,0,42281460,5112,0
1503,34221551269086,34221553024285,20001022,sA-eth3,up,34221552847063,netem,43147538,32987,0,0,0,87812,6,41633260,7244,0,41488280,7846,0
1503,34221551269086,34221554701763,20001022,sB-eth3,up,34221554550952,netem,43983180,30896,0,0,0,0,0,42369630,6445,0,42281460,5112,0
1504,34221571268166,34221573052026,19999080,sA-eth3,up,34221572871824,netem,43386750,33145,0,0,0,101438,7,41634052,7256,0,41734180,7864,0
1504,34221571268166,34221574677424,19999080,sB-eth3,up,34221574504352,netem,43983180,30896,0,0,0,0,0,42369630,6445,0,42281460,5112,0
1505,34221591277798,34221593124008,20009632,sA-eth3,up,34221592936715,netem,43651700,33320,0,0,0,99924,7,41634712,7266,0,41972840,7882,0
1505,34221591277798,34221594778476,20009632,sB-eth3,up,34221594623834,netem,43983180,30896,0,0,0,0,0,42369630,6445,0,42281460,5112,0
1506,34221611279858,34221613107488,20002060,sA-eth3,up,34221612918066,netem,43893940,33480,0,0,0,98410,7,41635768,7282,0,42205642,7899,0
1506,34221611279858,34221614768917,20002060,sB-eth3,up,34221614607085,netem,43983180,30896,0,0,0,0,0,42369630,6445,0,42281460,5112,0
1507,34221631268959,34221633037718,19989101,sA-eth3,up,34221632851127,netem,44151320,33650,0,0,0,48962,4,41636626,7295,0,42452990,7917,0
1507,34221631268959,34221634645847,19989101,sB-eth3,up,34221634492915,netem,44202870,31043,0,0,0,45420,3,42370686,6461,0,42492570,5129,0
1508,34221651272240,34221653138161,20003281,sA-eth3,up,34221652951579,netem,44200282,33683,0,0,0,0,0,41636890,7299,0,42500038,7921,0
1508,34221651272240,34221654763389,20003281,sB-eth3,up,34221654608807,netem,44446624,31204,0,0,0,62074,4,42371610,6475,0,42745710,5147,0
1509,34221671270271,34221673071981,19998031,sA-eth3,up,34221672891199,netem,44200282,33683,0,0,0,0,0,41636890,7299,0,42500038,7921,0
1509,34221671270271,34221674689139,19998031,sB-eth3,up,34221674534757,netem,44713088,31380,0,0,0,54504,3,42372666,6491,0,42982922,5165,0
1510,34221691276282,34221693090782,20006011,sA-eth3,up,34221692883700,netem,44200282,33683,0,0,0,0,0,41636890,7299,0,42500038,7921,0
1510,34221691276282,34221694766881,20006011,sB-eth3,up,34221694598479,netem,44952300,31538,0,0,0,68130,4,42373656,6506,0,43212828,5182,0
1511,34221711277653,34221713147293,20001371,sA-eth3,up,34221712917932,netem,44200368,33684,0,0,0,86,1,41644262,7301,0,42500124,7922,0
1511,34221711277653,34221714836012,20001371,sB-eth3,up,34221714645440,netem,45205138,31705,0,0,0,65102,5,42374712,6522,0,43455766,5199,0
1512,34221731279843,34221733137695,20002190,sA-eth3,up,34221732937572,netem,44201150,33695,0,0,0,0,0,41720284,7312,0,42500906,7933,0
1512,34221731279843,34221734776692,20002190,sB-eth3,up,34221734617171,netem,45459490,31873,0,0,0,68130,5,42375966,6541,0,43700284,5218,0
1513,34221751274205,34221753077535,19994362,sA-eth3,up,34221752894042,netem,44201828,33704,0,0,0,0,0,41799070,7321,0,42501584,7942,0
1513,34221751274205,34221754698352,19994362,sB-eth3,up,34221754544181,netem,45701730,32033,0,0,0,68130,5,42377154,6560,0,43947698,5237,0
1514,34221771272405,34221773072085,19998200,sA-eth3,up,34221772866234,netem,44202440,33712,0,0,0,78,1,41869168,7330,0,42502274,7951,0
1514,34221771272405,34221774748154,19998200,sB-eth3,up,34221774570592,netem,45951540,32198,0,0,0,68130,5,42378408,6578,0,44187806,5255,0
1515,34221791282587,34221793144037,20010182,sA-eth3,up,34221792902785,netem,44203382,33725,0,0,0,144,2,41987380,7344,0,42503216,7964,0
1515,34221791282587,34221794787496,20010182,sB-eth3,up,34221794627344,netem,46176126,32347,0,0,0,0,0,42379464,6594,0,44389134,5271,0
1516,34221811272778,34221813550023,19990191,sA-eth3,up,34221813368700,netem,44204250,33737,0,0,0,132,2,42098220,7356,0,42504072,7976,0
1516,34221811272778,34221815337863,19990191,sB-eth3,up,34221815183301,netem,46176126,32347,0,0,0,0,0,42379464,6594,0,44389134,5271,0
1517,34221831285629,34221833260290,20012851,sA-eth3,up,34221833090139,netem,44205300,33752,0,0,0,66,1,42238152,7370,0,42505056,7990,0
1517,34221831285629,34221835042331,20012851,sB-eth3,up,34221834870259,netem,46176126,32347,0,0,0,0,0,42379464,6594,0,44389134,5271,0
1518,34221851277790,34221853205381,19992161,sA-eth3,up,34221853033059,netem,44206060,33762,0,0,0,66,1,42354718,7381,0,42505816,8000,0
1518,34221851277790,34221854968461,19992161,sB-eth3,up,34221854814139,netem,46176126,32347,0,0,0,0,0,42379464,6594,0,44389134,5271,0
1519,34221871278230,34221873045270,20000440,sA-eth3,up,34221872865949,netem,44207042,33775,0,0,0,156,2,42481552,7394,0,42506798,8013,0
1519,34221871278230,34221875367916,20000440,sB-eth3,up,34221875091692,netem,46176126,32347,0,0,0,0,0,42379464,6594,0,44389134,5271,0
1520,34221891279292,34221893304704,20001062,sA-eth3,up,34221893090372,netem,44207576,33782,0,0,0,0,0,42582256,7406,0,42507332,8020,0
1520,34221891279292,34221895208425,20001062,sB-eth3,up,34221895032363,netem,46176126,32347,0,0,0,0,0,42379464,6594,0,44389134,5271,0
1521,34221911297142,34221913319925,20017850,sA-eth3,up,34221913130352,netem,44208532,33794,0,0,0,0,0,42678682,7419,0,42508288,8032,0
1521,34221911297142,34221915180426,20017850,sB-eth3,up,34221915016634,netem,46176126,32347,0,0,0,0,0,42379464,6594,0,44389134,5271,0
1522,34221931279134,34221933172054,19981992,sA-eth3,up,34221932986422,netem,44208532,33794,0,0,0,0,0,42678682,7419,0,42508288,8032,0
1522,34221931279134,34221934810173,19981992,sB-eth3,up,34221934654631,netem,46176126,32347,0,0,0,0,0,42379464,6594,0,44389134,5271,0
1523,34221951274384,34221953119684,19995250,sA-eth3,up,34221952919473,netem,44208532,33794,0,0,0,0,0,42678682,7419,0,42508288,8032,0
1523,34221951274384,34221954751663,19995250,sB-eth3,up,34221954589451,netem,46176126,32347,0,0,0,0,0,42379464,6594,0,44389134,5271,0
1524,34221971284275,34221973167047,20009891,sA-eth3,up,34221972961494,netem,44208532,33794,0,0,0,0,0,42678682,7419,0,42508288,8032,0
1524,34221971284275,34221974832474,20009891,sB-eth3,up,34221974672023,netem,46176126,32347,0,0,0,0,0,42379464,6594,0,44389134,5271,0
1525,34221991277116,34221993209797,19992841,sA-eth3,up,34221993025636,netem,44208532,33794,0,0,0,0,0,42678682,7419,0,42508288,8032,0
1525,34221991277116,34221994856306,19992841,sB-eth3,up,34221994696153,netem,46176126,32347,0,0,0,0,0,42379464,6594,0,44389134,5271,0
1526,34222011272927,34222013110197,19995811,sA-eth3,up,34222012914526,netem,44208532,33794,0,0,0,0,0,42678682,7419,0,42508288,8032,0
1526,34222011272927,34222014806236,19995811,sB-eth3,up,34222014637685,netem,46176126,32347,0,0,0,0,0,42379464,6594,0,44389134,5271,0
1527,34222031274358,34222033102088,20001431,sA-eth3,up,34222032905316,netem,44208532,33794,0,0,0,0,0,42678682,7419,0,42508288,8032,0
1527,34222031274358,34222034749266,20001431,sB-eth3,up,34222034585595,netem,46176126,32347,0,0,0,0,0,42379464,6594,0,44389134,5271,0
1528,34222051286179,34222053178070,20011821,sA-eth3,up,34222052980778,netem,44208532,33794,0,0,0,0,0,42678682,7419,0,42508288,8032,0
1528,34222051286179,34222055017641,20011821,sB-eth3,up,34222054832358,netem,46176126,32347,0,0,0,0,0,42379464,6594,0,44389134,5271,0
1529,34222071271919,34222073195701,19985740,sA-eth3,up,34222072976029,netem,44208532,33794,0,0,0,0,0,42678682,7419,0,42508288,8032,0
1529,34222071271919,34222074866960,19985740,sB-eth3,up,34222074679717,netem,46176126,32347,0,0,0,0,0,42379464,6594,0,44389134,5271,0
1530,34222091268891,34222093092511,19996972,sA-eth3,up,34222092874089,netem,44208532,33794,0,0,0,0,0,42678682,7419,0,42508288,8032,0
1530,34222091268891,34222094743899,19996972,sB-eth3,up,34222094585537,netem,46176126,32347,0,0,0,0,0,42379464,6594,0,44389134,5271,0
1531,34222111272072,34222113112753,20003181,sA-eth3,up,34222112917680,netem,44208532,33794,0,0,0,0,0,42678682,7419,0,42508288,8032,0
1531,34222111272072,34222114825881,20003181,sB-eth3,up,34222114637559,netem,46176126,32347,0,0,0,0,0,42379464,6594,0,44389134,5271,0
1532,34222131272713,34222133637139,20000641,sA-eth3,up,34222133441126,netem,44208610,33795,0,0,0,0,0,42680196,7420,0,42508366,8033,0
1532,34222131272713,34222135888834,20000641,sB-eth3,up,34222135729422,netem,46176126,32347,0,0,0,0,0,42379464,6594,0,44389134,5271,0
1533,34222151284824,34222153209356,20012111,sA-eth3,up,34222153029273,netem,44208610,33795,0,0,0,0,0,42680196,7420,0,42508366,8033,0
1533,34222151284824,34222154876193,20012111,sB-eth3,up,34222154716192,netem,46176126,32347,0,0,0,0,0,42379464,6594,0,44389134,5271,0
1534,34222171272554,34222173328178,19987730,sA-eth3,up,34222173154826,netem,44208610,33795,0,0,0,0,0,42680196,7420,0,42508366,8033,0
1534,34222171272554,34222175679764,19987730,sB-eth3,up,34222175521511,netem,46176126,32347,0,0,0,0,0,42379464,6594,0,44389134,5271,0
1535,34222191274556,34222193122276,20002002,sA-eth3,up,34222192925365,netem,44208610,33795,0,0,0,0,0,42680196,7420,0,42508366,8033,0
1535,34222191274556,34222194789695,20002002,sB-eth3,up,34222194631983,netem,46176126,32347,0,0,0,0,0,42379464,6594,0,44389134,5271,0
1536,34222211274657,34222213114507,20000101,sA-eth3,up,34222212915155,netem,44208610,33795,0,0,0,0,0,42680196,7420,0,42508366,8033,0
1536,34222211274657,34222214805135,20000101,sB-eth3,up,34222214630944,netem,46176126,32347,0,0,0,0,0,42379464,6594,0,44389134,5271,0
1537,34222231282668,34222233154928,20008011,sA-eth3,up,34222232962277,netem,44208610,33795,0,0,0,0,0,42680196,7420,0,42508366,8033,0
1537,34222231282668,34222234821647,20008011,sB-eth3,up,34222234660955,netem,46176126,32347,0,0,0,0,0,42379464,6594,0,44389134,5271,0
1538,34222251275919,34222253194790,19993251,sA-eth3,up,34222252978898,netem,44390380,33916,0,0,0,24224,2,42680658,7427,0,42694658,8047,0
1538,34222251275919,34222254843848,19993251,sB-eth3,up,34222254674837,netem,46176126,32347,0,0,0,0,0,42379464,6594,0,44389134,5271,0
1539,34222271272820,34222273135650,19996901,sA-eth3,up,34222272934928,netem,44579630,34041,0,0,0,0,0,42680856,7430,0,42864998,8061,0
1539,34222271272820,34222274825549,19996901,sB-eth3,up,34222274648957,netem,46176126,32347,0,0,0,0,0,42379464,6594,0,44389134,5271,0
1540,34222291271060,34222293106270,19998240,sA-eth3,up,34222292906659,netem,44584172,34044,0,0,0,0,0,42680856,7430,0,42869408,8062,0
1540,34222291271060,34222294739849,19998240,sB-eth3,up,34222294578917,netem,46176126,32347,0,0,0,0,0,42379464,6594,0,44389134,5271,0
1541,34222311275322,34222313158902,20004262,sA-eth3,up,34222312953490,netem,44746170,34151,0,0,0,37850,3,42680922,7431,0,43025136,8074,0
1541,34222311275322,34222314822061,20004262,sB-eth3,up,34222314661519,netem,46176126,32347,0,0,0,0,0,42379464,6594,0,44389134,5271,0
1542,34222331272792,34222333146743,19997470,sA-eth3,up,34222332943961,netem,44837010,34211,0,0,0,0,0,42680922,7431,0,43112478,8081,0
1542,34222331272792,34222334804661,19997470,sB-eth3,up,34222334645369,netem,46176126,32347,0,0,0,0,0,42379464,6594,0,44389134,5271,0
1543,34222351276453,34222354090735,20003661,sA-eth3,up,34222353898533,netem,44950560,34286,0,0,0,37850,3,42680988,7432,0,43221606,8089,0
1543,34222351276453,34222356314388,20003661,sB-eth3,up,34222356129347,netem,46176126,32347,0,0,0,0,0,42379464,6594,0,44389134,5271,0
1544,34222371270295,34222373297067,19993842,sA-eth3,up,34222373129974,netem,45192800,34446,0,0,0,0,0,42680988,7432,0,43454474,8107,0
1544,34222371270295,34222375301779,19993842,sB-eth3,up,34222375143747,netem,46176126,32347,0,0,0,0,0,42379464,6594,0,44389134,5271,0
1545,34222391274085,34222393126066,20003790,sA-eth3,up,34222392933144,netem,45223080,34466,0,0,0,37850,3,42681054,7433,0,43498112,8110,0
1545,34222391274085,34222394783654,20003790,sB-eth3,up,34222394624823,netem,46176126,32347,0,0,0,0,0,42379464,6594,0,44389134,5271,0
1546,34222411286157,34222413174467,20012072,sA-eth3,up,34222412979785,netem,45480460,34636,0,0,0,30280,2,42681054,7433,0,43730980,8128,0
1546,34222411286157,34222414883256,20012072,sB-eth3,up,34222414723304,netem,46176126,32347,0,0,0,0,0,42379464,6594,0,44389134,5271,0
1547,34222431286047,34222433182038,19999890,sA-eth3,up,34222432975746,netem,45722700,34796,0,0,0,45420,3,42681120,7434,0,43978394,8147,0
1547,34222431286047,34222434876767,19999890,sB-eth3,up,34222434713396,netem,46176126,32347,0,0,0,0,0,42379464,6594,0,44389134,5271,0
1548,34222451279348,34222453106239,19993301,sA-eth3,up,34222452913966,netem,45972510,34961,0,0,0,37850,3,42681120,7434,0,44218502,8165,0
1548,34222451279348,34222454786466,19993301,sB-eth3,up,34222454627635,netem,46176126,32347,0,0,0,0,0,42379464,6594,0,44389134,5271,0
1549,34222471272909,34222473089199,19993561,sA-eth3,up,34222472897317,netem,46063350,35021,0,0,0,0,0,42681120,7434,0,44291298,8171,0
1549,34222471272909,34222474728557,19993561,sB-eth3,up,34222474571646,netem,46176126,32347,0,0,0,0,0,42379464,6594,0,44389134,5271,0
1550,34222491273840,34222493135611,20000931,sA-eth3,up,34222492940869,netem,46063350,35021,0,0,0,0,0,42681120,7434,0,44291298,8171,0
1550,34222491273840,34222495480057,20000931,sB-eth3,up,34222495310404,netem,46176126,32347,0,0,0,0,0,42379464,6594,0,44389134,5271,0
1551,34222511276091,34222513127831,20002251,sA-eth3,up,34222512929639,netem,46254114,35147,0,0,0,99924,6,42681186,7435,0,44487570,8183,0
1551,34222511276091,34222515107754,20002251,sB-eth3,up,34222514928511,netem,46176126,32347,0,0,0,0,0,42379464,6594,0,44389134,5271,0
1552,34222531277172,34222533127622,20001081,sA-eth3,up,34222532934971,netem,46401486,35245,0,0,0,0,0,42681186,7435,0,44615970,8191,0
1552,34222531277172,34222534786231,20001081,sB-eth3,up,34222534630029,netem,46176126,32347,0,0,0,0,0,42379464,6594,0,44389134,5271,0
1553,34222551275803,34222553221684,19998631,sA-eth3,up,34222553047473,netem,46401486,35245,0,0,0,0,0,42681252,7436,0,44615970,8191,0
1553,34222551275803,34222554890053,19998631,sB-eth3,up,34222554735321,netem,46176126,32347,0,0,0,0,0,42379464,6594,0,44389134,5271,0
1554,34222571283434,34222573168565,20007631,sA-eth3,up,34222572972143,netem,46401486,35245,0,0,0,0,0,42681252,7436,0,44615970,8191,0
1554,34222571283434,34222574842153,20007631,sB-eth3,up,34222574686662,netem,46176126,32347,0,0,0,0,0,42379464,6594,0,44389134,5271,0
1555,34222591275304,34222593121595,19991870,sA-eth3,up,34222592930593,netem,46401486,35245,0,0,0,0,0,42681252,7436,0,44615970,8191,0
1555,34222591275304,34222594744033,19991870,sB-eth3,up,34222594588741,netem,46176126,32347,0,0,0,0,0,42379464,6594,0,44389134,5271,0
1556,34222611288486,34222613165456,20013182,sA-eth3,up,34222612963075,netem,46401486,35245,0,0,0,0,0,42681252,7436,0,44615970,8191,0
1556,34222611288486,34222615482753,20013182,sB-eth3,up,34222615310280,netem,46176126,32347,0,0,0,0,0,42379464,6594,0,44389134,5271,0
1557,34222631279207,34222633184438,19990721,sA-eth3,up,34222632988876,netem,46401486,35245,0,0,0,0,0,42681252,7436,0,44615970,8191,0
1557,34222631279207,34222634905107,19990721,sB-eth3,up,34222634745655,netem,46176126,32347,0,0,0,0,0,42379464,6594,0,44389134,5271,0
1558,34222651281778,34222653155418,20002571,sA-eth3,up,34222652964886,netem,46401486,35245,0,0,0,0,0,42681252,7436,0,44615970,8191,0
1558,34222651281778,34222655166681,20002571,sB-eth3,up,34222654998768,netem,46176196,32348,0,0,0,0,0,42379464,6594,0,44389204,5272,0
1559,34222671274689,34222673167490,19992911,sA-eth3,up,34222672979478,netem,46401486,35245,0,0,0,0,0,42681252,7436,0,44615970,8191,0
1559,34222671274689,34222675001360,19992911,sB-eth3,up,34222674847708,netem,46176196,32348,0,0,0,0,0,42379464,6594,0,44389204,5272,0
1560,34222691278470,34222693149300,20003781,sA-eth3,up,34222692957128,netem,46401486,35245,0,0,0,0,0,42681252,7436,0,44615970,8191,0
1560,34222691278470,34222694858679,20003781,sB-eth3,up,34222694686287,netem,46176196,32348,0,0,0,0,0,42379464,6594,0,44389204,5272,0
1561,34222711278281,34222713150761,19999811,sA-eth3,up,34222712954678,netem,46401486,35245,0,0,0,0,0,42681252,7436,0,44615970,8191,0
1561,34222711278281,34222714808469,19999811,sB-eth3,up,34222714650728,netem,46176196,32348,0,0,0,0,0,42379464,6594,0,44389204,5272,0
1562,34222731285671,34222733593498,20007390,sA-eth3,up,34222733419105,netem,46401486,35245,0,0,0,0,0,42681252,7436,0,44615970,8191,0
1562,34222731285671,34222735469858,20007390,sB-eth3,up,34222735302406,netem,46176196,32348,0,0,0,0,0,42379464,6594,0,44389204,5272,0
1563,34222751274183,34222753195443,19988512,sA-eth3,up,34222753020422,netem,46401486,35245,0,0,0,0,0,42681252,7436,0,44615970,8191,0
1563,34222751274183,34222754877182,19988512,sB-eth3,up,34222754723770,netem,46176196,32348,0,0,0,0,0,42379464,6594,0,44389204,5272,0
1564,34222771278384,34222773322726,20004201,sA-eth3,up,34222773149245,netem,46402368,35256,0,0,0,0,0,42705212,7448,0,44616852,8202,0
1564,34222771278384,34222775032505,20004201,sB-eth3,up,34222774851073,netem,46176196,32348,0,0,0,0,0,42379464,6594,0,44389204,5272,0
1565,34222791270605,34222793088214,19992221,sA-eth3,up,34222792900743,netem,46403152,35266,0,0,0,0,0,42729172,7460,0,44617636,8212,0
1565,34222791270605,34222794749443,19992221,sB-eth3,up,34222794593581,netem,46176196,32348,0,0,0,0,0,42379464,6594,0,44389204,5272,0
1566,34222811281755,34222813170737,20011150,sA-eth3,up,34222812973704,netem,46403746,35275,0,0,0,66,1,42758792,7470,0,44618230,8221,0
1566,34222811281755,34222814856435,20011150,sB-eth3,up,34222814698213,netem,46176196,32348,0,0,0,0,0,42379464,6594,0,44389204,5272,0
1567,34222831272426,34222833172237,19990671,sA-eth3,up,34222832977285,netem,46404244,35282,0,0,0,0,0,42782488,7478,0,44618728,8228,0
1567,34222831272426,34222834882167,19990671,sB-eth3,up,34222834714344,netem,46176196,32348,0,0,0,0,0,42379464,6594,0,44389204,5272,0
1568,34222851292628,34222856848009,20020202,sA-eth3,up,34222856648836,netem,46404520,35286,0,0,0,0,0,42788412,7480,0,44619004,8232,0
1568,34222851292628,34222858561128,20020202,sB-eth3,up,34222858389226,netem,46176196,32348,0,0,0,0,0,42379464,6594,0,44389204,5272,0
1569,34222871274168,34222873090978,19981540,sA-eth3,up,34222872873686,netem,46404520,35286,0,0,0,0,0,42788412,7480,0,44619004,8232,0
1569,34222871274168,34222874792627,19981540,sB-eth3,up,34222874633706,netem,46176196,32348,0,0,0,0,0,42379464,6594,0,44389204,5272,0
1570,34222891281609,34222893115749,20007441,sA-eth3,up,34222892921997,netem,46404520,35286,0,0,0,0,0,42788412,7480,0,44619004,8232,0
1570,34222891281609,34222894761968,20007441,sB-eth3,up,34222894600986,netem,46176196,32348,0,0,0,0,0,42379464,6594,0,44389204,5272,0
1571,34222911280840,34222913205212,19999231,sA-eth3,up,34222913001079,netem,46404520,35286,0,0,0,0,0,42788412,7480,0,44619004,8232,0
1571,34222911280840,34222915538347,19999231,sB-eth3,up,34222915367105,netem,46176196,32348,0,0,0,0,0,42379464,6594,0,44389204,5272,0
1572,34222931277761,34222933440555,19996921,sA-eth3,up,34222933259093,netem,46404520,35286,0,0,0,0,0,42788412,7480,0,44619004,8232,0
1572,34222931277761,34222935282685,19996921,sB-eth3,up,34222935127144,netem,46176196,32348,0,0,0,0,0,42379464,6594,0,44389204,5272,0
1573,34222951279472,34222953083242,20001711,sA-eth3,up,34222952895760,netem,46404520,35286,0,0,0,0,0,42788412,7480,0,44619004,8232,0
1573,34222951279472,34222954690850,20001711,sB-eth3,up,34222954534138,netem,46176196,32348,0,0,0,0,0,42379464,6594,0,44389204,5272,0
1574,34222971287142,34222973469817,20007670,sA-eth3,up,34222973271055,netem,46404520,35286,0,0,0,0,0,42788412,7480,0,44619004,8232,0
1574,34222971287142,34222975453919,20007670,sB-eth3,up,34222975279887,netem,46176196,32348,0,0,0,0,0,42379464,6594,0,44389204,5272,0
1575,34222991276664,34222993149424,19989522,sA-eth3,up,34222992951332,netem,46404520,35286,0,0,0,0,0,42788412,7480,0,44619004,8232,0
1575,34222991276664,34222994962204,19989522,sB-eth3,up,34222994805063,netem,46176196,32348,0,0,0,0,0,42379464,6594,0,44389204,5272,0
1576,34223011282675,34223013169046,20006011,sA-eth3,up,34223012971544,netem,46404520,35286,0,0,0,0,0,42788412,7480,0,44619004,8232,0
1576,34223011282675,34223014933905,20006011,sB-eth3,up,34223014779004,netem,46176196,32348,0,0,0,0,0,42379464,6594,0,44389204,5272,0
1577,34223031276616,34223033077906,19993941,sA-eth3,up,34223032870973,netem,46404520,35286,0,0,0,0,0,42788412,7480,0,44619004,8232,0
1577,34223031276616,34223034933816,19993941,sB-eth3,up,34223034775074,netem,46176196,32348,0,0,0,0,0,42379464,6594,0,44389204,5272,0
1578,34223051284927,34223053125457,20008311,sA-eth3,up,34223052935114,netem,46404520,35286,0,0,0,0,0,42788412,7480,0,44619004,8232,0
1578,34223051284927,34223054941817,20008311,sB-eth3,up,34223054781265,netem,46176196,32348,0,0,0,0,0,42379464,6594,0,44389204,5272,0
1579,34223071278058,34223073235229,19993131,sA-eth3,up,34223073067757,netem,46404520,35286,0,0,0,0,0,42788412,7480,0,44619004,8232,0
1579,34223071278058,34223075115329,19993131,sB-eth3,up,34223074940568,netem,46176196,32348,0,0,0,0,0,42379464,6594,0,44389204,5272,0
1580,34223091280229,34223093166059,20002171,sA-eth3,up,34223092978438,netem,46404520,35286,0,0,0,0,0,42788412,7480,0,44619004,8232,0
1580,34223091280229,34223095053421,20002171,sB-eth3,up,34223094864408,netem,46176196,32348,0,0,0,0,0,42379464,6594,0,44389204,5272,0
1581,34223111285550,34223113165280,20005321,sA-eth3,up,34223112963068,netem,46404520,35286,0,0,0,0,0,42788412,7480,0,44619004,8232,0
1581,34223111285550,34223114805848,20005321,sB-eth3,up,34223114645256,netem,46176196,32348,0,0,0,0,0,42379464,6594,0,44389204,5272,0
1582,34223131300850,34223133294182,20015300,sA-eth3,up,34223133117191,netem,46404520,35286,0,0,0,0,0,42788412,7480,0,44619004,8232,0
1582,34223131300850,34223134961571,20015300,sB-eth3,up,34223134799459,netem,46176196,32348,0,0,0,0,0,42379464,6594,0,44389204,5272,0
1583,34223151277902,34223153567247,19977052,sA-eth3,up,34223153380584,netem,46404520,35286,0,0,0,0,0,42788412,7480,0,44619004,8232,0
1583,34223151277902,34223155230005,19977052,sB-eth3,up,34223155068803,netem,46176196,32348,0,0,0,0,0,42379464,6594,0,44389204,5272,0
1584,34223171271672,34223173200173,19993770,sA-eth3,up,34223172982151,netem,46404520,35286,0,0,0,0,0,42788412,7480,0,44619004,8232,0
1584,34223171271672,34223174866203,19993770,sB-eth3,up,34223174706590,netem,46176196,32348,0,0,0,0,0,42379464,6594,0,44389204,5272,0
1585,34223191278523,34223193065653,20006851,sA-eth3,up,34223192874381,netem,46404520,35286,0,0,0,0,0,42788412,7480,0,44619004,8232,0
1585,34223191278523,34223194661330,20006851,sB-eth3,up,34223194505809,netem,46176196,32348,0,0,0,0,0,42379464,6594,0,44389204,5272,0
1586,34223211272104,34223213573219,19993581,sA-eth3,up,34223213392148,netem,46404520,35286,0,0,0,0,0,42788412,7480,0,44619004,8232,0
1586,34223211272104,34223215386120,19993581,sB-eth3,up,34223215222448,netem,46176196,32348,0,0,0,0,0,42379464,6594,0,44389204,5272,0
1587,34223231285066,34223233163826,20012962,sA-eth3,up,34223232973153,netem,46404520,35286,0,0,0,0,0,42788412,7480,0,44619004,8232,0
1587,34223231285066,34223234805995,20012962,sB-eth3,up,34223234646033,netem,46176196,32348,0,0,0,0,0,42379464,6594,0,44389204,5272,0
1588,34223251275106,34223253360259,19990040,sA-eth3,up,34223253195777,netem,46404520,35286,0,0,0,0,0,42788412,7480,0,44619004,8232,0
1588,34223251275106,34223255029917,19990040,sB-eth3,up,34223254858246,netem,46176196,32348,0,0,0,0,0,42379464,6594,0,44389204,5272,0
1589,34223271276728,34223273041087,20001622,sA-eth3,up,34223272848515,netem,46404520,35286,0,0,0,0,0,42788412,7480,0,44619004,8232,0
1589,34223271276728,34223274994568,20001622,sB-eth3,up,34223274837507,netem,46176196,32348,0,0,0,0,0,42379464,6594,0,44389204,5272,0
1590,34223291280488,34223293137378,20003760,sA-eth3,up,34223292938397,netem,46404520,35286,0,0,0,0,0,42788412,7480,0,44619004,8232,0
1590,34223291280488,34223294764507,20003760,sB-eth3,up,34223294594474,netem,46176196,32348,0,0,0,0,0,42379464,6594,0,44389204,5272,0
1591,34223311288699,34223313317982,20008211,sA-eth3,up,34223313135910,netem,46404520,35286,0,0,0,0,0,42788412,7480,0,44619004,8232,0
1591,34223311288699,34223315175242,20008211,sB-eth3,up,34223314946070,netem,46176196,32348,0,0,0,0,0,42379464,6594,0,44389204,5272,0
1592,34223331271040,34223333099860,19982341,sA-eth3,up,34223332914548,netem,46404520,35286,0,0,0,0,0,42788412,7480,0,44619004,8232,0
1592,34223331271040,34223334759589,19982341,sB-eth3,up,34223334605107,netem,46176196,32348,0,0,0,0,0,42379464,6594,0,44389204,5272,0
1593,34223351278952,34223353343535,20007912,sA-eth3,up,34223353169322,netem,46404520,35286,0,0,0,0,0,42788412,7480,0,44619004,8232,0
1593,34223351278952,34223355040772,20007912,sB-eth3,up,34223354861831,netem,46176196,32348,0,0,0,0,0,42379464,6594,0,44389204,5272,0
1594,34223371274422,34223373097832,19995470,sA-eth3,up,34223372901020,netem,46404520,35286,0,0,0,0,0,42788412,7480,0,44619004,8232,0
1594,34223371274422,34223374730330,19995470,sB-eth3,up,34223374573349,netem,46176196,32348,0,0,0,0,0,42379464,6594,0,44389204,5272,0
1595,34223391279643,34223393306735,20005221,sA-eth3,up,34223393138984,netem,46404520,35286,0,0,0,0,0,42788412,7480,0,44619004,8232,0
1595,34223391279643,34223395149496,20005221,sB-eth3,up,34223394971974,netem,46176196,32348,0,0,0,0,0,42379464,6594,0,44389204,5272,0
1596,34223411275604,34223413166825,19995961,sA-eth3,up,34223412980193,netem,46404520,35286,0,0,0,0,0,42788412,7480,0,44619004,8232,0
1596,34223411275604,34223415035345,19995961,sB-eth3,up,34223414856444,netem,46176196,32348,0,0,0,0,0,42379464,6594,0,44389204,5272,0
1597,34223431273425,34223433136655,19997821,sA-eth3,up,34223432940013,netem,46404520,35286,0,0,0,0,0,42788412,7480,0,44619004,8232,0
1597,34223431273425,34223434912525,19997821,sB-eth3,up,34223434754764,netem,46176196,32348,0,0,0,0,0,42379464,6594,0,44389204,5272,0
1598,34223451284056,34223453048636,20010631,sA-eth3,up,34223452859823,netem,46404520,35286,0,0,0,0,0,42788412,7480,0,44619004,8232,0
1598,34223451284056,34223454852976,20010631,sB-eth3,up,34223454697174,netem,46176196,32348,0,0,0,0,0,42379464,6594,0,44389204,5272,0
1599,34223471271397,34223473683783,19987341,sA-eth3,up,34223473513312,netem,46404664,35288,0,0,0,78,1,42792954,7483,0,44619226,8235,0
1599,34223471271397,34223475373082,19987341,sB-eth3,up,34223475215310,netem,46176196,32348,0,0,0,0,0,42379464,6594,0,44389204,5272,0
1600,34223491281778,34223493786055,20010381,sA-eth3,up,34223493613174,netem,46405546,35299,0,0,0,0,0,42879112,7494,0,44620030,8245,0
1600,34223491281778,34223495473394,20010381,sB-eth3,up,34223495306312,netem,46176196,32348,0,0,0,0,0,42379464,6594,0,44389204,5272,0
1601,34223511287049,34223513606795,20005271,sA-eth3,up,34223513425132,netem,46406146,35307,0,0,0,0,0,42953554,7503,0,44620630,8253,0
1601,34223511287049,34223515397934,20005271,sB-eth3,up,34223515238102,netem,46176196,32348,0,0,0,0,0,42379464,6594,0,44389204,5272,0
1602,34223531277940,34223533269712,19990891,sA-eth3,up,34223533053149,netem,46407028,35318,0,0,0,78,1,43045504,7514,0,44621512,8264,0
1602,34223531277940,34223534948641,19990891,sB-eth3,up,34223534783949,netem,46177120,32362,0,0,0,0,0,42590570,6611,0,44390128,5286,0
1603,34223551289271,34223553204282,20011331,sA-eth3,up,34223552961009,netem,46407760,35328,0,0,0,78,1,43128700,7524,0,44622322,8275,0
1603,34223551289271,34223554871421,20011331,sB-eth3,up,34223554703938,netem,46177252,32364,0,0,0,0,0,42887150,6629,0,44390260,5288,0
1604,34223571282902,34223573125702,19993631,sA-eth3,up,34223572928460,netem,46408810,35343,0,0,0,0,0,43238224,7538,0,44623294,8289,0
1604,34223571282902,34223575331027,19993631,sB-eth3,up,34223575168324,netem,46177318,32365,0,0,0,0,0,43149044,6648,0,44390326,5289,0
1605,34223591279662,34223593147594,19996760,sA-eth3,up,34223592960931,netem,46409604,35354,0,0,0,78,1,43338928,7550,0,44624088,8300,0
1605,34223591279662,34223594825042,19996760,sB-eth3,up,34223594642600,netem,46177318,32365,0,0,0,0,0,43322412,6664,0,44390326,5289,0
1606,34223611281634,34223613528899,20001972,sA-eth3,up,34223613340016,netem,46410628,35368,0,0,0,0,0,43448452,7564,0,44625112,8314,0
1606,34223611281634,34223615313869,20001972,sB-eth3,up,34223615152406,netem,46177384,32366,0,0,0,0,0,43550936,6682,0,44390392,5290,0
1607,34223631274445,34223633233936,19992811,sA-eth3,up,34223633040404,netem,46411444,35380,0,0,0,0,0,43540468,7576,0,44625928,8326,0
1607,34223631274445,34223635109186,19992811,sB-eth3,up,34223634911375,netem,46177450,32367,0,0,0,0,0,43783804,6700,0,44390458,5291,0
1608,34223651277316,34223653213937,20002871,sA-eth3,up,34223653040206,netem,46412266,35391,0,0,0,0,0,43628008,7586,0,44626750,8337,0
1608,34223651277316,34223654857245,20002871,sB-eth3,up,34223654697043,netem,46177450,32367,0,0,0,0,0,44023912,6718,0,44390458,5291,0
1609,34223671281616,34223673239318,20004300,sA-eth3,up,34223673058526,netem,46413088,35402,0,0,0,78,1,43724368,7598,0,44627572,8348,0
1609,34223671281616,34223675342831,20004300,sB-eth3,up,34223675182689,netem,46177516,32368,0,0,0,0,0,44271326,6737,0,44390524,5292,0
1610,34223691278727,34223693114238,19997111,sA-eth3,up,34223692920635,netem,46414144,35416,0,0,0,78,1,43854230,7613,0,44628628,8362,0
1610,34223691278727,34223694977258,19997111,sB-eth3,up,34223694819446,netem,46177582,32369,0,0,0,0,0,44487200,6754,0,44390590,5293,0
1611,34223711282259,34223713151759,20003532,sA-eth3,up,34223712960366,netem,46415086,35429,0,0,0,0,0,43953354,7623,0,44629570,8375,0
1611,34223711282259,34223714917888,20003532,sB-eth3,up,34223714761547,netem,46177582,32369,0,0,0,0,0,44487200,6754,0,44390590,5293,0
1612,34223731278009,34223733075619,19995750,sA-eth3,up,34223732889036,netem,46416162,35443,0,0,0,0,0,44096314,7639,0,44630646,8389,0
1612,34223731278009,34223734997650,19995750,sB-eth3,up,34223734844168,netem,46177582,32369,0,0,0,0,0,44487200,6754,0,44390590,5293,0
1613,34223751285180,34223753398703,20007171,sA-eth3,up,34223753218011,netem,46417070,35455,0,0,0,66,1,44163648,7650,0,44631554,8401,0
1613,34223751285180,34223755251403,20007171,sB-eth3,up,34223755092583,netem,46177726,32371,0,0,0,0,0,44487714,6755,0,44390734,5295,0
1614,34223771266721,34223773367234,19981541,sA-eth3,up,34223773200802,netem,46417862,35465,0,0,0,0,0,44241118,7661,0,44632346,8411,0
1614,34223771266721,34223775170063,19981541,sB-eth3,up,34223774974431,netem,46177726,32371,0,0,0,0,0,44487714,6755,0,44390734,5295,0
1615,34223791279872,34223793040641,20013151,sA-eth3,up,34223792851030,netem,46418564,35474,0,0,0,0,0,44319904,7670,0,44633048,8420,0
1615,34223791279872,34223795129415,20013151,sB-eth3,up,34223794955663,netem,46177726,32371,0,0,0,0,0,44487714,6755,0,44390734,5295,0
1616,34223811273123,34223813346186,19993251,sA-eth3,up,34223813170433,netem,46419572,35488,0,0,0,0,0,44403232,7682,0,44634056,8434,0
1616,34223811273123,34223815183816,19993251,sB-eth3,up,34223815016245,netem,46177726,32371,0,0,0,0,0,44487714,6755,0,44390734,5295,0
1617,34223831278994,34223833444518,20005871,sA-eth3,up,34223833257796,netem,46420192,35496,0,0,0,0,0,44473264,7690,0,44634676,8442,0
1617,34223831278994,34223835284148,20005871,sB-eth3,up,34223835125776,netem,46177726,32371,0,0,0,0,0,44487714,6755,0,44390734,5295,0
1618,34223851274814,34223853458439,19995820,sA-eth3,up,34223853233446,netem,46421006,35507,0,0,0,0,0,44549296,7702,0,44635490,8453,0
1618,34223851274814,34223855361850,19995820,sB-eth3,up,34223855191568,netem,46177726,32371,0,0,0,0,0,44487714,6755,0,44390734,5295,0
1619,34223871279876,34223873417989,20005062,sA-eth3,up,34223873235787,netem,46421072,35508,0,0,0,0,0,44549296,7702,0,44635556,8454,0
1619,34223871279876,34223875763836,20005062,sB-eth3,up,34223875606373,netem,46177726,32371,0,0,0,0,0,44487714,6755,0,44390734,5295,0
1620,34223891288066,34223893231988,20008190,sA-eth3,up,34223893060276,netem,46421072,35508,0,0,0,0,0,44549296,7702,0,44635556,8454,0
1620,34223891288066,34223895347522,20008190,sB-eth3,up,34223895185250,netem,46177726,32371,0,0,0,0,0,44487714,6755,0,44390734,5295,0
1621,34223911285468,34223913193788,19997402,sA-eth3,up,34223913018817,netem,46421072,35508,0,0,0,0,0,44549296,7702,0,44635556,8454,0
1621,34223911285468,34223915469323,19997402,sB-eth3,up,34223915296592,netem,46177726,32371,0,0,0,0,0,44487714,6755,0,44390734,5295,0
1622,34223931275719,34223933660205,19990251,sA-eth3,up,34223933487993,netem,46421072,35508,0,0,0,0,0,44549296,7702,0,44635556,8454,0
1622,34223931275719,34223935306183,19990251,sB-eth3,up,34223935148772,netem,46177726,32371,0,0,0,0,0,44487714,6755,0,44390734,5295,0
1623,34223951272060,34223953086100,19996341,sA-eth3,up,34223952889927,netem,46421072,35508,0,0,0,0,0,44549296,7702,0,44635556,8454,0
1623,34223951272060,34223955158842,19996341,sB-eth3,up,34223954979550,netem,46177726,32371,0,0,0,0,0,44487714,6755,0,44390734,5295,0
1624,34223971289990,34223973186162,20017930,sA-eth3,up,34223972970549,netem,46421072,35508,0,0,0,0,0,44549296,7702,0,44635556,8454,0
1624,34223971289990,34223975312245,20017930,sB-eth3,up,34223975140323,netem,46177726,32371,0,0,0,0,0,44487714,6755,0,44390734,5295,0
1625,34223991279641,34223993538636,19989651,sA-eth3,up,34223993348855,netem,46421072,35508,0,0,0,0,0,44549296,7702,0,44635556,8454,0
1625,34223991279641,34223995212585,19989651,sB-eth3,up,34223995050163,netem,46177726,32371,0,0,0,0,0,44487714,6755,0,44390734,5295,0
1626,34224011282752,34224013570417,20003111,sA-eth3,up,34224013377746,netem,46421072,35508,0,0,0,0,0,44549296,7702,0,44635556,8454,0
1626,34224011282752,34224015256167,20003111,sB-eth3,up,34224015095085,netem,46177726,32371,0,0,0,0,0,44487714,6755,0,44390734,5295,0
1627,34224031282793,34224033095403,20000041,sA-eth3,up,34224032900572,netem,46421072,35508,0,0,0,0,0,44549296,7702,0,44635556,8454,0
1627,34224031282793,34224034746241,20000041,sB-eth3,up,34224034587670,netem,46177726,32371,0,0,0,0,0,44487714,6755,0,44390734,5295,0
1628,34224051285895,34224053575290,20003102,sA-eth3,up,34224053357787,netem,46421558,35515,0,0,0,0,0,44619418,7711,0,44636042,8461,0
1628,34224051285895,34224055282699,20003102,sB-eth3,up,34224055116607,netem,46347384,32484,0,0,0,49962,3,44488638,6769,0,44571234,5309,0
1629,34224071281795,34224073158287,19995900,sA-eth3,up,34224072942234,netem,46422286,35525,0,0,0,78,1,44698270,7721,0,44636770,8471,0
1629,34224071281795,34224074828584,19995900,sB-eth3,up,34224074661262,netem,46601736,32652,0,0,0,48448,3,44489760,6786,0,44798244,5326,0
1630,34224091313077,34224093398859,20031282,sA-eth3,up,34224093182137,netem,46423088,35536,0,0,0,66,1,44781466,7731,0,44637572,8482,0
1630,34224091313077,34224095788795,20031282,sB-eth3,up,34224095573564,netem,46866686,32827,0,0,0,37850,3,44490948,6804,0,45060204,5346,0
1631,34224111287837,34224113441741,19974760,sA-eth3,up,34224113221559,netem,46423952,35548,0,0,0,0,0,44869072,7742,0,44638436,8494,0
1631,34224111287837,34224115399652,19974760,sB-eth3,up,34224115221821,netem,47108926,32987,0,0,0,37850,3,44492070,6821,0,45285766,5363,0
1632,34224131278797,34224133780335,19990960,sA-eth3,up,34224133580283,netem,46424264,35552,0,0,0,132,2,44921596,7748,0,44638814,8499,0
1632,34224131278797,34224136132152,19990960,sB-eth3,up,34224135923260,netem,47366306,33157,0,0,0,45420,3,44493258,6839,0,45533180,5382,0
1633,34224151275949,34224153261101,19997152,sA-eth3,up,34224153073109,netem,46425024,35562,0,0,0,86,1,44991826,7759,0,44639508,8508,0
1633,34224151275949,34224155326534,19997152,sB-eth3,up,34224155163101,netem,47600976,33312,0,0,0,52990,4,44494380,6856,0,45773288,5400,0
1634,34224171280090,34224173288242,20004141,sA-eth3,up,34224173104579,netem,46425714,35571,0,0,0,0,0,45048826,7767,0,44640198,8517,0
1634,34224171280090,34224175233784,20004141,sB-eth3,up,34224175063601,netem,47858356,33482,0,0,0,37850,3,44495568,6874,0,46006156,5418,0
1635,34224191282232,34224193317643,20002142,sA-eth3,up,34224193096851,netem,46426476,35582,0,0,0,0,0,45137814,7777,0,44640960,8528,0
1635,34224191282232,34224195581329,20002142,sB-eth3,up,34224195389086,netem,48115736,33652,0,0,0,45420,3,44496822,6893,0,46253570,5437,0
1636,34224211279662,34224213282364,19997430,sA-eth3,up,34224213062651,netem,46427494,35595,0,0,0,66,1,45224170,7791,0,44642044,8542,0
1636,34224211279662,34224215289166,19997430,sB-eth3,up,34224215100694,netem,48362518,33815,0,0,0,8084,1,44498010,6911,0,46490782,5455,0
1637,34224231284982,34224233373036,20005320,sA-eth3,up,34224233187754,netem,46579878,35709,0,0,0,30358,3,45332642,7811,0,44788488,8566,0
1637,34224231284982,34224235880764,20005320,sB-eth3,up,34224235713972,netem,48371394,33833,0,0,0,0,0,44723662,6929,0,46499328,5468,0
1638,34224251277304,34224253603600,19992322,sA-eth3,up,34224253418857,netem,46818448,35878,0,0,0,54676,5,45418342,7837,0,45036708,8596,0
1638,34224251277304,34224255644042,19992322,sB-eth3,up,34224255482430,netem,48371658,33837,0,0,0,0,0,44963770,6947,0,46499592,5472,0
1639,34224271271374,34224273569820,19994070,sA-eth3,up,34224273370708,netem,47075018,36055,0,0,0,50126,5,45451716,7860,0,45280350,8621,0
1639,34224271271374,34224275681284,19994070,sB-eth3,up,34224275517202,netem,48371724,33838,0,0,0,0,0,45196638,6965,0,46499658,5473,0
1640,34224291275546,34224293596042,20004172,sA-eth3,up,34224293413429,netem,47331636,36234,0,0,0,63810,7,45532940,7884,0,45511074,8649,0
1640,34224291275546,34224295485582,20004172,sB-eth3,up,34224295313581,netem,48371724,33838,0,0,0,0,0,45429506,6983,0,46499658,5473,0
1641,34224311282887,34224314222529,20007341,sA-eth3,up,34224314039487,netem,47587010,36415,0,0,0,68364,8,45617258,7911,0,45756548,8680,0
1641,34224311282887,34224316398603,20007341,sB-eth3,up,34224316236561,netem,48371790,33839,0,0,0,0,0,45684160,7002,0,46499724,5474,0
1642,34224331277248,34224333696464,19994361,sA-eth3,up,34224333519942,netem,47827076,36584,0,0,0,82020,10,45707038,7933,0,46001788,8708,0
1642,34224331277248,34224335820158,19994361,sB-eth3,up,34224335663206,netem,48371856,33840,0,0,0,0,0,45917028,7020,0,46499790,5475,0
1643,34224351273828,34224353477013,19996580,sA-eth3,up,34224353289071,netem,48083608,36762,0,0,0,80610,9,45756274,7955,0,46233874,8735,0
1643,34224351273828,34224355500046,19996580,sB-eth3,up,34224355326443,netem,48371856,33840,0,0,0,0,0,46142590,7037,0,46499790,5475,0
1644,34224371271319,34224373558334,19997491,sA-eth3,up,34224373368153,netem,48322166,36929,0,0,0,101922,13,45844804,7980,0,46479292,8764,0
1644,34224371271319,34224375643598,19997491,sB-eth3,up,34224375481086,netem,48371922,33841,0,0,0,0,0,46390004,7056,0,46499856,5476,0
1645,34224391275190,34224393488835,20003871,sA-eth3,up,34224393305923,netem,48582234,37115,0,0,0,46208,6,45923066,8003,0,46713096,8794,0
1645,34224391275190,34224395359126,20003871,sB-eth3,up,34224395196233,netem,48371988,33842,0,0,0,0,0,46605878,7073,0,46499922,5477,0
1646,34224411279181,34224413456226,20003991,sA-eth3,up,34224413270613,netem,48629522,37161,0,0,0,0,0,45997970,8019,0,46758536,8812,0
1646,34224411279181,34224415380526,20003991,sB-eth3,up,34224415178775,netem,48541646,33955,0,0,0,36336,2,46606736,7086,0,46662980,5490,0
1647,34224431271683,34224433192063,19992502,sA-eth3,up,34224433019931,netem,48630342,37171,0,0,0,0,0,46073926,8029,0,46759356,8822,0
1647,34224431271683,34224434836072,19992502,sB-eth3,up,34224434681660,netem,48788428,34118,0,0,0,37850,3,46607924,7104,0,46907432,5508,0
1648,34224451270293,34224453056353,19998610,sA-eth3,up,34224452867190,netem,48631246,37183,0,0,0,78,1,46173182,8041,0,46760260,8834,0
1648,34224451270293,34224454711481,19998610,sB-eth3,up,34224454554190,netem,49030812,34280,0,0,0,52990,4,46609494,7121,0,47133138,5528,0
1649,34224471277934,34224473086105,20007641,sA-eth3,up,34224472893262,netem,48632134,37195,0,0,0,144,2,46285602,8055,0,46761226,8847,0
1649,34224471277934,34224475178248,20007641,sB-eth3,up,34224475021055,netem,49288192,34450,0,0,0,45420,3,46610682,7139,0,47380552,5546,0
1650,34224491284605,34224493180086,20006671,sA-eth3,up,34224492988725,netem,48632992,37206,0,0,0,86,1,46371694,8065,0,46762006,8857,0
1650,34224491284605,34224494886385,20006671,sB-eth3,up,34224494727434,netem,49538002,34615,0,0,0,52990,4,46611936,7158,0,47627966,5565,0
1651,34224511272116,34224513202028,19987511,sA-eth3,up,34224513000785,netem,48633796,37216,0,0,0,66,1,46469436,8076,0,46762810,8867,0
1651,34224511272116,34224515165619,19987511,sB-eth3,up,34224514972447,netem,49795382,34785,0,0,0,37850,3,46613124,7176,0,47868074,5583,0
1652,34224531271068,34224533131778,19998952,sA-eth3,up,34224532940155,netem,48634580,37226,0,0,0,0,0,46517814,8085,0,46763594,8877,0
1652,34224531271068,34224534774046,19998952,sB-eth3,up,34224534614274,netem,50037622,34945,0,0,0,45420,3,46614246,7193,0,48100942,5601,0
1653,34224551272988,34224553095088,20001920,sA-eth3,up,34224552906376,netem,48635024,37232,0,0,0,0,0,46552896,8090,0,46764038,8883,0
1653,34224551272988,34224554741156,20001920,sB-eth3,up,34224554584314,netem,50287432,35110,0,0,0,57532,4,46615434,7211,0,48348290,5619,0
1654,34224571274439,34224573114530,20001451,sA-eth3,up,34224572921687,netem,48635024,37232,0,0,0,0,0,46552896,8090,0,46764038,8883,0
1654,34224571274439,34224574853529,20001451,sB-eth3,up,34224574697616,netem,50538756,35276,0,0,0,26252,3,46616358,7225,0,48582540,5636,0
1655,34224591285480,34224593516555,20011041,sA-eth3,up,34224593323393,netem,48635024,37232,0,0,0,0,0,46552896,8090,0,46764038,8883,0
1655,34224591285480,34224595566787,20011041,sB-eth3,up,34224595311124,netem,50565008,35294,0,0,0,0,0,46616556,7228,0,48607802,5639,0
1656,34224611279311,34224613190862,19993831,sA-eth3,up,34224612989420,netem,48635024,37232,0,0,0,0,0,46552896,8090,0,46764038,8883,0
1656,34224611279311,34224614884181,19993831,sB-eth3,up,34224614679778,netem,50565008,35294,0,0,0,0,0,46616556,7228,0,48607802,5639,0
1657,34224631278552,34224633057261,19999241,sA-eth3,up,34224632867289,netem,48635024,37232,0,0,0,0,0,46552896,8090,0,46764038,8883,0
1657,34224631278552,34224634685869,19999241,sB-eth3,up,34224634525498,netem,50565008,35294,0,0,0,0,0,46616556,7228,0,48607802,5639,0
1658,34224651280323,34224653077072,20001771,sA-eth3,up,34224652877661,netem,48635024,37232,0,0,0,0,0,46552896,8090,0,46764038,8883,0
1658,34224651280323,34224655216677,20001771,sB-eth3,up,34224655059174,netem,50565008,35294,0,0,0,0,0,46616556,7228,0,48607802,5639,0
1659,34224671275584,34224673305346,19995261,sA-eth3,up,34224673135424,netem,48635024,37232,0,0,0,0,0,46552896,8090,0,46764038,8883,0
1659,34224671275584,34224675185407,19995261,sB-eth3,up,34224675027096,netem,50565008,35294,0,0,0,0,0,46616556,7228,0,48607802,5639,0
1660,34224691274544,34224693188906,19998960,sA-eth3,up,34224692939563,netem,48635024,37232,0,0,0,0,0,46552896,8090,0,46764038,8883,0
1660,34224691274544,34224694955785,19998960,sB-eth3,up,34224694798924,netem,50565050,35295,0,0,0,0,0,46616598,7229,0,48607844,5640,0
1661,34224711279265,34224713241827,20004721,sA-eth3,up,34224713069756,netem,48635024,37232,0,0,0,0,0,46552896,8090,0,46764038,8883,0
1661,34224711279265,34224715039408,20004721,sB-eth3,up,34224714831645,netem,50565050,35295,0,0,0,0,0,46616598,7229,0,48607844,5640,0
1662,34224731275407,34224733122037,19996142,sA-eth3,up,34224732925976,netem,48635024,37232,0,0,0,0,0,46552896,8090,0,46764038,8883,0
1662,34224731275407,34224734720725,19996142,sB-eth3,up,34224734562943,netem,50565050,35295,0,0,0,0,0,46616598,7229,0,48607844,5640,0
1663,34224751282887,34224753384491,20007480,sA-eth3,up,34224753208049,netem,48635024,37232,0,0,0,0,0,46552896,8090,0,46764038,8883,0
1663,34224751282887,34224755478164,20007480,sB-eth3,up,34224755301122,netem,50565050,35295,0,0,0,0,0,46616598,7229,0,48607844,5640,0
1664,34224771272479,34224773158989,19989592,sA-eth3,up,34224772966058,netem,48635468,37238,0,0,0,0,0,46589624,8098,0,46764482,8889,0
1664,34224771272479,34224775037620,19989592,sB-eth3,up,34224774862568,netem,50565050,35295,0,0,0,0,0,46616598,7229,0,48607844,5640,0
1665,34224791277940,34224794193692,20005461,sA-eth3,up,34224793991700,netem,48636110,37247,0,0,0,132,2,46645242,8107,0,46765190,8899,0
1665,34224791277940,34224796343935,20005461,sB-eth3,up,34224796181874,netem,50565050,35295,0,0,0,0,0,46616598,7229,0,48607844,5640,0
1666,34224811294461,34224813424694,20016521,sA-eth3,up,34224813189201,netem,48636806,37257,0,0,0,78,0,46721264,8118,0,46765820,8908,0
1666,34224811294461,34224815763451,20016521,sB-eth3,up,34224815590228,netem,50565050,35295,0,0,0,0,0,46616598,7229,0,48607844,5640,0
1667,34224831273361,34224833159573,19978900,sA-eth3,up,34224832978750,netem,48637340,37264,0,0,0,0,0,46787018,8127,0,46766354,8915,0
1667,34224831273361,34224834815770,19978900,sB-eth3,up,34224834654319,netem,50565050,35295,0,0,0,0,0,46616598,7229,0,48607844,5640,0
1668,34224851274133,34224853897331,20000772,sA-eth3,up,34224853730739,netem,48637418,37265,0,0,0,0,0,46787018,8127,0,46766432,8916,0
1668,34224851274133,34224855975734,20000772,sB-eth3,up,34224855820933,netem,50565050,35295,0,0,0,0,0,46616598,7229,0,48607844,5640,0
1669,34224871281634,34224873227075,20007501,sA-eth3,up,34224873060983,netem,48637418,37265,0,0,0,0,0,46787018,8127,0,46766432,8916,0
1669,34224871281634,34224875597571,20007501,sB-eth3,up,34224875445540,netem,50565050,35295,0,0,0,0,0,46616598,7229,0,48607844,5640,0
1670,34224891269964,34224893248226,19988330,sA-eth3,up,34224893082925,netem,48637418,37265,0,0,0,0,0,46787018,8127,0,46766432,8916,0
1670,34224891269964,34224895095187,19988330,sB-eth3,up,34224894917425,netem,50565050,35295,0,0,0,0,0,46616598,7229,0,48607844,5640,0
1671,34224911275386,34224913191446,20005422,sA-eth3,up,34224913015975,netem,48637418,37265,0,0,0,0,0,46787018,8127,0,46766432,8916,0
1671,34224911275386,34224914836405,20005422,sB-eth3,up,34224914679753,netem,50565050,35295,0,0,0,0,0,46616598,7229,0,48607844,5640,0
1672,34224931272496,34224933131927,19997110,sA-eth3,up,34224932950415,netem,48637418,37265,0,0,0,0,0,46787018,8127,0,46766432,8916,0
1672,34224931272496,34224934741925,19997110,sB-eth3,up,34224934590013,netem,50565050,35295,0,0,0,0,0,46616598,7229,0,48607844,5640,0
1673,34224951265417,34224953024007,19992921,sA-eth3,up,34224952846514,netem,48637418,37265,0,0,0,0,0,46787018,8127,0,46766432,8916,0
1673,34224951265417,34224954640334,19992921,sB-eth3,up,34224954487892,netem,50565050,35295,0,0,0,0,0,46616598,7229,0,48607844,5640,0
1674,34224971271318,34224973037158,20005901,sA-eth3,up,34224972848045,netem,48637418,37265,0,0,0,0,0,46787018,8127,0,46766432,8916,0
1674,34224971271318,34224974647835,20005901,sB-eth3,up,34224974495094,netem,50565050,35295,0,0,0,0,0,46616598,7229,0,48607844,5640,0
1675,34224991274590,34224993598925,20003272,sA-eth3,up,34224993423263,netem,48637418,37265,0,0,0,0,0,46787018,8127,0,46766432,8916,0
1675,34224991274590,34224995476396,20003272,sB-eth3,up,34224995308293,netem,50565050,35295,0,0,0,0,0,46616598,7229,0,48607844,5640,0
1676,34225011271980,34225013264222,19997390,sA-eth3,up,34225013098820,netem,48637418,37265,0,0,0,0,0,46787018,8127,0,46766432,8916,0
1676,34225011271980,34225015223854,19997390,sB-eth3,up,34225015052392,netem,50565050,35295,0,0,0,0,0,46616598,7229,0,48607844,5640,0
1677,34225031267161,34225033188632,19995181,sA-eth3,up,34225033020140,netem,48637418,37265,0,0,0,0,0,46787018,8127,0,46766432,8916,0
1677,34225031267161,34225034865111,19995181,sB-eth3,up,34225034710109,netem,50565050,35295,0,0,0,0,0,46616598,7229,0,48607844,5640,0
1678,34225051270932,34225053072492,20003771,sA-eth3,up,34225052889070,netem,48637496,37266,0,0,0,0,0,46788532,8128,0,46766510,8917,0
1678,34225051270932,34225054740031,20003771,sB-eth3,up,34225054581878,netem,50565050,35295,0,0,0,0,0,46616598,7229,0,48607844,5640,0
1679,34225071278243,34225073135794,20007311,sA-eth3,up,34225072955801,netem,48637496,37266,0,0,0,0,0,46788532,8128,0,46766510,8917,0
1679,34225071278243,34225074748721,20007311,sB-eth3,up,34225074593779,netem,50565050,35295,0,0,0,0,0,46616598,7229,0,48607844,5640,0
1680,34225091270964,34225093085164,19992721,sA-eth3,up,34225092902412,netem,48637496,37266,0,0,0,0,0,46788532,8128,0,46766510,8917,0
1680,34225091270964,34225094706361,19992721,sB-eth3,up,34225094552051,netem,50565050,35295,0,0,0,0,0,46616598,7229,0,48607844,5640,0
1681,34225111275765,34225114091296,20004801,sA-eth3,up,34225113880253,netem,48637496,37266,0,0,0,0,0,46788532,8128,0,46766510,8917,0
1681,34225111275765,34225116178709,20004801,sB-eth3,up,34225115998888,netem,50565050,35295,0,0,0,0,0,46616598,7229,0,48607844,5640,0
1682,34225131270525,34225133301578,19994760,sA-eth3,up,34225133132077,netem,48637496,37266,0,0,0,0,0,46788532,8128,0,46766510,8917,0
1682,34225131270525,34225135084878,19994760,sB-eth3,up,34225134910126,netem,50565050,35295,0,0,0,0,0,46616598,7229,0,48607844,5640,0
1683,34225151267657,34225153099837,19997132,sA-eth3,up,34225152913535,netem,48637496,37266,0,0,0,0,0,46788532,8128,0,46766510,8917,0
1683,34225151267657,34225154736996,19997132,sB-eth3,up,34225154579343,netem,50565050,35295,0,0,0,0,0,46616598,7229,0,48607844,5640,0
1684,34225171277148,34225173325020,20009491,sA-eth3,up,34225173136659,netem,48704202,37311,0,0,0,34822,3,46788664,8130,0,46830576,8922,0
1684,34225171277148,34225175086319,20009491,sB-eth3,up,34225174912658,netem,50565050,35295,0,0,0,0,0,46616598,7229,0,48607844,5640,0
1685,34225191283169,34225193180129,20006021,sA-eth3,up,34225192980757,netem,48954012,37476,0,0,0,40878,3,46789258,8139,0,47070618,8939,0
1685,34225191283169,34225194839908,20006021,sB-eth3,up,34225194679376,netem,50565050,35295,0,0,0,0,0,46616598,7229,0,48607844,5640,0
1686,34225211280720,34225213123890,19997551,sA-eth3,up,34225212927038,netem,49019114,37519,0,0,0,0,0,46789258,8139,0,47133212,8944,0
1686,34225211280720,34225214763878,19997551,sB-eth3,up,34225214608216,netem,50565050,35295,0,0,0,0,0,46616598,7229,0,48607844,5640,0
1687,34225231275741,34225233081131,19995021,sA-eth3,up,34225232890459,netem,49035768,37530,0,0,0,43906,3,46789324,8140,0,47165200,8946,0
1687,34225231275741,34225234728348,19995021,sB-eth3,up,34225234571297,netem,50565050,35295,0,0,0,0,0,46616598,7229,0,48607844,5640,0
1688,34225251279232,34225253132722,20003491,sA-eth3,up,34225252947081,netem,49284064,37694,0,0,0,0,0,46789324,8140,0,47387866,8963,0
1688,34225251279232,34225254885351,20003491,sB-eth3,up,34225254699840,netem,50565050,35295,0,0,0,0,0,46616598,7229,0,48607844,5640,0
1689,34225271276722,34225273106763,19997490,sA-eth3,up,34225272914341,netem,49284496,37700,0,0,0,66,1,46824604,8148,0,47388298,8969,0
1689,34225271276722,34225274769671,19997490,sB-eth3,up,34225274611310,netem,50565050,35295,0,0,0,0,0,46616598,7229,0,48607844,5640,0
1690,34225291270613,34225293087783,19993891,sA-eth3,up,34225292893521,netem,49489594,37845,0,0,0,50094,5,46905036,8160,0,47601536,8996,0
1690,34225291270613,34225294732081,19993891,sB-eth3,up,34225294576120,netem,50565050,35295,0,0,0,0,0,46616598,7229,0,48607844,5640,0
1691,34225311280074,34225313091304,20009461,sA-eth3,up,34225312903643,netem,49659966,37969,0,0,0,78,1,46985402,8171,0,47749326,9019,0
1691,34225311280074,34225314701432,20009461,sB-eth3,up,34225314548630,netem,50565050,35295,0,0,0,0,0,46616598,7229,0,48607844,5640,0
1692,34225331265426,34225333259297,19985352,sA-eth3,up,34225333089006,netem,49660830,37981,0,0,0,66,1,47073074,8183,0,47750112,9030,0
1692,34225331265426,34225334962436,19985352,sB-eth3,up,34225334806525,netem,50718054,35397,0,0,0,59046,3,46617324,7240,0,48754842,5651,0
1693,34225351270847,34225353135427,20005421,sA-eth3,up,34225352940505,netem,49661546,37991,0,0,0,0,0,47131522,8191,0,47750828,9040,0
1693,34225351270847,34225354785755,20005421,sB-eth3,up,34225354629923,netem,50904276,35520,0,0,0,0,0,46617654,7245,0,48933738,5663,0
1694,34225371266937,34225373141258,19996090,sA-eth3,up,34225372953766,netem,49661854,37995,0,0,0,0,0,47175358,8197,0,47751136,9044,0
1694,34225371266937,34225374887908,19996090,sB-eth3,up,34225374732935,netem,50910332,35524,0,0,0,0,0,46617654,7245,0,48939596,5664,0
1695,34225391266948,34225393092458,20000011,sA-eth3,up,34225392901846,netem,49662424,38002,0,0,0,66,1,47219194,8203,0,47751706,9051,0
1695,34225391266948,34225394739807,20000011,sB-eth3,up,34225394575335,netem,51036324,35612,0,0,0,37982,5,46744380,7256,0,49075250,5679,0
1696,34225411276699,34225413149160,20009751,sA-eth3,up,34225412957678,netem,49663396,38016,0,0,0,0,0,47338986,8219,0,47752678,9065,0
1696,34225411276699,34225414808308,20009751,sB-eth3,up,34225414657137,netem,51105180,35668,0,0,0,0,0,46991794,7275,0,49126920,5694,0
1697,34225431275600,34225433187631,19998901,sA-eth3,up,34225433019670,netem,49664236,38028,0,0,0,132,2,47449892,8232,0,47753584,9078,0
1697,34225431275600,34225434869120,19998901,sB-eth3,up,34225434717408,netem,51264150,35773,0,0,0,30346,3,47269814,7297,0,49279752,5706,0
1698,34225451268861,34225453108131,19993261,sA-eth3,up,34225452924490,netem,49665238,38043,0,0,0,0,0,47570934,8245,0,47754520,9092,0
1698,34225451268861,34225454795580,19993261,sB-eth3,up,34225454642378,netem,51400476,35864,0,0,0,0,0,47547768,7318,0,49410798,5717,0
1699,34225471314863,34225473342955,20046002,sA-eth3,up,34225473119172,netem,49666058,38053,0,0,0,86,1,47654196,8256,0,47755426,9103,0
1699,34225471314863,34225475643330,20046002,sB-eth3,up,34225475462068,netem,51514092,35940,0,0,0,37850,3,47777806,7337,0,49534538,5727,0
1700,34225491281183,34225493270625,19966320,sA-eth3,up,34225493070433,netem,49667276,38068,0,0,0,0,0,47772474,8271,0,47756558,9117,0
1700,34225491281183,34225495146486,19966320,sB-eth3,up,34225494954993,netem,51756332,36100,0,0,0,15140,1,48039766,7357,0,49767406,5745,0
1701,34225511276483,34225513247415,19995300,sA-eth3,up,34225513069133,netem,49786010,38155,0,0,0,38072,6,47854828,8290,0,47885428,9138,0
1701,34225511276483,34225515349749,19995300,sB-eth3,up,34225515190298,netem,51824528,36146,0,0,0,30280,2,48355302,7377,0,49818416,5750,0
1702,34225531271035,34225533200656,19994552,sA-eth3,up,34225532999784,netem,50044290,38337,0,0,0,45420,3,47930194,8313,0,48119118,9167,0
1702,34225531271035,34225534858774,19994552,sB-eth3,up,34225534695502,netem,52074404,36312,0,0,0,22710,2,48492074,7387,0,50058590,5769,0
1703,34225551271306,34225553105676,20000271,sA-eth3,up,34225552909274,netem,50297876,38514,0,0,0,59112,5,48023266,8341,0,48367280,9196,0
1703,34225551271306,34225554841875,20000271,sB-eth3,up,34225554678604,netem,52316644,36472,0,0,0,30280,2,48688610,7403,0,50291458,5787,0
1704,34225571278117,34225573094237,20006811,sA-eth3,up,34225572909025,netem,50537614,38679,0,0,0,52990,4,48059272,8360,0,48607914,9221,0
1704,34225571278117,34225574719454,20006811,sB-eth3,up,34225574563053,netem,52574090,36643,0,0,0,33308,2,48725522,7407,0,50538938,5807,0
1705,34225591276007,34225593219549,19997890,sA-eth3,up,34225593030657,netem,50791966,38847,0,0,0,51990,4,48059932,8370,0,48849470,9239,0
1705,34225591276007,34225594853377,19997890,sB-eth3,up,34225594695276,netem,52759312,36766,0,0,0,0,0,48725522,7407,0,50716834,5819,0
1706,34225611271208,34225613438873,19995201,sA-eth3,up,34225613251710,netem,50843956,38882,0,0,0,0,0,48060130,8373,0,48887764,9242,0
1706,34225611271208,34225615179752,19995201,sB-eth3,up,34225615021900,netem,52759378,36767,0,0,0,0,0,48725588,7408,0,50716900,5820,0
1707,34225631279540,34225633089320,20008332,sA-eth3,up,34225632866877,netem,50844470,38883,0,0,0,0,0,48060208,8374,0,48888278,9243,0
1707,34225631279540,34225634704877,20008332,sB-eth3,up,34225634546976,netem,52759378,36767,0,0,0,0,0,48725588,7408,0,50716900,5820,0
1708,34225651272850,34225653041460,19993310,sA-eth3,up,34225652849997,netem,50844470,38883,0,0,0,0,0,48060208,8374,0,48888278,9243,0
1708,34225651272850,34225654643398,19993310,sB-eth3,up,34225654489316,netem,52759378,36767,0,0,0,0,0,48725588,7408,0,50716900,5820,0
1709,34225671285602,34225673540947,20012752,sA-eth3,up,34225673364845,netem,50844470,38883,0,0,0,0,0,48060208,8374,0,48888278,9243,0
1709,34225671285602,34225675222865,20012752,sB-eth3,up,34225675068904,netem,52759378,36767,0,0,0,0,0,48725588,7408,0,50716900,5820,0
1710,34225691272432,34225693075602,19986830,sA-eth3,up,34225692886131,netem,50844470,38883,0,0,0,0,0,48060208,8374,0,48888278,9243,0
1710,34225691272432,34225695137175,19986830,sB-eth3,up,34225694962673,netem,52759378,36767,0,0,0,0,0,48725588,7408,0,50716900,5820,0
1711,34225711279054,34225713432787,20006622,sA-eth3,up,34225713246245,netem,50844470,38883,0,0,0,0,0,48060208,8374,0,48888278,9243,0
1711,34225711279054,34225715169227,20006622,sB-eth3,up,34225714999334,netem,52759378,36767,0,0,0,0,0,48725588,7408,0,50716900,5820,0
1712,34225731282455,34225733119435,20003401,sA-eth3,up,34225732927662,netem,50844470,38883,0,0,0,0,0,48060208,8374,0,48888278,9243,0
1712,34225731282455,34225734725133,20003401,sB-eth3,up,34225734570681,netem,52759378,36767,0,0,0,0,0,48725588,7408,0,50716900,5820,0
1713,34225751290475,34225753139286,20008020,sA-eth3,up,34225752937994,netem,50844470,38883,0,0,0,0,0,48060208,8374,0,48888278,9243,0
1713,34225751290475,34225754784314,20008020,sB-eth3,up,34225754624732,netem,52759378,36767,0,0,0,0,0,48725588,7408,0,50716900,5820,0
1714,34225771276567,34225773104597,19986092,sA-eth3,up,34225772916264,netem,50844470,38883,0,0,0,0,0,48060208,8374,0,48888278,9243,0
1714,34225771276567,34225774718954,19986092,sB-eth3,up,34225774559593,netem,52759378,36767,0,0,0,0,0,48725588,7408,0,50716900,5820,0
1715,34225791271397,34225793079577,19994830,sA-eth3,up,34225792890126,netem,50844556,38884,0,0,0,0,0,48067580,8376,0,48888364,9244,0
1715,34225791271397,34225794684755,19994830,sB-eth3,up,34225794526613,netem,52759378,36767,0,0,0,0,0,48725588,7408,0,50716900,5820,0
1716,34225811271189,34225813071429,19999792,sA-eth3,up,34225812883526,netem,50845188,38892,0,0,0,78,1,48114510,8385,0,48888996,9252,0
1716,34225811271189,34225815521275,19999792,sB-eth3,up,34225815347734,netem,52759378,36767,0,0,0,0,0,48725588,7408,0,50716900,5820,0
1717,34225831275849,34225833227411,20004660,sA-eth3,up,34225833053598,netem,50846130,38905,0,0,0,78,1,48199352,8398,0,48889938,9265,0
1717,34225831275849,34225834990370,20004660,sB-eth3,up,34225834836798,netem,52759378,36767,0,0,0,0,0,48725588,7408,0,50716900,5820,0
1718,34225851272820,34225853702237,19996971,sA-eth3,up,34225853531815,netem,50846820,38914,0,0,0,0,0,48262144,8406,0,48890628,9274,0
1718,34225851272820,34225855624709,19996971,sB-eth3,up,34225855470916,netem,52759378,36767,0,0,0,0,0,48725588,7408,0,50716900,5820,0
1719,34225871275321,34225873191292,20002501,sA-eth3,up,34225872992920,netem,50847588,38924,0,0,0,0,0,48336586,8415,0,48891396,9284,0
1719,34225871275321,34225875209844,20002501,sB-eth3,up,34225875045893,netem,52759378,36767,0,0,0,0,0,48725588,7408,0,50716900,5820,0
1720,34225891278252,34225893117563,20002931,sA-eth3,up,34225892910930,netem,50848278,38933,0,0,0,0,0,48419848,8426,0,48892086,9293,0
1720,34225891278252,34225894983503,20002931,sB-eth3,up,34225894823671,netem,52759378,36767,0,0,0,0,0,48725588,7408,0,50716900,5820,0
1721,34225911277883,34225913164184,19999631,sA-eth3,up,34225912972472,netem,50848808,38940,0,0,0,78,1,48472372,8432,0,48892616,9300,0
1721,34225911277883,34225914821222,19999631,sB-eth3,up,34225914663150,netem,52759378,36767,0,0,0,0,0,48725588,7408,0,50716900,5820,0
1722,34225931282824,34225933166775,20004941,sA-eth3,up,34225932968903,netem,50849050,38943,0,0,0,0,0,48481192,8434,0,48892858,9303,0
1722,34225931282824,34225935246858,20004941,sB-eth3,up,34225935084266,netem,52759378,36767,0,0,0,0,0,48725588,7408,0,50716900,5820,0
1723,34225951269065,34225953212746,19986241,sA-eth3,up,34225953043705,netem,50849050,38943,0,0,0,0,0,48481192,8434,0,48892858,9303,0
1723,34225951269065,34225955081118,19986241,sB-eth3,up,34225954899955,netem,52759378,36767,0,0,0,0,0,48725588,7408,0,50716900,5820,0
1724,34225971290466,34225973210787,20021401,sA-eth3,up,34225972993315,netem,50849050,38943,0,0,0,0,0,48481192,8434,0,48892858,9303,0
1724,34225971290466,34225975237830,20021401,sB-eth3,up,34225975074128,netem,52759378,36767,0,0,0,0,0,48725588,7408,0,50716900,5820,0
1725,34225991275056,34225993157258,19984590,sA-eth3,up,34225992954235,netem,50849050,38943,0,0,0,0,0,48481192,8434,0,48892858,9303,0
1725,34225991275056,34225994799655,19984590,sB-eth3,up,34225994642294,netem,52759378,36767,0,0,0,0,0,48725588,7408,0,50716900,5820,0
1726,34226011281558,34226013169698,20006502,sA-eth3,up,34226012979347,netem,50849050,38943,0,0,0,0,0,48481192,8434,0,48892858,9303,0
1726,34226011281558,34226014823207,20006502,sB-eth3,up,34226014662465,netem,52759378,36767,0,0,0,0,0,48725588,7408,0,50716900,5820,0
1727,34226031284129,34226033138660,20002571,sA-eth3,up,34226032941527,netem,50849050,38943,0,0,0,0,0,48481192,8434,0,48892858,9303,0
1727,34226031284129,34226034780617,20002571,sB-eth3,up,34226034625156,netem,52759378,36767,0,0,0,0,0,48725588,7408,0,50716900,5820,0
1728,34226051285780,34226053565735,20001651,sA-eth3,up,34226053373643,netem,50849050,38943,0,0,0,0,0,48481192,8434,0,48892858,9303,0
1728,34226051285780,34226055395215,20001651,sB-eth3,up,34226055233983,netem,52759378,36767,0,0,0,0,0,48725588,7408,0,50716900,5820,0
1729,34226071281971,34226073152912,19996191,sA-eth3,up,34226072959020,netem,50849050,38943,0,0,0,0,0,48481192,8434,0,48892858,9303,0
1729,34226071281971,34226074780509,19996191,sB-eth3,up,34226074622428,netem,52759378,36767,0,0,0,0,0,48725588,7408,0,50716900,5820,0
1730,34226091278152,34226093354335,19996181,sA-eth3,up,34226093174683,netem,50849050,38943,0,0,0,0,0,48481192,8434,0,48892858,9303,0
1730,34226091278152,34226095173595,19996181,sB-eth3,up,34226094994882,netem,52759378,36767,0,0,0,0,0,48725588,7408,0,50716900,5820,0
1731,34226111296353,34226113259445,20018201,sA-eth3,up,34226113074922,netem,50849050,38943,0,0,0,0,0,48481192,8434,0,48892858,9303,0
1731,34226111296353,34226115175896,20018201,sB-eth3,up,34226114941774,netem,52759378,36767,0,0,0,0,0,48725588,7408,0,50716900,5820,0
1732,34226131296374,34226133347757,20000021,sA-eth3,up,34226133085964,netem,50849050,38943,0,0,0,0,0,48481192,8434,0,48892858,9303,0
1732,34226131296374,34226135419270,20000021,sB-eth3,up,34226135209107,netem,52759378,36767,0,0,0,0,0,48725588,7408,0,50716900,5820,0
1733,34226151292725,34226153316147,19996351,sA-eth3,up,34226153073115,netem,50849050,38943,0,0,0,0,0,48481192,8434,0,48892858,9303,0
1733,34226151292725,34226155543332,19996351,sB-eth3,up,34226155284439,netem,52759378,36767,0,0,0,0,0,48725588,7408,0,50716900,5820,0
1734,34226171297456,34226173383859,20004731,sA-eth3,up,34226173190027,netem,50849050,38943,0,0,0,0,0,48481192,8434,0,48892858,9303,0
1734,34226171297456,34226175311280,20004731,sB-eth3,up,34226175143389,netem,52759378,36767,0,0,0,0,0,48725588,7408,0,50716900,5820,0
1735,34226191282197,34226193207098,19984741,sA-eth3,up,34226193035746,netem,50849050,38943,0,0,0,0,0,48481192,8434,0,48892858,9303,0
1735,34226191282197,34226194821176,19984741,sB-eth3,up,34226194661374,netem,52759378,36767,0,0,0,0,0,48725588,7408,0,50716900,5820,0
1736,34226211278149,34226213027377,19995952,sA-eth3,up,34226212839945,netem,50849050,38943,0,0,0,0,0,48481192,8434,0,48892858,9303,0
1736,34226211278149,34226215424743,19995952,sB-eth3,up,34226215253811,netem,52759378,36767,0,0,0,0,0,48725588,7408,0,50716900,5820,0
1737,34226231274789,34226233308581,19996640,sA-eth3,up,34226233137099,netem,50849050,38943,0,0,0,0,0,48481192,8434,0,48892858,9303,0
1737,34226231274789,34226235415354,19996640,sB-eth3,up,34226235246772,netem,52759378,36767,0,0,0,0,0,48725588,7408,0,50716900,5820,0
1738,34226251288440,34226253145320,20013651,sA-eth3,up,34226252953478,netem,50849050,38943,0,0,0,0,0,48481192,8434,0,48892858,9303,0
1738,34226251288440,34226255096962,20013651,sB-eth3,up,34226254920850,netem,52759378,36767,0,0,0,0,0,48725588,7408,0,50716900,5820,0
1739,34226271297631,34226273594357,20009191,sA-eth3,up,34226273322634,netem,50849050,38943,0,0,0,0,0,48481192,8434,0,48892858,9303,0
1739,34226271297631,34226275628479,20009191,sB-eth3,up,34226275380246,netem,52759378,36767,0,0,0,0,0,48725588,7408,0,50716900,5820,0
1740,34226291285901,34226293140942,19988270,sA-eth3,up,34226292931020,netem,50849050,38943,0,0,0,0,0,48481192,8434,0,48892858,9303,0
1740,34226291285901,34226295144734,19988270,sB-eth3,up,34226294957052,netem,52759378,36767,0,0,0,0,0,48725588,7408,0,50716900,5820,0
1741,34226311278072,34226313495177,19992171,sA-eth3,up,34226313298515,netem,50849050,38943,0,0,0,0,0,48481192,8434,0,48892858,9303,0
1741,34226311278072,34226315433228,19992171,sB-eth3,up,34226315253946,netem,52759378,36767,0,0,0,0,0,48725588,7408,0,50716900,5820,0
1742,34226331275434,34226333222864,19997362,sA-eth3,up,34226333041483,netem,50849050,38943,0,0,0,0,0,48481192,8434,0,48892858,9303,0
1742,34226331275434,34226334935714,19997362,sB-eth3,up,34226334773732,netem,52759378,36767,0,0,0,0,0,48725588,7408,0,50716900,5820,0
1743,34226351278314,34226353159785,20002880,sA-eth3,up,34226352961673,netem,50849050,38943,0,0,0,0,0,48481192,8434,0,48892858,9303,0
1743,34226351278314,34226354861974,20002880,sB-eth3,up,34226354692682,netem,52759378,36767,0,0,0,0,0,48725588,7408,0,50716900,5820,0
1744,34226371275036,34226373113596,19996722,sA-eth3,up,34226372915893,netem,50849050,38943,0,0,0,0,0,48481192,8434,0,48892858,9303,0
1744,34226371275036,34226375263619,19996722,sB-eth3,up,34226375102707,netem,52759378,36767,0,0,0,0,0,48725588,7408,0,50716900,5820,0
1745,34226391275576,34226393216108,20000540,sA-eth3,up,34226393035936,netem,50849050,38943,0,0,0,0,0,48481192,8434,0,48892858,9303,0
1745,34226391275576,34226395129518,20000540,sB-eth3,up,34226394940077,netem,52759378,36767,0,0,0,0,0,48725588,7408,0,50716900,5820,0
1746,34226411281687,34226413187358,20006111,sA-eth3,up,34226412997766,netem,50849050,38943,0,0,0,0,0,48481192,8434,0,48892858,9303,0
1746,34226411281687,34226415084700,20006111,sB-eth3,up,34226414906158,netem,52759378,36767,0,0,0,0,0,48725588,7408,0,50716900,5820,0
1747,34226431275988,34226433238510,19994301,sA-eth3,up,34226433062508,netem,50849050,38943,0,0,0,0,0,48481192,8434,0,48892858,9303,0
1747,34226431275988,34226435505775,19994301,sB-eth3,up,34226435334373,netem,52759378,36767,0,0,0,0,0,48725588,7408,0,50716900,5820,0
1748,34226451280779,34226453124360,20004791,sA-eth3,up,34226452929658,netem,50849050,38943,0,0,0,0,0,48481192,8434,0,48892858,9303,0
1748,34226451280779,34226454792238,20004791,sB-eth3,up,34226454636416,netem,52759378,36767,0,0,0,0,0,48725588,7408,0,50716900,5820,0
1749,34226471273510,34226473103690,19992731,sA-eth3,up,34226472908548,netem,50849050,38943,0,0,0,0,0,48481192,8434,0,48892858,9303,0
1749,34226471273510,34226475107252,19992731,sB-eth3,up,34226474930440,netem,52759378,36767,0,0,0,0,0,48725588,7408,0,50716900,5820,0
1750,34226491279151,34226493157392,20005641,sA-eth3,up,34226492964700,netem,50849050,38943,0,0,0,0,0,48481192,8434,0,48892858,9303,0
1750,34226491279151,34226494808610,20005641,sB-eth3,up,34226494653049,netem,52759378,36767,0,0,0,0,0,48725588,7408,0,50716900,5820,0
1751,34226511280352,34226513171103,20001201,sA-eth3,up,34226512978571,netem,50849050,38943,0,0,0,0,0,48481192,8434,0,48892858,9303,0
1751,34226511280352,34226515195035,20001201,sB-eth3,up,34226515038364,netem,52759378,36767,0,0,0,0,0,48725588,7408,0,50716900,5820,0
1752,34226531274563,34226533184434,19994211,sA-eth3,up,34226533000662,netem,50849050,38943,0,0,0,0,0,48481192,8434,0,48892858,9303,0
1752,34226531274563,34226534814722,19994211,sB-eth3,up,34226534659551,netem,52759378,36767,0,0,0,0,0,48725588,7408,0,50716900,5820,0
1753,34226551279324,34226553474958,20004761,sA-eth3,up,34226553287767,netem,50849050,38943,0,0,0,0,0,48481192,8434,0,48892858,9303,0
1753,34226551279324,34226555341879,20004761,sB-eth3,up,34226555170317,netem,52759378,36767,0,0,0,0,0,48725588,7408,0,50716900,5820,0
1754,34226571277705,34226573134215,19998381,sA-eth3,up,34226572938964,netem,50849050,38943,0,0,0,0,0,48481192,8434,0,48892858,9303,0
1754,34226571277705,34226574776873,19998381,sB-eth3,up,34226574617622,netem,52759378,36767,0,0,0,0,0,48725588,7408,0,50716900,5820,0
1755,34226591279296,34226593560092,20001591,sA-eth3,up,34226593379109,netem,50849050,38943,0,0,0,0,0,48481192,8434,0,48892858,9303,0
1755,34226591279296,34226595661075,20001591,sB-eth3,up,34226595505833,netem,52759378,36767,0,0,0,0,0,48725588,7408,0,50716900,5820,0
1756,34226611278007,34226613247429,19998711,sA-eth3,up,34226613079597,netem,50849050,38943,0,0,0,0,0,48481192,8434,0,48892858,9303,0
1756,34226611278007,34226615264131,19998711,sB-eth3,up,34226615089789,netem,52759378,36767,0,0,0,0,0,48725588,7408,0,50716900,5820,0
1757,34226631273087,34226633159029,19995080,sA-eth3,up,34226632973226,netem,50849050,38943,0,0,0,0,0,48481192,8434,0,48892858,9303,0
1757,34226631273087,34226634991259,19995080,sB-eth3,up,34226634835778,netem,52759378,36767,0,0,0,0,0,48725588,7408,0,50716900,5820,0
1758,34226651282909,34226653449982,20009822,sA-eth3,up,34226653266181,netem,50849050,38943,0,0,0,0,0,48481192,8434,0,48892858,9303,0
1758,34226651282909,34226655245143,20009822,sB-eth3,up,34226655088481,netem,52759378,36767,0,0,0,0,0,48725588,7408,0,50716900,5820,0
1759,34226671287810,34226673109701,20004901,sA-eth3,up,34226672906418,netem,50849050,38943,0,0,0,0,0,48481192,8434,0,48892858,9303,0
1759,34226671287810,34226674981031,20004901,sB-eth3,up,34226674821458,netem,52759378,36767,0,0,0,0,0,48725588,7408,0,50716900,5820,0
1760,34226691291131,34226693250493,20003321,sA-eth3,up,34226693070451,netem,50849050,38943,0,0,0,0,0,48481192,8434,0,48892858,9303,0
1760,34226691291131,34226695073903,20003321,sB-eth3,up,34226694899471,netem,52759378,36767,0,0,0,0,0,48725588,7408,0,50716900,5820,0
1761,34226711269941,34226713142653,19978810,sA-eth3,up,34226712949141,netem,50849050,38943,0,0,0,0,0,48481192,8434,0,48892858,9303,0
1761,34226711269941,34226715351736,19978810,sB-eth3,up,34226715196855,netem,52759378,36767,0,0,0,0,0,48725588,7408,0,50716900,5820,0
1762,34226731275523,34226733194504,20005582,sA-eth3,up,34226733020422,netem,50849050,38943,0,0,0,0,0,48481192,8434,0,48892858,9303,0
1762,34226731275523,34226734841543,20005582,sB-eth3,up,34226734683110,netem,52759378,36767,0,0,0,0,0,48725588,7408,0,50716900,5820,0
1763,34226751273734,34226753296246,19998211,sA-eth3,up,34226753127914,netem,50849050,38943,0,0,0,0,0,48481192,8434,0,48892858,9303,0
1763,34226751273734,34226755275098,19998211,sB-eth3,up,34226755116456,netem,52759378,36767,0,0,0,0,0,48725588,7408,0,50716900,5820,0
1764,34226771290044,34226773208316,20016310,sA-eth3,up,34226773027543,netem,50849050,38943,0,0,0,0,0,48481192,8434,0,48892858,9303,0
1764,34226771290044,34226775121018,20016310,sB-eth3,up,34226774892535,netem,52759378,36767,0,0,0,0,0,48725588,7408,0,50716900,5820,0
1765,34226791276316,34226793146016,19986272,sA-eth3,up,34226792952595,netem,50849050,38943,0,0,0,0,0,48481192,8434,0,48892858,9303,0
1765,34226791276316,34226795030567,19986272,sB-eth3,up,34226794849755,netem,52759378,36767,0,0,0,0,0,48725588,7408,0,50716900,5820,0
1766,34226811285177,34226813159638,20008861,sA-eth3,up,34226812970236,netem,50849050,38943,0,0,0,0,0,48481192,8434,0,48892858,9303,0
1766,34226811285177,34226815440693,20008861,sB-eth3,up,34226815268050,netem,52759378,36767,0,0,0,0,0,48725588,7408,0,50716900,5820,0
1767,34226831272298,34226833151588,19987121,sA-eth3,up,34226832959557,netem,50849050,38943,0,0,0,0,0,48481192,8434,0,48892858,9303,0
1767,34226831272298,34226834933698,19987121,sB-eth3,up,34226834779477,netem,52759378,36767,0,0,0,0,0,48725588,7408,0,50716900,5820,0
1768,34226851279079,34226853212830,20006781,sA-eth3,up,34226853041088,netem,50849050,38943,0,0,0,0,0,48481192,8434,0,48892858,9303,0
1768,34226851279079,34226855035410,20006781,sB-eth3,up,34226854863979,netem,52759378,36767,0,0,0,0,0,48725588,7408,0,50716900,5820,0
1769,34226871280330,34226873210121,20001251,sA-eth3,up,34226873027869,netem,50849050,38943,0,0,0,0,0,48481192,8434,0,48892858,9303,0
1769,34226871280330,34226875435735,20001251,sB-eth3,up,34226875268204,netem,52759378,36767,0,0,0,0,0,48725588,7408,0,50716900,5820,0
1770,34226891275530,34226893144411,19995200,sA-eth3,up,34226892948339,netem,50849050,38943,0,0,0,0,0,48481192,8434,0,48892858,9303,0
1770,34226891275530,34226895140363,19995200,sB-eth3,up,34226894959462,netem,52759378,36767,0,0,0,0,0,48725588,7408,0,50716900,5820,0
1771,34226911271581,34226913152452,19996051,sA-eth3,up,34226912959490,netem,50849050,38943,0,0,0,0,0,48481192,8434,0,48892858,9303,0
1771,34226911271581,34226915179055,19996051,sB-eth3,up,34226915019582,netem,52759378,36767,0,0,0,0,0,48725588,7408,0,50716900,5820,0
1772,34226931289892,34226933218614,20018311,sA-eth3,up,34226933043872,netem,50849050,38943,0,0,0,0,0,48481192,8434,0,48892858,9303,0
1772,34226931289892,34226934871402,20018311,sB-eth3,up,34226934716381,netem,52759378,36767,0,0,0,0,0,48725588,7408,0,50716900,5820,0
1773,34226951272663,34226953077643,19982771,sA-eth3,up,34226952891312,netem,50849050,38943,0,0,0,0,0,48481192,8434,0,48892858,9303,0
1773,34226951272663,34226955112356,19982771,sB-eth3,up,34226954937814,netem,52759378,36767,0,0,0,0,0,48725588,7408,0,50716900,5820,0
1774,34226971290125,34226973161525,20017462,sA-eth3,up,34226972953622,netem,50849050,38943,0,0,0,0,0,48481192,8434,0,48892858,9303,0
1774,34226971290125,34226975082127,20017462,sB-eth3,up,34226974887604,netem,52759378,36767,0,0,0,0,0,48725588,7408,0,50716900,5820,0
1775,34226991271895,34226993111035,19981770,sA-eth3,up,34226992913564,netem,50849050,38943,0,0,0,0,0,48481192,8434,0,48892858,9303,0
1775,34226991271895,34226994943646,19981770,sB-eth3,up,34226994784164,netem,52759378,36767,0,0,0,0,0,48725588,7408,0,50716900,5820,0
1776,34227011275607,34227013178917,20003712,sA-eth3,up,34227012989785,netem,50849050,38943,0,0,0,0,0,48481192,8434,0,48892858,9303,0
1776,34227011275607,34227014994957,20003712,sB-eth3,up,34227014814086,netem,52759378,36767,0,0,0,0,0,48725588,7408,0,50716900,5820,0
1777,34227031284817,34227033116767,20009210,sA-eth3,up,34227032927026,netem,50849050,38943,0,0,0,0,0,48481192,8434,0,48892858,9303,0
1777,34227031284817,34227034721106,20009210,sB-eth3,up,34227034564774,netem,52759378,36767,0,0,0,0,0,48725588,7408,0,50716900,5820,0
1778,34227051273868,34227053047048,19989051,sA-eth3,up,34227052849016,netem,50849050,38943,0,0,0,0,0,48481192,8434,0,48892858,9303,0
1778,34227051273868,34227054826817,19989051,sB-eth3,up,34227054667286,netem,52759378,36767,0,0,0,0,0,48725588,7408,0,50716900,5820,0
1779,34227071282019,34227073090289,20008151,sA-eth3,up,34227072894777,netem,50849050,38943,0,0,0,0,0,48481192,8434,0,48892858,9303,0
1779,34227071282019,34227074706987,20008151,sB-eth3,up,34227074549136,netem,52759378,36767,0,0,0,0,0,48725588,7408,0,50716900,5820,0
1780,34227091276460,34227093115170,19994441,sA-eth3,up,34227092917108,netem,50849050,38943,0,0,0,0,0,48481192,8434,0,48892858,9303,0
1780,34227091276460,34227094711288,19994441,sB-eth3,up,34227094554276,netem,52759378,36767,0,0,0,0,0,48725588,7408,0,50716900,5820,0
1781,34227111275381,34227113116552,19998921,sA-eth3,up,34227112926699,netem,50849050,38943,0,0,0,0,0,48481192,8434,0,48892858,9303,0
1781,34227111275381,34227114768279,19998921,sB-eth3,up,34227114611878,netem,52759378,36767,0,0,0,0,0,48725588,7408,0,50716900,5820,0
1782,34227131273272,34227133053812,19997891,sA-eth3,up,34227132859989,netem,50849050,38943,0,0,0,0,0,48481192,8434,0,48892858,9303,0
1782,34227131273272,34227134686780,19997891,sB-eth3,up,34227134533798,netem,52759378,36767,0,0,0,0,0,48725588,7408,0,50716900,5820,0
1783,34227151282584,34227153082033,20009312,sA-eth3,up,34227152890801,netem,50849050,38943,0,0,0,0,0,48481192,8434,0,48892858,9303,0
1783,34227151282584,34227154705921,20009312,sB-eth3,up,34227154547780,netem,52759378,36767,0,0,0,0,0,48725588,7408,0,50716900,5820,0
1784,34227171277664,34227173110764,19995080,sA-eth3,up,34227172907201,netem,50849050,38943,0,0,0,0,0,48481192,8434,0,48892858,9303,0
1784,34227171277664,34227175368809,19995080,sB-eth3,up,34227175210277,netem,52759378,36767,0,0,0,0,0,48725588,7408,0,50716900,5820,0
1785,34227191270444,34227193129596,19992780,sA-eth3,up,34227192941693,netem,50849050,38943,0,0,0,0,0,48481192,8434,0,48892858,9303,0
1785,34227191270444,34227194779193,19992780,sB-eth3,up,34227194620412,netem,52759378,36767,0,0,0,0,0,48725588,7408,0,50716900,5820,0
1786,34227211273986,34227213073066,20003542,sA-eth3,up,34227212881723,netem,50849050,38943,0,0,0,0,0,48481192,8434,0,48892858,9303,0
1786,34227211273986,34227214684283,20003542,sB-eth3,up,34227214526402,netem,52759378,36767,0,0,0,0,0,48725588,7408,0,50716900,5820,0
1787,34227231275827,34227233133518,20001841,sA-eth3,up,34227232938265,netem,50849050,38943,0,0,0,0,0,48481192,8434,0,48892858,9303,0
1787,34227231275827,34227235185030,20001841,sB-eth3,up,34227235025938,netem,52759378,36767,0,0,0,0,0,48725588,7408,0,50716900,5820,0
1788,34227251270468,34227253044898,19994641,sA-eth3,up,34227252860965,netem,50849050,38943,0,0,0,0,0,48481192,8434,0,48892858,9303,0
1788,34227251270468,34227254889238,19994641,sB-eth3,up,34227254735126,netem,52759378,36767,0,0,0,0,0,48725588,7408,0,50716900,5820,0
1789,34227271275989,34227273131669,20005521,sA-eth3,up,34227272942707,netem,50849050,38943,0,0,0,0,0,48481192,8434,0,48892858,9303,0
1789,34227271275989,34227274760538,20005521,sB-eth3,up,34227274603065,netem,52759378,36767,0,0,0,0,0,48725588,7408,0,50716900,5820,0
1790,34227291274679,34227293122101,19998690,sA-eth3,up,34227292915558,netem,50849050,38943,0,0,0,0,0,48481192,8434,0,48892858,9303,0
1790,34227291274679,34227295056361,19998690,sB-eth3,up,34227294883530,netem,52759378,36767,0,0,0,0,0,48725588,7408,0,50716900,5820,0
1791,34227311273970,34227313089260,19999291,sA-eth3,up,34227312898558,netem,50849050,38943,0,0,0,0,0,48481192,8434,0,48892858,9303,0
1791,34227311273970,34227314715309,19999291,sB-eth3,up,34227314557747,netem,52759378,36767,0,0,0,0,0,48725588,7408,0,50716900,5820,0
1792,34227331279362,34227333244633,20005392,sA-eth3,up,34227333077082,netem,50849050,38943,0,0,0,0,0,48481192,8434,0,48892858,9303,0
1792,34227331279362,34227334887202,20005392,sB-eth3,up,34227334734340,netem,52759378,36767,0,0,0,0,0,48725588,7408,0,50716900,5820,0
1793,34227351275363,34227353091823,19996001,sA-eth3,up,34227352901540,netem,50849050,38943,0,0,0,0,0,48481192,8434,0,48892858,9303,0
1793,34227351275363,34227354708040,19996001,sB-eth3,up,34227354550799,netem,52759378,36767,0,0,0,0,0,48725588,7408,0,50716900,5820,0
1794,34227371275583,34227373073083,20000220,sA-eth3,up,34227372883151,netem,50849050,38943,0,0,0,0,0,48481192,8434,0,48892858,9303,0
1794,34227371275583,34227374706471,20000220,sB-eth3,up,34227374552290,netem,52759378,36767,0,0,0,0,0,48725588,7408,0,50716900,5820,0
1795,34227391273384,34227393037013,19997801,sA-eth3,up,34227392850872,netem,50849050,38943,0,0,0,0,0,48481192,8434,0,48892858,9303,0
1795,34227391273384,34227394678992,19997801,sB-eth3,up,34227394520260,netem,52759378,36767,0,0,0,0,0,48725588,7408,0,50716900,5820,0
1796,34227411284065,34227413067645,20010681,sA-eth3,up,34227412875283,netem,50849050,38943,0,0,0,0,0,48481192,8434,0,48892858,9303,0
1796,34227411284065,34227415332300,20010681,sB-eth3,up,34227415172788,netem,52759378,36767,0,0,0,0,0,48725588,7408,0,50716900,5820,0
1797,34227431282886,34227433142227,19998821,sA-eth3,up,34227432950875,netem,50849050,38943,0,0,0,0,0,48481192,8434,0,48892858,9303,0
1797,34227431282886,34227434751745,19998821,sB-eth3,up,34227434590513,netem,52759378,36767,0,0,0,0,0,48725588,7408,0,50716900,5820,0
1798,34227451286488,34227453131128,20003602,sA-eth3,up,34227452939826,netem,50849050,38943,0,0,0,0,0,48481192,8434,0,48892858,9303,0
1798,34227451286488,34227454743136,20003602,sB-eth3,up,34227454584554,netem,52759378,36767,0,0,0,0,0,48725588,7408,0,50716900,5820,0
1799,34227471272178,34227473053098,19985690,sA-eth3,up,34227472865585,netem,50849050,38943,0,0,0,0,0,48481192,8434,0,48892858,9303,0
1799,34227471272178,34227474673856,19985690,sB-eth3,up,34227474520094,netem,52759378,36767,0,0,0,0,0,48725588,7408,0,50716900,5820,0
1800,34227491276810,34227492995537,20004632,sA-eth3,up,34227492829827,netem,50849050,38943,0,0,0,0,0,48481192,8434,0,48892858,9303,0
1800,34227491276810,34227495239543,20004632,sB-eth3,up,34227495080831,netem,52759378,36767,0,0,0,0,0,48725588,7408,0,50716900,5820,0
1801,34227511281030,34227513118680,20004220,sA-eth3,up,34227512928208,netem,50849050,38943,0,0,0,0,0,48481192,8434,0,48892858,9303,0
1801,34227511281030,34227514716528,20004220,sB-eth3,up,34227514562086,netem,52759378,36767,0,0,0,0,0,48725588,7408,0,50716900,5820,0
1802,34227531279782,34227533110962,19998752,sA-eth3,up,34227532915199,netem,50849050,38943,0,0,0,0,0,48481192,8434,0,48892858,9303,0
1802,34227531279782,34227534709609,19998752,sB-eth3,up,34227534553897,netem,52759378,36767,0,0,0,0,0,48725588,7408,0,50716900,5820,0
1803,34227551272102,34227553021612,19992320,sA-eth3,up,34227552827589,netem,50849050,38943,0,0,0,0,0,48481192,8434,0,48892858,9303,0
1803,34227551272102,34227554719760,19992320,sB-eth3,up,34227554560998,netem,52759378,36767,0,0,0,0,0,48725588,7408,0,50716900,5820,0
1804,34227571279893,34227573607198,20007791,sA-eth3,up,34227573432587,netem,50849050,38943,0,0,0,0,0,48481192,8434,0,48892858,9303,0
1804,34227571279893,34227575385378,20007791,sB-eth3,up,34227575230277,netem,52759378,36767,0,0,0,0,0,48725588,7408,0,50716900,5820,0
1805,34227591276454,34227593206465,19996561,sA-eth3,up,34227593033703,netem,50849050,38943,0,0,0,0,0,48481192,8434,0,48892858,9303,0
1805,34227591276454,34227594896754,19996561,sB-eth3,up,34227594738022,netem,52759378,36767,0,0,0,0,0,48725588,7408,0,50716900,5820,0
1806,34227611285865,34227613210247,20009411,sA-eth3,up,34227613039464,netem,50849050,38943,0,0,0,0,0,48481192,8434,0,48892858,9303,0
1806,34227611285865,34227615147827,20009411,sB-eth3,up,34227614978136,netem,52759378,36767,0,0,0,0,0,48725588,7408,0,50716900,5820,0
1807,34227631279925,34227633257087,19994060,sA-eth3,up,34227633077326,netem,50849050,38943,0,0,0,0,0,48481192,8434,0,48892858,9303,0
1807,34227631279925,34227635492492,19994060,sB-eth3,up,34227635317250,netem,52759378,36767,0,0,0,0,0,48725588,7408,0,50716900,5820,0
1808,34227651274257,34227653277229,19994332,sA-eth3,up,34227653102027,netem,50849050,38943,0,0,0,0,0,48481192,8434,0,48892858,9303,0
1808,34227651274257,34227655192430,19994332,sB-eth3,up,34227655031059,netem,52759378,36767,0,0,0,0,0,48725588,7408,0,50716900,5820,0
1809,34227671275078,34227673388311,20000821,sA-eth3,up,34227673212829,netem,50849050,38943,0,0,0,0,0,48481192,8434,0,48892858,9303,0
1809,34227671275078,34227675184321,20000821,sB-eth3,up,34227675027019,netem,52759378,36767,0,0,0,0,0,48725588,7408,0,50716900,5820,0
1810,34227691273919,34227693398392,19998841,sA-eth3,up,34227693225730,netem,50849050,38943,0,0,0,0,0,48481192,8434,0,48892858,9303,0
1810,34227691273919,34227695257503,19998841,sB-eth3,up,34227695098611,netem,52759378,36767,0,0,0,0,0,48725588,7408,0,50716900,5820,0
1811,34227711269389,34227713325492,19995470,sA-eth3,up,34227713157141,netem,50849050,38943,0,0,0,0,0,48481192,8434,0,48892858,9303,0
1811,34227711269389,34227715104031,19995470,sB-eth3,up,34227714924980,netem,52759378,36767,0,0,0,0,0,48725588,7408,0,50716900,5820,0
1812,34227731275951,34227733293263,20006562,sA-eth3,up,34227733119571,netem,50849050,38943,0,0,0,0,0,48481192,8434,0,48892858,9303,0
1812,34227731275951,34227735557688,20006562,sB-eth3,up,34227735384676,netem,52759378,36767,0,0,0,0,0,48725588,7408,0,50716900,5820,0
1813,34227751270402,34227753350214,19994451,sA-eth3,up,34227753179863,netem,50849050,38943,0,0,0,0,0,48481192,8434,0,48892858,9303,0
1813,34227751270402,34227755238675,19994451,sB-eth3,up,34227755084103,netem,52759378,36767,0,0,0,0,0,48725588,7408,0,50716900,5820,0
1814,34227771273342,34227773294744,20002940,sA-eth3,up,34227773125893,netem,50849050,38943,0,0,0,0,0,48481192,8434,0,48892858,9303,0
1814,34227771273342,34227775105925,20002940,sB-eth3,up,34227774927813,netem,52759378,36767,0,0,0,0,0,48725588,7408,0,50716900,5820,0
1815,34227791276344,34227793104234,20003002,sA-eth3,up,34227792908531,netem,50849050,38943,0,0,0,0,0,48481192,8434,0,48892858,9303,0
1815,34227791276344,34227794701982,20003002,sB-eth3,up,34227794548260,netem,52759378,36767,0,0,0,0,0,48725588,7408,0,50716900,5820,0
1816,34227811290984,34227813184355,20014640,sA-eth3,up,34227812922033,netem,50849050,38943,0,0,0,0,0,48481192,8434,0,48892858,9303,0
1816,34227811290984,34227814973835,20014640,sB-eth3,up,34227814800193,netem,52759378,36767,0,0,0,0,0,48725588,7408,0,50716900,5820,0
1817,34227831287826,34227833112236,19996842,sA-eth3,up,34227832915393,netem,50849050,38943,0,0,0,0,0,48481192,8434,0,48892858,9303,0
1817,34227831287826,34227834734264,19996842,sB-eth3,up,34227834574142,netem,52759378,36767,0,0,0,0,0,48725588,7408,0,50716900,5820,0
1818,34227851283686,34227853106707,19995860,sA-eth3,up,34227852908425,netem,50849050,38943,0,0,0,0,0,48481192,8434,0,48892858,9303,0
1818,34227851283686,34227854707355,19995860,sB-eth3,up,34227854550183,netem,52759378,36767,0,0,0,0,0,48725588,7408,0,50716900,5820,0
1819,34227871277938,34227873616253,19994252,sA-eth3,up,34227873437231,netem,50849050,38943,0,0,0,0,0,48481192,8434,0,48892858,9303,0
1819,34227871277938,34227875445443,19994252,sB-eth3,up,34227875277722,netem,52759378,36767,0,0,0,0,0,48725588,7408,0,50716900,5820,0
1820,34227891281738,34227893130570,20003800,sA-eth3,up,34227892938457,netem,50849050,38943,0,0,0,0,0,48481192,8434,0,48892858,9303,0
1820,34227891281738,34227894785327,20003800,sB-eth3,up,34227894623976,netem,52759378,36767,0,0,0,0,0,48725588,7408,0,50716900,5820,0
1821,34227911272630,34227913112600,19990892,sA-eth3,up,34227912923527,netem,50849050,38943,0,0,0,0,0,48481192,8434,0,48892858,9303,0
1821,34227911272630,34227914774798,19990892,sB-eth3,up,34227914616847,netem,52759378,36767,0,0,0,0,0,48725588,7408,0,50716900,5820,0
1822,34227931285490,34227933197982,20012860,sA-eth3,up,34227932958679,netem,50849050,38943,0,0,0,0,0,48481192,8434,0,48892858,9303,0
1822,34227931285490,34227935229614,20012860,sB-eth3,up,34227935072032,netem,52759378,36767,0,0,0,0,0,48725588,7408,0,50716900,5820,0
1823,34227951274402,34227953098302,19988912,sA-eth3,up,34227952907529,netem,50849050,38943,0,0,0,0,0,48481192,8434,0,48892858,9303,0
1823,34227951274402,34227954955052,19988912,sB-eth3,up,34227954796811,netem,52759378,36767,0,0,0,0,0,48725588,7408,0,50716900,5820,0
1824,34227971277942,34227973169184,20003540,sA-eth3,up,34227972969821,netem,50849050,38943,0,0,0,0,0,48481192,8434,0,48892858,9303,0
1824,34227971277942,34227974852432,20003540,sB-eth3,up,34227974680800,netem,52759378,36767,0,0,0,0,0,48725588,7408,0,50716900,5820,0
1825,34227991277874,34227993139894,19999932,sA-eth3,up,34227992937252,netem,50849050,38943,0,0,0,0,0,48481192,8434,0,48892858,9303,0
1825,34227991277874,34227994798542,19999932,sB-eth3,up,34227994636440,netem,52759378,36767,0,0,0,0,0,48725588,7408,0,50716900,5820,0
1826,34228011270035,34228013107554,19992161,sA-eth3,up,34228012918712,netem,50849050,38943,0,0,0,0,0,48481192,8434,0,48892858,9303,0
1826,34228011270035,34228014765253,19992161,sB-eth3,up,34228014606641,netem,52759378,36767,0,0,0,0,0,48725588,7408,0,50716900,5820,0
1827,34228031275215,34228033241827,20005180,sA-eth3,up,34228033065255,netem,50849050,38943,0,0,0,0,0,48481192,8434,0,48892858,9303,0
1827,34228031275215,34228035506212,20005180,sB-eth3,up,34228035313140,netem,52759378,36767,0,0,0,0,0,48725588,7408,0,50716900,5820,0
1828,34228051281957,34228053166067,20006742,sA-eth3,up,34228052958185,netem,50849050,38943,0,0,0,0,0,48481192,8434,0,48892858,9303,0
1828,34228051281957,34228055021387,20006742,sB-eth3,up,34228054842276,netem,52759378,36767,0,0,0,0,0,48725588,7408,0,50716900,5820,0
1829,34228071273437,34228073100457,19991480,sA-eth3,up,34228072912325,netem,50849050,38943,0,0,0,0,0,48481192,8434,0,48892858,9303,0
1829,34228071273437,34228074894137,19991480,sB-eth3,up,34228074737955,netem,52759378,36767,0,0,0,0,0,48725588,7408,0,50716900,5820,0
1830,34228091271307,34228093120448,19997870,sA-eth3,up,34228092933246,netem,50849050,38943,0,0,0,0,0,48481192,8434,0,48892858,9303,0
1830,34228091271307,34228094957209,19997870,sB-eth3,up,34228094798487,netem,52759378,36767,0,0,0,0,0,48725588,7408,0,50716900,5820,0
1831,34228111270689,34228113183360,19999382,sA-eth3,up,34228112973068,netem,50849050,38943,0,0,0,0,0,48481192,8434,0,48892858,9303,0
1831,34228111270689,34228115025321,19999382,sB-eth3,up,34228114855589,netem,52759378,36767,0,0,0,0,0,48725588,7408,0,50716900,5820,0
1832,34228131269240,34228133105671,19998551,sA-eth3,up,34228132920448,netem,50849050,38943,0,0,0,0,0,48481192,8434,0,48892858,9303,0
1832,34228131269240,34228134765119,19998551,sB-eth3,up,34228134609357,netem,52759378,36767,0,0,0,0,0,48725588,7408,0,50716900,5820,0
1833,34228151273321,34228153174542,20004081,sA-eth3,up,34228152969029,netem,50849050,38943,0,0,0,0,0,48481192,8434,0,48892858,9303,0
1833,34228151273321,34228155062703,20004081,sB-eth3,up,34228154890121,netem,52759378,36767,0,0,0,0,0,48725588,7408,0,50716900,5820,0
1834,34228171273092,34228173100752,19999771,sA-eth3,up,34228172917130,netem,50849050,38943,0,0,0,0,0,48481192,8434,0,48892858,9303,0
1834,34228171273092,34228174929083,19999771,sB-eth3,up,34228174767441,netem,52759378,36767,0,0,0,0,0,48725588,7408,0,50716900,5820,0
1835,34228191277613,34228193161804,20004521,sA-eth3,up,34228192969922,netem,50849050,38943,0,0,0,0,0,48481192,8434,0,48892858,9303,0
1835,34228191277613,34228195050975,20004521,sB-eth3,up,34228194876813,netem,52759378,36767,0,0,0,0,0,48725588,7408,0,50716900,5820,0
1836,34228211267614,34228213140014,19990001,sA-eth3,up,34228212959893,netem,50849050,38943,0,0,0,0,0,48481192,8434,0,48892858,9303,0
1836,34228211267614,34228214933494,19990001,sB-eth3,up,34228214780523,netem,52759378,36767,0,0,0,0,0,48725588,7408,0,50716900,5820,0
1837,34228231278134,34228233084425,20010520,sA-eth3,up,34228232884753,netem,50849050,38943,0,0,0,0,0,48481192,8434,0,48892858,9303,0
1837,34228231278134,34228234947285,20010520,sB-eth3,up,34228234788353,netem,52759378,36767,0,0,0,0,0,48725588,7408,0,50716900,5820,0
1838,34228251274406,34228253114566,19996272,sA-eth3,up,34228252919714,netem,50849050,38943,0,0,0,0,0,48481192,8434,0,48892858,9303,0
1838,34228251274406,34228254897646,19996272,sB-eth3,up,34228254742154,netem,52759378,36767,0,0,0,0,0,48725588,7408,0,50716900,5820,0
1839,34228271284107,34228273188198,20009701,sA-eth3,up,34228272983755,netem,50849050,38943,0,0,0,0,0,48481192,8434,0,48892858,9303,0
1839,34228271284107,34228274974228,20009701,sB-eth3,up,34228274818476,netem,52759378,36767,0,0,0,0,0,48725588,7408,0,50716900,5820,0
1840,34228291267998,34228293165149,19983891,sA-eth3,up,34228292963486,netem,50849050,38943,0,0,0,0,0,48481192,8434,0,48892858,9303,0
1840,34228291267998,34228294939938,19983891,sB-eth3,up,34228294785187,netem,52759378,36767,0,0,0,0,0,48725588,7408,0,50716900,5820,0
1841,34228311278119,34228313119340,20010121,sA-eth3,up,34228312920787,netem,50849050,38943,0,0,0,0,0,48481192,8434,0,48892858,9303,0
1841,34228311278119,34228314741607,20010121,sB-eth3,up,34228314587085,netem,52759378,36767,0,0,0,0,0,48725588,7408,0,50716900,5820,0
1842,34228331272740,34228333074700,19994621,sA-eth3,up,34228332873548,netem,50849050,38943,0,0,0,0,0,48481192,8434,0,48892858,9303,0
1842,34228331272740,34228334845770,19994621,sB-eth3,up,34228334665157,netem,52759378,36767,0,0,0,0,0,48725588,7408,0,50716900,5820,0
1843,34228351285081,34228353192872,20012341,sA-eth3,up,34228352984359,netem,50849050,38943,0,0,0,0,0,48481192,8434,0,48892858,9303,0
1843,34228351285081,34228354926291,20012341,sB-eth3,up,34228354754109,netem,52759378,36767,0,0,0,0,0,48725588,7408,0,50716900,5820,0
1844,34228371274571,34228373194573,19989490,sA-eth3,up,34228372993520,netem,50849050,38943,0,0,0,0,0,48481192,8434,0,48892858,9303,0
1844,34228371274571,34228374881961,19989490,sB-eth3,up,34228374720620,netem,52759378,36767,0,0,0,0,0,48725588,7408,0,50716900,5820,0
1845,34228391274403,34228393121413,19999832,sA-eth3,up,34228392907010,netem,50849050,38943,0,0,0,0,0,48481192,8434,0,48892858,9303,0
1845,34228391274403,34228394838972,19999832,sB-eth3,up,34228394672640,netem,52759378,36767,0,0,0,0,0,48725588,7408,0,50716900,5820,0
1846,34228411272833,34228413141694,19998430,sA-eth3,up,34228412947662,netem,50849050,38943,0,0,0,0,0,48481192,8434,0,48892858,9303,0
1846,34228411272833,34228415380128,19998430,sB-eth3,up,34228415221487,netem,52759378,36767,0,0,0,0,0,48725588,7408,0,50716900,5820,0
1847,34228431267935,34228433101755,19995102,sA-eth3,up,34228432923142,netem,50849050,38943,0,0,0,0,0,48481192,8434,0,48892858,9303,0
1847,34228431267935,34228434846104,19995102,sB-eth3,up,34228434670581,netem,52759378,36767,0,0,0,0,0,48725588,7408,0,50716900,5820,0
1848,34228451280245,34228453118205,20012310,sA-eth3,up,34228452926634,netem,50849050,38943,0,0,0,0,0,48481192,8434,0,48892858,9303,0
1848,34228451280245,34228454739944,20012310,sB-eth3,up,34228454585041,netem,52759378,36767,0,0,0,0,0,48725588,7408,0,50716900,5820,0
1849,34228471265736,34228473144627,19985491,sA-eth3,up,34228472926785,netem,50849050,38943,0,0,0,0,0,48481192,8434,0,48892858,9303,0
1849,34228471265736,34228474868306,19985491,sB-eth3,up,34228474697144,netem,52759378,36767,0,0,0,0,0,48725588,7408,0,50716900,5820,0
1850,34228491279818,34228494153619,20014082,sA-eth3,up,34228493956176,netem,50849050,38943,0,0,0,0,0,48481192,8434,0,48892858,9303,0
1850,34228491279818,34228496414294,20014082,sB-eth3,up,34228496235902,netem,52759378,36767,0,0,0,0,0,48725588,7408,0,50716900,5820,0
1851,34228511269368,34228513221070,19989550,sA-eth3,up,34228513049237,netem,50849050,38943,0,0,0,0,0,48481192,8434,0,48892858,9303,0
1851,34228511269368,34228515180311,19989550,sB-eth3,up,34228515021469,netem,52759378,36767,0,0,0,0,0,48725588,7408,0,50716900,5820,0
1852,34228531278189,34228533273501,20008821,sA-eth3,up,34228533101729,netem,50849050,38943,0,0,0,0,0,48481192,8434,0,48892858,9303,0
1852,34228531278189,34228535099742,20008821,sB-eth3,up,34228534929299,netem,52759378,36767,0,0,0,0,0,48725588,7408,0,50716900,5820,0
1853,34228551264460,34228553231962,19986271,sA-eth3,up,34228553071960,netem,50849050,38943,0,0,0,0,0,48481192,8434,0,48892858,9303,0
1853,34228551264460,34228554990701,19986271,sB-eth3,up,34228554837959,netem,52759378,36767,0,0,0,0,0,48725588,7408,0,50716900,5820,0
1854,34228571274351,34228573150471,20009891,sA-eth3,up,34228572964120,netem,50849050,38943,0,0,0,0,0,48481192,8434,0,48892858,9303,0
1854,34228571274351,34228574811810,20009891,sB-eth3,up,34228574655868,netem,52759378,36767,0,0,0,0,0,48725588,7408,0,50716900,5820,0
1855,34228591266292,34228593112482,19991941,sA-eth3,up,34228592928370,netem,50849050,38943,0,0,0,0,0,48481192,8434,0,48892858,9303,0
1855,34228591266292,34228595065564,19991941,sB-eth3,up,34228594895692,netem,52759378,36767,0,0,0,0,0,48725588,7408,0,50716900,5820,0
1856,34228611280304,34228613170134,20014012,sA-eth3,up,34228612994222,netem,50849050,38943,0,0,0,0,0,48481192,8434,0,48892858,9303,0
1856,34228611280304,34228614793602,20014012,sB-eth3,up,34228614642000,netem,52759378,36767,0,0,0,0,0,48725588,7408,0,50716900,5820,0
1857,34228631268764,34228633348687,19988460,sA-eth3,up,34228633184035,netem,50849050,38943,0,0,0,0,0,48481192,8434,0,48892858,9303,0
1857,34228631268764,34228635209657,19988460,sB-eth3,up,34228635056216,netem,52759378,36767,0,0,0,0,0,48725588,7408,0,50716900,5820,0
1858,34228651271345,34228653136826,20002581,sA-eth3,up,34228652947204,netem,50849050,38943,0,0,0,0,0,48481192,8434,0,48892858,9303,0
1858,34228651271345,34228654771344,20002581,sB-eth3,up,34228654614952,netem,52759378,36767,0,0,0,0,0,48725588,7408,0,50716900,5820,0
1859,34228671267396,34228673096606,19996051,sA-eth3,up,34228672909813,netem,50849050,38943,0,0,0,0,0,48481192,8434,0,48892858,9303,0
1859,34228671267396,34228674753795,19996051,sB-eth3,up,34228674597853,netem,52759378,36767,0,0,0,0,0,48725588,7408,0,50716900,5820,0
1860,34228691282547,34228693154928,20015151,sA-eth3,up,34228692966235,netem,50849050,38943,0,0,0,0,0,48481192,8434,0,48892858,9303,0
1860,34228691282547,34228695221251,20015151,sB-eth3,up,34228695069799,netem,52759378,36767,0,0,0,0,0,48725588,7408,0,50716900,5820,0
1861,34228711267938,34228713069058,19985391,sA-eth3,up,34228712878836,netem,50849050,38943,0,0,0,0,0,48481192,8434,0,48892858,9303,0
1861,34228711267938,34228714900908,19985391,sB-eth3,up,34228714746956,netem,52759378,36767,0,0,0,0,0,48725588,7408,0,50716900,5820,0
1862,34228731267418,34228733033968,19999480,sA-eth3,up,34228732857046,netem,50849050,38943,0,0,0,0,0,48481192,8434,0,48892858,9303,0
1862,34228731267418,34228734648556,19999480,sB-eth3,up,34228734498345,netem,52759378,36767,0,0,0,0,0,48725588,7408,0,50716900,5820,0
1863,34228751267970,34228753531754,20000552,sA-eth3,up,34228753359653,netem,50849050,38943,0,0,0,0,0,48481192,8434,0,48892858,9303,0
1863,34228751267970,34228755491796,20000552,sB-eth3,up,34228755322145,netem,52759378,36767,0,0,0,0,0,48725588,7408,0,50716900,5820,0
1864,34228771277611,34228773152391,20009641,sA-eth3,up,34228772962520,netem,50849050,38943,0,0,0,0,0,48481192,8434,0,48892858,9303,0
1864,34228771277611,34228775223085,20009641,sB-eth3,up,34228775070193,netem,52759378,36767,0,0,0,0,0,48725588,7408,0,50716900,5820,0
1865,34228791271661,34228793194743,19994050,sA-eth3,up,34228793027420,netem,50849050,38943,0,0,0,0,0,48481192,8434,0,48892858,9303,0
1865,34228791271661,34228794850552,19994050,sB-eth3,up,34228794693820,netem,52759378,36767,0,0,0,0,0,48725588,7408,0,50716900,5820,0
1866,34228811274743,34228813091253,20003082,sA-eth3,up,34228812902211,netem,50849050,38943,0,0,0,0,0,48481192,8434,0,48892858,9303,0
1866,34228811274743,34228814733312,20003082,sB-eth3,up,34228814581039,netem,52759378,36767,0,0,0,0,0,48725588,7408,0,50716900,5820,0
1867,34228831267753,34228833069113,19993010,sA-eth3,up,34228832882922,netem,50849050,38943,0,0,0,0,0,48481192,8434,0,48892858,9303,0
1867,34228831267753,34228835100005,19993010,sB-eth3,up,34228834931255,netem,52759378,36767,0,0,0,0,0,48725588,7408,0,50716900,5820,0
1868,34228851269895,34228853172955,20002142,sA-eth3,up,34228852989693,netem,50849050,38943,0,0,0,0,0,48481192,8434,0,48892858,9303,0
1868,34228851269895,34228854837554,20002142,sB-eth3,up,34228854686802,netem,52759378,36767,0,0,0,0,0,48725588,7408,0,50716900,5820,0
1869,34228871270216,34228873145526,20000321,sA-eth3,up,34228872957894,netem,50849050,38943,0,0,0,0,0,48481192,8434,0,48892858,9303,0
1869,34228871270216,34228875089788,20000321,sB-eth3,up,34228874919586,netem,52759378,36767,0,0,0,0,0,48725588,7408,0,50716900,5820,0
1870,34228891273096,34228892998395,20002880,sA-eth3,up,34228892834104,netem,50849050,38943,0,0,0,0,0,48481192,8434,0,48892858,9303,0
1870,34228891273096,34228895196940,20002880,sB-eth3,up,34228895044708,netem,52759378,36767,0,0,0,0,0,48725588,7408,0,50716900,5820,0
1871,34228911267077,34228913098547,19993981,sA-eth3,up,34228912917016,netem,50849050,38943,0,0,0,0,0,48481192,8434,0,48892858,9303,0
1871,34228911267077,34228915056249,19993981,sB-eth3,up,34228914887597,netem,52759378,36767,0,0,0,0,0,48725588,7408,0,50716900,5820,0
1872,34228931274269,34228933125589,20007192,sA-eth3,up,34228932928317,netem,50849050,38943,0,0,0,0,0,48481192,8434,0,48892858,9303,0
1872,34228931274269,34228934778667,20007192,sB-eth3,up,34228934624276,netem,52759378,36767,0,0,0,0,0,48725588,7408,0,50716900,5820,0
1873,34228951271320,34228953211090,19997051,sA-eth3,up,34228953039689,netem,50849050,38943,0,0,0,0,0,48481192,8434,0,48892858,9303,0
1873,34228951271320,34228955165872,19997051,sB-eth3,up,34228954998941,netem,52759378,36767,0,0,0,0,0,48725588,7408,0,50716900,5820,0
1874,34228971274080,34228973096450,20002760,sA-eth3,up,34228972915839,netem,50849050,38943,0,0,0,0,0,48481192,8434,0,48892858,9303,0
1874,34228971274080,34228974717159,20002760,sB-eth3,up,34228974564717,netem,52759378,36767,0,0,0,0,0,48725588,7408,0,50716900,5820,0
1875,34228991275312,34228993547657,20001232,sA-eth3,up,34228993362525,netem,50849050,38943,0,0,0,0,0,48481192,8434,0,48892858,9303,0
1875,34228991275312,34228995542839,20001232,sB-eth3,up,34228995371687,netem,52759378,36767,0,0,0,0,0,48725588,7408,0,50716900,5820,0
1876,34229011275602,34229013103722,20000290,sA-eth3,up,34229012912151,netem,50849050,38943,0,0,0,0,0,48481192,8434,0,48892858,9303,0
1876,34229011275602,34229014745711,20000290,sB-eth3,up,34229014586729,netem,52759378,36767,0,0,0,0,0,48725588,7408,0,50716900,5820,0
1877,34229031274234,34229033121534,19998632,sA-eth3,up,34229032936972,netem,50849050,38943,0,0,0,0,0,48481192,8434,0,48892858,9303,0
1877,34229031274234,34229034762422,19998632,sB-eth3,up,34229034604880,netem,52759378,36767,0,0,0,0,0,48725588,7408,0,50716900,5820,0
1878,34229051265594,34229053090554,19991360,sA-eth3,up,34229052907662,netem,50849136,38944,0,0,0,0,0,48482706,8435,0,48892944,9304,0
1878,34229051265594,34229054717773,19991360,sB-eth3,up,34229054563971,netem,52759378,36767,0,0,0,0,0,48725588,7408,0,50716900,5820,0
1879,34229071273745,34229073477109,20008151,sA-eth3,up,34229073301818,netem,50849136,38944,0,0,0,0,0,48482706,8435,0,48892944,9304,0
1879,34229071273745,34229075679584,20008151,sB-eth3,up,34229075525512,netem,52759378,36767,0,0,0,0,0,48725588,7408,0,50716900,5820,0
1880,34229091267756,34229093125707,19994011,sA-eth3,up,34229092938394,netem,50849136,38944,0,0,0,0,0,48482706,8435,0,48892944,9304,0
1880,34229091267756,34229094773575,19994011,sB-eth3,up,34229094617153,netem,52759378,36767,0,0,0,0,0,48725588,7408,0,50716900,5820,0
1881,34229111277777,34229113155458,20010021,sA-eth3,up,34229112961196,netem,50849136,38944,0,0,0,0,0,48482706,8435,0,48892944,9304,0
1881,34229111277777,34229115303121,20010021,sB-eth3,up,34229115149991,netem,52759378,36767,0,0,0,0,0,48725588,7408,0,50716900,5820,0
1882,34229131267918,34229133055548,19990141,sA-eth3,up,34229132882436,netem,50849136,38944,0,0,0,0,0,48482706,8435,0,48892944,9304,0
1882,34229131267918,34229134671246,19990141,sB-eth3,up,34229134519984,netem,52759378,36767,0,0,0,0,0,48725588,7408,0,50716900,5820,0
1883,34229151273159,34229153509444,20005241,sA-eth3,up,34229153330721,netem,50849136,38944,0,0,0,0,0,48482706,8435,0,48892944,9304,0
1883,34229151273159,34229155286423,20005241,sB-eth3,up,34229155133302,netem,52759378,36767,0,0,0,0,0,48725588,7408,0,50716900,5820,0
1884,34229171269381,34229173143711,19996222,sA-eth3,up,34229172934768,netem,50849136,38944,0,0,0,0,0,48482706,8435,0,48892944,9304,0
1884,34229171269381,34229174777299,19996222,sB-eth3,up,34229174617817,netem,52759378,36767,0,0,0,0,0,48725588,7408,0,50716900,5820,0
1885,34229191273891,34229193163962,20004510,sA-eth3,up,34229192970420,netem,50849136,38944,0,0,0,0,0,48482706,8435,0,48892944,9304,0
1885,34229191273891,34229194813520,20004510,sB-eth3,up,34229194660929,netem,52759378,36767,0,0,0,0,0,48725588,7408,0,50716900,5820,0
1886,34229211268012,34229213120963,19994121,sA-eth3,up,34229212921310,netem,50849136,38944,0,0,0,0,0,48482706,8435,0,48892944,9304,0
1886,34229211268012,34229214748660,19994121,sB-eth3,up,34229214593459,netem,52759378,36767,0,0,0,0,0,48725588,7408,0,50716900,5820,0
1887,34229231274933,34229233535788,20006921,sA-eth3,up,34229233357836,netem,50849136,38944,0,0,0,0,0,48482706,8435,0,48892944,9304,0
1887,34229231274933,34229235367388,20006921,sB-eth3,up,34229235213857,netem,52759378,36767,0,0,0,0,0,48725588,7408,0,50716900,5820,0
1888,34229251269914,34229253147875,19994981,sA-eth3,up,34229252952782,netem,50849136,38944,0,0,0,0,0,48482706,8435,0,48892944,9304,0
1888,34229251269914,34229254845643,19994981,sB-eth3,up,34229254641511,netem,52759378,36767,0,0,0,0,0,48725588,7408,0,50716900,5820,0
1889,34229271283635,34229273487009,20013721,sA-eth3,up,34229273298618,netem,50849756,38952,0,0,0,132,2,48512326,8445,0,48893630,9313,0
1889,34229271283635,34229275452961,20013721,sB-eth3,up,34229275265739,netem,52759378,36767,0,0,0,0,0,48725588,7408,0,50716900,5820,0
1890,34229291270965,34229293225318,19987330,sA-eth3,up,34229293049705,netem,50850554,38963,0,0,0,0,0,48592626,8455,0,48894362,9323,0
1890,34229291270965,34229294869745,19987330,sB-eth3,up,34229294711764,netem,52759378,36767,0,0,0,0,0,48725588,7408,0,50716900,5820,0
1891,34229311270956,34229313317870,19999991,sA-eth3,up,34229313133307,netem,50851426,38975,0,0,0,66,1,48676020,8468,0,48895234,9335,0
1891,34229311270956,34229315256860,19999991,sB-eth3,up,34229315093709,netem,52759378,36767,0,0,0,0,0,48725588,7408,0,50716900,5820,0
1892,34229331270088,34229333186689,19999132,sA-eth3,up,34229332977207,netem,50852446,38989,0,0,0,66,1,48805948,8484,0,48896320,9350,0
1892,34229331270088,34229334905797,19999132,sB-eth3,up,34229334737036,netem,52759378,36767,0,0,0,0,0,48725588,7408,0,50716900,5820,0
1893,34229351271679,34229353158140,20001591,sA-eth3,up,34229352962407,netem,50852906,38995,0,0,0,0,0,48845374,8489,0,48896714,9355,0
1893,34229351271679,34229354907009,20001591,sB-eth3,up,34229354736757,netem,52759378,36767,0,0,0,0,0,48725588,7408,0,50716900,5820,0
1894,34229371270260,34229373160730,19998581,sA-eth3,up,34229372975768,netem,50852906,38995,0,0,0,0,0,48845374,8489,0,48896714,9355,0
1894,34229371270260,34229374899049,19998581,sB-eth3,up,34229374727077,netem,52759378,36767,0,0,0,0,0,48725588,7408,0,50716900,5820,0
1895,34229391267361,34229393097250,19997101,sA-eth3,up,34229392907399,netem,50852906,38995,0,0,0,0,0,48845374,8489,0,48896714,9355,0
1895,34229391267361,34229394707219,19997101,sB-eth3,up,34229394547306,netem,52759378,36767,0,0,0,0,0,48725588,7408,0,50716900,5820,0
1896,34229411271502,34229413159762,20004141,sA-eth3,up,34229412945890,netem,50852906,38995,0,0,0,0,0,48845374,8489,0,48896714,9355,0
1896,34229411271502,34229414815571,20004141,sB-eth3,up,34229414655349,netem,52759378,36767,0,0,0,0,0,48725588,7408,0,50716900,5820,0
1897,34229431278323,34229433182144,20006821,sA-eth3,up,34229432976832,netem,50852906,38995,0,0,0,0,0,48845374,8489,0,48896714,9355,0
1897,34229431278323,34229434911122,20006821,sB-eth3,up,34229434740831,netem,52759378,36767,0,0,0,0,0,48725588,7408,0,50716900,5820,0
1898,34229451272133,34229453186015,19993810,sA-eth3,up,34229452981062,netem,50852906,38995,0,0,0,0,0,48845374,8489,0,48896714,9355,0
1898,34229451272133,34229455021505,19993810,sB-eth3,up,34229454832623,netem,52759378,36767,0,0,0,0,0,48725588,7408,0,50716900,5820,0
1899,34229471277074,34229473167145,20004941,sA-eth3,up,34229472962144,netem,50852906,38995,0,0,0,0,0,48845374,8489,0,48896714,9355,0
1899,34229471277074,34229474872294,20004941,sB-eth3,up,34229474703793,netem,52759378,36767,0,0,0,0,0,48725588,7408,0,50716900,5820,0
1900,34229491273045,34229493577660,19995971,sA-eth3,up,34229493392249,netem,50852906,38995,0,0,0,0,0,48845374,8489,0,48896714,9355,0
1900,34229491273045,34229495448932,19995971,sB-eth3,up,34229495277959,netem,52759378,36767,0,0,0,0,0,48725588,7408,0,50716900,5820,0
1901,34229511269996,34229513190267,19996951,sA-eth3,up,34229512980934,netem,50852906,38995,0,0,0,0,0,48845374,8489,0,48896714,9355,0
1901,34229511269996,34229514911876,19996951,sB-eth3,up,34229514743955,netem,52759378,36767,0,0,0,0,0,48725588,7408,0,50716900,5820,0
1902,34229531286217,34229533202629,20016221,sA-eth3,up,34229533000176,netem,50852906,38995,0,0,0,0,0,48845374,8489,0,48896714,9355,0
1902,34229531286217,34229534886007,20016221,sB-eth3,up,34229534723946,netem,52759378,36767,0,0,0,0,0,48725588,7408,0,50716900,5820,0
1903,34229551270179,34229553149549,19983962,sA-eth3,up,34229552942536,netem,50852906,38995,0,0,0,0,0,48845374,8489,0,48896714,9355,0
1903,34229551270179,34229554859928,19983962,sB-eth3,up,34229554693806,netem,52759378,36767,0,0,0,0,0,48725588,7408,0,50716900,5820,0
1904,34229571278489,34229573153469,20008310,sA-eth3,up,34229572941258,netem,50852906,38995,0,0,0,0,0,48845374,8489,0,48896714,9355,0
1904,34229571278489,34229574864389,20008310,sB-eth3,up,34229574696277,netem,52759378,36767,0,0,0,0,0,48725588,7408,0,50716900,5820,0
1905,34229591270770,34229593148111,19992281,sA-eth3,up,34229592940208,netem,50852906,38995,0,0,0,0,0,48845374,8489,0,48896714,9355,0
1905,34229591270770,34229594861690,19992281,sB-eth3,up,34229594693538,netem,52759378,36767,0,0,0,0,0,48725588,7408,0,50716900,5820,0
1906,34229611276321,34229613178882,20005551,sA-eth3,up,34229612977340,netem,50852906,38995,0,0,0,0,0,48845374,8489,0,48896714,9355,0
1906,34229611276321,34229614905861,20005551,sB-eth3,up,34229614737360,netem,52759378,36767,0,0,0,0,0,48725588,7408,0,50716900,5820,0
1907,34229631271102,34229633181493,19994781,sA-eth3,up,34229632977781,netem,50852906,38995,0,0,0,0,0,48845374,8489,0,48896714,9355,0
1907,34229631271102,34229634890182,19994781,sB-eth3,up,34229634723510,netem,52759378,36767,0,0,0,0,0,48725588,7408,0,50716900,5820,0
1908,34229651272403,34229653133113,20001301,sA-eth3,up,34229652923161,netem,50852906,38995,0,0,0,0,0,48845374,8489,0,48896714,9355,0
1908,34229651272403,34229654845173,20001301,sB-eth3,up,34229654677471,netem,52759378,36767,0,0,0,0,0,48725588,7408,0,50716900,5820,0
1909,34229671272844,34229673137024,20000441,sA-eth3,up,34229672933683,netem,50852906,38995,0,0,0,0,0,48845374,8489,0,48896714,9355,0
1909,34229671272844,34229674855853,20000441,sB-eth3,up,34229674688232,netem,52759378,36767,0,0,0,0,0,48725588,7408,0,50716900,5820,0
1910,34229691272215,34229693571311,19999371,sA-eth3,up,34229693381528,netem,50852906,38995,0,0,0,0,0,48845374,8489,0,48896714,9355,0
1910,34229691272215,34229695586603,19999371,sB-eth3,up,34229695395630,netem,52759378,36767,0,0,0,0,0,48725588,7408,0,50716900,5820,0
1911,34229711273326,34229713282668,20001111,sA-eth3,up,34229713102376,netem,50852906,38995,0,0,0,0,0,48845374,8489,0,48896714,9355,0
1911,34229711273326,34229715297370,20001111,sB-eth3,up,34229715121538,netem,52759378,36767,0,0,0,0,0,48725588,7408,0,50716900,5820,0
1912,34229731272037,34229733178758,19998711,sA-eth3,up,34229732942985,netem,50852906,38995,0,0,0,0,0,48845374,8489,0,48896714,9355,0
1912,34229731272037,34229734860967,19998711,sB-eth3,up,34229734698565,netem,52759378,36767,0,0,0,0,0,48725588,7408,0,50716900,5820,0
1913,34229751271998,34229753161268,19999961,sA-eth3,up,34229752932536,netem,50852906,38995,0,0,0,0,0,48845374,8489,0,48896714,9355,0
1913,34229751271998,34229755345643,19999961,sB-eth3,up,34229755148890,netem,52759378,36767,0,0,0,0,0,48725588,7408,0,50716900,5820,0
1914,34229771270108,34229773231030,19998110,sA-eth3,up,34229773047118,netem,50852906,38995,0,0,0,0,0,48845374,8489,0,48896714,9355,0
1914,34229771270108,34229775096161,19998110,sB-eth3,up,34229774880119,netem,52759378,36767,0,0,0,0,0,48725588,7408,0,50716900,5820,0
1915,34229791270940,34229793320542,20000832,sA-eth3,up,34229793126340,netem,50852906,38995,0,0,0,0,0,48845374,8489,0,48896714,9355,0
1915,34229791270940,34229795362125,20000832,sB-eth3,up,34229795151633,netem,52759378,36767,0,0,0,0,0,48725588,7408,0,50716900,5820,0
1916,34229811278481,34229813200032,20007541,sA-eth3,up,34229812969920,netem,50852906,38995,0,0,0,0,0,48845374,8489,0,48896714,9355,0
1916,34229811278481,34229814864600,20007541,sB-eth3,up,34229814701139,netem,52759378,36767,0,0,0,0,0,48725588,7408,0,50716900,5820,0
1917,34229831273001,34229833139422,19994520,sA-eth3,up,34229832927100,netem,50852906,38995,0,0,0,0,0,48845374,8489,0,48896714,9355,0
1917,34229831273001,34229834818500,19994520,sB-eth3,up,34229834642639,netem,52759378,36767,0,0,0,0,0,48725588,7408,0,50716900,5820,0
1918,34229851271232,34229853151233,19998231,sA-eth3,up,34229852927520,netem,50852906,38995,0,0,0,0,0,48845374,8489,0,48896714,9355,0
1918,34229851271232,34229854818232,19998231,sB-eth3,up,34229854657720,netem,52759378,36767,0,0,0,0,0,48725588,7408,0,50716900,5820,0
1919,34229871272653,34229873152175,20001421,sA-eth3,up,34229872953752,netem,51004396,39096,0,0,0,36336,2,48845902,8497,0,49042330,9367,0
1919,34229871272653,34229874809552,20001421,sB-eth3,up,34229874641451,netem,52759378,36767,0,0,0,0,0,48725588,7408,0,50716900,5820,0
1920,34229891271634,34229893091014,19998981,sA-eth3,up,34229892887612,netem,51254206,39261,0,0,0,22710,2,48846100,8500,0,49282438,9385,0
1920,34229891271634,34229894744723,19998981,sB-eth3,up,34229894582921,netem,52759378,36767,0,0,0,0,0,48725588,7408,0,50716900,5820,0
1921,34229911274315,34229913080885,20002681,sA-eth3,up,34229912878013,netem,51496446,39421,0,0,0,0,0,48846100,8500,0,49515306,9403,0
1921,34229911274315,34229914732094,20002681,sB-eth3,up,34229914569672,netem,52759378,36767,0,0,0,0,0,48725588,7408,0,50716900,5820,0
1922,34229931271026,34229933132677,19996711,sA-eth3,up,34229932924475,netem,51500988,39424,0,0,0,0,0,48846100,8500,0,49519716,9404,0
1922,34229931271026,34229934762495,19996711,sB-eth3,up,34229934604463,netem,52759378,36767,0,0,0,0,0,48725588,7408,0,50716900,5820,0
1923,34229951276677,34229953144498,20005651,sA-eth3,up,34229952943086,netem,51500988,39424,0,0,0,30280,2,48846166,8501,0,49519716,9404,0
1923,34229951276677,34229954786026,20005651,sB-eth3,up,34229954625094,netem,52759378,36767,0,0,0,0,0,48725588,7408,0,50716900,5820,0
1924,34229971268468,34229973144549,19991791,sA-eth3,up,34229972943957,netem,51753826,39591,0,0,0,30366,3,48847680,8502,0,49762786,9423,0
1924,34229971268468,34229975421504,19991791,sB-eth3,up,34229975243402,netem,52759378,36767,0,0,0,0,0,48725588,7408,0,50716900,5820,0
1925,34229991275990,34229993196530,20007522,sA-eth3,up,34229992945817,netem,52004292,39764,0,0,0,22788,3,48880130,8511,0,50003550,9449,0
1925,34229991275990,34229994894969,20007522,sB-eth3,up,34229994707047,netem,52759378,36767,0,0,0,0,0,48725588,7408,0,50716900,5820,0
1926,34230011275720,34230013124020,19999730,sA-eth3,up,34230012915909,netem,52042718,39797,0,0,0,0,0,48905142,8517,0,50040524,9460,0
1926,34230011275720,34230015141993,19999730,sB-eth3,up,34230014940741,netem,52759378,36767,0,0,0,0,0,48725588,7408,0,50716900,5820,0
1927,34230031274362,34230033197752,19998642,sA-eth3,up,34230032986500,netem,52047836,39808,0,0,0,0,0,48957864,8526,0,50045510,9469,0
1927,34230031274362,34230034879711,19998642,sB-eth3,up,34230034712609,netem,52759378,36767,0,0,0,0,0,48725588,7408,0,50716900,5820,0
1928,34230051284512,34230053187644,20010150,sA-eth3,up,34230052967181,netem,52048684,39820,0,0,0,0,0,49044220,8540,0,50046358,9481,0
1928,34230051284512,34230055378927,20010150,sB-eth3,up,34230055214746,netem,52759378,36767,0,0,0,0,0,48725588,7408,0,50716900,5820,0
1929,34230071273673,34230073114323,19989161,sA-eth3,up,34230072921781,netem,52049434,39831,0,0,0,30358,3,49117346,8551,0,50047108,9492,0
1929,34230071273673,34230074738931,19989161,sB-eth3,up,34230074579140,netem,52759378,36767,0,0,0,0,0,48725588,7408,0,50716900,5820,0
1930,34230091272044,34230093050054,19998371,sA-eth3,up,34230092851841,netem,52302650,40003,0,0,0,30346,3,49161182,8557,0,50290556,9516,0
1930,34230091272044,34230094687371,19998371,sB-eth3,up,34230094530640,netem,52759378,36767,0,0,0,0,0,48725588,7408,0,50716900,5820,0
1931,34230111282535,34230113112506,20010491,sA-eth3,up,34230112921454,netem,52553036,40176,0,0,0,22710,2,49205084,8564,0,50531240,9542,0
1931,34230111282535,34230114714863,20010491,sB-eth3,up,34230114558121,netem,52759378,36767,0,0,0,0,0,48725588,7408,0,50716900,5820,0
1932,34230131271256,34230133088576,19988721,sA-eth3,up,34230132905764,netem,52795276,40336,0,0,0,30280,2,49205084,8564,0,50778654,9561,0
1932,34230131271256,34230134719243,19988721,sB-eth3,up,34230134561962,netem,52759378,36767,0,0,0,0,0,48725588,7408,0,50716900,5820,0
1933,34230151269727,34230153064596,19998471,sA-eth3,up,34230152869024,netem,53050142,40505,0,0,0,0,0,49205084,8564,0,51009074,9579,0
1933,34230151269727,34230154702195,19998471,sB-eth3,up,34230154520313,netem,52759378,36767,0,0,0,0,0,48725588,7408,0,50716900,5820,0
1934,34230171272657,34230173078498,20002930,sA-eth3,up,34230172880185,netem,53050142,40505,0,0,0,0,0,49205084,8564,0,51009074,9579,0
1934,34230171272657,34230175345663,20002930,sB-eth3,up,34230175186661,netem,52759378,36767,0,0,0,0,0,48725588,7408,0,50716900,5820,0
1935,34230191267959,34230193149759,19995302,sA-eth3,up,34230192968948,netem,53050142,40505,0,0,0,0,0,49205150,8565,0,51009074,9579,0
1935,34230191267959,34230194765078,19995302,sB-eth3,up,34230194612325,netem,52759378,36767,0,0,0,0,0,48725588,7408,0,50716900,5820,0
1936,34230211274749,34230213324182,20006790,sA-eth3,up,34230213154721,netem,53050142,40505,0,0,0,0,0,49205150,8565,0,51009074,9579,0
1936,34230211274749,34230215184463,20006790,sB-eth3,up,34230215024641,netem,52759378,36767,0,0,0,0,0,48725588,7408,0,50716900,5820,0
1937,34230231264341,34230233071221,19989592,sA-eth3,up,34230232887588,netem,53050142,40505,0,0,0,0,0,49205150,8565,0,51009074,9579,0
1937,34230231264341,34230234863760,19989592,sB-eth3,up,34230234708838,netem,52759378,36767,0,0,0,0,0,48725588,7408,0,50716900,5820,0
1938,34230251272511,34230253092721,20008170,sA-eth3,up,34230252908370,netem,53050142,40505,0,0,0,0,0,49205150,8565,0,51009074,9579,0
1938,34230251272511,34230254719670,20008170,sB-eth3,up,34230254565807,netem,52759378,36767,0,0,0,0,0,48725588,7408,0,50716900,5820,0
1939,34230271277733,34230273196754,20005222,sA-eth3,up,34230272991261,netem,53050142,40505,0,0,0,0,0,49205150,8565,0,51009074,9579,0
1939,34230271277733,34230274825092,20005222,sB-eth3,up,34230274667230,netem,52759378,36767,0,0,0,0,0,48725588,7408,0,50716900,5820,0
1940,34230291269763,34230293120534,19992030,sA-eth3,up,34230292935412,netem,53050142,40505,0,0,0,0,0,49205150,8565,0,51009074,9579,0
1940,34230291269763,34230295152796,19992030,sB-eth3,up,34230294984854,netem,52759378,36767,0,0,0,0,0,48725588,7408,0,50716900,5820,0
1941,34230311273794,34230313110515,20004031,sA-eth3,up,34230312930772,netem,53050142,40505,0,0,0,0,0,49205150,8565,0,51009074,9579,0
1941,34230311273794,34230314894545,20004031,sB-eth3,up,34230314741483,netem,52759378,36767,0,0,0,0,0,48725588,7408,0,50716900,5820,0
1942,34230331267685,34230333191027,19993891,sA-eth3,up,34230332979565,netem,53050286,40507,0,0,0,0,0,49224238,8569,0,51009218,9581,0
1942,34230331267685,34230334955597,19993891,sB-eth3,up,34230334796355,netem,52759378,36767,0,0,0,0,0,48725588,7408,0,50716900,5820,0
1943,34230351281036,34230353188248,20013351,sA-eth3,up,34230352978185,netem,53051012,40518,0,0,0,0,0,49292954,8579,0,51009944,9592,0
1943,34230351281036,34230354904647,20013351,sB-eth3,up,34230354737085,netem,52759378,36767,0,0,0,0,0,48725588,7408,0,50716900,5820,0
1944,34230371275118,34230373163748,19994082,sA-eth3,up,34230372967706,netem,53051534,40525,0,0,0,0,0,49344096,8586,0,51010466,9599,0
1944,34230371275118,34230374822077,19994082,sB-eth3,up,34230374664305,netem,52759378,36767,0,0,0,0,0,48725588,7408,0,50716900,5820,0
1945,34230391268378,34230393205960,19993260,sA-eth3,up,34230392994068,netem,53052290,40535,0,0,0,66,1,49424462,8597,0,51011222,9609,0
1945,34230391268378,34230394913269,19993260,sB-eth3,up,34230394751116,netem,52759906,36775,0,0,0,132,2,48791432,7418,0,50717428,5828,0
1946,34230411267920,34230413098029,19999542,sA-eth3,up,34230412911177,netem,53053082,40547,0,0,0,66,1,49512134,8609,0,51012080,9622,0
1946,34230411267920,34230414824699,19999542,sB-eth3,up,34230414652877,netem,52760434,36783,0,0,0,0,0,48813746,7427,0,50717956,5836,0
1947,34230431269430,34230433145511,20001510,sA-eth3,up,34230432956939,netem,53053748,40556,0,0,0,78,1,49570714,8619,0,51012758,9631,0
1947,34230431269430,34230434873420,20001510,sB-eth3,up,34230434702228,netem,52760434,36783,0,0,0,0,0,48815260,7428,0,50717956,5836,0
1948,34230451272331,34230453135072,20002901,sA-eth3,up,34230452951820,netem,53054510,40567,0,0,0,0,0,49636468,8628,0,51013442,9641,0
1948,34230451272331,34230454852961,20002901,sB-eth3,up,34230454681699,netem,52760500,36784,0,0,0,0,0,48821184,7430,0,50718022,5837,0
1949,34230471271892,34230473132722,19999561,sA-eth3,up,34230472948740,netem,53055242,40577,0,0,0,0,0,49719730,8639,0,51014174,9651,0
1949,34230471271892,34230474867702,19999561,sB-eth3,up,34230474698930,netem,52760500,36784,0,0,0,0,0,48822698,7431,0,50718022,5837,0
1950,34230491272713,34230493114534,20000821,sA-eth3,up,34230492924532,netem,53055830,40585,0,0,0,0,0,49760868,8648,0,51014762,9659,0
1950,34230491272713,34230494747512,20000821,sB-eth3,up,34230494589389,netem,52760566,36785,0,0,0,0,0,48828622,7433,0,50718088,5838,0
1951,34230511277864,34230513102054,20005151,sA-eth3,up,34230512915482,netem,53056322,40591,0,0,0,0,0,49812010,8655,0,51015254,9665,0
1951,34230511277864,34230514844763,20005151,sB-eth3,up,34230514674101,netem,52760566,36785,0,0,0,0,0,48828622,7433,0,50718088,5838,0
1952,34230531283565,34230533238667,20005701,sA-eth3,up,34230533054314,netem,53056910,40599,0,0,0,0,0,49870458,8663,0,51015842,9673,0
1952,34230531283565,34230534938956,20005701,sB-eth3,up,34230534750274,netem,52760632,36786,0,0,0,0,0,48836060,7436,0,50718154,5839,0
1953,34230551276805,34230553191437,19993240,sA-eth3,up,34230552986944,netem,53056988,40600,0,0,0,0,0,49870458,8663,0,51015920,9674,0
1953,34230551276805,34230554834605,19993240,sB-eth3,up,34230554673184,netem,52760632,36786,0,0,0,0,0,48836060,7436,0,50718154,5839,0
1954,34230571275697,34230573042337,19998892,sA-eth3,up,34230572853294,netem,53056988,40600,0,0,0,0,0,49870458,8663,0,51015920,9674,0
1954,34230571275697,34230574762926,19998892,sB-eth3,up,34230574588703,netem,52760698,36787,0,0,0,0,0,48843498,7439,0,50718220,5840,0
1955,34230591276828,34230593147299,20001131,sA-eth3,up,34230592942666,netem,53056988,40600,0,0,0,0,0,49870458,8663,0,51015920,9674,0
1955,34230591276828,34230594845948,20001131,sB-eth3,up,34230594678416,netem,52760698,36787,0,0,0,0,0,48843498,7439,0,50718220,5840,0
1956,34230611274739,34230613625865,19997911,sA-eth3,up,34230613450853,netem,53056988,40600,0,0,0,0,0,49870458,8663,0,51015920,9674,0
1956,34230611274739,34230615528356,19997911,sB-eth3,up,34230615342994,netem,52760764,36788,0,0,0,0,0,48948348,7448,0,50718286,5841,0
1957,34230631276119,34230633191951,20001380,sA-eth3,up,34230632997569,netem,53056988,40600,0,0,0,0,0,49870458,8663,0,51015920,9674,0
1957,34230631276119,34230635031332,20001380,sB-eth3,up,34230634859500,netem,52760764,36788,0,0,0,0,0,48948348,7448,0,50718286,5841,0
1958,34230651277921,34230653070161,20001802,sA-eth3,up,34230652879259,netem,53056988,40600,0,0,0,0,0,49870458,8663,0,51015920,9674,0
1958,34230651277921,34230654808990,20001802,sB-eth3,up,34230654638208,netem,52760830,36789,0,0,0,0,0,49069060,7456,0,50718352,5842,0
1959,34230671269222,34230673125563,19991301,sA-eth3,up,34230672918380,netem,53056988,40600,0,0,0,0,0,49870458,8663,0,51015920,9674,0
1959,34230671269222,34230674755720,19991301,sB-eth3,up,34230674594059,netem,52760830,36789,0,0,0,0,0,49152058,7463,0,50718352,5842,0
1960,34230691270593,34230693053743,20001371,sA-eth3,up,34230692870690,netem,53056988,40600,0,0,0,0,0,49870458,8663,0,51015920,9674,0
1960,34230691270593,34230694669780,20001371,sB-eth3,up,34230694511629,netem,52760896,36790,0,0,0,0,0,49173976,7466,0,50718418,5843,0
1961,34230711270344,34230713211185,19999751,sA-eth3,up,34230713021673,netem,53056988,40600,0,0,0,0,0,49870458,8663,0,51015920,9674,0
1961,34230711270344,34230714919324,19999751,sB-eth3,up,34230714751272,netem,52760896,36790,0,0,0,0,0,49267506,7479,0,50718418,5843,0
1962,34230731278325,34230733142996,20007981,sA-eth3,up,34230732933803,netem,53056988,40600,0,0,0,0,0,49870458,8663,0,51015920,9674,0
1962,34230731278325,34230734810634,20007981,sB-eth3,up,34230734645292,netem,52760962,36791,0,0,0,0,0,49368276,7492,0,50718484,5844,0
1963,34230751271726,34230753223907,19993401,sA-eth3,up,34230753029515,netem,53056988,40600,0,0,0,0,0,49870458,8663,0,51015920,9674,0
1963,34230751271726,34230754990717,19993401,sB-eth3,up,34230754817185,netem,52760962,36791,0,0,0,0,0,49490898,7507,0,50718484,5844,0
1964,34230771270446,34230773617213,19998720,sA-eth3,up,34230773438231,netem,53056988,40600,0,0,0,0,0,49870458,8663,0,51015920,9674,0
1964,34230771270446,34230775432513,19998720,sB-eth3,up,34230775240331,netem,52761028,36792,0,0,0,0,0,49574226,7519,0,50718550,5845,0
1965,34230791276188,34230793136538,20005742,sA-eth3,up,34230792948566,netem,53056988,40600,0,0,0,0,0,49870458,8663,0,51015920,9674,0
1965,34230791276188,34230794857637,20005742,sB-eth3,up,34230794688505,netem,52761094,36793,0,0,0,0,0,49670652,7532,0,50718616,5846,0
1966,34230811270049,34230813137120,19993861,sA-eth3,up,34230812929377,netem,53056988,40600,0,0,0,0,0,49870458,8663,0,51015920,9674,0
1966,34230811270049,34230814806787,19993861,sB-eth3,up,34230814642876,netem,52761094,36793,0,0,0,0,0,49780110,7545,0,50718616,5846,0
1967,34230831268420,34230833128860,19998371,sA-eth3,up,34230832921507,netem,53056988,40600,0,0,0,0,0,49870458,8663,0,51015920,9674,0
1967,34230831268420,34230834825589,19998371,sB-eth3,up,34230834665127,netem,52761160,36794,0,0,0,0,0,49893978,7559,0,50718682,5847,0
1968,34230851270910,34230853134531,20002490,sA-eth3,up,34230852923829,netem,53056988,40600,0,0,0,0,0,49870458,8663,0,51015920,9674,0
1968,34230851270910,34230855448617,20002490,sB-eth3,up,34230855273265,netem,52761226,36795,0,0,0,0,0,50007846,7573,0,50718748,5848,0
1969,34230871281431,34230873210202,20010521,sA-eth3,up,34230873028280,netem,53056988,40600,0,0,0,0,0,49870458,8663,0,51015920,9674,0
1969,34230871281431,34230874893772,20010521,sB-eth3,up,34230874731859,netem,52761226,36795,0,0,0,0,0,50117304,7586,0,50718748,5848,0
1970,34230891272533,34230893163043,19991102,sA-eth3,up,34230892960552,netem,53056988,40600,0,0,0,0,0,49870458,8663,0,51015920,9674,0
1970,34230891272533,34230894881032,19991102,sB-eth3,up,34230894719371,netem,52761292,36796,0,0,0,0,0,50231172,7600,0,50718814,5849,0
1971,34230911270743,34230913108154,19998210,sA-eth3,up,34230912904812,netem,53056988,40600,0,0,0,0,0,49870458,8663,0,51015920,9674,0
1971,34230911270743,34230914800392,19998210,sB-eth3,up,34230914631901,netem,52761292,36796,0,0,0,66,1,50336286,7613,0,50718880,5850,0
1972,34230931280025,34230933155945,20009282,sA-eth3,up,34230932966103,netem,53056988,40600,0,0,0,0,0,49870458,8663,0,51015920,9674,0
1972,34230931280025,34230934769043,20009282,sB-eth3,up,34230934611061,netem,52761358,36797,0,0,0,0,0,50450154,7627,0,50718880,5850,0
1973,34230951274905,34230953595072,19994880,sA-eth3,up,34230953423519,netem,53056988,40600,0,0,0,0,0,49870458,8663,0,51015920,9674,0
1973,34230951274905,34230955522942,19994880,sB-eth3,up,34230955335760,netem,52761424,36798,0,0,0,0,0,50568366,7641,0,50718946,5851,0
1974,34230971271747,34230973162437,19996842,sA-eth3,up,34230972959134,netem,53056988,40600,0,0,0,0,0,49870458,8663,0,51015920,9674,0
1974,34230971271747,34230974865966,19996842,sB-eth3,up,34230974698264,netem,52761424,36798,0,0,0,0,0,50673480,7654,0,50718946,5851,0
1975,34230991272067,34230993126837,20000320,sA-eth3,up,34230992918026,netem,53056988,40600,0,0,0,0,0,49870458,8663,0,51015920,9674,0
1975,34230991272067,34230994816156,20000320,sB-eth3,up,34230994651105,netem,52761490,36799,0,0,0,0,0,50809134,7669,0,50719012,5852,0
1976,34231011269429,34231013116669,19997362,sA-eth3,up,34231012913397,netem,53056988,40600,0,0,0,0,0,49870458,8663,0,51015920,9674,0
1976,34231011269429,34231014798298,19997362,sB-eth3,up,34231014636565,netem,52761490,36799,0,0,0,0,0,50840254,7673,0,50719012,5852,0
1977,34231031283739,34231033166751,20014310,sA-eth3,up,34231032963008,netem,53056988,40600,0,0,0,0,0,49870458,8663,0,51015920,9674,0
1977,34231031283739,34231034860268,20014310,sB-eth3,up,34231034700488,netem,52761556,36800,0,0,0,0,0,50840254,7673,0,50719078,5853,0
1978,34231051279050,34231053101661,19995311,sA-eth3,up,34231052915098,netem,53056988,40600,0,0,0,0,0,49870458,8663,0,51015920,9674,0
1978,34231051279050,34231054827620,19995311,sB-eth3,up,34231054654158,netem,52761556,36800,0,0,0,0,0,50840254,7673,0,50719078,5853,0
1979,34231071274571,34231073125481,19995521,sA-eth3,up,34231072916590,netem,53056988,40600,0,0,0,0,0,49870458,8663,0,51015920,9674,0
1979,34231071274571,34231074780620,19995521,sB-eth3,up,34231074618918,netem,52761556,36800,0,0,0,0,0,50840254,7673,0,50719078,5853,0
1980,34231091269713,34231093042221,19995142,sA-eth3,up,34231092850520,netem,53056988,40600,0,0,0,0,0,49870458,8663,0,51015920,9674,0
1980,34231091269713,34231094753610,19995142,sB-eth3,up,34231094583339,netem,52761556,36800,0,0,0,0,0,50840254,7673,0,50719078,5853,0
1981,34231111269593,34231113144594,19999880,sA-eth3,up,34231112939871,netem,53056988,40600,0,0,0,0,0,49870458,8663,0,51015920,9674,0
1981,34231111269593,34231114788342,19999880,sB-eth3,up,34231114619990,netem,52761556,36800,0,0,0,0,0,50840254,7673,0,50719078,5853,0
1982,34231131270694,34231133078175,20001101,sA-eth3,up,34231132890152,netem,53056988,40600,0,0,0,0,0,49870458,8663,0,51015920,9674,0
1982,34231131270694,34231134804483,20001101,sB-eth3,up,34231134634211,netem,52761556,36800,0,0,0,0,0,50840254,7673,0,50719078,5853,0
1983,34231151276056,34231153139706,20005362,sA-eth3,up,34231152933953,netem,53056988,40600,0,0,0,0,0,49870458,8663,0,51015920,9674,0
1983,34231151276056,34231154780584,20005362,sB-eth3,up,34231154619752,netem,52761556,36800,0,0,0,0,0,50840254,7673,0,50719078,5853,0
1984,34231171270606,34231173024235,19994550,sA-eth3,up,34231172837103,netem,53056988,40600,0,0,0,0,0,49870458,8663,0,51015920,9674,0
1984,34231171270606,34231174763365,19994550,sB-eth3,up,34231174591513,netem,52761556,36800,0,0,0,0,0,50840254,7673,0,50719078,5853,0
1985,34231191269757,34231193152408,19999151,sA-eth3,up,34231192942655,netem,53056988,40600,0,0,0,0,0,49870458,8663,0,51015920,9674,0
1985,34231191269757,34231194845067,19999151,sB-eth3,up,34231194675594,netem,52761556,36800,0,0,0,0,0,50840254,7673,0,50719078,5853,0
1986,34231211281228,34231213186820,20011471,sA-eth3,up,34231212983187,netem,53056988,40600,0,0,0,0,0,49870458,8663,0,51015920,9674,0
1986,34231211281228,34231214848087,20011471,sB-eth3,up,34231214686386,netem,52761556,36800,0,0,0,0,0,50840254,7673,0,50719078,5853,0
1987,34231231269340,34231233057279,19988112,sA-eth3,up,34231232869557,netem,53056988,40600,0,0,0,0,0,49870458,8663,0,51015920,9674,0
1987,34231231269340,34231234790548,19988112,sB-eth3,up,34231234619516,netem,52761556,36800,0,0,0,0,0,50840254,7673,0,50719078,5853,0
1988,34231251275200,34231253143211,20005860,sA-eth3,up,34231252928739,netem,53056988,40600,0,0,0,0,0,49870458,8663,0,51015920,9674,0
1988,34231251275200,34231254838329,20005860,sB-eth3,up,34231254675227,netem,52761556,36800,0,0,0,0,0,50840254,7673,0,50719078,5853,0
1989,34231271269920,34231273122852,19994720,sA-eth3,up,34231272915799,netem,53056988,40600,0,0,0,0,0,49870458,8663,0,51015920,9674,0
1989,34231271269920,34231276392118,19994720,sB-eth3,up,34231276220646,netem,52761556,36800,0,0,0,0,0,50840254,7673,0,50719078,5853,0
1990,34231291283972,34231293186282,20014052,sA-eth3,up,34231292980812,netem,53056988,40600,0,0,0,0,0,49870458,8663,0,51015920,9674,0
1990,34231291283972,34231294886622,20014052,sB-eth3,up,34231294719091,netem,52761556,36800,0,0,0,0,0,50840254,7673,0,50719078,5853,0
1991,34231311275473,34231313147234,19991501,sA-eth3,up,34231312958752,netem,53056988,40600,0,0,0,0,0,49870458,8663,0,51015920,9674,0
1991,34231311275473,34231314843733,19991501,sB-eth3,up,34231314684871,netem,52761556,36800,0,0,0,0,0,50840254,7673,0,50719078,5853,0
1992,34231331279454,34231333148804,20003981,sA-eth3,up,34231332935822,netem,53056988,40600,0,0,0,0,0,49870458,8663,0,51015920,9674,0
1992,34231331279454,34231334872984,20003981,sB-eth3,up,34231334712922,netem,52761556,36800,0,0,0,0,0,50840254,7673,0,50719078,5853,0
1993,34231351270425,34231353112336,19990971,sA-eth3,up,34231352926623,netem,53056988,40600,0,0,0,0,0,49870458,8663,0,51015920,9674,0
1993,34231351270425,34231355492712,19990971,sB-eth3,up,34231355324100,netem,52761556,36800,0,0,0,0,0,50840254,7673,0,50719078,5853,0
1994,34231371278797,34231373375489,20008372,sA-eth3,up,34231373198287,netem,53056988,40600,0,0,0,0,0,49870458,8663,0,51015920,9674,0
1994,34231371278797,34231375185149,20008372,sB-eth3,up,34231375028538,netem,52761556,36800,0,0,0,0,0,50840254,7673,0,50719078,5853,0
1995,34231391270027,34231393385200,19991230,sA-eth3,up,34231393220939,netem,53056988,40600,0,0,0,0,0,49870458,8663,0,51015920,9674,0
1995,34231391270027,34231395173861,19991230,sB-eth3,up,34231395019339,netem,52761556,36800,0,0,0,0,0,50840254,7673,0,50719078,5853,0
1996,34231411292627,34231413438472,20022600,sA-eth3,up,34231413237039,netem,53056988,40600,0,0,0,0,0,49870458,8663,0,51015920,9674,0
1996,34231411292627,34231415251012,20022600,sB-eth3,up,34231415091450,netem,52761556,36800,0,0,0,0,0,50840254,7673,0,50719078,5853,0
1997,34231431269009,34231433284051,19976382,sA-eth3,up,34231433118769,netem,53056988,40600,0,0,0,0,0,49870458,8663,0,51015920,9674,0
1997,34231431269009,34231435065531,19976382,sB-eth3,up,34231434888989,netem,52761556,36800,0,0,0,0,0,50840254,7673,0,50719078,5853,0
1998,34231451278219,34231453080670,20009210,sA-eth3,up,34231452901028,netem,53056988,40600,0,0,0,0,0,49870458,8663,0,51015920,9674,0
1998,34231451278219,34231455167683,20009210,sB-eth3,up,34231455012491,netem,52761556,36800,0,0,0,0,0,50840254,7673,0,50719078,5853,0
1999,34231471269811,34231473213563,19991592,sA-eth3,up,34231473054941,netem,53056988,40600,0,0,0,0,0,49870458,8663,0,51015920,9674,0
1999,34231471269811,34231475250265,19991592,sB-eth3,up,34231475075713,netem,52761556,36800,0,0,0,0,0,50840254,7673,0,50719078,5853,0
2000,34231491276082,34231493581817,20006271,sA-eth3,up,34231493393615,netem,53056988,40600,0,0,0,0,0,49870458,8663,0,51015920,9674,0
2000,34231491276082,34231495791711,20006271,sB-eth3,up,34231495635390,netem,52761556,36800,0,0,0,0,0,50840254,7673,0,50719078,5853,0
2001,34231511278353,34231513240375,20002271,sA-eth3,up,34231513070613,netem,53056988,40600,0,0,0,0,0,49870458,8663,0,51015920,9674,0
2001,34231511278353,34231515152356,20002271,sB-eth3,up,34231514973313,netem,52761556,36800,0,0,0,0,0,50840254,7673,0,50719078,5853,0
2002,34231531279273,34231533453028,20000920,sA-eth3,up,34231533252556,netem,53056988,40600,0,0,0,0,0,49870458,8663,0,51015920,9674,0
2002,34231531279273,34231535318578,20000920,sB-eth3,up,34231535152726,netem,52761556,36800,0,0,0,0,0,50840254,7673,0,50719078,5853,0
2003,34231551274844,34231553198286,19995571,sA-eth3,up,34231553021734,netem,53056988,40600,0,0,0,0,0,49870458,8663,0,51015920,9674,0
2003,34231551274844,34231555095237,19995571,sB-eth3,up,34231554917305,netem,52761556,36800,0,0,0,0,0,50840254,7673,0,50719078,5853,0
2004,34231571276216,34231573126576,20001372,sA-eth3,up,34231572927993,netem,53056988,40600,0,0,0,0,0,49870458,8663,0,51015920,9674,0
2004,34231571276216,34231575077388,20001372,sB-eth3,up,34231574890535,netem,52761556,36800,0,0,0,0,0,50840254,7673,0,50719078,5853,0
2005,34231591277736,34231593151387,20001520,sA-eth3,up,34231592957135,netem,53056988,40600,0,0,0,0,0,49870458,8663,0,51015920,9674,0
2005,34231591277736,34231594810995,20001520,sB-eth3,up,34231594653004,netem,52761556,36800,0,0,0,0,0,50840254,7673,0,50719078,5853,0
2006,34231611278108,34231613640044,20000372,sA-eth3,up,34231613437601,netem,53056988,40600,0,0,0,0,0,49870458,8663,0,51015920,9674,0
2006,34231611278108,34231616106081,20000372,sB-eth3,up,34231615918109,netem,52761556,36800,0,0,0,0,0,50840254,7673,0,50719078,5853,0
2007,34231631271838,34231633187720,19993730,sA-eth3,up,34231633016368,netem,53056988,40600,0,0,0,0,0,49870458,8663,0,51015920,9674,0
2007,34231631271838,34231634832908,19993730,sB-eth3,up,34231634675816,netem,52761556,36800,0,0,0,0,0,50840254,7673,0,50719078,5853,0
2008,34231651275070,34231653104290,20003232,sA-eth3,up,34231652916537,netem,53056988,40600,0,0,0,0,0,49870458,8663,0,51015920,9674,0
2008,34231651275070,34231654778009,20003232,sB-eth3,up,34231654622276,netem,52761556,36800,0,0,0,0,0,50840254,7673,0,50719078,5853,0
2009,34231671266760,34231673502125,19991690,sA-eth3,up,34231673321383,netem,53056988,40600,0,0,0,0,0,49870458,8663,0,51015920,9674,0
2009,34231671266760,34231675562498,19991690,sB-eth3,up,34231675409686,netem,52761556,36800,0,0,0,0,0,50840254,7673,0,50719078,5853,0
2010,34231691274061,34231693083872,20007301,sA-eth3,up,34231692899689,netem,53056988,40600,0,0,0,0,0,49870458,8663,0,51015920,9674,0
2010,34231691274061,34231695057322,20007301,sB-eth3,up,34231694882961,netem,52761556,36800,0,0,0,0,0,50840254,7673,0,50719078,5853,0
2011,34231711286073,34231713327885,20012012,sA-eth3,up,34231713080062,netem,53056988,40600,0,0,0,0,0,49870458,8663,0,51015920,9674,0
2011,34231711286073,34231715331537,20012012,sB-eth3,up,34231715165355,netem,52761556,36800,0,0,0,0,0,50840254,7673,0,50719078,5853,0
2012,34231731283483,34231733141364,19997410,sA-eth3,up,34231732957962,netem,53056988,40600,0,0,0,0,0,49870458,8663,0,51015920,9674,0
2012,34231731283483,34231735038215,19997410,sB-eth3,up,34231734869383,netem,52761556,36800,0,0,0,0,0,50840254,7673,0,50719078,5853,0
2013,34231751270005,34231753128404,19986522,sA-eth3,up,34231752942862,netem,53056988,40600,0,0,0,0,0,49870458,8663,0,51015920,9674,0
2013,34231751270005,34231755023136,19986522,sB-eth3,up,34231754854364,netem,52761556,36800,0,0,0,0,0,50840254,7673,0,50719078,5853,0
2014,34231771278765,34231773133356,20008760,sA-eth3,up,34231772950424,netem,53056988,40600,0,0,0,0,0,49870458,8663,0,51015920,9674,0
2014,34231771278765,34231774947936,20008760,sB-eth3,up,34231774791484,netem,52761556,36800,0,0,0,0,0,50840254,7673,0,50719078,5853,0
2015,34231791276127,34231793146667,19997362,sA-eth3,up,34231792954404,netem,53056988,40600,0,0,0,0,0,49870458,8663,0,51015920,9674,0
2015,34231791276127,34231794966786,19997362,sB-eth3,up,34231794812526,netem,52761556,36800,0,0,0,0,0,50840254,7673,0,50719078,5853,0
2016,34231811278277,34231813137488,20002150,sA-eth3,up,34231812957696,netem,53056988,40600,0,0,0,0,0,49870458,8663,0,51015920,9674,0
2016,34231811278277,34231815307072,20002150,sB-eth3,up,34231815154650,netem,52761556,36800,0,0,0,0,0,50840254,7673,0,50719078,5853,0
2017,34231831301249,34231833785095,20022972,sA-eth3,up,34231833561263,netem,53056988,40600,0,0,0,0,0,49870458,8663,0,51015920,9674,0
2017,34231831301249,34231835785957,20022972,sB-eth3,up,34231835616546,netem,52761556,36800,0,0,0,0,0,50840254,7673,0,50719078,5853,0
2018,34231851278839,34231853167250,19977590,sA-eth3,up,34231852972968,netem,53056988,40600,0,0,0,0,0,49870458,8663,0,51015920,9674,0
2018,34231851278839,34231854985810,19977590,sB-eth3,up,34231854826619,netem,52761556,36800,0,0,0,0,0,50840254,7673,0,50719078,5853,0
2019,34231871281350,34231873186351,20002511,sA-eth3,up,34231872996279,netem,53056988,40600,0,0,0,0,0,49870458,8663,0,51015920,9674,0
2019,34231871281350,34231875027811,20002511,sB-eth3,up,34231874851879,netem,52761556,36800,0,0,0,0,0,50840254,7673,0,50719078,5853,0
2020,34231891279881,34231893190472,19998531,sA-eth3,up,34231893019211,netem,53056988,40600,0,0,0,0,0,49870458,8663,0,51015920,9674,0
2020,34231891279881,34231895029503,19998531,sB-eth3,up,34231894857650,netem,52761556,36800,0,0,0,0,0,50840254,7673,0,50719078,5853,0
2021,34231911277202,34231913395516,19997321,sA-eth3,up,34231913221613,netem,53056988,40600,0,0,0,0,0,49870458,8663,0,51015920,9674,0
2021,34231911277202,34231915246276,19997321,sB-eth3,up,34231915081804,netem,52761556,36800,0,0,0,0,0,50840254,7673,0,50719078,5853,0
2022,34231931277904,34231933105893,20000702,sA-eth3,up,34231932918451,netem,53056988,40600,0,0,0,0,0,49870458,8663,0,51015920,9674,0
2022,34231931277904,34231935061215,20000702,sB-eth3,up,34231934883483,netem,52761556,36800,0,0,0,0,0,50840254,7673,0,50719078,5853,0
2023,34231951275104,34231953105504,19997200,sA-eth3,up,34231952912732,netem,53056988,40600,0,0,0,0,0,49870458,8663,0,51015920,9674,0
2023,34231951275104,34231954775743,19997200,sB-eth3,up,34231954619251,netem,52761556,36800,0,0,0,0,0,50840254,7673,0,50719078,5853,0
2024,34231971285804,34231973157155,20010700,sA-eth3,up,34231972962513,netem,53056988,40600,0,0,0,0,0,49870458,8663,0,51015920,9674,0
2024,34231971285804,34231974824564,20010700,sB-eth3,up,34231974670962,netem,52761556,36800,0,0,0,0,0,50840254,7673,0,50719078,5853,0
2025,34231991270936,34231993205358,19985132,sA-eth3,up,34231992959345,netem,53057066,40601,0,0,0,86,1,49874934,8665,0,51016084,9676,0
2025,34231991270936,34231994916766,19985132,sB-eth3,up,34231994747405,netem,52761556,36800,0,0,0,0,0,50840254,7673,0,50719078,5853,0
2026,34232011275806,34232013205438,20004870,sA-eth3,up,34232013030136,netem,53057824,40610,0,0,0,0,0,49907450,8675,0,51016756,9684,0
2026,34232011275806,34232014987448,20004870,sB-eth3,up,34232014827036,netem,52761556,36800,0,0,0,0,0,50840254,7673,0,50719078,5853,0
2027,34232031285798,34232033190909,20009992,sA-eth3,up,34232032999017,netem,53058556,40620,0,0,0,78,1,49958724,8684,0,51017488,9694,0
2027,34232031285798,34232034928198,20009992,sB-eth3,up,34232034768447,netem,52761556,36800,0,0,0,0,0,50840254,7673,0,50719078,5853,0
2028,34232051275039,34232053152670,19989241,sA-eth3,up,34232052963768,netem,53059472,40632,0,0,0,0,0,50014540,8696,0,51018404,9706,0
2028,34232051275039,34232054813228,19989241,sB-eth3,up,34232054655126,netem,52761556,36800,0,0,0,0,0,50840254,7673,0,50719078,5853,0
2029,34232071276630,34232073180130,20001591,sA-eth3,up,34232072990388,netem,53060102,40641,0,0,0,0,0,50075950,8705,0,51019034,9715,0
2029,34232071276630,34232074876949,20001591,sB-eth3,up,34232074714587,netem,52761556,36800,0,0,0,0,0,50840254,7673,0,50719078,5853,0
2030,34232091277540,34232093096331,20000910,sA-eth3,up,34232092900799,netem,53060666,40649,0,0,0,0,0,50127092,8712,0,51019598,9723,0
2030,34232091277540,34232094714829,20000910,sB-eth3,up,34232094559107,netem,52761556,36800,0,0,0,0,0,50840254,7673,0,50719078,5853,0
2031,34232111271542,34232113148262,19994002,sA-eth3,up,34232112954170,netem,53061020,40654,0,0,0,66,1,50170928,8718,0,51019952,9728,0
2031,34232111271542,34232114843921,19994002,sB-eth3,up,34232114669959,netem,52761556,36800,0,0,0,0,0,50840254,7673,0,50719078,5853,0
2032,34232131289583,34232133324275,20018041,sA-eth3,up,34232133074142,netem,53061608,40662,0,0,0,0,0,50229376,8726,0,51020540,9736,0
2032,34232131289583,34232135255957,20018041,sB-eth3,up,34232135045184,netem,52761556,36800,0,0,0,0,0,50840254,7673,0,50719078,5853,0
2033,34232151276673,34232153194995,19987090,sA-eth3,up,34232152999562,netem,53062126,40669,0,0,0,66,1,50280518,8734,0,51021058,9743,0
2033,34232151276673,34232154904824,19987090,sB-eth3,up,34232154739812,netem,52761556,36800,0,0,0,0,0,50840254,7673,0,50719078,5853,0
2034,34232171271024,34232173075345,19994351,sA-eth3,up,34232172884102,netem,53062678,40677,0,0,0,0,0,50338966,8741,0,51021610,9751,0
2034,34232171271024,34232174724633,19994351,sB-eth3,up,34232174568141,netem,52761556,36800,0,0,0,0,0,50840254,7673,0,50719078,5853,0
2035,34232191273645,34232193099405,20002621,sA-eth3,up,34232192894524,netem,53063164,40684,0,0,0,0,0,50390108,8748,0,51022096,9758,0
2035,34232191273645,34232194819864,20002621,sB-eth3,up,34232194661323,netem,52761556,36800,0,0,0,0,0,50840254,7673,0,50719078,5853,0
2036,34232211280257,34232213232548,20006612,sA-eth3,up,34232213043937,netem,53063694,40691,0,0,0,78,1,50448556,8756,0,51022704,9766,0
2036,34232211280257,34232214995357,20006612,sB-eth3,up,34232214829486,netem,52761556,36800,0,0,0,0,0,50840254,7673,0,50719078,5853,0
2037,34232231273218,34232233257309,19992961,sA-eth3,up,34232233079767,netem,53064390,40701,0,0,0,66,1,50514310,8765,0,51023388,9776,0
2037,34232231273218,34232234947108,19992961,sB-eth3,up,34232234786566,netem,52761556,36800,0,0,0,0,0,50840254,7673,0,50719078,5853,0
2038,34232251278318,34232253190980,20005100,sA-eth3,up,34232252994807,netem,53065240,40712,0,0,0,66,1,50581644,8776,0,51024172,9786,0
2038,34232251278318,34232254880258,20005100,sB-eth3,up,34232254720166,netem,52761556,36800,0,0,0,0,0,50840254,7673,0,50719078,5853,0
2039,34232271273189,34232273125370,19994871,sA-eth3,up,34232272937467,netem,53065594,40717,0,0,0,86,1,50616858,8783,0,51024526,9791,0
2039,34232271273189,34232274824549,19994871,sB-eth3,up,34232274665146,netem,52761556,36800,0,0,0,0,0,50840254,7673,0,50719078,5853,0
2040,34232291280510,34232293187041,20007321,sA-eth3,up,34232292992459,netem,53066444,40728,0,0,0,86,1,50665302,8793,0,51025376,9802,0
2040,34232291280510,34232294853209,20007321,sB-eth3,up,34232294698368,netem,52761556,36800,0,0,0,0,0,50840254,7673,0,50719078,5853,0
2041,34232311272192,34232313184172,19991682,sA-eth3,up,34232312994321,netem,53067118,40737,0,0,0,0,0,50703544,8802,0,51026050,9811,0
2041,34232311272192,34232314883461,19991682,sB-eth3,up,34232314722779,netem,52761556,36800,0,0,0,0,0,50840254,7673,0,50719078,5853,0
2042,34232331282312,34232333201093,20010120,sA-eth3,up,34232333019371,netem,53067742,40745,0,0,0,0,0,50750474,8811,0,51026674,9819,0
2042,34232331282312,34232334886831,20010120,sB-eth3,up,34232334727950,netem,52761556,36800,0,0,0,0,0,50840254,7673,0,50719078,5853,0
2043,34232351274943,34232353100623,19992631,sA-eth3,up,34232352909281,netem,53068078,40749,0,0,0,0,0,50771010,8815,0,51027010,9823,0
2043,34232351274943,34232354767611,19992631,sB-eth3,up,34232354611560,netem,52761556,36800,0,0,0,0,0,50840254,7673,0,50719078,5853,0
2044,34232371297734,34232373267346,20022791,sA-eth3,up,34232373089224,netem,53068800,40758,0,0,0,78,1,50822416,8826,0,51027810,9833,0
2044,34232371297734,34232374984886,20022791,sB-eth3,up,34232374827593,netem,52761556,36800,0,0,0,0,0,50840254,7673,0,50719078,5853,0
2045,34232391273425,34232393178876,19975691,sA-eth3,up,34232392993944,netem,53069598,40769,0,0,0,66,1,50870794,8835,0,51028530,9843,0
2045,34232391273425,34232394833885,19975691,sB-eth3,up,34232394681163,netem,52761556,36800,0,0,0,0,0,50840254,7673,0,50719078,5853,0
2046,34232411269546,34232413084566,19996121,sA-eth3,up,34232412890184,netem,53070210,40777,0,0,0,0,0,50910296,8842,0,51029142,9851,0
2046,34232411269546,34232414717895,19996121,sB-eth3,up,34232414562293,netem,52761556,36800,0,0,0,0,0,50840254,7673,0,50719078,5853,0
2047,34232431282617,34232433116538,20013071,sA-eth3,up,34232432925375,netem,53070210,40777,0,0,0,0,0,50910296,8842,0,51029142,9851,0
2047,34232431282617,34232434790895,20013071,sB-eth3,up,34232434632705,netem,52761556,36800,0,0,0,0,0,50840254,7673,0,50719078,5853,0
2048,34232451275628,34232453112118,19993011,sA-eth3,up,34232452917356,netem,53070210,40777,0,0,0,0,0,50910296,8842,0,51029142,9851,0
2048,34232451275628,34232454763117,19993011,sB-eth3,up,34232454606005,netem,52761556,36800,0,0,0,0,0,50840254,7673,0,50719078,5853,0
2049,34232471286729,34232473190420,20011101,sA-eth3,up,34232472994188,netem,53070210,40777,0,0,0,0,0,50910296,8842,0,51029142,9851,0
2049,34232471286729,34232474832968,20011101,sB-eth3,up,34232474677447,netem,52761556,36800,0,0,0,0,0,50840254,7673,0,50719078,5853,0
2050,34232491268460,34232493542215,19981731,sA-eth3,up,34232493362623,netem,53070210,40777,0,0,0,0,0,50910296,8842,0,51029142,9851,0
2050,34232491268460,34232495749799,19981731,sB-eth3,up,34232495529657,netem,52761556,36800,0,0,0,0,0,50840254,7673,0,50719078,5853,0
2051,34232511276141,34232513115681,20007681,sA-eth3,up,34232512923068,netem,53070210,40777,0,0,0,0,0,50910296,8842,0,51029142,9851,0
2051,34232511276141,34232514752480,20007681,sB-eth3,up,34232514594308,netem,52761556,36800,0,0,0,0,0,50840254,7673,0,50719078,5853,0
2052,34232531287892,34232533222953,20011751,sA-eth3,up,34232533055291,netem,53070210,40777,0,0,0,0,0,50910296,8842,0,51029142,9851,0
2052,34232531287892,34232535294796,20011751,sB-eth3,up,34232535138395,netem,52761556,36800,0,0,0,0,0,50840254,7673,0,50719078,5853,0
2053,34232551278463,34232553190763,19990571,sA-eth3,up,34232552999092,netem,53070210,40777,0,0,0,0,0,50910296,8842,0,51029142,9851,0
2053,34232551278463,34232554834562,19990571,sB-eth3,up,34232554677510,netem,52761556,36800,0,0,0,0,0,50840254,7673,0,50719078,5853,0
2054,34232571275473,34232573089034,19997010,sA-eth3,up,34232572897802,netem,53070210,40777,0,0,0,0,0,50910296,8842,0,51029142,9851,0
2054,34232571275473,34232574784373,19997010,sB-eth3,up,34232574628060,netem,52761556,36800,0,0,0,0,0,50840254,7673,0,50719078,5853,0
2055,34232591265335,34232593024554,19989862,sA-eth3,up,34232592839682,netem,53070210,40777,0,0,0,0,0,50910296,8842,0,51029142,9851,0
2055,34232591265335,34232595089427,19989862,sB-eth3,up,34232594900264,netem,52761556,36800,0,0,0,0,0,50840254,7673,0,50719078,5853,0
2056,34232611277115,34232613145726,20011780,sA-eth3,up,34232612956414,netem,53070210,40777,0,0,0,0,0,50910296,8842,0,51029142,9851,0
2056,34232611277115,34232614815954,20011780,sB-eth3,up,34232614657983,netem,52761556,36800,0,0,0,0,0,50840254,7673,0,50719078,5853,0
2057,34232631278326,34232633278668,20001211,sA-eth3,up,34232633097937,netem,53070354,40779,0,0,0,0,0,50916220,8844,0,51029286,9853,0
2057,34232631278326,34232635197780,20001211,sB-eth3,up,34232635035218,netem,52761556,36800,0,0,0,0,0,50840254,7673,0,50719078,5853,0
2058,34232651274247,34232653254530,19995921,sA-eth3,up,34232653049997,netem,53070354,40779,0,0,0,0,0,50916220,8844,0,51029286,9853,0
2058,34232651274247,34232654939348,19995921,sB-eth3,up,34232654782326,netem,52761556,36800,0,0,0,0,0,50840254,7673,0,50719078,5853,0
2059,34232671273728,34232673274000,19999481,sA-eth3,up,34232673100808,netem,53070354,40779,0,0,0,0,0,50916220,8844,0,51029286,9853,0
2059,34232671273728,34232675149442,19999481,sB-eth3,up,34232674973800,netem,52761556,36800,0,0,0,0,0,50840254,7673,0,50719078,5853,0
2060,34232691275270,34232693261932,20001542,sA-eth3,up,34232693059309,netem,53070354,40779,0,0,0,0,0,50916220,8844,0,51029286,9853,0
2060,34232691275270,34232695067971,20001542,sB-eth3,up,34232694888629,netem,52761556,36800,0,0,0,0,0,50840254,7673,0,50719078,5853,0
2061,34232711278380,34232713231612,20003110,sA-eth3,up,34232713054210,netem,53070354,40779,0,0,0,0,0,50916220,8844,0,51029286,9853,0
2061,34232711278380,34232715141662,20003110,sB-eth3,up,34232714934691,netem,52761556,36800,0,0,0,0,0,50840254,7673,0,50719078,5853,0
2062,34232731282082,34232733208092,20003702,sA-eth3,up,34232732986640,netem,53070354,40779,0,0,0,0,0,50916220,8844,0,51029286,9853,0
2062,34232731282082,34232734899902,20003702,sB-eth3,up,34232734737079,netem,52761556,36800,0,0,0,0,0,50840254,7673,0,50719078,5853,0
2063,34232751272462,34232753088222,19990380,sA-eth3,up,34232752874409,netem,53070354,40779,0,0,0,0,0,50916220,8844,0,51029286,9853,0
2063,34232751272462,34232755181555,19990380,sB-eth3,up,34232754993703,netem,52761556,36800,0,0,0,0,0,50840254,7673,0,50719078,5853,0
2064,34232771277673,34232773096264,20005211,sA-eth3,up,34232772909602,netem,53070354,40779,0,0,0,0,0,50916220,8844,0,51029286,9853,0
2064,34232771277673,34232774756321,20005211,sB-eth3,up,34232774598021,netem,52761556,36800,0,0,0,0,0,50840254,7673,0,50719078,5853,0
2065,34232791284634,34232793046764,20006961,sA-eth3,up,34232792867502,netem,53070354,40779,0,0,0,0,0,50916220,8844,0,51029286,9853,0
2065,34232791284634,34232794658691,20006961,sB-eth3,up,34232794501840,netem,52761556,36800,0,0,0,0,0,50840254,7673,0,50719078,5853,0
2066,34232811273785,34232813230767,19989151,sA-eth3,up,34232813048224,netem,53070354,40779,0,0,0,66,1,50922168,8846,0,51029286,9853,0
2066,34232811273785,34232815314400,19989151,sB-eth3,up,34232815151029,netem,52807066,36831,0,0,0,0,0,50840518,7677,0,50762806,5857,0
2067,34232831242436,34232833577272,19968651,sA-eth3,up,34232833393139,netem,53070864,40786,0,0,0,0,0,50957316,8852,0,51029796,9860,0
2067,34232831242436,34232835316721,19968651,sB-eth3,up,34232835148119,netem,52855514,36863,0,0,0,6056,2,50841574,7693,0,50810264,5874,0
2068,34232851276307,34232853696284,20033871,sA-eth3,up,34232853516992,netem,53071374,40793,0,0,0,0,0,50993978,8859,0,51030306,9867,0
2068,34232851276307,34232855747327,20033871,sB-eth3,up,34232855544734,netem,52910018,36899,0,0,0,3028,1,50842762,7711,0,50863580,5892,0
2069,34232871268597,34232873612184,19992290,sA-eth3,up,34232873427592,netem,53071866,40799,0,0,0,86,1,51034984,8866,0,51030798,9874,0
2069,34232871268597,34232876313754,19992290,sB-eth3,up,34232876120022,netem,52964522,36935,0,0,0,0,0,50843950,7729,0,50916896,5910,0
2070,34232891270489,34232893570754,20001892,sA-eth3,up,34232893395522,netem,53072474,40807,0,0,0,0,0,51077504,8874,0,51031406,9881,0
2070,34232891270489,34232895704338,20001892,sB-eth3,up,34232895492026,netem,53012970,36967,0,0,0,6056,2,50845006,7745,0,50964354,5927,0
2071,34232911276079,34232913428384,20005590,sA-eth3,up,34232913225632,netem,53072992,40814,0,0,0,0,0,51120024,8882,0,51031924,9888,0
2071,34232911276079,34232915467496,20005590,sB-eth3,up,34232915288314,netem,53067474,37003,0,0,0,0,0,50846194,7763,0,51017670,5945,0
2072,34232931272641,34232933273473,19996562,sA-eth3,up,34232933102701,netem,53073592,40822,0,0,0,66,1,51168402,8891,0,51032590,9897,0
2072,34232931272641,34232935377436,19996562,sB-eth3,up,34232935212294,netem,53115922,37035,0,0,0,6056,3,50847250,7779,0,51066576,5962,0
2073,34232951259871,34232953145323,19987230,sA-eth3,up,34232952949300,netem,53074402,40833,0,0,0,0,0,51213950,8901,0,51033334,9907,0
2073,34232951259871,34232954810291,19987230,sB-eth3,up,34232954649549,netem,53167398,37069,0,0,0,0,0,50848306,7795,0,51115482,5979,0
2074,34232971269383,34232973108403,20009512,sA-eth3,up,34232972900271,netem,53074768,40838,0,0,0,78,1,51251994,8907,0,51033700,9912,0
2074,34232971269383,34232975458999,20009512,sB-eth3,up,34232975287687,netem,53221902,37105,0,0,0,0,0,50849494,7813,0,51168798,5997,0
2075,34232991268314,34232993084383,19998931,sA-eth3,up,34232992896921,netem,53075566,40849,0,0,0,0,0,51303268,8916,0,51034498,9923,0
2075,34232991268314,34232994899663,19998931,sB-eth3,up,34232994743482,netem,53267322,37135,0,0,0,3028,1,50850418,7827,0,51213294,6013,0
2076,34233011264084,34233013054554,19995770,sA-eth3,up,34233012872122,netem,53076060,40856,0,0,0,0,0,51358820,8924,0,51034992,9930,0
2076,34233011264084,34233014694892,19995770,sB-eth3,up,34233014536040,netem,53321826,37171,0,0,0,0,0,50851606,7845,0,51266610,6031,0
2077,34233031274876,34233033535961,20010792,sA-eth3,up,34233033362748,netem,53076980,40868,0,0,0,0,0,51411674,8935,0,51035912,9942,0
2077,34233031274876,34233035473601,20010792,sB-eth3,up,34233035200899,netem,53526216,37306,0,0,0,45420,3,50852596,7860,0,51463212,6048,0
2078,34233051280946,34233053280749,20006070,sA-eth3,up,34233053092156,netem,53077538,40875,0,0,0,66,1,51455642,8943,0,51036536,9950,0
2078,34233051280946,34233055451703,20006070,sB-eth3,up,34233055263131,netem,53785110,37477,0,0,0,40878,4,50853784,7878,0,51712008,6066,0
2079,34233071271968,34233073386401,19991022,sA-eth3,up,34233073197839,netem,53077604,40876,0,0,0,0,0,51455642,8943,0,51036536,9950,0
2079,34233071271968,34233075240771,19991022,sB-eth3,up,34233075060880,netem,54019780,37632,0,0,0,71158,5,50854840,7894,0,51953630,6085,0
2080,34233091272008,34233093087008,20000040,sA-eth3,up,34233092850475,netem,53077604,40876,0,0,0,0,0,51455642,8943,0,51036536,9950,0
2080,34233091272008,34233094788967,20000040,sB-eth3,up,34233094584565,netem,54275646,37801,0,0,0,84784,6,50855764,7908,0,52183602,6103,0
2081,34233111279439,34233113091270,20007431,sA-eth3,up,34233112890707,netem,53077604,40876,0,0,0,0,0,51455642,8943,0,51036536,9950,0
2081,34233111279439,34233114719557,20007431,sB-eth3,up,34233114556386,netem,54513344,37958,0,0,0,119606,9,50856754,7923,0,52427988,6120,0
2082,34233131274570,34233133166501,19995131,sA-eth3,up,34233132918558,netem,53077604,40876,0,0,0,0,0,51455642,8943,0,51036536,9950,0
2082,34233131274570,34233135379086,19995131,sB-eth3,up,34233135199443,netem,54769210,38127,0,0,0,101438,7,50857810,7939,0,52673888,6138,0
2083,34233151276171,34233153590956,20001601,sA-eth3,up,34233153333703,netem,53077604,40876,0,0,0,0,0,51455642,8943,0,51036536,9950,0
2083,34233151276171,34233155344366,20001601,sB-eth3,up,34233155178425,netem,54954432,38250,0,0,0,0,0,50858470,7949,0,52835856,6150,0
2084,34233171276533,34233173055532,20000362,sA-eth3,up,34233172865970,netem,53141282,40919,0,0,0,0,0,51455840,8946,0,51097706,9955,0
2084,34233171276533,34233174669680,20000362,sB-eth3,up,34233174514828,netem,54954432,38250,0,0,0,0,0,50858470,7949,0,52835856,6150,0
2085,34233191272473,34233193057343,19995940,sA-eth3,up,34233192865791,netem,53141282,40919,0,0,0,0,0,51455840,8946,0,51097706,9955,0
2085,34233191272473,34233194687961,19995940,sB-eth3,up,34233194530219,netem,54954432,38250,0,0,0,0,0,50858470,7949,0,52835856,6150,0
2086,34233211293874,34233213160295,20021401,sA-eth3,up,34233212951183,netem,53142796,40920,0,0,0,0,0,51455840,8946,0,51099220,9956,0
2086,34233211293874,34233214816494,20021401,sB-eth3,up,34233214656031,netem,54954432,38250,0,0,0,0,0,50858470,7949,0,52835856,6150,0
2087,34233231284715,34233233164146,19990841,sA-eth3,up,34233232969264,netem,53176104,40942,0,0,0,3028,1,51456434,8955,0,51134764,9968,0
2087,34233231284715,34233234851254,19990841,sB-eth3,up,34233234681303,netem,54954432,38250,0,0,0,0,0,50858470,7949,0,52835856,6150,0
2088,34233251272866,34233253071096,19988151,sA-eth3,up,34233252877544,netem,53179132,40944,0,0,0,0,0,51456434,8955,0,51134764,9968,0
2088,34233251272866,34233254690574,19988151,sB-eth3,up,34233254531742,netem,54954432,38250,0,0,0,0,0,50858470,7949,0,52835856,6150,0
2089,34233271273577,34233273178477,20000711,sA-eth3,up,34233272989156,netem,53180646,40945,0,0,0,0,0,51456434,8955,0,51136278,9969,0
2089,34233271273577,34233275974898,20000711,sB-eth3,up,34233275815527,netem,55004484,38284,0,0,0,33308,2,50858470,7949,0,52883928,6154,0
2090,34233291292678,34233293596124,20019101,sA-eth3,up,34233293413872,netem,53187158,40955,0,0,0,78,1,51493294,8965,0,51142736,9978,0
2090,34233291292678,34233295835138,20019101,sB-eth3,up,34233295666957,netem,55080184,38334,0,0,0,0,0,50858470,7949,0,52956724,6160,0
2091,34233311274709,34233313658355,19982031,sA-eth3,up,34233313461333,netem,53189314,40965,0,0,0,78,1,51534300,8972,0,51144814,9987,0
2091,34233311274709,34233315981030,19982031,sB-eth3,up,34233315814299,netem,55208874,38419,0,0,0,51476,4,50858536,7950,0,53080464,6170,0
2092,34233331273190,34233333587595,19998481,sA-eth3,up,34233333392164,netem,53196000,40978,0,0,0,0,0,51581230,8981,0,51151368,9998,0
2092,34233331273190,34233335597778,19998481,sB-eth3,up,34233335428876,netem,55294186,38483,0,0,0,66,1,50933068,7960,0,53162476,6184,0
2093,34233351279041,34233353661637,20005851,sA-eth3,up,34233353473235,netem,53196682,40987,0,0,0,0,0,51622434,8991,0,51152050,10007,0
2093,34233351279041,34233355761290,20005851,sB-eth3,up,34233355586279,netem,55362844,38536,0,0,0,51476,4,51043908,7972,0,53228494,6197,0
2094,34233371275972,34233373614227,19996931,sA-eth3,up,34233373426715,netem,53198694,40995,0,0,0,66,1,51657648,8998,0,51154128,10016,0
2094,34233371275972,34233375680940,19996931,sB-eth3,up,34233375501369,netem,55602056,38694,0,0,0,0,0,51052662,7973,0,53458466,6215,0
2095,34233391276073,34233393547397,20000101,sA-eth3,up,34233393358946,netem,53198838,40997,0,0,0,0,0,51663506,8999,0,51154206,10017,0
2095,34233391276073,34233395708892,20000101,sB-eth3,up,34233395543860,netem,55618776,38706,0,0,0,51476,4,51099460,7980,0,53474526,6217,0
2096,34233411274514,34233413621189,19998441,sA-eth3,up,34233413435687,netem,53223062,41013,0,0,0,3028,1,51663968,9006,0,51177902,10025,0
2096,34233411274514,34233415552671,19998441,sB-eth3,up,34233415378929,netem,55874642,38875,0,0,0,68130,5,51156394,7987,0,53720492,6236,0
2097,34233431272734,34233433561049,19998220,sA-eth3,up,34233433373468,netem,53413826,41139,0,0,0,22710,2,51664760,9018,0,51375886,10041,0
2097,34233431272734,34233435447121,19998220,sB-eth3,up,34233435274329,netem,56082060,39012,0,0,0,87878,6,51168176,7990,0,53938748,6252,0
2098,34233451273046,34233453378209,20000312,sA-eth3,up,34233453205266,netem,53659094,41301,0,0,0,62074,4,51665552,9030,0,51597038,10057,0
2098,34233451273046,34233455217629,20000312,sB-eth3,up,34233455046878,netem,56334964,39180,0,0,0,155942,9,51292114,8003,0,54162664,6266,0
2099,34233471275336,34233473136857,20002290,sA-eth3,up,34233472950405,netem,53913446,41469,0,0,0,30280,2,51666608,9046,0,51841556,10076,0
2099,34233471275336,34233474923518,20002290,sB-eth3,up,34233474766395,netem,56593858,39351,0,0,0,95382,7,51302382,8005,0,54411394,6283,0
2100,34233491280647,34233493142319,20005311,sA-eth3,up,34233492949066,netem,54154172,41628,0,0,0,56018,4,51667466,9059,0,52090352,10094,0
2100,34233491280647,34233494752236,20005311,sB-eth3,up,34233494596074,netem,56842220,39516,0,0,0,87812,6,51388474,8015,0,54650120,6302,0
2101,34233511283819,34233513068048,20003172,sA-eth3,up,34233512871136,netem,54405496,41794,0,0,0,45420,3,51668126,9069,0,52329078,10113,0
2101,34233511283819,34233515032760,20003172,sB-eth3,up,34233514863468,netem,57066292,39664,0,0,0,82270,6,51489112,8026,0,54865480,6318,0
2102,34233531273419,34233533090019,19989600,sA-eth3,up,34233532906278,netem,54662876,41964,0,0,0,48448,3,51668984,9082,0,52561880,10130,0
2102,34233531273419,34233534754058,19989600,sB-eth3,up,34233534592216,netem,57148628,39720,0,0,0,0,0,51544598,8033,0,54944582,6325,0
2103,34233551290031,34233553144001,20016612,sA-eth3,up,34233552949869,netem,54912686,42129,0,0,0,52990,4,51669908,9096,0,52801988,10148,0
2103,34233551290031,34233554793210,20016612,sB-eth3,up,34233554634718,netem,57148628,39720,0,0,0,0,0,51665640,8046,0,54944582,6325,0
2104,34233571289571,34233573195823,19999540,sA-eth3,up,34233573026371,netem,55154926,42289,0,0,0,45420,3,51670766,9109,0,53049468,10168,0
2104,34233571289571,34233574830630,19999540,sB-eth3,up,34233574673409,netem,57148694,39721,0,0,0,0,0,51796950,8061,0,54944648,6326,0
2105,34233591275193,34233593123923,19985622,sA-eth3,up,34233592930221,netem,55273610,42369,0,0,0,0,0,51678732,9120,0,53148986,10177,0
2105,34233591275193,34233594752350,19985622,sB-eth3,up,34233594598549,netem,57148760,39722,0,0,0,0,0,51928194,8075,0,54944714,6327,0
2106,34233611274253,34233613100863,19999060,sA-eth3,up,34233612911951,netem,55274318,42379,0,0,0,78,1,51719936,9130,0,53149694,10187,0
2106,34233611274253,34233614732552,19999060,sB-eth3,up,34233614574249,netem,57148760,39722,0,0,0,0,0,52059438,8089,0,54944714,6327,0
2107,34233631279984,34233633202356,20005731,sA-eth3,up,34233633024833,netem,55274972,42388,0,0,0,0,0,51759560,9138,0,53150348,10196,0
2107,34233631279984,34233634934114,20005731,sB-eth3,up,34233634773163,netem,57148826,39723,0,0,0,0,0,52180480,8102,0,54944780,6328,0
2108,34233651284986,34233653173446,20005002,sA-eth3,up,34233652982394,netem,55275470,42395,0,0,0,0,0,51794708,9144,0,53150846,10203,0
2108,34233651284986,34233654820084,20005002,sB-eth3,up,34233654663492,netem,57148826,39723,0,0,0,0,0,52307314,8115,0,54944780,6328,0
2109,34233671273216,34233673086786,19988230,sA-eth3,up,34233672897994,netem,55275926,42401,0,0,0,0,0,51829856,9150,0,53151302,10209,0
2109,34233671273216,34233674726274,19988230,sB-eth3,up,34233674565222,netem,57148892,39724,0,0,0,0,0,52466136,8130,0,54944846,6329,0
2110,34233691269588,34233693098328,19996372,sA-eth3,up,34233692908665,netem,55275926,42401,0,0,0,0,0,51829856,9150,0,53151302,10209,0
2110,34233691269588,34233694719695,19996372,sB-eth3,up,34233694561044,netem,57148958,39725,0,0,0,0,0,52608964,8144,0,54944912,6330,0
2111,34233711285738,34233713124608,20016150,sA-eth3,up,34233712922295,netem,55275926,42401,0,0,0,0,0,51829856,9150,0,53151302,10209,0
2111,34233711285738,34233714796567,20016150,sB-eth3,up,34233714638345,netem,57148958,39725,0,0,0,0,0,52731586,8159,0,54944912,6330,0
2112,34233731288069,34233733208910,20002331,sA-eth3,up,34233732957737,netem,55275926,42401,0,0,0,0,0,51829856,9150,0,53151302,10209,0
2112,34233731288069,34233734903809,20002331,sB-eth3,up,34233734732317,netem,57149024,39726,0,0,0,0,0,52871518,8173,0,54944978,6331,0
2113,34233751280950,34233753186671,19992881,sA-eth3,up,34233752980989,netem,55275926,42401,0,0,0,0,0,51829856,9150,0,53151302,10209,0
2113,34233751280950,34233754864859,19992881,sB-eth3,up,34233754701557,netem,57149024,39726,0,0,0,0,0,52971090,8183,0,54944978,6331,0
2114,34233771279991,34233773093640,19999041,sA-eth3,up,34233772895329,netem,55275926,42401,0,0,0,0,0,51829856,9150,0,53151302,10209,0
2114,34233771279991,34233775382857,19999041,sB-eth3,up,34233775166964,netem,57149090,39727,0,0,0,0,0,52971090,8183,0,54945044,6332,0
2115,34233791285822,34233793110132,20005831,sA-eth3,up,34233792915810,netem,55275926,42401,0,0,0,0,0,51829856,9150,0,53151302,10209,0
2115,34233791285822,34233794770451,20005831,sB-eth3,up,34233794609269,netem,57149090,39727,0,0,0,0,0,52971090,8183,0,54945044,6332,0
2116,34233811274513,34233813107703,19988691,sA-eth3,up,34233812918120,netem,55275926,42401,0,0,0,0,0,51829856,9150,0,53151302,10209,0
2116,34233811274513,34233815145215,19988691,sB-eth3,up,34233814971334,netem,57149090,39727,0,0,0,0,0,52971090,8183,0,54945044,6332,0
2117,34233831281293,34233833134475,20006780,sA-eth3,up,34233832940452,netem,55275926,42401,0,0,0,0,0,51829856,9150,0,53151302,10209,0
2117,34233831281293,34233834834713,20006780,sB-eth3,up,34233834676881,netem,57149090,39727,0,0,0,0,0,52971090,8183,0,54945044,6332,0
2118,34233851277795,34233853115804,19996502,sA-eth3,up,34233852911422,netem,55275926,42401,0,0,0,0,0,51829856,9150,0,53151302,10209,0
2118,34233851277795,34233855066687,19996502,sB-eth3,up,34233854893915,netem,57149090,39727,0,0,0,0,0,52971090,8183,0,54945044,6332,0
2119,34233871275255,34233873120296,19997460,sA-eth3,up,34233872932334,netem,55275926,42401,0,0,0,0,0,51829856,9150,0,53151302,10209,0
2119,34233871275255,34233874894146,19997460,sB-eth3,up,34233874738524,netem,57149090,39727,0,0,0,0,0,52971090,8183,0,54945044,6332,0
2120,34233891279497,34233893184097,20004242,sA-eth3,up,34233892994586,netem,55276136,42404,0,0,0,0,0,51847562,9155,0,53151512,10212,0
2120,34233891279497,34233894887686,20004242,sB-eth3,up,34233894727265,netem,57149090,39727,0,0,0,0,0,52971090,8183,0,54945044,6332,0
2121,34233911277007,34233913128048,19997510,sA-eth3,up,34233912932306,netem,55276910,42415,0,0,0,66,1,51910486,9165,0,53152352,10224,0
2121,34233911277007,34233914780256,19997510,sB-eth3,up,34233914618345,netem,57149090,39727,0,0,0,0,0,52971090,8183,0,54945044,6332,0
2122,34233931285409,34233933135689,20008402,sA-eth3,up,34233932940267,netem,55277670,42425,0,0,0,0,0,51971962,9175,0,53153046,10233,0
2122,34233931285409,34233934857088,20008402,sB-eth3,up,34233934684966,netem,57149090,39727,0,0,0,0,0,52971090,8183,0,54945044,6332,0
2123,34233951297020,34233953160861,20011611,sA-eth3,up,34233952949978,netem,55278270,42433,0,0,0,78,1,52015930,9183,0,53153724,10242,0
2123,34233951297020,34233954817838,20011611,sB-eth3,up,34233954645416,netem,57149090,39727,0,0,0,0,0,52971090,8183,0,54945044,6332,0
2124,34233971278230,34233973143421,19981210,sA-eth3,up,34233972944709,netem,55278648,42438,0,0,0,78,1,52059766,9189,0,53154024,10246,0
2124,34233971278230,34233974818899,19981210,sB-eth3,up,34233974645828,netem,57149090,39727,0,0,0,0,0,52971090,8183,0,54945044,6332,0
2125,34233991284022,34233993142722,20005792,sA-eth3,up,34233992946329,netem,55279236,42446,0,0,0,0,0,52087740,9196,0,53154612,10254,0
2125,34233991284022,34233994770320,20005792,sB-eth3,up,34233994611308,netem,57149090,39727,0,0,0,0,0,52971090,8183,0,54945044,6332,0
2126,34234011282132,34234013120343,19998110,sA-eth3,up,34234012913600,netem,55279536,42450,0,0,0,78,1,52117030,9202,0,53154990,10259,0
2126,34234011282132,34234014766301,19998110,sB-eth3,up,34234014605360,netem,57149090,39727,0,0,0,0,0,52971090,8183,0,54945044,6332,0
2127,34234031271173,34234033087593,19989041,sA-eth3,up,34234032897501,netem,55280148,42458,0,0,0,66,1,52158102,9209,0,53155590,10267,0
2127,34234031271173,34234034732872,19989041,sB-eth3,up,34234034568300,netem,57149090,39727,0,0,0,0,0,52971090,8183,0,54945044,6332,0
2128,34234051284584,34234053222016,20013411,sA-eth3,up,34234053031093,netem,55280778,42467,0,0,0,0,0,52199240,9218,0,53156154,10275,0
2128,34234051284584,34234054898925,20013411,sB-eth3,up,34234054732912,netem,57149090,39727,0,0,0,0,0,52971090,8183,0,54945044,6332,0
2129,34234071272575,34234073192246,19987991,sA-eth3,up,34234072997434,netem,55281144,42472,0,0,0,78,1,52234388,9224,0,53156598,10281,0
2129,34234071272575,34234074885945,19987991,sB-eth3,up,34234074723083,netem,57149090,39727,0,0,0,0,0,52971090,8183,0,54945044,6332,0
2130,34234091278146,34234093126436,20005571,sA-eth3,up,34234092926035,netem,55281522,42477,0,0,0,78,1,52252028,9228,0,53156976,10286,0
2130,34234091278146,34234094778425,20005571,sB-eth3,up,34234094617763,netem,57149090,39727,0,0,0,0,0,52971090,8183,0,54945044,6332,0
2131,34234111280856,34234113192318,20002710,sA-eth3,up,34234113020256,netem,55281954,42483,0,0,0,66,1,52287176,9235,0,53157396,10292,0
2131,34234111280856,34234114837657,20002710,sB-eth3,up,34234114672134,netem,57149090,39727,0,0,0,0,0,52971090,8183,0,54945044,6332,0
2132,34234131288308,34234133313601,20007452,sA-eth3,up,34234133057798,netem,55282230,42487,0,0,0,0,0,52304750,9237,0,53157606,10295,0
2132,34234131288308,34234135204911,20007452,sB-eth3,up,34234134956538,netem,57149090,39727,0,0,0,0,0,52971090,8183,0,54945044,6332,0
2133,34234151304030,34234153209411,20015722,sA-eth3,up,34234153023318,netem,55282230,42487,0,0,0,0,0,52304750,9237,0,53157606,10295,0
2133,34234151304030,34234154900999,20015722,sB-eth3,up,34234154737507,netem,57149090,39727,0,0,0,0,0,52971090,8183,0,54945044,6332,0
2134,34234171283659,34234173115480,19979629,sA-eth3,up,34234172922468,netem,55282230,42487,0,0,0,0,0,52304750,9237,0,53157606,10295,0
2134,34234171283659,34234174766429,19979629,sB-eth3,up,34234174608577,netem,57149090,39727,0,0,0,0,0,52971090,8183,0,54945044,6332,0
2135,34234191281321,34234193094000,19997662,sA-eth3,up,34234192902530,netem,55282230,42487,0,0,0,0,0,52304750,9237,0,53157606,10295,0
2135,34234191281321,34234195347425,19997662,sB-eth3,up,34234195191085,netem,57149090,39727,0,0,0,0,0,52971090,8183,0,54945044,6332,0
2136,34234211292173,34234213234193,20010852,sA-eth3,up,34234213048092,netem,55282230,42487,0,0,0,0,0,52304750,9237,0,53157606,10295,0
2136,34234211292173,34234215457678,20010852,sB-eth3,up,34234215272077,netem,57149090,39727,0,0,0,0,0,52971090,8183,0,54945044,6332,0
2137,34234231291493,34234233275985,19999320,sA-eth3,up,34234233090314,netem,55282230,42487,0,0,0,0,0,52304750,9237,0,53157606,10295,0
2137,34234231291493,34234235132316,19999320,sB-eth3,up,34234234875523,netem,57149090,39727,0,0,0,0,0,52971090,8183,0,54945044,6332,0
2138,34234251288204,34234253195585,19996711,sA-eth3,up,34234252983993,netem,55282230,42487,0,0,0,0,0,52304750,9237,0,53157606,10295,0
2138,34234251288204,34234254872364,19996711,sB-eth3,up,34234254702392,netem,57149090,39727,0,0,0,0,0,52971090,8183,0,54945044,6332,0
2139,34234271270585,34234273485190,19982381,sA-eth3,up,34234273298577,netem,55282230,42487,0,0,0,0,0,52304750,9237,0,53157606,10295,0
2139,34234271270585,34234275381200,19982381,sB-eth3,up,34234275215718,netem,57149090,39727,0,0,0,0,0,52971090,8183,0,54945044,6332,0
2140,34234291278866,34234293160897,20008281,sA-eth3,up,34234292968645,netem,55282230,42487,0,0,0,0,0,52304750,9237,0,53157606,10295,0
2140,34234291278866,34234294989937,20008281,sB-eth3,up,34234294833225,netem,57149090,39727,0,0,0,0,0,52971090,8183,0,54945044,6332,0
2141,34234311283717,34234313199167,20004851,sA-eth3,up,34234313023156,netem,55282230,42487,0,0,0,0,0,52304750,9237,0,53157606,10295,0
2141,34234311283717,34234315090669,20004851,sB-eth3,up,34234314917597,netem,57149090,39727,0,0,0,0,0,52971090,8183,0,54945044,6332,0
2142,34234331274058,34234333176218,19990341,sA-eth3,up,34234332967357,netem,55282230,42487,0,0,0,0,0,52304750,9237,0,53157606,10295,0
2142,34234331274058,34234334831886,19990341,sB-eth3,up,34234334653044,netem,57149090,39727,0,0,0,0,0,52971090,8183,0,54945044,6332,0
2143,34234351285798,34234353409642,20011740,sA-eth3,up,34234353209590,netem,55282230,42487,0,0,0,0,0,52304750,9237,0,53157606,10295,0
2143,34234351285798,34234355224082,20011740,sB-eth3,up,34234355058190,netem,57149090,39727,0,0,0,0,0,52971090,8183,0,54945044,6332,0
2144,34234371281129,34234373349742,19995331,sA-eth3,up,34234373115090,netem,55282230,42487,0,0,0,0,0,52304750,9237,0,53157606,10295,0
2144,34234371281129,34234375236083,19995331,sB-eth3,up,34234375057831,netem,57149090,39727,0,0,0,0,0,52971090,8183,0,54945044,6332,0
2145,34234391289430,34234393153182,20008301,sA-eth3,up,34234392949379,netem,55282230,42487,0,0,0,0,0,52304750,9237,0,53157606,10295,0
2145,34234391289430,34234395065532,20008301,sB-eth3,up,34234394892530,netem,57149090,39727,0,0,0,0,0,52971090,8183,0,54945044,6332,0
2146,34234411289081,34234413192702,19999651,sA-eth3,up,34234413000830,netem,55282230,42487,0,0,0,0,0,52304750,9237,0,53157606,10295,0
2146,34234411289081,34234414989922,19999651,sB-eth3,up,34234414831981,netem,57149090,39727,0,0,0,0,0,52971090,8183,0,54945044,6332,0
2147,34234431275772,34234433050452,19986691,sA-eth3,up,34234432858780,netem,55282230,42487,0,0,0,0,0,52304750,9237,0,53157606,10295,0
2147,34234431275772,34234434902552,19986691,sB-eth3,up,34234434745111,netem,57149090,39727,0,0,0,0,0,52971090,8183,0,54945044,6332,0
2148,34234451273383,34234453132094,19997611,sA-eth3,up,34234452936922,netem,55282230,42487,0,0,0,0,0,52304750,9237,0,53157606,10295,0
2148,34234451273383,34234454758582,19997611,sB-eth3,up,34234454599220,netem,57149090,39727,0,0,0,0,0,52971090,8183,0,54945044,6332,0
2149,34234471274774,34234473125994,20001391,sA-eth3,up,34234472930542,netem,55282230,42487,0,0,0,0,0,52304750,9237,0,53157606,10295,0
2149,34234471274774,34234474755533,20001391,sB-eth3,up,34234474600211,netem,57149090,39727,0,0,0,0,0,52971090,8183,0,54945044,6332,0
2150,34234491274415,34234493089665,19999641,sA-eth3,up,34234492906383,netem,55282230,42487,0,0,0,0,0,52304750,9237,0,53157606,10295,0
2150,34234491274415,34234494707493,19999641,sB-eth3,up,34234494554781,netem,57149090,39727,0,0,0,0,0,52971090,8183,0,54945044,6332,0
2151,34234511273936,34234513489581,19999521,sA-eth3,up,34234513292658,netem,55282230,42487,0,0,0,0,0,52304750,9237,0,53157606,10295,0
2151,34234511273936,34234515289981,19999521,sB-eth3,up,34234515119518,netem,57149090,39727,0,0,0,0,0,52971090,8183,0,54945044,6332,0
2152,34234531273027,34234533120317,19999091,sA-eth3,up,34234532933936,netem,55282230,42487,0,0,0,0,0,52304750,9237,0,53157606,10295,0
2152,34234531273027,34234534744746,19999091,sB-eth3,up,34234534585913,netem,57149090,39727,0,0,0,0,0,52971090,8183,0,54945044,6332,0
2153,34234551276049,34234553098669,20003022,sA-eth3,up,34234552903246,netem,55282230,42487,0,0,0,0,0,52304750,9237,0,53157606,10295,0
2153,34234551276049,34234554726276,20003022,sB-eth3,up,34234554562354,netem,57149090,39727,0,0,0,0,0,52971090,8183,0,54945044,6332,0
2154,34234571281749,34234573143759,20005700,sA-eth3,up,34234572947478,netem,55282230,42487,0,0,0,0,0,52304750,9237,0,53157606,10295,0
2154,34234571281749,34234575276173,20005700,sB-eth3,up,34234575122921,netem,57149090,39727,0,0,0,0,0,52971090,8183,0,54945044,6332,0
2155,34234591271319,34234593037230,19989570,sA-eth3,up,34234592854108,netem,55282230,42487,0,0,0,0,0,52304750,9237,0,53157606,10295,0
2155,34234591271319,34234594842410,19989570,sB-eth3,up,34234594689388,netem,57149090,39727,0,0,0,0,0,52971090,8183,0,54945044,6332,0
2156,34234611291381,34234613149741,20020062,sA-eth3,up,34234612943250,netem,55282230,42487,0,0,0,0,0,52304750,9237,0,53157606,10295,0
2156,34234611291381,34234614771680,20020062,sB-eth3,up,34234614612428,netem,57149090,39727,0,0,0,0,0,52971090,8183,0,54945044,6332,0
2157,34234631272271,34234633268823,19980890,sA-eth3,up,34234633098582,netem,55282230,42487,0,0,0,0,0,52304750,9237,0,53157606,10295,0
2157,34234631272271,34234635180505,19980890,sB-eth3,up,34234635019803,netem,57149090,39727,0,0,0,0,0,52971090,8183,0,54945044,6332,0
2158,34234651288883,34234653213125,20016612,sA-eth3,up,34234653031912,netem,55282230,42487,0,0,0,0,0,52304750,9237,0,53157606,10295,0
2158,34234651288883,34234654884323,20016612,sB-eth3,up,34234654724122,netem,57149090,39727,0,0,0,0,0,52971090,8183,0,54945044,6332,0
2159,34234671274894,34234673114775,19986011,sA-eth3,up,34234672922642,netem,55282230,42487,0,0,0,0,0,52304750,9237,0,53157606,10295,0
2159,34234671274894,34234674753792,19986011,sB-eth3,up,34234674593731,netem,57149090,39727,0,0,0,0,0,52971090,8183,0,54945044,6332,0
2160,34234691274515,34234693071225,19999621,sA-eth3,up,34234692877152,netem,55282230,42487,0,0,0,0,0,52304750,9237,0,53157606,10295,0
2160,34234691274515,34234695113897,19999621,sB-eth3,up,34234694942725,netem,57149090,39727,0,0,0,0,0,52971090,8183,0,54945044,6332,0
2161,34234711285146,34234713141737,20010631,sA-eth3,up,34234712944094,netem,55282230,42487,0,0,0,0,0,52304750,9237,0,53157606,10295,0
2161,34234711285146,34234714922636,20010631,sB-eth3,up,34234714767034,netem,57149090,39727,0,0,0,0,0,52971090,8183,0,54945044,6332,0
2162,34234731284907,34234733256729,19999761,sA-eth3,up,34234732989226,netem,55282230,42487,0,0,0,0,0,52304750,9237,0,53157606,10295,0
2162,34234731284907,34234735287462,19999761,sB-eth3,up,34234735118549,netem,57149090,39727,0,0,0,0,0,52971090,8183,0,54945044,6332,0
2163,34234751276178,34234753109609,19991271,sA-eth3,up,34234752921256,netem,55282230,42487,0,0,0,0,0,52304750,9237,0,53157606,10295,0
2163,34234751276178,34234754756806,19991271,sB-eth3,up,34234754594614,netem,57149090,39727,0,0,0,0,0,52971090,8183,0,54945044,6332,0
2164,34234771278489,34234773073679,20002311,sA-eth3,up,34234772876187,netem,55282230,42487,0,0,0,0,0,52304750,9237,0,53157606,10295,0
2164,34234771278489,34234775075091,20002311,sB-eth3,up,34234774902969,netem,57149090,39727,0,0,0,0,0,52971090,8183,0,54945044,6332,0
2165,34234791276471,34234793116701,19997982,sA-eth3,up,34234792932129,netem,55282230,42487,0,0,0,0,0,52304750,9237,0,53157606,10295,0
2165,34234791276471,34234794939251,19997982,sB-eth3,up,34234794781619,netem,57149090,39727,0,0,0,0,0,52971090,8183,0,54945044,6332,0
2166,34234811277701,34234813153632,20001230,sA-eth3,up,34234812964879,netem,55282230,42487,0,0,0,0,0,52304750,9237,0,53157606,10295,0
2166,34234811277701,34234815084524,20001230,sB-eth3,up,34234814906761,netem,57149090,39727,0,0,0,0,0,52971090,8183,0,54945044,6332,0
2167,34234831285382,34234833164713,20007681,sA-eth3,up,34234832982081,netem,55282230,42487,0,0,0,0,0,52304750,9237,0,53157606,10295,0
2167,34234831285382,34234835021373,20007681,sB-eth3,up,34234834852721,netem,57149090,39727,0,0,0,0,0,52971090,8183,0,54945044,6332,0
2168,34234851280192,34234853110333,19994810,sA-eth3,up,34234852919311,netem,55282230,42487,0,0,0,0,0,52304750,9237,0,53157606,10295,0
2168,34234851280192,34234854719561,19994810,sB-eth3,up,34234854555440,netem,57149090,39727,0,0,0,0,0,52971090,8183,0,54945044,6332,0
2169,34234871271084,34234873253216,19990892,sA-eth3,up,34234873084264,netem,55282230,42487,0,0,0,0,0,52304750,9237,0,53157606,10295,0
2169,34234871271084,34234875466761,19990892,sB-eth3,up,34234875283298,netem,57149090,39727,0,0,0,0,0,52971090,8183,0,54945044,6332,0
2170,34234891273144,34234893576601,20002060,sA-eth3,up,34234893387319,netem,55282230,42487,0,0,0,0,0,52304750,9237,0,53157606,10295,0
2170,34234891273144,34234895983717,20002060,sB-eth3,up,34234895820025,netem,57149090,39727,0,0,0,0,0,52971090,8183,0,54945044,6332,0
2171,34234911278946,34234913751384,20005802,sA-eth3,up,34234913568141,netem,55282230,42487,0,0,0,0,0,52304750,9237,0,53157606,10295,0
2171,34234911278946,34234915653804,20005802,sB-eth3,up,34234915489183,netem,57149090,39727,0,0,0,0,0,52971090,8183,0,54945044,6332,0
2172,34234931271897,34234933699504,19992951,sA-eth3,up,34234933520872,netem,55282230,42487,0,0,0,0,0,52304750,9237,0,53157606,10295,0
2172,34234931271897,34234935502483,19992951,sB-eth3,up,34234935328821,netem,57149090,39727,0,0,0,0,0,52971090,8183,0,54945044,6332,0
2173,34234951276288,34234953150978,20004391,sA-eth3,up,34234952953636,netem,55282230,42487,0,0,0,0,0,52304750,9237,0,53157606,10295,0
2173,34234951276288,34234955571316,20004391,sB-eth3,up,34234955385263,netem,57149090,39727,0,0,0,0,0,52971090,8183,0,54945044,6332,0
2174,34234971274499,34234973565434,19998211,sA-eth3,up,34234973374002,netem,55282230,42487,0,0,0,0,0,52304750,9237,0,53157606,10295,0
2174,34234971274499,34234975939650,19998211,sB-eth3,up,34234975780629,netem,57149090,39727,0,0,0,0,0,52971090,8183,0,54945044,6332,0
2175,34234991272039,34234993650876,19997540,sA-eth3,up,34234993473854,netem,55282230,42487,0,0,0,0,0,52304750,9237,0,53157606,10295,0
2175,34234991272039,34234995942131,19997540,sB-eth3,up,34234995782289,netem,57149090,39727,0,0,0,0,0,52971090,8183,0,54945044,6332,0
2176,34235011277971,34235013135321,20005932,sA-eth3,up,34235012930669,netem,55282230,42487,0,0,0,0,0,52304750,9237,0,53157606,10295,0
2176,34235011277971,34235014771860,20005932,sB-eth3,up,34235014611237,netem,57149090,39727,0,0,0,0,0,52971090,8183,0,54945044,6332,0
2177,34235031284011,34235033171253,20006040,sA-eth3,up,34235032961700,netem,55282230,42487,0,0,0,0,0,52304750,9237,0,53157606,10295,0
2177,34235031284011,34235034838621,20006040,sB-eth3,up,34235034667609,netem,57149090,39727,0,0,0,0,0,52971090,8183,0,54945044,6332,0
2178,34235051279933,34235053613498,19995922,sA-eth3,up,34235053420936,netem,55282230,42487,0,0,0,0,0,52304750,9237,0,53157606,10295,0
2178,34235051279933,34235055988904,19995922,sB-eth3,up,34235055816803,netem,57149090,39727,0,0,0,0,0,52971090,8183,0,54945044,6332,0
2179,34235071281453,34235073246505,20001520,sA-eth3,up,34235073060953,netem,55282230,42487,0,0,0,0,0,52304750,9237,0,53157606,10295,0
2179,34235071281453,34235075081135,20001520,sB-eth3,up,34235074890464,netem,57149090,39727,0,0,0,0,0,52971090,8183,0,54945044,6332,0
2180,34235091276295,34235093150625,19994842,sA-eth3,up,34235092956893,netem,55282230,42487,0,0,0,0,0,52304750,9237,0,53157606,10295,0
2180,34235091276295,34235094787384,19994842,sB-eth3,up,34235094631212,netem,57149090,39727,0,0,0,0,0,52971090,8183,0,54945044,6332,0
2181,34235111278236,34235113131236,20001941,sA-eth3,up,34235112929934,netem,55282230,42487,0,0,0,0,0,52304750,9237,0,53157606,10295,0
2181,34235111278236,34235114768894,20001941,sB-eth3,up,34235114608802,netem,57149090,39727,0,0,0,0,0,52971090,8183,0,54945044,6332,0
2182,34235131280857,34235133255498,20002621,sA-eth3,up,34235132989635,netem,55282230,42487,0,0,0,0,0,52304750,9237,0,53157606,10295,0
2182,34235131280857,34235135056328,20002621,sB-eth3,up,34235134812466,netem,57149090,39727,0,0,0,0,0,52971090,8183,0,54945044,6332,0
2183,34235151295947,34235153817596,20015090,sA-eth3,up,34235153432382,netem,55282230,42487,0,0,0,0,0,52304750,9237,0,53157606,10295,0
2183,34235151295947,34235156388384,20015090,sB-eth3,up,34235156147061,netem,57149090,39727,0,0,0,0,0,52971090,8183,0,54945044,6332,0
2184,34235171297869,34235173577584,20001922,sA-eth3,up,34235173284691,netem,55282230,42487,0,0,0,0,0,52304750,9237,0,53157606,10295,0
2184,34235171297869,34235175782128,20001922,sB-eth3,up,34235175527655,netem,57149090,39727,0,0,0,0,0,52971090,8183,0,54945044,6332,0
2185,34235191306290,34235193393753,20008421,sA-eth3,up,34235193133470,netem,55282230,42487,0,0,0,0,0,52304750,9237,0,53157606,10295,0
2185,34235191306290,34235195379145,20008421,sB-eth3,up,34235195129632,netem,57149090,39727,0,0,0,0,0,52971090,8183,0,54945044,6332,0
2186,34235211312280,34235213498445,20005990,sA-eth3,up,34235213243772,netem,55282230,42487,0,0,0,0,0,52304750,9237,0,53157606,10295,0
2186,34235211312280,34235215437616,20005990,sB-eth3,up,34235215190084,netem,57149090,39727,0,0,0,0,0,52971090,8183,0,54945044,6332,0
2187,34235231302762,34235233247434,19990482,sA-eth3,up,34235232997921,netem,55282230,42487,0,0,0,0,0,52304750,9237,0,53157606,10295,0
2187,34235231302762,34235235502078,19990482,sB-eth3,up,34235235320376,netem,57149090,39727,0,0,0,0,0,52971090,8183,0,54945044,6332,0
2188,34235251279882,34235253147163,19977120,sA-eth3,up,34235252956681,netem,55282230,42487,0,0,0,0,0,52304750,9237,0,53157606,10295,0
2188,34235251279882,34235255110044,19977120,sB-eth3,up,34235254912353,netem,57149090,39727,0,0,0,0,0,52971090,8183,0,54945044,6332,0
2189,34235271280383,34235273153304,20000501,sA-eth3,up,34235272957832,netem,55282230,42487,0,0,0,0,0,52304750,9237,0,53157606,10295,0
2189,34235271280383,34235274943134,20000501,sB-eth3,up,34235274782351,netem,57149090,39727,0,0,0,0,0,52971090,8183,0,54945044,6332,0
2190,34235291276114,34235293106804,19995731,sA-eth3,up,34235292924403,netem,55282230,42487,0,0,0,0,0,52304750,9237,0,53157606,10295,0
2190,34235291276114,34235294902374,19995731,sB-eth3,up,34235294744903,netem,57149090,39727,0,0,0,0,0,52971090,8183,0,54945044,6332,0
2191,34235311283605,34235313543030,20007491,sA-eth3,up,34235313351519,netem,55282230,42487,0,0,0,0,0,52304750,9237,0,53157606,10295,0
2191,34235311283605,34235315457332,20007491,sB-eth3,up,34235315278959,netem,57149090,39727,0,0,0,0,0,52971090,8183,0,54945044,6332,0
2192,34235331274747,34235333321869,19991142,sA-eth3,up,34235333142106,netem,55282230,42487,0,0,0,0,0,52304750,9237,0,53157606,10295,0
2192,34235331274747,34235335744926,19991142,sB-eth3,up,34235335584364,netem,57149090,39727,0,0,0,0,0,52971090,8183,0,54945044,6332,0
2193,34235351300227,34235353491642,20025480,sA-eth3,up,34235353227569,netem,55282230,42487,0,0,0,0,0,52304750,9237,0,53157606,10295,0
2193,34235351300227,34235355632786,20025480,sB-eth3,up,34235355388893,netem,57149090,39727,0,0,0,0,0,52971090,8183,0,54945044,6332,0
2194,34235371303298,34235373564254,20003071,sA-eth3,up,34235373304891,netem,55282230,42487,0,0,0,0,0,52304750,9237,0,53157606,10295,0
2194,34235371303298,34235376129602,20003071,sB-eth3,up,34235375858269,netem,57149090,39727,0,0,0,0,0,52971090,8183,0,54945044,6332,0
2195,34235391304849,34235393699236,20001551,sA-eth3,up,34235393434883,netem,55282230,42487,0,0,0,0,0,52304750,9237,0,53157606,10295,0
2195,34235391304849,34235395738408,20001551,sB-eth3,up,34235395504696,netem,57149090,39727,0,0,0,0,0,52971090,8183,0,54945044,6332,0
2196,34235411301321,34235413586876,19996472,sA-eth3,up,34235413332633,netem,55282230,42487,0,0,0,0,0,52304750,9237,0,53157606,10295,0
2196,34235411301321,34235415639348,19996472,sB-eth3,up,34235415413596,netem,57149090,39727,0,0,0,0,0,52971090,8183,0,54945044,6332,0
2197,34235431283191,34235433367745,19981870,sA-eth3,up,34235433137202,netem,55282230,42487,0,0,0,0,0,52304750,9237,0,53157606,10295,0
2197,34235431283191,34235435832621,19981870,sB-eth3,up,34235435604389,netem,57149090,39727,0,0,0,0,0,52971090,8183,0,54945044,6332,0
2198,34235451295753,34235453695309,20012562,sA-eth3,up,34235453461286,netem,55282230,42487,0,0,0,0,0,52304750,9237,0,53157606,10295,0
2198,34235451295753,34235455749782,20012562,sB-eth3,up,34235455531130,netem,57149090,39727,0,0,0,0,0,52971090,8183,0,54945044,6332,0
2199,34235471293613,34235473387877,19997860,sA-eth3,up,34235473153064,netem,55282230,42487,0,0,0,0,0,52304750,9237,0,53157606,10295,0
2199,34235471293613,34235475811193,19997860,sB-eth3,up,34235475591991,netem,57149090,39727,0,0,0,0,0,52971090,8183,0,54945044,6332,0
2200,34235491302104,34235493417978,20008491,sA-eth3,up,34235493171735,netem,55282230,42487,0,0,0,0,0,52304750,9237,0,53157606,10295,0
2200,34235491302104,34235495570282,20008491,sB-eth3,up,34235495336449,netem,57149090,39727,0,0,0,0,0,52971090,8183,0,54945044,6332,0
2201,34235511298795,34235513472909,19996691,sA-eth3,up,34235513221827,netem,55282230,42487,0,0,0,0,0,52304750,9237,0,53157606,10295,0
2201,34235511298795,34235515605303,19996691,sB-eth3,up,34235515371680,netem,57149090,39727,0,0,0,0,0,52971090,8183,0,54945044,6332,0
2202,34235531311696,34235533451020,20012901,sA-eth3,up,34235533238717,netem,55282230,42487,0,0,0,0,0,52304750,9237,0,53157606,10295,0
2202,34235531311696,34235535498043,20012901,sB-eth3,up,34235535302971,netem,57149090,39727,0,0,0,0,0,52971090,8183,0,54945044,6332,0
2203,34235551283577,34235553394920,19971881,sA-eth3,up,34235553194299,netem,55282230,42487,0,0,0,0,0,52304750,9237,0,53157606,10295,0
2203,34235551283577,34235555408953,19971881,sB-eth3,up,34235555229551,netem,57149090,39727,0,0,0,0,0,52971090,8183,0,54945044,6332,0
2204,34235571286698,34235573217550,20003121,sA-eth3,up,34235573038487,netem,55282230,42487,0,0,0,0,0,52304750,9237,0,53157606,10295,0
2204,34235571286698,34235574906268,20003121,sB-eth3,up,34235574747256,netem,57149090,39727,0,0,0,0,0,52971090,8183,0,54945044,6332,0
2205,34235591269719,34235593541174,19983021,sA-eth3,up,34235593348862,netem,55282230,42487,0,0,0,0,0,52304750,9237,0,53157606,10295,0
2205,34235591269719,34235595378145,19983021,sB-eth3,up,34235595220853,netem,57149090,39727,0,0,0,0,0,52971090,8183,0,54945044,6332,0
2206,34235611285220,34235613585375,20015501,sA-eth3,up,34235613323292,netem,55282230,42487,0,0,0,0,0,52304750,9237,0,53157606,10295,0
2206,34235611285220,34235615550197,20015501,sB-eth3,up,34235615306784,netem,57149090,39727,0,0,0,0,0,52971090,8183,0,54945044,6332,0
2207,34235631281041,34235633204362,19995821,sA-eth3,up,34235632940999,netem,55282230,42487,0,0,0,0,0,52304750,9237,0,53157606,10295,0
2207,34235631281041,34235635355946,19995821,sB-eth3,up,34235635130984,netem,57149090,39727,0,0,0,0,0,52971090,8183,0,54945044,6332,0
2208,34235651279452,34235653172643,19998411,sA-eth3,up,34235652976111,netem,55282816,42494,0,0,0,66,1,52329960,9246,0,53158192,10302,0
2208,34235651279452,34235654826301,19998411,sB-eth3,up,34235654669290,netem,57149090,39727,0,0,0,0,0,52971090,8183,0,54945044,6332,0
2209,34235671278523,34235673612459,19999071,sA-eth3,up,34235673437747,netem,55283458,42503,0,0,0,0,0,52365174,9253,0,53158834,10311,0
2209,34235671278523,34235675335538,19999071,sB-eth3,up,34235675179816,netem,57149090,39727,0,0,0,0,0,52971090,8183,0,54945044,6332,0
2210,34235691268974,34235693064184,19990451,sA-eth3,up,34235692874151,netem,55283878,42509,0,0,0,66,1,52406180,9260,0,53159320,10318,0
2210,34235691268974,34235695095216,19990451,sB-eth3,up,34235694919824,netem,57149090,39727,0,0,0,0,0,52971090,8183,0,54945044,6332,0
2211,34235711279614,34235713158176,20010640,sA-eth3,up,34235712960844,netem,55284286,42515,0,0,0,0,0,52435470,9265,0,53159662,10323,0
2211,34235711279614,34235714808843,20010640,sB-eth3,up,34235714650512,netem,57149090,39727,0,0,0,0,0,52971090,8183,0,54945044,6332,0
2212,34235731279706,34235733570011,20000092,sA-eth3,up,34235733316208,netem,55284730,42521,0,0,0,78,1,52460548,9272,0,53160106,10329,0
2212,34235731279706,34235735363941,20000092,sB-eth3,up,34235735195129,netem,57149090,39727,0,0,0,0,0,52971090,8183,0,54945044,6332,0
2213,34235751278717,34235753152478,19999011,sA-eth3,up,34235752956806,netem,55285380,42530,0,0,0,66,1,52504582,9281,0,53160756,10338,0
2213,34235751278717,34235754793165,19999011,sB-eth3,up,34235754629624,netem,57149090,39727,0,0,0,0,0,52971090,8183,0,54945044,6332,0
2214,34235771278418,34235773199258,19999701,sA-eth3,up,34235773017988,netem,55285524,42532,0,0,0,0,0,52510440,9282,0,53160900,10340,0
2214,34235771278418,34235774905048,19999701,sB-eth3,up,34235774739835,netem,57149090,39727,0,0,0,0,0,52971090,8183,0,54945044,6332,0
2215,34235791278229,34235793092370,19999811,sA-eth3,up,34235792902507,netem,55285524,42532,0,0,0,0,0,52510440,9282,0,53160900,10340,0
2215,34235791278229,34235794770517,19999811,sB-eth3,up,34235794612976,netem,57149090,39727,0,0,0,0,0,52971090,8183,0,54945044,6332,0
2216,34235811282350,34235813425143,20004121,sA-eth3,up,34235813233621,netem,55285524,42532,0,0,0,0,0,52510440,9282,0,53160900,10340,0
2216,34235811282350,34235815822970,20004121,sB-eth3,up,34235815654938,netem,57149090,39727,0,0,0,0,0,52971090,8183,0,54945044,6332,0
2217,34235831283980,34235833553686,20001630,sA-eth3,up,34235833362294,netem,55285524,42532,0,0,0,0,0,52510440,9282,0,53160900,10340,0
2217,34235831283980,34235835327236,20001630,sB-eth3,up,34235835146613,netem,57149090,39727,0,0,0,0,0,52971090,8183,0,54945044,6332,0
2218,34235851287341,34235853204823,20003361,sA-eth3,up,34235852997260,netem,55285524,42532,0,0,0,0,0,52510440,9282,0,53160900,10340,0
2218,34235851287341,34235855911713,20003361,sB-eth3,up,34235855743521,netem,57149090,39727,0,0,0,0,0,52971090,8183,0,54945044,6332,0
2219,34235871277623,34235873149734,19990282,sA-eth3,up,34235872948591,netem,55285524,42532,0,0,0,0,0,52510440,9282,0,53160900,10340,0
2219,34235871277623,34235875504580,19990282,sB-eth3,up,34235875269587,netem,57149090,39727,0,0,0,0,0,52971090,8183,0,54945044,6332,0
2220,34235891286723,34235893556559,20009100,sA-eth3,up,34235893370397,netem,55285524,42532,0,0,0,0,0,52510440,9282,0,53160900,10340,0
2220,34235891286723,34235895383260,20009100,sB-eth3,up,34235895223547,netem,57149090,39727,0,0,0,0,0,52971090,8183,0,54945044,6332,0
2221,34235911281495,34235913634501,19994772,sA-eth3,up,34235913451108,netem,55285524,42532,0,0,0,0,0,52510440,9282,0,53160900,10340,0
2221,34235911281495,34235915989246,19994772,sB-eth3,up,34235915817095,netem,57149090,39727,0,0,0,0,0,52971090,8183,0,54945044,6332,0
2222,34235931274405,34235933279368,19992910,sA-eth3,up,34235933099915,netem,55285524,42532,0,0,0,0,0,52510440,9282,0,53160900,10340,0
2222,34235931274405,34235935125927,19992910,sB-eth3,up,34235934948276,netem,57149090,39727,0,0,0,0,0,52971090,8183,0,54945044,6332,0
2223,34235951293676,34235953232668,20019271,sA-eth3,up,34235952973105,netem,55285524,42532,0,0,0,0,0,52510440,9282,0,53160900,10340,0
2223,34235951293676,34235955175080,20019271,sB-eth3,up,34235954932617,netem,57149090,39727,0,0,0,0,0,52971090,8183,0,54945044,6332,0
2224,34235971292357,34235973264760,19998681,sA-eth3,up,34235973027787,netem,55285524,42532,0,0,0,78,1,52511954,9283,0,53160900,10340,0
2224,34235971292357,34235975220041,19998681,sB-eth3,up,34235974974619,netem,57149090,39727,0,0,0,0,0,52971090,8183,0,54945044,6332,0
2225,34235991286558,34235993674545,19994201,sA-eth3,up,34235993434782,netem,55285774,42535,0,0,0,0,0,52514982,9285,0,53161150,10343,0
2225,34235991286558,34235995619417,19994201,sB-eth3,up,34235995387274,netem,57149090,39727,0,0,0,0,0,52971090,8183,0,54945044,6332,0
2226,34236011299889,34236013102880,20013331,sA-eth3,up,34236012908737,netem,55285774,42535,0,0,0,0,0,52514982,9285,0,53161150,10343,0
2226,34236011299889,34236014727308,20013331,sB-eth3,up,34236014568176,netem,57149090,39727,0,0,0,0,0,52971090,8183,0,54945044,6332,0
2227,34236031273090,34236033276812,19973201,sA-eth3,up,34236033096480,netem,55285774,42535,0,0,0,0,0,52514982,9285,0,53161150,10343,0
2227,34236031273090,34236035424466,19973201,sB-eth3,up,34236035251414,netem,57149090,39727,0,0,0,0,0,52971090,8183,0,54945044,6332,0
2228,34236051277982,34236053145612,20004892,sA-eth3,up,34236052951280,netem,55285774,42535,0,0,0,0,0,52514982,9285,0,53161150,10343,0
2228,34236051277982,34236054788550,20004892,sB-eth3,up,34236054624598,netem,57149090,39727,0,0,0,0,0,52971090,8183,0,54945044,6332,0
2229,34236071279262,34236073154784,20001280,sA-eth3,up,34236072960011,netem,55285774,42535,0,0,0,0,0,52514982,9285,0,53161150,10343,0
2229,34236071279262,34236075159864,20001280,sB-eth3,up,34236074981913,netem,57149090,39727,0,0,0,0,0,52971090,8183,0,54945044,6332,0
2230,34236091277763,34236093170904,19998501,sA-eth3,up,34236092986612,netem,55285774,42535,0,0,0,0,0,52514982,9285,0,53161150,10343,0
2230,34236091277763,34236095028664,19998501,sB-eth3,up,34236094861023,netem,57149090,39727,0,0,0,0,0,52971090,8183,0,54945044,6332,0
2231,34236111288754,34236113124454,20010991,sA-eth3,up,34236112916483,netem,55285774,42535,0,0,0,0,0,52514982,9285,0,53161150,10343,0
2231,34236111288754,34236114757543,20010991,sB-eth3,up,34236114600201,netem,57149090,39727,0,0,0,0,0,52971090,8183,0,54945044,6332,0
2232,34236131295825,34236133253556,20007071,sA-eth3,up,34236133027744,netem,55285774,42535,0,0,0,0,0,52514982,9285,0,53161150,10343,0
2232,34236131295825,34236135089708,20007071,sB-eth3,up,34236134861625,netem,57149090,39727,0,0,0,0,0,52971090,8183,0,54945044,6332,0
2233,34236151305967,34236153302418,20010142,sA-eth3,up,34236153053266,netem,55285774,42535,0,0,0,0,0,52514982,9285,0,53161150,10343,0
2233,34236151305967,34236155122099,20010142,sB-eth3,up,34236154870666,netem,57149090,39727,0,0,0,0,0,52971090,8183,0,54945044,6332,0
2234,34236171295897,34236173286369,19989930,sA-eth3,up,34236173040406,netem,55285774,42535,0,0,0,0,0,52514982,9285,0,53161150,10343,0
2234,34236171295897,34236174989698,19989930,sB-eth3,up,34236174817736,netem,57149090,39727,0,0,0,0,0,52971090,8183,0,54945044,6332,0
2235,34236191269238,34236193060018,19973341,sA-eth3,up,34236192870226,netem,55285860,42536,0,0,0,78,1,52520972,9288,0,53161236,10344,0
2235,34236191269238,34236195279093,19973341,sB-eth3,up,34236195120790,netem,57149090,39727,0,0,0,0,0,52971090,8183,0,54945044,6332,0
2236,34236211286019,34236213119030,20016781,sA-eth3,up,34236212917168,netem,55286742,42549,0,0,0,78,1,52569614,9301,0,53162196,10358,0
2236,34236211286019,34236214759278,20016781,sB-eth3,up,34236214598435,netem,57149090,39727,0,0,0,0,0,52971090,8183,0,54945044,6332,0
2237,34236231271931,34236233315823,19985912,sA-eth3,up,34236233134871,netem,55287252,42556,0,0,0,78,1,52610620,9308,0,53162706,10365,0
2237,34236231271931,34236235173123,19985912,sB-eth3,up,34236234995760,netem,57149090,39727,0,0,0,0,0,52971090,8183,0,54945044,6332,0
2238,34236251280941,34236253206762,20009010,sA-eth3,up,34236253030520,netem,55287840,42564,0,0,0,78,1,52651626,9315,0,53163216,10372,0
2238,34236251280941,34236255117323,20009010,sB-eth3,up,34236254939022,netem,57149090,39727,0,0,0,0,0,52971090,8183,0,54945044,6332,0
2239,34236271275561,34236273114892,19994620,sA-eth3,up,34236272923250,netem,55288518,42573,0,0,0,0,0,52694212,9324,0,53163894,10381,0
2239,34236271275561,34236274938312,19994620,sB-eth3,up,34236274768760,netem,57149090,39727,0,0,0,0,0,52971090,8183,0,54945044,6332,0
2240,34236291290603,34236293252435,20015042,sA-eth3,up,34236293033502,netem,55289028,42580,0,0,0,66,1,52735284,9332,0,53164470,10389,0
2240,34236291290603,34236295182705,20015042,sB-eth3,up,34236294952623,netem,57149090,39727,0,0,0,0,0,52971090,8183,0,54945044,6332,0
2241,34236311279934,34236313187745,19989331,sA-eth3,up,34236312982902,netem,55289460,42586,0,0,0,0,0,52764574,9337,0,53164836,10394,0
2241,34236311279934,34236314852543,19989331,sB-eth3,up,34236314687592,netem,57149090,39727,0,0,0,0,0,52971090,8183,0,54945044,6332,0
2242,34236331275055,34236333163265,19995121,sA-eth3,up,34236332964543,netem,55289760,42590,0,0,0,0,0,52779384,9342,0,53165136,10398,0
2242,34236331275055,34236334875805,19995121,sB-eth3,up,34236334708473,netem,57149090,39727,0,0,0,0,0,52971090,8183,0,54945044,6332,0
2243,34236351276226,34236353139306,20001171,sA-eth3,up,34236352938694,netem,55290378,42599,0,0,0,0,0,52820456,9350,0,53165754,10407,0
2243,34236351276226,34236354793905,20001171,sB-eth3,up,34236354634022,netem,57149090,39727,0,0,0,0,0,52971090,8183,0,54945044,6332,0
2244,34236371267196,34236373050226,19990970,sA-eth3,up,34236372863375,netem,55290720,42604,0,0,0,0,0,52839544,9354,0,53166096,10412,0
2244,34236371267196,34236375213010,19990970,sB-eth3,up,34236375051378,netem,57149090,39727,0,0,0,0,0,52971090,8183,0,54945044,6332,0
2245,34236391278127,34236393172318,20010931,sA-eth3,up,34236392953625,netem,55290720,42604,0,0,0,0,0,52839544,9354,0,53166096,10412,0
2245,34236391278127,34236394800517,20010931,sB-eth3,up,34236394627775,netem,57149090,39727,0,0,0,0,0,52971090,8183,0,54945044,6332,0
2246,34236411284908,34236413226020,20006781,sA-eth3,up,34236413043607,netem,55290720,42604,0,0,0,0,0,52839544,9354,0,53166096,10412,0
2246,34236411284908,34236415274093,20006781,sB-eth3,up,34236415121522,netem,57149090,39727,0,0,0,0,0,52971090,8183,0,54945044,6332,0
2247,34236431271649,34236433104700,19986741,sA-eth3,up,34236432915787,netem,55290720,42604,0,0,0,0,0,52839544,9354,0,53166096,10412,0
2247,34236431271649,34236434885759,19986741,sB-eth3,up,34236434730467,netem,57149090,39727,0,0,0,0,0,52971090,8183,0,54945044,6332,0
2248,34236451275590,34236453049750,20003941,sA-eth3,up,34236452862388,netem,55290720,42604,0,0,0,0,0,52839544,9354,0,53166096,10412,0
2248,34236451275590,34236455277154,20003941,sB-eth3,up,34236455119342,netem,57149090,39727,0,0,0,0,0,52971090,8183,0,54945044,6332,0
2249,34236471271941,34236473094262,19996351,sA-eth3,up,34236472907819,netem,55290720,42604,0,0,0,0,0,52839544,9354,0,53166096,10412,0
2249,34236471271941,34236474900361,19996351,sB-eth3,up,34236474739460,netem,57149090,39727,0,0,0,0,0,52971090,8183,0,54945044,6332,0
2250,34236491274742,34236493123872,20002801,sA-eth3,up,34236492940351,netem,55290720,42604,0,0,0,0,0,52839544,9354,0,53166096,10412,0
2250,34236491274742,34236495075034,20002801,sB-eth3,up,34236494835511,netem,57149090,39727,0,0,0,0,0,52971090,8183,0,54945044,6332,0
2251,34236511289343,34236513307265,20014601,sA-eth3,up,34236513114484,netem,55290720,42604,0,0,0,0,0,52839544,9354,0,53166096,10412,0
2251,34236511289343,34236515183477,20014601,sB-eth3,up,34236514998714,netem,57149090,39727,0,0,0,0,0,52971090,8183,0,54945044,6332,0
2252,34236531273845,34236533252736,19984502,sA-eth3,up,34236533073244,netem,55290720,42604,0,0,0,0,0,52839544,9354,0,53166096,10412,0
2252,34236531273845,34236535517772,19984502,sB-eth3,up,34236535348149,netem,57149090,39727,0,0,0,0,0,52971090,8183,0,54945044,6332,0
2253,34236551273425,34236553086095,19999580,sA-eth3,up,34236552902313,netem,55290720,42604,0,0,0,0,0,52839544,9354,0,53166096,10412,0
2253,34236551273425,34236554692263,19999580,sB-eth3,up,34236554534431,netem,57149090,39727,0,0,0,0,0,52971090,8183,0,54945044,6332,0
2254,34236571286636,34236573202217,20013211,sA-eth3,up,34236573035406,netem,55290720,42604,0,0,0,0,0,52839544,9354,0,53166096,10412,0
2254,34236571286636,34236575310761,20013211,sB-eth3,up,34236575139929,netem,57149090,39727,0,0,0,0,0,52971090,8183,0,54945044,6332,0
2255,34236591277647,34236593176547,19991011,sA-eth3,up,34236592986666,netem,55291086,42609,0,0,0,66,1,52863174,9361,0,53166528,10418,0
2255,34236591277647,34236595141710,19991011,sB-eth3,up,34236594955868,netem,57149090,39727,0,0,0,0,0,52971090,8183,0,54945044,6332,0
2256,34236611281378,34236613148449,20003731,sA-eth3,up,34236612932566,netem,55291614,42617,0,0,0,66,1,52904180,9368,0,53166990,10425,0
2256,34236611281378,34236614754866,20003731,sB-eth3,up,34236614600535,netem,57149090,39727,0,0,0,0,0,52971090,8183,0,54945044,6332,0
2257,34236631273979,34236633046579,19992601,sA-eth3,up,34236632861626,netem,55292010,42623,0,0,0,0,0,52929126,9373,0,53167386,10431,0
2257,34236631273979,34236634967419,19992601,sB-eth3,up,34236634811048,netem,57149090,39727,0,0,0,0,0,52971090,8183,0,54945044,6332,0
2258,34236651276630,34236653092529,20002651,sA-eth3,up,34236652908078,netem,55292244,42626,0,0,0,0,0,52946700,9376,0,53167620,10434,0
2258,34236651276630,34236654694518,20002651,sB-eth3,up,34236654543286,netem,57149090,39727,0,0,0,0,0,52971090,8183,0,54945044,6332,0
2259,34236671272501,34236673099501,19995871,sA-eth3,up,34236672917559,netem,55292244,42626,0,0,0,0,0,52946700,9376,0,53167620,10434,0
2259,34236671272501,34236675209384,19995871,sB-eth3,up,34236675031701,netem,57149090,39727,0,0,0,0,0,52971090,8183,0,54945044,6332,0
2260,34236691269192,34236693132572,19996691,sA-eth3,up,34236692951231,netem,55292244,42626,0,0,0,0,0,52946700,9376,0,53167620,10434,0
2260,34236691269192,34236694949853,19996691,sB-eth3,up,34236694794870,netem,57149090,39727,0,0,0,0,0,52971090,8183,0,54945044,6332,0
2261,34236711283723,34236713463177,20014531,sA-eth3,up,34236713275234,netem,55292244,42626,0,0,0,0,0,52946700,9376,0,53167620,10434,0
2261,34236711283723,34236716295148,20014531,sB-eth3,up,34236716131306,netem,57149090,39727,0,0,0,0,0,52971090,8183,0,54945044,6332,0
2262,34236731276944,34236733624509,19993221,sA-eth3,up,34236733443417,netem,55292244,42626,0,0,0,0,0,52946700,9376,0,53167620,10434,0
2262,34236731276944,34236735693372,19993221,sB-eth3,up,34236735521811,netem,57149090,39727,0,0,0,0,0,52971090,8183,0,54945044,6332,0
2263,34236751279174,34236753276017,20002230,sA-eth3,up,34236753101104,netem,55292244,42626,0,0,0,0,0,52946700,9376,0,53167620,10434,0
2263,34236751279174,34236755142088,20002230,sB-eth3,up,34236754973225,netem,57149090,39727,0,0,0,0,0,52971090,8183,0,54945044,6332,0
2264,34236771270725,34236773115986,19991551,sA-eth3,up,34236772922573,netem,55292244,42626,0,0,0,0,0,52946700,9376,0,53167620,10434,0
2264,34236771270725,34236774737393,19991551,sB-eth3,up,34236774583182,netem,57149090,39727,0,0,0,0,0,52971090,8183,0,54945044,6332,0
2265,34236791271957,34236793040596,20001232,sA-eth3,up,34236792856043,netem,55292244,42626,0,0,0,0,0,52946700,9376,0,53167620,10434,0
2265,34236791271957,34236795265491,20001232,sB-eth3,up,34236795107849,netem,57149090,39727,0,0,0,0,0,52971090,8183,0,54945044,6332,0
2266,34236811267787,34236813391481,19995830,sA-eth3,up,34236813221859,netem,55292244,42626,0,0,0,0,0,52946700,9376,0,53167620,10434,0
2266,34236811267787,34236815199711,19995830,sB-eth3,up,34236815042478,netem,57149090,39727,0,0,0,0,0,52971090,8183,0,54945044,6332,0
2267,34236831273708,34236833087718,20005921,sA-eth3,up,34236832902466,netem,55292244,42626,0,0,0,0,0,52946700,9376,0,53167620,10434,0
2267,34236831273708,34236834687295,20005921,sB-eth3,up,34236834533875,netem,57149090,39727,0,0,0,0,0,52971090,8183,0,54945044,6332,0
2268,34236851267539,34236853413823,19993831,sA-eth3,up,34236853241371,netem,55292244,42626,0,0,0,0,0,52946700,9376,0,53167620,10434,0
2268,34236851267539,34236855435386,19993831,sB-eth3,up,34236855267013,netem,57149090,39727,0,0,0,0,0,52971090,8183,0,54945044,6332,0
2269,34236871275500,34236873185101,20007961,sA-eth3,up,34236873000589,netem,55292610,42631,0,0,0,0,0,52963024,9382,0,53167986,10439,0
2269,34236871275500,34236874786148,20007961,sB-eth3,up,34236874628307,netem,57149090,39727,0,0,0,0,0,52971090,8183,0,54945044,6332,0
2270,34236891278151,34236893030500,20002651,sA-eth3,up,34236892844728,netem,55293054,42637,0,0,0,78,1,52989484,9388,0,53168508,10446,0
2270,34236891278151,34236894642568,20002651,sB-eth3,up,34236894482837,netem,57149090,39727,0,0,0,0,0,52971090,8183,0,54945044,6332,0
2271,34236911275981,34236913108423,19997830,sA-eth3,up,34236912917750,netem,55293474,42643,0,0,0,0,0,53018774,9393,0,53168850,10451,0
2271,34236911275981,34236914727610,19997830,sB-eth3,up,34236914567468,netem,57149090,39727,0,0,0,0,0,52971090,8183,0,54945044,6332,0
2272,34236931273643,34236933085773,19997662,sA-eth3,up,34236932895780,netem,55293474,42643,0,0,0,0,0,53018774,9393,0,53168850,10451,0
2272,34236931273643,34236935293257,19997662,sB-eth3,up,34236935135346,netem,57149090,39727,0,0,0,0,0,52971090,8183,0,54945044,6332,0
2273,34236951273324,34236953074504,19999681,sA-eth3,up,34236952878061,netem,55293474,42643,0,0,0,0,0,53018774,9393,0,53168850,10451,0
2273,34236951273324,34236954662962,19999681,sB-eth3,up,34236954507499,netem,57149090,39727,0,0,0,0,0,52971090,8183,0,54945044,6332,0
2274,34236971281845,34236973036775,20008521,sA-eth3,up,34236972852262,netem,55293474,42643,0,0,0,0,0,53018774,9393,0,53168850,10451,0
2274,34236971281845,34236975073127,20008521,sB-eth3,up,34236974898935,netem,57149090,39727,0,0,0,0,0,52971090,8183,0,54945044,6332,0
2275,34236991276376,34236993173746,19994531,sA-eth3,up,34236992993285,netem,55293474,42643,0,0,0,0,0,53018774,9393,0,53168850,10451,0
2275,34236991276376,34236995131218,19994531,sB-eth3,up,34236994949635,netem,57149090,39727,0,0,0,0,0,52971090,8183,0,54945044,6332,0
2276,34237011278236,34237013184558,20001860,sA-eth3,up,34237012971215,netem,55293474,42643,0,0,0,0,0,53018774,9393,0,53168850,10451,0
2276,34237011278236,34237014993727,20001860,sB-eth3,up,34237014839506,netem,57149090,39727,0,0,0,0,0,52971090,8183,0,54945044,6332,0
2277,34237031276038,34237033134038,19997802,sA-eth3,up,34237032941346,netem,55293474,42643,0,0,0,0,0,53018774,9393,0,53168850,10451,0
2277,34237031276038,34237034781047,19997802,sB-eth3,up,34237034617064,netem,57149090,39727,0,0,0,0,0,52971090,8183,0,54945044,6332,0
2278,34237051277568,34237053127210,20001530,sA-eth3,up,34237052939737,netem,55293474,42643,0,0,0,0,0,53018774,9393,0,53168850,10451,0
2278,34237051277568,34237055024650,20001530,sB-eth3,up,34237054854408,netem,57149090,39727,0,0,0,0,0,52971090,8183,0,54945044,6332,0
2279,34237071281430,34237073177660,20003862,sA-eth3,up,34237072984518,netem,55293474,42643,0,0,0,0,0,53018774,9393,0,53168850,10451,0
2279,34237071281430,34237075137272,20003862,sB-eth3,up,34237074963120,netem,57149090,39727,0,0,0,0,0,52971090,8183,0,54945044,6332,0
2280,34237091290391,34237093165652,20008961,sA-eth3,up,34237092975519,netem,55293474,42643,0,0,0,0,0,53018774,9393,0,53168850,10451,0
2280,34237091290391,34237095551558,20008961,sB-eth3,up,34237095384726,netem,57149090,39727,0,0,0,0,0,52971090,8183,0,54945044,6332,0
2281,34237111267771,34237113693028,19977380,sA-eth3,up,34237113515606,netem,55293474,42643,0,0,0,0,0,53018774,9393,0,53168850,10451,0
2281,34237111267771,34237115484908,19977380,sB-eth3,up,34237115311187,netem,57149090,39727,0,0,0,0,0,52971090,8183,0,54945044,6332,0
2282,34237131271642,34237133019592,20003871,sA-eth3,up,34237132836290,netem,55293672,42646,0,0,0,66,1,53036480,9398,0,53169048,10454,0
2282,34237131271642,34237134621819,20003871,sB-eth3,up,34237134466218,netem,57149090,39727,0,0,0,0,0,52971090,8183,0,54945044,6332,0
2283,34237151266903,34237153213485,19995261,sA-eth3,up,34237153047723,netem,55294302,42655,0,0,0,66,1,53089202,9407,0,53169744,10464,0
2283,34237151266903,34237155483140,19995261,sB-eth3,up,34237155303908,netem,57149090,39727,0,0,0,0,0,52971090,8183,0,54945044,6332,0
2284,34237171276435,34237173185975,20009532,sA-eth3,up,34237173017764,netem,55294800,42662,0,0,0,0,0,53141990,9417,0,53170176,10470,0
2284,34237171276435,34237175346229,20009532,sB-eth3,up,34237175180487,netem,57149090,39727,0,0,0,0,0,52971090,8183,0,54945044,6332,0
2285,34237191271555,34237193106125,19995120,sA-eth3,up,34237192918894,netem,55295256,42668,0,0,0,78,1,53196094,9425,0,53170710,10477,0
2285,34237191271555,34237194741233,19995120,sB-eth3,up,34237194585081,netem,57149090,39727,0,0,0,0,0,52971090,8183,0,54945044,6332,0
2286,34237211279197,34237213260829,20007642,sA-eth3,up,34237213080276,netem,55295740,42674,0,0,0,0,0,53239930,9431,0,53171116,10482,0
2286,34237211279197,34237215538474,20007642,sB-eth3,up,34237215366732,netem,57149090,39727,0,0,0,0,0,52971090,8183,0,54945044,6332,0
2287,34237231268027,34237233709394,19988830,sA-eth3,up,34237233536612,netem,55296508,42684,0,0,0,66,1,53314570,9443,0,53171884,10492,0
2287,34237231268027,34237235861588,19988830,sB-eth3,up,34237235703987,netem,57149090,39727,0,0,0,0,0,52971090,8183,0,54945044,6332,0
2288,34237251268198,34237253542983,20000171,sA-eth3,up,34237253367811,netem,55297282,42695,0,0,0,78,1,53393422,9453,0,53172658,10503,0
2288,34237251268198,34237255223722,20000171,sB-eth3,up,34237255067660,netem,57149090,39727,0,0,0,0,0,52971090,8183,0,54945044,6332,0
2289,34237271269199,34237273132769,20001001,sA-eth3,up,34237272899937,netem,55297438,42697,0,0,0,0,0,53394936,9454,0,53172814,10505,0
2289,34237271269199,34237274808858,20001001,sB-eth3,up,34237274632376,netem,57149090,39727,0,0,0,0,0,52971090,8183,0,54945044,6332,0
2290,34237291275220,34237293144041,20006021,sA-eth3,up,34237292949869,netem,55297438,42697,0,0,0,0,0,53394936,9454,0,53172814,10505,0
2290,34237291275220,34237295307264,20006021,sB-eth3,up,34237295150173,netem,57149090,39727,0,0,0,0,0,52971090,8183,0,54945044,6332,0
2291,34237311272111,34237313157381,19996891,sA-eth3,up,34237312948939,netem,55297438,42697,0,0,0,0,0,53394936,9454,0,53172814,10505,0
2291,34237311272111,34237314886741,19996891,sB-eth3,up,34237314698979,netem,57149090,39727,0,0,0,0,0,52971090,8183,0,54945044,6332,0
2292,34237331265402,34237333152593,19993291,sA-eth3,up,34237332966271,netem,55297438,42697,0,0,0,0,0,53394936,9454,0,53172814,10505,0
2292,34237331265402,34237335447738,19993291,sB-eth3,up,34237335265896,netem,57149090,39727,0,0,0,0,0,52971090,8183,0,54945044,6332,0
2293,34237351272202,34237353196564,20006800,sA-eth3,up,34237353020332,netem,55297438,42697,0,0,0,0,0,53394936,9454,0,53172814,10505,0
2293,34237351272202,34237354887513,20006800,sB-eth3,up,34237354732221,netem,57149090,39727,0,0,0,0,0,52971090,8183,0,54945044,6332,0
2294,34237371271624,34237373118484,19999422,sA-eth3,up,34237372928512,netem,55297438,42697,0,0,0,0,0,53394936,9454,0,53172814,10505,0
2294,34237371271624,34237374837633,19999422,sB-eth3,up,34237374677901,netem,57149090,39727,0,0,0,0,0,52971090,8183,0,54945044,6332,0
2295,34237391271614,34237393090845,19999990,sA-eth3,up,34237392884693,netem,55297438,42697,0,0,0,0,0,53394936,9454,0,53172814,10505,0
2295,34237391271614,34237394859455,19999990,sB-eth3,up,34237394702783,netem,57149090,39727,0,0,0,0,0,52971090,8183,0,54945044,6332,0
2296,34237411272226,34237413095756,20000612,sA-eth3,up,34237412909504,netem,55297438,42697,0,0,0,0,0,53394936,9454,0,53172814,10505,0
2296,34237411272226,34237414787945,20000612,sB-eth3,up,34237414616283,netem,57149090,39727,0,0,0,0,0,52971090,8183,0,54945044,6332,0
2297,34237431271547,34237433174998,19999321,sA-eth3,up,34237432989946,netem,55297438,42697,0,0,0,0,0,53394936,9454,0,53172814,10505,0
2297,34237431271547,34237435089719,19999321,sB-eth3,up,34237434912007,netem,57149090,39727,0,0,0,0,0,52971090,8183,0,54945044,6332,0
2298,34237451265408,34237453383201,19993861,sA-eth3,up,34237453216218,netem,55297438,42697,0,0,0,0,0,53394936,9454,0,53172814,10505,0
2298,34237451265408,34237455456714,19993861,sB-eth3,up,34237455289551,netem,57149090,39727,0,0,0,0,0,52971090,8183,0,54945044,6332,0
2299,34237471277509,34237473160789,20012101,sA-eth3,up,34237472976467,netem,55297516,42698,0,0,0,0,0,53396450,9455,0,53172892,10506,0
2299,34237471277509,34237474766397,20012101,sB-eth3,up,34237474611555,netem,57149090,39727,0,0,0,0,0,52971090,8183,0,54945044,6332,0
2300,34237491276379,34237493056759,19998870,sA-eth3,up,34237492873617,netem,55297516,42698,0,0,0,0,0,53396450,9455,0,53172892,10506,0
2300,34237491276379,34237494676227,19998870,sB-eth3,up,34237494508865,netem,57149090,39727,0,0,0,0,0,52971090,8183,0,54945044,6332,0
2301,34237511275321,34237513089790,19998942,sA-eth3,up,34237512908578,netem,55297516,42698,0,0,0,0,0,53396450,9455,0,53172892,10506,0
2301,34237511275321,34237515515008,19998942,sB-eth3,up,34237515310765,netem,57149090,39727,0,0,0,0,0,52971090,8183,0,54945044,6332,0
2302,34237531272791,34237533315354,19997470,sA-eth3,up,34237533132882,netem,55503510,42835,0,0,0,49962,3,53397242,9467,0,53383932,10522,0
2302,34237531272791,34237535150855,19997470,sB-eth3,up,34237534974112,netem,57149090,39727,0,0,0,0,0,52971090,8183,0,54945044,6332,0
2303,34237551285293,34237553446546,20012502,sA-eth3,up,34237553188173,netem,55665508,42942,0,0,0,0,0,53397308,9468,0,53526628,10534,0
2303,34237551285293,34237555336177,20012502,sB-eth3,up,34237555116765,netem,57149090,39727,0,0,0,0,0,52971090,8183,0,54945044,6332,0
2304,34237571277903,34237573340996,19992610,sA-eth3,up,34237573156664,netem,55674592,42948,0,0,0,0,0,53397308,9468,0,53535382,10535,0
2304,34237571277903,34237575141376,19992610,sB-eth3,up,34237574965144,netem,57149090,39727,0,0,0,0,0,52971090,8183,0,54945044,6332,0
2305,34237591270174,34237593679481,19992271,sA-eth3,up,34237593504589,netem,55857786,43069,0,0,0,30280,2,53397374,9469,0,53711514,10549,0
2305,34237591270174,34237595664253,19992271,sB-eth3,up,34237595509571,netem,57149090,39727,0,0,0,0,0,52971090,8183,0,54945044,6332,0
2306,34237611269035,34237613569220,19998861,sA-eth3,up,34237613378758,netem,55941056,43124,0,0,0,0,0,53397374,9469,0,53791550,10555,0
2306,34237611269035,34237615409720,19998861,sB-eth3,up,34237615237789,netem,57149090,39727,0,0,0,0,0,52971090,8183,0,54945044,6332,0
2307,34237631270556,34237633573371,20001521,sA-eth3,up,34237633389420,netem,56054606,43199,0,0,0,22710,2,53397440,9470,0,53900744,10564,0
2307,34237631270556,34237635413612,20001521,sB-eth3,up,34237635240170,netem,57149090,39727,0,0,0,0,0,52971090,8183,0,54945044,6332,0
2308,34237651282658,34237653258859,20012102,sA-eth3,up,34237653077587,netem,56296846,43359,0,0,0,15140,1,53397440,9470,0,54133612,10582,0
2308,34237651282658,34237655131740,20012102,sB-eth3,up,34237654956267,netem,57232450,39783,0,0,0,30280,2,52971552,8190,0,55025170,6339,0
2309,34237671278138,34237673179829,19995480,sA-eth3,up,34237672978937,netem,56311986,43369,0,0,0,0,0,53397440,9470,0,54148158,10583,0
2309,34237671278138,34237674836877,19995480,sB-eth3,up,34237674672796,netem,57482260,39948,0,0,0,37850,3,52972146,8199,0,55265212,6356,0
2310,34237691284679,34237693126869,20006541,sA-eth3,up,34237692924377,netem,56311986,43369,0,0,0,0,0,53397440,9470,0,54148158,10583,0
2310,34237691284679,34237694824168,20006541,sB-eth3,up,34237694623986,netem,57724500,40108,0,0,0,45420,3,52972146,8199,0,55512626,6375,0
2311,34237711278600,34237713178022,19993921,sA-eth3,up,34237712947859,netem,56501236,43494,0,0,0,30280,2,53397506,9471,0,54330082,10597,0
2311,34237711278600,34237714815559,19993921,sB-eth3,up,34237714653387,netem,57981880,40278,0,0,0,30280,2,52972212,8200,0,55745494,6393,0
2312,34237731288962,34237733228862,20010362,sA-eth3,up,34237732971909,netem,56743476,43654,0,0,0,30280,2,53397572,9472,0,54577496,10616,0
2312,34237731288962,34237735058473,20010362,sB-eth3,up,34237734790869,netem,58231690,40443,0,0,0,22710,2,52972278,8201,0,55985602,6411,0
2313,34237751294482,34237753257794,20005520,sA-eth3,up,34237752999331,netem,56993286,43819,0,0,0,37850,3,53397572,9472,0,54817604,10634,0
2313,34237751294482,34237755043473,20005520,sB-eth3,up,34237754805421,netem,58473930,40603,0,0,0,30280,2,52972278,8201,0,56233016,6430,0
2314,34237771282252,34237773128444,19987770,sA-eth3,up,34237772930841,netem,57250666,43989,0,0,0,30280,2,53397638,9473,0,55050472,10652,0
2314,34237771282252,34237774796222,19987770,sB-eth3,up,34237774634110,netem,58731310,40773,0,0,0,30280,2,52972344,8202,0,56465884,6448,0
2315,34237791279184,34237793100214,19996932,sA-eth3,up,34237792907971,netem,57490392,44148,0,0,0,0,0,53397704,9474,0,55280892,10670,0
2315,34237791279184,34237795234468,19996932,sB-eth3,up,34237795077876,netem,58981120,40938,0,0,0,22710,2,52972410,8203,0,56705992,6466,0
2316,34237811269995,34237813158076,19990811,sA-eth3,up,34237812967873,netem,57490392,44148,0,0,0,0,0,53397704,9474,0,55280892,10670,0
2316,34237811269995,34237814937426,19990811,sB-eth3,up,34237814762213,netem,59223360,41098,0,0,0,30280,2,52972410,8203,0,56938860,6484,0
2317,34237831291516,34237833251168,20021521,sA-eth3,up,34237833080656,netem,57490392,44148,0,0,0,0,0,53397770,9475,0,55280892,10670,0
2317,34237831291516,34237835174799,20021521,sB-eth3,up,34237835019277,netem,59341966,41177,0,0,0,0,0,52972476,8204,0,57052846,6493,0
2318,34237851277197,34237853143237,19985681,sA-eth3,up,34237852962006,netem,57490392,44148,0,0,0,0,0,53397770,9475,0,55280892,10670,0
2318,34237851277197,34237854751725,19985681,sB-eth3,up,34237854595943,netem,59341966,41177,0,0,0,0,0,52972476,8204,0,57052846,6493,0
2319,34237871279047,34237873030717,20001850,sA-eth3,up,34237872846685,netem,57490392,44148,0,0,0,0,0,53397770,9475,0,55280892,10670,0
2319,34237871279047,34237874634875,20001850,sB-eth3,up,34237874483173,netem,59341966,41177,0,0,0,0,0,52972542,8205,0,57052846,6493,0
2320,34237891270959,34237893057148,19991912,sA-eth3,up,34237892872256,netem,57490392,44148,0,0,0,0,0,53397770,9475,0,55280892,10670,0
2320,34237891270959,34237894657686,19991912,sB-eth3,up,34237894504654,netem,59341966,41177,0,0,0,0,0,52972542,8205,0,57052846,6493,0
2321,34237911279490,34237913560005,20008531,sA-eth3,up,34237913317892,netem,57490392,44148,0,0,0,0,0,53397770,9475,0,55280892,10670,0
2321,34237911279490,34237915454586,20008531,sB-eth3,up,34237915268673,netem,59341966,41177,0,0,0,0,0,52972542,8205,0,57052846,6493,0
2322,34237931281111,34237933128841,20001621,sA-eth3,up,34237932939099,netem,57490392,44148,0,0,0,0,0,53397770,9475,0,55280892,10670,0
2322,34237931281111,34237935059113,20001621,sB-eth3,up,34237934884850,netem,59341966,41177,0,0,0,0,0,52972542,8205,0,57052846,6493,0
2323,34237951271972,34237953094921,19990861,sA-eth3,up,34237952906329,netem,57490392,44148,0,0,0,0,0,53397770,9475,0,55280892,10670,0
2323,34237951271972,34237954892581,19990861,sB-eth3,up,34237954735250,netem,59341966,41177,0,0,0,0,0,52972542,8205,0,57052846,6493,0
2324,34237971273442,34237973206104,20001470,sA-eth3,up,34237972950671,netem,57490392,44148,0,0,0,0,0,53397770,9475,0,55280892,10670,0
2324,34237971273442,34237975076115,20001470,sB-eth3,up,34237974898883,netem,59341966,41177,0,0,0,0,0,52972542,8205,0,57052846,6493,0
2325,34237991274614,34237993141903,20001172,sA-eth3,up,34237992910061,netem,57490392,44148,0,0,0,0,0,53397770,9475,0,55280892,10670,0
2325,34237991274614,34237994772682,20001172,sB-eth3,up,34237994617250,netem,59341966,41177,0,0,0,0,0,52972542,8205,0,57052846,6493,0
2326,34238011276394,34238013105015,20001780,sA-eth3,up,34238012911813,netem,57490392,44148,0,0,0,0,0,53397770,9475,0,55280892,10670,0
2326,34238011276394,34238014729622,20001780,sB-eth3,up,34238014565090,netem,59342008,41178,0,0,0,0,0,52972584,8206,0,57052888,6494,0
2327,34238031284685,34238033112175,20008291,sA-eth3,up,34238032889023,netem,57490392,44148,0,0,0,0,0,53397770,9475,0,55280892,10670,0
2327,34238031284685,34238035211268,20008291,sB-eth3,up,34238035053327,netem,59342008,41178,0,0,0,0,0,52972584,8206,0,57052888,6494,0
2328,34238051291276,34238053238658,20006591,sA-eth3,up,34238052987255,netem,57490392,44148,0,0,0,0,0,53397770,9475,0,55280892,10670,0
2328,34238051291276,34238054954177,20006591,sB-eth3,up,34238054785505,netem,59342008,41178,0,0,0,0,0,52972584,8206,0,57052888,6494,0
2329,34238071289268,34238073422691,19997992,sA-eth3,up,34238073161318,netem,57490392,44148,0,0,0,0,0,53397770,9475,0,55280892,10670,0
2329,34238071289268,34238075325792,19997992,sB-eth3,up,34238075104249,netem,59342008,41178,0,0,0,0,0,52972584,8206,0,57052888,6494,0
2330,34238091280148,34238093208530,19990880,sA-eth3,up,34238093026098,netem,57490392,44148,0,0,0,0,0,53397770,9475,0,55280892,10670,0
2330,34238091280148,34238095021200,19990880,sB-eth3,up,34238094842577,netem,59342008,41178,0,0,0,0,0,52972584,8206,0,57052888,6494,0
2331,34238111269859,34238113171570,19989711,sA-eth3,up,34238112985498,netem,57490806,44153,0,0,0,0,0,53418504,9482,0,55281306,10675,0
2331,34238111269859,34238114914049,19989711,sB-eth3,up,34238114746087,netem,59342008,41178,0,0,0,0,0,52972584,8206,0,57052888,6494,0
2332,34238131271530,34238133278642,20001671,sA-eth3,up,34238133039900,netem,57491570,44163,0,0,0,78,1,53464052,9492,0,55282070,10686,0
2332,34238131271530,34238135109003,20001671,sB-eth3,up,34238134869589,netem,59342008,41178,0,0,0,0,0,52972584,8206,0,57052888,6494,0
2333,34238151278041,34238153284193,20006511,sA-eth3,up,34238153101532,netem,57492182,44171,0,0,0,78,1,53513812,9500,0,55282682,10693,0
2333,34238151278041,34238154975942,20006511,sB-eth3,up,34238154814560,netem,59342008,41178,0,0,0,0,0,52972584,8206,0,57052888,6494,0
2334,34238171286772,34238173144122,20008731,sA-eth3,up,34238172952490,netem,57492902,44181,0,0,0,0,0,53579566,9509,0,55283402,10703,0
2334,34238171286772,34238174937802,20008731,sB-eth3,up,34238174783471,netem,59342008,41178,0,0,0,0,0,52972584,8206,0,57052888,6494,0
2335,34238191270233,34238193109703,19983461,sA-eth3,up,34238192921562,netem,57493532,44190,0,0,0,0,0,53645320,9518,0,55284032,10712,0
2335,34238191270233,34238194878832,19983461,sB-eth3,up,34238194725321,netem,59342008,41178,0,0,0,0,0,52972584,8206,0,57052888,6494,0
2336,34238211291765,34238213270605,20021532,sA-eth3,up,34238213081094,netem,57494104,44198,0,0,0,0,0,53703768,9526,0,55284604,10720,0
2336,34238211291765,34238214965544,20021532,sB-eth3,up,34238214796322,netem,59342008,41178,0,0,0,0,0,52972584,8206,0,57052888,6494,0
2337,34238231271435,34238233147205,19979670,sA-eth3,up,34238232934113,netem,57494446,44203,0,0,0,0,0,53732992,9530,0,55284946,10725,0
2337,34238231271435,34238234853314,19979670,sB-eth3,up,34238234690292,netem,59342008,41178,0,0,0,0,0,52972584,8206,0,57052888,6494,0
2338,34238251284496,34238253160197,20013061,sA-eth3,up,34238252959554,netem,57494446,44203,0,0,0,0,0,53732992,9530,0,55284946,10725,0
2338,34238251284496,34238254882826,20013061,sB-eth3,up,34238254725844,netem,59342008,41178,0,0,0,0,0,52972584,8206,0,57052888,6494,0
2339,34238271269777,34238273152127,19985281,sA-eth3,up,34238272951906,netem,57494446,44203,0,0,0,0,0,53732992,9530,0,55284946,10725,0
2339,34238271269777,34238274806376,19985281,sB-eth3,up,34238274651704,netem,59342008,41178,0,0,0,0,0,52972584,8206,0,57052888,6494,0
2340,34238291277768,34238293088888,20007991,sA-eth3,up,34238292881626,netem,57494446,44203,0,0,0,0,0,53732992,9530,0,55284946,10725,0
2340,34238291277768,34238295260881,20007991,sB-eth3,up,34238295105800,netem,59342008,41178,0,0,0,0,0,52972584,8206,0,57052888,6494,0
2341,34238311275819,34238313438302,19998051,sA-eth3,up,34238313260210,netem,57494446,44203,0,0,0,0,0,53732992,9530,0,55284946,10725,0
2341,34238311275819,34238315241482,19998051,sB-eth3,up,34238315085801,netem,59342008,41178,0,0,0,0,0,52972584,8206,0,57052888,6494,0
2342,34238331274050,34238333171970,19998231,sA-eth3,up,34238332971208,netem,57494446,44203,0,0,0,0,0,53732992,9530,0,55284946,10725,0
2342,34238331274050,34238335479316,19998231,sB-eth3,up,34238335301664,netem,59342008,41178,0,0,0,0,0,52972584,8206,0,57052888,6494,0
2343,34238351270900,34238353583196,19996850,sA-eth3,up,34238353412954,netem,57494446,44203,0,0,0,0,0,53732992,9530,0,55284946,10725,0
2343,34238351270900,34238355496277,19996850,sB-eth3,up,34238355319045,netem,59342008,41178,0,0,0,0,0,52972584,8206,0,57052888,6494,0
2344,34238371274262,34238373526327,20003362,sA-eth3,up,34238373348294,netem,57494446,44203,0,0,0,0,0,53732992,9530,0,55284946,10725,0
2344,34238371274262,34238375355467,20003362,sB-eth3,up,34238375188704,netem,59342008,41178,0,0,0,0,0,52972584,8206,0,57052888,6494,0
2345,34238391270142,34238393628179,19995880,sA-eth3,up,34238393456897,netem,57494446,44203,0,0,0,0,0,53732992,9530,0,55284946,10725,0
2345,34238391270142,34238395475809,19995880,sB-eth3,up,34238395301887,netem,59342008,41178,0,0,0,0,0,52972584,8206,0,57052888,6494,0
2346,34238411277003,34238413157214,20006861,sA-eth3,up,34238412948491,netem,57494446,44203,0,0,0,0,0,53732992,9530,0,55284946,10725,0
2346,34238411277003,34238415580711,20006861,sB-eth3,up,34238415417909,netem,59342008,41178,0,0,0,0,0,52972584,8206,0,57052888,6494,0
2347,34238431272904,34238433720881,19995901,sA-eth3,up,34238433548599,netem,57494446,44203,0,0,0,0,0,53732992,9530,0,55284946,10725,0
2347,34238431272904,34238435683373,19995901,sB-eth3,up,34238435517461,netem,59342008,41178,0,0,0,0,0,52972584,8206,0,57052888,6494,0
2348,34238451275846,34238453165766,20002942,sA-eth3,up,34238452948663,netem,57494524,44204,0,0,0,0,0,53734506,9531,0,55285024,10726,0
2348,34238451275846,34238454915456,20002942,sB-eth3,up,34238454751513,netem,59342008,41178,0,0,0,0,0,52972584,8206,0,57052888,6494,0
2349,34238471273586,34238473128746,19997740,sA-eth3,up,34238472914575,netem,57494524,44204,0,0,0,0,0,53734506,9531,0,55285024,10726,0
2349,34238471273586,34238474801405,19997740,sB-eth3,up,34238474635683,netem,59342008,41178,0,0,0,0,0,52972584,8206,0,57052888,6494,0
2350,34238491274207,34238493651964,20000621,sA-eth3,up,34238493455551,netem,57494524,44204,0,0,0,0,0,53734506,9531,0,55285024,10726,0
2350,34238491274207,34238496104961,20000621,sB-eth3,up,34238495909849,netem,59342008,41178,0,0,0,0,0,52972584,8206,0,57052888,6494,0
2351,34238511282959,34238513330941,20008752,sA-eth3,up,34238513137869,netem,57494524,44204,0,0,0,0,0,53734506,9531,0,55285024,10726,0
2351,34238511282959,34238515569696,20008752,sB-eth3,up,34238515341383,netem,59342008,41178,0,0,0,0,0,52972584,8206,0,57052888,6494,0
2352,34238531299629,34238533377563,20016670,sA-eth3,up,34238533140810,netem,57494524,44204,0,0,0,0,0,53734506,9531,0,55285024,10726,0
2352,34238531299629,34238535838919,20016670,sB-eth3,up,34238535619728,netem,59342008,41178,0,0,0,0,0,52972584,8206,0,57052888,6494,0
2353,34238551283140,34238553253372,19983511,sA-eth3,up,34238553052580,netem,57494524,44204,0,0,0,0,0,53734506,9531,0,55285024,10726,0
2353,34238551283140,34238555552528,19983511,sB-eth3,up,34238555373425,netem,59342008,41178,0,0,0,0,0,52972584,8206,0,57052888,6494,0
2354,34238571278291,34238573275953,19995151,sA-eth3,up,34238573091611,netem,57494524,44204,0,0,0,0,0,53734506,9531,0,55285024,10726,0
2354,34238571278291,34238575114613,19995151,sB-eth3,up,34238574933902,netem,59342008,41178,0,0,0,0,0,52972584,8206,0,57052888,6494,0
2355,34238591273963,34238593267324,19995672,sA-eth3,up,34238593098762,netem,57494524,44204,0,0,0,0,0,53734506,9531,0,55285024,10726,0
2355,34238591273963,34238595123055,19995672,sB-eth3,up,34238594943902,netem,59342008,41178,0,0,0,0,0,52972584,8206,0,57052888,6494,0
2356,34238611283163,34238613257525,20009200,sA-eth3,up,34238613082193,netem,57494524,44204,0,0,0,0,0,53734506,9531,0,55285024,10726,0
2356,34238611283163,34238614964274,20009200,sB-eth3,up,34238614789322,netem,59342008,41178,0,0,0,0,0,52972584,8206,0,57052888,6494,0
2357,34238631275463,34238633148735,19992300,sA-eth3,up,34238632908582,netem,57494524,44204,0,0,0,0,0,53734506,9531,0,55285024,10726,0
2357,34238631275463,34238634817054,19992300,sB-eth3,up,34238634647111,netem,59342008,41178,0,0,0,0,0,52972584,8206,0,57052888,6494,0
2358,34238651301295,34238653154846,20025832,sA-eth3,up,34238652948284,netem,57494524,44204,0,0,0,78,1,53736020,9532,0,55285024,10726,0
2358,34238651301295,34238654813274,20025832,sB-eth3,up,34238654651572,netem,59342008,41178,0,0,0,0,0,52972584,8206,0,57052888,6494,0
2359,34238671273746,34238673578511,19972451,sA-eth3,up,34238673387950,netem,57495268,44214,0,0,0,0,0,53777224,9542,0,55285768,10736,0
2359,34238671273746,34238675452582,19972451,sB-eth3,up,34238675283020,netem,59342008,41178,0,0,0,0,0,52972584,8206,0,57052888,6494,0
2360,34238691277197,34238693282839,20003451,sA-eth3,up,34238693104397,netem,57495774,44221,0,0,0,0,0,53828366,9549,0,55286274,10743,0
2360,34238691277197,34238696052250,20003451,sB-eth3,up,34238695729425,netem,59342206,41181,0,0,0,0,0,53019274,8211,0,57053086,6497,0
2361,34238711281088,34238713801865,20003891,sA-eth3,up,34238713614553,netem,57496416,44230,0,0,0,78,1,53894120,9558,0,55286994,10753,0
2361,34238711281088,34238715861098,20003891,sB-eth3,up,34238715641405,netem,59343064,41194,0,0,0,0,0,53231738,8227,0,57053944,6510,0
2362,34238731280139,34238733348692,19999051,sA-eth3,up,34238733176239,netem,57496980,44238,0,0,0,78,1,53959874,9567,0,55287480,10760,0
2362,34238731280139,34238735499325,19999051,sB-eth3,up,34238735319454,netem,59343064,41194,0,0,0,0,0,53494882,8243,0,57053944,6510,0
2363,34238751283150,34238753186952,20003011,sA-eth3,up,34238752995039,netem,57497592,44246,0,0,0,66,1,54018322,9575,0,55288158,10769,0
2363,34238751283150,34238754852089,20003011,sB-eth3,up,34238754690958,netem,59343130,41195,0,0,0,0,0,53542996,8248,0,57054010,6511,0
2364,34238771276511,34238773223682,19993361,sA-eth3,up,34238773033420,netem,57498164,44254,0,0,0,0,0,54069464,9582,0,55288664,10776,0
2364,34238771276511,34238775028292,19993361,sB-eth3,up,34238774849460,netem,59343130,41195,0,0,0,0,0,53716364,8264,0,57054010,6511,0
2365,34238791270982,34238793088261,19994471,sA-eth3,up,34238792899219,netem,57498830,44263,0,0,0,66,1,54133836,9592,0,55289396,10786,0
2365,34238791270982,34238794727249,19994471,sB-eth3,up,34238794571408,netem,59343196,41196,0,0,0,0,0,53915862,8281,0,57054076,6512,0
2366,34238811272092,34238813138353,20001110,sA-eth3,up,34238812951051,netem,57499706,44275,0,0,0,66,1,54201236,9604,0,55290272,10798,0
2366,34238811272092,34238814802821,20001110,sB-eth3,up,34238814640240,netem,59343196,41196,0,0,0,0,0,54155970,8299,0,57054076,6512,0
2367,34238831279034,34238833171064,20006942,sA-eth3,up,34238832985462,netem,57500324,44284,0,0,0,0,0,54268438,9613,0,55290824,10806,0
2367,34238831279034,34238834835723,20006942,sB-eth3,up,34238834680521,netem,59343262,41197,0,0,0,0,0,54388838,8317,0,57054142,6513,0
2368,34238851278995,34238853183536,19999961,sA-eth3,up,34238852986483,netem,57501238,44295,0,0,0,86,1,54335772,9624,0,55291738,10817,0
2368,34238851278995,34238854915854,19999961,sB-eth3,up,34238854751853,netem,59343328,41198,0,0,0,0,0,54636252,8336,0,57054208,6514,0
2369,34238871272995,34238873114096,19994000,sA-eth3,up,34238872927364,netem,57502174,44307,0,0,0,78,1,54427788,9636,0,55292674,10829,0
2369,34238871272995,34238874759234,19994000,sB-eth3,up,34238874604493,netem,59343328,41198,0,0,0,0,0,54861814,8353,0,57054208,6514,0
2370,34238891276607,34238893140286,20003612,sA-eth3,up,34238892947154,netem,57502848,44316,0,0,0,132,2,54489264,9646,0,55293348,10838,0
2370,34238891276607,34238895357351,20003612,sB-eth3,up,34238895200200,netem,59343394,41199,0,0,0,0,0,55080650,8371,0,57054274,6515,0
2371,34238911271157,34238913548192,19994550,sA-eth3,up,34238913371141,netem,57503688,44328,0,0,0,86,1,54594246,9657,0,55294274,10851,0
2371,34238911271157,34238915338682,19994550,sB-eth3,up,34238915181561,netem,59343394,41199,0,0,0,0,0,55080650,8371,0,57054274,6515,0
2372,34238931277219,34238933691275,20006062,sA-eth3,up,34238933446562,netem,57504686,44341,0,0,0,78,1,54700808,9670,0,55295186,10863,0
2372,34238931277219,34238935652487,20006062,sB-eth3,up,34238935426454,netem,59343460,41200,0,0,0,0,0,55080650,8371,0,57054340,6516,0
2373,34238951281059,34238953671706,20003840,sA-eth3,up,34238953432273,netem,57505542,44353,0,0,0,0,0,54801446,9681,0,55296042,10875,0
2373,34238951281059,34238955621977,20003840,sB-eth3,up,34238955385284,netem,59343460,41200,0,0,0,0,0,55080650,8371,0,57054340,6516,0
2374,34238971288491,34238973659557,20007432,sA-eth3,up,34238973417024,netem,57506462,44365,0,0,0,0,0,54896424,9694,0,55296962,10887,0
2374,34238971288491,34238975604729,20007432,sB-eth3,up,34238975368315,netem,59343460,41200,0,0,0,0,0,55080650,8371,0,57054340,6516,0
2375,34238991277301,34238993259833,19988810,sA-eth3,up,34238993078161,netem,57507198,44375,0,0,0,0,0,54966588,9704,0,55297698,10897,0
2375,34238991277301,34238995086293,19988810,sB-eth3,up,34238994905861,netem,59343460,41200,0,0,0,0,0,55080650,8371,0,57054340,6516,0
2376,34239011285292,34239013183893,20007991,sA-eth3,up,34239012998521,netem,57508182,44389,0,0,0,0,0,55063014,9717,0,55298682,10911,0
2376,34239011285292,34239014817021,20007991,sB-eth3,up,34239014660829,netem,59343460,41200,0,0,0,0,0,55080650,8371,0,57054340,6516,0
2377,34239031265793,34239033129303,19980501,sA-eth3,up,34239032949371,netem,57508860,44398,0,0,0,0,0,55133112,9726,0,55299360,10920,0
2377,34239031265793,34239034750082,19980501,sB-eth3,up,34239034597430,netem,59343460,41200,0,0,0,0,0,55080650,8371,0,57054340,6516,0
2378,34239051277774,34239053029853,20011981,sA-eth3,up,34239052846951,netem,57509316,44404,0,0,0,0,0,55185636,9732,0,55299816,10926,0
2378,34239051277774,34239055181058,20011981,sB-eth3,up,34239055022175,netem,59343460,41200,0,0,0,0,0,55080650,8371,0,57054340,6516,0
2379,34239071274175,34239073447309,19996401,sA-eth3,up,34239073244516,netem,57510098,44413,0,0,0,0,0,55260078,9741,0,55300598,10935,0
2379,34239071274175,34239075367471,19996401,sB-eth3,up,34239075172138,netem,59343460,41200,0,0,0,0,0,55080650,8371,0,57054340,6516,0
2380,34239091286666,34239093262438,20012491,sA-eth3,up,34239093037866,netem,57510854,44423,0,0,0,0,0,55339062,9753,0,55301354,10945,0
2380,34239091286666,34239095060578,20012491,sB-eth3,up,34239094820055,netem,59343460,41200,0,0,0,0,0,55080650,8371,0,57054340,6516,0
2381,34239111284576,34239113458671,19997910,sA-eth3,up,34239113253298,netem,57511404,44430,0,0,0,86,1,55413570,9763,0,55301990,10953,0
2381,34239111284576,34239115292841,19997910,sB-eth3,up,34239115114600,netem,59343460,41200,0,0,0,0,0,55080650,8371,0,57054340,6516,0
2382,34239131232618,34239133244940,19948042,sA-eth3,up,34239133023437,netem,57512028,44438,0,0,0,78,1,55479324,9772,0,55302528,10961,0
2382,34239131232618,34239134993309,19948042,sB-eth3,up,34239134805267,netem,59343460,41200,0,0,0,0,0,55080650,8371,0,57054340,6516,0
2383,34239151272829,34239153245070,20040211,sA-eth3,up,34239153043298,netem,57512880,44450,0,0,0,78,1,55571274,9783,0,55303380,10972,0
2383,34239151272829,34239154933769,20040211,sB-eth3,up,34239154772117,netem,59343460,41200,0,0,0,0,0,55080650,8371,0,57054340,6516,0
2384,34239171275480,34239173100560,20002651,sA-eth3,up,34239172906758,netem,57513542,44459,0,0,0,0,0,55632552,9790,0,55304042,10981,0
2384,34239171275480,34239174750368,20002651,sB-eth3,up,34239174592466,netem,59343460,41200,0,0,0,0,0,55080650,8371,0,57054340,6516,0
2385,34239191271730,34239193145661,19996250,sA-eth3,up,34239192964869,netem,57514226,44469,0,0,0,78,1,55720224,9802,0,55304726,10991,0
2385,34239191271730,34239194794739,19996250,sB-eth3,up,34239194637737,netem,59343460,41200,0,0,0,0,0,55080650,8371,0,57054340,6516,0
2386,34239211267751,34239213060952,19996021,sA-eth3,up,34239212871579,netem,57514736,44476,0,0,0,0,0,55755306,9807,0,55305236,10998,0
2386,34239211267751,34239214728549,19996021,sB-eth3,up,34239214573249,netem,59343460,41200,0,0,0,0,0,55080650,8371,0,57054340,6516,0
2387,34239231271102,34239233067882,20003351,sA-eth3,up,34239232878040,netem,57514736,44476,0,0,0,0,0,55755306,9807,0,55305236,10998,0
2387,34239231271102,34239234725751,20003351,sB-eth3,up,34239234565679,netem,59343460,41200,0,0,0,0,0,55080650,8371,0,57054340,6516,0
2388,34239251270693,34239253149084,19999591,sA-eth3,up,34239252963072,netem,57514736,44476,0,0,0,0,0,55755306,9807,0,55305236,10998,0
2388,34239251270693,34239254815062,19999591,sB-eth3,up,34239254652341,netem,59343460,41200,0,0,0,0,0,55080650,8371,0,57054340,6516,0
2389,34239271270005,34239273141355,19999312,sA-eth3,up,34239272954023,netem,57514736,44476,0,0,0,0,0,55755306,9807,0,55305236,10998,0
2389,34239271270005,34239274838564,19999312,sB-eth3,up,34239274632141,netem,59343460,41200,0,0,0,0,0,55080650,8371,0,57054340,6516,0
2390,34239291267475,34239293053825,19997470,sA-eth3,up,34239292851852,netem,57514736,44476,0,0,0,0,0,55755306,9807,0,55305236,10998,0
2390,34239291267475,34239294691233,19997470,sB-eth3,up,34239294533231,netem,59343460,41200,0,0,0,0,0,55080650,8371,0,57054340,6516,0
2391,34239311268025,34239313069726,20000550,sA-eth3,up,34239312856554,netem,57514736,44476,0,0,0,0,0,55755306,9807,0,55305236,10998,0
2391,34239311268025,34239314725784,20000550,sB-eth3,up,34239314568023,netem,59343460,41200,0,0,0,0,0,55080650,8371,0,57054340,6516,0
2392,34239331268137,34239333505722,20000112,sA-eth3,up,34239333327520,netem,57514736,44476,0,0,0,0,0,55755306,9807,0,55305236,10998,0
2392,34239331268137,34239335551985,20000112,sB-eth3,up,34239335384352,netem,59343460,41200,0,0,0,0,0,55080650,8371,0,57054340,6516,0
2393,34239351275108,34239353162179,20006971,sA-eth3,up,34239352983337,netem,57514736,44476,0,0,0,0,0,55755306,9807,0,55305236,10998,0
2393,34239351275108,34239354775546,20006971,sB-eth3,up,34239354622406,netem,59343460,41200,0,0,0,0,0,55080650,8371,0,57054340,6516,0
2394,34239371268389,34239372991228,19993281,sA-eth3,up,34239372833917,netem,57514736,44476,0,0,0,0,0,55755306,9807,0,55305236,10998,0
2394,34239371268389,34239374598346,19993281,sB-eth3,up,34239374441954,netem,59343460,41200,0,0,0,0,0,55080650,8371,0,57054340,6516,0
2395,34239391267460,34239393308783,19999071,sA-eth3,up,34239393144011,netem,57514736,44476,0,0,0,0,0,55755306,9807,0,55305236,10998,0
2395,34239391267460,34239395615197,19999071,sB-eth3,up,34239395425536,netem,59343460,41200,0,0,0,0,0,55080650,8371,0,57054340,6516,0
2396,34239411270651,34239413544116,20003191,sA-eth3,up,34239413345734,netem,57514736,44476,0,0,0,0,0,55755306,9807,0,55305236,10998,0
2396,34239411270651,34239415296866,20003191,sB-eth3,up,34239415133404,netem,59343460,41200,0,0,0,0,0,55080650,8371,0,57054340,6516,0
2397,34239431270122,34239433110282,19999471,sA-eth3,up,34239432903790,netem,57545418,44501,0,0,0,33386,3,55770248,9814,0,55334730,11005,0
2397,34239431270122,34239434902612,19999471,sB-eth3,up,34239434743700,netem,59343460,41200,0,0,0,0,0,55080650,8371,0,57054340,6516,0
2398,34239451269063,34239453127464,19998941,sA-eth3,up,34239452939682,netem,57780676,44664,0,0,0,37916,4,55814942,9833,0,55575492,11032,0
2398,34239451269063,34239454823303,19998941,sB-eth3,up,34239454663530,netem,59343460,41200,0,0,0,0,0,55080650,8371,0,57054340,6516,0
2399,34239471280504,34239473113284,20011441,sA-eth3,up,34239472922152,netem,58038952,44846,0,0,0,30358,3,55896888,9846,0,55809256,11062,0
2399,34239471280504,34239474814643,20011441,sB-eth3,up,34239474657571,netem,59343460,41200,0,0,0,0,0,55080650,8371,0,57054340,6516,0
2400,34239491268795,34239493067174,19988291,sA-eth3,up,34239492881603,netem,58282092,45018,0,0,0,30358,3,55975938,9859,0,56043024,11092,0
2400,34239491268795,34239494714323,19988291,sB-eth3,up,34239494558671,netem,59343460,41200,0,0,0,0,0,55080650,8371,0,57054340,6516,0
2401,34239511276286,34239513264748,20007491,sA-eth3,up,34239513093796,netem,58520710,45187,0,0,0,53170,5,56079014,9885,0,56289930,11123,0
2401,34239511276286,34239515516442,20007491,sB-eth3,up,34239515346781,netem,59344384,41214,0,0,0,132,2,55320782,8390,0,57055330,6531,0
2402,34239531273536,34239533176728,19997250,sA-eth3,up,34239532988306,netem,58776210,45369,0,0,0,45552,5,56154512,9910,0,56532614,11155,0
2402,34239531273536,34239535121839,19997250,sB-eth3,up,34239534941318,netem,59344516,41216,0,0,0,0,0,55568196,8408,0,57055396,6532,0
2403,34239551281007,34239553120848,20007471,sA-eth3,up,34239552932816,netem,59034314,45549,0,0,0,42524,5,56213818,9931,0,56766140,11182,0
2403,34239551281007,34239554758016,20007471,sB-eth3,up,34239554603885,netem,59344582,41217,0,0,0,0,0,55793758,8425,0,57055462,6533,0
2404,34239571274258,34239573073108,19993251,sA-eth3,up,34239572891656,netem,59272506,45713,0,0,0,51648,6,56265554,9947,0,57011152,11208,0
2404,34239571274258,34239574710107,19993251,sB-eth3,up,34239574555775,netem,59344582,41217,0,0,0,0,0,56026626,8443,0,57055462,6533,0
2405,34239591282850,34239593138260,20008592,sA-eth3,up,34239592946198,netem,59532090,45893,0,0,0,81834,6,56332034,9967,0,57244710,11235,0
2405,34239591282850,34239594804358,20008592,sB-eth3,up,34239594646057,netem,59344648,41218,0,0,0,0,0,56266734,8461,0,57055528,6534,0
2406,34239611273871,34239613242352,19991021,sA-eth3,up,34239613067141,netem,59714860,46022,0,0,0,0,0,56391010,9983,0,57420286,11255,0
2406,34239611273871,34239614910441,19991021,sB-eth3,up,34239614755279,netem,59344714,41219,0,0,0,0,0,56514148,8480,0,57055594,6535,0
2407,34239631268971,34239633124442,19995100,sA-eth3,up,34239632930420,netem,59715962,46031,0,0,0,0,0,56442230,9991,0,57421388,11264,0
2407,34239631268971,34239634823580,19995100,sB-eth3,up,34239634669859,netem,59344714,41219,0,0,0,0,0,56747016,8498,0,57055594,6535,0
2408,34239651278193,34239653126483,20009222,sA-eth3,up,34239652942000,netem,59716270,46035,0,0,0,0,0,56464148,9994,0,57421696,11268,0
2408,34239651278193,34239654810872,20009222,sB-eth3,up,34239654654980,netem,59344780,41220,0,0,0,0,0,57029182,8517,0,57055660,6536,0
2409,34239671269863,34239673197125,19991670,sA-eth3,up,34239673033063,netem,59716824,46042,0,0,0,78,1,56529902,10003,0,57422250,11276,0
2409,34239671269863,34239674834192,19991670,sB-eth3,up,34239674678572,netem,59344846,41221,0,0,0,0,0,57188122,8527,0,57055726,6537,0
2410,34239691274854,34239693146795,20004991,sA-eth3,up,34239692956073,netem,59717466,46051,0,0,0,0,0,56588350,10011,0,57422892,11284,0
2410,34239691274854,34239694791633,20004991,sB-eth3,up,34239694639572,netem,59344846,41221,0,0,0,0,0,57188122,8527,0,57055726,6537,0
2411,34239711267685,34239713052145,19992831,sA-eth3,up,34239712870273,netem,59718090,46059,0,0,0,0,0,56646798,10019,0,57423516,11292,0
2411,34239711267685,34239714700363,19992831,sB-eth3,up,34239714545721,netem,59344912,41222,0,0,0,0,0,57188122,8527,0,57055792,6538,0
2412,34239731287316,34239733132467,20019631,sA-eth3,up,34239732941045,netem,59718800,46068,0,0,0,0,0,56719858,10029,0,57424226,11301,0
2412,34239731287316,34239734790065,20019631,sB-eth3,up,34239734630414,netem,59344912,41222,0,0,0,0,0,57188122,8527,0,57055792,6538,0
2413,34239751268367,34239753476101,19981051,sA-eth3,up,34239753302990,netem,59719454,46077,0,0,0,66,1,56778306,10037,0,57424946,11311,0
2413,34239751268367,34239755301872,19981051,sB-eth3,up,34239755138350,netem,59344912,41222,0,0,0,0,0,57188122,8527,0,57055792,6538,0
2414,34239771268818,34239773111418,20000451,sA-eth3,up,34239772931977,netem,59720018,46085,0,0,0,78,1,56844060,10046,0,57425522,11319,0
2414,34239771268818,34239774712806,20000451,sB-eth3,up,34239774556494,netem,59344912,41222,0,0,0,0,0,57188122,8527,0,57055792,6538,0
2415,34239791271478,34239793020848,20002660,sA-eth3,up,34239792839697,netem,59720780,46096,0,0,0,0,0,56917120,10056,0,57426206,11329,0
2415,34239791271478,34239794974680,20002660,sB-eth3,up,34239794821269,netem,59344912,41222,0,0,0,0,0,57188122,8527,0,57055792,6538,0
2416,34239811267640,34239813033990,19996162,sA-eth3,up,34239812854317,netem,59721542,46107,0,0,0,0,0,56997486,10067,0,57426968,11340,0
2416,34239811267640,34239814844449,19996162,sB-eth3,up,34239814669277,netem,59344912,41222,0,0,0,0,0,57188122,8527,0,57055792,6538,0
2417,34239831287621,34239833124222,20019981,sA-eth3,up,34239832917419,netem,59722226,46117,0,0,0,0,0,57077852,10078,0,57427652,11350,0
2417,34239831287621,34239834726979,20019981,sB-eth3,up,34239834567187,netem,59344912,41222,0,0,0,0,0,57188122,8527,0,57055792,6538,0
2418,34239851270402,34239853268274,19982781,sA-eth3,up,34239853101672,netem,59722756,46124,0,0,0,0,0,57107142,10083,0,57428182,11357,0
2418,34239851270402,34239855147205,19982781,sB-eth3,up,34239854974022,netem,59344912,41222,0,0,0,0,0,57188122,8527,0,57055792,6538,0
2419,34239871268323,34239873118064,19997921,sA-eth3,up,34239872931322,netem,59722756,46124,0,0,0,0,0,57107142,10083,0,57428182,11357,0
2419,34239871268323,34239874755761,19997921,sB-eth3,up,34239874589009,netem,59344912,41222,0,0,0,0,0,57188122,8527,0,57055792,6538,0
2420,34239891273694,34239893052884,20005371,sA-eth3,up,34239892866712,netem,59722756,46124,0,0,0,0,0,57107142,10083,0,57428182,11357,0
2420,34239891273694,34239894698911,20005371,sB-eth3,up,34239894539441,netem,59344912,41222,0,0,0,0,0,57188122,8527,0,57055792,6538,0
2421,34239911271715,34239913090895,19998021,sA-eth3,up,34239912902673,netem,59722756,46124,0,0,0,0,0,57107142,10083,0,57428182,11357,0
2421,34239911271715,34239914734993,19998021,sB-eth3,up,34239914575321,netem,59344912,41222,0,0,0,0,0,57188122,8527,0,57055792,6538,0
2422,34239931281415,34239933489750,20009700,sA-eth3,up,34239933311599,netem,59722756,46124,0,0,0,0,0,57107142,10083,0,57428182,11357,0
2422,34239931281415,34239935344511,20009700,sB-eth3,up,34239935189699,netem,59344912,41222,0,0,0,0,0,57188122,8527,0,57055792,6538,0
2423,34239951272557,34239953122217,19991142,sA-eth3,up,34239952934906,netem,59722756,46124,0,0,0,0,0,57107142,10083,0,57428182,11357,0
2423,34239951272557,34239954715605,19991142,sB-eth3,up,34239954565383,netem,59344912,41222,0,0,0,0,0,57188122,8527,0,57055792,6538,0
2424,34239971273889,34239972987117,20001332,sA-eth3,up,34239972826635,netem,59722756,46124,0,0,0,0,0,57107142,10083,0,57428182,11357,0
2424,34239971273889,34239974987849,20001332,sB-eth3,up,34239974816707,netem,59344912,41222,0,0,0,0,0,57188122,8527,0,57055792,6538,0
2425,34239991280459,34239993183199,20006570,sA-eth3,up,34239992988208,netem,59722756,46124,0,0,0,0,0,57107142,10083,0,57428182,11357,0
2425,34239991280459,34239994965009,20006570,sB-eth3,up,34239994808908,netem,59344912,41222,0,0,0,0,0,57188122,8527,0,57055792,6538,0
2426,34240011285759,34240013077309,20005300,sA-eth3,up,34240012890348,netem,59722756,46124,0,0,0,0,0,57107142,10083,0,57428182,11357,0
2426,34240011285759,34240014927720,20005300,sB-eth3,up,34240014774058,netem,59344912,41222,0,0,0,0,0,57188122,8527,0,57055792,6538,0
2427,34240031268791,34240033165121,19983032,sA-eth3,up,34240032969889,netem,59722756,46124,0,0,0,0,0,57107142,10083,0,57428182,11357,0
2427,34240031268791,34240034978601,19983032,sB-eth3,up,34240034822950,netem,59344912,41222,0,0,0,0,0,57188122,8527,0,57055792,6538,0
2428,34240051277572,34240053088361,20008781,sA-eth3,up,34240052898009,netem,59722756,46124,0,0,0,0,0,57107142,10083,0,57428182,11357,0
2428,34240051277572,34240054717390,20008781,sB-eth3,up,34240054560958,netem,59344912,41222,0,0,0,0,0,57188122,8527,0,57055792,6538,0
2429,34240071278603,34240073108763,20001031,sA-eth3,up,34240072914000,netem,59723326,46131,0,0,0,0,0,57128008,10092,0,57428752,11364,0
2429,34240071278603,34240074759621,20001031,sB-eth3,up,34240074601379,netem,59344912,41222,0,0,0,0,0,57188122,8527,0,57055792,6538,0
2430,34240091273714,34240093382287,19995111,sA-eth3,up,34240093214516,netem,59724152,46142,0,0,0,172,2,57173688,10104,0,57429664,11376,0
2430,34240091273714,34240095201516,19995111,sB-eth3,up,34240095047285,netem,59344912,41222,0,0,0,0,0,57188122,8527,0,57055792,6538,0
2431,34240111269904,34240113207466,19996190,sA-eth3,up,34240113041083,netem,59725074,46153,0,0,0,86,1,57219170,10113,0,57430500,11386,0
2431,34240111269904,34240115043246,19996190,sB-eth3,up,34240114875685,netem,59344912,41222,0,0,0,0,0,57188122,8527,0,57055792,6538,0
2432,34240131276586,34240133136656,20006682,sA-eth3,up,34240132948463,netem,59725592,46160,0,0,0,0,0,57251488,10120,0,57431018,11393,0
2432,34240131276586,34240134822055,20006682,sB-eth3,up,34240134658553,netem,59344912,41222,0,0,0,0,0,57188122,8527,0,57055792,6538,0
2433,34240151272796,34240153127417,19996210,sA-eth3,up,34240152941775,netem,59726036,46166,0,0,0,66,1,57280910,10127,0,57431528,11400,0
2433,34240151272796,34240155036168,19996210,sB-eth3,up,34240154863345,netem,59344912,41222,0,0,0,0,0,57188122,8527,0,57055792,6538,0
2434,34240171273028,34240173093408,20000232,sA-eth3,up,34240172911055,netem,59726300,46170,0,0,0,0,0,57292570,10129,0,57431726,11403,0
2434,34240171273028,34240174943758,20000232,sB-eth3,up,34240174789686,netem,59344912,41222,0,0,0,0,0,57188122,8527,0,57055792,6538,0
2435,34240191277368,34240193108288,20004340,sA-eth3,up,34240192924326,netem,59726300,46170,0,0,0,0,0,57292570,10129,0,57431726,11403,0
2435,34240191277368,34240194720226,20004340,sB-eth3,up,34240194567435,netem,59344912,41222,0,0,0,0,0,57188122,8527,0,57055792,6538,0
2436,34240211268609,34240213252631,19991241,sA-eth3,up,34240213090090,netem,59726300,46170,0,0,0,0,0,57292570,10129,0,57431726,11403,0
2436,34240211268609,34240215022760,19991241,sB-eth3,up,34240214848319,netem,59344912,41222,0,0,0,0,0,57188122,8527,0,57055792,6538,0
2437,34240231271980,34240233020769,20003371,sA-eth3,up,34240232835447,netem,59726300,46170,0,0,0,0,0,57292570,10129,0,57431726,11403,0
2437,34240231271980,34240234873150,20003371,sB-eth3,up,34240234718538,netem,59344912,41222,0,0,0,0,0,57188122,8527,0,57055792,6538,0
2438,34240251269551,34240253118482,19997571,sA-eth3,up,34240252938650,netem,59726300,46170,0,0,0,0,0,57292570,10129,0,57431726,11403,0
2438,34240251269551,34240254880431,19997571,sB-eth3,up,34240254727159,netem,59344912,41222,0,0,0,0,0,57188122,8527,0,57055792,6538,0
2439,34240271275733,34240275731071,20006182,sA-eth3,up,34240275545919,netem,59726300,46170,0,0,0,0,0,57292570,10129,0,57431726,11403,0
2439,34240271275733,34240277673603,20006182,sB-eth3,up,34240277518741,netem,59344912,41222,0,0,0,0,0,57188122,8527,0,57055792,6538,0
2440,34240291268643,34240293083003,19992910,sA-eth3,up,34240292900692,netem,59726300,46170,0,0,0,0,0,57292570,10129,0,57431726,11403,0
2440,34240291268643,34240294714121,19992910,sB-eth3,up,34240294562119,netem,59344912,41222,0,0,0,0,0,57188122,8527,0,57055792,6538,0
2441,34240311276024,34240313082994,20007381,sA-eth3,up,34240312894032,netem,59726300,46170,0,0,0,0,0,57292570,10129,0,57431726,11403,0
2441,34240311276024,34240314953455,20007381,sB-eth3,up,34240314800153,netem,59344912,41222,0,0,0,0,0,57188122,8527,0,57055792,6538,0
2442,34240331271925,34240333116975,19995901,sA-eth3,up,34240332926414,netem,59726300,46170,0,0,0,0,0,57292570,10129,0,57431726,11403,0
2442,34240331271925,34240334822924,19995901,sB-eth3,up,34240334636372,netem,59344912,41222,0,0,0,0,0,57188122,8527,0,57055792,6538,0
2443,34240351272846,34240353569411,20000921,sA-eth3,up,34240353377000,netem,59726444,46172,0,0,0,78,1,57304376,10132,0,57431870,11405,0
2443,34240351272846,34240355297560,20000921,sB-eth3,up,34240355135649,netem,59464608,41302,0,0,0,43906,3,57188650,8535,0,57170736,6546,0
2444,34240371269477,34240373147637,19996631,sA-eth3,up,34240372912905,netem,59726798,46177,0,0,0,66,1,57333666,10137,0,57432224,11410,0
2444,34240371269477,34240374809256,19996631,sB-eth3,up,34240374649424,netem,59700792,41458,0,0,0,51476,3,57189838,8553,0,57397812,6564,0
2445,34240391284117,34240393410232,20014640,sA-eth3,up,34240393222689,netem,59727152,46182,0,0,0,86,1,57361508,10142,0,57432664,11416,0
2445,34240391284117,34240395236352,20014640,sB-eth3,up,34240395078810,netem,59950602,41623,0,0,0,52990,4,57191026,8571,0,57652400,6582,0
2446,34240411272029,34240413170290,19987912,sA-eth3,up,34240412951647,netem,59727802,46191,0,0,0,0,0,57405542,10151,0,57433228,11424,0
2446,34240411272029,34240414818258,19987912,sB-eth3,up,34240414656236,netem,60207982,41793,0,0,0,37850,3,57192214,8589,0,57885268,6600,0
2447,34240431268150,34240433133280,19996121,sA-eth3,up,34240432921458,netem,59728024,46194,0,0,0,0,0,57417258,10153,0,57433450,11427,0
2447,34240431268150,34240434809349,19996121,sB-eth3,up,34240434650707,netem,60450222,41953,0,0,0,45420,3,57193402,8607,0,58118136,6618,0
2448,34240451231930,34240453117521,19963780,sA-eth3,up,34240452929029,netem,59728024,46194,0,0,0,0,0,57417258,10153,0,57433450,11427,0
2448,34240451231930,34240455288675,19963780,sB-eth3,up,34240455120474,netem,60700032,42118,0,0,0,52990,4,57194656,8626,0,58372790,6637,0
2449,34240471271432,34240473151052,20039502,sA-eth3,up,34240472938360,netem,59728024,46194,0,0,0,0,0,57417258,10153,0,57433450,11427,0
2449,34240471271432,34240474918822,20039502,sB-eth3,up,34240474756931,netem,60957412,42288,0,0,0,37850,3,57195844,8644,0,58605658,6655,0
2450,34240491271993,34240493168864,20000561,sA-eth3,up,34240492950071,netem,59728024,46194,0,0,0,0,0,57417258,10153,0,57433450,11427,0
2450,34240491271993,34240494950933,20000561,sB-eth3,up,34240494764191,netem,61199652,42448,0,0,0,45420,3,57197032,8663,0,58853072,6674,0
2451,34240511270194,34240513197894,19998201,sA-eth3,up,34240513017233,netem,59728024,46194,0,0,0,0,0,57417258,10153,0,57433450,11427,0
2451,34240511270194,34240514892353,19998201,sB-eth3,up,34240514731421,netem,61452490,42615,0,0,0,49962,4,57198220,8680,0,59081530,6691,0
2452,34240531268024,34240533149435,19997830,sA-eth3,up,34240532968543,netem,59812898,46251,0,0,0,33308,2,57417522,10157,0,57515024,11434,0
2452,34240531268024,34240534894084,19997830,sB-eth3,up,34240534733613,netem,61537788,42672,0,0,0,0,0,57198682,8687,0,59163528,6698,0
2453,34240551271125,34240553201357,20003101,sA-eth3,up,34240553024075,netem,60067250,46419,0,0,0,51476,4,57417984,10164,0,57759410,11451,0
2453,34240551271125,34240554895605,20003101,sB-eth3,up,34240554738723,netem,61537788,42672,0,0,0,0,0,57198682,8687,0,59163528,6698,0
2454,34240571264826,34240573100626,19993701,sA-eth3,up,34240572913434,netem,60306462,46577,0,0,0,33308,2,57417984,10164,0,58005376,11470,0
2454,34240571264826,34240574797356,19993701,sB-eth3,up,34240574641693,netem,61537788,42672,0,0,0,0,0,57198682,8687,0,59163528,6698,0
2455,34240591267317,34240593103608,20002491,sA-eth3,up,34240592923086,netem,60527506,46723,0,0,0,51476,4,57418050,10165,0,58201846,11485,0
2455,34240591267317,34240594757626,20002491,sB-eth3,up,34240594604704,netem,61537788,42672,0,0,0,0,0,57198682,8687,0,59163528,6698,0
2456,34240611268028,34240613150069,20000711,sA-eth3,up,34240612968507,netem,60783372,46892,0,0,0,51476,4,57418050,10165,0,58447812,11504,0
2456,34240611268028,34240614847078,20000711,sB-eth3,up,34240614691816,netem,61537788,42672,0,0,0,0,0,57198682,8687,0,59163528,6698,0
2457,34240631270849,34240633089109,20002821,sA-eth3,up,34240632902608,netem,60834848,46926,0,0,0,0,0,57418050,10165,0,58497308,11508,0
2457,34240631270849,34240634764798,20002821,sB-eth3,up,34240634608836,netem,61537788,42672,0,0,0,0,0,57198682,8687,0,59163528,6698,0
2458,34240651265081,34240653209441,19994232,sA-eth3,up,34240653040900,netem,60848906,46941,0,0,0,16732,2,57435954,10173,0,58510838,11515,0
2458,34240651265081,34240654960661,19994232,sB-eth3,up,34240654805949,netem,61537788,42672,0,0,0,0,0,57198682,8687,0,59163528,6698,0
2459,34240671271701,34240673130211,20006620,sA-eth3,up,34240672945200,netem,61090088,47106,0,0,0,51554,5,57471168,10180,0,58742648,11538,0
2459,34240671271701,34240674902791,20006620,sB-eth3,up,34240674750960,netem,61537788,42672,0,0,0,0,0,57198682,8687,0,59163528,6698,0
2460,34240691269382,34240693250884,19997681,sA-eth3,up,34240693087423,netem,61329666,47269,0,0,0,84940,8,57500590,10187,0,58989058,11563,0
2460,34240691269382,34240694971923,19997681,sB-eth3,up,34240694814550,netem,61537788,42672,0,0,0,0,0,57198682,8687,0,59163528,6698,0
2461,34240711269293,34240713063233,19999911,sA-eth3,up,34240712876300,netem,61586218,47447,0,0,0,84928,8,57532974,10195,0,59219638,11589,0
2461,34240711269293,34240714683341,19999911,sB-eth3,up,34240714529899,netem,61636288,42738,0,0,0,0,0,57198682,8687,0,59258200,6706,0
2462,34240731266004,34240733059504,19996711,sA-eth3,up,34240732871372,netem,61840936,47620,0,0,0,18402,5,57568188,10202,0,59464456,11612,0
2462,34240731266004,34240734780472,19996711,sB-eth3,up,34240734626511,netem,61645372,42744,0,0,0,0,0,57198682,8687,0,59266954,6707,0
2463,34240751276045,34240753093645,20010041,sA-eth3,up,34240752905183,netem,61859482,47637,0,0,0,0,0,57574046,10203,0,59482342,11619,0
2463,34240751276045,34240754737433,20010041,sB-eth3,up,34240754582162,netem,61704418,42783,0,0,0,30280,2,57198748,8688,0,59323690,6711,0
2464,34240771275326,34240773131076,19999281,sA-eth3,up,34240772940945,netem,61859482,47637,0,0,0,12112,1,57574046,10203,0,59493992,11620,0
2464,34240771275326,34240774762744,19999281,sB-eth3,up,34240774606152,netem,61840678,42873,0,0,0,0,0,57198748,8688,0,59454670,6721,0
2465,34240791265606,34240793080856,19990280,sA-eth3,up,34240792902175,netem,61871594,47645,0,0,0,0,0,57574046,10203,0,59493992,11620,0
2465,34240791265606,34240794695444,19990280,sB-eth3,up,34240794544372,netem,61930004,42932,0,0,0,49962,3,57198814,8689,0,59540498,6727,0
2466,34240811290008,34240813147838,20024402,sA-eth3,up,34240812942797,netem,61871594,47645,0,0,0,0,0,57574046,10203,0,59493992,11620,0
2466,34240811290008,34240814878157,20024402,sB-eth3,up,34240814700185,netem,62134394,43067,0,0,0,0,0,57198814,8689,0,59736770,6739,0
2467,34240831272229,34240833101709,19982221,sA-eth3,up,34240832905797,netem,61871594,47645,0,0,0,0,0,57574046,10203,0,59493992,11620,0
2467,34240831272229,34240834782037,19982221,sB-eth3,up,34240834610285,netem,62166188,43088,0,0,0,24224,2,57198880,8690,0,59767376,6742,0
2468,34240851272570,34240853377383,20000341,sA-eth3,up,34240853208241,netem,61871594,47645,0,0,0,0,0,57574046,10203,0,59493992,11620,0
2468,34240851272570,34240855255494,20000341,sB-eth3,up,34240855098582,netem,62363008,43218,0,0,0,19682,2,57198880,8690,0,59956738,6759,0
2469,34240871269700,34240873113971,19997130,sA-eth3,up,34240872932209,netem,61871594,47645,0,0,0,0,0,57574046,10203,0,59493992,11620,0
2469,34240871269700,34240874997532,19997130,sB-eth3,up,34240874839619,netem,62574968,43358,0,0,0,30280,2,57198946,8691,0,60160580,6776,0
2470,34240891266112,34240893044261,19996412,sA-eth3,up,34240892860559,netem,61871594,47645,0,0,0,0,0,57574046,10203,0,59493992,11620,0
2470,34240891266112,34240894885902,19996412,sB-eth3,up,34240894731599,netem,62824778,43523,0,0,0,15140,1,57199012,8692,0,60400688,6794,0
2471,34240911267862,34240913051212,20001750,sA-eth3,up,34240912877500,netem,61871594,47645,0,0,0,0,0,57574046,10203,0,59493992,11620,0
2471,34240911267862,34240914643939,20001750,sB-eth3,up,34240914491878,netem,63051878,43673,0,0,0,45420,3,57199012,8692,0,60633556,6812,0
2472,34240931271003,34240933053942,20003141,sA-eth3,up,34240932871552,netem,61871594,47645,0,0,0,0,0,57574046,10203,0,59493992,11620,0
2472,34240931271003,34240934650791,20003141,sB-eth3,up,34240934498979,netem,63301688,43838,0,0,0,37850,3,57199078,8693,0,60873664,6830,0
2473,34240951269005,34240953162605,19998002,sA-eth3,up,34240952949413,netem,61871594,47645,0,0,0,0,0,57574046,10203,0,59493992,11620,0
2473,34240951269005,34240954810823,19998002,sB-eth3,up,34240954642901,netem,63559068,44008,0,0,0,30280,2,57199078,8693,0,61106532,6848,0
2474,34240971270025,34240973024544,20001020,sA-eth3,up,34240972833782,netem,61871960,47650,0,0,0,0,0,57590370,10209,0,59494358,11625,0
2474,34240971270025,34240974624722,20001020,sB-eth3,up,34240974467191,netem,63730664,44122,0,0,0,0,0,57199144,8694,0,61271462,6861,0
2475,34240991273727,34240993068426,20003702,sA-eth3,up,34240992879024,netem,61872326,47655,0,0,0,78,1,57613868,10214,0,59494802,11631,0
2475,34240991273727,34240994676974,20003702,sB-eth3,up,34240994519672,netem,63730664,44122,0,0,0,0,0,57199144,8694,0,61271462,6861,0
2476,34241011269837,34241013046577,19996110,sA-eth3,up,34241012853355,netem,61874284,47662,0,0,0,0,0,57643224,10220,0,59496682,11637,0
2476,34241011269837,34241014654374,19996110,sB-eth3,up,34241014497173,netem,63730664,44122,0,0,0,0,0,57199210,8695,0,61271462,6861,0
2477,34241031275958,34241033037647,20006121,sA-eth3,up,34241032845386,netem,61874758,47669,0,0,0,78,1,57694498,10229,0,59497234,11645,0
2477,34241031275958,34241035301942,20006121,sB-eth3,up,34241035143561,netem,63730664,44122,0,0,0,0,0,57199210,8695,0,61271462,6861,0
2478,34241051266509,34241053051879,19990551,sA-eth3,up,34241052872007,netem,61875422,47677,0,0,0,0,0,57736886,10235,0,59497820,11652,0
2478,34241051266509,34241054999631,19990551,sB-eth3,up,34241054841918,netem,63730664,44122,0,0,0,0,0,57199210,8695,0,61271462,6861,0
2479,34241071280440,34241073163991,20013931,sA-eth3,up,34241072956429,netem,61875998,47685,0,0,0,86,1,57791056,10244,0,59498482,11661,0
2479,34241071280440,34241074835699,20013931,sB-eth3,up,34241074665468,netem,63730664,44122,0,0,0,0,0,57199210,8695,0,61271462,6861,0
2480,34241091271791,34241093253222,19991351,sA-eth3,up,34241093071481,netem,61876764,47696,0,0,0,66,1,57856984,10256,0,59499228,11672,0
2480,34241091271791,34241094944111,19991351,sB-eth3,up,34241094782800,netem,63730664,44122,0,0,0,0,0,57199210,8695,0,61271462,6861,0
2481,34241111267932,34241113177304,19996141,sA-eth3,up,34241112988181,netem,61877356,47704,0,0,0,78,1,57900886,10263,0,59499754,11679,0
2481,34241111267932,34241114970983,19996141,sB-eth3,up,34241114812351,netem,63730664,44122,0,0,0,0,0,57199210,8695,0,61271462,6861,0
2482,34241131268892,34241133131183,20000960,sA-eth3,up,34241132942471,netem,61877762,47709,0,0,0,86,1,57937416,10268,0,59500246,11685,0
2482,34241131268892,34241135148046,20000960,sB-eth3,up,34241134974954,netem,63730664,44122,0,0,0,0,0,57199210,8695,0,61271462,6861,0
2483,34241151273284,34241153247256,20004392,sA-eth3,up,34241153071624,netem,61878304,47716,0,0,0,86,1,57988624,10276,0,59500702,11691,0
2483,34241151273284,34241155457959,20004392,sB-eth3,up,34241155290498,netem,63731456,44134,0,0,0,66,1,57388464,8710,0,61272254,6873,0
2484,34241171272265,34241173094235,19998981,sA-eth3,up,34241172902343,netem,61878966,47725,0,0,0,0,0,58039766,10283,0,59501364,11700,0
2484,34241171272265,34241174752473,19998981,sB-eth3,up,34241174591861,netem,63731720,44138,0,0,0,0,0,57672012,8728,0,61272518,6877,0
2485,34241191294976,34241193183736,20022711,sA-eth3,up,34241192981265,netem,61879488,47732,0,0,0,0,0,58088144,10292,0,59501886,11707,0
2485,34241191294976,34241194869816,20022711,sB-eth3,up,34241194697473,netem,63731786,44139,0,0,0,0,0,57945490,8747,0,61272584,6878,0
2486,34241211276677,34241213161988,19981701,sA-eth3,up,34241212974915,netem,61879884,47738,0,0,0,78,1,58126254,10299,0,59502360,11714,0
2486,34241211276677,34241214829135,19981701,sB-eth3,up,34241214670115,netem,63731786,44139,0,0,0,0,0,58123202,8763,0,61272584,6878,0
2487,34241231270438,34241233074098,19993761,sA-eth3,up,34241232882546,netem,61880418,47745,0,0,0,78,1,58157058,10305,0,59502816,11720,0
2487,34241231270438,34241234726505,19993761,sB-eth3,up,34241234568914,netem,63731852,44140,0,0,0,0,0,58341590,8781,0,61272650,6879,0
2488,34241251269289,34241253084758,19998851,sA-eth3,up,34241252899226,netem,61880850,47751,0,0,0,66,1,58192206,10311,0,59503314,11727,0
2488,34241251269289,34241254739307,19998851,sB-eth3,up,34241254581845,netem,63731918,44141,0,0,0,0,0,58581698,8799,0,61272716,6880,0
2489,34241271271709,34241273130711,20002420,sA-eth3,up,34241272937298,netem,61881426,47759,0,0,0,0,0,58233278,10319,0,59503824,11734,0
2489,34241271271709,34241275338295,20002420,sB-eth3,up,34241275182613,netem,63731918,44141,0,0,0,0,0,58829112,8818,0,61272716,6880,0
2490,34241291270251,34241293634166,19998542,sA-eth3,up,34241293467855,netem,61881948,47766,0,0,0,78,1,58268558,10327,0,59504424,11742,0
2490,34241291270251,34241295296065,19998542,sB-eth3,up,34241295141053,netem,63731984,44142,0,0,0,0,0,59061980,8836,0,61272782,6881,0
2491,34241311276951,34241313554277,20006700,sA-eth3,up,34241313369345,netem,61882524,47774,0,0,0,0,0,58303772,10334,0,59504922,11749,0
2491,34241311276951,34241315228155,20006700,sB-eth3,up,34241315068683,netem,63732050,44143,0,0,0,0,0,59302088,8854,0,61272848,6882,0
2492,34241331270013,34241333121613,19993062,sA-eth3,up,34241332936640,netem,61882998,47781,0,0,0,66,1,58344778,10341,0,59505396,11756,0
2492,34241331270013,34241334860792,19993062,sB-eth3,up,34241334706000,netem,63732050,44143,0,0,0,0,0,59306946,8855,0,61272848,6882,0
2493,34241351272303,34241353099093,20002290,sA-eth3,up,34241352914092,netem,61883430,47787,0,0,0,0,0,58378478,10347,0,59505828,11762,0
2493,34241351272303,34241354785912,20002290,sB-eth3,up,34241354631610,netem,63732050,44143,0,0,0,0,0,59306946,8855,0,61272848,6882,0
2494,34241371282914,34241373166755,20010611,sA-eth3,up,34241372977573,netem,61883796,47792,0,0,0,0,0,58407768,10352,0,59506194,11767,0
2494,34241371282914,34241374815374,20010611,sB-eth3,up,34241374659922,netem,63732116,44144,0,0,0,0,0,59306946,8855,0,61272914,6883,0
2495,34241391268105,34241393068285,19985191,sA-eth3,up,34241392877843,netem,61884448,47800,0,0,0,144,2,58432978,10361,0,59506846,11775,0
2495,34241391268105,34241394704224,19985191,sB-eth3,up,34241394546721,netem,63732116,44144,0,0,0,0,0,59306946,8855,0,61272914,6883,0
2496,34241411270016,34241413082317,20001911,sA-eth3,up,34241412901044,netem,61884958,47807,0,0,0,0,0,58456476,10366,0,59507356,11782,0
2496,34241411270016,34241414777155,20001911,sB-eth3,up,34241414621614,netem,63732116,44144,0,0,0,0,0,59306946,8855,0,61272914,6883,0
2497,34241431273397,34241433125478,20003381,sA-eth3,up,34241432931145,netem,61884958,47807,0,0,0,0,0,58456476,10366,0,59507356,11782,0
2497,34241431273397,34241434775486,20003381,sB-eth3,up,34241434620434,netem,63732116,44144,0,0,0,0,0,59306946,8855,0,61272914,6883,0
2498,34241451273438,34241453217990,20000041,sA-eth3,up,34241453047738,netem,61938462,47843,0,0,0,0,0,58456818,10371,0,59558814,11787,0
2498,34241451273438,34241454873879,20000041,sB-eth3,up,34241454714656,netem,63732116,44144,0,0,0,0,0,59306946,8855,0,61272914,6883,0
2499,34241471270790,34241473419903,19997352,sA-eth3,up,34241473248281,netem,61938462,47843,0,0,0,0,0,58456818,10371,0,59558814,11787,0
2499,34241471270790,34241475216623,19997352,sB-eth3,up,34241475059342,netem,63732116,44144,0,0,0,0,0,59306946,8855,0,61272914,6883,0
2500,34241491271340,34241493084990,20000550,sA-eth3,up,34241492895397,netem,61938462,47843,0,0,0,0,0,58456818,10371,0,59558814,11787,0
2500,34241491271340,34241494709239,20000550,sB-eth3,up,34241494554286,netem,63732116,44144,0,0,0,0,0,59306946,8855,0,61272914,6883,0
2501,34241511280742,34241513061901,20009402,sA-eth3,up,34241512877089,netem,61938462,47843,0,0,0,0,0,58456818,10371,0,59558814,11787,0
2501,34241511280742,34241514695109,20009402,sB-eth3,up,34241514529317,netem,63732116,44144,0,0,0,0,0,59306946,8855,0,61272914,6883,0
2502,34241531276202,34241533088132,19995460,sA-eth3,up,34241532901760,netem,61938462,47843,0,0,0,0,0,58456818,10371,0,59558814,11787,0
2502,34241531276202,34241534705899,19995460,sB-eth3,up,34241534546378,netem,63732116,44144,0,0,0,0,0,59306946,8855,0,61272914,6883,0
2503,34241551277603,34241553045542,20001401,sA-eth3,up,34241552856750,netem,61938462,47843,0,0,0,0,0,58456818,10371,0,59558814,11787,0
2503,34241551277603,34241555371608,20001401,sB-eth3,up,34241555213246,netem,63732116,44144,0,0,0,0,0,59306946,8855,0,61272914,6883,0
2504,34241571292374,34241573437718,20014771,sA-eth3,up,34241573256805,netem,61938462,47843,0,0,0,0,0,58456818,10371,0,59558814,11787,0
2504,34241571292374,34241575218437,20014771,sB-eth3,up,34241575058216,netem,63732116,44144,0,0,0,0,0,59306946,8855,0,61272914,6883,0
2505,34241591272025,34241593140495,19979651,sA-eth3,up,34241592953124,netem,61938462,47843,0,0,0,0,0,58456818,10371,0,59558814,11787,0
2505,34241591272025,34241594906284,19979651,sB-eth3,up,34241594753813,netem,63732116,44144,0,0,0,0,0,59306946,8855,0,61272914,6883,0
2506,34241611275375,34241613169067,20003350,sA-eth3,up,34241612977074,netem,61938462,47843,0,0,0,0,0,58456818,10371,0,59558814,11787,0
2506,34241611275375,34241614970986,20003350,sB-eth3,up,34241614818394,netem,63732116,44144,0,0,0,0,0,59306946,8855,0,61272914,6883,0
2507,34241631275777,34241633147957,20000402,sA-eth3,up,34241632960876,netem,61938804,47848,0,0,0,0,0,58474524,10376,0,59559156,11792,0
2507,34241631275777,34241635016378,20000402,sB-eth3,up,34241634848826,netem,63732116,44144,0,0,0,0,0,59306946,8855,0,61272914,6883,0
2508,34241651270477,34241653091688,19994700,sA-eth3,up,34241652907256,netem,61939350,47855,0,0,0,78,1,58517110,10385,0,59559702,11799,0
2508,34241651270477,34241654835287,19994700,sB-eth3,up,34241654676935,netem,63732116,44144,0,0,0,0,0,59306946,8855,0,61272914,6883,0
2509,34241671275599,34241673094779,20005122,sA-eth3,up,34241672894976,netem,61939868,47862,0,0,0,0,0,58546400,10390,0,59560220,11806,0
2509,34241671275599,34241674987259,20005122,sB-eth3,up,34241674831988,netem,63732116,44144,0,0,0,0,0,59306946,8855,0,61272914,6883,0
2510,34241691273279,34241693070779,19997680,sA-eth3,up,34241692885658,netem,61940110,47865,0,0,0,0,0,58558182,10393,0,59560462,11809,0
2510,34241691273279,34241694685528,19997680,sB-eth3,up,34241694528905,netem,63732116,44144,0,0,0,0,0,59306946,8855,0,61272914,6883,0
2511,34241711280941,34241713932600,20007662,sA-eth3,up,34241713762019,netem,61940110,47865,0,0,0,0,0,58558182,10393,0,59560462,11809,0
2511,34241711280941,34241715976502,20007662,sB-eth3,up,34241715821651,netem,63732116,44144,0,0,0,0,0,59306946,8855,0,61272914,6883,0
2512,34241731290052,34241733122482,20009111,sA-eth3,up,34241732930880,netem,61940110,47865,0,0,0,0,0,58558182,10393,0,59560462,11809,0
2512,34241731290052,34241734996023,20009111,sB-eth3,up,34241734843061,netem,63732116,44144,0,0,0,0,0,59306946,8855,0,61272914,6883,0
2513,34241751282593,34241753066313,19992541,sA-eth3,up,34241752882550,netem,61940110,47865,0,0,0,0,0,58558182,10393,0,59560462,11809,0
2513,34241751282593,34241754909063,19992541,sB-eth3,up,34241754754740,netem,63732116,44144,0,0,0,0,0,59306946,8855,0,61272914,6883,0
2514,34241771272233,34241773098084,19989640,sA-eth3,up,34241772913521,netem,61940110,47865,0,0,0,0,0,58558182,10393,0,59560462,11809,0
2514,34241771272233,34241774999945,19989640,sB-eth3,up,34241774833943,netem,63732116,44144,0,0,0,0,0,59306946,8855,0,61272914,6883,0
2515,34241791285344,34241793162085,20013111,sA-eth3,up,34241792963023,netem,61940110,47865,0,0,0,0,0,58558182,10393,0,59560462,11809,0
2515,34241791285344,34241794964695,20013111,sB-eth3,up,34241794805903,netem,63732116,44144,0,0,0,0,0,59306946,8855,0,61272914,6883,0
2516,34241811270685,34241813113926,19985341,sA-eth3,up,34241812925274,netem,61940110,47865,0,0,0,0,0,58558182,10393,0,59560462,11809,0
2516,34241811270685,34241814856075,19985341,sB-eth3,up,34241814698983,netem,63732116,44144,0,0,0,0,0,59306946,8855,0,61272914,6883,0
2517,34241831271626,34241833085676,20000941,sA-eth3,up,34241832905774,netem,61940110,47865,0,0,0,0,0,58558182,10393,0,59560462,11809,0
2517,34241831271626,34241834716955,20000941,sB-eth3,up,34241834563483,netem,63732116,44144,0,0,0,0,0,59306946,8855,0,61272914,6883,0
2518,34241851281777,34241853113818,20010151,sA-eth3,up,34241852918716,netem,61940110,47865,0,0,0,0,0,58558182,10393,0,59560462,11809,0
2518,34241851281777,34241854738295,20010151,sB-eth3,up,34241854585154,netem,63732116,44144,0,0,0,0,0,59306946,8855,0,61272914,6883,0
2519,34241871274368,34241873144568,19992591,sA-eth3,up,34241872952727,netem,61940110,47865,0,0,0,0,0,58558182,10393,0,59560462,11809,0
2519,34241871274368,34241874768347,19992591,sB-eth3,up,34241874611535,netem,63732116,44144,0,0,0,0,0,59306946,8855,0,61272914,6883,0
2520,34241891269589,34241893423613,19995221,sA-eth3,up,34241893245750,netem,61940110,47865,0,0,0,0,0,58558182,10393,0,59560462,11809,0
2520,34241891269589,34241895214052,19995221,sB-eth3,up,34241895060151,netem,63732116,44144,0,0,0,0,0,59306946,8855,0,61272914,6883,0
2521,34241911278401,34241913083580,20008812,sA-eth3,up,34241912890868,netem,61940110,47865,0,0,0,0,0,58558182,10393,0,59560462,11809,0
2521,34241911278401,34241914722799,20008812,sB-eth3,up,34241914557336,netem,63732116,44144,0,0,0,0,0,59306946,8855,0,61272914,6883,0
2522,34241931280961,34241933481046,20002560,sA-eth3,up,34241933285233,netem,61940110,47865,0,0,0,0,0,58558182,10393,0,59560462,11809,0
2522,34241931280961,34241935386847,20002560,sB-eth3,up,34241935227635,netem,63732116,44144,0,0,0,0,0,59306946,8855,0,61272914,6883,0
2523,34241951274132,34241953471056,19993171,sA-eth3,up,34241953289565,netem,61940110,47865,0,0,0,0,0,58558182,10393,0,59560462,11809,0
2523,34241951274132,34241955245776,19993171,sB-eth3,up,34241955088934,netem,63732116,44144,0,0,0,0,0,59306946,8855,0,61272914,6883,0
2524,34241971278573,34241973572598,20004441,sA-eth3,up,34241973389206,netem,61940110,47865,0,0,0,0,0,58558182,10393,0,59560462,11809,0
2524,34241971278573,34241975239917,20004441,sB-eth3,up,34241975080615,netem,63732116,44144,0,0,0,0,0,59306946,8855,0,61272914,6883,0
2525,34241991276615,34241993049814,19998042,sA-eth3,up,34241992856072,netem,61940110,47865,0,0,0,0,0,58558182,10393,0,59560462,11809,0
2525,34241991276615,34241995137427,19998042,sB-eth3,up,34241994959874,netem,63732116,44144,0,0,0,0,0,59306946,8855,0,61272914,6883,0
2526,34242011274025,34242013105925,19997410,sA-eth3,up,34242012915912,netem,61940110,47865,0,0,0,0,0,58558182,10393,0,59560462,11809,0
2526,34242011274025,34242015169668,19997410,sB-eth3,up,34242015001286,netem,63732116,44144,0,0,0,0,0,59306946,8855,0,61272914,6883,0
2527,34242031278795,34242033549651,20004770,sA-eth3,up,34242033367169,netem,61940110,47865,0,0,0,0,0,58558182,10393,0,59560462,11809,0
2527,34242031278795,34242035234620,20004770,sB-eth3,up,34242035069488,netem,63732116,44144,0,0,0,0,0,59306946,8855,0,61272914,6883,0
2528,34242051280377,34242053518722,20001582,sA-eth3,up,34242053328970,netem,61940110,47865,0,0,0,0,0,58558182,10393,0,59560462,11809,0
2528,34242051280377,34242055688305,20001582,sB-eth3,up,34242055523334,netem,63732116,44144,0,0,0,0,0,59306946,8855,0,61272914,6883,0
2529,34242071270827,34242072986776,19990450,sA-eth3,up,34242072820705,netem,61940110,47865,0,0,0,0,0,58558182,10393,0,59560462,11809,0
2529,34242071270827,34242074617654,19990450,sB-eth3,up,34242074459853,netem,63732116,44144,0,0,0,0,0,59306946,8855,0,61272914,6883,0
2530,34242091275009,34242093826637,20004182,sA-eth3,up,34242093656075,netem,61940110,47865,0,0,0,0,0,58558182,10393,0,59560462,11809,0
2530,34242091275009,34242095610137,20004182,sB-eth3,up,34242095452255,netem,63732116,44144,0,0,0,0,0,59306946,8855,0,61272914,6883,0
2531,34242111276710,34242113768487,20001701,sA-eth3,up,34242113597945,netem,61940110,47865,0,0,0,0,0,58558182,10393,0,59560462,11809,0
2531,34242111276710,34242115524437,20001701,sB-eth3,up,34242115350695,netem,63732116,44144,0,0,0,0,0,59306946,8855,0,61272914,6883,0
2532,34242131276240,34242133233932,19999530,sA-eth3,up,34242133070471,netem,61940110,47865,0,0,0,0,0,58558182,10393,0,59560462,11809,0
2532,34242131276240,34242135580969,19999530,sB-eth3,up,34242135422706,netem,63732116,44144,0,0,0,0,0,59306946,8855,0,61272914,6883,0
2533,34242151273441,34242153059651,19997201,sA-eth3,up,34242152875269,netem,61940110,47865,0,0,0,0,0,58558182,10393,0,59560462,11809,0
2533,34242151273441,34242154660038,19997201,sB-eth3,up,34242154506378,netem,63732116,44144,0,0,0,0,0,59306946,8855,0,61272914,6883,0
2534,34242171273802,34242173806430,20000361,sA-eth3,up,34242173636479,netem,61940110,47865,0,0,0,0,0,58558182,10393,0,59560462,11809,0
2534,34242171273802,34242175596570,20000361,sB-eth3,up,34242175443809,netem,63732116,44144,0,0,0,0,0,59306946,8855,0,61272914,6883,0
2535,34242191277304,34242193671540,20003502,sA-eth3,up,34242193502218,netem,61940110,47865,0,0,0,0,0,58558182,10393,0,59560462,11809,0
2535,34242191277304,34242195386599,20003502,sB-eth3,up,34242195230427,netem,63732116,44144,0,0,0,0,0,59306946,8855,0,61272914,6883,0
2536,34242211274544,34242213315357,19997240,sA-eth3,up,34242213135585,netem,61940110,47865,0,0,0,0,0,58558182,10393,0,59560462,11809,0
2536,34242211274544,34242215809734,19997240,sB-eth3,up,34242215646092,netem,63732116,44144,0,0,0,0,0,59306946,8855,0,61272914,6883,0
2537,34242231272755,34242233176066,19998211,sA-eth3,up,34242232973464,netem,61940110,47865,0,0,0,0,0,58558182,10393,0,59560462,11809,0
2537,34242231272755,34242235634904,19998211,sB-eth3,up,34242235471801,netem,63732116,44144,0,0,0,0,0,59306946,8855,0,61272914,6883,0
2538,34242251270677,34242253512161,19997922,sA-eth3,up,34242253335459,netem,61940110,47865,0,0,0,0,0,58558182,10393,0,59560462,11809,0
2538,34242251270677,34242255372941,19997922,sB-eth3,up,34242255214321,netem,63732116,44144,0,0,0,0,0,59306946,8855,0,61272914,6883,0
2539,34242271284517,34242273145018,20013840,sA-eth3,up,34242272951446,netem,61940110,47865,0,0,0,0,0,58558182,10393,0,59560462,11809,0
2539,34242271284517,34242275499724,20013840,sB-eth3,up,34242275334832,netem,63732116,44144,0,0,0,0,0,59306946,8855,0,61272914,6883,0
2540,34242291272129,34242293680795,19987612,sA-eth3,up,34242293497673,netem,61940110,47865,0,0,0,0,0,58558182,10393,0,59560462,11809,0
2540,34242291272129,34242295768678,19987612,sB-eth3,up,34242295611466,netem,63732116,44144,0,0,0,0,0,59306946,8855,0,61272914,6883,0
2541,34242311277969,34242313283751,20005840,sA-eth3,up,34242313094129,netem,61940188,47866,0,0,0,172,2,58565620,10396,0,59560626,11811,0
2541,34242311277969,34242315249803,20005840,sB-eth3,up,34242315057361,netem,63732116,44144,0,0,0,0,0,59306946,8855,0,61272914,6883,0
2542,34242331273420,34242333252182,19995451,sA-eth3,up,34242333055510,netem,61940890,47875,0,0,0,0,0,58592146,10403,0,59561242,11819,0
2542,34242331273420,34242334924700,19995451,sB-eth3,up,34242334752258,netem,63732116,44144,0,0,0,0,0,59306946,8855,0,61272914,6883,0
2543,34242351278101,34242353184632,20004681,sA-eth3,up,34242352976250,netem,61940890,47875,0,0,0,0,0,58592146,10403,0,59561242,11819,0
2543,34242351278101,34242354915922,20004681,sB-eth3,up,34242354743340,netem,63732116,44144,0,0,0,0,0,59306946,8855,0,61272914,6883,0
2544,34242371282213,34242373203193,20004112,sA-eth3,up,34242372997581,netem,61940890,47875,0,0,0,0,0,58592146,10403,0,59561242,11819,0
2544,34242371282213,34242375454758,20004112,sB-eth3,up,34242375276086,netem,63732116,44144,0,0,0,0,0,59306946,8855,0,61272914,6883,0
2545,34242391278933,34242393107223,19996720,sA-eth3,up,34242392909791,netem,61940890,47875,0,0,0,0,0,58592146,10403,0,59561242,11819,0
2545,34242391278933,34242395443499,19996720,sB-eth3,up,34242395273047,netem,63732116,44144,0,0,0,0,0,59306946,8855,0,61272914,6883,0
2546,34242411270694,34242413263416,19991761,sA-eth3,up,34242413094324,netem,61940890,47875,0,0,0,0,0,58592146,10403,0,59561242,11819,0
2546,34242411270694,34242415123737,19991761,sB-eth3,up,34242414904574,netem,63732116,44144,0,0,0,0,0,59306946,8855,0,61272914,6883,0
2547,34242431273155,34242433102505,20002461,sA-eth3,up,34242432893093,netem,61940890,47875,0,0,0,0,0,58592146,10403,0,59561242,11819,0
2547,34242431273155,34242435037017,20002461,sB-eth3,up,34242434861875,netem,63732116,44144,0,0,0,0,0,59306946,8855,0,61272914,6883,0
2548,34242451285456,34242453180917,20012301,sA-eth3,up,34242452984905,netem,61940890,47875,0,0,0,0,0,58592146,10403,0,59561242,11819,0
2548,34242451285456,34242455102389,20012301,sB-eth3,up,34242454928137,netem,63732116,44144,0,0,0,0,0,59306946,8855,0,61272914,6883,0
2549,34242471268637,34242473135058,19983181,sA-eth3,up,34242472931795,netem,61940890,47875,0,0,0,0,0,58592146,10403,0,59561242,11819,0
2549,34242471268637,34242475111040,19983181,sB-eth3,up,34242474926737,netem,63732116,44144,0,0,0,0,0,59306946,8855,0,61272914,6883,0
2550,34242491277758,34242493186379,20009121,sA-eth3,up,34242492993937,netem,61940890,47875,0,0,0,0,0,58592146,10403,0,59561242,11819,0
2550,34242491277758,34242494974849,20009121,sB-eth3,up,34242494816877,netem,63732116,44144,0,0,0,0,0,59306946,8855,0,61272914,6883,0
2551,34242511289630,34242513289172,20011872,sA-eth3,up,34242513110399,netem,61940890,47875,0,0,0,0,0,58592146,10403,0,59561242,11819,0
2551,34242511289630,34242515164652,20011872,sB-eth3,up,34242514975769,netem,63732116,44144,0,0,0,0,0,59306946,8855,0,61272914,6883,0
2552,34242531286630,34242533270322,19997000,sA-eth3,up,34242533092890,netem,61940890,47875,0,0,0,0,0,58592146,10403,0,59561242,11819,0
2552,34242531286630,34242534933421,19997000,sB-eth3,up,34242534770678,netem,63732116,44144,0,0,0,0,0,59306946,8855,0,61272914,6883,0
2553,34242551270530,34242553196562,19983900,sA-eth3,up,34242552978719,netem,61941264,47880,0,0,0,0,0,58614262,10409,0,59561616,11824,0
2553,34242551270530,34242554864631,19983900,sB-eth3,up,34242554690778,netem,63732116,44144,0,0,0,0,0,59306946,8855,0,61272914,6883,0
2554,34242571271692,34242573069221,20001162,sA-eth3,up,34242572857609,netem,61941894,47889,0,0,0,66,1,58680082,10419,0,59562246,11833,0
2554,34242571271692,34242575392197,20001162,sB-eth3,up,34242575203935,netem,63732116,44144,0,0,0,0,0,59306946,8855,0,61272914,6883,0
2555,34242591275982,34242593128043,20004290,sA-eth3,up,34242592936771,netem,61942602,47899,0,0,0,144,2,58747416,10430,0,59563032,11844,0
2555,34242591275982,34242594771511,20004290,sB-eth3,up,34242594608889,netem,63732116,44144,0,0,0,0,0,59306946,8855,0,61272914,6883,0
2556,34242611283384,34242613187315,20007402,sA-eth3,up,34242612956612,netem,61943268,47908,0,0,0,0,0,58795704,10438,0,59563620,11852,0
2556,34242611283384,34242614946124,20007402,sB-eth3,up,34242614761372,netem,63732116,44144,0,0,0,0,0,59306946,8855,0,61272914,6883,0
2557,34242631274784,34242633200656,19991400,sA-eth3,up,34242632969424,netem,61943832,47916,0,0,0,78,1,58857114,10447,0,59564262,11861,0
2557,34242631274784,34242634868964,19991400,sB-eth3,up,34242634709953,netem,63732116,44144,0,0,0,0,0,59306946,8855,0,61272914,6883,0
2558,34242651276375,34242653086206,20001591,sA-eth3,up,34242652885973,netem,61944744,47928,0,0,0,78,1,58920104,10458,0,59565174,11873,0
2558,34242651276375,34242654741754,20001591,sB-eth3,up,34242654584053,netem,63732116,44144,0,0,0,0,0,59306946,8855,0,61272914,6883,0
2559,34242671270797,34242673104917,19994422,sA-eth3,up,34242672893304,netem,61945554,47939,0,0,0,78,1,58997574,10469,0,59565984,11884,0
2559,34242671270797,34242674762156,19994422,sB-eth3,up,34242674599423,netem,63732116,44144,0,0,0,0,0,59306946,8855,0,61272914,6883,0
2560,34242691280867,34242693118198,20010070,sA-eth3,up,34242692917866,netem,61946364,47950,0,0,0,0,0,59069186,10479,0,59566716,11894,0
2560,34242691280867,34242694768386,20010070,sB-eth3,up,34242694598684,netem,63732116,44144,0,0,0,0,0,59306946,8855,0,61272914,6883,0
2561,34242711273548,34242713433362,19992681,sA-eth3,up,34242713245721,netem,61947062,47959,0,0,0,66,1,59137902,10489,0,59567480,11904,0
2561,34242711273548,34242715102271,19992681,sB-eth3,up,34242714927428,netem,63732116,44144,0,0,0,0,0,59306946,8855,0,61272914,6883,0
2562,34242731273389,34242733514854,19999841,sA-eth3,up,34242733333022,netem,61947734,47969,0,0,0,78,1,59197864,10498,0,59568086,11913,0
2562,34242731273389,34242735309204,19999841,sB-eth3,up,34242735133721,netem,63732116,44144,0,0,0,0,0,59306946,8855,0,61272914,6883,0
2563,34242751270861,34242753087911,19997472,sA-eth3,up,34242752906718,netem,61947812,47970,0,0,0,0,0,59197864,10498,0,59568164,11914,0
2563,34242751270861,34242754709878,19997472,sB-eth3,up,34242754552977,netem,63732116,44144,0,0,0,0,0,59306946,8855,0,61272914,6883,0
2564,34242771276571,34242773766509,20005710,sA-eth3,up,34242773595887,netem,61947812,47970,0,0,0,0,0,59197864,10498,0,59568164,11914,0
2564,34242771276571,34242775426148,20005710,sB-eth3,up,34242775260996,netem,63732116,44144,0,0,0,0,0,59306946,8855,0,61272914,6883,0
2565,34242791297453,34242793247084,20020882,sA-eth3,up,34242793083343,netem,61947812,47970,0,0,0,0,0,59197864,10498,0,59568164,11914,0
2565,34242791297453,34242795093035,20020882,sB-eth3,up,34242794912603,netem,63732116,44144,0,0,0,0,0,59306946,8855,0,61272914,6883,0
2566,34242811274483,34242813089263,19977030,sA-eth3,up,34242812905611,netem,61947812,47970,0,0,0,0,0,59197864,10498,0,59568164,11914,0
2566,34242811274483,34242814702091,19977030,sB-eth3,up,34242814549399,netem,63732116,44144,0,0,0,0,0,59306946,8855,0,61272914,6883,0
2567,34242831276565,34242833222266,20002082,sA-eth3,up,34242833052004,netem,61947812,47970,0,0,0,0,0,59197864,10498,0,59568164,11914,0
2567,34242831276565,34242835498621,20002082,sB-eth3,up,34242835331610,netem,63732116,44144,0,0,0,0,0,59306946,8855,0,61272914,6883,0
2568,34242851277535,34242853175706,20000970,sA-eth3,up,34242852983024,netem,61947812,47970,0,0,0,0,0,59197864,10498,0,59568164,11914,0
2568,34242851277535,34242854848055,20000970,sB-eth3,up,34242854691943,netem,63732116,44144,0,0,0,0,0,59306946,8855,0,61272914,6883,0
2569,34242871272066,34242873322968,19994531,sA-eth3,up,34242873155127,netem,61947812,47970,0,0,0,0,0,59197864,10498,0,59568164,11914,0
2569,34242871272066,34242875239910,19994531,sB-eth3,up,34242875080838,netem,63732116,44144,0,0,0,0,0,59306946,8855,0,61272914,6883,0
2570,34242891271287,34242893106907,19999221,sA-eth3,up,34242892921665,netem,61947812,47970,0,0,0,0,0,59197864,10498,0,59568164,11914,0
2570,34242891271287,34242894743975,19999221,sB-eth3,up,34242894584814,netem,63732116,44144,0,0,0,0,0,59306946,8855,0,61272914,6883,0
2571,34242911277868,34242913063137,20006581,sA-eth3,up,34242912873346,netem,61947812,47970,0,0,0,0,0,59197864,10498,0,59568164,11914,0
2571,34242911277868,34242915340163,20006581,sB-eth3,up,34242915179132,netem,63732116,44144,0,0,0,0,0,59306946,8855,0,61272914,6883,0
2572,34242931281939,34242933476443,20004071,sA-eth3,up,34242933288772,netem,61947812,47970,0,0,0,0,0,59197864,10498,0,59568164,11914,0
2572,34242931281939,34242935572257,20004071,sB-eth3,up,34242935416295,netem,63732116,44144,0,0,0,0,0,59306946,8855,0,61272914,6883,0
2573,34242951274160,34242953354783,19992221,sA-eth3,up,34242953187701,netem,61947812,47970,0,0,0,0,0,59197864,10498,0,59568164,11914,0
2573,34242951274160,34242955351605,19992221,sB-eth3,up,34242955196674,netem,63732116,44144,0,0,0,0,0,59306946,8855,0,61272914,6883,0
2574,34242971289481,34242973660967,20015321,sA-eth3,up,34242973478005,netem,61947812,47970,0,0,0,0,0,59197864,10498,0,59568164,11914,0
2574,34242971289481,34242975757721,20015321,sB-eth3,up,34242975584089,netem,63732116,44144,0,0,0,0,0,59306946,8855,0,61272914,6883,0
2575,34242991269322,34242993235164,19979841,sA-eth3,up,34242993056142,netem,61947812,47970,0,0,0,0,0,59197864,10498,0,59568164,11914,0
2575,34242991269322,34242995344817,19979841,sB-eth3,up,34242995184995,netem,63732116,44144,0,0,0,0,0,59306946,8855,0,61272914,6883,0
2576,34243011276233,34243013144804,20006911,sA-eth3,up,34243012937431,netem,61947812,47970,0,0,0,0,0,59197864,10498,0,59568164,11914,0
2576,34243011276233,34243014798541,20006911,sB-eth3,up,34243014638961,netem,63732116,44144,0,0,0,0,0,59306946,8855,0,61272914,6883,0
2577,34243031291695,34243033225795,20015462,sA-eth3,up,34243033027614,netem,61947812,47970,0,0,0,0,0,59197864,10498,0,59568164,11914,0
2577,34243031291695,34243035294768,20015462,sB-eth3,up,34243035118366,netem,63732116,44144,0,0,0,0,0,59306946,8855,0,61272914,6883,0
2578,34243051275865,34243053176186,19984170,sA-eth3,up,34243052993484,netem,61947812,47970,0,0,0,0,0,59197864,10498,0,59568164,11914,0
2578,34243051275865,34243054828584,19984170,sB-eth3,up,34243054671683,netem,63732116,44144,0,0,0,0,0,59306946,8855,0,61272914,6883,0
2579,34243071277185,34243073311409,20001320,sA-eth3,up,34243073141146,netem,61947812,47970,0,0,0,0,0,59197864,10498,0,59568164,11914,0
2579,34243071277185,34243075139208,20001320,sB-eth3,up,34243074963147,netem,63732116,44144,0,0,0,0,0,59306946,8855,0,61272914,6883,0
2580,34243091291167,34243093168958,20013982,sA-eth3,up,34243092970226,netem,61947812,47970,0,0,0,0,0,59197864,10498,0,59568164,11914,0
2580,34243091291167,34243095451533,20013982,sB-eth3,up,34243095278351,netem,63732116,44144,0,0,0,0,0,59306946,8855,0,61272914,6883,0
2581,34243111287069,34243113199999,19995902,sA-eth3,up,34243113018638,netem,61947812,47970,0,0,0,0,0,59197864,10498,0,59568164,11914,0
2581,34243111287069,34243115226311,19995902,sB-eth3,up,34243115066010,netem,63732116,44144,0,0,0,0,0,59306946,8855,0,61272914,6883,0
2582,34243131285509,34243133208311,19998440,sA-eth3,up,34243133025598,netem,61947812,47970,0,0,0,0,0,59197864,10498,0,59568164,11914,0
2582,34243131285509,34243134861039,19998440,sB-eth3,up,34243134696087,netem,63732116,44144,0,0,0,0,0,59306946,8855,0,61272914,6883,0
2583,34243151277799,34243153479844,19992290,sA-eth3,up,34243153289662,netem,61947812,47970,0,0,0,0,0,59197864,10498,0,59568164,11914,0
2583,34243151277799,34243155293934,19992290,sB-eth3,up,34243155120532,netem,63732116,44144,0,0,0,0,0,59306946,8855,0,61272914,6883,0
2584,34243171279931,34243173086421,20002132,sA-eth3,up,34243172893019,netem,61947812,47970,0,0,0,0,0,59197864,10498,0,59568164,11914,0
2584,34243171279931,34243175154593,20002132,sB-eth3,up,34243174979882,netem,63732116,44144,0,0,0,0,0,59306946,8855,0,61272914,6883,0
2585,34243191279182,34243193117512,19999251,sA-eth3,up,34243192919330,netem,61947812,47970,0,0,0,0,0,59197864,10498,0,59568164,11914,0
2585,34243191279182,34243194780950,19999251,sB-eth3,up,34243194617709,netem,63732116,44144,0,0,0,0,0,59306946,8855,0,61272914,6883,0
2586,34243211276423,34243213175794,19997241,sA-eth3,up,34243212945761,netem,61947812,47970,0,0,0,0,0,59197864,10498,0,59568164,11914,0
2586,34243211276423,34243215321997,19997241,sB-eth3,up,34243215155915,netem,63732116,44144,0,0,0,0,0,59306946,8855,0,61272914,6883,0
2587,34243231282164,34243233561469,20005741,sA-eth3,up,34243233374077,netem,61947812,47970,0,0,0,0,0,59197864,10498,0,59568164,11914,0
2587,34243231282164,34243235303928,20005741,sB-eth3,up,34243235141717,netem,63732116,44144,0,0,0,0,0,59306946,8855,0,61272914,6883,0
2588,34243251273915,34243253481429,19991751,sA-eth3,up,34243253295518,netem,61947812,47970,0,0,0,0,0,59197864,10498,0,59568164,11914,0
2588,34243251273915,34243255183478,19991751,sB-eth3,up,34243255014756,netem,63732116,44144,0,0,0,0,0,59306946,8855,0,61272914,6883,0
2589,34243271274626,34243273124256,20000711,sA-eth3,up,34243272931214,netem,61947812,47970,0,0,0,0,0,59197864,10498,0,59568164,11914,0
2589,34243271274626,34243274758785,20000711,sB-eth3,up,34243274598372,netem,63732116,44144,0,0,0,0,0,59306946,8855,0,61272914,6883,0
2590,34243291276347,34243293165038,20001721,sA-eth3,up,34243292964735,netem,61947812,47970,0,0,0,0,0,59197864,10498,0,59568164,11914,0
2590,34243291276347,34243294813986,20001721,sB-eth3,up,34243294657544,netem,63732116,44144,0,0,0,0,0,59306946,8855,0,61272914,6883,0
2591,34243311276058,34243313106408,19999711,sA-eth3,up,34243312917705,netem,61947812,47970,0,0,0,0,0,59197864,10498,0,59568164,11914,0
2591,34243311276058,34243314769987,19999711,sB-eth3,up,34243314614214,netem,63732116,44144,0,0,0,0,0,59306946,8855,0,61272914,6883,0
2592,34243331273188,34243333093199,19997130,sA-eth3,up,34243332899577,netem,61947812,47970,0,0,0,0,0,59197864,10498,0,59568164,11914,0
2592,34243331273188,34243334700007,19997130,sB-eth3,up,34243334545295,netem,63732116,44144,0,0,0,0,0,59306946,8855,0,61272914,6883,0
2593,34243351276410,34243353098900,20003222,sA-eth3,up,34243352905297,netem,61947812,47970,0,0,0,0,0,59197864,10498,0,59568164,11914,0
2593,34243351276410,34243354766389,20003222,sB-eth3,up,34243354609587,netem,63732116,44144,0,0,0,0,0,59306946,8855,0,61272914,6883,0
2594,34243371282271,34243373149692,20005861,sA-eth3,up,34243372960059,netem,61947812,47970,0,0,0,0,0,59197864,10498,0,59568164,11914,0
2594,34243371282271,34243374795309,20005861,sB-eth3,up,34243374641428,netem,63732116,44144,0,0,0,0,0,59306946,8855,0,61272914,6883,0
2595,34243391282612,34243393129302,20000341,sA-eth3,up,34243392906530,netem,61947812,47970,0,0,0,0,0,59197864,10498,0,59568164,11914,0
2595,34243391282612,34243394759410,20000341,sB-eth3,up,34243394606538,netem,63732116,44144,0,0,0,0,0,59306946,8855,0,61272914,6883,0
2596,34243411277503,34243413067882,19994891,sA-eth3,up,34243412878120,netem,61947812,47970,0,0,0,0,0,59197864,10498,0,59568164,11914,0
2596,34243411277503,34243414684581,19994891,sB-eth3,up,34243414528228,netem,63732116,44144,0,0,0,0,0,59306946,8855,0,61272914,6883,0
2597,34243431278063,34243433082464,20000560,sA-eth3,up,34243432890431,netem,61947812,47970,0,0,0,0,0,59197864,10498,0,59568164,11914,0
2597,34243431278063,34243434703501,20000560,sB-eth3,up,34243434546590,netem,63732116,44144,0,0,0,0,0,59306946,8855,0,61272914,6883,0
2598,34243451272284,34243453181386,19994221,sA-eth3,up,34243453000884,netem,61947812,47970,0,0,0,0,0,59197864,10498,0,59568164,11914,0
2598,34243451272284,34243454847184,19994221,sB-eth3,up,34243454694192,netem,63732116,44144,0,0,0,0,0,59306946,8855,0,61272914,6883,0
2599,34243471272605,34243473193817,20000321,sA-eth3,up,34243473000254,netem,61947812,47970,0,0,0,0,0,59197864,10498,0,59568164,11914,0
2599,34243471272605,34243474820684,20000321,sB-eth3,up,34243474666913,netem,63732116,44144,0,0,0,0,0,59306946,8855,0,61272914,6883,0
2600,34243491269086,34243493548772,19996481,sA-eth3,up,34243493367269,netem,61947812,47970,0,0,0,0,0,59197864,10498,0,59568164,11914,0
2600,34243491269086,34243495690585,19996481,sB-eth3,up,34243495535624,netem,63732116,44144,0,0,0,0,0,59306946,8855,0,61272914,6883,0
2601,34243511272987,34243513139019,20003901,sA-eth3,up,34243512954676,netem,61947812,47970,0,0,0,0,0,59197864,10498,0,59568164,11914,0
2601,34243511272987,34243514919298,20003901,sB-eth3,up,34243514768536,netem,63732116,44144,0,0,0,0,0,59306946,8855,0,61272914,6883,0
2602,34243531280879,34243533185249,20007892,sA-eth3,up,34243532994238,netem,61947812,47970,0,0,0,0,0,59197864,10498,0,59568164,11914,0
2602,34243531280879,34243534881098,20007892,sB-eth3,up,34243534724896,netem,63732116,44144,0,0,0,0,0,59306946,8855,0,61272914,6883,0
2603,34243551279969,34243553163460,19999090,sA-eth3,up,34243552966798,netem,61947812,47970,0,0,0,0,0,59197864,10498,0,59568164,11914,0
2603,34243551279969,34243555350754,19999090,sB-eth3,up,34243555193902,netem,63732116,44144,0,0,0,0,0,59306946,8855,0,61272914,6883,0
2604,34243572478633,34243574328473,21198664,sA-eth3,up,34243574132451,netem,61947812,47970,0,0,0,0,0,59197864,10498,0,59568164,11914,0
2604,34243572478633,34243576184565,21198664,sB-eth3,up,34243576021122,netem,63732116,44144,0,0,0,0,0,59306946,8855,0,61272914,6883,0
2605,34243591271081,34243593076721,18792448,sA-eth3,up,34243592888159,netem,61947812,47970,0,0,0,0,0,59197864,10498,0,59568164,11914,0
2605,34243591271081,34243594751099,18792448,sB-eth3,up,34243594596728,netem,63732116,44144,0,0,0,0,0,59306946,8855,0,61272914,6883,0
2606,34243611286542,34243613146332,20015461,sA-eth3,up,34243612946331,netem,61947812,47970,0,0,0,0,0,59197864,10498,0,59568164,11914,0
2606,34243611286542,34243614800121,20015461,sB-eth3,up,34243614639219,netem,63732116,44144,0,0,0,0,0,59306946,8855,0,61272914,6883,0
2607,34243631276204,34243633195164,19989662,sA-eth3,up,34243632998952,netem,61947812,47970,0,0,0,0,0,59197864,10498,0,59568164,11914,0
2607,34243631276204,34243634933913,19989662,sB-eth3,up,34243634776221,netem,63732116,44144,0,0,0,0,0,59306946,8855,0,61272914,6883,0
2608,34243651299034,34243653483339,20022830,sA-eth3,up,34243653236426,netem,61947812,47970,0,0,0,0,0,59197864,10498,0,59568164,11914,0
2608,34243651299034,34243655252228,20022830,sB-eth3,up,34243655047535,netem,63732116,44144,0,0,0,0,0,59306946,8855,0,61272914,6883,0
2609,34243671298434,34243673237096,19999400,sA-eth3,up,34243672974993,netem,61947812,47970,0,0,0,0,0,59197864,10498,0,59568164,11914,0
2609,34243671298434,34243674993246,19999400,sB-eth3,up,34243674780433,netem,63732116,44144,0,0,0,0,0,59306946,8855,0,61272914,6883,0
2610,34243691305906,34243693662082,20007472,sA-eth3,up,34243693423719,netem,61947812,47970,0,0,0,0,0,59197864,10498,0,59568164,11914,0
2610,34243691305906,34243695483153,20007472,sB-eth3,up,34243695252750,netem,63732116,44144,0,0,0,0,0,59306946,8855,0,61272914,6883,0
2611,34243711306047,34243713254759,20000141,sA-eth3,up,34243713036516,netem,61947812,47970,0,0,0,0,0,59197864,10498,0,59568164,11914,0
2611,34243711306047,34243714970797,20000141,sB-eth3,up,34243714776315,netem,63732116,44144,0,0,0,0,0,59306946,8855,0,61272914,6883,0
2612,34243731315518,34243733717914,20009471,sA-eth3,up,34243733493842,netem,61947812,47970,0,0,0,0,0,59197864,10498,0,59568164,11914,0
2612,34243731315518,34243735601176,20009471,sB-eth3,up,34243735391373,netem,63732116,44144,0,0,0,0,0,59306946,8855,0,61272914,6883,0
2613,34243751295689,34243753605665,19980171,sA-eth3,up,34243753371782,netem,61947812,47970,0,0,0,0,0,59197864,10498,0,59568164,11914,0
2613,34243751295689,34243755805589,19980171,sB-eth3,up,34243755608747,netem,63732116,44144,0,0,0,0,0,59306946,8855,0,61272914,6883,0
2614,34243771296570,34243773667366,20000881,sA-eth3,up,34243773446334,netem,61947812,47970,0,0,0,0,0,59197864,10498,0,59568164,11914,0
2614,34243771296570,34243775460016,20000881,sB-eth3,up,34243775243913,netem,63732116,44144,0,0,0,0,0,59306946,8855,0,61272914,6883,0
2615,34243791303841,34243793333123,20007271,sA-eth3,up,34243793079031,netem,61947812,47970,0,0,0,0,0,59197864,10498,0,59568164,11914,0
2615,34243791303841,34243795568558,20007271,sB-eth3,up,34243795337635,netem,63732116,44144,0,0,0,0,0,59306946,8855,0,61272914,6883,0
2616,34243811298793,34243813278444,19994952,sA-eth3,up,34243813046801,netem,61947812,47970,0,0,0,0,0,59197864,10498,0,59568164,11914,0
2616,34243811298793,34243815035634,19994952,sB-eth3,up,34243814809841,netem,63732116,44144,0,0,0,0,0,59306946,8855,0,61272914,6883,0
2617,34243831302273,34243833802350,20003480,sA-eth3,up,34243833559398,netem,61947812,47970,0,0,0,0,0,59197864,10498,0,59568164,11914,0
2617,34243831302273,34243835759692,20003480,sB-eth3,up,34243835548290,netem,63732116,44144,0,0,0,0,0,59306946,8855,0,61272914,6883,0
2618,34243851301475,34243853303497,19999202,sA-eth3,up,34243853068924,netem,61947812,47970,0,0,0,0,0,59197864,10498,0,59568164,11914,0
2618,34243851301475,34243855446690,19999202,sB-eth3,up,34243855216167,netem,63732116,44144,0,0,0,0,0,59306946,8855,0,61272914,6883,0
2619,34243871303835,34243873390088,20002360,sA-eth3,up,34243873156835,netem,61947812,47970,0,0,0,0,0,59197864,10498,0,59568164,11914,0
2619,34243871303835,34243876215280,20002360,sB-eth3,up,34243875984827,netem,63732116,44144,0,0,0,0,0,59306946,8855,0,61272914,6883,0
2620,34243891287406,34243893417729,19983571,sA-eth3,up,34243893177217,netem,61947812,47970,0,0,0,0,0,59197864,10498,0,59568164,11914,0
2620,34243891287406,34243895930077,19983571,sB-eth3,up,34243895719714,netem,63732116,44144,0,0,0,0,0,59306946,8855,0,61272914,6883,0
2621,34243911294367,34243913700974,20006961,sA-eth3,up,34243913468602,netem,61947812,47970,0,0,0,0,0,59197864,10498,0,59568164,11914,0
2621,34243911294367,34243915996359,20006961,sB-eth3,up,34243915784656,netem,63732116,44144,0,0,0,0,0,59306946,8855,0,61272914,6883,0
2622,34243931293147,34243933602644,19998780,sA-eth3,up,34243933383981,netem,61947812,47970,0,0,0,0,0,59197864,10498,0,59568164,11914,0
2622,34243931293147,34243935454944,19998780,sB-eth3,up,34243935240381,netem,63732116,44144,0,0,0,0,0,59306946,8855,0,61272914,6883,0
2623,34243951298929,34243953643845,20005782,sA-eth3,up,34243953396432,netem,61947812,47970,0,0,0,0,0,59197864,10498,0,59568164,11914,0
2623,34243951298929,34243955504766,20005782,sB-eth3,up,34243955280063,netem,63732116,44144,0,0,0,0,0,59306946,8855,0,61272914,6883,0
2624,34243971287179,34243973662916,19988250,sA-eth3,up,34243973431724,netem,61947812,47970,0,0,0,0,0,59197864,10498,0,59568164,11914,0
2624,34243971287179,34243976434487,19988250,sB-eth3,up,34243976213754,netem,63732116,44144,0,0,0,0,0,59306946,8855,0,61272914,6883,0
2625,34243991280661,34243993568566,19993482,sA-eth3,up,34243993331183,netem,61947812,47970,0,0,0,0,0,59197864,10498,0,59568164,11914,0
2625,34243991280661,34243995567258,19993482,sB-eth3,up,34243995352206,netem,63732116,44144,0,0,0,0,0,59306946,8855,0,61272914,6883,0
2626,34244011294722,34244013658598,20014061,sA-eth3,up,34244013417036,netem,61947812,47970,0,0,0,0,0,59197864,10498,0,59568164,11914,0
2626,34244011294722,34244015790862,20014061,sB-eth3,up,34244015576419,netem,63732116,44144,0,0,0,0,0,59306946,8855,0,61272914,6883,0
2627,34244031291353,34244033423486,19996631,sA-eth3,up,34244033198124,netem,61947812,47970,0,0,0,0,0,59197864,10498,0,59568164,11914,0
2627,34244031291353,34244035741541,19996631,sB-eth3,up,34244035545680,netem,63732116,44144,0,0,0,0,0,59306946,8855,0,61272914,6883,0
2628,34244051295084,34244053526079,20003731,sA-eth3,up,34244053300536,netem,61947812,47970,0,0,0,0,0,59197864,10498,0,59568164,11914,0
2628,34244051295084,34244055593441,20003731,sB-eth3,up,34244055385829,netem,63732116,44144,0,0,0,0,0,59306946,8855,0,61272914,6883,0
2629,34244071286844,34244073329188,19991760,sA-eth3,up,34244073146006,netem,61947812,47970,0,0,0,0,0,59197864,10498,0,59568164,11914,0
2629,34244071286844,34244075182748,19991760,sB-eth3,up,34244075020926,netem,63732116,44144,0,0,0,0,0,59306946,8855,0,61272914,6883,0
2630,34244091269706,34244093060445,19982862,sA-eth3,up,34244092875673,netem,61947812,47970,0,0,0,0,0,59197864,10498,0,59568164,11914,0
2630,34244091269706,34244095068597,19982862,sB-eth3,up,34244094895025,netem,63732116,44144,0,0,0,0,0,59306946,8855,0,61272914,6883,0
2631,34244111272656,34244113235678,20002950,sA-eth3,up,34244113065356,netem,61947812,47970,0,0,0,0,0,59197864,10498,0,59568164,11914,0
2631,34244111272656,34244115047048,20002950,sB-eth3,up,34244114870557,netem,63732116,44144,0,0,0,0,0,59306946,8855,0,61272914,6883,0
2632,34244131277717,34244133570753,20005061,sA-eth3,up,34244133386020,netem,61947812,47970,0,0,0,0,0,59197864,10498,0,59568164,11914,0
2632,34244131277717,34244135197061,20005061,sB-eth3,up,34244135039029,netem,63732116,44144,0,0,0,0,0,59306946,8855,0,61272914,6883,0
2633,34244151268948,34244153447213,19991231,sA-eth3,up,34244153266860,netem,61947812,47970,0,0,0,0,0,59197864,10498,0,59568164,11914,0
2633,34244151268948,34244156153893,19991231,sB-eth3,up,34244155984060,netem,63732116,44144,0,0,0,0,0,59306946,8855,0,61272914,6883,0
2634,34244171267810,34244173461063,19998862,sA-eth3,up,34244173286992,netem,61947812,47970,0,0,0,0,0,59197864,10498,0,59568164,11914,0
2634,34244171267810,34244175761558,19998862,sB-eth3,up,34244175600467,netem,63732116,44144,0,0,0,0,0,59306946,8855,0,61272914,6883,0
2635,34244191273871,34244193532085,20006061,sA-eth3,up,34244193353513,netem,61947812,47970,0,0,0,0,0,59197864,10498,0,59568164,11914,0
2635,34244191273871,34244195825110,20006061,sB-eth3,up,34244195644268,netem,63732116,44144,0,0,0,0,0,59306946,8855,0,61272914,6883,0
2636,34244211275801,34244213522896,20001930,sA-eth3,up,34244213342984,netem,61947812,47970,0,0,0,0,0,59197864,10498,0,59568164,11914,0
2636,34244211275801,34244215501798,20001930,sB-eth3,up,34244215319196,netem,63732116,44144,0,0,0,0,0,59306946,8855,0,61272914,6883,0
2637,34244231285822,34244233532487,20010021,sA-eth3,up,34244233293275,netem,61947812,47970,0,0,0,0,0,59197864,10498,0,59568164,11914,0
2637,34244231285822,34244235764182,20010021,sB-eth3,up,34244235548420,netem,63732116,44144,0,0,0,0,0,59306946,8855,0,61272914,6883,0
2638,34244251297483,34244253434267,20011661,sA-eth3,up,34244253211845,netem,61947812,47970,0,0,0,0,0,59197864,10498,0,59568164,11914,0
2638,34244251297483,34244255169476,20011661,sB-eth3,up,34244254981904,netem,63732116,44144,0,0,0,0,0,59306946,8855,0,61272914,6883,0
2639,34244271282854,34244273112695,19985371,sA-eth3,up,34244272920022,netem,61947812,47970,0,0,0,0,0,59197864,10498,0,59568164,11914,0
2639,34244271282854,34244274749212,19985371,sB-eth3,up,34244274589971,netem,63732116,44144,0,0,0,0,0,59306946,8855,0,61272914,6883,0
2640,34244291274005,34244293119355,19991151,sA-eth3,up,34244292928174,netem,61947812,47970,0,0,0,0,0,59197864,10498,0,59568164,11914,0
2640,34244291274005,34244294766424,19991151,sB-eth3,up,34244294609292,netem,63732116,44144,0,0,0,0,0,59306946,8855,0,61272914,6883,0
2641,34244311285127,34244313228587,20011122,sA-eth3,up,34244313054576,netem,61947812,47970,0,0,0,0,0,59197864,10498,0,59568164,11914,0
2641,34244311285127,34244314865376,20011122,sB-eth3,up,34244314710264,netem,63732116,44144,0,0,0,0,0,59306946,8855,0,61272914,6883,0
2642,34244331266147,34244333039336,19981020,sA-eth3,up,34244332844764,netem,61947812,47970,0,0,0,0,0,59197864,10498,0,59568164,11914,0
2642,34244331266147,34244334693444,19981020,sB-eth3,up,34244334537333,netem,63732116,44144,0,0,0,0,0,59306946,8855,0,61272914,6883,0
2643,34244351274918,34244353061257,20008771,sA-eth3,up,34244352874466,netem,61947812,47970,0,0,0,0,0,59197864,10498,0,59568164,11914,0
2643,34244351274918,34244355337483,20008771,sB-eth3,up,34244355183451,netem,63732116,44144,0,0,0,0,0,59306946,8855,0,61272914,6883,0
2644,34244371278509,34244373142699,20003591,sA-eth3,up,34244372949707,netem,61947812,47970,0,0,0,0,0,59197864,10498,0,59568164,11914,0
2644,34244371278509,34244374780408,20003591,sB-eth3,up,34244374623766,netem,63732116,44144,0,0,0,0,0,59306946,8855,0,61272914,6883,0
2645,34244391299980,34244393513825,20021471,sA-eth3,up,34244393274142,netem,61947812,47970,0,0,0,0,0,59197864,10498,0,59568164,11914,0
2645,34244391299980,34244395330274,20021471,sB-eth3,up,34244395125983,netem,63732116,44144,0,0,0,0,0,59306946,8855,0,61272914,6883,0
2646,34244411280721,34244413216992,19980741,sA-eth3,up,34244412941679,netem,61947812,47970,0,0,0,0,0,59197864,10498,0,59568164,11914,0
2646,34244411280721,34244415334006,19980741,sB-eth3,up,34244415121373,netem,63732116,44144,0,0,0,0,0,59306946,8855,0,61272914,6883,0
2647,34244431282622,34244433217613,20001901,sA-eth3,up,34244432968490,netem,61947812,47970,0,0,0,0,0,59197864,10498,0,59568164,11914,0
2647,34244431282622,34244434967353,20001901,sB-eth3,up,34244434758041,netem,63732116,44144,0,0,0,0,0,59306946,8855,0,61272914,6883,0
2648,34244451302933,34244453315936,20020311,sA-eth3,up,34244453134813,netem,61947812,47970,0,0,0,0,0,59197864,10498,0,59568164,11914,0
2648,34244451302933,34244455065395,20020311,sB-eth3,up,34244454890393,netem,63732116,44144,0,0,0,0,0,59306946,8855,0,61272914,6883,0
2649,34244471270974,34244473135264,19968041,sA-eth3,up,34244472941512,netem,61947812,47970,0,0,0,0,0,59197864,10498,0,59568164,11914,0
2649,34244471270974,34244474781533,19968041,sB-eth3,up,34244474620641,netem,63732116,44144,0,0,0,0,0,59306946,8855,0,61272914,6883,0
2650,34244491267304,34244493388148,19996330,sA-eth3,up,34244493205126,netem,61947812,47970,0,0,0,0,0,59197864,10498,0,59568164,11914,0
2650,34244491267304,34244495507021,19996330,sB-eth3,up,34244495338369,netem,63732116,44144,0,0,0,0,0,59306946,8855,0,61272914,6883,0
2651,34244511272786,34244513681372,20005482,sA-eth3,up,34244513517811,netem,61947812,47970,0,0,0,0,0,59197864,10498,0,59568164,11914,0
2651,34244511272786,34244515486782,20005482,sB-eth3,up,34244515319600,netem,63732116,44144,0,0,0,0,0,59306946,8855,0,61272914,6883,0
2652,34244531270476,34244533109746,19997690,sA-eth3,up,34244532919115,netem,61947812,47970,0,0,0,0,0,59197864,10498,0,59568164,11914,0
2652,34244531270476,34244534875066,19997690,sB-eth3,up,34244534721265,netem,63732116,44144,0,0,0,0,0,59306946,8855,0,61272914,6883,0
2653,34244551276348,34244553139938,20005872,sA-eth3,up,34244552951296,netem,61947812,47970,0,0,0,0,0,59197864,10498,0,59568164,11914,0
2653,34244551276348,34244554932928,20005872,sB-eth3,up,34244554769026,netem,63732116,44144,0,0,0,0,0,59306946,8855,0,61272914,6883,0
2654,34244571273119,34244573103618,19996771,sA-eth3,up,34244572919207,netem,61947812,47970,0,0,0,0,0,59197864,10498,0,59568164,11914,0
2654,34244571273119,34244574786357,19996771,sB-eth3,up,34244574629285,netem,63732116,44144,0,0,0,0,0,59306946,8855,0,61272914,6883,0
2655,34244591271869,34244593036968,19998750,sA-eth3,up,34244592853637,netem,61947812,47970,0,0,0,0,0,59197864,10498,0,59568164,11914,0
2655,34244591271869,34244594713737,19998750,sB-eth3,up,34244594562585,netem,63732116,44144,0,0,0,0,0,59306946,8855,0,61272914,6883,0
2656,34244611270510,34244613075891,19998641,sA-eth3,up,34244612888558,netem,61947812,47970,0,0,0,0,0,59197864,10498,0,59568164,11914,0
2656,34244611270510,34244614676208,19998641,sB-eth3,up,34244614522885,netem,63732116,44144,0,0,0,0,0,59306946,8855,0,61272914,6883,0
2657,34244631273751,34244633509226,20003241,sA-eth3,up,34244633309394,netem,61947812,47970,0,0,0,0,0,59197864,10498,0,59568164,11914,0
2657,34244631273751,34244635384776,20003241,sB-eth3,up,34244635224095,netem,63732116,44144,0,0,0,0,0,59306946,8855,0,61272914,6883,0
2658,34244651273973,34244653076232,20000222,sA-eth3,up,34244652883970,netem,61947812,47970,0,0,0,0,0,59197864,10498,0,59568164,11914,0
2658,34244651273973,34244654862462,20000222,sB-eth3,up,34244654705190,netem,63732116,44144,0,0,0,0,0,59306946,8855,0,61272914,6883,0
2659,34244671275423,34244673037973,20001450,sA-eth3,up,34244672847370,netem,61947812,47970,0,0,0,0,0,59197864,10498,0,59568164,11914,0
2659,34244671275423,34244674832302,20001450,sB-eth3,up,34244674675540,netem,63732116,44144,0,0,0,0,0,59306946,8855,0,61272914,6883,0
2660,34244691282434,34244693093433,20007011,sA-eth3,up,34244692902422,netem,61947812,47970,0,0,0,0,0,59197864,10498,0,59568164,11914,0
2660,34244691282434,34244694936375,20007011,sB-eth3,up,34244694776553,netem,63732116,44144,0,0,0,0,0,59306946,8855,0,61272914,6883,0
2661,34244711280634,34244713151556,19998200,sA-eth3,up,34244712958523,netem,61947812,47970,0,0,0,0,0,59197864,10498,0,59568164,11914,0
2661,34244711280634,34244714778463,19998200,sB-eth3,up,34244714623542,netem,63732116,44144,0,0,0,0,0,59306946,8855,0,61272914,6883,0
2662,34244731267416,34244733089765,19986782,sA-eth3,up,34244732897203,netem,61947812,47970,0,0,0,0,0,59197864,10498,0,59568164,11914,0
2662,34244731267416,34244734702394,19986782,sB-eth3,up,34244734547182,netem,63732116,44144,0,0,0,0,0,59306946,8855,0,61272914,6883,0
2663,34244751272466,34244753068646,20005050,sA-eth3,up,34244752885045,netem,61947812,47970,0,0,0,0,0,59197864,10498,0,59568164,11914,0
2663,34244751272466,34244755064598,20005050,sB-eth3,up,34244754894157,netem,63732116,44144,0,0,0,0,0,59306946,8855,0,61272914,6883,0
2664,34244771269828,34244773144548,19997362,sA-eth3,up,34244772963186,netem,61947812,47970,0,0,0,0,0,59197864,10498,0,59568164,11914,0
2664,34244771269828,34244774784887,19997362,sB-eth3,up,34244774631224,netem,63732116,44144,0,0,0,0,0,59306946,8855,0,61272914,6883,0
2665,34244791274019,34244793167560,20004191,sA-eth3,up,34244792968977,netem,61947812,47970,0,0,0,0,0,59197864,10498,0,59568164,11914,0
2665,34244791274019,34244795072320,20004191,sB-eth3,up,34244794899979,netem,63732116,44144,0,0,0,0,0,59306946,8855,0,61272914,6883,0
2666,34244811274669,34244813188760,20000650,sA-eth3,up,34244813021978,netem,61947812,47970,0,0,0,0,0,59197864,10498,0,59568164,11914,0
2666,34244811274669,34244814807559,20000650,sB-eth3,up,34244814655467,netem,63732116,44144,0,0,0,0,0,59306946,8855,0,61272914,6883,0
2667,34244831267750,34244833049430,19993081,sA-eth3,up,34244832864878,netem,61947812,47970,0,0,0,0,0,59197864,10498,0,59568164,11914,0
2667,34244831267750,34244834664108,19993081,sB-eth3,up,34244834510706,netem,63732116,44144,0,0,0,0,0,59306946,8855,0,61272914,6883,0
2668,34244851266861,34244853100192,19999111,sA-eth3,up,34244852913169,netem,61947812,47970,0,0,0,0,0,59197864,10498,0,59568164,11914,0
2668,34244851266861,34244854775130,19999111,sB-eth3,up,34244854621388,netem,63732116,44144,0,0,0,0,0,59306946,8855,0,61272914,6883,0
2669,34244871275073,34244873076662,20008212,sA-eth3,up,34244872890991,netem,61947812,47970,0,0,0,0,0,59197864,10498,0,59568164,11914,0
2669,34244871275073,34244874710351,20008212,sB-eth3,up,34244874556739,netem,63732116,44144,0,0,0,0,0,59306946,8855,0,61272914,6883,0
2670,34244891288263,34244893235545,20013190,sA-eth3,up,34244893049023,netem,61947812,47970,0,0,0,0,0,59197864,10498,0,59568164,11914,0
2670,34244891288263,34244894874644,20013190,sB-eth3,up,34244894714082,netem,63732116,44144,0,0,0,0,0,59306946,8855,0,61272914,6883,0
2671,34244911294075,34244913300747,20005812,sA-eth3,up,34244913062544,netem,61947812,47970,0,0,0,0,0,59197864,10498,0,59568164,11914,0
2671,34244911294075,34244915097856,20005812,sB-eth3,up,34244914862014,netem,63732116,44144,0,0,0,0,0,59306946,8855,0,61272914,6883,0
2672,34244931297545,34244933263177,20003470,sA-eth3,up,34244933077325,netem,61947812,47970,0,0,0,0,0,59197864,10498,0,59568164,11914,0
2672,34244931297545,34244935000836,20003470,sB-eth3,up,34244934788424,netem,63732116,44144,0,0,0,0,0,59306946,8855,0,61272914,6883,0
2673,34244951298587,34244953292259,20001042,sA-eth3,up,34244953048476,netem,61947812,47970,0,0,0,0,0,59197864,10498,0,59568164,11914,0
2673,34244951298587,34244955339371,20001042,sB-eth3,up,34244955142239,netem,63732116,44144,0,0,0,0,0,59306946,8855,0,61272914,6883,0
2674,34244971286297,34244973169709,19987710,sA-eth3,up,34244972959376,netem,61947812,47970,0,0,0,0,0,59197864,10498,0,59568164,11914,0
2674,34244971286297,34244974865328,19987710,sB-eth3,up,34244974703295,netem,63732116,44144,0,0,0,0,0,59306946,8855,0,61272914,6883,0
2675,34244991271178,34244993045998,19984881,sA-eth3,up,34244992862036,netem,61947812,47970,0,0,0,0,0,59197864,10498,0,59568164,11914,0
2675,34244991271178,34244995207131,19984881,sB-eth3,up,34244995027230,netem,63732116,44144,0,0,0,0,0,59306946,8855,0,61272914,6883,0
2676,34245011271969,34245013655236,20000791,sA-eth3,up,34245013470194,netem,61947812,47970,0,0,0,0,0,59197864,10498,0,59568164,11914,0
2676,34245011271969,34245015458796,20000791,sB-eth3,up,34245015278723,netem,63732116,44144,0,0,0,0,0,59306946,8855,0,61272914,6883,0
2677,34245031270351,34245033065310,19998382,sA-eth3,up,34245032874958,netem,61947812,47970,0,0,0,0,0,59197864,10498,0,59568164,11914,0
2677,34245031270351,34245034975591,19998382,sB-eth3,up,34245034817720,netem,63732116,44144,0,0,0,0,0,59306946,8855,0,61272914,6883,0
2678,34245051296222,34245053146781,20025871,sA-eth3,up,34245052957780,netem,61947812,47970,0,0,0,0,0,59197864,10498,0,59568164,11914,0
2678,34245051296222,34245055224415,20025871,sB-eth3,up,34245055068203,netem,63732116,44144,0,0,0,0,0,59306946,8855,0,61272914,6883,0
2679,34245071267922,34245073054902,19971700,sA-eth3,up,34245072872940,netem,61947812,47970,0,0,0,0,0,59197864,10498,0,59568164,11914,0
2679,34245071267922,34245075045004,19971700,sB-eth3,up,34245074868112,netem,63732116,44144,0,0,0,0,0,59306946,8855,0,61272914,6883,0
2680,34245091280614,34245093076103,20012692,sA-eth3,up,34245092886931,netem,61947812,47970,0,0,0,0,0,59197864,10498,0,59568164,11914,0
2680,34245091280614,34245094697511,20012692,sB-eth3,up,34245094522719,netem,63732116,44144,0,0,0,0,0,59306946,8855,0,61272914,6883,0
2681,34245111273834,34245113049963,19993220,sA-eth3,up,34245112861912,netem,61947812,47970,0,0,0,0,0,59197864,10498,0,59568164,11914,0
2681,34245111273834,34245114655952,19993220,sB-eth3,up,34245114500139,netem,63732116,44144,0,0,0,0,0,59306946,8855,0,61272914,6883,0
2682,34245131280485,34245133070335,20006651,sA-eth3,up,34245132885743,netem,61947812,47970,0,0,0,0,0,59197864,10498,0,59568164,11914,0
2682,34245131280485,34245134673872,20006651,sB-eth3,up,34245134522732,netem,63732116,44144,0,0,0,0,0,59306946,8855,0,61272914,6883,0
2683,34245151269996,34245153055685,19989511,sA-eth3,up,34245152873954,netem,61947812,47970,0,0,0,0,0,59197864,10498,0,59568164,11914,0
2683,34245151269996,34245154655544,19989511,sB-eth3,up,34245154498782,netem,63732116,44144,0,0,0,0,0,59306946,8855,0,61272914,6883,0
2684,34245171278028,34245173559712,20008032,sA-eth3,up,34245173375910,netem,61947812,47970,0,0,0,0,0,59197864,10498,0,59568164,11914,0
2684,34245171278028,34245175373212,20008032,sB-eth3,up,34245175219890,netem,63732116,44144,0,0,0,0,0,59306946,8855,0,61272914,6883,0
2685,34245191274418,34245193128638,19996390,sA-eth3,up,34245192938017,netem,61947812,47970,0,0,0,0,0,59197864,10498,0,59568164,11914,0
2685,34245191274418,34245194819407,19996390,sB-eth3,up,34245194619864,netem,63732116,44144,0,0,0,0,0,59306946,8855,0,61272914,6883,0
2686,34245211287279,34245213140120,20012861,sA-eth3,up,34245212948567,netem,61947812,47970,0,0,0,0,0,59197864,10498,0,59568164,11914,0
2686,34245211287279,34245214772477,20012861,sB-eth3,up,34245214616126,netem,63732116,44144,0,0,0,0,0,59306946,8855,0,61272914,6883,0
2687,34245231273310,34245233188661,19986031,sA-eth3,up,34245232996729,netem,61947812,47970,0,0,0,0,0,59197864,10498,0,59568164,11914,0
2687,34245231273310,34245235019932,19986031,sB-eth3,up,34245234847840,netem,63732116,44144,0,0,0,0,0,59306946,8855,0,61272914,6883,0
2688,34245251283321,34245253613017,20010011,sA-eth3,up,34245253436985,netem,61947812,47970,0,0,0,0,0,59197864,10498,0,59568164,11914,0
2688,34245251283321,34245255708300,20010011,sB-eth3,up,34245255553248,netem,63732116,44144,0,0,0,0,0,59306946,8855,0,61272914,6883,0
2689,34245271273642,34245273239294,19990321,sA-eth3,up,34245273046622,netem,61947812,47970,0,0,0,0,0,59197864,10498,0,59568164,11914,0
2689,34245271273642,34245274932232,19990321,sB-eth3,up,34245274763771,netem,63732116,44144,0,0,0,0,0,59306946,8855,0,61272914,6883,0
2690,34245291271103,34245293101533,19997461,sA-eth3,up,34245292915621,netem,61947812,47970,0,0,0,0,0,59197864,10498,0,59568164,11914,0
2690,34245291271103,34245295082245,19997461,sB-eth3,up,34245294901723,netem,63732116,44144,0,0,0,0,0,59306946,8855,0,61272914,6883,0
2691,34245311274574,34245313094314,20003471,sA-eth3,up,34245312908392,netem,61947812,47970,0,0,0,0,0,59197864,10498,0,59568164,11914,0
2691,34245311274574,34245314768252,20003471,sB-eth3,up,34245314612381,netem,63732116,44144,0,0,0,0,0,59306946,8855,0,61272914,6883,0
2692,34245331276385,34245333332907,20001811,sA-eth3,up,34245333162826,netem,61947812,47970,0,0,0,0,0,59197864,10498,0,59568164,11914,0
2692,34245331276385,34245335093267,20001811,sB-eth3,up,34245334924646,netem,63732116,44144,0,0,0,0,0,59306946,8855,0,61272914,6883,0
2693,34245351273076,34245353120176,19996691,sA-eth3,up,34245352930104,netem,61947812,47970,0,0,0,0,0,59197864,10498,0,59568164,11914,0
2693,34245351273076,34245354885116,19996691,sB-eth3,up,34245354724664,netem,63732116,44144,0,0,0,0,0,59306946,8855,0,61272914,6883,0
2694,34245371272517,34245374109408,19999441,sA-eth3,up,34245373915826,netem,61947812,47970,0,0,0,0,0,59197864,10498,0,59568164,11914,0
2694,34245371272517,34245375892857,19999441,sB-eth3,up,34245375736666,netem,63732116,44144,0,0,0,0,0,59306946,8855,0,61272914,6883,0
2695,34245391273547,34245393083318,20001030,sA-eth3,up,34245392892966,netem,61947812,47970,0,0,0,0,0,59197864,10498,0,59568164,11914,0
2695,34245391273547,34245395356353,20001030,sB-eth3,up,34245395200191,netem,63732116,44144,0,0,0,0,0,59306946,8855,0,61272914,6883,0
2696,34245411273449,34245413152789,19999902,sA-eth3,up,34245412966398,netem,61947812,47970,0,0,0,0,0,59197864,10498,0,59568164,11914,0
2696,34245411273449,34245414834118,19999902,sB-eth3,up,34245414678836,netem,63732116,44144,0,0,0,0,0,59306946,8855,0,61272914,6883,0
2697,34245431269490,34245433106820,19996041,sA-eth3,up,34245432916628,netem,61947812,47970,0,0,0,0,0,59197864,10498,0,59568164,11914,0
2697,34245431269490,34245434730068,19996041,sB-eth3,up,34245434574576,netem,63732116,44144,0,0,0,0,0,59306946,8855,0,61272914,6883,0
2698,34245451281021,34245453362174,20011531,sA-eth3,up,34245453186222,netem,61947812,47970,0,0,0,0,0,59197864,10498,0,59568164,11914,0
2698,34245451281021,34245455039462,20011531,sB-eth3,up,34245454868121,netem,63732116,44144,0,0,0,0,0,59306946,8855,0,61272914,6883,0
2699,34245471273951,34245473132892,19992930,sA-eth3,up,34245472941850,netem,61947812,47970,0,0,0,0,0,59197864,10498,0,59568164,11914,0
2699,34245471273951,34245474773251,19992930,sB-eth3,up,34245474618858,netem,63732116,44144,0,0,0,0,0,59306946,8855,0,61272914,6883,0
2700,34245491275042,34245493512657,20001091,sA-eth3,up,34245493326125,netem,61947812,47970,0,0,0,0,0,59197864,10498,0,59568164,11914,0
2700,34245491275042,34245495690951,20001091,sB-eth3,up,34245495530859,netem,63732116,44144,0,0,0,0,0,59306946,8855,0,61272914,6883,0
2701,34245511275174,34245513209995,20000132,sA-eth3,up,34245513041243,netem,61947812,47970,0,0,0,0,0,59197864,10498,0,59568164,11914,0
2701,34245511275174,34245515470349,20000132,sB-eth3,up,34245515300348,netem,63732116,44144,0,0,0,0,0,59306946,8855,0,61272914,6883,0
2702,34245531273014,34245533364578,19997840,sA-eth3,up,34245533180746,netem,61947812,47970,0,0,0,0,0,59197864,10498,0,59568164,11914,0
2702,34245531273014,34245535327969,19997840,sB-eth3,up,34245535163947,netem,63732116,44144,0,0,0,0,0,59306946,8855,0,61272914,6883,0
2703,34245551281445,34245553190036,20008431,sA-eth3,up,34245553021015,netem,61947812,47970,0,0,0,0,0,59197864,10498,0,59568164,11914,0
2703,34245551281445,34245554851325,20008431,sB-eth3,up,34245554696273,netem,63732116,44144,0,0,0,0,0,59306946,8855,0,61272914,6883,0
2704,34245571274536,34245573154148,19993091,sA-eth3,up,34245572957685,netem,61947812,47970,0,0,0,0,0,59197864,10498,0,59568164,11914,0
2704,34245571274536,34245575332711,19993091,sB-eth3,up,34245575172290,netem,63732116,44144,0,0,0,0,0,59306946,8855,0,61272914,6883,0
2705,34245591272588,34245593283269,19998052,sA-eth3,up,34245593110178,netem,61947812,47970,0,0,0,0,0,59197864,10498,0,59568164,11914,0
2705,34245591272588,34245595193010,19998052,sB-eth3,up,34245595031768,netem,63732116,44144,0,0,0,0,0,59306946,8855,0,61272914,6883,0
2706,34245611289408,34245613434052,20016820,sA-eth3,up,34245613217470,netem,61947812,47970,0,0,0,0,0,59197864,10498,0,59568164,11914,0
2706,34245611289408,34245615462074,20016820,sB-eth3,up,34245615277893,netem,63732116,44144,0,0,0,0,0,59306946,8855,0,61272914,6883,0
2707,34245631280179,34245633283671,19990771,sA-eth3,up,34245633100739,netem,61947812,47970,0,0,0,0,0,59197864,10498,0,59568164,11914,0
2707,34245631280179,34245635327053,19990771,sB-eth3,up,34245635159032,netem,63732116,44144,0,0,0,0,0,59306946,8855,0,61272914,6883,0
2708,34245651279620,34245653301823,19999441,sA-eth3,up,34245653119250,netem,61947812,47970,0,0,0,0,0,59197864,10498,0,59568164,11914,0
2708,34245651279620,34245655328715,19999441,sB-eth3,up,34245655162233,netem,63732116,44144,0,0,0,0,0,59306946,8855,0,61272914,6883,0
2709,34245671273121,34245673243623,19993501,sA-eth3,up,34245673060771,netem,61947812,47970,0,0,0,0,0,59197864,10498,0,59568164,11914,0
2709,34245671273121,34245675201755,19993501,sB-eth3,up,34245675036033,netem,63732116,44144,0,0,0,0,0,59306946,8855,0,61272914,6883,0
2710,34245691277352,34245694046092,20004231,sA-eth3,up,34245693850020,netem,61947812,47970,0,0,0,0,0,59197864,10498,0,59568164,11914,0
2710,34245691277352,34245696033254,20004231,sB-eth3,up,34245695850943,netem,63732116,44144,0,0,0,0,0,59306946,8855,0,61272914,6883,0
2711,34245711273703,34245713309575,19996351,sA-eth3,up,34245713133303,netem,61947812,47970,0,0,0,0,0,59197864,10498,0,59568164,11914,0
2711,34245711273703,34245715534230,19996351,sB-eth3,up,34245715365358,netem,63732116,44144,0,0,0,0,0,59306946,8855,0,61272914,6883,0
2712,34245731278454,34245733111044,20004751,sA-eth3,up,34245732910622,netem,61947812,47970,0,0,0,0,0,59197864,10498,0,59568164,11914,0
2712,34245731278454,34245735602812,20004751,sB-eth3,up,34245735434420,netem,63732116,44144,0,0,0,0,0,59306946,8855,0,61272914,6883,0
2713,34245751278865,34245753222566,20000411,sA-eth3,up,34245753039904,netem,61947812,47970,0,0,0,0,0,59197864,10498,0,59568164,11914,0
2713,34245751278865,34245754929925,20000411,sB-eth3,up,34245754766053,netem,63732116,44144,0,0,0,0,0,59306946,8855,0,61272914,6883,0
2714,34245771269656,34245773755773,19990791,sA-eth3,up,34245773581551,netem,61947812,47970,0,0,0,0,0,59197864,10498,0,59568164,11914,0
2714,34245771269656,34245775573683,19990791,sB-eth3,up,34245775411002,netem,63732116,44144,0,0,0,0,0,59306946,8855,0,61272914,6883,0
2715,34245791282267,34245793628863,20012611,sA-eth3,up,34245793449421,netem,61947812,47970,0,0,0,0,0,59197864,10498,0,59568164,11914,0
2715,34245791282267,34245796025409,20012611,sB-eth3,up,34245795844387,netem,63732116,44144,0,0,0,0,0,59306946,8855,0,61272914,6883,0
2716,34245811275858,34245813638813,19993591,sA-eth3,up,34245813455092,netem,61947812,47970,0,0,0,0,0,59197864,10498,0,59568164,11914,0
2716,34245811275858,34245816040030,19993591,sB-eth3,up,34245815841218,netem,63732116,44144,0,0,0,0,0,59306946,8855,0,61272914,6883,0
2717,34245831277758,34245833646375,20001900,sA-eth3,up,34245833458303,netem,61947812,47970,0,0,0,0,0,59197864,10498,0,59568164,11914,0
2717,34245831277758,34245835424435,20001900,sB-eth3,up,34245835232482,netem,63732116,44144,0,0,0,0,0,59306946,8855,0,61272914,6883,0
2718,34245851277359,34245853524175,19999601,sA-eth3,up,34245853327422,netem,61947812,47970,0,0,0,0,0,59197864,10498,0,59568164,11914,0
2718,34245851277359,34245855230464,19999601,sB-eth3,up,34245855054982,netem,63732116,44144,0,0,0,0,0,59306946,8855,0,61272914,6883,0
2719,34245871272490,34245873584155,19995131,sA-eth3,up,34245873393304,netem,61947812,47970,0,0,0,0,0,59197864,10498,0,59568164,11914,0
2719,34245871272490,34245875306605,19995131,sB-eth3,up,34245875114393,netem,63732116,44144,0,0,0,0,0,59306946,8855,0,61272914,6883,0
2720,34245891274312,34245893149072,20001822,sA-eth3,up,34245892956320,netem,61948390,47977,0,0,0,0,0,59214254,10505,0,59568742,11921,0
2720,34245891274312,34245895299626,20001822,sB-eth3,up,34245895135964,netem,63732116,44144,0,0,0,0,0,59306946,8855,0,61272914,6883,0
2721,34245911272442,34245913096672,19998130,sA-eth3,up,34245912903141,netem,61948476,47978,0,0,0,0,0,59215768,10506,0,59568828,11922,0
2721,34245911272442,34245914758861,19998130,sB-eth3,up,34245914595839,netem,63732116,44144,0,0,0,0,0,59306946,8855,0,61272914,6883,0
2722,34245931299224,34245933186435,20026782,sA-eth3,up,34245932974862,netem,61948476,47978,0,0,0,0,0,59215768,10506,0,59568828,11922,0
2722,34245931299224,34245935296018,20026782,sB-eth3,up,34245935128596,netem,63732116,44144,0,0,0,0,0,59306946,8855,0,61272914,6883,0
2723,34245951273014,34245953088744,19973790,sA-eth3,up,34245952886832,netem,61948476,47978,0,0,0,0,0,59215768,10506,0,59568828,11922,0
2723,34245951273014,34245955286509,19973790,sB-eth3,up,34245955122127,netem,63732116,44144,0,0,0,0,0,59306946,8855,0,61272914,6883,0
2724,34245971274385,34245973199127,20001371,sA-eth3,up,34245973019824,netem,61948476,47978,0,0,0,0,0,59215768,10506,0,59568828,11922,0
2724,34245971274385,34245975210549,20001371,sB-eth3,up,34245975041467,netem,63732116,44144,0,0,0,0,0,59306946,8855,0,61272914,6883,0
2725,34245991272317,34245993528751,19997932,sA-eth3,up,34245993321199,netem,61948476,47978,0,0,0,0,0,59215768,10506,0,59568828,11922,0
2725,34245991272317,34245996147870,19997932,sB-eth3,up,34245995969428,netem,63732116,44144,0,0,0,0,0,59306946,8855,0,61272914,6883,0
2726,34246011281167,34246013189348,20008850,sA-eth3,up,34246012977436,netem,61948476,47978,0,0,0,0,0,59215768,10506,0,59568828,11922,0
2726,34246011281167,34246014896138,20008850,sB-eth3,up,34246014727965,netem,63732116,44144,0,0,0,0,0,59306946,8855,0,61272914,6883,0
2727,34246031284428,34246033128248,20003261,sA-eth3,up,34246032917666,netem,61948476,47978,0,0,0,0,0,59215768,10506,0,59568828,11922,0
2727,34246031284428,34246034812977,20003261,sB-eth3,up,34246034629145,netem,63732116,44144,0,0,0,0,0,59306946,8855,0,61272914,6883,0
2728,34246051277789,34246053119199,19993361,sA-eth3,up,34246052924107,netem,61948476,47978,0,0,0,0,0,59215768,10506,0,59568828,11922,0
2728,34246051277789,34246054805068,19993361,sB-eth3,up,34246054646786,netem,63732116,44144,0,0,0,0,0,59306946,8855,0,61272914,6883,0
2729,34246071278829,34246073114570,20001040,sA-eth3,up,34246072922968,netem,61948476,47978,0,0,0,0,0,59215768,10506,0,59568828,11922,0
2729,34246071278829,34246074744768,20001040,sB-eth3,up,34246074586687,netem,63732116,44144,0,0,0,0,0,59306946,8855,0,61272914,6883,0
2730,34246091274881,34246094170373,19996052,sA-eth3,up,34246093967311,netem,61948476,47978,0,0,0,0,0,59215768,10506,0,59568828,11922,0
2730,34246091274881,34246096194556,19996052,sB-eth3,up,34246096031674,netem,63732116,44144,0,0,0,0,0,59306946,8855,0,61272914,6883,0
2731,34246111272732,34246113582388,19997851,sA-eth3,up,34246113381445,netem,61948632,47980,0,0,0,78,1,59221758,10509,0,59569062,11925,0
2731,34246111272732,34246115501849,19997851,sB-eth3,up,34246115333168,netem,63732116,44144,0,0,0,0,0,59306946,8855,0,61272914,6883,0
2732,34246131274283,34246133213295,20001551,sA-eth3,up,34246133039143,netem,61949336,47990,0,0,0,66,1,59286196,10520,0,59569688,11934,0
2732,34246131274283,34246135070365,20001551,sB-eth3,up,34246134864363,netem,63732116,44144,0,0,0,0,0,59306946,8855,0,61272914,6883,0
2733,34246151276394,34246153124375,20002111,sA-eth3,up,34246152936212,netem,61949546,47993,0,0,0,0,0,59293502,10521,0,59569898,11937,0
2733,34246151276394,34246154750342,20002111,sB-eth3,up,34246154592440,netem,63732116,44144,0,0,0,0,0,59306946,8855,0,61272914,6883,0
2734,34246171284775,34246173097825,20008381,sA-eth3,up,34246172903373,netem,61949546,47993,0,0,0,0,0,59293502,10521,0,59569898,11937,0
2734,34246171284775,34246174713593,20008381,sB-eth3,up,34246174557982,netem,63732116,44144,0,0,0,0,0,59306946,8855,0,61272914,6883,0
2735,34246191272436,34246193021785,19987661,sA-eth3,up,34246192840643,netem,61949546,47993,0,0,0,0,0,59293502,10521,0,59569898,11937,0
2735,34246191272436,34246195732016,19987661,sB-eth3,up,34246195576503,netem,63732116,44144,0,0,0,0,0,59306946,8855,0,61272914,6883,0
2736,34246211271668,34246213545222,19999232,sA-eth3,up,34246213368900,netem,61949546,47993,0,0,0,0,0,59293502,10521,0,59569898,11937,0
2736,34246211271668,34246215265570,19999232,sB-eth3,up,34246215105619,netem,63732116,44144,0,0,0,0,0,59306946,8855,0,61272914,6883,0
2737,34246231270488,34246233581173,19998820,sA-eth3,up,34246233410161,netem,61949546,47993,0,0,0,0,0,59293502,10521,0,59569898,11937,0
2737,34246231270488,34246235264222,19998820,sB-eth3,up,34246235108030,netem,63732116,44144,0,0,0,0,0,59306946,8855,0,61272914,6883,0
2738,34246251270038,34246253353772,19999550,sA-eth3,up,34246253187890,netem,61949546,47993,0,0,0,0,0,59293502,10521,0,59569898,11937,0
2738,34246251270038,34246255073671,19999550,sB-eth3,up,34246254892909,netem,63732116,44144,0,0,0,0,0,59306946,8855,0,61272914,6883,0
2739,34246271273580,34246273381153,20003542,sA-eth3,up,34246273212312,netem,61949546,47993,0,0,0,0,0,59293502,10521,0,59569898,11937,0
2739,34246271273580,34246275074222,20003542,sB-eth3,up,34246274892399,netem,63732116,44144,0,0,0,0,0,59306946,8855,0,61272914,6883,0
2740,34246291277620,34246293089801,20004040,sA-eth3,up,34246292893869,netem,61949546,47993,0,0,0,0,0,59293502,10521,0,59569898,11937,0
2740,34246291277620,34246294718459,20004040,sB-eth3,up,34246294560627,netem,63732116,44144,0,0,0,0,0,59306946,8855,0,61272914,6883,0
2741,34246311276392,34246313172332,19998772,sA-eth3,up,34246312973041,netem,61949546,47993,0,0,0,0,0,59293502,10521,0,59569898,11937,0
2741,34246311276392,34246314812971,19998772,sB-eth3,up,34246314655469,netem,63732116,44144,0,0,0,0,0,59306946,8855,0,61272914,6883,0
2742,34246331271972,34246333111813,19995580,sA-eth3,up,34246332922831,netem,61949546,47993,0,0,0,0,0,59293502,10521,0,59569898,11937,0
2742,34246331271972,34246335247217,19995580,sB-eth3,up,34246335090035,netem,63732116,44144,0,0,0,0,0,59306946,8855,0,61272914,6883,0
2743,34246351267004,34246353095554,19995032,sA-eth3,up,34246352910741,netem,61949546,47993,0,0,0,0,0,59293502,10521,0,59569898,11937,0
2743,34246351267004,34246354752782,19995032,sB-eth3,up,34246354592600,netem,63732116,44144,0,0,0,0,0,59306946,8855,0,61272914,6883,0
2744,34246371273655,34246373127175,20006651,sA-eth3,up,34246372925462,netem,61949846,47997,0,0,0,0,0,59312590,10525,0,59570198,11941,0
2744,34246371273655,34246374847374,20006651,sB-eth3,up,34246374650912,netem,63732116,44144,0,0,0,0,0,59306946,8855,0,61272914,6883,0
2745,34246391277005,34246393359419,20003350,sA-eth3,up,34246393178546,netem,61950524,48006,0,0,0,0,0,59363930,10535,0,59570876,11950,0
2745,34246391277005,34246395701945,20003350,sB-eth3,up,34246395539072,netem,63732116,44144,0,0,0,0,0,59306946,8855,0,61272914,6883,0
2746,34246411272527,34246413697033,19995522,sA-eth3,up,34246413522502,netem,61951190,48015,0,0,0,0,0,59432712,10546,0,59571542,11959,0
2746,34246411272527,34246415540534,19995522,sB-eth3,up,34246415288151,netem,63732116,44144,0,0,0,0,0,59306946,8855,0,61272914,6883,0
2747,34246431282527,34246433254779,20010000,sA-eth3,up,34246433026977,netem,61951190,48015,0,0,0,0,0,59454630,10549,0,59571542,11959,0
2747,34246431282527,34246435080719,20010000,sB-eth3,up,34246434851396,netem,63732116,44144,0,0,0,0,0,59306946,8855,0,61272914,6883,0
2748,34246451288369,34246453301821,20005842,sA-eth3,up,34246453076368,netem,61951646,48021,0,0,0,86,1,59504390,10557,0,59572084,11966,0
2748,34246451288369,34246455408304,20005842,sB-eth3,up,34246455191181,netem,63732116,44144,0,0,0,0,0,59306946,8855,0,61272914,6883,0
2749,34246471306670,34246473323372,20018301,sA-eth3,up,34246473100079,netem,61952332,48030,0,0,0,66,1,59571658,10567,0,59572684,11974,0
2749,34246471306670,34246475900720,20018301,sB-eth3,up,34246475701738,netem,63732116,44144,0,0,0,0,0,59306946,8855,0,61272914,6883,0
2750,34246491276250,34246493212912,19969580,sA-eth3,up,34246492989979,netem,61952784,48036,0,0,0,66,1,59608188,10572,0,59573202,11981,0
2750,34246491276250,34246494932571,19969580,sB-eth3,up,34246494741719,netem,63732116,44144,0,0,0,0,0,59306946,8855,0,61272914,6883,0
2751,34246511278982,34246513100291,20002732,sA-eth3,up,34246512899819,netem,61953344,48044,0,0,0,78,1,59673942,10581,0,59573696,11988,0
2751,34246511278982,34246514791750,20002732,sB-eth3,up,34246514617408,netem,63732116,44144,0,0,0,0,0,59306946,8855,0,61272914,6883,0
2752,34246531280072,34246533048432,20001090,sA-eth3,up,34246532859580,netem,61953920,48052,0,0,0,0,0,59725084,10588,0,59574272,11996,0
2752,34246531280072,34246535270876,20001090,sB-eth3,up,34246535113614,netem,63732116,44144,0,0,0,0,0,59306946,8855,0,61272914,6883,0
2753,34246551274453,34246553290386,19994381,sA-eth3,up,34246553116983,netem,61954508,48060,0,0,0,66,1,59790838,10597,0,59574926,12005,0
2753,34246551274453,34246555376618,19994381,sB-eth3,up,34246555190796,netem,63732116,44144,0,0,0,0,0,59306946,8855,0,61272914,6883,0
2754,34246571269694,34246573069114,19995241,sA-eth3,up,34246572882481,netem,61955066,48067,0,0,0,164,2,59833358,10605,0,59575418,12011,0
2754,34246571269694,34246574682182,19995241,sB-eth3,up,34246574527740,netem,63733040,44158,0,0,0,66,1,59547078,8873,0,61273838,6897,0
2755,34246591267284,34246593022624,19997590,sA-eth3,up,34246592835843,netem,61955896,48078,0,0,0,66,1,59900626,10615,0,59576248,12022,0
2755,34246591267284,34246595106398,19997590,sB-eth3,up,34246594927626,netem,63733172,44160,0,0,0,0,0,59663512,8882,0,61273970,6899,0
2756,34246611269216,34246613077536,20001932,sA-eth3,up,34246612886594,netem,61956694,48089,0,0,0,0,0,59966446,10625,0,59577046,12033,0
2756,34246611269216,34246614718674,20001932,sB-eth3,up,34246614567152,netem,63733172,44160,0,0,0,0,0,59666474,8883,0,61273970,6899,0
2757,34246631270056,34246633107847,20000840,sA-eth3,up,34246632920165,netem,61957170,48095,0,0,0,0,0,60008834,10631,0,59577522,12039,0
2757,34246631270056,34246634750665,20000840,sB-eth3,up,34246634593153,netem,63733238,44161,0,0,0,0,0,59874594,8899,0,61274036,6900,0
2758,34246651269798,34246653121068,19999742,sA-eth3,up,34246652935436,netem,61957868,48104,0,0,0,0,0,60068796,10640,0,59578220,12048,0
2758,34246651269798,34246655286613,19999742,sB-eth3,up,34246655131670,netem,63733238,44161,0,0,0,0,0,59889140,8900,0,61274036,6900,0
2759,34246671267458,34246673099158,19997660,sA-eth3,up,34246672914747,netem,61958722,48115,0,0,0,0,0,60146266,10651,0,59579074,12059,0
2759,34246671267458,34246674736297,19997660,sB-eth3,up,34246674578235,netem,63733304,44162,0,0,0,0,0,60056518,8913,0,61274102,6901,0
2760,34246691273989,34246693085600,20006531,sA-eth3,up,34246692887737,netem,61959272,48122,0,0,0,0,0,60193064,10658,0,59579624,12066,0
2760,34246691273989,34246694724008,20006531,sB-eth3,up,34246694565087,netem,63733304,44162,0,0,0,0,0,60187498,8923,0,61274102,6901,0
2761,34246711267820,34246713111851,19993831,sA-eth3,up,34246712888388,netem,61959890,48131,0,0,0,0,0,60258818,10667,0,59580242,12075,0
2761,34246711267820,34246714789830,19993831,sB-eth3,up,34246714632607,netem,63733370,44163,0,0,0,0,0,60318478,8933,0,61274168,6902,0
2762,34246731279991,34246733150873,20012171,sA-eth3,up,34246732957960,netem,61959956,48132,0,0,0,0,0,60258818,10667,0,59580308,12076,0
2762,34246731279991,34246734797960,20012171,sB-eth3,up,34246734637839,netem,63733370,44163,0,0,0,0,0,60558586,8951,0,61274168,6902,0
2763,34246751266923,34246753085213,19986932,sA-eth3,up,34246752905240,netem,61959956,48132,0,0,0,0,0,60258818,10667,0,59580308,12076,0
2763,34246751266923,34246754830112,19986932,sB-eth3,up,34246754674610,netem,63733436,44164,0,0,0,0,0,60827588,8968,0,61274234,6903,0
2764,34246771274263,34246773064623,20007340,sA-eth3,up,34246772882752,netem,61959956,48132,0,0,0,0,0,60258818,10667,0,59580308,12076,0
2764,34246771274263,34246774677551,20007340,sB-eth3,up,34246774523669,netem,63733502,44165,0,0,0,0,0,61082110,8985,0,61274300,6904,0
2765,34246791264204,34246793168795,19989941,sA-eth3,up,34246792970513,netem,62156866,48263,0,0,0,22710,2,60259412,10676,0,59769562,12091,0
2765,34246791264204,34246795620283,19989941,sB-eth3,up,34246795452620,netem,63733502,44165,0,0,0,0,0,61278778,9003,0,61274300,6904,0
2766,34246811276085,34246813604081,20011881,sA-eth3,up,34246813432149,netem,62402134,48425,0,0,0,48448,3,60260402,10691,0,60005326,12109,0
2766,34246811276085,34246815500252,20011881,sB-eth3,up,34246815329850,netem,63733568,44166,0,0,0,0,0,61414616,9014,0,61274366,6905,0
2767,34246831271296,34246833235708,19995211,sA-eth3,up,34246833067946,netem,62656486,48593,0,0,0,30280,2,60261392,10706,0,60249844,12128,0
2767,34246831271296,34246834944817,19995211,sB-eth3,up,34246834792205,netem,63733568,44166,0,0,0,0,0,61414616,9014,0,61274366,6905,0
2768,34246851272887,34246853126097,20001591,sA-eth3,up,34246852936535,netem,62900240,48754,0,0,0,43906,3,60262382,10721,0,60484094,12145,0
2768,34246851272887,34246855241672,20001591,sB-eth3,up,34246855086689,netem,63733634,44167,0,0,0,0,0,61414616,9014,0,61274432,6906,0
2769,34246871270258,34246873194439,19997371,sA-eth3,up,34246873029458,netem,63148536,48918,0,0,0,51476,3,60263372,10736,0,60737300,12164,0
2769,34246871270258,34246874916179,19997371,sB-eth3,up,34246874744346,netem,63733634,44167,0,0,0,0,0,61414616,9014,0,61274432,6906,0
2770,34246891283670,34246893198780,20013412,sA-eth3,up,34246893022789,netem,63405916,49088,0,0,0,45420,3,60264296,10750,0,60970168,12182,0
2770,34246891283670,34246894919300,20013412,sB-eth3,up,34246894765247,netem,63733634,44167,0,0,0,0,0,61414616,9014,0,61274432,6906,0
2771,34246911308420,34246913395313,20024750,sA-eth3,up,34246913160022,netem,63652698,49251,0,0,0,56018,4,60265088,10762,0,61207380,12200,0
2771,34246911308420,34246915634108,20024750,sB-eth3,up,34246915467476,netem,63733634,44167,0,0,0,0,0,61414616,9014,0,61274432,6906,0
2772,34246931267781,34246933182732,19959361,sA-eth3,up,34246932987160,netem,63897966,49413,0,0,0,51476,3,60266144,10778,0,61457690,12219,0
2772,34246931267781,34246934834591,19959361,sB-eth3,up,34246934675359,netem,63764004,44188,0,0,0,30280,2,61414880,9018,0,61318160,6910,0
2773,34246951275852,34246953324635,20008071,sA-eth3,up,34246953050382,netem,64152898,49583,0,0,0,0,0,60274572,10796,0,61688242,12239,0
2773,34246951275852,34246955134784,20008071,sB-eth3,up,34246954941852,netem,64021384,44358,0,0,0,45420,3,61415672,9030,0,61550962,6927,0
2774,34246971294723,34246973177014,20018871,sA-eth3,up,34246972976022,netem,64154334,49595,0,0,0,0,0,60308680,10808,0,61689678,12251,0
2774,34246971294723,34246974857863,20018871,sB-eth3,up,34246974669751,netem,64268166,44521,0,0,0,40878,3,61416794,9047,0,61799758,6945,0
2775,34246991279624,34246993253306,19984901,sA-eth3,up,34246992992592,netem,64155030,49605,0,0,0,66,1,60365812,10818,0,61690440,12262,0
2775,34246991279624,34246994969474,19984901,sB-eth3,up,34246994796363,netem,64516462,44685,0,0,0,49962,4,61417916,9064,0,62026768,6962,0
2776,34247011277345,34247013106545,19997721,sA-eth3,up,34247012907313,netem,64155174,49607,0,0,0,0,0,60373118,10819,0,61690518,12263,0
2776,34247011277345,34247014761713,19997721,sB-eth3,up,34247014603182,netem,64770814,44853,0,0,0,54504,3,61419170,9083,0,62271286,6981,0
2777,34247031274455,34247033092516,19997110,sA-eth3,up,34247032901724,netem,64155174,49607,0,0,0,0,0,60373118,10819,0,61690518,12263,0
2777,34247031274455,34247034726584,19997110,sB-eth3,up,34247034567003,netem,65020624,45018,0,0,0,40878,3,61420292,9100,0,62511394,6999,0
2778,34247051292037,34247053172057,20017582,sA-eth3,up,34247052968206,netem,64155174,49607,0,0,0,0,0,60373118,10819,0,61690518,12263,0
2778,34247051292037,34247054832296,20017582,sB-eth3,up,34247054663214,netem,65262864,45178,0,0,0,45420,3,61421480,9118,0,62758808,7018,0
2779,34247071278208,34247073153969,19986171,sA-eth3,up,34247072954776,netem,64155174,49607,0,0,0,0,0,60373118,10819,0,61690518,12263,0
2779,34247071278208,34247074790016,19986171,sB-eth3,up,34247074630815,netem,65520244,45348,0,0,0,30280,2,61422602,9135,0,62991676,7036,0
2780,34247091270139,34247093077169,19991931,sA-eth3,up,34247092887087,netem,64155174,49607,0,0,0,0,0,60373118,10819,0,61690518,12263,0
2780,34247091270139,34247095371194,19991931,sB-eth3,up,34247095210341,netem,65770054,45513,0,0,0,52990,4,61423790,9153,0,63246264,7054,0
2781,34247111284719,34247113145081,20014580,sA-eth3,up,34247112950818,netem,64155174,49607,0,0,0,0,0,60373118,10819,0,61690518,12263,0
2781,34247111284719,34247114843349,20014580,sB-eth3,up,34247114663667,netem,65926510,45617,0,0,0,0,0,61424516,9164,0,63382102,7065,0
2782,34247131285181,34247133133381,20000462,sA-eth3,up,34247132931709,netem,64155174,49607,0,0,0,0,0,60373118,10819,0,61690518,12263,0
2782,34247131285181,34247135152723,20000462,sB-eth3,up,34247134959881,netem,65926510,45617,0,0,0,0,0,61424516,9164,0,63382102,7065,0
2783,34247151277212,34247153161813,19992031,sA-eth3,up,34247152967711,netem,64155174,49607,0,0,0,0,0,60373118,10819,0,61690518,12263,0
2783,34247151277212,34247155026243,19992031,sB-eth3,up,34247154850851,netem,65926510,45617,0,0,0,0,0,61424516,9164,0,63382102,7065,0
2784,34247171283172,34247173147063,20005960,sA-eth3,up,34247172955641,netem,64155174,49607,0,0,0,0,0,60373118,10819,0,61690518,12263,0
2784,34247171283172,34247174961523,20005960,sB-eth3,up,34247174806671,netem,65926510,45617,0,0,0,0,0,61424516,9164,0,63382102,7065,0
2785,34247191281923,34247193096884,19998751,sA-eth3,up,34247192896021,netem,64155174,49607,0,0,0,0,0,60373118,10819,0,61690518,12263,0
2785,34247191281923,34247194727152,19998751,sB-eth3,up,34247194571970,netem,65926510,45617,0,0,0,0,0,61424516,9164,0,63382102,7065,0
2786,34247211283954,34247213319206,20002031,sA-eth3,up,34247213142385,netem,64155174,49607,0,0,0,78,1,60374632,10820,0,61690518,12263,0
2786,34247211283954,34247215112837,20002031,sB-eth3,up,34247214941575,netem,65926510,45617,0,0,0,0,0,61424516,9164,0,63382102,7065,0
2787,34247231281765,34247233191706,19997811,sA-eth3,up,34247232998485,netem,64155696,49614,0,0,0,0,0,60417086,10827,0,61691040,12270,0
2787,34247231281765,34247234954645,19997811,sB-eth3,up,34247234768324,netem,65926510,45617,0,0,0,0,0,61424516,9164,0,63382102,7065,0
2788,34247251289486,34247253154708,20007721,sA-eth3,up,34247252961765,netem,64156506,49625,0,0,0,0,0,60471388,10838,0,61691850,12281,0
2788,34247251289486,34247254787095,20007721,sB-eth3,up,34247254631734,netem,65926510,45617,0,0,0,0,0,61424516,9164,0,63382102,7065,0
2789,34247271277618,34247273129418,19988132,sA-eth3,up,34247272936516,netem,64156860,49630,0,0,0,0,0,60509432,10844,0,61692204,12286,0
2789,34247271277618,34247274759466,19988132,sB-eth3,up,34247274601774,netem,65926510,45617,0,0,0,0,0,61424516,9164,0,63382102,7065,0
2790,34247291277538,34247293130900,19999920,sA-eth3,up,34247292935167,netem,64156926,49631,0,0,0,0,0,60509432,10844,0,61692270,12287,0
2790,34247291277538,34247294777957,19999920,sB-eth3,up,34247294616265,netem,65926510,45617,0,0,0,0,0,61424516,9164,0,63382102,7065,0
2791,34247311287590,34247313210851,20010052,sA-eth3,up,34247313030159,netem,64156926,49631,0,0,0,0,0,60509432,10844,0,61692270,12287,0
2791,34247311287590,34247314859829,20010052,sB-eth3,up,34247314702457,netem,65926510,45617,0,0,0,0,0,61424516,9164,0,63382102,7065,0
2792,34247331279850,34247333208552,19992260,sA-eth3,up,34247333024340,netem,64156926,49631,0,0,0,0,0,60509432,10844,0,61692270,12287,0
2792,34247331279850,34247334856709,19992260,sB-eth3,up,34247334696908,netem,65926510,45617,0,0,0,0,0,61424516,9164,0,63382102,7065,0
2793,34247351275371,34247353177963,19995521,sA-eth3,up,34247352989400,netem,64156926,49631,0,0,0,0,0,60509432,10844,0,61692270,12287,0
2793,34247351275371,34247355454028,19995521,sB-eth3,up,34247355281165,netem,65926510,45617,0,0,0,0,0,61424516,9164,0,63382102,7065,0
2794,34247371286573,34247373148633,20011202,sA-eth3,up,34247372956701,netem,64156926,49631,0,0,0,0,0,60509432,10844,0,61692270,12287,0
2794,34247371286573,34247374940662,20011202,sB-eth3,up,34247374786951,netem,65926510,45617,0,0,0,0,0,61424516,9164,0,63382102,7065,0
2795,34247391278983,34247393190314,19992410,sA-eth3,up,34247392991442,netem,64156926,49631,0,0,0,0,0,60509432,10844,0,61692270,12287,0
2795,34247391278983,34247394885344,19992410,sB-eth3,up,34247394723611,netem,65926510,45617,0,0,0,0,0,61424516,9164,0,63382102,7065,0
2796,34247411291474,34247413612610,20012491,sA-eth3,up,34247413435508,netem,64156926,49631,0,0,0,0,0,60509432,10844,0,61692270,12287,0
2796,34247411291474,34247415621722,20012491,sB-eth3,up,34247415462550,netem,65926510,45617,0,0,0,0,0,61424516,9164,0,63382102,7065,0
2797,34247431272095,34247433159706,19980621,sA-eth3,up,34247432966884,netem,64156926,49631,0,0,0,0,0,60509432,10844,0,61692270,12287,0
2797,34247431272095,34247434921636,19980621,sB-eth3,up,34247434765984,netem,65926510,45617,0,0,0,0,0,61424516,9164,0,63382102,7065,0
2798,34247451283945,34247453104176,20011850,sA-eth3,up,34247452911564,netem,64156926,49631,0,0,0,0,0,60509432,10844,0,61692270,12287,0
2798,34247451283945,34247455155179,20011850,sB-eth3,up,34247454986137,netem,65926510,45617,0,0,0,0,0,61424516,9164,0,63382102,7065,0
2799,34247471275387,34247473247609,19991442,sA-eth3,up,34247473076027,netem,64156926,49631,0,0,0,0,0,60509432,10844,0,61692270,12287,0
2799,34247471275387,34247475100409,19991442,sB-eth3,up,34247474905067,netem,65926510,45617,0,0,0,0,0,61424516,9164,0,63382102,7065,0
2800,34247491276408,34247493270190,20001021,sA-eth3,up,34247493100039,netem,64157058,49633,0,0,0,0,0,60521214,10847,0,61692402,12289,0
2800,34247491276408,34247495612936,20001021,sB-eth3,up,34247495458334,netem,65926510,45617,0,0,0,0,0,61424516,9164,0,63382102,7065,0
2801,34247511269369,34247513207100,19992961,sA-eth3,up,34247513036419,netem,64157700,49642,0,0,0,66,1,60560970,10857,0,61693044,12298,0
2801,34247511269369,34247514909059,19992961,sB-eth3,up,34247514751238,netem,65926510,45617,0,0,0,0,0,61424516,9164,0,63382102,7065,0
2802,34247531288590,34247533221451,20019221,sA-eth3,up,34247533032869,netem,64158198,49649,0,0,0,0,0,60604806,10863,0,61693542,12305,0
2802,34247531288590,34247534908771,20019221,sB-eth3,up,34247534744128,netem,65926510,45617,0,0,0,0,0,61424516,9164,0,63382102,7065,0
2803,34247551279241,34247553477655,19990651,sA-eth3,up,34247553280993,netem,64158708,49656,0,0,0,66,1,60655948,10870,0,61694118,12313,0
2803,34247551279241,34247555370306,19990651,sB-eth3,up,34247555197794,netem,65926510,45617,0,0,0,0,0,61424516,9164,0,63382102,7065,0
2804,34247571309882,34247573415166,20030641,sA-eth3,up,34247573172883,netem,64159362,49665,0,0,0,78,1,60731904,10880,0,61694784,12322,0
2804,34247571309882,34247575343587,20030641,sB-eth3,up,34247575171035,netem,65926510,45617,0,0,0,0,0,61424516,9164,0,63382102,7065,0
2805,34247591279732,34247593131203,19969850,sA-eth3,up,34247592931831,netem,64160346,49679,0,0,0,0,0,60816812,10895,0,61695690,12335,0
2805,34247591279732,34247595161386,19969850,sB-eth3,up,34247594977004,netem,65926510,45617,0,0,0,0,0,61424516,9164,0,63382102,7065,0
2806,34247611286234,34247613147734,20006502,sA-eth3,up,34247612941021,netem,64161144,49690,0,0,0,0,0,60885528,10904,0,61696488,12346,0
2806,34247611286234,34247614788503,20006502,sB-eth3,up,34247614627581,netem,65926510,45617,0,0,0,0,0,61424516,9164,0,63382102,7065,0
2807,34247631285235,34247633613821,19999001,sA-eth3,up,34247633426238,netem,64161954,49701,0,0,0,66,1,60989194,10917,0,61697364,12358,0
2807,34247631285235,34247635477401,19999001,sB-eth3,up,34247635296499,netem,65926510,45617,0,0,0,0,0,61424516,9164,0,63382102,7065,0
2808,34247651282506,34247653647311,19997271,sA-eth3,up,34247653459689,netem,64162746,49711,0,0,0,0,0,61034742,10927,0,61698090,12367,0
2808,34247651282506,34247655423751,19997271,sB-eth3,up,34247655248160,netem,65926510,45617,0,0,0,0,0,61424516,9164,0,63382102,7065,0
2809,34247671282317,34247673156998,19999811,sA-eth3,up,34247672957915,netem,64163808,49726,0,0,0,0,0,61138540,10942,0,61699152,12382,0
2809,34247671282317,34247674886276,19999811,sB-eth3,up,34247674726825,netem,65926510,45617,0,0,0,0,0,61424516,9164,0,63382102,7065,0
2810,34247691271678,34247693069078,19989361,sA-eth3,up,34247692878115,netem,64164616,49736,0,0,0,78,1,61234900,10954,0,61700038,12393,0
2810,34247691271678,34247694719736,19989361,sB-eth3,up,34247694559664,netem,65926510,45617,0,0,0,0,0,61424516,9164,0,63382102,7065,0
2811,34247711272628,34247713097528,20000950,sA-eth3,up,34247712908336,netem,64165466,49747,0,0,0,86,1,61312370,10965,0,61700810,12403,0
2811,34247711272628,34247714918389,20000950,sB-eth3,up,34247714758987,netem,65926510,45617,0,0,0,0,0,61424516,9164,0,63382102,7065,0
2812,34247731278599,34247733202051,20005971,sA-eth3,up,34247733032258,netem,64166468,49760,0,0,0,78,1,61420314,10977,0,61701890,12417,0
2812,34247731278599,34247735517456,20005971,sB-eth3,up,34247735321585,netem,65926510,45617,0,0,0,0,0,61424516,9164,0,63382102,7065,0
2813,34247751281950,34247753302003,20003351,sA-eth3,up,34247753123541,netem,64167390,49771,0,0,0,0,0,61494888,10988,0,61702734,12427,0
2813,34247751281950,34247755148623,20003351,sB-eth3,up,34247754977892,netem,65926510,45617,0,0,0,0,0,61424516,9164,0,63382102,7065,0
2814,34247771284191,34247773090341,20002241,sA-eth3,up,34247772896539,netem,64168414,49783,0,0,0,0,0,61568080,11000,0,61703758,12439,0
2814,34247771284191,34247774948312,20002241,sB-eth3,up,34247774788740,netem,65926510,45617,0,0,0,0,0,61424516,9164,0,63382102,7065,0
2815,34247791270112,34247793124083,19985921,sA-eth3,up,34247792930880,netem,64169186,49793,0,0,0,0,0,61642654,11011,0,61704530,12449,0
2815,34247791270112,34247794765551,19985921,sB-eth3,up,34247794603519,netem,65926510,45617,0,0,0,0,0,61424516,9164,0,63382102,7065,0
2816,34247811284093,34247813178945,20013981,sA-eth3,up,34247812968182,netem,64169588,49798,0,0,0,78,1,61708408,11020,0,61704932,12454,0
2816,34247811284093,34247814825962,20013981,sB-eth3,up,34247814660650,netem,65926510,45617,0,0,0,0,0,61424516,9164,0,63382102,7065,0
2817,34247831279895,34247833192915,19995802,sA-eth3,up,34247832994713,netem,64170110,49805,0,0,0,0,0,61788774,11031,0,61705454,12461,0
2817,34247831279895,34247836284649,19995802,sB-eth3,up,34247835965646,netem,65926510,45617,0,0,0,0,0,61424516,9164,0,63382102,7065,0
2818,34247851277105,34247853836513,19997210,sA-eth3,up,34247853644141,netem,64170764,49814,0,0,0,66,0,61861834,11041,0,61706108,12470,0
2818,34247851277105,34247855812735,19997210,sB-eth3,up,34247855648173,netem,65926510,45617,0,0,0,0,0,61424516,9164,0,63382102,7065,0
2819,34247871268926,34247873662453,19991821,sA-eth3,up,34247873492031,netem,64171550,49825,0,0,0,0,0,61934894,11051,0,61706894,12481,0
2819,34247871268926,34247875522513,19991821,sB-eth3,up,34247875352262,netem,65926510,45617,0,0,0,0,0,61424516,9164,0,63382102,7065,0
2820,34247891268887,34247893608443,19999961,sA-eth3,up,34247893439240,netem,64172036,49832,0,0,0,66,1,61993342,11059,0,61707446,12489,0
2820,34247891268887,34247895458473,19999961,sB-eth3,up,34247895289892,netem,65926510,45617,0,0,0,0,0,61424516,9164,0,63382102,7065,0
2821,34247911273388,34247913581073,20004501,sA-eth3,up,34247913390802,netem,64172864,49844,0,0,0,0,0,62073708,11070,0,61708208,12500,0
2821,34247911273388,34247915491825,20004501,sB-eth3,up,34247915306882,netem,65926510,45617,0,0,0,0,0,61424516,9164,0,63382102,7065,0
2822,34247931265950,34247933606965,19992562,sA-eth3,up,34247933423863,netem,64173262,49849,0,0,0,86,1,62110238,11075,0,61708692,12506,0
2822,34247931265950,34247935452875,19992562,sB-eth3,up,34247935274673,netem,65926510,45617,0,0,0,0,0,61424516,9164,0,63382102,7065,0
2823,34247951269350,34247953088760,20003400,sA-eth3,up,34247952893577,netem,64173570,49853,0,0,0,0,0,62132156,11078,0,61708914,12509,0
2823,34247951269350,34247954723418,20003400,sB-eth3,up,34247954565996,netem,65926510,45617,0,0,0,0,0,61424516,9164,0,63382102,7065,0
2824,34247971271831,34247973899270,20002481,sA-eth3,up,34247973729738,netem,64173570,49853,0,0,0,0,0,62132156,11078,0,61708914,12509,0
2824,34247971271831,34247975678170,20002481,sB-eth3,up,34247975521088,netem,65926510,45617,0,0,0,0,0,61424516,9164,0,63382102,7065,0
2825,34247991271002,34247993169322,19999171,sA-eth3,up,34247992977311,netem,64173570,49853,0,0,0,0,0,62132156,11078,0,61708914,12509,0
2825,34247991271002,34247994817211,19999171,sB-eth3,up,34247994656339,netem,65926510,45617,0,0,0,0,0,61424516,9164,0,63382102,7065,0
2826,34248011268572,34248013573878,19997570,sA-eth3,up,34248013391556,netem,64173570,49853,0,0,0,0,0,62132156,11078,0,61708914,12509,0
2826,34248011268572,34248015950015,19997570,sB-eth3,up,34248015792253,netem,65926510,45617,0,0,0,0,0,61424516,9164,0,63382102,7065,0
2827,34248031276764,34248033416927,20008192,sA-eth3,up,34248033232365,netem,64173570,49853,0,0,0,0,0,62132156,11078,0,61708914,12509,0
2827,34248031276764,34248035741273,20008192,sB-eth3,up,34248035575161,netem,65926510,45617,0,0,0,0,0,61424516,9164,0,63382102,7065,0
2828,34248051282285,34248053280347,20005521,sA-eth3,up,34248053095364,netem,64173570,49853,0,0,0,0,0,62132156,11078,0,61708914,12509,0
2828,34248051282285,34248055416120,20005521,sB-eth3,up,34248055237359,netem,65926510,45617,0,0,0,0,0,61424516,9164,0,63382102,7065,0
2829,34248071281085,34248073250197,19998800,sA-eth3,up,34248073076216,netem,64173570,49853,0,0,0,0,0,62132156,11078,0,61708914,12509,0
2829,34248071281085,34248074920166,19998800,sB-eth3,up,34248074759434,netem,65926510,45617,0,0,0,0,0,61424516,9164,0,63382102,7065,0
2830,34248091274607,34248093093187,19993522,sA-eth3,up,34248092897774,netem,64173570,49853,0,0,0,0,0,62132156,11078,0,61708914,12509,0
2830,34248091274607,34248094737875,19993522,sB-eth3,up,34248094582973,netem,65926510,45617,0,0,0,0,0,61424516,9164,0,63382102,7065,0
2831,34248111271137,34248113075667,19996530,sA-eth3,up,34248112887895,netem,64173570,49853,0,0,0,0,0,62132156,11078,0,61708914,12509,0
2831,34248111271137,34248114731386,19996530,sB-eth3,up,34248114569833,netem,65926510,45617,0,0,0,0,0,61424516,9164,0,63382102,7065,0
2832,34248131273759,34248133100909,20002622,sA-eth3,up,34248132910996,netem,64173570,49853,0,0,0,0,0,62132156,11078,0,61708914,12509,0
2832,34248131273759,34248134750386,20002622,sB-eth3,up,34248134587375,netem,65926510,45617,0,0,0,0,0,61424516,9164,0,63382102,7065,0
2833,34248151274209,34248153154900,20000450,sA-eth3,up,34248152941198,netem,64325060,49954,0,0,0,42392,3,62132618,11085,0,61854464,12520,0
2833,34248151274209,34248154850358,20000450,sB-eth3,up,34248154687647,netem,65926510,45617,0,0,0,0,0,61424516,9164,0,63382102,7065,0
2834,34248171270730,34248173131531,19996521,sA-eth3,up,34248172945829,netem,64544722,50101,0,0,0,0,0,62140386,11093,0,62065612,12538,0
2834,34248171270730,34248174782089,19996521,sB-eth3,up,34248174622827,netem,65926510,45617,0,0,0,0,0,61424516,9164,0,63382102,7065,0
2835,34248191267251,34248193074481,19996521,sA-eth3,up,34248192874849,netem,64553806,50107,0,0,0,0,0,62140386,11093,0,62074366,12539,0
2835,34248191267251,34248194712990,19996521,sB-eth3,up,34248194554477,netem,65926510,45617,0,0,0,0,0,61424516,9164,0,63382102,7065,0
2836,34248211272212,34248213080903,20004961,sA-eth3,up,34248212890100,netem,64665842,50181,0,0,0,30280,2,62140452,11094,0,62182046,12547,0
2836,34248211272212,34248214772011,20004961,sB-eth3,up,34248214585028,netem,65926510,45617,0,0,0,0,0,61424516,9164,0,63382102,7065,0
2837,34248231279504,34248233149824,20007292,sA-eth3,up,34248232957471,netem,64817242,50281,0,0,0,0,0,62140452,11094,0,62327572,12558,0
2837,34248231279504,34248234798732,20007292,sB-eth3,up,34248234641170,netem,65926510,45617,0,0,0,0,0,61424516,9164,0,63382102,7065,0
2838,34248251272344,34248253197076,19992840,sA-eth3,up,34248252985683,netem,64870302,50317,0,0,0,45420,3,62140588,11096,0,62393132,12564,0
2838,34248251272344,34248254852143,19992840,sB-eth3,up,34248254694862,netem,65926510,45617,0,0,0,0,0,61424516,9164,0,63382102,7065,0
2839,34248271267586,34248273057095,19995242,sA-eth3,up,34248272872843,netem,65120112,50482,0,0,0,37850,3,62140588,11096,0,62633240,12582,0
2839,34248271267586,34248274732583,19995242,sB-eth3,up,34248274570552,netem,65926510,45617,0,0,0,0,0,61424516,9164,0,63382102,7065,0
2840,34248291272506,34248293612211,20004920,sA-eth3,up,34248293426020,netem,65347212,50632,0,0,0,30280,2,62140654,11097,0,62837016,12598,0
2840,34248291272506,34248295506443,20004920,sB-eth3,up,34248295331311,netem,65926510,45617,0,0,0,0,0,61424516,9164,0,63382102,7065,0
2841,34248311279787,34248313324880,20007281,sA-eth3,up,34248313139378,netem,65597022,50797,0,0,0,22710,2,62140654,11097,0,63077124,12616,0
2841,34248311279787,34248315031378,20007281,sB-eth3,up,34248314850277,netem,65926510,45617,0,0,0,0,0,61424516,9164,0,63382102,7065,0
2842,34248331274258,34248333201210,19994471,sA-eth3,up,34248333001167,netem,65665152,50842,0,0,0,0,0,62140654,11097,0,63142614,12621,0
2842,34248331274258,34248335202772,19994471,sB-eth3,up,34248335038780,netem,65926510,45617,0,0,0,0,0,61424516,9164,0,63382102,7065,0
2843,34248351270979,34248353110199,19996721,sA-eth3,up,34248352913137,netem,65665152,50842,0,0,0,0,0,62140654,11097,0,63142614,12621,0
2843,34248351270979,34248355132612,19996721,sB-eth3,up,34248354951240,netem,65926510,45617,0,0,0,0,0,61424516,9164,0,63382102,7065,0
2844,34248371275620,34248373295202,20004641,sA-eth3,up,34248373107860,netem,65869542,50977,0,0,0,37850,3,62140720,11098,0,63339150,12637,0
2844,34248371275620,34248375147973,20004641,sB-eth3,up,34248374966190,netem,65926510,45617,0,0,0,0,0,61424516,9164,0,63382102,7065,0
2845,34248391268121,34248393243653,19992501,sA-eth3,up,34248393072851,netem,66114810,51139,0,0,0,49962,3,62140786,11099,0,63574914,12655,0
2845,34248391268121,34248395145403,19992501,sB-eth3,up,34248394964342,netem,65926510,45617,0,0,0,0,0,61424516,9164,0,63382102,7065,0
2846,34248411274441,34248413144542,20006320,sA-eth3,up,34248412954300,netem,66366648,51306,0,0,0,0,0,62140786,11099,0,63816720,12670,0
2846,34248411274441,34248415141905,20006320,sB-eth3,up,34248414955042,netem,65926510,45617,0,0,0,0,0,61424516,9164,0,63382102,7065,0
2847,34248431270293,34248433168823,19995852,sA-eth3,up,34248432980192,netem,66366648,51306,0,0,0,0,0,62140852,11100,0,63816720,12670,0
2847,34248431270293,34248434801581,19995852,sB-eth3,up,34248434644320,netem,65926510,45617,0,0,0,0,0,61424516,9164,0,63382102,7065,0
2848,34248451277234,34248453113264,20006941,sA-eth3,up,34248452916752,netem,66366648,51306,0,0,0,0,0,62140852,11100,0,63816720,12670,0
2848,34248451277234,34248454778262,20006941,sB-eth3,up,34248454618491,netem,65926510,45617,0,0,0,0,0,61424516,9164,0,63382102,7065,0
2849,34248471268945,34248473070545,19991711,sA-eth3,up,34248472882942,netem,66366648,51306,0,0,0,0,0,62140852,11100,0,63816720,12670,0
2849,34248471268945,34248474720132,19991711,sB-eth3,up,34248474567031,netem,65926510,45617,0,0,0,0,0,61424516,9164,0,63382102,7065,0
2850,34248491280216,34248493136356,20011271,sA-eth3,up,34248492944104,netem,66366648,51306,0,0,0,0,0,62140852,11100,0,63816720,12670,0
2850,34248491280216,34248494788274,20011271,sB-eth3,up,34248494632482,netem,65926510,45617,0,0,0,0,0,61424516,9164,0,63382102,7065,0
2851,34248511275996,34248513645692,19995780,sA-eth3,up,34248513448400,netem,66366648,51306,0,0,0,0,0,62140852,11100,0,63816720,12670,0
2851,34248511275996,34248516040369,19995780,sB-eth3,up,34248515845287,netem,65926510,45617,0,0,0,0,0,61424516,9164,0,63382102,7065,0
2852,34248531276107,34248533298980,20000111,sA-eth3,up,34248533116307,netem,66366648,51306,0,0,0,0,0,62140852,11100,0,63816720,12670,0
2852,34248531276107,34248535135320,20000111,sB-eth3,up,34248534952687,netem,65926510,45617,0,0,0,0,0,61424516,9164,0,63382102,7065,0
2853,34248551276568,34248553119569,20000461,sA-eth3,up,34248552916806,netem,66366648,51306,0,0,0,0,0,62140852,11100,0,63816720,12670,0
2853,34248551276568,34248555157471,20000461,sB-eth3,up,34248554971779,netem,65926510,45617,0,0,0,0,0,61424516,9164,0,63382102,7065,0
2854,34248571286150,34248573221481,20009582,sA-eth3,up,34248573037879,netem,66366648,51306,0,0,0,0,0,62140852,11100,0,63816720,12670,0
2854,34248571286150,34248575526926,20009582,sB-eth3,up,34248575349924,netem,65926510,45617,0,0,0,0,0,61424516,9164,0,63382102,7065,0
2855,34248595499527,34248597855803,24213377,sA-eth3,up,34248597611380,netem,66366648,51306,0,0,0,0,0,62140852,11100,0,63816720,12670,0
2855,34248595499527,34248599884715,24213377,sB-eth3,up,34248599696013,netem,65926510,45617,0,0,0,0,0,61424516,9164,0,63382102,7065,0
2856,34248611270880,34248613147072,15771353,sA-eth3,up,34248612943779,netem,66366648,51306,0,0,0,0,0,62140852,11100,0,63816720,12670,0
2856,34248611270880,34248615142354,15771353,sB-eth3,up,34248614958622,netem,65926510,45617,0,0,0,0,0,61424516,9164,0,63382102,7065,0
2857,34248631279272,34248633231333,20008392,sA-eth3,up,34248633039192,netem,66366648,51306,0,0,0,0,0,62140852,11100,0,63816720,12670,0
2857,34248631279272,34248634948692,20008392,sB-eth3,up,34248634783871,netem,65926510,45617,0,0,0,0,0,61424516,9164,0,63382102,7065,0
2858,34248651290593,34248653189174,20011321,sA-eth3,up,34248652989932,netem,66366648,51306,0,0,0,0,0,62140852,11100,0,63816720,12670,0
2858,34248651290593,34248655284417,20011321,sB-eth3,up,34248655111555,netem,65926510,45617,0,0,0,0,0,61424516,9164,0,63382102,7065,0
2859,34248671277654,34248673289936,19987061,sA-eth3,up,34248673105954,netem,66366648,51306,0,0,0,0,0,62140852,11100,0,63816720,12670,0
2859,34248671277654,34248675516260,19987061,sB-eth3,up,34248675343899,netem,65926510,45617,0,0,0,0,0,61424516,9164,0,63382102,7065,0
2860,34248691275045,34248693130075,19997391,sA-eth3,up,34248692930113,netem,66366648,51306,0,0,0,0,0,62140852,11100,0,63816720,12670,0
2860,34248691275045,34248695117817,19997391,sB-eth3,up,34248694939236,netem,65926510,45617,0,0,0,0,0,61424516,9164,0,63382102,7065,0
2861,34248711279395,34248713139216,20004350,sA-eth3,up,34248712945334,netem,66366648,51306,0,0,0,0,0,62140852,11100,0,63816720,12670,0
2861,34248711279395,34248714768754,20004350,sB-eth3,up,34248714608703,netem,65926510,45617,0,0,0,0,0,61424516,9164,0,63382102,7065,0
2862,34248731274627,34248733477572,19995232,sA-eth3,up,34248733290159,netem,66366648,51306,0,0,0,0,0,62140852,11100,0,63816720,12670,0
2862,34248731274627,34248735726896,19995232,sB-eth3,up,34248735568054,netem,65926510,45617,0,0,0,0,0,61424516,9164,0,63382102,7065,0
2863,34248751272667,34248753421091,19998040,sA-eth3,up,34248753233009,netem,66366648,51306,0,0,0,0,0,62140852,11100,0,63816720,12670,0
2863,34248751272667,34248755373294,19998040,sB-eth3,up,34248755216541,netem,65926510,45617,0,0,0,0,0,61424586,9165,0,63382102,7065,0
2864,34248771271179,34248773328591,19998512,sA-eth3,up,34248773162229,netem,66366648,51306,0,0,0,0,0,62140852,11100,0,63816720,12670,0
2864,34248771271179,34248775255073,19998512,sB-eth3,up,34248775094241,netem,65926510,45617,0,0,0,0,0,61424586,9165,0,63382102,7065,0
2865,34248791270759,34248793139060,19999580,sA-eth3,up,34248792945148,netem,66366714,51307,0,0,0,66,1,62145328,11102,0,63816786,12671,0
2865,34248791270759,34248795188213,19999580,sB-eth3,up,34248795000331,netem,65926510,45617,0,0,0,0,0,61424586,9165,0,63382102,7065,0
2866,34248811278601,34248813205441,20007842,sA-eth3,up,34248813027300,netem,66366780,51308,0,0,0,0,0,62145328,11102,0,63816852,12672,0
2866,34248811278601,34248814889241,20007842,sB-eth3,up,34248814725618,netem,65926510,45617,0,0,0,0,0,61424586,9165,0,63382102,7065,0
2867,34248831272181,34248833276354,19993580,sA-eth3,up,34248833103371,netem,66366780,51308,0,0,0,0,0,62145328,11102,0,63816852,12672,0
2867,34248831272181,34248834957352,19993580,sB-eth3,up,34248834798070,netem,65926510,45617,0,0,0,0,0,61424586,9165,0,63382102,7065,0
2868,34248851280723,34248853167094,20008542,sA-eth3,up,34248852968001,netem,66366780,51308,0,0,0,0,0,62145328,11102,0,63816852,12672,0
2868,34248851280723,34248854863332,20008542,sB-eth3,up,34248854702550,netem,65926510,45617,0,0,0,0,0,61424586,9165,0,63382102,7065,0
2869,34248871271054,34248873095554,19990331,sA-eth3,up,34248872898331,netem,66366780,51308,0,0,0,0,0,62145328,11102,0,63816852,12672,0
2869,34248871271054,34248874813752,19990331,sB-eth3,up,34248874602840,netem,65926510,45617,0,0,0,0,0,61424586,9165,0,63382102,7065,0
2870,34248891280064,34248893160845,20009010,sA-eth3,up,34248892968743,netem,66366780,51308,0,0,0,0,0,62145328,11102,0,63816852,12672,0
2870,34248891280064,34248894870814,20009010,sB-eth3,up,34248894701172,netem,65926510,45617,0,0,0,0,0,61424586,9165,0,63382102,7065,0
2871,34248911280186,34248913151216,20000122,sA-eth3,up,34248912956154,netem,66366780,51308,0,0,0,0,0,62145328,11102,0,63816852,12672,0
2871,34248911280186,34248914841265,20000122,sB-eth3,up,34248914680313,netem,65926510,45617,0,0,0,0,0,61424586,9165,0,63382102,7065,0
2872,34248931287546,34248933211748,20007360,sA-eth3,up,34248932981655,netem,66366780,51308,0,0,0,0,0,62145328,11102,0,63816852,12672,0
2872,34248931287546,34248934926487,20007360,sB-eth3,up,34248934744195,netem,65926510,45617,0,0,0,0,0,61424586,9165,0,63382102,7065,0
2873,34248951275628,34248953643884,19988082,sA-eth3,up,34248953459541,netem,66366780,51308,0,0,0,0,0,62145328,11102,0,63816852,12672,0
2873,34248951275628,34248955502675,19988082,sB-eth3,up,34248955319712,netem,65926510,45617,0,0,0,0,0,61424586,9165,0,63382102,7065,0
2874,34248971275768,34248973251240,20000140,sA-eth3,up,34248973066928,netem,66366780,51308,0,0,0,0,0,62145328,11102,0,63816852,12672,0
2874,34248971275768,34248975255502,20000140,sB-eth3,up,34248975094090,netem,65926510,45617,0,0,0,0,0,61424586,9165,0,63382102,7065,0
2875,34248991286890,34248993273581,20011122,sA-eth3,up,34248993083770,netem,66366780,51308,0,0,0,0,0,62145328,11102,0,63816852,12672,0
2875,34248991286890,34248995304474,20011122,sB-eth3,up,34248995131102,netem,65926510,45617,0,0,0,0,0,61424586,9165,0,63382102,7065,0
2876,34249011271910,34249013241722,19985020,sA-eth3,up,34249013063810,netem,66367176,51314,0,0,0,66,1,62164614,11109,0,63817248,12678,0
2876,34249011271910,34249015539017,19985020,sB-eth3,up,34249015351225,netem,65926510,45617,0,0,0,0,0,61424586,9165,0,63382102,7065,0
2877,34249031277131,34249033144222,20005221,sA-eth3,up,34249032946240,netem,66367884,51324,0,0,0,78,1,62236226,11119,0,63818034,12689,0
2877,34249031277131,34249034973332,20005221,sB-eth3,up,34249034805950,netem,65926510,45617,0,0,0,0,0,61424586,9165,0,63382102,7065,0
2878,34249051299323,34249053281804,20022192,sA-eth3,up,34249053098552,netem,66368754,51337,0,0,0,0,0,62353056,11134,0,63818826,12701,0
2878,34249051299323,34249055314777,20022192,sB-eth3,up,34249055154275,netem,65926840,45622,0,0,0,66,1,61519258,9173,0,63382432,7070,0
2879,34249071275353,34249073228185,19976030,sA-eth3,up,34249073049852,netem,66369518,51347,0,0,0,86,1,62449350,11145,0,63819676,12712,0
2879,34249071275353,34249074946874,19976030,sB-eth3,up,34249074786072,netem,65927566,45633,0,0,0,0,0,61801358,9191,0,63383158,7081,0
2880,34249091271304,34249093138795,19995951,sA-eth3,up,34249092952142,netem,66370520,51360,0,0,0,66,1,62568944,11158,0,63820592,12724,0
2880,34249091271304,34249095293889,19995951,sB-eth3,up,34249095137867,netem,65927566,45633,0,0,0,0,0,62093594,9209,0,63383158,7081,0
2881,34249111271005,34249113100995,19999701,sA-eth3,up,34249112911004,netem,66371224,51370,0,0,0,86,1,62671030,11169,0,63821296,12734,0
2881,34249111271005,34249114912876,19999701,sB-eth3,up,34249114759464,netem,65927632,45634,0,0,0,0,0,62248006,9223,0,63383224,7082,0
2882,34249131273636,34249133110816,20002631,sA-eth3,up,34249132919884,netem,66372340,51384,0,0,0,78,1,62755872,11182,0,63822412,12748,0
2882,34249131273636,34249134940316,20002631,sB-eth3,up,34249134782614,netem,65927698,45635,0,0,0,0,0,62450400,9240,0,63383290,7083,0
2883,34249151280817,34249153154797,20007181,sA-eth3,up,34249152960606,netem,66373192,51396,0,0,0,0,0,62834724,11192,0,63823264,12760,0
2883,34249151280817,34249155037199,20007181,sB-eth3,up,34249154858606,netem,65927698,45635,0,0,0,0,0,62675962,9257,0,63383290,7083,0
2884,34249171275747,34249173166059,19994930,sA-eth3,up,34249172972597,netem,66373870,51405,0,0,0,0,0,62920882,11203,0,63823942,12769,0
2884,34249171275747,34249175390934,19994930,sB-eth3,up,34249175235991,netem,65927764,45636,0,0,0,0,0,62923376,9276,0,63383356,7084,0
2885,34249191270919,34249193096119,19995172,sA-eth3,up,34249192900466,netem,66374378,51411,0,0,0,86,1,62973406,11209,0,63824450,12775,0
2885,34249191270919,34249194736907,19995172,sB-eth3,up,34249194581285,netem,65927830,45637,0,0,0,0,0,63156244,9294,0,63383422,7085,0
2886,34249211267989,34249213042299,19997070,sA-eth3,up,34249212857737,netem,66375184,51422,0,0,0,78,1,63060946,11219,0,63825256,12786,0
2886,34249211267989,34249214961191,19997070,sB-eth3,up,34249214808158,netem,65927830,45637,0,0,0,0,0,63396352,9312,0,63383422,7085,0
2887,34249231273750,34249233119011,20005761,sA-eth3,up,34249232930349,netem,66375898,51431,0,0,0,78,1,63139798,11229,0,63825970,12795,0
2887,34249231273750,34249234921481,20005761,sB-eth3,up,34249234766989,netem,65927896,45638,0,0,0,0,0,63532190,9323,0,63383488,7086,0
2888,34249251271502,34249253487506,19997752,sA-eth3,up,34249253301114,netem,66376738,51443,0,0,0,78,1,63227404,11240,0,63826810,12807,0
2888,34249251271502,34249255331666,19997752,sB-eth3,up,34249255169294,netem,65927896,45638,0,0,0,0,0,63532190,9323,0,63383488,7086,0
2889,34249271265592,34249273504897,19994090,sA-eth3,up,34249273324795,netem,66377482,51453,0,0,0,0,0,63301846,11249,0,63827554,12817,0
2889,34249271265592,34249275310097,19994090,sB-eth3,up,34249275152086,netem,65927962,45639,0,0,0,0,0,63532190,9323,0,63383554,7087,0
2890,34249291273354,34249293218485,20007762,sA-eth3,up,34249293043553,netem,66378000,51460,0,0,0,0,0,63380632,11258,0,63828072,12824,0
2890,34249291273354,34249294858873,20007762,sB-eth3,up,34249294701961,netem,65927962,45639,0,0,0,0,0,63532190,9323,0,63383554,7087,0
2891,34249311274444,34249313256606,20001090,sA-eth3,up,34249313090004,netem,66378860,51472,0,0,0,0,0,63476992,11270,0,63828932,12836,0
2891,34249311274444,34249315090596,20001090,sB-eth3,up,34249314919385,netem,65927962,45639,0,0,0,0,0,63532190,9323,0,63383554,7087,0
2892,34249331292966,34249333282508,20018522,sA-eth3,up,34249333091236,netem,66379466,51481,0,0,0,0,0,63533926,11277,0,63829538,12845,0
2892,34249331292966,34249334975676,20018522,sB-eth3,up,34249334801555,netem,65927962,45639,0,0,0,0,0,63532190,9323,0,63383554,7087,0
2893,34249351291567,34249353150747,19998601,sA-eth3,up,34249352962955,netem,66379832,51486,0,0,0,0,0,63569008,11282,0,63829904,12850,0
2893,34249351291567,34249355429492,19998601,sB-eth3,up,34249355255950,netem,65927962,45639,0,0,0,0,0,63532190,9323,0,63383554,7087,0
2894,34249371276827,34249373100738,19985260,sA-eth3,up,34249372903716,netem,66379832,51486,0,0,0,0,0,63569008,11282,0,63829904,12850,0
2894,34249371276827,34249374767965,19985260,sB-eth3,up,34249374606455,netem,65927962,45639,0,0,0,0,0,63532190,9323,0,63383554,7087,0
2895,34249391281978,34249393306831,20005151,sA-eth3,up,34249393114579,netem,66379832,51486,0,0,0,0,0,63569008,11282,0,63829904,12850,0
2895,34249391281978,34249395164491,20005151,sB-eth3,up,34249394983410,netem,65927962,45639,0,0,0,0,0,63532190,9323,0,63383554,7087,0
2896,34249411284569,34249413194091,20002591,sA-eth3,up,34249412995998,netem,66379832,51486,0,0,0,0,0,63569008,11282,0,63829904,12850,0
2896,34249411284569,34249415087291,20002591,sB-eth3,up,34249414902020,netem,65927962,45639,0,0,0,0,0,63532190,9323,0,63383554,7087,0
2897,34249431278060,34249433176791,19993491,sA-eth3,up,34249432973038,netem,66379832,51486,0,0,0,0,0,63569008,11282,0,63829904,12850,0
2897,34249431278060,34249434824170,19993491,sB-eth3,up,34249434660747,netem,65927962,45639,0,0,0,0,0,63532190,9323,0,63383554,7087,0
2898,34249451278021,34249453130761,19999961,sA-eth3,up,34249452931509,netem,66379832,51486,0,0,0,0,0,63569008,11282,0,63829904,12850,0
2898,34249451278021,34249455042652,19999961,sB-eth3,up,34249454753840,netem,65927962,45639,0,0,0,0,0,63532190,9323,0,63383554,7087,0
2899,34249471282652,34249473192653,20004631,sA-eth3,up,34249472994090,netem,66379832,51486,0,0,0,0,0,63569008,11282,0,63829904,12850,0
2899,34249471282652,34249475517209,20004631,sB-eth3,up,34249475326747,netem,65927962,45639,0,0,0,0,0,63532190,9323,0,63383554,7087,0
2900,34249491276623,34249493223015,19993971,sA-eth3,up,34249493043483,netem,66379832,51486,0,0,0,0,0,63569008,11282,0,63829904,12850,0
2900,34249491276623,34249495221067,19993971,sB-eth3,up,34249495059595,netem,65927962,45639,0,0,0,0,0,63532190,9323,0,63383554,7087,0
2901,34249511289844,34249513259756,20013221,sA-eth3,up,34249513070484,netem,66379832,51486,0,0,0,0,0,63569008,11282,0,63829904,12850,0
2901,34249511289844,34249515137367,20013221,sB-eth3,up,34249514961405,netem,65927962,45639,0,0,0,0,0,63532190,9323,0,63383554,7087,0
2902,34249531289775,34249533195107,19999931,sA-eth3,up,34249532987224,netem,66379832,51486,0,0,0,0,0,63569008,11282,0,63829904,12850,0
2902,34249531289775,34249534893556,19999931,sB-eth3,up,34249534734733,netem,65927962,45639,0,0,0,0,0,63532190,9323,0,63383554,7087,0
2903,34249551278275,34249553105047,19988500,sA-eth3,up,34249552914305,netem,66379832,51486,0,0,0,0,0,63569008,11282,0,63829904,12850,0
2903,34249551278275,34249554755045,19988500,sB-eth3,up,34249554592963,netem,65927962,45639,0,0,0,0,0,63532190,9323,0,63383554,7087,0
2904,34249571269747,34249573342870,19991472,sA-eth3,up,34249573175308,netem,66379988,51488,0,0,0,0,0,63573484,11284,0,63830060,12852,0
2904,34249571269747,34249575224300,19991472,sB-eth3,up,34249575070559,netem,65927962,45639,0,0,0,0,0,63532190,9323,0,63383554,7087,0
2905,34249591272028,34249593164309,20002281,sA-eth3,up,34249592976087,netem,66379988,51488,0,0,0,0,0,63573484,11284,0,63830060,12852,0
2905,34249591272028,34249595038210,20002281,sB-eth3,up,34249594865847,netem,65927962,45639,0,0,0,0,0,63532190,9323,0,63383554,7087,0
2906,34249611285349,34249613138479,20013321,sA-eth3,up,34249612938427,netem,66379988,51488,0,0,0,0,0,63573484,11284,0,63830060,12852,0
2906,34249611285349,34249614941469,20013321,sB-eth3,up,34249614780458,netem,65927962,45639,0,0,0,0,0,63532190,9323,0,63383554,7087,0
2907,34249631290170,34249633177011,20004821,sA-eth3,up,34249632972049,netem,66379988,51488,0,0,0,0,0,63573484,11284,0,63830060,12852,0
2907,34249631290170,34249635022281,20004821,sB-eth3,up,34249634846719,netem,65927962,45639,0,0,0,0,0,63532190,9323,0,63383554,7087,0
2908,34249651276491,34249653157841,19986321,sA-eth3,up,34249652965479,netem,66379988,51488,0,0,0,0,0,63573484,11284,0,63830060,12852,0
2908,34249651276491,34249654991301,19986321,sB-eth3,up,34249654835050,netem,65927962,45639,0,0,0,0,0,63532190,9323,0,63383554,7087,0
2909,34249671281892,34249673208033,20005401,sA-eth3,up,34249673028781,netem,66379988,51488,0,0,0,0,0,63573484,11284,0,63830060,12852,0
2909,34249671281892,34249674849721,20005401,sB-eth3,up,34249674696879,netem,65927962,45639,0,0,0,0,0,63532190,9323,0,63383554,7087,0
2910,34249691266572,34249693101373,19984680,sA-eth3,up,34249692912761,netem,66379988,51488,0,0,0,0,0,63573484,11284,0,63830060,12852,0
2910,34249691266572,34249694797941,19984680,sB-eth3,up,34249694642740,netem,65927962,45639,0,0,0,0,0,63532190,9323,0,63383554,7087,0
2911,34249711286054,34249713160844,20019482,sA-eth3,up,34249712967332,netem,66379988,51488,0,0,0,0,0,63573484,11284,0,63830060,12852,0
2911,34249711286054,34249714811963,20019482,sB-eth3,up,34249714654251,netem,65927962,45639,0,0,0,0,0,63532190,9323,0,63383554,7087,0
2912,34249731287975,34249733129656,20001921,sA-eth3,up,34249732925043,netem,66379988,51488,0,0,0,0,0,63573484,11284,0,63830060,12852,0
2912,34249731287975,34249735421631,20001921,sB-eth3,up,34249735255079,netem,65927962,45639,0,0,0,0,0,63532190,9323,0,63383554,7087,0
2913,34249751281416,34249753235578,19993441,sA-eth3,up,34249753056905,netem,66379988,51488,0,0,0,0,0,63573484,11284,0,63830060,12852,0
2913,34249751281416,34249755102318,19993441,sB-eth3,up,34249754926926,netem,65927962,45639,0,0,0,0,0,63532190,9323,0,63383554,7087,0
2914,34249771301427,34249773366629,20020011,sA-eth3,up,34249773142647,netem,66379988,51488,0,0,0,78,1,63574998,11285,0,63830060,12852,0
2914,34249771301427,34249775175609,20020011,sB-eth3,up,34249775000048,netem,65927962,45639,0,0,0,0,0,63532190,9323,0,63383554,7087,0
2915,34249791277547,34249793028176,19976120,sA-eth3,up,34249792837305,netem,66380684,51498,0,0,0,0,0,63603170,11295,0,63830756,12862,0
2915,34249791277547,34249794853547,19976120,sB-eth3,up,34249794693445,netem,65927962,45639,0,0,0,0,0,63532190,9323,0,63383554,7087,0
2916,34249811273499,34249813093589,19995952,sA-eth3,up,34249812902366,netem,66381248,51506,0,0,0,66,1,63647204,11304,0,63831320,12870,0
2916,34249811273499,34249814742496,19995952,sB-eth3,up,34249814587695,netem,65927962,45639,0,0,0,0,0,63532190,9323,0,63383554,7087,0
2917,34249831274759,34249833110189,20001260,sA-eth3,up,34249832926048,netem,66381446,51509,0,0,0,0,0,63658920,11306,0,63831518,12873,0
2917,34249831274759,34249835039941,20001260,sB-eth3,up,34249834855859,netem,65927962,45639,0,0,0,0,0,63532190,9323,0,63383554,7087,0
2918,34249851274021,34249853135451,19999262,sA-eth3,up,34249852941029,netem,66381446,51509,0,0,0,0,0,63658920,11306,0,63831518,12873,0
2918,34249851274021,34249854908121,19999262,sB-eth3,up,34249854748858,netem,65927962,45639,0,0,0,0,0,63532190,9323,0,63383554,7087,0
2919,34249871267741,34249872980610,19993720,sA-eth3,up,34249872815068,netem,66381446,51509,0,0,0,0,0,63658920,11306,0,63831518,12873,0
2919,34249871267741,34249874796580,19993720,sB-eth3,up,34249874640598,netem,65927962,45639,0,0,0,0,0,63532190,9323,0,63383554,7087,0
2920,34249891276423,34249893087412,20008682,sA-eth3,up,34249892902901,netem,66381446,51509,0,0,0,0,0,63658920,11306,0,63831518,12873,0
2920,34249891276423,34249894692070,20008682,sB-eth3,up,34249894536168,netem,65927962,45639,0,0,0,0,0,63532190,9323,0,63383554,7087,0
2921,34249911271424,34249913563779,19995001,sA-eth3,up,34249913386126,netem,66381446,51509,0,0,0,0,0,63658920,11306,0,63831518,12873,0
2921,34249911271424,34249915515060,19995001,sB-eth3,up,34249915346018,netem,65927962,45639,0,0,0,0,0,63532190,9323,0,63383554,7087,0
2922,34249931272954,34249933100994,20001530,sA-eth3,up,34249932915692,netem,66381446,51509,0,0,0,0,0,63658920,11306,0,63831518,12873,0
2922,34249931272954,34249934942855,20001530,sB-eth3,up,34249934783623,netem,65927962,45639,0,0,0,0,0,63532190,9323,0,63383554,7087,0
2923,34249951267135,34249953092375,19994181,sA-eth3,up,34249952898943,netem,66381446,51509,0,0,0,0,0,63658920,11306,0,63831518,12873,0
2923,34249951267135,34249954870665,19994181,sB-eth3,up,34249954714932,netem,65927962,45639,0,0,0,0,0,63532190,9323,0,63383554,7087,0
2924,34249971275106,34249973111416,20007971,sA-eth3,up,34249972928515,netem,66381446,51509,0,0,0,0,0,63658920,11306,0,63831518,12873,0
2924,34249971275106,34249974981097,20007971,sB-eth3,up,34249974827405,netem,65927962,45639,0,0,0,0,0,63532190,9323,0,63383554,7087,0
2925,34249991271957,34249993109648,19996851,sA-eth3,up,34249992926455,netem,66381446,51509,0,0,0,0,0,63658920,11306,0,63831518,12873,0
2925,34249991271957,34249994758235,19996851,sB-eth3,up,34249994604104,netem,65927962,45639,0,0,0,0,0,63532190,9323,0,63383554,7087,0
2926,34250011280448,34250013419171,20008491,sA-eth3,up,34250013228820,netem,66381446,51509,0,0,0,0,0,63658920,11306,0,63831518,12873,0
2926,34250011280448,34250015664146,20008491,sB-eth3,up,34250015501905,netem,65927962,45639,0,0,0,0,0,63532190,9323,0,63383554,7087,0
2927,34250031266888,34250033179700,19986440,sA-eth3,up,34250032991368,netem,66381446,51509,0,0,0,0,0,63658920,11306,0,63831518,12873,0
2927,34250031266888,34250034830577,19986440,sB-eth3,up,34250034663096,netem,65927962,45639,0,0,0,0,0,63532190,9323,0,63383554,7087,0
2928,34250051277710,34250053169490,20010822,sA-eth3,up,34250052968239,netem,66381446,51509,0,0,0,0,0,63658920,11306,0,63831518,12873,0
2928,34250051277710,34250055142482,20010822,sB-eth3,up,34250054969601,netem,65927962,45639,0,0,0,0,0,63532190,9323,0,63383554,7087,0
2929,34250071269700,34250073113651,19991990,sA-eth3,up,34250072923739,netem,66381446,51509,0,0,0,0,0,63658920,11306,0,63831518,12873,0
2929,34250071269700,34250075039842,19991990,sB-eth3,up,34250074855630,netem,65927962,45639,0,0,0,0,0,63532190,9323,0,63383554,7087,0
2930,34250091280382,34250093153742,20010682,sA-eth3,up,34250092967190,netem,66381446,51509,0,0,0,0,0,63658920,11306,0,63831518,12873,0
2930,34250091280382,34250094790231,20010682,sB-eth3,up,34250094635389,netem,65927962,45639,0,0,0,0,0,63532190,9323,0,63383554,7087,0
2931,34250111273083,34250113082112,19992701,sA-eth3,up,34250112893730,netem,66381446,51509,0,0,0,0,0,63658920,11306,0,63831518,12873,0
2931,34250111273083,34250114720251,19992701,sB-eth3,up,34250114566199,netem,65927962,45639,0,0,0,0,0,63532190,9323,0,63383554,7087,0
2932,34250131267763,34250133472168,19994680,sA-eth3,up,34250133288486,netem,66381446,51509,0,0,0,0,0,63658920,11306,0,63831518,12873,0
2932,34250131267763,34250135286647,19994680,sB-eth3,up,34250135118546,netem,65927962,45639,0,0,0,0,0,63532190,9323,0,63383554,7087,0
2933,34250151278355,34250153307277,20010592,sA-eth3,up,34250153117525,netem,66381446,51509,0,0,0,0,0,63658920,11306,0,63831518,12873,0
2933,34250151278355,34250155215039,20010592,sB-eth3,up,34250155050656,netem,65927962,45639,0,0,0,0,0,63532190,9323,0,63383554,7087,0
2934,34250171280435,34250173194337,20002080,sA-eth3,up,34250173020664,netem,66381446,51509,0,0,0,0,0,63658920,11306,0,63831518,12873,0
2934,34250171280435,34250175072277,20002080,sB-eth3,up,34250174897196,netem,65927962,45639,0,0,0,0,0,63532190,9323,0,63383554,7087,0
2935,34250191274497,34250193137017,19994062,sA-eth3,up,34250192946535,netem,66381446,51509,0,0,0,0,0,63658920,11306,0,63831518,12873,0
2935,34250191274497,34250194938877,19994062,sB-eth3,up,34250194782966,netem,65927962,45639,0,0,0,0,0,63532190,9323,0,63383554,7087,0
2936,34250211268077,34250213091897,19993580,sA-eth3,up,34250212904486,netem,66381446,51509,0,0,0,0,0,63658920,11306,0,63831518,12873,0
2936,34250211268077,34250214882968,19993580,sB-eth3,up,34250214724296,netem,65927962,45639,0,0,0,0,0,63532190,9323,0,63383554,7087,0
2937,34250231278808,34250233195980,20010731,sA-eth3,up,34250232996397,netem,66381446,51509,0,0,0,0,0,63658920,11306,0,63831518,12873,0
2937,34250231278808,34250235066541,20010731,sB-eth3,up,34250234876778,netem,65927962,45639,0,0,0,0,0,63532190,9323,0,63383554,7087,0
2938,34250251285599,34250253167531,20006791,sA-eth3,up,34250252938818,netem,66381446,51509,0,0,0,0,0,63658920,11306,0,63831518,12873,0
2938,34250251285599,34250255157232,20006791,sB-eth3,up,34250254979610,netem,65927962,45639,0,0,0,0,0,63532190,9323,0,63383554,7087,0
2939,34250271281151,34250273127801,19995552,sA-eth3,up,34250272931208,netem,66381446,51509,0,0,0,0,0,63658920,11306,0,63831518,12873,0
2939,34250271281151,34250274780090,19995552,sB-eth3,up,34250274620488,netem,65927962,45639,0,0,0,0,0,63532190,9323,0,63383554,7087,0
2940,34250291270161,34250293183072,19989010,sA-eth3,up,34250292982171,netem,66381446,51509,0,0,0,0,0,63658920,11306,0,63831518,12873,0
2940,34250291270161,34250294836890,19989010,sB-eth3,up,34250294677598,netem,65927962,45639,0,0,0,0,0,63532190,9323,0,63383554,7087,0
2941,34250311278732,34250313094953,20008571,sA-eth3,up,34250312898250,netem,66381446,51509,0,0,0,0,0,63658920,11306,0,63831518,12873,0
2941,34250311278732,34250314726350,20008571,sB-eth3,up,34250314568068,netem,65927962,45639,0,0,0,0,0,63532190,9323,0,63383554,7087,0
2942,34250331276624,34250333549729,19997892,sA-eth3,up,34250333364076,netem,66381446,51509,0,0,0,0,0,63658920,11306,0,63831518,12873,0
2942,34250331276624,34250335446319,19997892,sB-eth3,up,34250335271148,netem,65927962,45639,0,0,0,0,0,63532190,9323,0,63383554,7087,0
2943,34250351277774,34250353166855,20001150,sA-eth3,up,34250352977333,netem,66381446,51509,0,0,0,0,0,63658920,11306,0,63831518,12873,0
2943,34250351277774,34250355061176,20001150,sB-eth3,up,34250354879924,netem,65927962,45639,0,0,0,0,0,63532190,9323,0,63383554,7087,0
2944,34250371279005,34250373176766,20001231,sA-eth3,up,34250372982004,netem,66381446,51509,0,0,0,0,0,63658920,11306,0,63831518,12873,0
2944,34250371279005,34250375043468,20001231,sB-eth3,up,34250374864385,netem,65927962,45639,0,0,0,0,0,63532190,9323,0,63383554,7087,0
2945,34250391280026,34250393195338,20001021,sA-eth3,up,34250393029215,netem,66381446,51509,0,0,0,0,0,63658920,11306,0,63831518,12873,0
2945,34250391280026,34250394865576,20001021,sB-eth3,up,34250394711605,netem,65927962,45639,0,0,0,0,0,63532190,9323,0,63383554,7087,0
2946,34250411292108,34250413194788,20012082,sA-eth3,up,34250412994696,netem,66381446,51509,0,0,0,0,0,63658920,11306,0,63831518,12873,0
2946,34250411292108,34250415178600,20012082,sB-eth3,up,34250415016188,netem,65927962,45639,0,0,0,0,0,63532190,9323,0,63383554,7087,0
2947,34250431267898,34250433119538,19975790,sA-eth3,up,34250432935667,netem,66381446,51509,0,0,0,0,0,63658920,11306,0,63831518,12873,0
2947,34250431267898,34250434817307,19975790,sB-eth3,up,34250434662285,netem,65927962,45639,0,0,0,0,0,63532190,9323,0,63383554,7087,0
2948,34250451295250,34250453491553,20027352,sA-eth3,up,34250453270221,netem,66381578,51511,0,0,0,0,0,63661892,11308,0,63831650,12875,0
2948,34250451295250,34250455340384,20027352,sB-eth3,up,34250455175422,netem,65927962,45639,0,0,0,0,0,63532190,9323,0,63383554,7087,0
2949,34250471278230,34250473119551,19982980,sA-eth3,up,34250472916818,netem,66381578,51511,0,0,0,0,0,63661892,11308,0,63831650,12875,0
2949,34250471278230,34250474785649,19982980,sB-eth3,up,34250474624717,netem,65927962,45639,0,0,0,0,0,63532190,9323,0,63383554,7087,0
2950,34250491271631,34250493155122,19993401,sA-eth3,up,34250492905250,netem,66381578,51511,0,0,0,0,0,63661892,11308,0,63831650,12875,0
2950,34250491271631,34250494841050,19993401,sB-eth3,up,34250494673359,netem,65927962,45639,0,0,0,0,0,63532190,9323,0,63383554,7087,0
2951,34250511278773,34250513352965,20007142,sA-eth3,up,34250513182483,netem,66381578,51511,0,0,0,0,0,63661892,11308,0,63831650,12875,0
2951,34250511278773,34250515194005,20007142,sB-eth3,up,34250515032704,netem,65927962,45639,0,0,0,0,0,63532190,9323,0,63383554,7087,0
2952,34250531268843,34250533056213,19990070,sA-eth3,up,34250532871930,netem,66381578,51511,0,0,0,0,0,63661892,11308,0,63831650,12875,0
2952,34250531268843,34250534668041,19990070,sB-eth3,up,34250534512029,netem,65927962,45639,0,0,0,0,0,63532190,9323,0,63383554,7087,0
2953,34250551274003,34250553028743,20005160,sA-eth3,up,34250552845381,netem,66381578,51511,0,0,0,0,0,63661892,11308,0,63831650,12875,0
2953,34250551274003,34250554935855,20005160,sB-eth3,up,34250554777802,netem,65927962,45639,0,0,0,0,0,63532190,9323,0,63383554,7087,0
2954,34250571286325,34250573229537,20012322,sA-eth3,up,34250572977514,netem,66381578,51511,0,0,0,0,0,63661892,11308,0,63831650,12875,0
2954,34250571286325,34250575147827,20012322,sB-eth3,up,34250574926435,netem,65927962,45639,0,0,0,0,0,63532190,9323,0,63383554,7087,0
2955,34250591294536,34250593325278,20008211,sA-eth3,up,34250593091196,netem,66381578,51511,0,0,0,0,0,63661892,11308,0,63831650,12875,0
2955,34250591294536,34250595282020,20008211,sB-eth3,up,34250595070387,netem,65927962,45639,0,0,0,0,0,63532190,9323,0,63383554,7087,0
2956,34250611281277,34250613234589,19986741,sA-eth3,up,34250612985216,netem,66381578,51511,0,0,0,0,0,63661892,11308,0,63831650,12875,0
2956,34250611281277,34250614973517,19986741,sB-eth3,up,34250614759076,netem,65927962,45639,0,0,0,0,0,63532190,9323,0,63383554,7087,0
2957,34250631293518,34250633214789,20012241,sA-eth3,up,34250632959666,netem,66381578,51511,0,0,0,0,0,63661892,11308,0,63831650,12875,0
2957,34250631293518,34250634939859,20012241,sB-eth3,up,34250634733276,netem,65927962,45639,0,0,0,0,0,63532190,9323,0,63383554,7087,0
2958,34250651285609,34250653524874,19992091,sA-eth3,up,34250653280401,netem,66381578,51511,0,0,0,0,0,63661892,11308,0,63831650,12875,0
2958,34250651285609,34250655451185,19992091,sB-eth3,up,34250655217192,netem,65927962,45639,0,0,0,0,0,63532190,9323,0,63383554,7087,0
2959,34250671289590,34250673238012,20003981,sA-eth3,up,34250673027489,netem,66381578,51511,0,0,0,0,0,63661892,11308,0,63831650,12875,0
2959,34250671289590,34250674953201,20003981,sB-eth3,up,34250674758739,netem,65927962,45639,0,0,0,0,0,63532190,9323,0,63383554,7087,0
2960,34250691291491,34250693541015,20001901,sA-eth3,up,34250693323794,netem,66381578,51511,0,0,0,0,0,63661892,11308,0,63831650,12875,0
2960,34250691291491,34250695418887,20001901,sB-eth3,up,34250695214234,netem,65927962,45639,0,0,0,0,0,63532190,9323,0,63383554,7087,0
2961,34250711291382,34250713393154,19999891,sA-eth3,up,34250713162402,netem,66381578,51511,0,0,0,0,0,63661892,11308,0,63831650,12875,0
2961,34250711291382,34250715299266,19999891,sB-eth3,up,34250715085754,netem,65927962,45639,0,0,0,0,0,63532190,9323,0,63383554,7087,0
2962,34250731297312,34250733218524,20005930,sA-eth3,up,34250732966101,netem,66381578,51511,0,0,0,0,0,63661892,11308,0,63831650,12875,0
2962,34250731297312,34250735303817,20005930,sB-eth3,up,34250735086644,netem,65927962,45639,0,0,0,0,0,63532190,9323,0,63383554,7087,0
2963,34250751285134,34250753295016,19987822,sA-eth3,up,34250753116494,netem,66381578,51511,0,0,0,0,0,63661892,11308,0,63831650,12875,0
2963,34250751285134,34250755165566,19987822,sB-eth3,up,34250754967594,netem,65927962,45639,0,0,0,0,0,63532190,9323,0,63383554,7087,0
2964,34250771279214,34250773435969,19994080,sA-eth3,up,34250773156815,netem,66381578,51511,0,0,0,0,0,63661892,11308,0,63831650,12875,0
2964,34250771279214,34250775417170,19994080,sB-eth3,up,34250775232818,netem,65927962,45639,0,0,0,0,0,63532190,9323,0,63383554,7087,0
2965,34250791274535,34250793135786,19995321,sA-eth3,up,34250792942374,netem,66381578,51511,0,0,0,0,0,63661892,11308,0,63831650,12875,0
2965,34250791274535,34250795460701,19995321,sB-eth3,up,34250795271979,netem,65928052,45640,0,0,0,15140,1,63532256,9324,0,63383644,7088,0
2966,34250811269996,34250813538961,19995461,sA-eth3,up,34250813349379,netem,66382088,51518,0,0,0,0,0,63700026,11315,0,63832160,12882,0
2966,34250811269996,34250815242131,19995461,sB-eth3,up,34250815079849,netem,66162722,45795,0,0,0,45420,3,63533378,9341,0,63623686,7105,0
2967,34250831285737,34250833135578,20015741,sA-eth3,up,34250832940395,netem,66382688,51526,0,0,0,0,0,63735306,11323,0,63832760,12890,0
2967,34250831285737,34250834827336,20015741,sB-eth3,up,34250834644235,netem,66420102,45965,0,0,0,30280,2,63534500,9358,0,63856488,7122,0
2968,34250851278868,34250853176769,19993131,sA-eth3,up,34250852975366,netem,66383456,51536,0,0,0,0,0,63793886,11333,0,63833528,12900,0
2968,34250851278868,34250854840848,19993131,sB-eth3,up,34250854677086,netem,66660828,46124,0,0,0,46934,4,63535688,9376,0,64099492,7140,0
2969,34250871277549,34250873085089,19998681,sA-eth3,up,34250872885796,netem,66384082,51545,0,0,0,0,0,63852334,11341,0,63834154,12909,0
2969,34250871277549,34250874720397,19998681,sB-eth3,up,34250874558755,netem,66915180,46292,0,0,0,39364,3,63536876,9394,0,64332360,7158,0
2970,34250891281159,34250893586436,20003610,sA-eth3,up,34250893408454,netem,66384868,51556,0,0,0,66,1,63921248,11354,0,63834940,12920,0
2970,34250891281159,34250895920182,20003610,sB-eth3,up,34250895756359,netem,67169532,46460,0,0,0,57532,4,63538196,9414,0,64594320,7178,0
2971,34250911284631,34250913243783,20003472,sA-eth3,up,34250913056421,netem,66385716,51568,0,0,0,0,0,64003128,11366,0,63835788,12932,0
2971,34250911284631,34250914962781,20003472,sB-eth3,up,34250914793680,netem,67422370,46627,0,0,0,49962,4,63539318,9431,0,64819882,7195,0
2972,34250931273532,34250933193153,19988901,sA-eth3,up,34250932980711,netem,66386514,51579,0,0,0,0,0,64081980,11376,0,63836586,12943,0
2972,34250931273532,34250935458048,19988901,sB-eth3,up,34250935285706,netem,67676722,46795,0,0,0,33308,2,63540506,9449,0,65064400,7214,0
2973,34250951269283,34250953155974,19995751,sA-eth3,up,34250952975201,netem,66387220,51588,0,0,0,0,0,64150630,11385,0,63837292,12952,0
2973,34250951269283,34250955149076,19995751,sB-eth3,up,34250954970594,netem,67918962,46955,0,0,0,45420,3,63541694,9467,0,65297268,7232,0
2974,34250971276194,34250973123034,20006911,sA-eth3,up,34250972936433,netem,66388110,51599,0,0,0,0,0,64203418,11395,0,63838182,12963,0
2974,34250971276194,34250975335678,20006911,sB-eth3,up,34250975173997,netem,68120838,47089,0,0,0,0,0,63542684,9482,0,65491290,7247,0
2975,34250991268895,34250993195446,19992701,sA-eth3,up,34250993024374,netem,66388632,51606,0,0,0,66,1,64269172,11404,0,63838704,12970,0
2975,34250991268895,34250994859054,19992701,sB-eth3,up,34250994705073,netem,68120838,47089,0,0,0,0,0,63542684,9482,0,65491290,7247,0
2976,34251011275476,34251013197097,20006581,sA-eth3,up,34251013024285,netem,66389142,51613,0,0,0,0,0,64313008,11410,0,63839214,12977,0
2976,34251011275476,34251014890696,20006581,sB-eth3,up,34251014724194,netem,68120838,47089,0,0,0,0,0,63557320,9484,0,65491290,7247,0
2977,34251031269996,34251033119327,19994520,sA-eth3,up,34251032922425,netem,66389604,51620,0,0,0,0,0,64356844,11416,0,63839676,12984,0
2977,34251031269996,34251034766825,19994520,sB-eth3,up,34251034608614,netem,68121894,47105,0,0,0,0,0,63627946,9501,0,65492346,7263,0
2978,34251051276628,34251053157298,20006632,sA-eth3,up,34251052952196,netem,66390048,51626,0,0,0,0,0,64400680,11422,0,63840120,12990,0
2978,34251051276628,34251054833787,20006632,sB-eth3,up,34251054668345,netem,68121894,47105,0,0,0,0,0,63629460,9502,0,65492346,7263,0
2979,34251071270479,34251073112598,19993851,sA-eth3,up,34251072927057,netem,66390612,51634,0,0,0,66,1,64473740,11432,0,63840684,12998,0
2979,34251071270479,34251074804067,19993851,sB-eth3,up,34251074650086,netem,68121894,47105,0,0,0,0,0,63629460,9502,0,65492346,7263,0
2980,34251091273430,34251093131540,20002951,sA-eth3,up,34251092947838,netem,66391230,51643,0,0,0,0,0,64532188,11440,0,63841302,13007,0
2980,34251091273430,34251094774038,20002951,sB-eth3,up,34251094617196,netem,68121960,47106,0,0,0,0,0,63635384,9504,0,65492412,7264,0
2981,34251111271460,34251113106010,19998030,sA-eth3,up,34251112903488,netem,66391638,51649,0,0,0,0,0,64583330,11447,0,63841710,13013,0
2981,34251111271460,34251115434496,19998030,sB-eth3,up,34251115248375,netem,68121960,47106,0,0,0,0,0,63636898,9505,0,65492412,7264,0
2982,34251131275141,34251133141902,20003681,sA-eth3,up,34251132945900,netem,66392268,51658,0,0,0,0,0,64634472,11454,0,63842340,13022,0
2982,34251131275141,34251134872401,20003681,sB-eth3,up,34251134712259,netem,68122026,47107,0,0,0,0,0,63642822,9507,0,65492478,7265,0
2983,34251151269933,34251153139412,19994792,sA-eth3,up,34251152944950,netem,66471406,51715,0,0,0,0,0,64664290,11468,0,63918706,13037,0
2983,34251151269933,34251154818591,19994792,sB-eth3,up,34251154655200,netem,68122092,47108,0,0,0,0,0,63650260,9510,0,65492544,7266,0
2984,34251171275513,34251175869983,20005580,sA-eth3,up,34251175677672,netem,66471648,51718,0,0,0,0,0,64686208,11470,0,63918948,13040,0
2984,34251171275513,34251177627703,20005580,sB-eth3,up,34251177467202,netem,68122092,47108,0,0,0,0,0,63650260,9510,0,65492544,7266,0
2985,34251191274664,34251193156895,19999151,sA-eth3,up,34251192962583,netem,66494358,51733,0,0,0,0,0,64686538,11475,0,63941196,13048,0
2985,34251191274664,34251194794823,19999151,sB-eth3,up,34251194638162,netem,68122158,47109,0,0,0,0,0,63657698,9513,0,65492610,7267,0
2986,34251211268795,34251213473159,19994131,sA-eth3,up,34251213287488,netem,66494358,51733,0,0,0,1514,1,64686538,11475,0,63942710,13049,0
2986,34251211268795,34251215223619,19994131,sB-eth3,up,34251215066497,netem,68122158,47109,0,0,0,0,0,63657698,9513,0,65492610,7267,0
2987,34251231286715,34251233156737,20017920,sA-eth3,up,34251232957804,netem,66495872,51734,0,0,0,0,0,64686538,11475,0,63942710,13049,0
2987,34251231286715,34251234831146,20017920,sB-eth3,up,34251234669393,netem,68122224,47110,0,0,0,0,0,63688304,9516,0,65492676,7268,0
2988,34251251278297,34251253153157,19991582,sA-eth3,up,34251252960445,netem,66495872,51734,0,0,0,0,0,64686538,11475,0,63942710,13049,0
2988,34251251278297,34251254791096,19991582,sB-eth3,up,34251254631114,netem,68122224,47110,0,0,0,0,0,63748002,9521,0,65492676,7268,0
2989,34251271273698,34251273170309,19995401,sA-eth3,up,34251272966056,netem,66495872,51734,0,0,0,0,0,64686538,11475,0,63942710,13049,0
2989,34251271273698,34251274808207,19995401,sB-eth3,up,34251274647656,netem,68122224,47110,0,0,0,66,1,63748002,9521,0,65492676,7268,0
2990,34251291272189,34251293606705,19998491,sA-eth3,up,34251293430042,netem,66495872,51734,0,0,0,0,0,64686538,11475,0,63942710,13049,0
2990,34251291272189,34251295880400,19998491,sB-eth3,up,34251295701288,netem,68122290,47111,0,0,0,0,0,63922686,9535,0,65492742,7269,0
2991,34251311278940,34251313100760,20006751,sA-eth3,up,34251312907198,netem,66495872,51734,0,0,0,0,0,64686538,11475,0,63942710,13049,0
2991,34251311278940,34251314736748,20006751,sB-eth3,up,34251314578236,netem,68122290,47111,0,0,0,0,0,63922686,9535,0,65492742,7269,0
2992,34251331284860,34251333378694,20005920,sA-eth3,up,34251333177232,netem,66495872,51734,0,0,0,0,0,64686538,11475,0,63942710,13049,0
2992,34251331284860,34251335329216,20005920,sB-eth3,up,34251335145884,netem,68122426,47113,0,0,0,0,0,63995746,9545,0,65492878,7271,0
2993,34251351275502,34251353278534,19990642,sA-eth3,up,34251353080672,netem,66495872,51734,0,0,0,0,0,64686538,11475,0,63942710,13049,0
2993,34251351275502,34251355185855,19990642,sB-eth3,up,34251354992793,netem,68122492,47114,0,0,0,0,0,64076112,9556,0,65492944,7272,0
2994,34251371276873,34251373170874,20001371,sA-eth3,up,34251372959381,netem,66495872,51734,0,0,0,0,0,64686538,11475,0,63942710,13049,0
2994,34251371276873,34251374831811,20001371,sB-eth3,up,34251374674160,netem,68122492,47114,0,0,0,0,0,64156478,9567,0,65492944,7272,0
2995,34251391279284,34251393183715,20002411,sA-eth3,up,34251392955102,netem,66496148,51738,0,0,0,66,1,64715894,11481,0,63942986,13053,0
2995,34251391279284,34251394885894,20002411,sB-eth3,up,34251394704301,netem,68342178,47261,0,0,0,45420,3,64237900,9594,0,65718596,7290,0
2996,34251411272875,34251413164536,19993591,sA-eth3,up,34251412941733,netem,66496556,51744,0,0,0,0,0,64745118,11485,0,63943394,13059,0
2996,34251411272875,34251414832023,19993591,sB-eth3,up,34251414645112,netem,68448158,47331,0,0,0,0,0,64318266,9605,0,65805938,7297,0
2997,34251431275835,34251433141216,20002960,sA-eth3,up,34251432933103,netem,66528350,51765,0,0,0,33308,3,64745262,11487,0,63974000,13062,0
2997,34251431275835,34251434823325,20002960,sB-eth3,up,34251434631303,netem,68448224,47332,0,0,0,0,0,64398632,9616,0,65806004,7298,0
2998,34251451269477,34251453092606,19993642,sA-eth3,up,34251452905224,netem,66750908,51912,0,0,0,33308,2,64746186,11501,0,64188044,13080,0
2998,34251451269477,34251454723305,19993642,sB-eth3,up,34251454566913,netem,68629970,47453,0,0,0,0,0,64487818,9629,0,65980688,7312,0
2999,34251471279937,34251473106148,20010460,sA-eth3,up,34251472900516,netem,67000718,52077,0,0,0,37850,3,64747044,11515,0,64428020,13096,0
2999,34251471279937,34251474751125,20010460,sB-eth3,up,34251474590713,netem,68639054,47459,0,0,0,0,0,64588588,9642,0,65989442,7313,0
3000,34251491249928,34251493081798,19969991,sA-eth3,up,34251492883236,netem,67258098,52247,0,0,0,36336,2,64747836,11526,0,64675434,13115,0
3000,34251491249928,34251494743497,19969991,sB-eth3,up,34251494583675,netem,68864706,47609,0,0,0,37850,3,64671850,9653,0,66206316,7330,0
3001,34251511274839,34251513146940,20024911,sA-eth3,up,34251512932588,netem,67500338,52407,0,0,0,45420,3,64748760,11540,0,64908302,13134,0
3001,34251511274839,34251514831708,20024911,sB-eth3,up,34251514653027,netem,68902622,47635,0,0,0,0,0,64750768,9664,0,66242780,7334,0
3002,34251531280241,34251533161351,20005402,sA-eth3,up,34251532959589,netem,67759232,52578,0,0,0,43906,3,64749486,11551,0,65157098,13151,0
3002,34251531280241,34251534890000,20005402,sB-eth3,up,34251534688988,netem,69069162,47745,0,0,0,22710,2,64842784,9676,0,66402852,7346,0
3003,34251551275331,34251553102021,19995090,sA-eth3,up,34251552886329,netem,68007528,52742,0,0,0,30280,2,64750146,11561,0,65395758,13169,0
3003,34251551275331,34251554810170,19995090,sB-eth3,up,34251554590868,netem,69243338,47861,0,0,0,0,0,64934734,9687,0,66570296,7360,0
3004,34251571274282,34251573141963,19998951,sA-eth3,up,34251572928021,netem,68249768,52902,0,0,0,42392,3,64750872,11572,0,65628560,13186,0
3004,34251571274282,34251574879272,19998951,sB-eth3,up,34251574634730,netem,69350832,47932,0,0,0,68130,4,65031160,9700,0,66686598,7367,0
3005,34251591274283,34251593211934,20000001,sA-eth3,up,34251593035963,netem,68499578,53067,0,0,0,37850,3,64751994,11589,0,65883214,13205,0
3005,34251591274283,34251594911083,20000001,sB-eth3,up,34251594750142,netem,69605250,48101,0,0,0,68130,4,65131864,9712,0,66917820,7382,0
3006,34251611270974,34251613540739,19996691,sA-eth3,up,34251613346147,netem,68587904,53126,0,0,0,0,0,64752324,11594,0,65953562,13211,0
3006,34251611270974,34251615472320,19996691,sB-eth3,up,34251615297828,netem,69856640,48268,0,0,0,30280,2,65229148,9738,0,67159442,7401,0
3007,34251631301036,34251633229516,20030062,sA-eth3,up,34251632977724,netem,68588496,53128,0,0,0,0,0,64753838,11595,0,65954154,13213,0
3007,34251631301036,34251634861945,20030062,sB-eth3,up,34251634702442,netem,70100394,48429,0,0,0,43906,3,65322154,9765,0,67393692,7418,0
3008,34251651273516,34251653070285,19972480,sA-eth3,up,34251652882863,netem,68588496,53128,0,0,0,0,0,64753838,11595,0,65954154,13213,0
3008,34251651273516,34251654725874,19972480,sB-eth3,up,34251654555762,netem,70315962,48573,0,0,0,0,0,65419504,9792,0,67600812,7434,0
3009,34251671294277,34251673272449,20020761,sA-eth3,up,34251673028506,netem,68588496,53128,0,0,0,0,0,64753838,11595,0,65954154,13213,0
3009,34251671294277,34251675058118,20020761,sB-eth3,up,34251674868107,netem,70316028,48574,0,0,0,0,0,65520208,9804,0,67600878,7435,0
3010,34251691279968,34251693569003,19985691,sA-eth3,up,34251693378751,netem,68588496,53128,0,0,0,0,0,64753838,11595,0,65954154,13213,0
3010,34251691279968,34251695425833,19985691,sB-eth3,up,34251695250912,netem,70316028,48574,0,0,0,0,0,65616568,9816,0,67600878,7435,0
3011,34251711287859,34251713141150,20007891,sA-eth3,up,34251712942547,netem,68588496,53128,0,0,0,0,0,64753838,11595,0,65954154,13213,0
3011,34251711287859,34251714787917,20007891,sB-eth3,up,34251714627116,netem,70316094,48575,0,0,0,0,0,65662300,9822,0,67600944,7436,0
3012,34251731278910,34251733192681,19991051,sA-eth3,up,34251733000898,netem,68588496,53128,0,0,0,0,0,64753838,11595,0,65954154,13213,0
3012,34251731278910,34251735131182,19991051,sB-eth3,up,34251734955240,netem,70316094,48575,0,0,0,0,0,65662300,9822,0,67600944,7436,0
3013,34251751286521,34251753216052,20007611,sA-eth3,up,34251753044090,netem,68588496,53128,0,0,0,0,0,64753838,11595,0,65954154,13213,0
3013,34251751286521,34251754848160,20007611,sB-eth3,up,34251754693769,netem,70316160,48576,0,0,0,0,0,65662300,9822,0,67601010,7437,0
3014,34251771270182,34251773147233,19983661,sA-eth3,up,34251772959650,netem,68588496,53128,0,0,0,0,0,64753838,11595,0,65954154,13213,0
3014,34251771270182,34251775390137,19983661,sB-eth3,up,34251775233605,netem,70316160,48576,0,0,0,0,0,65662300,9822,0,67601010,7437,0
3015,34251791283413,34251793102343,20013231,sA-eth3,up,34251792906570,netem,68588496,53128,0,0,0,0,0,64753838,11595,0,65954154,13213,0
3015,34251791283413,34251794956463,20013231,sB-eth3,up,34251794796531,netem,70316160,48576,0,0,0,0,0,65662300,9822,0,67601010,7437,0
3016,34251811284353,34251813205075,20000940,sA-eth3,up,34251812894852,netem,68588496,53128,0,0,0,0,0,64753838,11595,0,65954154,13213,0
3016,34251811284353,34251814964214,20000940,sB-eth3,up,34251814806822,netem,70316160,48576,0,0,0,0,0,65662300,9822,0,67601010,7437,0
3017,34251831286255,34251833179355,20001902,sA-eth3,up,34251832972514,netem,68590010,53129,0,0,0,0,0,64753838,11595,0,65955668,13214,0
3017,34251831286255,34251834878264,20001902,sB-eth3,up,34251834714472,netem,70316160,48576,0,0,0,0,0,65662300,9822,0,67601010,7437,0
3018,34251851270745,34251853618881,19984490,sA-eth3,up,34251853437499,netem,68590364,53134,0,0,0,0,0,64774440,11600,0,65956022,13219,0
3018,34251851270745,34251855914967,19984490,sB-eth3,up,34251855746825,netem,70316160,48576,0,0,0,0,0,65662300,9822,0,67601010,7437,0
3019,34251871268877,34251873323939,19998132,sA-eth3,up,34251873126127,netem,68590364,53134,0,0,0,0,0,64774440,11600,0,65956022,13219,0
3019,34251871268877,34251875178149,19998132,sB-eth3,up,34251874994447,netem,70316160,48576,0,0,0,0,0,65662300,9822,0,67601010,7437,0
3020,34251891280917,34251893245819,20012040,sA-eth3,up,34251893070497,netem,68590364,53134,0,0,0,0,0,64774440,11600,0,65956022,13219,0
3020,34251891280917,34251895122889,20012040,sB-eth3,up,34251894944158,netem,70316160,48576,0,0,0,0,0,65662300,9822,0,67601010,7437,0
3021,34251911285888,34251913239990,20004971,sA-eth3,up,34251913055437,netem,68590364,53134,0,0,0,0,0,64774440,11600,0,65956022,13219,0
3021,34251911285888,34251915148281,20004971,sB-eth3,up,34251914940449,netem,70316160,48576,0,0,0,0,0,65662300,9822,0,67601010,7437,0
3022,34251931283559,34251933222751,19997671,sA-eth3,up,34251933041449,netem,68590364,53134,0,0,0,0,0,64774440,11600,0,65956022,13219,0
3022,34251931283559,34251935549907,19997671,sB-eth3,up,34251935378545,netem,70316160,48576,0,0,0,0,0,65662300,9822,0,67601010,7437,0
3023,34251951285320,34251953473644,20001761,sA-eth3,up,34251953285842,netem,68590364,53134,0,0,0,0,0,64774440,11600,0,65956022,13219,0
3023,34251951285320,34251955545757,20001761,sB-eth3,up,34251955376336,netem,70316160,48576,0,0,0,0,0,65662300,9822,0,67601010,7437,0
3024,34251971279451,34251973255764,19994131,sA-eth3,up,34251973078781,netem,68590364,53134,0,0,0,0,0,64774440,11600,0,65956022,13219,0
3024,34251971279451,34251974939431,19994131,sB-eth3,up,34251974777699,netem,70316160,48576,0,0,0,0,0,65662300,9822,0,67601010,7437,0
3025,34251991294972,34251993371715,20015521,sA-eth3,up,34251993188754,netem,68590364,53134,0,0,0,0,0,64774440,11600,0,65956022,13219,0
3025,34251991294972,34251995241126,20015521,sB-eth3,up,34251995061224,netem,70316160,48576,0,0,0,0,0,65662300,9822,0,67601010,7437,0
3026,34252011283083,34252013529717,19988111,sA-eth3,up,34252013336496,netem,68590364,53134,0,0,0,0,0,64774440,11600,0,65956022,13219,0
3026,34252011283083,34252015452019,19988111,sB-eth3,up,34252015276487,netem,70316160,48576,0,0,0,0,0,65662300,9822,0,67601010,7437,0
3027,34252031294004,34252033279576,20010921,sA-eth3,up,34252033093744,netem,68590364,53134,0,0,0,0,0,64774440,11600,0,65956022,13219,0
3027,34252031294004,34252035203048,20010921,sB-eth3,up,34252035042186,netem,70316160,48576,0,0,0,0,0,65662300,9822,0,67601010,7437,0
3028,34252051294326,34252053264956,20000322,sA-eth3,up,34252053075895,netem,68590364,53134,0,0,0,0,0,64774440,11600,0,65956022,13219,0
3028,34252051294326,34252055167228,20000322,sB-eth3,up,34252054983746,netem,70316160,48576,0,0,0,0,0,65662300,9822,0,67601010,7437,0
3029,34252071282696,34252073177416,19988370,sA-eth3,up,34252072968115,netem,68590772,53140,0,0,0,66,1,64803928,11608,0,65956496,13226,0
3029,34252071282696,34252075089458,19988370,sB-eth3,up,34252074906426,netem,70316160,48576,0,0,0,0,0,65662300,9822,0,67601010,7437,0
3030,34252091282936,34252093210409,20000240,sA-eth3,up,34252093020816,netem,68591390,53149,0,0,0,66,1,64847896,11616,0,65957048,13234,0
3030,34252091282936,34252095113569,20000240,sB-eth3,up,34252094937788,netem,70316160,48576,0,0,0,0,0,65662300,9822,0,67601010,7437,0
3031,34252111280888,34252113223529,19997952,sA-eth3,up,34252113054238,netem,68591854,53155,0,0,0,0,0,64881530,11621,0,65957512,13240,0
3031,34252111280888,34252115091630,19997952,sB-eth3,up,34252114918268,netem,70316160,48576,0,0,0,0,0,65662300,9822,0,67601010,7437,0
3032,34252131278369,34252133153559,19997481,sA-eth3,up,34252132962828,netem,68592532,53164,0,0,0,78,1,64931488,11632,0,65958190,13250,0
3032,34252131278369,34252134914559,19997481,sB-eth3,up,34252134759637,netem,70316160,48576,0,0,0,0,0,65662300,9822,0,67601010,7437,0
3033,34252151273959,34252153155380,19995590,sA-eth3,up,34252152960718,netem,68593226,53173,0,0,0,0,0,64987106,11641,0,65958884,13258,0
3033,34252151273959,34252154943260,19995590,sB-eth3,up,34252154784578,netem,70316160,48576,0,0,0,0,0,65662300,9822,0,67601010,7437,0
3034,34252171286391,34252173125011,20012432,sA-eth3,up,34252172931678,netem,68593718,53179,0,0,0,86,1,65009222,11647,0,65959462,13265,0
3034,34252171286391,34252174781280,20012432,sB-eth3,up,34252174623548,netem,70316160,48576,0,0,0,0,0,65662300,9822,0,67601010,7437,0
3035,34252191268791,34252193351424,19982400,sA-eth3,up,34252193172422,netem,68594532,53190,0,0,0,0,0,65048978,11657,0,65960190,13275,0
3035,34252191268791,34252195223215,19982400,sB-eth3,up,34252195060033,netem,70316160,48576,0,0,0,0,0,65662300,9822,0,67601010,7437,0
3036,34252211271793,34252213130213,20003002,sA-eth3,up,34252212938280,netem,68595330,53201,0,0,0,0,0,65135268,11670,0,65960988,13286,0
3036,34252211271793,34252214911812,20003002,sB-eth3,up,34252214755682,netem,70316160,48576,0,0,0,0,0,65662300,9822,0,67601010,7437,0
3037,34252231280303,34252233108354,20008510,sA-eth3,up,34252232915802,netem,68596164,53212,0,0,0,0,0,65214186,11681,0,65961822,13297,0
3037,34252231280303,34252234758782,20008510,sB-eth3,up,34252234597740,netem,70316160,48576,0,0,0,0,0,65662300,9822,0,67601010,7437,0
3038,34252251270394,34252253111905,19990091,sA-eth3,up,34252252909383,netem,68598434,53223,0,0,0,0,0,65288706,11691,0,65964092,13308,0
3038,34252251270394,34252254763622,19990091,sB-eth3,up,34252254604792,netem,70316160,48576,0,0,0,0,0,65662300,9822,0,67601010,7437,0
3039,34252271273096,34252273449089,20002702,sA-eth3,up,34252273261187,netem,68599240,53232,0,0,0,164,2,65328528,11702,0,65964898,13318,0
3039,34252271273096,34252275325810,20002702,sB-eth3,up,34252275166648,netem,70316160,48576,0,0,0,0,0,65662300,9822,0,67601010,7437,0
3040,34252291284446,34252293209788,20011350,sA-eth3,up,34252292992975,netem,68600318,53247,0,0,0,78,1,65427916,11716,0,65965976,13332,0
3040,34252291284446,34252294912007,20011350,sB-eth3,up,34252294706044,netem,70316160,48576,0,0,0,0,0,65662300,9822,0,67601010,7437,0
3041,34252311271258,34252313544222,19986812,sA-eth3,up,34252313361190,netem,68601168,53258,0,0,0,156,2,65528686,11729,0,65966826,13343,0
3041,34252311271258,34252315347362,19986812,sB-eth3,up,34252315187510,netem,70316160,48576,0,0,0,0,0,65662300,9822,0,67601010,7437,0
3042,34252331277138,34252333182279,20005880,sA-eth3,up,34252332962067,netem,68602302,53273,0,0,0,0,0,65651242,11743,0,65967960,13358,0
3042,34252331277138,34252334988089,20005880,sB-eth3,up,34252334825387,netem,70316160,48576,0,0,0,0,0,65662300,9822,0,67601010,7437,0
3043,34252351273398,34252353176420,19996260,sA-eth3,up,34252352981798,netem,68603178,53285,0,0,0,78,1,65759186,11755,0,65968836,13370,0
3043,34252351273398,34252355033300,19996260,sB-eth3,up,34252354858059,netem,70316160,48576,0,0,0,0,0,65662300,9822,0,67601010,7437,0
3044,34252371271330,34252373542215,19997932,sA-eth3,up,34252373357963,netem,68604036,53296,0,0,0,78,1,65841066,11767,0,65969772,13382,0
3044,34252371271330,34252375429936,19997932,sB-eth3,up,34252375260544,netem,70316160,48576,0,0,0,0,0,65662300,9822,0,67601010,7437,0
3045,34252391269601,34252393079802,19998271,sA-eth3,up,34252392893039,netem,68604422,53301,0,0,0,0,0,65884836,11772,0,65970080,13386,0
3045,34252391269601,34252394751839,19998271,sB-eth3,up,34252394577977,netem,70316160,48576,0,0,0,0,0,65662300,9822,0,67601010,7437,0
3046,34252411272942,34252413045571,20003341,sA-eth3,up,34252412858460,netem,68604422,53301,0,0,0,0,0,65884836,11772,0,65970080,13386,0
3046,34252411272942,34252414662399,20003341,sB-eth3,up,34252414508318,netem,70316160,48576,0,0,0,0,0,65662300,9822,0,67601010,7437,0
3047,34252431280213,34252433461877,20007271,sA-eth3,up,34252433277215,netem,68604652,53304,0,0,0,86,1,65915508,11776,0,65970396,13390,0
3047,34252431280213,34252435701762,20007271,sB-eth3,up,34252435542840,netem,70316160,48576,0,0,0,0,0,65662300,9822,0,67601010,7437,0
3048,34252451272404,34252453173774,19992191,sA-eth3,up,34252452988952,netem,68605590,53317,0,0,0,78,1,66016278,11789,0,65971248,13402,0
3048,34252451272404,34252454813204,19992191,sB-eth3,up,34252454648831,netem,70316160,48576,0,0,0,0,0,65662300,9822,0,67601010,7437,0
3049,34252471269975,34252473134455,19997571,sA-eth3,up,34252472946644,netem,68606374,53327,0,0,0,0,0,66082032,11798,0,65972032,13412,0
3049,34252471269975,34252474764154,19997571,sB-eth3,up,34252474606711,netem,70316160,48576,0,0,0,0,0,65662300,9822,0,67601010,7437,0
3050,34252491268025,34252493137246,19998050,sA-eth3,up,34252492944724,netem,68607190,53339,0,0,0,78,1,66191490,11811,0,65972848,13424,0
3050,34252491268025,34252494751854,19998050,sB-eth3,up,34252494596743,netem,70316886,48587,0,0,0,66,1,65796464,9836,0,67601736,7448,0
3051,34252511286837,34252513225789,20018812,sA-eth3,up,34252513046436,netem,68608066,53351,0,0,0,0,0,66279096,11822,0,65973724,13436,0
3051,34252511286837,34252514854106,20018812,sB-eth3,up,34252514698354,netem,70317216,48592,0,0,0,0,0,66027884,9854,0,67602066,7453,0
3052,34252531268777,34252533158369,19981940,sA-eth3,up,34252532971936,netem,68608822,53361,0,0,0,86,1,66366702,11833,0,65974480,13446,0
3052,34252531268777,34252534774906,19981940,sB-eth3,up,34252534621765,netem,70317216,48592,0,0,0,0,0,66056976,9856,0,67602066,7453,0
3053,34252551267609,34252553431452,19998832,sA-eth3,up,34252553245250,netem,68609694,53373,0,0,0,0,0,66454308,11844,0,65975352,13458,0
3053,34252551267609,34252555565326,19998832,sB-eth3,up,34252555406644,netem,70317282,48593,0,0,0,0,0,66195592,9872,0,67602132,7454,0
3054,34252571267279,34252573070849,19999670,sA-eth3,up,34252572884667,netem,68610458,53383,0,0,0,0,0,66550602,11855,0,65976116,13468,0
3054,34252571267279,34252575071561,19999670,sB-eth3,up,34252574894559,netem,70317348,48594,0,0,0,0,0,66339868,9886,0,67602198,7455,0
3055,34252591272270,34252593103411,20004991,sA-eth3,up,34252592917539,netem,68611108,53392,0,0,0,0,0,66625044,11864,0,65976766,13477,0
3055,34252591272270,34252594706989,20004991,sB-eth3,up,34252594551206,netem,70317348,48594,0,0,0,0,0,66536338,9901,0,67602198,7455,0
3056,34252611267241,34252613604507,19994971,sA-eth3,up,34252613433795,netem,68611996,53404,0,0,0,78,1,66699618,11875,0,65977732,13490,0
3056,34252611267241,34252615646529,19994971,sB-eth3,up,34252615491608,netem,70317414,48595,0,0,0,0,0,66732808,9916,0,67602264,7456,0
3057,34252631269892,34252633260574,20002651,sA-eth3,up,34252633087913,netem,68612704,53414,0,0,0,0,0,66787158,11885,0,65978362,13499,0
3057,34252631269892,34252635194006,20002651,sB-eth3,up,34252635037074,netem,70317480,48596,0,0,0,0,0,66916180,9930,0,67602330,7457,0
3058,34252651273114,34252653184524,20003222,sA-eth3,up,34252653000903,netem,68613412,53424,0,0,0,78,1,66874764,11896,0,65979148,13510,0
3058,34252651273114,34252654833723,20003222,sB-eth3,up,34252654680651,netem,70317480,48596,0,0,0,0,0,67099552,9944,0,67602330,7457,0
3059,34252671267684,34252673450408,19994570,sA-eth3,up,34252673272966,netem,68614032,53432,0,0,0,0,0,66944796,11904,0,65979690,13517,0
3059,34252671267684,34252675636442,19994570,sB-eth3,up,34252675417550,netem,70317546,48597,0,0,0,0,0,67296022,9959,0,67602396,7458,0
3060,34252691288466,34252693180696,20020782,sA-eth3,up,34252692975854,netem,68614908,53444,0,0,0,156,2,67051358,11917,0,65980644,13530,0
3060,34252691288466,34252694850995,20020782,sB-eth3,up,34252694675213,netem,70317546,48597,0,0,0,0,0,67479394,9973,0,67602396,7458,0
3061,34252711272496,34252713061236,19984030,sA-eth3,up,34252712869774,netem,68615886,53457,0,0,0,0,0,67146204,11928,0,65981544,13542,0
3061,34252711272496,34252714667403,19984030,sB-eth3,up,34252714507782,netem,70317612,48598,0,0,0,0,0,67662766,9987,0,67602462,7459,0
3062,34252731267297,34252733376950,19994801,sA-eth3,up,34252733201839,netem,68662320,53500,0,0,0,36468,4,67267576,11946,0,66026196,13558,0
3062,34252731267297,34252735650706,19994801,sB-eth3,up,34252735492444,netem,70317678,48599,0,0,0,0,0,67770960,9996,0,67602528,7460,0
3063,34252751273178,34252753123848,20005881,sA-eth3,up,34252752934236,netem,68905454,53673,0,0,0,50048,4,67371902,11969,0,66275886,13589,0
3063,34252751273178,34252754775937,20005881,sB-eth3,up,34252754620575,netem,70317678,48599,0,0,0,0,0,67770960,9996,0,67602528,7460,0
3064,34252771269789,34252773117269,19996611,sA-eth3,up,34252772928377,netem,69160454,53849,0,0,0,68286,7,67451348,11988,0,66504992,13614,0
3064,34252771269789,34252774792998,19996611,sB-eth3,up,34252774635405,netem,70317744,48600,0,0,0,0,0,67770960,9996,0,67602594,7461,0
3065,34252791269710,34252793091830,19999921,sA-eth3,up,34252792909378,netem,69417220,54030,0,0,0,68216,6,67530794,12007,0,66751792,13644,0
3065,34252791269710,34252794731278,19999921,sB-eth3,up,34252794576407,netem,70317744,48600,0,0,0,0,0,67770960,9996,0,67602594,7461,0
3066,34252811271731,34252813653356,20002021,sA-eth3,up,34252813485166,netem,69673516,54204,0,0,0,110600,7,67562390,12025,0,66998188,13668,0
3066,34252811271731,34252815310975,20002021,sB-eth3,up,34252815154904,netem,70317744,48600,0,0,0,0,0,67770960,9996,0,67602594,7461,0
3067,34252831284831,34252833128423,20013100,sA-eth3,up,34252832926240,netem,69911448,54364,0,0,0,119786,11,67574766,12037,0,67226748,13686,0
3067,34252831284831,34252834770290,20013100,sB-eth3,up,34252834609129,netem,70317744,48600,0,0,0,0,0,67770960,9996,0,67602594,7461,0
3068,34252851278243,34252853794851,19993412,sA-eth3,up,34252853612539,netem,70167666,54537,0,0,0,136404,11,67607678,12053,0,67473066,13709,0
3068,34252851278243,34252855966544,19993412,sB-eth3,up,34252855800583,netem,70317814,48601,0,0,0,0,0,67770960,9996,0,67602664,7462,0
3069,34252871275113,34252873216295,19996870,sA-eth3,up,34252873040503,netem,70407166,54699,0,0,0,136596,14,67643486,12069,0,67719254,13731,0
3069,34252871275113,34252874859583,19996870,sB-eth3,up,34252874698342,netem,70317814,48601,0,0,0,0,0,67770960,9996,0,67602664,7462,0
3070,34252891281295,34252893770393,20006182,sA-eth3,up,34252893511310,netem,70661932,54872,0,0,0,141118,14,67685152,12086,0,67965634,13755,0
3070,34252891281295,34252896017146,20006182,sB-eth3,up,34252895826585,netem,70469304,48702,0,0,0,60560,4,67771752,10008,0,67762760,7474,0
3071,34252911272326,34252913223537,19991031,sA-eth3,up,34252913048715,netem,70814674,54983,0,0,0,78,1,67752750,12101,0,68095006,13775,0
3071,34252911272326,34252914935826,19991031,sB-eth3,up,34252914765264,netem,70703974,48857,0,0,0,74186,5,67772544,10020,0,67988322,7491,0
3072,34252931273466,34252933181648,20001140,sA-eth3,up,34252932988275,netem,70815502,54995,0,0,0,78,1,67857864,12114,0,68095756,13786,0
3072,34252931273466,34252935487033,20001140,sB-eth3,up,34252935308091,netem,70961354,49027,0,0,0,71158,5,67773798,10039,0,68235736,7510,0
3073,34252951271228,34252953203869,19997762,sA-eth3,up,34252953028247,netem,70816622,55005,0,0,0,78,1,67949814,12125,0,68096876,13796,0
3073,34252951271228,34252955387993,19997762,sB-eth3,up,34252955215791,netem,71218734,49197,0,0,0,60560,4,67774986,10057,0,68468604,7528,0
3074,34252971271378,34252973446192,20000150,sA-eth3,up,34252973258670,netem,70817344,55014,0,0,0,78,1,68006880,12134,0,68097598,13805,0
3074,34252971271378,34252975706888,20000150,sB-eth3,up,34252975540205,netem,71468544,49362,0,0,0,52990,4,67776174,10075,0,68708712,7546,0
3075,34252991271890,34252993332982,20000512,sA-eth3,up,34252993160070,netem,70817488,55016,0,0,0,0,0,68033142,12137,0,68097742,13807,0
3075,34252991271890,34252995641338,20000512,sB-eth3,up,34252995477885,netem,71710784,49522,0,0,0,68130,5,67777428,10094,0,68956126,7565,0
3076,34253011271660,34253013168841,19999770,sA-eth3,up,34253012975299,netem,70817620,55018,0,0,0,0,0,68059404,12140,0,68097874,13809,0
3076,34253011271660,34253015110662,19999770,sB-eth3,up,34253014910230,netem,71968164,49692,0,0,0,45420,3,67778616,10112,0,69188994,7583,0
3077,34253031277681,34253033140822,20006021,sA-eth3,up,34253032947810,netem,70818418,55029,0,0,0,78,1,68147010,12151,0,68098750,13821,0
3077,34253031277681,34253034744349,20006021,sB-eth3,up,34253034589728,netem,72202834,49847,0,0,0,68130,5,67779804,10130,0,69429102,7601,0
3078,34253051276513,34253053132343,19998832,sA-eth3,up,34253052929230,netem,70819174,55039,0,0,0,0,0,68230206,12161,0,68099428,13830,0
3078,34253051276513,34253054758131,19998832,sB-eth3,up,34253054593209,netem,72460214,50017,0,0,0,50476,4,67780992,10148,0,69661970,7619,0
3079,34253071284473,34253073523278,20007960,sA-eth3,up,34253073328745,netem,70819758,55047,0,0,0,78,1,68295894,12169,0,68100090,13839,0
3079,34253071284473,34253075369849,20007960,sB-eth3,up,34253075184156,netem,72510690,50051,0,0,0,0,0,67781256,10152,0,69710466,7623,0
3080,34253091287395,34253093120514,20002922,sA-eth3,up,34253092923352,netem,70820634,55059,0,0,0,66,1,68387844,12180,0,68100888,13850,0
3080,34253091287395,34253094754573,20002922,sB-eth3,up,34253094591381,netem,72510888,50054,0,0,0,66,1,67851180,10158,0,69710664,7626,0
3081,34253111279865,34253113173637,19992470,sA-eth3,up,34253112950044,netem,70821448,55070,0,0,0,78,1,68466762,12191,0,68101702,13861,0
3081,34253111279865,34253114840914,19992470,sB-eth3,up,34253114674003,netem,72511746,50067,0,0,0,0,0,68099976,10176,0,69711522,7639,0
3082,34253131278856,34253133435100,19998991,sA-eth3,up,34253133229027,netem,70821756,55074,0,0,0,78,1,68510532,12196,0,68102088,13866,0
3082,34253131278856,34253135797886,19998991,sB-eth3,up,34253135625034,netem,72511746,50067,0,0,0,0,0,68347390,10195,0,69711522,7639,0
3083,34253151271077,34253153167239,19992221,sA-eth3,up,34253152978366,netem,70822606,55085,0,0,0,78,1,68589450,12207,0,68102938,13877,0
3083,34253151271077,34253154834756,19992221,sB-eth3,up,34253154675154,netem,72511812,50068,0,0,0,0,0,68558406,10211,0,69711588,7640,0
3084,34253171276248,34253173130229,20005171,sA-eth3,up,34253172932786,netem,70824762,55095,0,0,0,86,1,68663970,12217,0,68105016,13886,0
3084,34253171276248,34253175301122,20005171,sB-eth3,up,34253175091739,netem,72511878,50069,0,0,0,0,0,68805820,10230,0,69711654,7641,0
3085,34253191283229,34253193270251,20006981,sA-eth3,up,34253193081929,netem,70825700,55108,0,0,0,78,1,68790870,12231,0,68105954,13899,0
3085,34253191283229,34253194977910,20006981,sB-eth3,up,34253194813958,netem,72511878,50069,0,0,0,0,0,69031382,10247,0,69711654,7641,0
3086,34253211275140,34253213139931,19991911,sA-eth3,up,34253212950459,netem,70826698,55121,0,0,0,0,0,68856756,12242,0,68106952,13912,0
3086,34253211275140,34253214854369,19991911,sB-eth3,up,34253214694998,netem,72511944,50070,0,0,0,0,0,69278796,10266,0,69711720,7642,0
3087,34253231277301,34253233567407,20002161,sA-eth3,up,34253233382644,netem,70826842,55123,0,0,0,0,0,68864062,12243,0,68107096,13914,0
3087,34253231277301,34253235596578,20002161,sB-eth3,up,34253235429406,netem,72512010,50071,0,0,0,0,0,69526210,10285,0,69711786,7643,0
3088,34253251272382,34253253198383,19995081,sA-eth3,up,34253252983221,netem,70826842,55123,0,0,0,0,0,68864062,12243,0,68107096,13914,0
3088,34253251272382,34253254858911,19995081,sB-eth3,up,34253254696120,netem,72512010,50071,0,0,0,0,0,69751772,10302,0,69711786,7643,0
3089,34253271286522,34253273165783,20014140,sA-eth3,up,34253272969061,netem,70826842,55123,0,0,0,0,0,68864062,12243,0,68107096,13914,0
3089,34253271286522,34253274831922,20014140,sB-eth3,up,34253274651660,netem,72512076,50072,0,0,0,0,0,69889058,10313,0,69711852,7644,0
3090,34253291273104,34253293097573,19986582,sA-eth3,up,34253292908601,netem,70826842,55123,0,0,0,0,0,68864062,12243,0,68107096,13914,0
3090,34253291273104,34253294715441,19986582,sB-eth3,up,34253294558630,netem,72512076,50072,0,0,0,0,0,69889058,10313,0,69711852,7644,0
3091,34253311270484,34253313582990,19997380,sA-eth3,up,34253313326477,netem,70843586,55135,0,0,0,33308,2,68864062,12243,0,68123180,13916,0
3091,34253311270484,34253315680164,19997380,sB-eth3,up,34253315492051,netem,72512142,50073,0,0,0,0,0,69889058,10313,0,69711918,7645,0
3092,34253331271606,34253333199467,20001122,sA-eth3,up,34253332987754,netem,71087340,55296,0,0,0,56018,4,68864854,12255,0,68357298,13931,0
3092,34253331271606,34253334901395,20001122,sB-eth3,up,34253334710773,netem,72512142,50073,0,0,0,0,0,69889058,10313,0,69711918,7645,0
3093,34253351282976,34253353190778,20011370,sA-eth3,up,34253352995816,netem,71337150,55461,0,0,0,68130,5,68865646,12267,0,68597406,13949,0
3093,34253351282976,34253354862356,20011370,sB-eth3,up,34253354697204,netem,72512142,50073,0,0,0,0,0,69889058,10313,0,69711918,7645,0
3094,34253371278478,34253373170358,19995502,sA-eth3,up,34253372974236,netem,71593016,55630,0,0,0,54504,4,68866240,12276,0,68843306,13967,0
3094,34253371278478,34253374846537,19995502,sB-eth3,up,34253374661645,netem,72512142,50073,0,0,0,0,0,69889058,10313,0,69711918,7645,0
3095,34253391277349,34253393109278,19998871,sA-eth3,up,34253392883226,netem,71842826,55795,0,0,0,52990,4,68867362,12293,0,69083414,13985,0
3095,34253391277349,34253394726587,19998871,sB-eth3,up,34253394561054,netem,72512142,50073,0,0,0,0,0,69889058,10313,0,69711918,7645,0
3096,34253411273949,34253413071669,19996600,sA-eth3,up,34253412880748,netem,72085066,55955,0,0,0,68130,5,68868286,12307,0,69316282,14003,0
3096,34253411273949,34253414682327,19996600,sB-eth3,up,34253414520395,netem,72512142,50073,0,0,0,0,0,69889058,10313,0,69711918,7645,0
3097,34253431277460,34253433166491,20003511,sA-eth3,up,34253432967278,netem,72342446,56125,0,0,0,68196,5,68870790,12323,0,69563696,14022,0
3097,34253431277460,34253434788329,20003511,sB-eth3,up,34253434628137,netem,72512142,50073,0,0,0,0,0,69889058,10313,0,69711918,7645,0
3098,34253451280911,34253453645188,20003451,sA-eth3,up,34253453465865,netem,72592388,56292,0,0,0,68130,5,68877572,12338,0,69803936,14042,0
3098,34253451280911,34253455388486,20003451,sB-eth3,up,34253455228935,netem,72512142,50073,0,0,0,0,0,69889058,10313,0,69711918,7645,0
3099,34253471272953,34253473084462,19992042,sA-eth3,up,34253472889400,netem,72843712,56458,0,0,0,43906,4,68878496,12352,0,70045558,14061,0
3099,34253471272953,34253474723780,19992042,sB-eth3,up,34253474567409,netem,72512142,50073,0,0,0,0,0,69889058,10313,0,69711918,7645,0
3100,34253491289293,34253493238535,20016340,sA-eth3,up,34253492988082,netem,73019850,56575,0,0,0,0,0,68879420,12366,0,70214898,14075,0
3100,34253491289293,34253494984124,20016340,sB-eth3,up,34253494771942,netem,72512142,50073,0,0,0,0,0,69889058,10313,0,69711918,7645,0
3101,34253511282903,34253513259125,19993610,sA-eth3,up,34253512999453,netem,73019850,56575,0,0,0,0,0,68879420,12366,0,70214898,14075,0
3101,34253511282903,34253515051615,19993610,sB-eth3,up,34253514816523,netem,72512142,50073,0,0,0,0,0,69889058,10313,0,69711918,7645,0
3102,34253531292496,34253533313467,20009593,sA-eth3,up,34253533084505,netem,73019850,56575,0,0,0,0,0,68879420,12366,0,70214898,14075,0
3102,34253531292496,34253535771885,20009593,sB-eth3,up,34253535551562,netem,72512142,50073,0,0,0,0,0,69889058,10313,0,69711918,7645,0
3103,34253551291106,34253553282058,19998610,sA-eth3,up,34253553050325,netem,73019850,56575,0,0,0,0,0,68879420,12366,0,70214898,14075,0
3103,34253551291106,34253555093787,19998610,sB-eth3,up,34253554854455,netem,72512142,50073,0,0,0,0,0,69889058,10313,0,69711918,7645,0
3104,34253571284727,34253573153878,19993621,sA-eth3,up,34253572947285,netem,73019850,56575,0,0,0,0,0,68879420,12366,0,70214898,14075,0
3104,34253571284727,34253574787086,19993621,sB-eth3,up,34253574625214,netem,72512142,50073,0,0,0,0,0,69889058,10313,0,69711918,7645,0
3105,34253591281298,34253593680665,19996571,sA-eth3,up,34253593449792,netem,73019850,56575,0,0,0,0,0,68879420,12366,0,70214898,14075,0
3105,34253591281298,34253595956460,19996571,sB-eth3,up,34253595749307,netem,72512142,50073,0,0,0,0,0,69889058,10313,0,69711918,7645,0
3106,34253618528229,34253620705313,27246931,sA-eth3,up,34253620463870,netem,73019850,56575,0,0,0,0,0,68879420,12366,0,70214898,14075,0
3106,34253618528229,34253623019918,27246931,sB-eth3,up,34253622826456,netem,72512142,50073,0,0,0,0,0,69889058,10313,0,69711918,7645,0
3107,34253631268500,34253633111500,12740271,sA-eth3,up,34253632920308,netem,73019850,56575,0,0,0,0,0,68879420,12366,0,70214898,14075,0
3107,34253631268500,34253634781929,12740271,sB-eth3,up,34253634620157,netem,72512142,50073,0,0,0,0,0,69889058,10313,0,69711918,7645,0
3108,34253651271701,34253653559545,20003201,sA-eth3,up,34253653345884,netem,73019850,56575,0,0,0,66,1,68880934,12367,0,70214964,14076,0
3108,34253651271701,34253655361046,20003201,sB-eth3,up,34253655196104,netem,72512142,50073,0,0,0,0,0,69889058,10313,0,69711918,7645,0
3109,34253671275192,34253673120362,20003491,sA-eth3,up,34253672925039,netem,73020492,56584,0,0,0,0,0,68927798,12375,0,70215540,14084,0
3109,34253671275192,34253674764451,20003491,sB-eth3,up,34253674603769,netem,72512142,50073,0,0,0,0,0,69889058,10313,0,69711918,7645,0
3110,34253691301212,34253693146644,20026020,sA-eth3,up,34253692945661,netem,73021116,56592,0,0,0,0,0,68989208,12384,0,70216164,14092,0
3110,34253691301212,34253694893172,20026020,sB-eth3,up,34253694639299,netem,72512142,50073,0,0,0,0,0,69889058,10313,0,69711918,7645,0
3111,34253711282033,34253713577569,19980821,sA-eth3,up,34253713382477,netem,73021728,56600,0,0,0,66,1,69054962,12393,0,70216776,14100,0
3111,34253711282033,34253715444940,19980821,sB-eth3,up,34253715243667,netem,72512142,50073,0,0,0,0,0,69889058,10313,0,69711918,7645,0
3112,34253731235464,34253733328997,19953431,sA-eth3,up,34253733149435,netem,73022370,56609,0,0,0,78,1,69120716,12402,0,70217496,14110,0
3112,34253731235464,34253735122567,19953431,sB-eth3,up,34253734939284,netem,72512142,50073,0,0,0,0,0,69889058,10313,0,69711918,7645,0
3113,34253751275515,34253753178366,20040051,sA-eth3,up,34253752974074,netem,73022962,56617,0,0,0,0,0,69164552,12408,0,70218010,14117,0
3113,34253751275515,34253754824354,20040051,sB-eth3,up,34253754640633,netem,72512142,50073,0,0,0,0,0,69889058,10313,0,69711918,7645,0
3114,34253771229966,34253773497241,19954451,sA-eth3,up,34253773307639,netem,73023594,56625,0,0,0,0,0,69230306,12417,0,70218642,14125,0
3114,34253771229966,34253775322251,19954451,sB-eth3,up,34253775156129,netem,72512142,50073,0,0,0,0,0,69889058,10313,0,69711918,7645,0
3115,34253791278587,34253793234069,20048621,sA-eth3,up,34253793064957,netem,73024016,56630,0,0,0,0,0,69266836,12422,0,70219064,14130,0
3115,34253791278587,34253795036299,20048621,sB-eth3,up,34253794863146,netem,72512142,50073,0,0,0,0,0,69889058,10313,0,69711918,7645,0
3116,34253811275189,34253813157579,19996602,sA-eth3,up,34253812961876,netem,73024640,56638,0,0,0,0,0,69317978,12429,0,70219688,14138,0
3116,34253811275189,34253814903078,19996602,sB-eth3,up,34253814745096,netem,72512142,50073,0,0,0,0,0,69889058,10313,0,69711918,7645,0
3117,34253831285339,34253833160401,20010150,sA-eth3,up,34253832946328,netem,73025150,56645,0,0,0,78,1,69376426,12437,0,70220276,14146,0
3117,34253831285339,34253835031281,20010150,sB-eth3,up,34253834846908,netem,72512142,50073,0,0,0,0,0,69889058,10313,0,69711918,7645,0
3118,34253851281370,34253853165671,19996031,sA-eth3,up,34253852971838,netem,73025792,56654,0,0,0,0,0,69442180,12446,0,70220840,14154,0
3118,34253851281370,34253854971401,19996031,sB-eth3,up,34253854784218,netem,72512142,50073,0,0,0,0,0,69889058,10313,0,69711918,7645,0
3119,34253871273461,34253873095741,19992091,sA-eth3,up,34253872910789,netem,73026310,56661,0,0,0,78,1,69496218,12453,0,70221358,14161,0
3119,34253871273461,34253874970973,19992091,sB-eth3,up,34253874807110,netem,72512142,50073,0,0,0,0,0,69889058,10313,0,69711918,7645,0
3120,34253891281532,34253893137403,20008071,sA-eth3,up,34253892926840,netem,73027092,56672,0,0,0,0,0,69592578,12465,0,70222140,14172,0
3120,34253891281532,34253894949093,20008071,sB-eth3,up,34253894747631,netem,72512142,50073,0,0,0,0,0,69889058,10313,0,69711918,7645,0
3121,34253911273463,34253913138223,19991931,sA-eth3,up,34253912933231,netem,73028022,56685,0,0,0,0,0,69675840,12476,0,70223070,14185,0
3121,34253911273463,34253914791322,19991931,sB-eth3,up,34253914608620,netem,72512142,50073,0,0,0,0,0,69889058,10313,0,69711918,7645,0
3122,34253931272934,34253933121674,19999471,sA-eth3,up,34253932930642,netem,73028856,56696,0,0,0,0,0,69756272,12488,0,70223904,14196,0
3122,34253931272934,34253935076366,19999471,sB-eth3,up,34253934899333,netem,72512142,50073,0,0,0,0,0,69889058,10313,0,69711918,7645,0
3123,34253951275764,34253953190836,20002830,sA-eth3,up,34253952999574,netem,73029308,56702,0,0,0,0,0,69800108,12494,0,70224356,14202,0
3123,34253951275764,34253954825484,20002830,sB-eth3,up,34253954664512,netem,72512142,50073,0,0,0,0,0,69889058,10313,0,69711918,7645,0
3124,34253971269046,34253973218628,19993282,sA-eth3,up,34253973049936,netem,73029872,56710,0,0,0,0,0,69858556,12502,0,70224920,14210,0
3124,34253971269046,34253975261380,19993282,sB-eth3,up,34253975065438,netem,72512142,50073,0,0,0,0,0,69889058,10313,0,69711918,7645,0
3125,34253991271987,34253993091137,20002941,sA-eth3,up,34253992908985,netem,73030478,56719,0,0,0,86,1,69931616,12512,0,70225526,14219,0
3125,34253991271987,34253994891487,20002941,sB-eth3,up,34253994732495,netem,72512142,50073,0,0,0,0,0,69889058,10313,0,69711918,7645,0
3126,34254011273008,34254013221569,20001021,sA-eth3,up,34254013048367,netem,73031148,56728,0,0,0,0,0,69982758,12519,0,70226196,14228,0
3126,34254011273008,34254014881217,20001021,sB-eth3,up,34254014720425,netem,72512142,50073,0,0,0,0,0,69889058,10313,0,69711918,7645,0
3127,34254031281208,34254033220830,20008200,sA-eth3,up,34254033041848,netem,73031304,56730,0,0,0,0,0,69997370,12521,0,70226352,14230,0
3127,34254031281208,34254034854218,20008200,sB-eth3,up,34254034697457,netem,72512142,50073,0,0,0,0,0,69889058,10313,0,69711918,7645,0
3128,34254051268720,34254053354233,19987512,sA-eth3,up,34254053194001,netem,73031304,56730,0,0,0,0,0,69997370,12521,0,70226352,14230,0
3128,34254051268720,34254055627358,19987512,sB-eth3,up,34254055467995,netem,72512142,50073,0,0,0,0,0,69889058,10313,0,69711918,7645,0
3129,34254071276161,34254073093841,20007441,sA-eth3,up,34254072901558,netem,73031304,56730,0,0,0,0,0,69997370,12521,0,70226352,14230,0
3129,34254071276161,34254074723859,20007441,sB-eth3,up,34254074570237,netem,72512142,50073,0,0,0,0,0,69889058,10313,0,69711918,7645,0
3130,34254091271201,34254093426746,19995040,sA-eth3,up,34254093245313,netem,73031304,56730,0,0,0,0,0,69997370,12521,0,70226352,14230,0
3130,34254091271201,34254095265865,19995040,sB-eth3,up,34254095106664,netem,72512142,50073,0,0,0,0,0,69889058,10313,0,69711918,7645,0
3131,34254111275372,34254113163643,20004171,sA-eth3,up,34254112976042,netem,73031304,56730,0,0,0,0,0,69997370,12521,0,70226352,14230,0
3131,34254111275372,34254114797822,20004171,sB-eth3,up,34254114645319,netem,72512142,50073,0,0,0,0,0,69889058,10313,0,69711918,7645,0
3132,34254131275663,34254133351236,20000291,sA-eth3,up,34254133186155,netem,73031304,56730,0,0,0,0,0,69997370,12521,0,70226352,14230,0
3132,34254131275663,34254135470850,20000291,sB-eth3,up,34254135303738,netem,72512142,50073,0,0,0,0,0,69889058,10313,0,69711918,7645,0
3133,34254151267694,34254153341827,19992031,sA-eth3,up,34254153175575,netem,73031304,56730,0,0,0,0,0,69997370,12521,0,70226352,14230,0
3133,34254151267694,34254155132477,19992031,sB-eth3,up,34254154964915,netem,72512142,50073,0,0,0,0,0,69889058,10313,0,69711918,7645,0
3134,34254171275286,34254173121835,20007592,sA-eth3,up,34254172939434,netem,73031304,56730,0,0,0,0,0,69997370,12521,0,70226352,14230,0
3134,34254171275286,34254175108037,20007592,sB-eth3,up,34254174929056,netem,72512142,50073,0,0,0,0,0,69889058,10313,0,69711918,7645,0
3135,34254191271836,34254193194117,19996550,sA-eth3,up,34254193031815,netem,73031304,56730,0,0,0,0,0,69997370,12521,0,70226352,14230,0
3135,34254191271836,34254195074769,19996550,sB-eth3,up,34254194902406,netem,72512142,50073,0,0,0,0,0,69889058,10313,0,69711918,7645,0
3136,34254211274657,34254213333020,20002821,sA-eth3,up,34254213172378,netem,73031304,56730,0,0,0,0,0,69997370,12521,0,70226352,14230,0
3136,34254211274657,34254215173830,20002821,sB-eth3,up,34254215017299,netem,72512142,50073,0,0,0,0,0,69889058,10313,0,69711918,7645,0
3137,34254231271608,34254233138199,19996951,sA-eth3,up,34254232940937,netem,73031382,56731,0,0,0,0,0,69998884,12522,0,70226430,14231,0
3137,34254231271608,34254235022599,19996951,sB-eth3,up,34254234852447,netem,72512142,50073,0,0,0,0,0,69889058,10313,0,69711918,7645,0
3138,34254251269370,34254253109590,19997762,sA-eth3,up,34254252928097,netem,73031382,56731,0,0,0,0,0,69998884,12522,0,70226430,14231,0
3138,34254251269370,34254255288574,19997762,sB-eth3,up,34254255102692,netem,72512142,50073,0,0,0,0,0,69889058,10313,0,69711918,7645,0
3139,34254271275530,34254273170981,20006160,sA-eth3,up,34254272998269,netem,73031382,56731,0,0,0,0,0,69998884,12522,0,70226430,14231,0
3139,34254271275530,34254275271604,20006160,sB-eth3,up,34254275116652,netem,72512142,50073,0,0,0,0,0,69889058,10313,0,69711918,7645,0
3140,34254291269440,34254293096131,19993910,sA-eth3,up,34254292922679,netem,73031382,56731,0,0,0,0,0,69998884,12522,0,70226430,14231,0
3140,34254291269440,34254295156454,19993910,sB-eth3,up,34254294993252,netem,72512142,50073,0,0,0,0,0,69889058,10313,0,69711918,7645,0
3141,34254311266772,34254313189072,19997332,sA-eth3,up,34254313020221,netem,73031382,56731,0,0,0,0,0,69998884,12522,0,70226430,14231,0
3141,34254311266772,34254315181695,19997332,sB-eth3,up,34254315027743,netem,72512142,50073,0,0,0,0,0,69889058,10313,0,69711918,7645,0
3142,34254331296042,34254333236744,20029270,sA-eth3,up,34254333043642,netem,73031382,56731,0,0,0,0,0,69998884,12522,0,70226430,14231,0
3142,34254331296042,34254334909734,20029270,sB-eth3,up,34254334739691,netem,72512142,50073,0,0,0,0,0,69889058,10313,0,69711918,7645,0
3143,34254351275514,34254353125144,19979472,sA-eth3,up,34254352931722,netem,73031382,56731,0,0,0,0,0,69998884,12522,0,70226430,14231,0
3143,34254351275514,34254354766643,19979472,sB-eth3,up,34254354608371,netem,72512142,50073,0,0,0,0,0,69889058,10313,0,69711918,7645,0
3144,34254371275705,34254373217326,20000191,sA-eth3,up,34254373038284,netem,73031382,56731,0,0,0,0,0,69998884,12522,0,70226430,14231,0
3144,34254371275705,34254375448811,20000191,sB-eth3,up,34254375276779,netem,72512142,50073,0,0,0,0,0,69889058,10313,0,69711918,7645,0
3145,34254391270565,34254393262707,19994860,sA-eth3,up,34254393091756,netem,73031382,56731,0,0,0,0,0,69998884,12522,0,70226430,14231,0
3145,34254391270565,34254395099898,19994860,sB-eth3,up,34254394922546,netem,72512142,50073,0,0,0,0,0,69889058,10313,0,69711918,7645,0
3146,34254411274757,34254413092426,20004192,sA-eth3,up,34254412900424,netem,73031382,56731,0,0,0,0,0,69998884,12522,0,70226430,14231,0
3146,34254411274757,34254415183960,20004192,sB-eth3,up,34254414994728,netem,72512142,50073,0,0,0,0,0,69889058,10313,0,69711918,7645,0
3147,34254431279067,34254433206139,20004310,sA-eth3,up,34254432987626,netem,73031382,56731,0,0,0,0,0,69998884,12522,0,70226430,14231,0
3147,34254431279067,34254435299962,20004310,sB-eth3,up,34254435136110,netem,72512142,50073,0,0,0,0,0,69889058,10313,0,69711918,7645,0
3148,34254451274789,34254453236241,19995722,sA-eth3,up,34254453033498,netem,73031592,56734,0,0,0,0,0,70018038,12527,0,70226640,14234,0
3148,34254451274789,34254454854448,19995722,sB-eth3,up,34254454696406,netem,72512142,50073,0,0,0,0,0,69889058,10313,0,69711918,7645,0
3149,34254471291640,34254473059849,20016851,sA-eth3,up,34254472870497,netem,73031934,56739,0,0,0,0,0,70028316,12530,0,70226982,14239,0
3149,34254471291640,34254475087501,20016851,sB-eth3,up,34254474904160,netem,72512142,50073,0,0,0,0,0,69889058,10313,0,69711918,7645,0
3150,34254491279841,34254493117701,19988201,sA-eth3,up,34254492915628,netem,73032078,56741,0,0,0,0,0,70034240,12532,0,70227126,14241,0
3150,34254491279841,34254495285704,19988201,sB-eth3,up,34254495114533,netem,72512142,50073,0,0,0,0,0,69889058,10313,0,69711918,7645,0
3151,34254511278861,34254513144282,19999020,sA-eth3,up,34254512945050,netem,73032078,56741,0,0,0,0,0,70034240,12532,0,70227126,14241,0
3151,34254511278861,34254514864411,19999020,sB-eth3,up,34254514674978,netem,72512142,50073,0,0,0,0,0,69889058,10313,0,69711918,7645,0
3152,34254531280462,34254533252424,20001601,sA-eth3,up,34254532988011,netem,73032078,56741,0,0,0,0,0,70034240,12532,0,70227126,14241,0
3152,34254531280462,34254535192156,20001601,sB-eth3,up,34254535029944,netem,72512142,50073,0,0,0,0,0,69889058,10313,0,69711918,7645,0
3153,34254551274783,34254553108624,19994321,sA-eth3,up,34254552914461,netem,73032078,56741,0,0,0,0,0,70034240,12532,0,70227126,14241,0
3153,34254551274783,34254555026425,19994321,sB-eth3,up,34254554802912,netem,72512142,50073,0,0,0,0,0,69889058,10313,0,69711918,7645,0
3154,34254571273994,34254573167135,19999211,sA-eth3,up,34254572953743,netem,73032078,56741,0,0,0,0,0,70034240,12532,0,70227126,14241,0
3154,34254571273994,34254574913995,19999211,sB-eth3,up,34254574752732,netem,72512142,50073,0,0,0,0,0,69889058,10313,0,69711918,7645,0
3155,34254591270955,34254593106805,19996961,sA-eth3,up,34254592914643,netem,73032078,56741,0,0,0,0,0,70034240,12532,0,70227126,14241,0
3155,34254591270955,34254594855795,19996961,sB-eth3,up,34254594695133,netem,72512142,50073,0,0,0,0,0,69889058,10313,0,69711918,7645,0
3156,34254611278596,34254613132186,20007641,sA-eth3,up,34254612941165,netem,73032078,56741,0,0,0,0,0,70034240,12532,0,70227126,14241,0
3156,34254611278596,34254614809665,20007641,sB-eth3,up,34254614643903,netem,72512142,50073,0,0,0,0,0,69889058,10313,0,69711918,7645,0
3157,34254631301278,34254633260069,20022682,sA-eth3,up,34254633068547,netem,73032078,56741,0,0,0,0,0,70034240,12532,0,70227126,14241,0
3157,34254631301278,34254634996518,20022682,sB-eth3,up,34254634835127,netem,72512142,50073,0,0,0,0,0,69889058,10313,0,69711918,7645,0
3158,34254651271788,34254653103548,19970510,sA-eth3,up,34254652895486,netem,73032078,56741,0,0,0,0,0,70034240,12532,0,70227126,14241,0
3158,34254651271788,34254654793007,19970510,sB-eth3,up,34254654607094,netem,72512142,50073,0,0,0,0,0,69889058,10313,0,69711918,7645,0
