poll_iteration,poll_start_ns,poll_end_ns,poll_interval_ns,interface,operstate,t_ns,kind,bytes,packets,drops,overlimits,requeues,backlog_bytes,qlen,rx_bytes,rx_packets,rx_dropped,tx_bytes,tx_packets,tx_dropped
0,3864416491948010,3864416493023785,0,sA-eth3,up,3864416492778254,netem,364,6,0,0,0,0,0,566,7,0,544,8,0
1,3864416512009828,3864416512786143,20061818,sA-eth3,up,3864416512693172,netem,364,6,0,0,0,0,0,566,7,0,544,8,0
2,3864416532005927,3864416532759351,19996099,sA-eth3,up,3864416532695050,netem,664,10,0,0,0,0,0,780,10,0,844,12,0
3,3864416552005165,3864416552798879,19999238,sA-eth3,up,3864416552685959,netem,1522,23,0,0,0,132,2,229262,27,0,1768,26,0
4,3864416572015413,3864416572714207,20010248,sA-eth3,up,3864416572649597,netem,2578,39,0,0,0,132,2,460550,43,0,2758,41,0
5,3864416592013011,3864416592548414,19997598,sA-eth3,up,3864416592496904,netem,3568,54,0,0,0,66,1,720732,58,0,3748,56,0
6,3864416612000690,3864416612677243,19987679,sA-eth3,up,3864416612606503,netem,4360,66,0,0,0,66,1,963406,71,0,4540,68,0
7,3864416632013588,3864416632684382,20012898,sA-eth3,up,3864416632600571,netem,5218,79,0,0,0,132,2,1217664,84,0,5398,81,0
8,3864416652017056,3864416652764091,20003468,sA-eth3,up,3864416652680690,netem,6274,95,0,0,0,0,0,1486798,103,0,6454,97,0
9,3864416672014285,3864416672760679,19997229,sA-eth3,up,3864416672683778,netem,7330,111,0,0,0,66,1,1725326,119,0,7510,113,0
10,3864416692013533,3864416692640697,19999248,sA-eth3,up,3864416692561666,netem,8386,127,0,0,0,0,0,1987088,136,0,8566,129,0
11,3864416712016572,3864416712678165,20003039,sA-eth3,up,3864416712596475,netem,9376,142,0,0,0,152,2,2106734,143,0,9556,144,0
12,3864416731977620,3864416732626783,19961048,sA-eth3,up,3864416732547923,netem,197354,269,0,0,0,24224,1,2107724,158,0,190274,161,0
13,3864416752015458,3864416752655552,20037838,sA-eth3,up,3864416752581391,netem,453220,438,0,0,0,34822,2,2108780,174,0,436042,177,0
14,3864416772015116,3864416772581149,19999658,sA-eth3,up,3864416772522969,netem,700002,601,0,0,0,59046,3,2109704,188,0,672990,191,0
15,3864416792008075,3864416792729619,19992959,sA-eth3,up,3864416792639648,netem,945270,763,0,0,0,66616,4,2110496,200,0,908358,203,0
16,3864416812014643,3864416812706727,20006568,sA-eth3,up,3864416812605136,netem,1199622,931,0,0,0,77214,4,2111420,214,0,1156890,217,0
17,3864416832014361,3864416832682115,19999718,sA-eth3,up,3864416832590745,netem,1441862,1091,0,0,0,110522,7,2112344,228,0,1385150,231,0
18,3864416852015240,3864416852610063,20000879,sA-eth3,up,3864416852541553,netem,1702270,1263,0,0,0,102952,7,2113466,245,0,1635328,248,0
19,3864416872003258,3864416872645091,19988018,sA-eth3,up,3864416872575331,netem,1938454,1419,0,0,0,139288,9,2114456,260,0,1862206,263,0
20,3864416892002476,3864416892660230,19999218,sA-eth3,up,3864416892568179,netem,2202404,1594,0,0,0,0,0,2115512,276,0,2115662,279,0
21,3864416912006135,3864416912772559,20003659,sA-eth3,up,3864416912671578,netem,2203130,1605,0,0,0,0,0,2458386,293,0,2116388,290,0
22,3864416932004583,3864416932693097,19998448,sA-eth3,up,3864416932613066,netem,2203790,1615,0,0,0,0,0,2721464,308,0,2117048,300,0
23,3864416952013361,3864416952734725,20008778,sA-eth3,up,3864416952650845,netem,2204780,1630,0,0,0,0,0,2975854,323,0,2118038,315,0
24,3864416972004250,3864416972709823,19990889,sA-eth3,up,3864416972645303,netem,2205770,1645,0,0,0,0,0,3224650,341,0,2119028,330,0
25,3864416992004728,3864416992623051,20000478,sA-eth3,up,3864416992557561,netem,2206892,1662,0,0,0,66,1,3482134,359,0,2120216,348,0
26,3864417012001526,3864417012579619,19996798,sA-eth3,up,3864417012516309,netem,2208014,1679,0,0,0,0,0,3726454,375,0,2121272,364,0
27,3864417032003394,3864417032644258,20001868,sA-eth3,up,3864417032586498,netem,2209070,1695,0,0,0,0,0,3983806,391,0,2122328,380,0
28,3864417052001623,3864417052594476,19998229,sA-eth3,up,3864417052515786,netem,2210080,1710,0,0,0,66,1,4221202,405,0,2123338,395,0
29,3864417072004281,3864417072648185,20002658,sA-eth3,up,3864417072594524,netem,2211004,1724,0,0,0,151490,8,4221202,405,0,2124262,410,0
30,3864417092001140,3864417092595573,19996859,sA-eth3,up,3864417092536072,netem,2439708,1876,0,0,0,154428,6,4221994,417,0,2343726,421,0
31,3864417112001938,3864417112613171,20000798,sA-eth3,up,3864417112533921,netem,2684976,2038,0,0,0,177248,12,4222720,428,0,2602196,432,0
32,3864417132014186,3864417132621190,20012248,sA-eth3,up,3864417132547979,netem,2947008,2212,0,0,0,184708,10,4223710,443,0,2830632,448,0
33,3864417152001374,3864417152614698,19987188,sA-eth3,up,3864417152549867,netem,3192276,2374,0,0,0,201362,14,4224700,458,0,3066198,463,0
34,3864417172004703,3864417172576686,20003329,sA-eth3,up,3864417172522206,netem,3448142,2543,0,0,0,210532,14,4225888,476,0,3312098,481,0
35,3864417192001911,3864417192568004,19997208,sA-eth3,up,3864417192505154,netem,3691982,2705,0,0,0,227100,14,4226944,492,0,3546368,498,0
36,3864417212003839,3864417212624683,20001928,sA-eth3,up,3864417212569282,netem,3943306,2871,0,0,0,237698,14,4228000,508,0,3803720,514,0
37,3864417232003888,3864417232613521,20000049,sA-eth3,up,3864417232534071,netem,4200686,3041,0,0,0,203390,12,4228924,522,0,4034876,528,0
38,3864417252017996,3864417252633589,20014108,sA-eth3,up,3864417252562859,netem,4404142,3177,0,0,0,66,1,4482550,547,0,4230214,541,0
39,3864417272001264,3864417272836989,19983268,sA-eth3,up,3864417272758728,netem,4404934,3189,0,0,0,0,0,4745364,558,0,4231006,553,0
40,3864417292014883,3864417292594506,20013619,sA-eth3,up,3864417292525265,netem,4405528,3198,0,0,0,66,1,4967568,568,0,4231600,562,0
41,3864417312012721,3864417312643434,19997838,sA-eth3,up,3864417312580254,netem,4406254,3209,0,0,0,66,1,5232204,584,0,4232326,573,0
42,3864417332006999,3864417332564692,19994278,sA-eth3,up,3864417332511282,netem,4407112,3222,0,0,0,66,1,5483764,600,0,4233184,586,0
43,3864417352000828,3864417352572651,19993829,sA-eth3,up,3864417352510730,netem,4408036,3236,0,0,0,132,2,5736772,616,0,4234108,600,0
44,3864417372005416,3864417372603009,20004588,sA-eth3,up,3864417372548509,netem,4409160,3252,0,0,0,66,1,5992762,633,0,4235232,616,0
45,3864417392001564,3864417392600587,19996148,sA-eth3,up,3864417392539907,netem,4410216,3268,0,0,0,0,0,6258868,650,0,4236288,632,0
46,3864417412003852,3864417412555656,20002288,sA-eth3,up,3864417412500445,netem,4411140,3282,0,0,0,0,0,6335074,657,0,4237212,646,0
47,3864417432002971,3864417432787905,19999119,sA-eth3,up,3864417432715475,netem,4460602,3329,0,0,0,264950,12,6335272,660,0,4284694,663,0
48,3864417452013629,3864417452668383,20010658,sA-eth3,up,3864417452561652,netem,4699814,3487,0,0,0,275548,11,6335998,671,0,4514204,674,0
49,3864417472014898,3864417472753152,20001269,sA-eth3,up,3864417472689861,netem,4949624,3652,0,0,0,289174,13,6336658,681,0,4778466,685,0
50,3864417492002266,3864417492588549,19987368,sA-eth3,up,3864417492518389,netem,5219116,3830,0,0,0,287660,16,6337450,693,0,5012320,696,0
51,3864417512006894,3864417512611427,20004628,sA-eth3,up,3864417512551077,netem,5456814,3987,0,0,0,314912,20,6338308,706,0,5240514,709,0
52,3864417532003392,3864417532622976,19996498,sA-eth3,up,3864417532559735,netem,5718736,4160,0,0,0,313398,19,6339298,721,0,5492074,725,0
53,3864417552003151,3864417552701995,19999759,sA-eth3,up,3864417552640704,netem,5953406,4315,0,0,0,339296,22,6340090,733,0,5717438,739,0
54,3864417572005609,3864417572678003,20002458,sA-eth3,up,3864417572614682,netem,6219870,4491,0,0,0,330212,22,6341146,749,0,5973342,755,0
55,3864417592003277,3864417592655111,19997668,sA-eth3,up,3864417592579880,netem,6471354,4659,0,0,0,133746,10,6342136,764,0,6214860,772,0
56,3864417612005226,3864417612691260,20001949,sA-eth3,up,3864417612581179,netem,6605298,4751,0,0,0,0,0,6749580,794,0,6343590,785,0
57,3864417632014034,3864417632757788,20008808,sA-eth3,up,3864417632686178,netem,6605958,4761,0,0,0,66,1,6993504,804,0,6344250,795,0
58,3864417652002752,3864417652587596,19988718,sA-eth3,up,3864417652520435,netem,6606750,4773,0,0,0,0,0,7251974,815,0,6345042,807,0
59,3864417672003391,3864417672724485,20000639,sA-eth3,up,3864417672660664,netem,6607410,4783,0,0,0,0,0,7512090,829,0,6345702,817,0
60,3864417692004389,3864417692596842,20000998,sA-eth3,up,3864417692531952,netem,6608136,4794,0,0,0,0,0,7766612,846,0,6346428,828,0
61,3864417712003857,3864417712625351,19999468,sA-eth3,up,3864417712565030,netem,6609060,4808,0,0,0,66,1,8006588,862,0,6347352,842,0
62,3864417732003806,3864417732562709,19999949,sA-eth3,up,3864417732499978,netem,6609786,4819,0,0,0,66,1,8272694,879,0,6348144,854,0
63,3864417752002074,3864417752569457,19998268,sA-eth3,up,3864417752508587,netem,6611134,4839,0,0,0,0,0,8447826,893,0,6349426,873,0
64,3864417772003012,3864417772569245,20000938,sA-eth3,up,3864417772511125,netem,6612058,4853,0,0,0,66,1,8447826,893,0,6350350,887,0
65,3864417792002281,3864417792759355,19999269,sA-eth3,up,3864417792675104,netem,6709836,4930,0,0,0,351248,16,8448156,898,0,6444168,904,0
66,3864417812014549,3864417812601712,20012268,sA-eth3,up,3864417812544002,netem,6952076,5090,0,0,0,389098,17,8448816,908,0,6676508,914,0
67,3864417832003157,3864417832618660,19988608,sA-eth3,up,3864417832543550,netem,7213998,5263,0,0,0,370930,15,8449608,920,0,6927804,926,0
68,3864417852007806,3864417852582059,20004649,sA-eth3,up,3864417852526248,netem,7469864,5432,0,0,0,389098,20,8450268,930,0,7173176,936,0
69,3864417872001294,3864417872726848,19993488,sA-eth3,up,3864417872657737,netem,7719674,5597,0,0,0,401210,25,8450994,941,0,7412822,947,0
70,3864417892005622,3864417892595015,20004328,sA-eth3,up,3864417892539345,netem,7955858,5753,0,0,0,439060,27,8451918,955,0,7639700,962,0
71,3864417912001551,3864417912642744,19995929,sA-eth3,up,3864417912580214,netem,8220808,5928,0,0,0,427038,29,8452710,967,0,7894090,977,0
72,3864417932004179,3864417932592822,20002628,sA-eth3,up,3864417932506192,netem,8466076,6090,0,0,0,339740,24,8453766,983,0,8129722,993,0
73,3864417952014797,3864417952609051,20010618,sA-eth3,up,3864417952546040,netem,8720518,6259,0,0,0,85298,7,8454822,999,0,8374132,1010,0
74,3864417972007225,3864417972608249,19992428,sA-eth3,up,3864417972533928,netem,8806212,6322,0,0,0,66,1,9032078,1035,0,8456526,1023,0
75,3864417992016024,3864417992702118,20008799,sA-eth3,up,3864417992624847,netem,8806938,6333,0,0,0,66,1,9284756,1046,0,8457252,1034,0
76,3864418012003532,3864418012603035,19987508,sA-eth3,up,3864418012546765,netem,8807730,6345,0,0,0,0,0,9543226,1057,0,8458044,1046,0
77,3864418032001540,3864418032636194,19998008,sA-eth3,up,3864418032587784,netem,8808390,6355,0,0,0,66,1,9781424,1068,0,8458704,1056,0
78,3864418052001029,3864418052763823,19999489,sA-eth3,up,3864418052654282,netem,8809050,6365,0,0,0,66,1,10035946,1085,0,8459364,1066,0
79,3864418072015367,3864418072612700,20014338,sA-eth3,up,3864418072534250,netem,8809936,6378,0,0,0,66,1,10286256,1104,0,8460250,1079,0
80,3864418092012546,3864418092619249,19997179,sA-eth3,up,3864418092526938,netem,8810992,6394,0,0,0,0,0,10552494,1123,0,8461306,1095,0
81,3864418112004274,3864418112619877,19991728,sA-eth3,up,3864418112561417,netem,8811718,6405,0,0,0,66,1,10560248,1124,0,8462032,1106,0
82,3864418132001692,3864418132562455,19997418,sA-eth3,up,3864418132502805,netem,8812666,6419,0,0,0,66,1,10560248,1124,0,8462980,1120,0
83,3864418152005190,3864418152734984,20003498,sA-eth3,up,3864418152647184,netem,8972122,6531,0,0,0,466312,22,10560776,1132,0,8615968,1134,0
84,3864418172016789,3864418172631972,20011599,sA-eth3,up,3864418172553702,netem,9221932,6696,0,0,0,478424,22,10561502,1143,0,8855614,1145,0
85,3864418192004747,3864418192663561,19987958,sA-eth3,up,3864418192597860,netem,9462658,6855,0,0,0,484640,22,10562228,1154,0,9086638,1157,0
86,3864418212004715,3864418212590228,19999968,sA-eth3,up,3864418212527298,netem,9700356,7012,0,0,0,519462,24,10562888,1164,0,9314634,1167,0
87,3864418232003884,3864418232639417,19999169,sA-eth3,up,3864418232560137,netem,9971522,7193,0,0,0,514760,29,10563614,1175,0,9574712,1180,0
88,3864418252002782,3864418252613085,19998898,sA-eth3,up,3864418252548945,netem,10219818,7357,0,0,0,526872,37,10564340,1186,0,9812910,1191,0
89,3864418272005110,3864418272586093,20002328,sA-eth3,up,3864418272501633,netem,10460544,7516,0,0,0,545554,39,10565330,1201,0,10044198,1207,0
90,3864418292013999,3864418292623332,20008889,sA-eth3,up,3864418292549392,netem,10720952,7688,0,0,0,285146,20,10566122,1213,0,10294508,1226,0
91,3864418312003957,3864418312537980,19989958,sA-eth3,up,3864418312481539,netem,10970762,7853,0,0,0,35336,3,10567046,1227,0,10534550,1243,0
92,3864418332004765,3864418332597849,20000808,sA-eth3,up,3864418332533478,netem,11006626,7885,0,0,0,66,1,11295026,1265,0,10569028,1254,0
93,3864418352012804,3864418352700927,20008039,sA-eth3,up,3864418352630837,netem,11007352,7896,0,0,0,66,1,11547704,1276,0,10569754,1265,0
94,3864418372005602,3864418372558995,19992798,sA-eth3,up,3864418372501735,netem,11008078,7907,0,0,0,0,0,11803278,1287,0,10570480,1276,0
95,3864418392006570,3864418392758654,20000968,sA-eth3,up,3864418392693014,netem,11008738,7917,0,0,0,66,1,12038740,1300,0,10571140,1286,0
96,3864418412002038,3864418412595992,19995468,sA-eth3,up,3864418412526401,netem,11009464,7928,0,0,0,0,0,12301620,1312,0,10571866,1297,0
97,3864418432015267,3864418432664400,20013229,sA-eth3,up,3864418432585220,netem,11010190,7939,0,0,0,0,0,12559170,1331,0,10572592,1308,0
98,3864418452002265,3864418452579028,19986998,sA-eth3,up,3864418452510068,netem,11010916,7950,0,0,0,0,0,12671708,1340,0,10573318,1319,0
99,3864418472005014,3864418472742908,20002749,sA-eth3,up,3864418472662527,netem,11011774,7963,0,0,0,0,0,12671708,1340,0,10574176,1332,0
100,3864418492005202,3864418492617425,20000188,sA-eth3,up,3864418492540735,netem,11012962,7981,0,0,0,132,2,12671708,1340,0,10575364,1350,0
101,3864418512006740,3864418512748264,20001538,sA-eth3,up,3864418512636664,netem,11217640,8120,0,0,0,602572,27,12672368,1350,0,10771726,1363,0
102,3864418532005128,3864418532690502,19998388,sA-eth3,up,3864418532591562,netem,11467450,8285,0,0,0,614684,27,12673094,1361,0,11011372,1374,0
103,3864418552013257,3864418552670500,20008129,sA-eth3,up,3864418552582120,netem,11724830,8455,0,0,0,602572,25,12673820,1372,0,11258324,1386,0
104,3864418572004285,3864418572653059,19991028,sA-eth3,up,3864418572589218,netem,11962528,8612,0,0,0,632852,27,12674480,1382,0,11486320,1396,0
105,3864418592004283,3864418592658757,19999998,sA-eth3,up,3864418592577166,netem,12225964,8786,0,0,0,617712,27,12675206,1393,0,11738998,1407,0
106,3864418612014402,3864418612596765,20010119,sA-eth3,up,3864418612518414,netem,12474260,8950,0,0,0,640422,36,12675932,1404,0,11977196,1418,0
107,3864418632003700,3864418632618703,19989298,sA-eth3,up,3864418632533893,netem,12724070,9115,0,0,0,481966,32,12676658,1415,0,12216842,1429,0
108,3864418652014198,3864418652625372,20010498,sA-eth3,up,3864418652519871,netem,12958740,9270,0,0,0,247296,19,12677582,1429,0,12463926,1443,0
109,3864418672015847,3864418672738931,20001649,sA-eth3,up,3864418672675070,netem,13206036,9434,0,0,0,0,0,12678770,1447,0,12679866,1461,0
110,3864418692003655,3864418692830429,19987808,sA-eth3,up,3864418692755279,netem,13206696,9444,0,0,0,66,1,13557606,1489,0,12680526,1471,0
111,3864418712002393,3864418712579737,19998738,sA-eth3,up,3864418712512246,netem,13207422,9455,0,0,0,66,1,13810284,1500,0,12681252,1482,0
112,3864418732005592,3864418732629015,20003199,sA-eth3,up,3864418732569445,netem,13208148,9466,0,0,0,66,1,14058618,1511,0,12681978,1493,0
113,3864418752001580,3864418752614623,19995988,sA-eth3,up,3864418752548143,netem,13208874,9477,0,0,0,0,0,14317088,1522,0,12682704,1504,0
114,3864418772004698,3864418772693412,20003118,sA-eth3,up,3864418772637642,netem,13209534,9487,0,0,0,66,1,14558182,1533,0,12683364,1514,0
115,3864418792003357,3864418792612970,19998659,sA-eth3,up,3864418792544449,netem,13210260,9498,0,0,0,0,0,14782414,1545,0,12684090,1525,0
116,3864418812005355,3864418812657858,20001998,sA-eth3,up,3864418812602668,netem,13210920,9508,0,0,0,0,0,14782414,1545,0,12684750,1535,0
117,3864418832002473,3864418832623197,19997118,sA-eth3,up,3864418832546866,netem,13211646,9519,0,0,0,0,0,14782414,1545,0,12685476,1546,0
118,3864418852004631,3864418852695615,20002158,sA-eth3,up,3864418852629215,netem,13212528,9532,0,0,0,700982,31,14782480,1546,0,12686358,1559,0
119,3864418872004780,3864418872670783,20000149,sA-eth3,up,3864418872624253,netem,13462338,9697,0,0,0,690384,31,14783206,1557,0,12926004,1570,0
120,3864418892004788,3864418892689882,20000008,sA-eth3,up,3864418892604211,netem,13712148,9862,0,0,0,702496,31,14783932,1568,0,13165650,1581,0
121,3864418912007137,3864418912661940,20002349,sA-eth3,up,3864418912565710,netem,13961958,10027,0,0,0,714698,31,14784658,1579,0,13405362,1593,0
122,3864418932013755,3864418932631378,20006618,sA-eth3,up,3864418932536018,netem,14201170,10185,0,0,0,743464,32,14785318,1589,0,13634806,1603,0
123,3864418952004273,3864418952577686,19990518,sA-eth3,up,3864418952502026,netem,14463182,10359,0,0,0,731262,31,14786044,1600,0,13886126,1615,0
124,3864418972001561,3864418972591415,19997288,sA-eth3,up,3864418972522554,netem,14700880,10516,0,0,0,704614,33,14786704,1610,0,14114122,1625,0
125,3864418992003130,3864418992628743,20001569,sA-eth3,up,3864418992569713,netem,14968858,10693,0,0,0,436636,22,14787430,1621,0,14371144,1636,0
126,3864419012014148,3864419012619561,20011018,sA-eth3,up,3864419012520081,netem,15217154,10857,0,0,0,188340,11,14788156,1632,0,14609342,1647,0
127,3864419032015066,3864419032692650,20000918,sA-eth3,up,3864419032589300,netem,15405560,10984,0,0,0,66,1,15567476,1680,0,14790158,1659,0
128,3864419052015665,3864419052669048,20000599,sA-eth3,up,3864419052584968,netem,15406286,10995,0,0,0,66,1,15818706,1691,0,14790884,1670,0
129,3864419072014813,3864419072780497,19999148,sA-eth3,up,3864419072696897,netem,15407012,11006,0,0,0,66,1,16093170,1703,0,14791676,1682,0
130,3864419092004191,3864419092576224,19989378,sA-eth3,up,3864419092516454,netem,15407738,11017,0,0,0,66,1,16322614,1713,0,14792336,1692,0
131,3864419112002660,3864419112626313,19998469,sA-eth3,up,3864419112553773,netem,15408530,11029,0,0,0,66,1,16573910,1725,0,14793128,1704,0
132,3864419132001918,3864419132609361,19999258,sA-eth3,up,3864419132527411,netem,15409256,11040,0,0,0,0,0,16835342,1737,0,14793854,1715,0
133,3864419152003866,3864419152723960,20001948,sA-eth3,up,3864419152640160,netem,15409916,11050,0,0,0,66,1,16892460,1740,0,14794514,1725,0
134,3864419172006555,3864419172588408,20002689,sA-eth3,up,3864419172505797,netem,15410708,11062,0,0,0,0,0,16892460,1740,0,14795306,1737,0
135,3864419192013823,3864419192576326,20007268,sA-eth3,up,3864419192506956,netem,15411368,11072,0,0,0,66,1,16892460,1740,0,14795966,1747,0
136,3864419212007991,3864419212622205,19994168,sA-eth3,up,3864419212559984,netem,15457472,11112,0,0,0,814532,37,16892658,1743,0,14840222,1759,0
137,3864419232002129,3864419232610273,19994138,sA-eth3,up,3864419232534302,netem,15707282,11277,0,0,0,826644,37,16893384,1754,0,15079868,1770,0
138,3864419252006008,3864419252597171,20003879,sA-eth3,up,3864419252538001,netem,15957092,11442,0,0,0,838756,37,16894110,1765,0,15319514,1781,0
139,3864419272005436,3864419272641210,19999428,sA-eth3,up,3864419272574189,netem,16223556,11618,0,0,0,834214,35,16894968,1778,0,15575220,1794,0
140,3864419291992975,3864419292564198,19987539,sA-eth3,up,3864419292502347,netem,16462768,11776,0,0,0,834214,36,16895628,1788,0,15804664,1804,0
141,3864419312001163,3864419312718677,20008188,sA-eth3,up,3864419312655576,netem,16724690,11949,0,0,0,843298,37,16896354,1799,0,16055894,1815,0
142,3864419331961041,3864419332541064,19959878,sA-eth3,up,3864419332476534,netem,16962388,12106,0,0,0,642450,29,16897014,1809,0,16283890,1825,0
143,3864419352002620,3864419352565563,20041579,sA-eth3,up,3864419352503702,netem,17200086,12263,0,0,0,404752,18,16897896,1822,0,16535186,1837,0
144,3864419372002028,3864419372582111,19999408,sA-eth3,up,3864419372512931,netem,17451410,12429,0,0,0,153428,7,16898556,1832,0,16753046,1847,0
145,3864419392002666,3864419392672990,20000638,sA-eth3,up,3864419392602559,netem,17605102,12535,0,0,0,66,1,17851966,1885,0,16900468,1858,0
146,3864419412002484,3864419412619138,19999818,sA-eth3,up,3864419412559347,netem,17605828,12546,0,0,0,66,1,18103196,1896,0,16901194,1869,0
147,3864419432001433,3864419432630316,19998949,sA-eth3,up,3864419432551546,netem,17606554,12557,0,0,0,66,1,18354426,1907,0,16901920,1880,0
148,3864419452003901,3864419452667875,20002468,sA-eth3,up,3864419452608884,netem,17607280,12568,0,0,0,66,1,18607104,1918,0,16902646,1891,0
149,3864419472004939,3864419472715283,20001038,sA-eth3,up,3864419472652303,netem,17608072,12580,0,0,0,66,1,18851094,1929,0,16903438,1903,0
150,3864419492002738,3864419492625891,19997799,sA-eth3,up,3864419492560461,netem,17608798,12591,0,0,0,0,0,19002596,1936,0,16904164,1914,0
151,3864419512005536,3864419512592219,20002798,sA-eth3,up,3864419512509429,netem,17609458,12601,0,0,0,66,1,19002596,1936,0,16904824,1924,0
152,3864419532013825,3864419532631038,20008289,sA-eth3,up,3864419532557167,netem,17610184,12612,0,0,0,0,0,19002596,1936,0,16905550,1935,0
153,3864419552003723,3864419552719297,19989898,sA-eth3,up,3864419552651626,netem,17610844,12622,0,0,0,66,1,19002596,1936,0,16906210,1945,0
154,3864419572008691,3864419572616494,20004968,sA-eth3,up,3864419572541854,netem,17724880,12704,0,0,0,903858,41,19002992,1942,0,17015626,1957,0
155,3864419592001539,3864419592674383,19992848,sA-eth3,up,3864419592585482,netem,17974690,12869,0,0,0,915970,41,19003718,1953,0,17255272,1968,0
156,3864419612001808,3864419612637711,20000269,sA-eth3,up,3864419612579871,netem,18224500,13034,0,0,0,928082,41,19004444,1964,0,17494918,1979,0
157,3864419632001076,3864419632615929,19999268,sA-eth3,up,3864419632536019,netem,18474310,13199,0,0,0,940194,41,19005170,1975,0,17734564,1990,0
158,3864419652004094,3864419652560037,20003018,sA-eth3,up,3864419652504507,netem,18724120,13364,0,0,0,946250,40,19005962,1987,0,17974276,2002,0
159,3864419672001173,3864419672709857,19997079,sA-eth3,up,3864419672648686,netem,18961818,13521,0,0,0,842298,36,19006622,1997,0,18202272,2012,0
160,3864419692001921,3864419692620444,20000748,sA-eth3,up,3864419692558674,netem,19223740,13694,0,0,0,580376,25,19007348,2008,0,18453502,2023,0
161,3864419712001899,3864419712618253,19999978,sA-eth3,up,3864419712543532,netem,19462952,13852,0,0,0,341164,15,19008008,2018,0,18682946,2033,0
162,3864419732004928,3864419732622351,20003029,sA-eth3,up,3864419732565521,netem,19718818,14021,0,0,0,85298,4,19008734,2029,0,18928384,2044,0
163,3864419752003236,3864419752676560,19998308,sA-eth3,down,3864419752594089,netem,19804116,14078,0,0,0,0,0,19008998,2033,0,19010184,2048,0
164,3864419772005794,3864419772608928,20002558,sA-eth3,down,3864419772529427,netem,19804116,14078,0,0,0,0,0,19008998,2033,0,19010184,2048,0
165,3864419792008423,3864419792619326,20002629,sA-eth3,down,3864419792550765,netem,19804116,14078,0,0,0,0,0,19008998,2033,0,19010184,2048,0
166,3864419812003871,3864419812693875,19995448,sA-eth3,down,3864419812619114,netem,19804116,14078,0,0,0,0,0,19008998,2033,0,19010184,2048,0
167,3864419832003759,3864419832615772,19999888,sA-eth3,down,3864419832548622,netem,19804116,14078,0,0,0,0,0,19008998,2033,0,19010184,2048,0
168,3864419852019217,3864419852714331,20015458,sA-eth3,down,3864419852642871,netem,19804116,14078,0,0,0,0,0,19008998,2033,0,19010184,2048,0
169,3864419872003296,3864419872736730,19984079,sA-eth3,down,3864419872661799,netem,19804116,14078,0,0,0,0,0,19008998,2033,0,19010184,2048,0
170,3864419892014544,3864419892592807,20011248,sA-eth3,down,3864419892519767,netem,19804116,14078,0,0,0,0,0,19008998,2033,0,19010184,2048,0
171,3864419912003383,3864419912637136,19988839,sA-eth3,down,3864419912560996,netem,19804116,14078,0,0,0,0,0,19008998,2033,0,19010184,2048,0
172,3864419932001961,3864419932617744,19998578,sA-eth3,down,3864419932537534,netem,19804116,14078,0,0,0,0,0,19008998,2033,0,19010184,2048,0
173,3864419952003419,3864419952630772,20001458,sA-eth3,down,3864419952577132,netem,19804116,14078,0,0,0,0,0,19008998,2033,0,19010184,2048,0
174,3864419972001147,3864419972720811,19997728,sA-eth3,down,3864419972639411,netem,19804116,14078,0,0,0,0,0,19008998,2033,0,19010184,2048,0
175,3864419992013386,3864419992786180,20012239,sA-eth3,down,3864419992711200,netem,19804116,14078,0,0,0,0,0,19008998,2033,0,19010184,2048,0
176,3864420012005564,3864420012624057,19992178,sA-eth3,down,3864420012560467,netem,19804116,14078,0,0,0,0,0,19008998,2033,0,19010184,2048,0
177,3864420032001382,3864420032599636,19995818,sA-eth3,down,3864420032517225,netem,19804116,14078,0,0,0,0,0,19008998,2033,0,19010184,2048,0
178,3864420052012551,3864420052610624,20011169,sA-eth3,down,3864420052532094,netem,19804116,14078,0,0,0,0,0,19008998,2033,0,19010184,2048,0
179,3864420072013309,3864420072595862,20000758,sA-eth3,down,3864420072519402,netem,19804116,14078,0,0,0,0,0,19008998,2033,0,19010184,2048,0
180,3864420092003117,3864420092720231,19989808,sA-eth3,down,3864420092661311,netem,19804116,14078,0,0,0,0,0,19008998,2033,0,19010184,2048,0
181,3864420112002856,3864420112613259,19999739,sA-eth3,down,3864420112542109,netem,19804116,14078,0,0,0,0,0,19008998,2033,0,19010184,2048,0
182,3864420132001894,3864420132572767,19999038,sA-eth3,down,3864420132517557,netem,19804116,14078,0,0,0,0,0,19008998,2033,0,19010184,2048,0
183,3864420152001482,3864420152552515,19999588,sA-eth3,down,3864420152484385,netem,19804116,14078,0,0,0,0,0,19008998,2033,0,19010184,2048,0
184,3864420172001801,3864420172597964,20000319,sA-eth3,down,3864420172525343,netem,19804116,14078,0,0,0,0,0,19008998,2033,0,19010184,2048,0
185,3864420192013719,3864420192573942,20011918,sA-eth3,down,3864420192500602,netem,19804116,14078,0,0,0,0,0,19008998,2033,0,19010184,2048,0
186,3864420212002907,3864420212739381,19989188,sA-eth3,down,3864420212655711,netem,19804116,14078,0,0,0,0,0,19008998,2033,0,19010184,2048,0
187,3864420232014366,3864420232701319,20011459,sA-eth3,down,3864420232628699,netem,19804116,14078,0,0,0,0,0,19008998,2033,0,19010184,2048,0
188,3864420252001864,3864420252565237,19987498,sA-eth3,down,3864420252496897,netem,19804116,14078,0,0,0,0,0,19008998,2033,0,19010184,2048,0
189,3864420272005142,3864420272720996,20003278,sA-eth3,down,3864420272659416,netem,19804116,14078,0,0,0,0,0,19008998,2033,0,19010184,2048,0
190,3864420292004711,3864420292772875,19999569,sA-eth3,down,3864420292708514,netem,19804116,14078,0,0,0,0,0,19008998,2033,0,19010184,2048,0
191,3864420312003679,3864420312611672,19998968,sA-eth3,down,3864420312551872,netem,19804116,14078,0,0,0,0,0,19008998,2033,0,19010184,2048,0
192,3864420332001887,3864420332623090,19998208,sA-eth3,down,3864420332548250,netem,19804116,14078,0,0,0,0,0,19008998,2033,0,19010184,2048,0
193,3864420352004135,3864420352592189,20002248,sA-eth3,down,3864420352524068,netem,19804116,14078,0,0,0,0,0,19008998,2033,0,19010184,2048,0
194,3864420372003744,3864420372666097,19999609,sA-eth3,down,3864420372606887,netem,19804116,14078,0,0,0,0,0,19008998,2033,0,19010184,2048,0
195,3864420392001462,3864420392558495,19997718,sA-eth3,down,3864420392499045,netem,19804116,14078,0,0,0,0,0,19008998,2033,0,19010184,2048,0
196,3864420412004770,3864420412588924,20003308,sA-eth3,down,3864420412523923,netem,19804116,14078,0,0,0,0,0,19008998,2033,0,19010184,2048,0
197,3864420432001719,3864420432660432,19996949,sA-eth3,down,3864420432602312,netem,19804116,14078,0,0,0,0,0,19008998,2033,0,19010184,2048,0
198,3864420452004747,3864420452607130,20003028,sA-eth3,down,3864420452546850,netem,19804116,14078,0,0,0,0,0,19008998,2033,0,19010184,2048,0
199,3864420472008255,3864420472602399,20003508,sA-eth3,down,3864420472536538,netem,19804116,14078,0,0,0,0,0,19008998,2033,0,19010184,2048,0
200,3864420492002694,3864420492586277,19994439,sA-eth3,down,3864420492516376,netem,19804116,14078,0,0,0,0,0,19008998,2033,0,19010184,2048,0
201,3864420512014002,3864420512597325,20011308,sA-eth3,down,3864420512516935,netem,19804116,14078,0,0,0,0,0,19008998,2033,0,19010184,2048,0
202,3864420532003320,3864420532602954,19989318,sA-eth3,down,3864420532540103,netem,19804116,14078,0,0,0,0,0,19008998,2033,0,19010184,2048,0
203,3864420552002239,3864420552572222,19998919,sA-eth3,down,3864420552512741,netem,19804116,14078,0,0,0,0,0,19008998,2033,0,19010184,2048,0
204,3864420572004857,3864420572601200,20002618,sA-eth3,down,3864420572516640,netem,19804116,14078,0,0,0,0,0,19008998,2033,0,19010184,2048,0
205,3864420592005195,3864420592685519,20000338,sA-eth3,down,3864420592622269,netem,19804116,14078,0,0,0,0,0,19008998,2033,0,19010184,2048,0
206,3864420612006314,3864420612685277,20001119,sA-eth3,down,3864420612576337,netem,19804116,14078,0,0,0,0,0,19008998,2033,0,19010184,2048,0
207,3864420632002722,3864420632642095,19996408,sA-eth3,down,3864420632561015,netem,19804116,14078,0,0,0,0,0,19008998,2033,0,19010184,2048,0
208,3864420652014010,3864420652666314,20011288,sA-eth3,down,3864420652580123,netem,19804116,14078,0,0,0,0,0,19008998,2033,0,19010184,2048,0
209,3864420672003649,3864420672627072,19989639,sA-eth3,down,3864420672557902,netem,19804116,14078,0,0,0,0,0,19008998,2033,0,19010184,2048,0
210,3864420692004697,3864420692610030,20001048,sA-eth3,down,3864420692527440,netem,19804116,14078,0,0,0,0,0,19008998,2033,0,19010184,2048,0
211,3864420712006045,3864420712610489,20001348,sA-eth3,down,3864420712540518,netem,19804116,14078,0,0,0,0,0,19008998,2033,0,19010184,2048,0
212,3864420732004154,3864420732641657,19998109,sA-eth3,down,3864420732572127,netem,19804116,14078,0,0,0,0,0,19008998,2033,0,19010184,2048,0
213,3864420752003262,3864420752774626,19999108,sA-eth3,down,3864420752694806,netem,19804116,14078,0,0,0,0,0,19008998,2033,0,19010184,2048,0
214,3864420772004290,3864420772590243,20001028,sA-eth3,down,3864420772509523,netem,19804116,14078,0,0,0,0,0,19008998,2033,0,19010184,2048,0
215,3864420792013899,3864420792712552,20009609,sA-eth3,down,3864420792637972,netem,19804116,14078,0,0,0,0,0,19008998,2033,0,19010184,2048,0
216,3864420812002957,3864420812648930,19989058,sA-eth3,down,3864420812563770,netem,19804116,14078,0,0,0,0,0,19008998,2033,0,19010184,2048,0
217,3864420832014335,3864420832642719,20011378,sA-eth3,down,3864420832576718,netem,19804116,14078,0,0,0,0,0,19008998,2033,0,19010184,2048,0
218,3864420852001803,3864420852599757,19987468,sA-eth3,down,3864420852526256,netem,19804116,14078,0,0,0,0,0,19008998,2033,0,19010184,2048,0
219,3864420872005452,3864420872606895,20003649,sA-eth3,down,3864420872542655,netem,19804116,14078,0,0,0,0,0,19008998,2033,0,19010184,2048,0
220,3864420892004160,3864420892585953,19998708,sA-eth3,down,3864420892518983,netem,19804116,14078,0,0,0,0,0,19008998,2033,0,19010184,2048,0
221,3864420912003159,3864420912594152,19998999,sA-eth3,down,3864420912520051,netem,19804116,14078,0,0,0,0,0,19008998,2033,0,19010184,2048,0
222,3864420932002427,3864420932631450,19999268,sA-eth3,down,3864420932565460,netem,19804116,14078,0,0,0,0,0,19008998,2033,0,19010184,2048,0
223,3864420952010125,3864420952631518,20007698,sA-eth3,down,3864420952550558,netem,19804116,14078,0,0,0,0,0,19008998,2033,0,19010184,2048,0
224,3864420972006713,3864420972596197,19996588,sA-eth3,down,3864420972516756,netem,19804116,14078,0,0,0,0,0,19008998,2033,0,19010184,2048,0
225,3864420992004952,3864420992744856,19998239,sA-eth3,down,3864420992673535,netem,19804116,14078,0,0,0,0,0,19008998,2033,0,19010184,2048,0
226,3864421012003560,3864421012604653,19998608,sA-eth3,down,3864421012524153,netem,19804116,14078,0,0,0,0,0,19008998,2033,0,19010184,2048,0
227,3864421032002188,3864421032734472,19998628,sA-eth3,down,3864421032670122,netem,19804116,14078,0,0,0,0,0,19008998,2033,0,19010184,2048,0
228,3864421052006047,3864421052601020,20003859,sA-eth3,down,3864421052528519,netem,19804116,14078,0,0,0,0,0,19008998,2033,0,19010184,2048,0
229,3864421072009575,3864421072772339,20003528,sA-eth3,down,3864421072705539,netem,19804116,14078,0,0,0,0,0,19008998,2033,0,19010184,2048,0
230,3864421092005973,3864421092671847,19996398,sA-eth3,down,3864421092588476,netem,19804116,14078,0,0,0,0,0,19008998,2033,0,19010184,2048,0
231,3864421112016772,3864421112628675,20010799,sA-eth3,down,3864421112555165,netem,19804116,14078,0,0,0,0,0,19008998,2033,0,19010184,2048,0
232,3864421132002620,3864421132614633,19985848,sA-eth3,down,3864421132519953,netem,19804116,14078,0,0,0,0,0,19008998,2033,0,19010184,2048,0
233,3864421152004438,3864421152785163,20001818,sA-eth3,down,3864421152697852,netem,19804116,14078,0,0,0,0,0,19008998,2033,0,19010184,2048,0
234,3864421172016437,3864421172638700,20011999,sA-eth3,down,3864421172567180,netem,19804116,14078,0,0,0,0,0,19008998,2033,0,19010184,2048,0
235,3864421192016105,3864421192702059,19999668,sA-eth3,down,3864421192606938,netem,19804116,14078,0,0,0,0,0,19008998,2033,0,19010184,2048,0
236,3864421212005553,3864421212642127,19989448,sA-eth3,down,3864421212572816,netem,19804116,14078,0,0,0,0,0,19008998,2033,0,19010184,2048,0
237,3864421232002321,3864421232764406,19996768,sA-eth3,down,3864421232692125,netem,19804116,14078,0,0,0,0,0,19008998,2033,0,19010184,2048,0
238,3864421252008460,3864421252887355,20006139,sA-eth3,down,3864421252765274,netem,19804116,14078,0,0,0,0,0,19008998,2033,0,19010184,2048,0
239,3864421272017698,3864421272709812,20009238,sA-eth3,down,3864421272609941,netem,19804116,14078,0,0,0,0,0,19008998,2033,0,19010184,2048,0
240,3864421292014406,3864421292714910,19996708,sA-eth3,down,3864421292658010,netem,19804116,14078,0,0,0,0,0,19008998,2033,0,19010184,2048,0
241,3864421312001015,3864421312676528,19986609,sA-eth3,down,3864421312585748,netem,19804116,14078,0,0,0,0,0,19008998,2033,0,19010184,2048,0
242,3864421332005453,3864421332617756,20004438,sA-eth3,down,3864421332537866,netem,19804116,14078,0,0,0,0,0,19008998,2033,0,19010184,2048,0
243,3864421352027522,3864421352612455,20022069,sA-eth3,down,3864421352539674,netem,19804116,14078,0,0,0,0,0,19008998,2033,0,19010184,2048,0
244,3864421372014960,3864421372619113,19987438,sA-eth3,down,3864421372554573,netem,19804116,14078,0,0,0,0,0,19008998,2033,0,19010184,2048,0
245,3864421392003958,3864421392613381,19988998,sA-eth3,down,3864421392543581,netem,19804116,14078,0,0,0,0,0,19008998,2033,0,19010184,2048,0
246,3864421412007326,3864421412609070,20003368,sA-eth3,down,3864421412533909,netem,19804116,14078,0,0,0,0,0,19008998,2033,0,19010184,2048,0
247,3864421432005535,3864421432641568,19998209,sA-eth3,down,3864421432551258,netem,19804116,14078,0,0,0,0,0,19008998,2033,0,19010184,2048,0
248,3864421452015043,3864421452642796,20009508,sA-eth3,down,3864421452561756,netem,19804116,14078,0,0,0,0,0,19008998,2033,0,19010184,2048,0
249,3864421472004331,3864421472651245,19989288,sA-eth3,down,3864421472573054,netem,19804116,14078,0,0,0,0,0,19008998,2033,0,19010184,2048,0
250,3864421492003550,3864421492773064,19999219,sA-eth3,down,3864421492709014,netem,19804116,14078,0,0,0,0,0,19008998,2033,0,19010184,2048,0
251,3864421512004768,3864421512642251,20001218,sA-eth3,down,3864421512563251,netem,19804116,14078,0,0,0,0,0,19008998,2033,0,19010184,2048,0
252,3864421532006186,3864421532633310,20001418,sA-eth3,down,3864421532548999,netem,19804116,14078,0,0,0,0,0,19008998,2033,0,19010184,2048,1
253,3864421552015795,3864421552766769,20009609,sA-eth3,down,3864421552688908,netem,19804116,14078,0,0,0,0,0,19008998,2033,0,19010184,2048,1
254,3864421572006173,3864421572644916,19990378,sA-eth3,down,3864421572568016,netem,19804116,14078,0,0,0,0,0,19008998,2033,0,19010184,2048,1
255,3864421592005931,3864421592636795,19999758,sA-eth3,down,3864421592550474,netem,19804116,14078,0,0,0,0,0,19008998,2033,0,19010184,2048,1
256,3864421612005810,3864421612631813,19999879,sA-eth3,down,3864421612562573,netem,19804116,14078,0,0,0,0,0,19008998,2033,0,19010184,2048,1
257,3864421632017728,3864421632614271,20011918,sA-eth3,down,3864421632542611,netem,19804116,14078,0,0,0,0,0,19008998,2033,0,19010184,2048,1
258,3864421652005976,3864421652606539,19988248,sA-eth3,down,3864421652536899,netem,19804116,14078,0,0,0,0,0,19008998,2033,0,19010184,2048,1
259,3864421672005484,3864421672603388,19999508,sA-eth3,down,3864421672527697,netem,19804116,14078,0,0,0,0,0,19008998,2033,0,19010184,2048,1
260,3864421692007223,3864421692675616,20001739,sA-eth3,down,3864421692587086,netem,19804116,14078,0,0,0,0,0,19008998,2033,0,19010184,2048,1
261,3864421712014231,3864421712636615,20007008,sA-eth3,down,3864421712553304,netem,19804116,14078,0,0,0,0,0,19008998,2033,0,19010184,2048,1
262,3864421732008080,3864421732591893,19993849,sA-eth3,down,3864421732529762,netem,19804116,14078,0,0,0,0,0,19008998,2033,0,19010184,2048,1
263,3864421752007228,3864421752635201,19999148,sA-eth3,down,3864421752539921,netem,19804116,14078,0,0,0,0,0,19008998,2033,0,19010184,2048,1
264,3864421772013746,3864421772624450,20006518,sA-eth3,down,3864421772562289,netem,19804116,14078,0,0,0,0,0,19008998,2033,0,19010184,2048,1
265,3864421792003854,3864421792722938,19990108,sA-eth3,down,3864421792643958,netem,19804116,14078,0,0,0,0,0,19008998,2033,0,19010184,2048,1
266,3864421812004303,3864421812622776,20000449,sA-eth3,down,3864421812557526,netem,19804116,14078,0,0,0,0,0,19008998,2033,0,19010184,2048,1
267,3864421832005391,3864421832585534,20001088,sA-eth3,down,3864421832510154,netem,19804116,14078,0,0,0,0,0,19008998,2033,0,19010184,2048,1
268,3864421852010079,3864421852661443,20004688,sA-eth3,down,3864421852588592,netem,19804116,14078,0,0,0,0,0,19008998,2033,0,19010184,2048,1
269,3864421872013308,3864421872662891,20003229,sA-eth3,down,3864421872550541,netem,19804116,14078,0,0,0,0,0,19008998,2033,0,19010184,2048,1
270,3864421892014016,3864421892592359,20000708,sA-eth3,down,3864421892527939,netem,19804116,14078,0,0,0,0,0,19008998,2033,0,19010184,2048,1
271,3864421912004374,3864421912607628,19990358,sA-eth3,down,3864421912518697,netem,19804116,14078,0,0,0,0,0,19008998,2033,0,19010184,2048,1
272,3864421932014823,3864421932593866,20010449,sA-eth3,down,3864421932517865,netem,19804116,14078,0,0,0,0,0,19008998,2033,0,19010184,2048,1
273,3864421952002761,3864421952564384,19987938,sA-eth3,down,3864421952486824,netem,19804116,14078,0,0,0,0,0,19008998,2033,0,19010184,2048,1
274,3864421972002739,3864421972616543,19999978,sA-eth3,down,3864421972534112,netem,19804116,14078,0,0,0,0,0,19008998,2033,0,19010184,2048,1
275,3864421992016098,3864421992623071,20013359,sA-eth3,down,3864421992517640,netem,19804116,14078,0,0,0,0,0,19008998,2033,0,19010184,2048,1
276,3864422012008836,3864422012678490,19992738,sA-eth3,down,3864422012583919,netem,19804116,14078,0,0,0,0,0,19008998,2033,0,19010184,2048,1
277,3864422032014864,3864422032655438,20006028,sA-eth3,down,3864422032558297,netem,19804116,14078,0,0,0,0,0,19008998,2033,0,19010184,2048,1
278,3864422052013633,3864422052705246,19998769,sA-eth3,down,3864422052629376,netem,19804116,14078,0,0,0,0,0,19008998,2033,0,19010184,2048,1
279,3864422072003761,3864422072607344,19990128,sA-eth3,down,3864422072521464,netem,19804116,14078,0,0,0,0,0,19008998,2033,0,19010184,2048,1
280,3864422092003679,3864422092723813,19999918,sA-eth3,down,3864422092656553,netem,19804116,14078,0,0,0,0,0,19008998,2033,0,19010184,2048,1
281,3864422112002478,3864422112624321,19998799,sA-eth3,down,3864422112563501,netem,19804116,14078,0,0,0,0,0,19008998,2033,0,19010184,2048,1
282,3864422132001986,3864422132637029,19999508,sA-eth3,down,3864422132556109,netem,19804116,14078,0,0,0,0,0,19008998,2033,0,19010184,2048,1
283,3864422152001704,3864422152757798,19999718,sA-eth3,down,3864422152677798,netem,19804116,14078,0,0,0,0,0,19008998,2033,0,19010184,2048,1
284,3864422172007243,3864422172645806,20005539,sA-eth3,down,3864422172567556,netem,19804116,14078,0,0,0,0,0,19008998,2033,0,19010184,2048,1
285,3864422192005071,3864422192630394,19997828,sA-eth3,down,3864422192535894,netem,19804116,14078,0,0,0,0,0,19008998,2033,0,19010184,2048,1
286,3864422212014999,3864422212618113,20009928,sA-eth3,down,3864422212549942,netem,19804116,14078,0,0,0,0,0,19008998,2033,0,19010184,2048,1
287,3864422232004757,3864422232664621,19989758,sA-eth3,down,3864422232579541,netem,19804116,14078,0,0,0,0,0,19008998,2033,0,19010184,2048,1
288,3864422252005956,3864422252622109,20001199,sA-eth3,down,3864422252556189,netem,19804116,14078,0,0,0,0,0,19008998,2033,0,19010184,2048,1
289,3864422272005534,3864422272674018,19999578,sA-eth3,down,3864422272588107,netem,19804116,14078,0,0,0,0,0,19008998,2033,0,19010184,2048,1
290,3864422292013462,3864422292611906,20007928,sA-eth3,down,3864422292536005,netem,19804116,14078,0,0,0,0,0,19008998,2033,0,19010184,2048,1
291,3864422312005161,3864422312619454,19991699,sA-eth3,down,3864422312538394,netem,19804116,14078,0,0,0,0,0,19008998,2033,0,19010184,2048,1
292,3864422332002259,3864422332643103,19997098,sA-eth3,down,3864422332568562,netem,19804116,14078,0,0,0,0,0,19008998,2033,0,19010184,2048,1
293,3864422352013728,3864422352638861,20011469,sA-eth3,down,3864422352548910,netem,19804116,14078,0,0,0,0,0,19008998,2033,0,19010184,2048,1
294,3864422372005886,3864422372613169,19992158,sA-eth3,down,3864422372538709,netem,19804116,14078,0,0,0,0,0,19008998,2033,0,19010184,2048,1
295,3864422392016864,3864422392598017,20010978,sA-eth3,down,3864422392534717,netem,19804116,14078,0,0,0,0,0,19008998,2033,0,19010184,2048,1
296,3864422412004592,3864422412730076,19987728,sA-eth3,down,3864422412639576,netem,19804116,14078,0,0,0,0,0,19008998,2033,0,19010184,2048,1
297,3864422432007981,3864422432666664,20003389,sA-eth3,down,3864422432594564,netem,19804116,14078,0,0,0,0,0,19008998,2033,0,19010184,2048,1
298,3864422452005649,3864422452636112,19997668,sA-eth3,down,3864422452567512,netem,19804116,14078,0,0,0,0,0,19008998,2033,0,19010184,2048,1
299,3864422472002717,3864422472737361,19997068,sA-eth3,down,3864422472657131,netem,19804116,14078,0,0,0,0,0,19008998,2033,0,19010184,2048,1
300,3864422492006376,3864422492697069,20003659,sA-eth3,down,3864422492633529,netem,19804116,14078,0,0,0,0,0,19008998,2033,0,19010184,2048,1
301,3864422512001964,3864422512784148,19995588,sA-eth3,down,3864422512708278,netem,19804116,14078,0,0,0,0,0,19008998,2033,0,19010184,2048,1
302,3864422532015992,3864422532657026,20014028,sA-eth3,down,3864422532573965,netem,19804116,14078,0,0,0,0,0,19008998,2033,0,19010184,2048,1
303,3864422552015601,3864422552659024,19999609,sA-eth3,down,3864422552574794,netem,19804116,14078,0,0,0,0,0,19008998,2033,0,19010184,2048,1
304,3864422572005679,3864422572647702,19990078,sA-eth3,down,3864422572559222,netem,19804116,14078,0,0,0,0,0,19008998,2033,0,19010184,2048,1
305,3864422592013747,3864422592625161,20008068,sA-eth3,down,3864422592532220,netem,19804116,14078,0,0,0,0,0,19008998,2033,0,19010184,2048,1
306,3864422612005566,3864422612563968,19991819,sA-eth3,down,3864422612503908,netem,19804116,14078,0,0,0,0,0,19008998,2033,0,19010184,2048,1
307,3864422632004024,3864422632631637,19998458,sA-eth3,down,3864422632550397,netem,19804116,14078,0,0,0,0,0,19008998,2033,0,19010184,2048,1
308,3864422652004972,3864422652549265,20000948,sA-eth3,down,3864422652481155,netem,19804116,14078,0,0,0,0,0,19008998,2033,0,19010184,2048,1
309,3864422672014530,3864422672777975,20009558,sA-eth3,down,3864422672700594,netem,19804116,14078,0,0,0,0,0,19008998,2033,0,19010184,2048,1
310,3864422692014999,3864422692560792,20000469,sA-eth3,down,3864422692495381,netem,19804116,14078,0,0,0,0,0,19008998,2033,0,19010184,2048,1
311,3864422712003777,3864422712620350,19988778,sA-eth3,down,3864422712535780,netem,19804116,14078,0,0,0,0,0,19008998,2033,0,19010184,2048,1
312,3864422732003916,3864422732669669,20000139,sA-eth3,down,3864422732586649,netem,19804116,14078,0,0,0,0,0,19008998,2033,0,19010184,2048,1
313,3864422752004134,3864422752602427,20000218,sA-eth3,down,3864422752517436,netem,19804116,14078,0,0,0,0,0,19008998,2033,0,19010184,2048,1
314,3864422772012982,3864422772626325,20008848,sA-eth3,down,3864422772545975,netem,19804116,14078,0,0,0,0,0,19008998,2033,0,19010184,2048,1
315,3864422792004680,3864422792591374,19991698,sA-eth3,down,3864422792510183,netem,19804116,14078,0,0,0,0,0,19008998,2033,0,19010184,2048,1
316,3864422812015519,3864422812659122,20010839,sA-eth3,down,3864422812582422,netem,19804116,14078,0,0,0,0,0,19008998,2033,0,19010184,2048,1
317,3864422832013417,3864422832686621,19997898,sA-eth3,down,3864422832608480,netem,19804116,14078,0,0,0,0,0,19008998,2033,0,19010184,2048,1
318,3864422852019945,3864422852825180,20006528,sA-eth3,down,3864422852733709,netem,19804116,14078,0,0,0,0,0,19008998,2033,0,19010184,2048,1
319,3864422872005874,3864422872678717,19985929,sA-eth3,down,3864422872578927,netem,19804116,14078,0,0,0,0,0,19008998,2033,0,19010184,2048,1
320,3864422892015832,3864422892793446,20009958,sA-eth3,down,3864422892710466,netem,19804116,14078,0,0,0,0,0,19008998,2033,0,19010184,2048,1
321,3864422912004580,3864422912589873,19988748,sA-eth3,down,3864422912522233,netem,19804116,14078,0,0,0,0,0,19008998,2033,0,19010184,2048,1
322,3864422932004669,3864422932577612,20000089,sA-eth3,down,3864422932505001,netem,19804116,14078,0,0,0,0,0,19008998,2033,0,19010184,2048,1
323,3864422952004907,3864422952641320,20000238,sA-eth3,down,3864422952560410,netem,19804116,14078,0,0,0,0,0,19008998,2033,0,19010184,2048,1
324,3864422972008915,3864422972640669,20004008,sA-eth3,down,3864422972561458,netem,19804116,14078,0,0,0,0,0,19008998,2033,0,19010184,2048,1
325,3864422992015174,3864422992673247,20006259,sA-eth3,down,3864422992592337,netem,19804116,14078,0,0,0,0,0,19008998,2033,0,19010184,2048,1
326,3864423012004962,3864423012615745,19989788,sA-eth3,down,3864423012549145,netem,19804116,14078,0,0,0,0,0,19008998,2033,0,19010184,2048,1
327,3864423032003470,3864423032653344,19998508,sA-eth3,down,3864423032564753,netem,19804116,14078,0,0,0,0,0,19008998,2033,0,19010184,2048,1
328,3864423052006848,3864423052615162,20003378,sA-eth3,down,3864423052537671,netem,19804116,14078,0,0,0,0,0,19008998,2033,0,19010184,2048,1
329,3864423072002027,3864423072598740,19995179,sA-eth3,down,3864423072509820,netem,19804116,14078,0,0,0,0,0,19008998,2033,0,19010184,2048,1
330,3864423092015215,3864423092760039,20013188,sA-eth3,down,3864423092699319,netem,19804116,14078,0,0,0,0,0,19008998,2033,0,19010184,2048,1
331,3864423112004404,3864423112638127,19989189,sA-eth3,down,3864423112547196,netem,19804116,14078,0,0,0,0,0,19008998,2033,0,19010184,2048,1
332,3864423132013512,3864423132605895,20009108,sA-eth3,down,3864423132547965,netem,19804116,14078,0,0,0,0,0,19008998,2033,0,19010184,2048,1
333,3864423152002360,3864423152759624,19988848,sA-eth3,down,3864423152683224,netem,19804116,14078,0,0,0,0,0,19008998,2033,0,19010184,2048,1
334,3864423172004668,3864423172575072,20002308,sA-eth3,down,3864423172515031,netem,19804116,14078,0,0,0,0,0,19008998,2033,0,19010184,2048,1
335,3864423192006057,3864423192632690,20001389,sA-eth3,down,3864423192548040,netem,19804116,14078,0,0,0,0,0,19008998,2033,0,19010184,2048,1
336,3864423212016135,3864423212761939,20010078,sA-eth3,down,3864423212691319,netem,19804116,14078,0,0,0,0,0,19008998,2033,0,19010184,2048,1
337,3864423232005843,3864423232702407,19989708,sA-eth3,down,3864423232591917,netem,19804116,14078,0,0,0,0,0,19008998,2033,0,19010184,2048,1
338,3864423252014092,3864423252701096,20008249,sA-eth3,down,3864423252637185,netem,19804116,14078,0,0,0,0,0,19008998,2033,0,19010184,2048,1
339,3864423272008910,3864423272638743,19994818,sA-eth3,down,3864423272568763,netem,19804116,14078,0,0,0,0,0,19008998,2033,0,19010184,2048,1
340,3864423292002398,3864423292563541,19993488,sA-eth3,down,3864423292488121,netem,19804116,14078,0,0,0,0,0,19008998,2033,0,19010184,2048,1
341,3864423312003077,3864423312642900,20000679,sA-eth3,down,3864423312562720,netem,19804116,14078,0,0,0,0,0,19008998,2033,0,19010184,2048,1
342,3864423332004495,3864423332636978,20001418,sA-eth3,down,3864423332556168,netem,19804116,14078,0,0,0,0,0,19008998,2033,0,19010184,2048,1
343,3864423352004683,3864423352610907,20000188,sA-eth3,down,3864423352535836,netem,19804116,14078,0,0,0,0,0,19008998,2033,0,19010184,2048,1
344,3864423372013162,3864423372608085,20008479,sA-eth3,down,3864423372530524,netem,19804116,14078,0,0,0,0,0,19008998,2033,0,19010184,2048,1
345,3864423392006930,3864423392612643,19993768,sA-eth3,down,3864423392537023,netem,19804116,14078,0,0,0,0,0,19008998,2033,0,19010184,2048,1
346,3864423412004238,3864423412625882,19997308,sA-eth3,down,3864423412555741,netem,19804116,14078,0,0,0,0,0,19008998,2033,0,19010184,2048,1
347,3864423432013507,3864423432614250,20009269,sA-eth3,down,3864423432540010,netem,19804116,14078,0,0,0,0,0,19008998,2033,0,19010184,2048,1
348,3864423452004455,3864423452569038,19990948,sA-eth3,down,3864423452505678,netem,19804116,14078,0,0,0,0,0,19008998,2033,0,19010184,2048,1
349,3864423472002863,3864423472564026,19998408,sA-eth3,down,3864423472502136,netem,19804116,14078,0,0,0,0,0,19008998,2033,0,19010184,2048,1
350,3864423492003831,3864423492556885,20000968,sA-eth3,down,3864423492504424,netem,19804116,14078,0,0,0,0,0,19008998,2033,0,19010184,2048,1
351,3864423512001580,3864423512579503,19997749,sA-eth3,down,3864423512498143,netem,19804116,14078,0,0,0,0,0,19008998,2033,0,19010184,2048,1
352,3864423532004298,3864423532566551,20002718,sA-eth3,down,3864423532510361,netem,19804116,14078,0,0,0,0,0,19008998,2033,0,19010184,2048,1
353,3864423552004127,3864423552545809,19999829,sA-eth3,down,3864423552484759,netem,19804116,14078,0,0,0,0,0,19008998,2033,0,19010184,2048,1
354,3864423572002475,3864423572576968,19998348,sA-eth3,down,3864423572515888,netem,19804116,14078,0,0,0,0,0,19008998,2033,0,19010184,2048,1
355,3864423592002903,3864423592627147,20000428,sA-eth3,down,3864423592561446,netem,19804116,14078,0,0,0,0,0,19008998,2033,0,19010184,2048,1
356,3864423612002821,3864423612563354,19999918,sA-eth3,down,3864423612492004,netem,19804116,14078,0,0,0,0,0,19008998,2033,0,19010184,2048,1
357,3864423632003940,3864423632659983,20001119,sA-eth3,down,3864423632571733,netem,19804116,14078,0,0,0,0,0,19008998,2033,0,19010184,2048,1
358,3864423652002608,3864423652574581,19998668,sA-eth3,down,3864423652516521,netem,19804116,14078,0,0,0,0,0,19008998,2033,0,19010184,2048,1
359,3864423672003446,3864423672639620,20000838,sA-eth3,down,3864423672560009,netem,19804116,14078,0,0,0,0,0,19008998,2033,0,19010184,2048,1
360,3864423692010535,3864423692625648,20007089,sA-eth3,down,3864423692549468,netem,19804116,14078,0,0,0,0,0,19008998,2033,0,19010184,2048,1
361,3864423712002293,3864423712660767,19991758,sA-eth3,down,3864423712556396,netem,19804116,14078,0,0,0,0,0,19008998,2033,0,19010184,2048,1
362,3864423732004162,3864423732577835,20001869,sA-eth3,down,3864423732507724,netem,19804116,14078,0,0,0,0,0,19008998,2033,0,19010184,2048,1
363,3864423752001790,3864423752594153,19997628,sA-eth3,down,3864423752507142,netem,19804116,14078,0,0,0,0,0,19008998,2033,0,19010184,2048,1
364,3864423772003768,3864423772562241,20001978,sA-eth3,down,3864423772500851,netem,19804116,14078,0,0,0,0,0,19008998,2033,0,19010184,2048,1
365,3864423792001906,3864423792547649,19998138,sA-eth3,down,3864423792485679,netem,19804116,14078,0,0,0,0,0,19008998,2033,0,19010184,2048,1
366,3864423812004635,3864423812624298,20002729,sA-eth3,down,3864423812551578,netem,19804116,14078,0,0,0,0,0,19008998,2033,0,19010184,2048,1
367,3864423832001803,3864423832632666,19997168,sA-eth3,down,3864423832556016,netem,19804116,14078,0,0,0,0,0,19008998,2033,0,19010184,2048,1
368,3864423852008051,3864423852643315,20006248,sA-eth3,down,3864423852569564,netem,19804116,14078,0,0,0,0,0,19008998,2033,0,19010184,2048,1
369,3864423872014190,3864423872661983,20006139,sA-eth3,down,3864423872588133,netem,19804116,14078,0,0,0,0,0,19008998,2033,0,19010184,2048,1
370,3864423892015208,3864423892598861,20001018,sA-eth3,down,3864423892536211,netem,19804116,14078,0,0,0,0,0,19008998,2033,0,19010184,2048,1
371,3864423912003346,3864423912734660,19988138,sA-eth3,down,3864423912667210,netem,19804116,14078,0,0,0,0,0,19008998,2033,0,19010184,2048,1
372,3864423932004795,3864423932693508,20001449,sA-eth3,down,3864423932638828,netem,19804116,14078,0,0,0,0,0,19008998,2033,0,19010184,2048,1
373,3864423952002233,3864423952613196,19997438,sA-eth3,down,3864423952536916,netem,19804116,14078,0,0,0,0,0,19008998,2033,0,19010184,2048,1
374,3864423972004011,3864423972558204,20001778,sA-eth3,down,3864423972492524,netem,19804116,14078,0,0,0,0,0,19008998,2033,0,19010184,2048,1
375,3864423992006050,3864423992600553,20002039,sA-eth3,down,3864423992541152,netem,19804116,14078,0,0,0,0,0,19008998,2033,0,19010184,2048,1
376,3864424012003678,3864424012613681,19997628,sA-eth3,down,3864424012542891,netem,19804116,14078,0,0,0,0,0,19008998,2033,0,19010184,2048,1
377,3864424032014376,3864424032619510,20010698,sA-eth3,down,3864424032564199,netem,19804116,14078,0,0,0,0,0,19008998,2033,0,19010184,2048,1
378,3864424052002454,3864424052666268,19988078,sA-eth3,down,3864424052598268,netem,19804116,14078,0,0,0,0,0,19008998,2033,0,19010184,2048,1
379,3864424072006503,3864424072661276,20004049,sA-eth3,down,3864424072584456,netem,19804116,14078,0,0,0,0,0,19008998,2033,0,19010184,2048,1
380,3864424092015081,3864424092590724,20008578,sA-eth3,down,3864424092528014,netem,19804116,14078,0,0,0,0,0,19008998,2033,0,19010184,2048,1
381,3864424112002179,3864424112630203,19987098,sA-eth3,down,3864424112565422,netem,19804116,14078,0,0,0,0,0,19008998,2033,0,19010184,2048,1
382,3864424132002018,3864424132700042,19999839,sA-eth3,down,3864424132639731,netem,19804116,14078,0,0,0,0,0,19008998,2033,0,19010184,2048,1
383,3864424152002456,3864424152590439,20000438,sA-eth3,down,3864424152516669,netem,19804116,14078,0,0,0,0,0,19008998,2033,0,19010184,2048,1
384,3864424172005284,3864424172681618,20002828,sA-eth3,down,3864424172592848,netem,19804116,14078,0,0,0,0,0,19008998,2033,0,19010184,2048,1
385,3864424192003363,3864424192679856,19998079,sA-eth3,down,3864424192621276,netem,19804116,14078,0,0,0,0,0,19008998,2033,0,19010184,2048,1
386,3864424212005091,3864424212742405,20001728,sA-eth3,down,3864424212661745,netem,19804116,14078,0,0,0,0,0,19008998,2033,0,19010184,2048,1
387,3864424232014689,3864424232635453,20009598,sA-eth3,down,3864424232561222,netem,19804116,14078,0,0,0,0,0,19008998,2033,0,19010184,2048,1
388,3864424252001958,3864424252559441,19987269,sA-eth3,down,3864424252500330,netem,19804116,14078,0,0,0,0,0,19008998,2033,0,19010184,2048,1
389,3864424272010176,3864424272620579,20008218,sA-eth3,down,3864424272560739,netem,19804116,14078,0,0,0,0,0,19008998,2033,0,19010184,2048,1
390,3864424292003464,3864424292610337,19993288,sA-eth3,down,3864424292512747,netem,19804116,14078,0,0,0,0,0,19008998,2033,0,19010184,2048,1
391,3864424312013493,3864424312603426,20010029,sA-eth3,down,3864424312532036,netem,19804116,14078,0,0,0,0,0,19008998,2033,0,19010184,2048,1
392,3864424332003531,3864424332544854,19990038,sA-eth3,down,3864424332482333,netem,19804116,14078,0,0,0,0,0,19008998,2033,0,19010184,2048,1
393,3864424352015339,3864424352628723,20011808,sA-eth3,down,3864424352556672,netem,19804116,14078,0,0,0,0,0,19008998,2033,0,19010184,2048,1
394,3864424372004268,3864424372554601,19988929,sA-eth3,down,3864424372508250,netem,19804116,14078,0,0,0,0,0,19008998,2033,0,19010184,2048,1
395,3864424392000446,3864424392698940,19996178,sA-eth3,down,3864424392615899,netem,19804116,14078,0,0,0,0,0,19008998,2033,0,19010184,2048,1
396,3864424412004534,3864424412674388,20004088,sA-eth3,down,3864424412587627,netem,19804116,14078,0,0,0,0,0,19008998,2033,0,19010184,2048,1
397,3864424432018783,3864424432834197,20014249,sA-eth3,down,3864424432731066,netem,19804116,14078,0,0,0,0,0,19008998,2033,0,19010184,2048,1
398,3864424452005291,3864424452640354,19986508,sA-eth3,down,3864424452567444,netem,19804116,14078,0,0,0,0,0,19008998,2033,0,19010184,2048,1
399,3864424472006049,3864424472633043,20000758,sA-eth3,down,3864424472568862,netem,19804116,14078,0,0,0,0,0,19008998,2033,0,19010184,2048,1
400,3864424492004707,3864424492595081,19998658,sA-eth3,down,3864424492525300,netem,19804116,14078,0,0,0,0,0,19008998,2033,0,19010184,2048,1
401,3864424512014206,3864424512629209,20009499,sA-eth3,down,3864424512547839,netem,19804116,14078,0,0,0,0,0,19008998,2033,0,19010184,2048,1
402,3864424532005924,3864424532577737,19991718,sA-eth3,down,3864424532512587,netem,19804116,14078,0,0,0,0,0,19008998,2033,0,19010184,2048,1
403,3864424552002543,3864424552602466,19996619,sA-eth3,down,3864424552540675,netem,19804116,14078,0,0,0,0,0,19008998,2033,0,19010184,2048,1
404,3864424572008061,3864424572639214,20005518,sA-eth3,down,3864424572570614,netem,19804116,14078,0,0,0,0,0,19008998,2033,0,19010184,2048,1
405,3864424592022759,3864424592607382,20014698,sA-eth3,down,3864424592538062,netem,19804116,14078,0,0,0,0,0,19008998,2033,0,19010184,2048,1
406,3864424612015457,3864424612614041,19992698,sA-eth3,down,3864424612540420,netem,19804116,14078,0,0,0,0,0,19008998,2033,0,19010184,2048,1
407,3864424632014986,3864424632781750,19999529,sA-eth3,down,3864424632681259,netem,19804116,14078,0,0,0,0,0,19008998,2033,0,19010184,2048,1
408,3864424652002764,3864424652587957,19987778,sA-eth3,down,3864424652518837,netem,19804116,14078,0,0,0,0,0,19008998,2033,0,19010184,2048,1
409,3864424672015832,3864424672611436,20013068,sA-eth3,down,3864424672526935,netem,19804116,14078,0,0,0,0,0,19008998,2033,0,19010184,2048,1
410,3864424692007161,3864424692659234,19991329,sA-eth3,down,3864424692581964,netem,19804116,14078,0,0,0,0,0,19008998,2033,0,19010184,2048,1
411,3864424712007829,3864424712610252,20000668,sA-eth3,down,3864424712536292,netem,19804116,14078,0,0,0,0,0,19008998,2033,0,19010184,2048,1
412,3864424732003087,3864424732634061,19995258,sA-eth3,down,3864424732556730,netem,19804116,14078,0,0,0,0,0,19008998,2033,0,19010184,2048,1
413,3864424752008086,3864424752666439,20004999,sA-eth3,down,3864424752582899,netem,19804116,14078,0,0,0,0,0,19008998,2033,0,19010184,2048,1
414,3864424772003554,3864424772641657,19995468,sA-eth3,down,3864424772551847,netem,19804116,14078,0,0,0,0,0,19008998,2033,0,19010184,2048,1
415,3864424792016312,3864424792723566,20012758,sA-eth3,down,3864424792637096,netem,19804116,14078,0,0,0,0,0,19008998,2033,0,19010184,2048,1
416,3864424812016251,3864424812768025,19999939,sA-eth3,down,3864424812702324,netem,19804116,14078,0,0,0,0,0,19008998,2033,0,19010184,2048,1
417,3864424832003079,3864424832589682,19986828,sA-eth3,down,3864424832518722,netem,19804116,14078,0,0,0,0,0,19008998,2033,0,19010184,2048,1
418,3864424852006817,3864424852658121,20003738,sA-eth3,down,3864424852581730,netem,19804116,14078,0,0,0,0,0,19008998,2033,0,19010184,2048,1
419,3864424872005585,3864424872666109,19998768,sA-eth3,down,3864424872575769,netem,19804116,14078,0,0,0,0,0,19008998,2033,0,19010184,2048,1
420,3864424892003664,3864424892607717,19998079,sA-eth3,down,3864424892531947,netem,19804116,14078,0,0,0,0,0,19008998,2033,0,19010184,2048,1
421,3864424912006592,3864424912798616,20002928,sA-eth3,down,3864424912708996,netem,19804116,14078,0,0,0,0,0,19008998,2033,0,19010184,2048,1
422,3864424932004121,3864424932611894,19997529,sA-eth3,down,3864424932532633,netem,19804116,14078,0,0,0,0,0,19008998,2033,0,19010184,2048,1
423,3864424952004759,3864424952628502,20000638,sA-eth3,down,3864424952538212,netem,19804116,14078,0,0,0,0,0,19008998,2033,0,19010184,2048,1
424,3864424972006257,3864424972682591,20001498,sA-eth3,down,3864424972608320,netem,19804116,14078,0,0,0,0,0,19008998,2033,0,19010184,2048,1
425,3864424992004296,3864424992617849,19998039,sA-eth3,down,3864424992531178,netem,19804116,14078,0,0,0,0,0,19008998,2033,0,19010184,2048,1
426,3864425012016074,3864425012612277,20011778,sA-eth3,down,3864425012544007,netem,19804116,14078,0,0,0,0,0,19008998,2033,0,19010184,2048,1
427,3864425032004872,3864425032648266,19988798,sA-eth3,down,3864425032571645,netem,19804116,14078,0,0,0,0,0,19008998,2033,0,19010184,2048,1
428,3864425052007740,3864425052606084,20002868,sA-eth3,down,3864425052542483,netem,19804116,14078,0,0,0,0,0,19008998,2033,0,19010184,2048,1
429,3864425072002069,3864425072650662,19994329,sA-eth3,down,3864425072572712,netem,19804116,14078,0,0,0,0,0,19008998,2033,0,19010184,2048,1
430,3864425092014477,3864425092785501,20012408,sA-eth3,down,3864425092709511,netem,19804116,14078,0,0,0,0,0,19008998,2033,0,19010184,2048,1
431,3864425112006265,3864425112630549,19991788,sA-eth3,down,3864425112553928,netem,19804116,14078,0,0,0,0,0,19008998,2033,0,19010184,2048,1
432,3864425132005274,3864425132599547,19999009,sA-eth3,down,3864425132514596,netem,19804116,14078,0,0,0,0,0,19008998,2033,0,19010184,2048,1
433,3864425152016982,3864425152693726,20011708,sA-eth3,down,3864425152602885,netem,19804116,14078,0,0,0,0,0,19008998,2033,0,19010184,2048,1
434,3864425172013240,3864425172627464,19996258,sA-eth3,down,3864425172551413,netem,19804116,14078,0,0,0,0,0,19008998,2033,0,19010184,2048,1
435,3864425192005869,3864425192624642,19992629,sA-eth3,down,3864425192548272,netem,19804116,14078,0,0,0,0,0,19008998,2033,0,19010184,2048,1
436,3864425212015107,3864425212592290,20009238,sA-eth3,down,3864425212526250,netem,19804116,14078,0,0,0,0,0,19008998,2033,0,19010184,2048,1
437,3864425232002345,3864425232628789,19987238,sA-eth3,down,3864425232552388,netem,19804116,14078,0,0,0,0,0,19008998,2033,0,19010184,2048,1
438,3864425252006614,3864425252569427,20004269,sA-eth3,down,3864425252505836,netem,19804116,14078,0,0,0,0,0,19008998,2033,0,19010184,2048,1
439,3864425272001982,3864425272615035,19995368,sA-eth3,down,3864425272540685,netem,19804116,14078,0,0,0,0,0,19008998,2033,0,19010184,2048,1
440,3864425292004790,3864425292556363,20002808,sA-eth3,down,3864425292482983,netem,19804116,14078,0,0,0,0,0,19008998,2033,0,19010184,2048,1
441,3864425312005129,3864425312582342,20000339,sA-eth3,down,3864425312515241,netem,19804116,14078,0,0,0,0,0,19008998,2033,0,19010184,2048,1
442,3864425332006247,3864425332537920,20001118,sA-eth3,down,3864425332480289,netem,19804116,14078,0,0,0,0,0,19008998,2033,0,19010184,2048,1
443,3864425352004125,3864425352683159,19997878,sA-eth3,down,3864425352636819,netem,19804116,14078,0,0,0,0,0,19008998,2033,0,19010184,2048,1
444,3864425372001874,3864425372667257,19997749,sA-eth3,down,3864425372596167,netem,19804116,14078,0,0,0,0,0,19008998,2033,0,19010184,2048,1
445,3864425392006122,3864425392564375,20004248,sA-eth3,down,3864425392488544,netem,19804116,14078,0,0,0,0,0,19008998,2033,0,19010184,2048,1
446,3864425412014250,3864425412611964,20008128,sA-eth3,down,3864425412531863,netem,19804116,14078,0,0,0,0,0,19008998,2033,0,19010184,2048,1
447,3864425432016369,3864425432572082,20002119,sA-eth3,down,3864425432497911,netem,19804116,14078,0,0,0,0,0,19008998,2033,0,19010184,2048,1
448,3864425452003837,3864425452648560,19987468,sA-eth3,down,3864425452562870,netem,19804116,14078,0,0,0,0,0,19008998,2033,0,19010184,2048,1
449,3864425472005945,3864425472811119,20002108,sA-eth3,down,3864425472737609,netem,19804116,14078,0,0,0,0,0,19008998,2033,0,19010184,2048,1
450,3864425492013463,3864425492639467,20007518,sA-eth3,down,3864425492538426,netem,19804116,14078,0,0,0,0,0,19008998,2033,0,19010184,2048,1
451,3864425512014832,3864425512602445,20001369,sA-eth3,down,3864425512525215,netem,19804116,14078,0,0,0,0,0,19008998,2033,0,19010184,2048,1
452,3864425532005850,3864425532594263,19991018,sA-eth3,down,3864425532528773,netem,19804116,14078,0,0,0,0,0,19008998,2033,0,19010184,2048,1
453,3864425552004159,3864425552735302,19998309,sA-eth3,down,3864425552669302,netem,19804116,14078,0,0,0,0,0,19008998,2033,0,19010184,2048,1
454,3864425572005067,3864425572762631,20000908,sA-eth3,down,3864425572683420,netem,19804116,14078,0,0,0,0,0,19008998,2033,0,19010184,2048,1
455,3864425592014355,3864425592585608,20009288,sA-eth3,down,3864425592505618,netem,19804116,14078,0,0,0,0,0,19008998,2033,0,19010184,2048,1
456,3864425612004763,3864425612596037,19990408,sA-eth3,down,3864425612524306,netem,19804116,14078,0,0,0,0,0,19008998,2033,0,19010184,2048,1
457,3864425632004222,3864425632665505,19999459,sA-eth3,down,3864425632581665,netem,19804116,14078,0,0,0,0,0,19008998,2033,0,19010184,2048,1
458,3864425652004560,3864425652608543,20000338,sA-eth3,down,3864425652536593,netem,19804116,14078,0,0,0,0,0,19008998,2033,0,19010184,2048,1
459,3864425672000828,3864425672625252,19996268,sA-eth3,down,3864425672547551,netem,19804116,14078,0,0,0,0,0,19008998,2033,0,19010184,2048,1
460,3864425692006467,3864425692621150,20005639,sA-eth3,down,3864425692538250,netem,19804116,14078,0,0,0,0,0,19008998,2033,0,19010184,2048,1
461,3864425712006255,3864425712662779,19999788,sA-eth3,down,3864425712573918,netem,19804116,14078,0,0,0,0,0,19008998,2033,0,19010184,2048,1
462,3864425732013033,3864425732625907,20006778,sA-eth3,down,3864425732539296,netem,19804116,14078,0,0,0,0,0,19008998,2033,0,19010184,2048,1
463,3864425752013482,3864425752752586,20000449,sA-eth3,down,3864425752659485,netem,19804116,14078,0,0,0,0,0,19008998,2033,0,19010184,2048,1
464,3864425772001140,3864425772595493,19987658,sA-eth3,down,3864425772529213,netem,19804116,14078,0,0,0,0,0,19008998,2033,0,19010184,2048,1
465,3864425792013238,3864425792756912,20012098,sA-eth3,down,3864425792684592,netem,19804116,14078,0,0,0,0,0,19008998,2033,0,19010184,2048,1
466,3864425812002577,3864425812589630,19989339,sA-eth3,down,3864425812512089,netem,19804116,14078,0,0,0,0,0,19008998,2033,0,19010184,2048,1
467,3864425832004945,3864425832589128,20002368,sA-eth3,down,3864425832530728,netem,19804116,14078,0,0,0,0,0,19008998,2033,0,19010184,2048,1
468,3864425852001983,3864425852570576,19997038,sA-eth3,down,3864425852501936,netem,19804116,14078,0,0,0,0,0,19008998,2033,0,19010184,2048,1
469,3864425872003471,3864425872615305,20001488,sA-eth3,down,3864425872556645,netem,19804116,14078,0,0,0,0,0,19008998,2033,0,19010184,2048,1
470,3864425892003540,3864425892671133,20000069,sA-eth3,down,3864425892587623,netem,19804116,14078,0,0,0,0,0,19008998,2033,0,19010184,2048,1
471,3864425912016088,3864425912677772,20012548,sA-eth3,down,3864425912604671,netem,19804116,14078,0,0,0,0,0,19008998,2033,0,19010184,2048,1
472,3864425932002007,3864425932644570,19985919,sA-eth3,down,3864425932555090,netem,19804116,14078,0,0,0,0,0,19008998,2033,0,19010184,2048,1
473,3864425952011675,3864425952676528,20009668,sA-eth3,down,3864425952590928,netem,19804116,14078,0,0,0,0,0,19008998,2033,0,19010184,2048,1
474,3864425972007603,3864425972835148,19995928,sA-eth3,down,3864425972729727,netem,19804116,14078,0,0,0,0,0,19008998,2033,0,19010184,2048,1
475,3864425992004241,3864425992623975,19996638,sA-eth3,down,3864425992530574,netem,19804116,14078,0,0,0,0,0,19008998,2033,0,19010184,2048,1
476,3864426012013440,3864426012716754,20009199,sA-eth3,down,3864426012633103,netem,19804116,14078,0,0,0,0,0,19008998,2033,0,19010184,2048,1
477,3864426032004238,3864426032650762,19990798,sA-eth3,down,3864426032586651,netem,19804116,14078,0,0,0,0,0,19008998,2033,0,19010184,2048,1
478,3864426052002476,3864426052630650,19998238,sA-eth3,down,3864426052549009,netem,19804116,14078,0,0,0,0,0,19008998,2033,0,19010184,2048,1
479,3864426072013955,3864426072698878,20011479,sA-eth3,down,3864426072638108,netem,19804116,14078,0,0,0,0,0,19008998,2033,0,19010184,2048,1
480,3864426092003943,3864426092653007,19989988,sA-eth3,down,3864426092574846,netem,19804116,14078,0,0,0,0,0,19008998,2033,0,19010184,2048,1
481,3864426112003081,3864426112886116,19999138,sA-eth3,down,3864426112811856,netem,19804116,14078,0,0,0,0,0,19008998,2033,0,19010184,2048,1
482,3864426132002330,3864426132640143,19999249,sA-eth3,down,3864426132555383,netem,19804116,14078,0,0,0,0,0,19008998,2033,0,19010184,2048,1
483,3864426152005448,3864426152681632,20003118,sA-eth3,down,3864426152604151,netem,19804116,14078,0,0,0,0,0,19008998,2033,0,19010184,2048,1
484,3864426172004586,3864426172770681,19999138,sA-eth3,down,3864426172697450,netem,19804116,14078,0,0,0,0,0,19008998,2033,0,19010184,2048,1
485,3864426192006575,3864426192668798,20001989,sA-eth3,down,3864426192593058,netem,19804116,14078,0,0,0,0,0,19008998,2033,0,19010184,2048,1
486,3864426212004843,3864426212703057,19998268,sA-eth3,down,3864426212621256,netem,19804116,14078,0,0,0,0,0,19008998,2033,0,19010184,2048,1
487,3864426232003861,3864426232732495,19999018,sA-eth3,down,3864426232652515,netem,19804116,14078,0,0,0,0,0,19008998,2033,0,19010184,2048,1
488,3864426252004610,3864426252811944,20000749,sA-eth3,down,3864426252710633,netem,19804116,14078,0,0,0,0,0,19008998,2033,0,19010184,2048,1
489,3864426272006908,3864426272769512,20002298,sA-eth3,down,3864426272691332,netem,19804116,14078,0,0,0,0,0,19008998,2033,0,19010184,2048,1
490,3864426292004676,3864426292671820,19997768,sA-eth3,down,3864426292575139,netem,19804116,14078,0,0,0,0,0,19008998,2033,0,19010184,2048,1
491,3864426312014324,3864426312669458,20009648,sA-eth3,down,3864426312592918,netem,19804116,14078,0,0,0,0,0,19008998,2033,0,19010184,2048,1
492,3864426332005943,3864426332627926,19991619,sA-eth3,down,3864426332549276,netem,19804116,14078,0,0,0,0,0,19008998,2033,0,19010184,2048,1
493,3864426352012871,3864426352731955,20006928,sA-eth3,down,3864426352663945,netem,19804116,14078,0,0,0,0,0,19008998,2033,0,19010184,2048,1
494,3864426372002800,3864426372600343,19989929,sA-eth3,down,3864426372523752,netem,19804116,14078,0,0,0,0,0,19008998,2033,0,19010184,2048,1
495,3864426392001858,3864426392631751,19999058,sA-eth3,down,3864426392568701,netem,19804116,14078,0,0,0,0,0,19008998,2033,0,19010184,2048,1
496,3864426412002826,3864426412586719,20000968,sA-eth3,down,3864426412509459,netem,19804116,14078,0,0,0,0,0,19008998,2033,0,19010184,2048,1
497,3864426432005734,3864426432610488,20002908,sA-eth3,down,3864426432543287,netem,19804116,14078,0,0,0,0,0,19008998,2033,0,19010184,2048,1
498,3864426452003133,3864426452619556,19997399,sA-eth3,down,3864426452541156,netem,19804116,14078,0,0,0,0,0,19008998,2033,0,19010184,2048,1
499,3864426472002951,3864426472565754,19999818,sA-eth3,down,3864426472506234,netem,19804116,14078,0,0,0,0,0,19008998,2033,0,19010184,2048,1
500,3864426492002159,3864426492607053,19999208,sA-eth3,down,3864426492531182,netem,19804116,14078,0,0,0,0,0,19008998,2033,0,19010184,2048,1
501,3864426512001748,3864426512620601,19999589,sA-eth3,down,3864426512544321,netem,19804116,14078,0,0,0,0,0,19008998,2033,0,19010184,2048,1
502,3864426532013476,3864426532606389,20011728,sA-eth3,down,3864426532520849,netem,19804116,14078,0,0,0,0,0,19008998,2033,0,19010184,2048,1
503,3864426552003974,3864426552570007,19990498,sA-eth3,down,3864426552496497,netem,19804116,14078,0,0,0,0,0,19008998,2033,0,19010184,2048,1
504,3864426572003393,3864426572601016,19999419,sA-eth3,down,3864426572523025,netem,19804116,14078,0,0,0,0,0,19008998,2033,0,19010184,2048,1
505,3864426592002921,3864426592602084,19999528,sA-eth3,down,3864426592525264,netem,19804116,14078,0,0,0,0,0,19008998,2033,0,19010184,2048,1
506,3864426612014319,3864426612650603,20011398,sA-eth3,down,3864426612567932,netem,19804116,14078,0,0,0,0,0,19008998,2033,0,19010184,2048,1
507,3864426632016988,3864426632722171,20002669,sA-eth3,down,3864426632653911,netem,19804116,14078,0,0,0,0,0,19008998,2033,0,19010184,2048,1
508,3864426651991836,3864426652692220,19974848,sA-eth3,down,3864426652609709,netem,19804116,14078,0,0,0,0,0,19008998,2033,0,19010184,2048,1
509,3864426672006344,3864426672640038,20014508,sA-eth3,down,3864426672535337,netem,19804116,14078,0,0,0,0,0,19008998,2033,0,19010184,2048,1
510,3864426692014683,3864426692650116,20008339,sA-eth3,down,3864426692569296,netem,19804116,14078,0,0,0,0,0,19008998,2033,0,19010184,2048,1
511,3864426712006081,3864426712648674,19991398,sA-eth3,down,3864426712580934,netem,19804116,14078,0,0,0,0,0,19008998,2033,0,19010184,2048,1
512,3864426732013809,3864426732643473,20007728,sA-eth3,down,3864426732561412,netem,19804116,14078,0,0,0,0,0,19008998,2033,0,19010184,2048,1
513,3864426752015708,3864426752618971,20001899,sA-eth3,down,3864426752538240,netem,19804116,14078,0,0,0,0,0,19008998,2033,0,19010184,2048,1
514,3864426772012856,3864426772596629,19997148,sA-eth3,down,3864426772520899,netem,19804116,14078,0,0,0,0,0,19008998,2033,0,19010184,2048,1
515,3864426792006634,3864426792748878,19993778,sA-eth3,down,3864426792639928,netem,19804116,14078,0,0,0,0,0,19008998,2033,0,19010184,2048,1
516,3864426812014443,3864426812605736,20007809,sA-eth3,down,3864426812534335,netem,19804116,14078,0,0,0,0,0,19008998,2033,0,19010184,2048,1
517,3864426832014071,3864426832611494,19999628,sA-eth3,down,3864426832547914,netem,19804116,14078,0,0,0,0,0,19008998,2033,0,19010184,2048,1
518,3864426852007219,3864426852838954,19993148,sA-eth3,down,3864426852755263,netem,19804116,14078,0,0,0,0,0,19008998,2033,0,19010184,2048,1
519,3864426872013497,3864426872680651,20006278,sA-eth3,down,3864426872586961,netem,19804116,14078,0,0,0,0,0,19008998,2033,0,19010184,2048,1
520,3864426892013386,3864426892639969,19999889,sA-eth3,down,3864426892555719,netem,19804116,14078,0,0,0,0,0,19008998,2033,0,19010184,2048,1
521,3864426912003474,3864426912636247,19990088,sA-eth3,down,3864426912553467,netem,19804116,14078,0,0,0,0,0,19008998,2033,0,19010184,2048,1
522,3864426932004142,3864426932561435,20000668,sA-eth3,down,3864426932499175,netem,19804116,14078,0,0,0,0,0,19008998,2033,0,19010184,2048,1
523,3864426952004521,3864426952584444,20000379,sA-eth3,down,3864426952508053,netem,19804116,14078,0,0,0,0,0,19008998,2033,0,19010184,2048,1
524,3864426972015109,3864426972749293,20010588,sA-eth3,down,3864426972669663,netem,19804116,14078,0,0,0,0,0,19008998,2033,0,19010184,2048,1
525,3864426992006327,3864426992678781,19991218,sA-eth3,down,3864426992594871,netem,19804116,14078,0,0,0,0,0,19008998,2033,0,19010184,2048,1
526,3864427012005216,3864427012600539,19998889,sA-eth3,down,3864427012531628,netem,19804116,14078,0,0,0,0,0,19008998,2033,0,19010184,2048,1
527,3864427032005214,3864427032591397,19999998,sA-eth3,down,3864427032519627,netem,19804116,14078,0,0,0,0,0,19008998,2033,0,19010184,2048,1
528,3864427052015952,3864427052564495,20010738,sA-eth3,down,3864427052501605,netem,19804116,14078,0,0,0,0,0,19008998,2033,0,19010184,2048,1
529,3864427071962470,3864427072454173,19946518,sA-eth3,down,3864427072404253,netem,19804116,14078,0,0,0,0,0,19008998,2033,0,19010184,2048,1
530,3864427092000969,3864427092584652,20038499,sA-eth3,down,3864427092516072,netem,19804116,14078,0,0,0,0,0,19008998,2033,0,19010184,2048,1
531,3864427112004017,3864427112847532,20003048,sA-eth3,down,3864427112745121,netem,19804116,14078,0,0,0,0,0,19008998,2033,0,19010184,2048,1
532,3864427132014076,3864427132639219,20010059,sA-eth3,down,3864427132560399,netem,19804116,14078,0,0,0,0,0,19008998,2033,0,19010184,2048,1
533,3864427152005114,3864427152693758,19991038,sA-eth3,down,3864427152643167,netem,19804116,14078,0,0,0,0,0,19008998,2033,0,19010184,2048,1
534,3864427172000642,3864427172673556,19995528,sA-eth3,down,3864427172592275,netem,19804116,14078,0,0,0,0,0,19008998,2033,0,19010184,2048,1
535,3864427192014151,3864427192648254,20013509,sA-eth3,down,3864427192577554,netem,19804116,14078,0,0,0,0,0,19008998,2033,0,19010184,2048,1
536,3864427212001689,3864427212615002,19987538,sA-eth3,down,3864427212545432,netem,19804116,14078,0,0,0,0,0,19008998,2033,0,19010184,2048,1
537,3864427232004507,3864427232648061,20002818,sA-eth3,down,3864427232540660,netem,19804116,14078,0,0,0,0,0,19008998,2033,0,19010184,2048,1
538,3864427252016046,3864427252580839,20011539,sA-eth3,down,3864427252515088,netem,19804116,14078,0,0,0,0,0,19008998,2033,0,19010184,2048,1
539,3864427272002214,3864427272628817,19986168,sA-eth3,down,3864427272537327,netem,19804116,14078,0,0,0,0,0,19008998,2033,0,19010184,2048,1
540,3864427292017292,3864427292559905,20015078,sA-eth3,down,3864427292501065,netem,19804116,14078,0,0,0,0,0,19008998,2033,0,19010184,2048,1
541,3864427312005700,3864427312748335,19988408,sA-eth3,down,3864427312670064,netem,19804116,14078,0,0,0,0,0,19008998,2033,0,19010184,2048,1
542,3864427332014629,3864427332702473,20008929,sA-eth3,down,3864427332623912,netem,19804116,14078,0,0,0,0,0,19008998,2033,0,19010184,2048,1
543,3864427352015057,3864427352631790,20000428,sA-eth3,down,3864427352557380,netem,19804116,14078,0,0,0,0,0,19008998,2033,0,19010184,2048,1
544,3864427372001916,3864427372610829,19986859,sA-eth3,down,3864427372523828,netem,19804116,14078,0,0,0,0,0,19008998,2033,0,19010184,2048,1
545,3864427392004364,3864427392587577,20002448,sA-eth3,down,3864427392515826,netem,19804116,14078,0,0,0,0,0,19008998,2033,0,19010184,2048,1
546,3864427412003432,3864427412597375,19999068,sA-eth3,down,3864427412524315,netem,19804116,14078,0,0,0,0,0,19008998,2033,0,19010184,2048,1
547,3864427432014150,3864427432588744,20010718,sA-eth3,down,3864427432512373,netem,19804116,14078,0,0,0,0,0,19008998,2033,0,19010184,2048,1
548,3864427452004649,3864427452562532,19990499,sA-eth3,down,3864427452499671,netem,19804116,14078,0,0,0,0,0,19008998,2033,0,19010184,2048,1
549,3864427472002097,3864427472582520,19997448,sA-eth3,down,3864427472515450,netem,19804116,14078,0,0,0,0,0,19008998,2033,0,19010184,2048,1
550,3864427492002325,3864427492607789,20000228,sA-eth3,down,3864427492534968,netem,19804116,14078,0,0,0,0,0,19008998,2033,0,19010184,2048,1
551,3864427512009684,3864427512645257,20007359,sA-eth3,down,3864427512571497,netem,19804116,14078,0,0,0,0,0,19008998,2033,0,19010184,2048,1
552,3864427532003192,3864427532803396,19993508,sA-eth3,down,3864427532704346,netem,19804116,14078,0,0,0,0,0,19008998,2033,0,19010184,2048,1
553,3864427552014000,3864427552658334,20010808,sA-eth3,down,3864427552586843,netem,19804116,14078,0,0,0,0,0,19008998,2033,0,19010184,2048,1
554,3864427572001789,3864427572559202,19987789,sA-eth3,down,3864427572495241,netem,19804116,14078,0,0,0,0,0,19008998,2033,0,19010184,2048,1
555,3864427592004667,3864427592612640,20002878,sA-eth3,down,3864427592538740,netem,19804116,14078,0,0,0,0,0,19008998,2033,0,19010184,2048,1
556,3864427612001315,3864427612532168,19996648,sA-eth3,down,3864427612470398,netem,19804116,14078,0,0,0,0,0,19008998,2033,0,19010184,2048,1
557,3864427632002194,3864427632592067,20000879,sA-eth3,down,3864427632519856,netem,19804116,14078,0,0,0,0,0,19008998,2033,0,19010184,2048,1
558,3864427652004302,3864427652539105,20002108,sA-eth3,down,3864427652478864,netem,19804116,14078,0,0,0,0,0,19008998,2033,0,19010184,2048,1
559,3864427672004810,3864427672586883,20000508,sA-eth3,down,3864427672513033,netem,19804116,14078,0,0,0,0,0,19008998,2033,0,19010184,2048,1
560,3864427692005048,3864427692608562,20000238,sA-eth3,down,3864427692544261,netem,19804116,14078,0,0,0,0,0,19008998,2033,0,19010184,2048,1
561,3864427712006087,3864427712614470,20001039,sA-eth3,down,3864427712538480,netem,19804116,14078,0,0,0,0,0,19008998,2033,0,19010184,2048,1
562,3864427732001805,3864427732727829,19995718,sA-eth3,down,3864427732616028,netem,19804116,14078,0,0,0,0,0,19008998,2033,0,19010184,2048,1
563,3864427752015924,3864427752623817,20014119,sA-eth3,down,3864427752519616,netem,19804116,14078,0,0,0,0,0,19008998,2033,0,19010184,2048,1
564,3864427772004792,3864427772586325,19988868,sA-eth3,down,3864427772515905,netem,19804116,14078,0,0,0,0,0,19008998,2033,0,19010184,2048,1
565,3864427792005230,3864427792813715,20000438,sA-eth3,down,3864427792728984,netem,19804116,14078,0,0,0,0,0,19008998,2033,0,19010184,2048,1
566,3864427812013809,3864427812667162,20008579,sA-eth3,down,3864427812582712,netem,19804116,14078,0,0,0,0,0,19008998,2033,0,19010184,2048,1
567,3864427832015057,3864427832582080,20001248,sA-eth3,down,3864427832501499,netem,19804116,14078,0,0,0,0,0,19008998,2033,0,19010184,2048,1
568,3864427852019165,3864427852623768,20004108,sA-eth3,down,3864427852554428,netem,19804116,14078,0,0,0,0,0,19008998,2033,0,19010184,2048,1
569,3864427872006083,3864427872775567,19986918,sA-eth3,down,3864427872698657,netem,19804116,14078,0,0,0,0,0,19008998,2033,0,19010184,2048,1
570,3864427892004602,3864427892687725,19998519,sA-eth3,down,3864427892600975,netem,19804116,14078,0,0,0,0,0,19008998,2033,0,19010184,2048,1
571,3864427912003690,3864427912692434,19999088,sA-eth3,down,3864427912641123,netem,19804116,14078,0,0,0,0,0,19008998,2033,0,19010184,2048,1
572,3864427932000628,3864427932647462,19996938,sA-eth3,down,3864427932550741,netem,19804116,14078,0,0,0,0,0,19008998,2033,0,19010184,2048,1
573,3864427952016217,3864427952808661,20015589,sA-eth3,down,3864427952705050,netem,19804116,14078,0,0,0,0,0,19008998,2033,0,19010184,2048,1
574,3864427972014635,3864427972621198,19998418,sA-eth3,down,3864427972547118,netem,19804116,14078,0,0,0,0,0,19008998,2033,0,19010184,2048,1
575,3864427992005663,3864427992603727,19991028,sA-eth3,down,3864427992523746,netem,19804116,14078,0,0,0,0,0,19008998,2033,0,19010184,2048,1
576,3864428012004512,3864428012598335,19998849,sA-eth3,down,3864428012522214,netem,19804116,14078,0,0,0,0,0,19008998,2033,0,19010184,2048,1
577,3864428032014720,3864428032591053,20010208,sA-eth3,down,3864428032517893,netem,19804116,14078,0,0,0,0,0,19008998,2033,0,19010184,2048,1
578,3864428052005868,3864428052674522,19991148,sA-eth3,down,3864428052597281,netem,19804116,14078,0,0,0,0,0,19008998,2033,0,19010184,2048,1
579,3864428072002567,3864428072658560,19996699,sA-eth3,down,3864428072581040,netem,19804116,14078,0,0,0,0,0,19008998,2033,0,19010184,2048,1
580,3864428092003465,3864428092594038,20000898,sA-eth3,down,3864428092529098,netem,19804116,14078,0,0,0,0,0,19008998,2033,0,19010184,2048,1
581,3864428112002293,3864428112591626,19998828,sA-eth3,down,3864428112529856,netem,19804116,14078,0,0,0,0,0,19008998,2033,0,19010184,2048,1
582,3864428132004342,3864428132591155,20002049,sA-eth3,down,3864428132519764,netem,19804116,14078,0,0,0,0,0,19008998,2033,0,19010184,2048,1
583,3864428152008780,3864428152585503,20004438,sA-eth3,down,3864428152526163,netem,19804116,14078,0,0,0,0,0,19008998,2033,0,19010184,2048,1
584,3864428172001078,3864428172637412,19992298,sA-eth3,down,3864428172534291,netem,19804116,14078,0,0,0,0,0,19008998,2033,0,19010184,2048,1
585,3864428192014847,3864428192832071,20013769,sA-eth3,down,3864428192722040,netem,19804116,14078,0,0,0,0,0,19008998,2033,0,19010184,2048,1
586,3864428212014605,3864428212603378,19999758,sA-eth3,down,3864428212531558,netem,19804116,14078,0,0,0,0,0,19008998,2033,0,19010184,2048,1
587,3864428232014063,3864428232658137,19999458,sA-eth3,down,3864428232579256,netem,19804116,14078,0,0,0,0,0,19008998,2033,0,19010184,2048,1
588,3864428252005231,3864428252639915,19991168,sA-eth3,down,3864428252573244,netem,19804116,14078,0,0,0,0,0,19008998,2033,0,19010184,2048,1
589,3864428272013710,3864428272646513,20008479,sA-eth3,down,3864428272574933,netem,19804116,14078,0,0,0,0,0,19008998,2033,0,19010184,2048,1
590,3864428292002738,3864428292641652,19989028,sA-eth3,down,3864428292579951,netem,19804116,14078,0,0,0,0,0,19008998,2033,0,19010184,2048,1
591,3864428312004846,3864428312702430,20002108,sA-eth3,down,3864428312568619,netem,19804116,14078,0,0,0,0,0,19008998,2033,0,19010184,2048,1
592,3864428332014695,3864428332648758,20009849,sA-eth3,down,3864428332572548,netem,19804116,14078,0,0,0,0,0,19008998,2033,0,19010184,2048,1
593,3864428352003673,3864428352708577,19988978,sA-eth3,down,3864428352624756,netem,19804116,14078,0,0,0,0,0,19008998,2033,0,19010184,2048,1
594,3864428372004171,3864428372622455,20000498,sA-eth3,down,3864428372522454,netem,19804116,14078,0,0,0,0,0,19008998,2033,0,19010184,2048,1
595,3864428392006640,3864428392583843,20002469,sA-eth3,down,3864428392520762,netem,19804116,14078,0,0,0,0,0,19008998,2033,0,19010184,2048,1
596,3864428412001868,3864428412685372,19995228,sA-eth3,down,3864428412591391,netem,19804116,14078,0,0,0,0,0,19008998,2033,0,19010184,2048,1
597,3864428432019466,3864428432784381,20017598,sA-eth3,down,3864428432704140,netem,19804116,14078,0,0,0,0,0,19008998,2033,0,19010184,2048,1
598,3864428452014295,3864428452652678,19994829,sA-eth3,down,3864428452585028,netem,19804116,14078,0,0,0,0,0,19008998,2033,0,19010184,2048,1
599,3864428472002613,3864428472703527,19988318,sA-eth3,down,3864428472642646,netem,19804116,14078,0,0,0,0,0,19008998,2033,0,19010184,2048,1
600,3864428492003011,3864428492812676,20000398,sA-eth3,down,3864428492717125,netem,19804116,14078,0,0,0,0,0,19008998,2033,0,19010184,2048,1
601,3864428512015220,3864428512644283,20012209,sA-eth3,down,3864428512581383,netem,19804116,14078,0,0,0,0,0,19008998,2033,0,19010184,2048,1
602,3864428532013388,3864428532650621,19998168,sA-eth3,down,3864428532543241,netem,19804116,14078,0,0,0,0,0,19008998,2033,0,19010184,2048,1
603,3864428552007456,3864428552593549,19994068,sA-eth3,down,3864428552534279,netem,19804116,14078,0,0,0,0,0,19008998,2033,0,19010184,2048,1
604,3864428572003635,3864428572673258,19996179,sA-eth3,down,3864428572595058,netem,19804116,14078,0,0,0,0,0,19008998,2033,0,19010184,2048,1
605,3864428592003363,3864428592749887,19999728,sA-eth3,down,3864428592681506,netem,19804116,14078,0,0,0,0,0,19008998,2033,0,19010184,2048,1
606,3864428612004891,3864428612623615,20001528,sA-eth3,down,3864428612547044,netem,19804116,14078,0,0,0,0,0,19008998,2033,0,19010184,2048,1
607,3864428632005990,3864428632740233,20001099,sA-eth3,down,3864428632674323,netem,19804116,14078,0,0,0,0,0,19008998,2033,0,19010184,2048,1
608,3864428652003458,3864428652568761,19997468,sA-eth3,down,3864428652500821,netem,19804116,14078,0,0,0,0,0,19008998,2033,0,19010184,2048,1
609,3864428672006446,3864428672700320,20002988,sA-eth3,down,3864428672640710,netem,19804116,14078,0,0,0,0,0,19008998,2033,0,19010184,2048,1
610,3864428692001994,3864428692545387,19995548,sA-eth3,down,3864428692482547,netem,19804116,14078,0,0,0,0,0,19008998,2033,0,19010184,2048,1
611,3864428712002273,3864428712590736,20000279,sA-eth3,down,3864428712529206,netem,19804116,14078,0,0,0,0,0,19008998,2033,0,19010184,2048,1
612,3864428732002951,3864428732771935,20000678,sA-eth3,down,3864428732674475,netem,19804116,14078,0,0,0,0,0,19008998,2033,0,19010184,2048,1
613,3864428752016239,3864428752657393,20013288,sA-eth3,down,3864428752585843,netem,19804116,14078,0,0,0,0,0,19008998,2033,0,19010184,2048,1
614,3864428772015438,3864428772670181,19999199,sA-eth3,down,3864428772600121,netem,19804116,14078,0,0,0,0,0,19008998,2033,0,19010184,2048,1
615,3864428792002036,3864428792585779,19986598,sA-eth3,down,3864428792521459,netem,19804116,14078,0,0,0,0,0,19008998,2033,0,19010184,2048,1
616,3864428812014004,3864428812601788,20011968,sA-eth3,down,3864428812524077,netem,19804116,14078,0,0,0,0,0,19008998,2033,0,19010184,2048,1
617,3864428832015083,3864428832689106,20001079,sA-eth3,down,3864428832600796,netem,19804116,14078,0,0,0,0,0,19008998,2033,0,19010184,2048,1
618,3864428852004041,3864428852642025,19988958,sA-eth3,down,3864428852565424,netem,19804116,14078,0,0,0,0,0,19008998,2033,0,19010184,2048,1
619,3864428872016019,3864428872728773,20011978,sA-eth3,down,3864428872673613,netem,19804116,14078,0,0,0,0,0,19008998,2033,0,19010184,2048,1
620,3864428892003888,3864428892632501,19987869,sA-eth3,down,3864428892567541,netem,19804116,14078,0,0,0,0,0,19008998,2033,0,19010184,2048,1
621,3864428912000986,3864428912573149,19997098,sA-eth3,down,3864428912527799,netem,19804116,14078,0,0,0,0,0,19008998,2033,0,19010184,2048,1
622,3864428931999494,3864428932723478,19998508,sA-eth3,down,3864428932640008,netem,19804116,14078,0,0,0,0,0,19008998,2033,0,19010184,2048,1
623,3864428952016053,3864428952749597,20016559,sA-eth3,down,3864428952687376,netem,19804116,14078,0,0,0,0,0,19008998,2033,0,19010184,2048,1
624,3864428972003931,3864428972652014,19987878,sA-eth3,down,3864428972572424,netem,19804116,14078,0,0,0,0,0,19008998,2033,0,19010184,2048,1
625,3864428992004329,3864428992655403,20000398,sA-eth3,down,3864428992579892,netem,19804116,14078,0,0,0,0,0,19008998,2033,0,19010184,2048,1
626,3864429012001668,3864429012739522,19997339,sA-eth3,down,3864429012667861,netem,19804116,14078,0,0,0,0,0,19008998,2033,0,19010184,2048,1
627,3864429032006676,3864429032697330,20005008,sA-eth3,down,3864429032584639,netem,19804116,14078,0,0,0,0,0,19008998,2033,0,19010184,2048,1
628,3864429052004054,3864429052699488,19997378,sA-eth3,down,3864429052615778,netem,19804116,14078,0,0,0,0,0,19008998,2033,0,19010184,2048,1
629,3864429072015563,3864429072589656,20011509,sA-eth3,down,3864429072511125,netem,19804116,14078,0,0,0,0,0,19008998,2033,0,19010184,2048,1
630,3864429092001561,3864429092614824,19985998,sA-eth3,down,3864429092533534,netem,19804116,14078,0,0,0,0,0,19008998,2033,0,19010184,2048,1
631,3864429112015039,3864429112736213,20013478,sA-eth3,down,3864429112653993,netem,19804116,14078,0,0,0,0,0,19008998,2033,0,19010184,2048,1
632,3864429132007427,3864429132609151,19992388,sA-eth3,down,3864429132528040,netem,19804116,14078,0,0,0,0,0,19008998,2033,0,19010184,2048,1
633,3864429152003496,3864429152638059,19996069,sA-eth3,down,3864429152557749,netem,19804116,14078,0,0,0,0,0,19008998,2033,0,19010184,2048,1
634,3864429172014724,3864429172705858,20011228,sA-eth3,down,3864429172627768,netem,19804116,14078,0,0,0,0,0,19008998,2033,0,19010184,2048,1
635,3864429192001933,3864429192647146,19987209,sA-eth3,down,3864429192526155,netem,19804116,14078,0,0,0,0,0,19008998,2033,0,19010184,2048,1
636,3864429212014131,3864429212784885,20012198,sA-eth3,down,3864429212736045,netem,19804116,14078,0,0,0,0,0,19008998,2033,0,19010184,2048,1
637,3864429232003199,3864429232514132,19989068,sA-eth3,down,3864429232445672,netem,19804116,14078,0,0,0,0,0,19008998,2033,0,19010184,2048,1
638,3864429252001977,3864429252638951,19998778,sA-eth3,down,3864429252554000,netem,19804116,14078,0,0,0,0,0,19008998,2033,0,19010184,2048,1
639,3864429272015176,3864429272652659,20013199,sA-eth3,down,3864429272539889,netem,19804116,14078,0,0,0,0,0,19008998,2033,0,19010184,2048,1
640,3864429292016604,3864429292667908,20001428,sA-eth3,down,3864429292592497,netem,19804116,14078,0,0,0,0,0,19008998,2033,0,19010184,2048,1
641,3864429312003722,3864429312592545,19987118,sA-eth3,down,3864429312525065,netem,19804116,14078,0,0,0,0,0,19008998,2033,0,19010184,2048,1
642,3864429332003671,3864429332675614,19999949,sA-eth3,down,3864429332572654,netem,19804116,14078,0,0,0,0,0,19008998,2033,0,19010184,2048,1
643,3864429352013529,3864429352660672,20009858,sA-eth3,down,3864429352563052,netem,19804116,14078,0,0,0,0,0,19008998,2033,0,19010184,2048,1
644,3864429372002667,3864429372586110,19989138,sA-eth3,down,3864429372501690,netem,19804116,14078,0,0,0,0,0,19008998,2033,0,19010184,2048,1
645,3864429392013276,3864429392639319,20010609,sA-eth3,down,3864429392553899,netem,19804116,14078,0,0,0,0,0,19008998,2033,0,19010184,2048,1
646,3864429412003164,3864429412666288,19989888,sA-eth3,down,3864429412587577,netem,19804116,14078,0,0,0,0,0,19008998,2033,0,19010184,2048,1
647,3864429432003512,3864429432762456,20000348,sA-eth3,down,3864429432656966,netem,19804116,14078,0,0,0,0,0,19008998,2033,0,19010184,2048,1
648,3864429452013311,3864429452587054,20009799,sA-eth3,down,3864429452513543,netem,19804116,14078,0,0,0,0,0,19008998,2033,0,19010184,2048,1
649,3864429472003049,3864429472704253,19989738,sA-eth3,down,3864429472624172,netem,19804116,14078,0,0,0,0,0,19008998,2033,0,19010184,2048,1
650,3864429492006857,3864429492705491,20003808,sA-eth3,down,3864429492601400,netem,19804116,14078,0,0,0,0,0,19008998,2033,0,19010184,2048,1
651,3864429512015796,3864429512642909,20008939,sA-eth3,down,3864429512568239,netem,19804116,14078,0,0,0,0,0,19008998,2033,0,19010184,2048,1
652,3864429532013234,3864429532607327,19997438,sA-eth3,down,3864429532538317,netem,19804116,14078,0,0,0,0,0,19008998,2033,0,19010184,2048,1
653,3864429552015012,3864429552757996,20001778,sA-eth3,down,3864429552695296,netem,19804116,14078,0,0,0,0,0,19008998,2033,0,19010184,2048,1
654,3864429572001821,3864429572643594,19986809,sA-eth3,down,3864429572560124,netem,19804116,14078,0,0,0,0,0,19008998,2033,0,19010184,2048,1
655,3864429592004999,3864429592604002,20003178,sA-eth3,down,3864429592524742,netem,19804116,14078,0,0,0,0,0,19008998,2033,0,19010184,2048,1
656,3864429612012697,3864429612595550,20007698,sA-eth3,down,3864429612525520,netem,19804116,14078,0,0,0,0,0,19008998,2033,0,19010184,2048,1
657,3864429632011696,3864429632621849,19998999,sA-eth3,down,3864429632545318,netem,19804116,14078,0,0,0,0,0,19008998,2033,0,19010184,2048,1
658,3864429652006164,3864429652617037,19994468,sA-eth3,down,3864429652557227,netem,19804116,14078,0,0,0,0,0,19008998,2033,0,19010184,2048,1
659,3864429672003672,3864429672527385,19997508,sA-eth3,down,3864429672471445,netem,19804116,14078,0,0,0,0,0,19008998,2033,0,19010184,2048,1
660,3864429692003430,3864429692578933,19999758,sA-eth3,down,3864429692499143,netem,19804116,14078,0,0,0,0,0,19008998,2033,0,19010184,2048,1
661,3864429712017219,3864429712653182,20013789,sA-eth3,down,3864429712587432,netem,19804116,14078,0,0,0,0,0,19008998,2033,0,19010184,2048,1
662,3864429732003217,3864429732722471,19985998,sA-eth3,down,3864429732661501,netem,19804116,14078,0,0,0,0,0,19008998,2033,0,19010184,2048,1
663,3864429752002955,3864429753023481,19999738,sA-eth3,down,3864429752904850,netem,19804116,14078,0,0,0,0,0,19008998,2033,0,19010184,2048,1
664,3864429772017014,3864429772697187,20014059,sA-eth3,down,3864429772607687,netem,19804116,14078,0,0,0,0,0,19008998,2033,0,19010184,2048,1
665,3864429792016802,3864429792733496,19999788,sA-eth3,down,3864429792648545,netem,19804116,14078,0,0,0,0,0,19008998,2033,0,19010184,2048,1
666,3864429812016110,3864429812605714,19999308,sA-eth3,down,3864429812538183,netem,19804116,14078,0,0,0,0,0,19008998,2033,0,19010184,2048,1
667,3864429832016029,3864429832737743,19999919,sA-eth3,down,3864429832658812,netem,19804116,14078,0,0,0,0,0,19008998,2033,0,19010184,2048,1
668,3864429852006397,3864429852736771,19990368,sA-eth3,down,3864429852655030,netem,19804116,14078,0,0,0,0,0,19008998,2033,0,19010184,2048,1
669,3864429872006125,3864429872684039,19999728,sA-eth3,down,3864429872608379,netem,19804116,14078,0,0,0,0,0,19008998,2033,0,19010184,2048,1
670,3864429892002074,3864429892661307,19995949,sA-eth3,down,3864429892553157,netem,19804116,14078,0,0,0,0,0,19008998,2033,0,19010184,2048,1
671,3864429912005012,3864429912738566,20002938,sA-eth3,down,3864429912652115,netem,19804116,14078,0,0,0,0,0,19008998,2033,0,19010184,2048,1
672,3864429932002050,3864429932585783,19997038,sA-eth3,down,3864429932501403,netem,19804116,14078,0,0,0,0,0,19008998,2033,0,19010184,2048,1
673,3864429952013719,3864429952619262,20011669,sA-eth3,down,3864429952559162,netem,19804116,14078,0,0,0,0,0,19008998,2033,0,19010184,2048,1
674,3864429972001957,3864429972631480,19988238,sA-eth3,down,3864429972551830,netem,19804116,14078,0,0,0,0,0,19008998,2033,0,19010184,2048,1
675,3864429992003525,3864429992660129,20001568,sA-eth3,down,3864429992609778,netem,19804116,14078,0,0,0,0,0,19008998,2033,0,19010184,2048,1
676,3864430012002474,3864430012749878,19998949,sA-eth3,down,3864430012663007,netem,19804116,14078,0,0,0,0,0,19008998,2033,0,19010184,2048,1
677,3864430032013052,3864430032604515,20010578,sA-eth3,down,3864430032523565,netem,19804116,14078,0,0,0,0,0,19008998,2033,0,19010184,2048,1
678,3864430052016790,3864430052642984,20003738,sA-eth3,down,3864430052564583,netem,19804116,14078,0,0,0,0,0,19008998,2033,0,19010184,2048,1
679,3864430072002278,3864430072542011,19985488,sA-eth3,down,3864430072477651,netem,19804116,14078,0,0,0,0,0,19008998,2033,0,19010184,2048,1
680,3864430092004457,3864430092605800,20002179,sA-eth3,down,3864430092527950,netem,19804116,14078,0,0,0,0,0,19008998,2033,0,19010184,2048,1
681,3864430112002565,3864430112554888,19998108,sA-eth3,down,3864430112474888,netem,19804116,14078,0,0,0,0,0,19008998,2033,0,19010184,2048,1
682,3864430132004353,3864430132725387,20001788,sA-eth3,down,3864430132648837,netem,19804116,14078,0,0,0,0,0,19008998,2033,0,19010184,2048,1
683,3864430152014082,3864430152646275,20009729,sA-eth3,down,3864430152531755,netem,19804116,14078,0,0,0,0,0,19008998,2033,0,19010184,2048,1
684,3864430172017020,3864430172717984,20002938,sA-eth3,down,3864430172638973,netem,19804116,14078,0,0,0,0,0,19008998,2033,0,19010184,2048,2
685,3864430192004348,3864430192890243,19987328,sA-eth3,down,3864430192789013,netem,19804116,14078,0,0,0,0,0,19008998,2033,0,19010184,2048,2
686,3864430212003337,3864430212640250,19998989,sA-eth3,down,3864430212568570,netem,19804116,14078,0,0,0,0,0,19008998,2033,0,19010184,2048,2
687,3864430232001685,3864430232823819,19998348,sA-eth3,down,3864430232738949,netem,19804116,14078,0,0,0,0,0,19008998,2033,0,19010184,2048,2
688,3864430252006823,3864430252710857,20005138,sA-eth3,down,3864430252659147,netem,19804116,14078,0,0,0,0,0,19008998,2033,0,19010184,2048,2
689,3864430272001192,3864430272656065,19994369,sA-eth3,down,3864430272569435,netem,19804116,14078,0,0,0,0,0,19008998,2033,0,19010184,2048,2
690,3864430292002370,3864430292598573,20001178,sA-eth3,down,3864430292539973,netem,19804116,14078,0,0,0,0,0,19008998,2033,0,19010184,2048,2
691,3864430312003838,3864430312583451,20001468,sA-eth3,down,3864430312506581,netem,19804116,14078,0,0,0,0,0,19008998,2033,0,19010184,2048,2
692,3864430332013117,3864430332602900,20009279,sA-eth3,down,3864430332541490,netem,19804116,14078,0,0,0,0,0,19008998,2033,0,19010184,2048,2
693,3864430352005525,3864430352780819,19992408,sA-eth3,down,3864430352709379,netem,19804116,14078,0,0,0,0,0,19008998,2033,0,19010184,2048,2
694,3864430372013263,3864430372706887,20007738,sA-eth3,down,3864430372636927,netem,19804116,14078,0,0,0,0,0,19008998,2033,0,19010184,2048,2
695,3864430392014442,3864430392629555,20001179,sA-eth3,down,3864430392567805,netem,19804116,14078,0,0,0,0,0,19008998,2033,0,19010184,2048,2
696,3864430412001820,3864430412630013,19987378,sA-eth3,down,3864430412549513,netem,19804116,14078,0,0,0,0,0,19008998,2033,0,19010184,2048,2
697,3864430432005248,3864430432670862,20003428,sA-eth3,down,3864430432612982,netem,19804116,14078,0,0,0,0,0,19008998,2033,0,19010184,2048,2
698,3864430452001906,3864430452653590,19996658,sA-eth3,down,3864430452578100,netem,19804116,14078,0,0,0,0,0,19008998,2033,0,19010184,2048,2
699,3864430472020565,3864430472682159,20018659,sA-eth3,down,3864430472600878,netem,19804116,14078,0,0,0,0,0,19008998,2033,0,19010184,2048,2
700,3864430492004393,3864430492638017,19983828,sA-eth3,down,3864430492554216,netem,19804116,14078,0,0,0,0,0,19008998,2033,0,19010184,2048,2
701,3864430512013371,3864430512673165,20008978,sA-eth3,down,3864430512610495,netem,19804116,14078,0,0,0,0,0,19008998,2033,0,19010184,2048,2
702,3864430532007520,3864430532742804,19994149,sA-eth3,down,3864430532657533,netem,19804116,14078,0,0,0,0,0,19008998,2033,0,19010184,2048,2
703,3864430552014528,3864430552621791,20007008,sA-eth3,down,3864430552553271,netem,19804116,14078,0,0,0,0,0,19008998,2033,0,19010184,2048,2
704,3864430572003007,3864430572643840,19988479,sA-eth3,down,3864430572574180,netem,19804116,14078,0,0,0,0,0,19008998,2033,0,19010184,2048,2
705,3864430592002005,3864430592601108,19998998,sA-eth3,down,3864430592535958,netem,19804116,14078,0,0,0,0,0,19008998,2033,0,19010184,2048,2
706,3864430612001873,3864430612636617,19999868,sA-eth3,down,3864430612532466,netem,19804116,14078,0,0,0,0,0,19008998,2033,0,19010184,2048,2
707,3864430632013271,3864430632614755,20011398,sA-eth3,down,3864430632555434,netem,19804116,14078,0,0,0,0,0,19008998,2033,0,19010184,2048,2
708,3864430652005290,3864430652626643,19992019,sA-eth3,down,3864430652543313,netem,19804116,14078,0,0,0,0,0,19008998,2033,0,19010184,2048,2
709,3864430672003008,3864430672586001,19997718,sA-eth3,down,3864430672508551,netem,19804116,14078,0,0,0,0,0,19008998,2033,0,19010184,2048,2
710,3864430692003476,3864430692569849,20000468,sA-eth3,down,3864430692491819,netem,19804116,14078,0,0,0,0,0,19008998,2033,0,19010184,2048,2
711,3864430712016185,3864430712767709,20012709,sA-eth3,down,3864430712664428,netem,19804116,14078,0,0,0,0,0,19008998,2033,0,19010184,2048,2
712,3864430732004953,3864430732628946,19988768,sA-eth3,down,3864430732553896,netem,19804116,14078,0,0,0,0,0,19008998,2033,0,19010184,2048,2
713,3864430752004191,3864430752748325,19999238,sA-eth3,down,3864430752642925,netem,19804116,14078,0,0,0,0,0,19008998,2033,0,19010184,2048,2
714,3864430772014940,3864430772691363,20010749,sA-eth3,down,3864430772587023,netem,19804116,14078,0,0,0,0,0,19008998,2033,0,19010184,2048,2
715,3864430792003668,3864430792684242,19988728,sA-eth3,down,3864430792593491,netem,19804116,14078,0,0,0,0,0,19008998,2033,0,19010184,2048,2
716,3864430812014016,3864430812598550,20010348,sA-eth3,down,3864430812527219,netem,19804116,14078,0,0,0,0,0,19008998,2033,0,19010184,2048,2
717,3864430832015975,3864430832611938,20001959,sA-eth3,down,3864430832549307,netem,19804116,14078,0,0,0,0,0,19008998,2033,0,19010184,2048,2
718,3864430852007963,3864430852659776,19991988,sA-eth3,down,3864430852576346,netem,19804116,14078,0,0,0,0,0,19008998,2033,0,19010184,2048,2
719,3864430872014481,3864430872696925,20006518,sA-eth3,down,3864430872604754,netem,19804116,14078,0,0,0,0,0,19008998,2033,0,19010184,2048,2
720,3864430892014010,3864430892634423,19999529,sA-eth3,down,3864430892552832,netem,19804116,14078,0,0,0,0,0,19008998,2033,0,19010184,2048,2
721,3864430912003718,3864430912681812,19989708,sA-eth3,down,3864430912601481,netem,19804116,14078,0,0,0,0,0,19008998,2033,0,19010184,2048,2
722,3864430932013826,3864430932566859,20010108,sA-eth3,down,3864430932498089,netem,19804116,14078,0,0,0,0,0,19008998,2033,0,19010184,2048,2
723,3864430952003274,3864430952703338,19989448,sA-eth3,down,3864430952628778,netem,19804116,14078,0,0,0,0,0,19008998,2033,0,19010184,2048,2
724,3864430972001943,3864430972590516,19998669,sA-eth3,down,3864430972521986,netem,19804116,14078,0,0,0,0,0,19008998,2033,0,19010184,2048,2
725,3864430992003351,3864430992727355,20001408,sA-eth3,down,3864430992618884,netem,19804116,14078,0,0,0,0,0,19008998,2033,0,19010184,2048,2
726,3864431012003850,3864431012550482,20000499,sA-eth3,down,3864431012486152,netem,19804116,14078,0,0,0,0,0,19008998,2033,0,19010184,2048,2
727,3864431032005198,3864431032686611,20001348,sA-eth3,down,3864431032603491,netem,19804116,14078,0,0,0,0,0,19008998,2033,0,19010184,2048,2
728,3864431052003386,3864431052753970,19998188,sA-eth3,down,3864431052688460,netem,19804116,14078,0,0,0,0,0,19008998,2033,0,19010184,2048,2
729,3864431072006074,3864431072666928,20002688,sA-eth3,down,3864431072587508,netem,19804116,14078,0,0,0,0,0,19008998,2033,0,19010184,2048,2
730,3864431092013343,3864431092589056,20007269,sA-eth3,down,3864431092515725,netem,19804116,14078,0,0,0,0,0,19008998,2033,0,19010184,2048,2
731,3864431112018011,3864431112723965,20004668,sA-eth3,down,3864431112640774,netem,19804116,14078,0,0,0,0,0,19008998,2033,0,19010184,2048,2
732,3864431132015119,3864431132615683,19997108,sA-eth3,down,3864431132538632,netem,19804116,14078,0,0,0,0,0,19008998,2033,0,19010184,2048,2
733,3864431152004788,3864431152703811,19989669,sA-eth3,down,3864431152618381,netem,19804116,14078,0,0,0,0,0,19008998,2033,0,19010184,2048,2
734,3864431172003456,3864431172554759,19998668,sA-eth3,down,3864431172488619,netem,19804116,14078,0,0,0,0,0,19008998,2033,0,19010184,2048,2
735,3864431192003524,3864431192590307,20000068,sA-eth3,down,3864431192524027,netem,19804116,14078,0,0,0,0,0,19008998,2033,0,19010184,2048,2
736,3864431212002273,3864431212603536,19998749,sA-eth3,down,3864431212524665,netem,19804116,14078,0,0,0,0,0,19008998,2033,0,19010184,2048,2
737,3864431232014481,3864431232753015,20012208,sA-eth3,down,3864431232662855,netem,19804116,14078,0,0,0,0,0,19008998,2033,0,19010184,2048,2
738,3864431252015199,3864431252812054,20000718,sA-eth3,down,3864431252736993,netem,19804116,14078,0,0,0,0,0,19008998,2033,0,19010184,2048,2
739,3864431272002578,3864431272716621,19987379,sA-eth3,down,3864431272648431,netem,19804116,14078,0,0,0,0,0,19008998,2033,0,19010184,2048,2
740,3864431292003946,3864431292557639,20001368,sA-eth3,down,3864431292495669,netem,19804116,14078,0,0,0,0,0,19008998,2033,0,19010184,2048,2
741,3864431312004684,3864431312666358,20000738,sA-eth3,down,3864431312588097,netem,19804116,14078,0,0,0,0,0,19008998,2033,0,19010184,2048,2
742,3864431332012702,3864431332692386,20008018,sA-eth3,down,3864431332614776,netem,19804116,14078,0,0,0,0,0,19008998,2033,0,19010184,2048,2
743,3864431352005931,3864431352730435,19993229,sA-eth3,down,3864431352653904,netem,19804116,14078,0,0,0,0,0,19008998,2033,0,19010184,2048,2
744,3864431372002899,3864431372557332,19996968,sA-eth3,down,3864431372499782,netem,19804116,14078,0,0,0,0,0,19008998,2033,0,19010184,2048,2
745,3864431392002078,3864431392590361,19999179,sA-eth3,down,3864431392514560,netem,19804116,14078,0,0,0,0,0,19008998,2033,0,19010184,2048,2
746,3864431412012746,3864431412558329,20010668,sA-eth3,down,3864431412481708,netem,19804116,14078,0,0,0,0,0,19008998,2033,0,19010184,2048,2
747,3864431432004224,3864431432844579,19991478,sA-eth3,down,3864431432772348,netem,19804116,14078,0,0,0,0,0,19008998,2033,0,19010184,2048,2
748,3864431452014463,3864431452577086,20010239,sA-eth3,down,3864431452497675,netem,19804116,14078,0,0,0,0,0,19008998,2033,0,19010184,2048,2
749,3864431472003021,3864431472690475,19988558,sA-eth3,down,3864431472614254,netem,19804116,14078,0,0,0,0,0,19008998,2033,0,19010184,2048,2
750,3864431492014549,3864431492638733,20011528,sA-eth3,down,3864431492573252,netem,19804116,14078,0,0,0,0,0,19008998,2033,0,19010184,2048,2
751,3864431512003627,3864431512628181,19989078,sA-eth3,down,3864431512567400,netem,19804116,14078,0,0,0,0,0,19008998,2033,0,19010184,2048,2
752,3864431532001476,3864431532545999,19997849,sA-eth3,down,3864431532467218,netem,19804116,14078,0,0,0,0,0,19008998,2033,0,19010184,2048,2
753,3864431552002274,3864431552738278,20000798,sA-eth3,down,3864431552666578,netem,19804116,14078,0,0,0,0,0,19008998,2033,0,19010184,2048,2
754,3864431572012682,3864431572556985,20010408,sA-eth3,down,3864431572475715,netem,19804116,14078,0,0,0,0,0,19008998,2033,0,19010184,2048,2
755,3864431592003871,3864431592606384,19991189,sA-eth3,down,3864431592530124,netem,19804116,14078,0,0,0,0,0,19008998,2033,0,19010184,2048,2
756,3864431612004139,3864431612578592,20000268,sA-eth3,down,3864431612510382,netem,19804116,14078,0,0,0,0,0,19008998,2033,0,19010184,2048,2
757,3864431632005027,3864431632650641,20000888,sA-eth3,down,3864431632584030,netem,19804116,14078,0,0,0,0,0,19008998,2033,0,19010184,2048,2
758,3864431652004256,3864431652595969,19999229,sA-eth3,down,3864431652530308,netem,19804116,14078,0,0,0,0,0,19008998,2033,0,19010184,2048,2
759,3864431672002514,3864431672653688,19998258,sA-eth3,down,3864431672578647,netem,19804116,14078,0,0,0,0,0,19008998,2033,0,19010184,2048,2
760,3864431692002572,3864431692560485,20000058,sA-eth3,down,3864431692478885,netem,19804116,14078,0,0,0,0,0,19008998,2033,0,19010184,2048,2
761,3864431712013201,3864431712606904,20010629,sA-eth3,down,3864431712533383,netem,19804116,14078,0,0,0,0,0,19008998,2033,0,19010184,2048,2
762,3864431732001989,3864431732535842,19988788,sA-eth3,down,3864431732471951,netem,19804116,14078,0,0,0,0,0,19008998,2033,0,19010184,2048,2
763,3864431752002257,3864431752733321,20000268,sA-eth3,down,3864431752656761,netem,19804116,14078,0,0,0,0,0,19008998,2033,0,19010184,2048,2
764,3864431772006056,3864431772852980,20003799,sA-eth3,down,3864431772787590,netem,19804116,14078,0,0,0,0,0,19008998,2033,0,19010184,2048,2
765,3864431792002514,3864431792711318,19996458,sA-eth3,down,3864431792625547,netem,19804116,14078,0,0,0,0,0,19008998,2033,0,19010184,2048,2
766,3864431812004572,3864431812557165,20002058,sA-eth3,down,3864431812490765,netem,19804116,14078,0,0,0,0,0,19008998,2033,0,19010184,2048,2
767,3864431832015101,3864431832808205,20010529,sA-eth3,down,3864431832722464,netem,19804116,14078,0,0,0,0,0,19008998,2033,0,19010184,2048,2
768,3864431852017369,3864431852667852,20002268,sA-eth3,down,3864431852570542,netem,19804116,14078,0,0,0,0,0,19008998,2033,0,19010184,2048,2
769,3864431872002637,3864431872605960,19985268,sA-eth3,down,3864431872523550,netem,19804116,14078,0,0,0,0,0,19008998,2033,0,19010184,2048,2
770,3864431892003415,3864431892781290,20000778,sA-eth3,down,3864431892682859,netem,19804116,14078,0,0,0,0,0,19008998,2033,0,19010184,2048,2
771,3864431912015774,3864431912592907,20012359,sA-eth3,down,3864431912502927,netem,19804116,14078,0,0,0,0,0,19008998,2033,0,19010184,2048,2
772,3864431932005852,3864431932636475,19990078,sA-eth3,down,3864431932555915,netem,19804116,14078,0,0,0,0,0,19008998,2033,0,19010184,2048,2
773,3864431952004460,3864431952590534,19998608,sA-eth3,down,3864431952517023,netem,19804116,14078,0,0,0,0,0,19008998,2033,0,19010184,2048,2
774,3864431972013979,3864431972643442,20009519,sA-eth3,down,3864431972564442,netem,19804116,14078,0,0,0,0,0,19008998,2033,0,19010184,2048,2
775,3864431992013157,3864431992722041,19999178,sA-eth3,down,3864431992655740,netem,19804116,14078,0,0,0,0,0,19008998,2033,0,19010184,2048,2
776,3864432012003305,3864432012652189,19990148,sA-eth3,down,3864432012576749,netem,19804116,14078,0,0,0,0,0,19008998,2033,0,19010184,2048,2
777,3864432032002004,3864432032532427,19998699,sA-eth3,down,3864432032468226,netem,19804116,14078,0,0,0,0,0,19008998,2033,0,19010184,2048,2
778,3864432052001782,3864432052591975,19999778,sA-eth3,down,3864432052514375,netem,19804116,14078,0,0,0,0,0,19008998,2033,0,19010184,2048,2
779,3864432072003520,3864432072518383,20001738,sA-eth3,down,3864432072457123,netem,19804116,14078,0,0,0,0,0,19008998,2033,0,19010184,2048,2
780,3864432092003379,3864432092595522,19999859,sA-eth3,down,3864432092518461,netem,19804116,14078,0,0,0,0,0,19008998,2033,0,19010184,2048,2
781,3864432112003107,3864432112523430,19999728,sA-eth3,down,3864432112464010,netem,19804116,14078,0,0,0,0,0,19008998,2033,0,19010184,2048,2
782,3864432132003785,3864432132665959,20000678,sA-eth3,down,3864432132599768,netem,19804116,14078,0,0,0,0,0,19008998,2033,0,19010184,2048,2
783,3864432152013584,3864432152579017,20009799,sA-eth3,down,3864432152514766,netem,19804116,14078,0,0,0,0,0,19008998,2033,0,19010184,2048,2
784,3864432172013012,3864432172656715,19999428,sA-eth3,down,3864432172579915,netem,19804116,14078,0,0,0,0,0,19008998,2033,0,19010184,2048,2
785,3864432192013180,3864432192561333,20000168,sA-eth3,down,3864432192483043,netem,19804116,14078,0,0,0,0,0,19008998,2033,0,19010184,2048,2
786,3864432212012479,3864432212573142,19999299,sA-eth3,down,3864432212512841,netem,19804116,14078,0,0,0,0,0,19008998,2033,0,19010184,2048,2
787,3864432232013717,3864432232536380,20001238,sA-eth3,down,3864432232477509,netem,19804116,14078,0,0,0,0,0,19008998,2033,0,19010184,2048,2
788,3864432252004555,3864432252606109,19990838,sA-eth3,down,3864432252526748,netem,19804116,14078,0,0,0,0,0,19008998,2033,0,19010184,2048,2
789,3864432272014214,3864432272615497,20009659,sA-eth3,down,3864432272508136,netem,19804116,14078,0,0,0,0,0,19008998,2033,0,19010184,2048,2
790,3864432292013972,3864432292632995,19999758,sA-eth3,down,3864432292568545,netem,19804116,14078,0,0,0,0,0,19008998,2033,0,19010184,2048,2
791,3864432312007090,3864432312738224,19993118,sA-eth3,down,3864432312657434,netem,19804116,14078,0,0,0,0,0,19008998,2033,0,19010184,2048,2
792,3864432332006468,3864432332665242,19999378,sA-eth3,down,3864432332592892,netem,19804116,14078,0,0,0,0,0,19008998,2033,0,19010184,2048,2
793,3864432352002297,3864432352648480,19995829,sA-eth3,down,3864432352566210,netem,19804116,14078,0,0,0,0,0,19008998,2033,0,19010184,2048,2
794,3864432372012805,3864432372616908,20010508,sA-eth3,down,3864432372539038,netem,19804116,14078,0,0,0,0,0,19008998,2033,0,19010184,2048,2
795,3864432392002914,3864432392673937,19990109,sA-eth3,down,3864432392595767,netem,19804116,14078,0,0,0,0,0,19008998,2033,0,19010184,2048,2
796,3864432412003822,3864432412575085,20000908,sA-eth3,down,3864432412502384,netem,19804116,14078,0,0,0,0,0,19008998,2033,0,19010184,2048,2
797,3864432432003810,3864432432639564,19999988,sA-eth3,down,3864432432560713,netem,19804116,14078,0,0,0,0,0,19008998,2033,0,19010184,2048,2
798,3864432452012889,3864432452628512,20009079,sA-eth3,down,3864432452519751,netem,19804116,14078,0,0,0,0,0,19008998,2033,0,19010184,2048,2
799,3864432472005407,3864432472648440,19992518,sA-eth3,down,3864432472590740,netem,19804116,14078,0,0,0,0,0,19008998,2033,0,19010184,2048,2
800,3864432492002925,3864432492620008,19997518,sA-eth3,down,3864432492544348,netem,19804116,14078,0,0,0,0,0,19008998,2033,0,19010184,2048,2
801,3864432512005033,3864432512622267,20002108,sA-eth3,down,3864432512550016,netem,19804116,14078,0,0,0,0,0,19008998,2033,0,19010184,2048,2
802,3864432532001712,3864432532663455,19996679,sA-eth3,down,3864432532575525,netem,19804116,14078,0,0,0,0,0,19008998,2033,0,19010184,2048,2
803,3864432552015180,3864432552568443,20013468,sA-eth3,down,3864432552498543,netem,19804116,14078,0,0,0,0,0,19008998,2033,0,19010184,2048,2
804,3864432572004228,3864432572624392,19989048,sA-eth3,down,3864432572544941,netem,19804116,14078,0,0,0,0,0,19008998,2033,0,19010184,2048,2
805,3864432592015207,3864432592606020,20010979,sA-eth3,down,3864432592531380,netem,19804116,14078,0,0,0,0,0,19008998,2033,0,19010184,2048,2
806,3864432612002555,3864432612635948,19987348,sA-eth3,down,3864432612540488,netem,19804116,14078,0,0,0,0,0,19008998,2033,0,19010184,2048,2
807,3864432632019553,3864432632686137,20016998,sA-eth3,down,3864432632614287,netem,19804116,14078,0,0,0,0,0,19008998,2033,0,19010184,2048,2
808,3864432652001592,3864432652711095,19982039,sA-eth3,down,3864432652636085,netem,19804116,14078,0,0,0,0,0,19008998,2033,0,19010184,2048,2
809,3864432672006640,3864432672608563,20005048,sA-eth3,down,3864432672552973,netem,19804116,14078,0,0,0,0,0,19008998,2033,0,19010184,2048,2
810,3864432692002378,3864432692663572,19995738,sA-eth3,down,3864432692592811,netem,19804116,14078,0,0,0,0,0,19008998,2033,0,19010184,2048,2
811,3864432712005106,3864432712580370,20002728,sA-eth3,down,3864432712498779,netem,19804116,14078,0,0,0,0,0,19008998,2033,0,19010184,2048,2
812,3864432732003065,3864432732630358,19997959,sA-eth3,down,3864432732550398,netem,19804116,14078,0,0,0,0,0,19008998,2033,0,19010184,2048,2
813,3864432752004253,3864432752625186,20001188,sA-eth3,down,3864432752543816,netem,19804116,14078,0,0,0,0,0,19008998,2033,0,19010184,2048,2
814,3864432772015702,3864432772672005,20011449,sA-eth3,down,3864432772593995,netem,19804116,14078,0,0,0,0,0,19008998,2033,0,19010184,2048,2
815,3864432792002000,3864432792626043,19986298,sA-eth3,down,3864432792541973,netem,19804116,14078,0,0,0,0,0,19008998,2033,0,19010184,2048,2
816,3864432812004718,3864432812611201,20002718,sA-eth3,down,3864432812536591,netem,19804116,14078,0,0,0,0,0,19008998,2033,0,19010184,2048,2
817,3864432832003807,3864432832566210,19999089,sA-eth3,down,3864432832488549,netem,19804116,14078,0,0,0,0,0,19008998,2033,0,19010184,2048,2
818,3864432852010285,3864432852804009,20006478,sA-eth3,down,3864432852720459,netem,19804116,14078,0,0,0,0,0,19008998,2033,0,19010184,2048,2
819,3864432872004893,3864432872728137,19994608,sA-eth3,down,3864432872652987,netem,19804116,14078,0,0,0,0,0,19008998,2033,0,19010184,2048,2
820,3864432892013931,3864432892709435,20009038,sA-eth3,down,3864432892631435,netem,19804116,14078,0,0,0,0,0,19008998,2033,0,19010184,2048,2
821,3864432912005590,3864432912632223,19991659,sA-eth3,down,3864432912570193,netem,19804116,14078,0,0,0,0,0,19008998,2033,0,19010184,2048,2
822,3864432932003638,3864432932634731,19998048,sA-eth3,down,3864432932566641,netem,19804116,14078,0,0,0,0,0,19008998,2033,0,19010184,2048,2
823,3864432952004126,3864432952644030,20000488,sA-eth3,down,3864432952564989,netem,19804116,14078,0,0,0,0,0,19008998,2033,0,19010184,2048,2
824,3864432972004735,3864432972634208,20000609,sA-eth3,down,3864432972558938,netem,19804116,14078,0,0,0,0,0,19008998,2033,0,19010184,2048,2
825,3864432992003663,3864432992633596,19998928,sA-eth3,down,3864432992550126,netem,19804116,14078,0,0,0,0,0,19008998,2033,0,19010184,2048,2
826,3864433012003851,3864433012581735,20000188,sA-eth3,down,3864433012513794,netem,19804116,14078,0,0,0,0,0,19008998,2033,0,19010184,2048,2
827,3864433032007010,3864433032654283,20003159,sA-eth3,down,3864433032567913,netem,19804116,14078,0,0,0,0,0,19008998,2033,0,19010184,2048,2
828,3864433052013508,3864433052639711,20006498,sA-eth3,down,3864433052569111,netem,19804116,14078,0,0,0,0,0,19008998,2033,0,19010184,2048,2
829,3864433072004556,3864433072618970,19991048,sA-eth3,down,3864433072560319,netem,19804116,14078,0,0,0,0,0,19008998,2033,0,19010184,2048,2
830,3864433092002415,3864433092701708,19997859,sA-eth3,down,3864433092625028,netem,19804116,14078,0,0,0,0,0,19008998,2033,0,19010184,2048,2
831,3864433112003363,3864433112582906,20000948,sA-eth3,down,3864433112527966,netem,19804116,14078,0,0,0,0,0,19008998,2033,0,19010184,2048,2
832,3864433132001891,3864433132632345,19998528,sA-eth3,down,3864433132559724,netem,19804116,14078,0,0,0,0,0,19008998,2033,0,19010184,2048,2
833,3864433152001009,3864433152568673,19999118,sA-eth3,down,3864433152495302,netem,19804116,14078,0,0,0,0,0,19008998,2033,0,19010184,2048,2
834,3864433172013268,3864433172592621,20012259,sA-eth3,down,3864433172523591,netem,19804116,14078,0,0,0,0,0,19008998,2033,0,19010184,2048,2
835,3864433192001816,3864433192683470,19988548,sA-eth3,down,3864433192609430,netem,19804116,14078,0,0,0,0,0,19008998,2033,0,19010184,2048,2
836,3864433212008095,3864433212689568,20006279,sA-eth3,down,3864433212611278,netem,19804116,14078,0,0,0,0,0,19008998,2033,0,19010184,2048,2
837,3864433232015183,3864433232636286,20007088,sA-eth3,down,3864433232560346,netem,19804116,14078,0,0,0,0,0,19008998,2033,0,19010184,2048,2
838,3864433252005451,3864433252678825,19990268,sA-eth3,down,3864433252592054,netem,19804116,14078,0,0,0,0,0,19008998,2033,0,19010184,2048,2
839,3864433272014530,3864433272628063,20009079,sA-eth3,down,3864433272547452,netem,19804116,14078,0,0,0,0,0,19008998,2033,0,19010184,2048,2
840,3864433292006198,3864433292629431,19991668,sA-eth3,down,3864433292544901,netem,19804116,14078,0,0,0,0,0,19008998,2033,0,19010184,2048,2
841,3864433312013256,3864433312687450,20007058,sA-eth3,down,3864433312619379,netem,19804116,14078,0,0,0,0,0,19008998,2033,0,19010184,2048,2
842,3864433332003434,3864433332648888,19990178,sA-eth3,down,3864433332574118,netem,19804116,14078,0,0,0,0,0,19008998,2033,0,19010184,2048,2
843,3864433352004233,3864433352728057,20000799,sA-eth3,down,3864433352643276,netem,19804116,14078,0,0,0,0,0,19008998,2033,0,19010184,2048,2
844,3864433372013471,3864433372680665,20009238,sA-eth3,down,3864433372576554,netem,19804116,14078,0,0,0,0,0,19008998,2033,0,19010184,2048,2
845,3864433392017959,3864433392667713,20004488,sA-eth3,down,3864433392584573,netem,19804116,14078,0,0,0,0,0,19008998,2033,0,19010184,2048,2
846,3864433412003458,3864433412664521,19985499,sA-eth3,down,3864433412565881,netem,19804116,14078,0,0,0,0,0,19008998,2033,0,19010184,2048,2
847,3864433432013686,3864433432776160,20010228,sA-eth3,down,3864433432662400,netem,19804116,14078,0,0,0,0,0,19008998,2033,0,19010184,2048,2
848,3864433452029305,3864433452663938,20015619,sA-eth3,down,3864433452581338,netem,19804116,14078,0,0,0,0,0,19008998,2033,0,19010184,2048,2
849,3864433472005463,3864433472623186,19976158,sA-eth3,down,3864433472543846,netem,19804116,14078,0,0,0,0,0,19008998,2033,0,19010184,2048,2
850,3864433492014881,3864433492646375,20009418,sA-eth3,down,3864433492565234,netem,19804116,14078,0,0,0,0,0,19008998,2033,0,19010184,2048,2
851,3864433512003969,3864433512588852,19989088,sA-eth3,down,3864433512500452,netem,19804116,14078,0,0,0,0,0,19008998,2033,0,19010184,2048,2
852,3864433532013388,3864433532607831,20009419,sA-eth3,down,3864433532538951,netem,19804116,14078,0,0,0,0,0,19008998,2033,0,19010184,2048,2
853,3864433552015196,3864433552691990,20001808,sA-eth3,down,3864433552612229,netem,19804116,14078,0,0,0,0,0,19008998,2033,0,19010184,2048,2
854,3864433572004694,3864433572722268,19989498,sA-eth3,down,3864433572641298,netem,19804116,14078,0,0,0,0,0,19008998,2033,0,19010184,2048,2
855,3864433592004083,3864433592648506,19999389,sA-eth3,down,3864433592566676,netem,19804116,14078,0,0,0,0,0,19008998,2033,0,19010184,2048,2
856,3864433612003891,3864433612592814,19999808,sA-eth3,down,3864433612520294,netem,19804116,14078,0,0,0,0,0,19008998,2033,0,19010184,2048,2
857,3864433632003119,3864433632691643,19999228,sA-eth3,down,3864433632609813,netem,19804116,14078,0,0,0,0,0,19008998,2033,0,19010184,2048,2
858,3864433652005468,3864433652575651,20002349,sA-eth3,down,3864433652492910,netem,19804116,14078,0,0,0,0,0,19008998,2033,0,19010184,2048,2
859,3864433672013316,3864433672641109,20007848,sA-eth3,down,3864433672568359,netem,19804116,14078,0,0,0,0,0,19008998,2033,0,19010184,2048,2
860,3864433692014044,3864433692569027,20000728,sA-eth3,down,3864433692507737,netem,19804116,14078,0,0,0,0,0,19008998,2033,0,19010184,2048,2
861,3864433712002452,3864433712604156,19988408,sA-eth3,down,3864433712531035,netem,19804116,14078,0,0,0,0,0,19008998,2033,0,19010184,2048,2
862,3864433732018891,3864433732681045,20016439,sA-eth3,down,3864433732611724,netem,19804116,14078,0,0,0,0,0,19008998,2033,0,19010184,2048,2
863,3864433752012069,3864433752676043,19993178,sA-eth3,down,3864433752584042,netem,19804116,14078,0,0,0,0,0,19008998,2033,0,19010184,2048,2
864,3864433772015447,3864433772634951,20003378,sA-eth3,down,3864433772566110,netem,19804116,14078,0,0,0,0,0,19008998,2033,0,19010184,2048,2
865,3864433792014886,3864433792658859,19999439,sA-eth3,down,3864433792588919,netem,19804116,14078,0,0,0,0,0,19008998,2033,0,19010184,2048,2
866,3864433812002984,3864433812543967,19988098,sA-eth3,down,3864433812481957,netem,19804116,14078,0,0,0,0,0,19008998,2033,0,19010184,2048,2
867,3864433832014233,3864433832671566,20011249,sA-eth3,down,3864433832591676,netem,19804116,14078,0,0,0,0,0,19008998,2033,0,19010184,2048,2
868,3864433852006721,3864433852562924,19992488,sA-eth3,down,3864433852498853,netem,19804116,14078,0,0,0,0,0,19008998,2033,0,19010184,2048,2
869,3864433872006529,3864433872621412,19999808,sA-eth3,down,3864433872548062,netem,19804116,14078,0,0,0,0,0,19008998,2033,0,19010184,2048,2
870,3864433892005817,3864433892631991,19999288,sA-eth3,down,3864433892550500,netem,19804116,14078,0,0,0,0,0,19008998,2033,0,19010184,2048,2
871,3864433912015966,3864433912651969,20010149,sA-eth3,down,3864433912567889,netem,19804116,14078,0,0,0,0,0,19008998,2033,0,19010184,2048,2
872,3864433932014964,3864433932819738,19998998,sA-eth3,down,3864433932728808,netem,19804116,14078,0,0,0,0,0,19008998,2033,0,19010184,2048,2
873,3864433952006032,3864433952644866,19991068,sA-eth3,down,3864433952565935,netem,19804116,14078,0,0,0,0,0,19008998,2033,0,19010184,2048,2
874,3864433972002401,3864433972569924,19996369,sA-eth3,down,3864433972506653,netem,19804116,14078,0,0,0,0,0,19008998,2033,0,19010184,2048,2
875,3864433992002429,3864433992593052,20000028,sA-eth3,down,3864433992516232,netem,19804116,14078,0,0,0,0,0,19008998,2033,0,19010184,2048,2
876,3864434012005717,3864434012651911,20003288,sA-eth3,down,3864434012574490,netem,19804116,14078,0,0,0,0,0,19008998,2033,0,19010184,2048,2
877,3864434032015296,3864434032638839,20009579,sA-eth3,down,3864434032572779,netem,19804116,14078,0,0,0,0,0,19008998,2033,0,19010184,2048,2
878,3864434052002004,3864434052561377,19986708,sA-eth3,down,3864434052495347,netem,19804116,14078,0,0,0,0,0,19008998,2033,0,19010184,2048,2
879,3864434072010192,3864434072703536,20008188,sA-eth3,down,3864434072626296,netem,19804116,14078,0,0,0,0,0,19008998,2033,0,19010184,2048,2
880,3864434092014931,3864434092725104,20004739,sA-eth3,down,3864434092636304,netem,19804116,14078,0,0,0,0,0,19008998,2033,0,19010184,2048,2
881,3864434112014539,3864434112613192,19999608,sA-eth3,down,3864434112551072,netem,19804116,14078,0,0,0,0,0,19008998,2033,0,19010184,2048,2
882,3864434132002467,3864434132631491,19987928,sA-eth3,down,3864434132561600,netem,19804116,14078,0,0,0,0,0,19008998,2033,0,19010184,2048,2
883,3864434152004345,3864434152622289,20001878,sA-eth3,down,3864434152538248,netem,19804116,14078,0,0,0,0,0,19008998,2033,0,19010184,2048,2
884,3864434172003844,3864434172551177,19999499,sA-eth3,down,3864434172488566,netem,19804116,14078,0,0,0,0,0,19008998,2033,0,19010184,2048,2
885,3864434192004842,3864434192669806,20000998,sA-eth3,down,3864434192616195,netem,19804116,14078,0,0,0,0,0,19008998,2033,0,19010184,2048,2
886,3864434212003501,3864434212625254,19998659,sA-eth3,down,3864434212518143,netem,19804116,14078,0,0,0,0,0,19008998,2033,0,19010184,2048,2
887,3864434232013729,3864434232681482,20010228,sA-eth3,down,3864434232605122,netem,19804116,14078,0,0,0,0,0,19008998,2033,0,19010184,2048,2
888,3864434252004977,3864434252679291,19991248,sA-eth3,down,3864434252630581,netem,19804116,14078,0,0,0,0,0,19008998,2033,0,19010184,2048,2
889,3864434272005905,3864434272694279,20000928,sA-eth3,down,3864434272603179,netem,19804116,14078,0,0,0,0,0,19008998,2033,0,19010184,2048,2
890,3864434292013894,3864434292718418,20007989,sA-eth3,down,3864434292615617,netem,19804116,14078,0,0,0,0,0,19008998,2033,0,19010184,2048,2
891,3864434312014422,3864434312621025,20000528,sA-eth3,down,3864434312555505,netem,19804116,14078,0,0,0,0,0,19008998,2033,0,19010184,2048,2
892,3864434332005030,3864434332568223,19990608,sA-eth3,down,3864434332502173,netem,19804116,14078,0,0,0,0,0,19008998,2033,0,19010184,2048,2
893,3864434352009529,3864434352593242,20004499,sA-eth3,down,3864434352530022,netem,19804116,14078,0,0,0,0,0,19008998,2033,0,19010184,2048,2
894,3864434372001617,3864434372588540,19992088,sA-eth3,down,3864434372510060,netem,19804116,14078,0,0,0,0,0,19008998,2033,0,19010184,2048,2
895,3864434392004445,3864434392653369,20002828,sA-eth3,down,3864434392577178,netem,19804116,14078,0,0,0,0,0,19008998,2033,0,19010184,2048,2
896,3864434412002084,3864434412576317,19997639,sA-eth3,down,3864434412490786,netem,19804116,14078,0,0,0,0,0,19008998,2033,0,19010184,2048,2
897,3864434432002702,3864434432581715,20000618,sA-eth3,down,3864434432505875,netem,19804116,14078,0,0,0,0,0,19008998,2033,0,19010184,2048,2
898,3864434452005920,3864434452722114,20003218,sA-eth3,down,3864434452644334,netem,19804116,14078,0,0,0,0,0,19008998,2033,0,19010184,2048,2
899,3864434472003209,3864434472692612,19997289,sA-eth3,down,3864434472615592,netem,19804116,14078,0,0,0,0,0,19008998,2033,0,19010184,2048,2
900,3864434492005107,3864434492612210,20001898,sA-eth3,down,3864434492548460,netem,19804116,14078,0,0,0,0,0,19008998,2033,0,19010184,2048,2
901,3864434512002665,3864434512570188,19997558,sA-eth3,down,3864434512501498,netem,19804116,14078,0,0,0,0,0,19008998,2033,0,19010184,2048,2
902,3864434532003873,3864434532584077,20001208,sA-eth3,down,3864434532517966,netem,19804116,14078,0,0,0,0,0,19008998,2033,0,19010184,2048,2
903,3864434552002692,3864434552721076,19998819,sA-eth3,down,3864434552639535,netem,19804116,14078,0,0,0,0,0,19008998,2033,0,19010184,2048,2
904,3864434572003720,3864434572576633,20001028,sA-eth3,down,3864434572510173,netem,19804116,14078,0,0,0,0,0,19008998,2033,0,19010184,2048,2
905,3864434592002739,3864434592572132,19999019,sA-eth3,down,3864434592491711,netem,19804116,14078,0,0,0,0,0,19008998,2033,0,19010184,2048,2
906,3864434612013767,3864434612647820,20011028,sA-eth3,down,3864434612572360,netem,19804116,14078,0,0,0,0,0,19008998,2033,0,19010184,2048,2
907,3864434632017945,3864434632657239,20004178,sA-eth3,down,3864434632587228,netem,19804116,14078,0,0,0,0,0,19008998,2033,0,19010184,2048,2
908,3864434652002743,3864434652614927,19984798,sA-eth3,down,3864434652540846,netem,19804116,14078,0,0,0,0,0,19008998,2033,0,19010184,2048,2
909,3864434672006612,3864434672620355,20003869,sA-eth3,down,3864434672552265,netem,19804116,14078,0,0,0,0,0,19008998,2033,0,19010184,2048,2
910,3864434692002900,3864434692693074,19996288,sA-eth3,down,3864434692590763,netem,19804116,14078,0,0,0,0,0,19008998,2033,0,19010184,2048,2
911,3864434712014268,3864434712771273,20011368,sA-eth3,down,3864434712664792,netem,19804116,14078,0,0,0,0,0,19008998,2033,0,19010184,2048,2
912,3864434732004417,3864434732662850,19990149,sA-eth3,down,3864434732574090,netem,19804116,14078,0,0,0,0,0,19008998,2033,0,19010184,2048,2
913,3864434752015245,3864434752608208,20010828,sA-eth3,down,3864434752543598,netem,19804116,14078,0,0,0,0,0,19008998,2033,0,19010184,2048,2
914,3864434772002473,3864434772699477,19987228,sA-eth3,down,3864434772614357,netem,19804116,14078,0,0,0,0,0,19008998,2033,0,19010184,2048,2
915,3864434792014122,3864434792600175,20011649,sA-eth3,down,3864434792522425,netem,19804116,14078,0,0,0,0,0,19008998,2033,0,19010184,2048,2
916,3864434812016350,3864434812665754,20002228,sA-eth3,down,3864434812583913,netem,19804116,14078,0,0,0,0,0,19008998,2033,0,19010184,2048,2
917,3864434832009448,3864434832628502,19993098,sA-eth3,down,3864434832556071,netem,19804116,14078,0,0,0,0,0,19008998,2033,0,19010184,2048,2
918,3864434852009197,3864434852685030,19999749,sA-eth3,down,3864434852619940,netem,19804116,14078,0,0,0,0,0,19008998,2033,0,19010184,2048,2
919,3864434872004945,3864434872706089,19995748,sA-eth3,down,3864434872620608,netem,19804116,14078,0,0,0,0,0,19008998,2033,0,19010184,2048,2
920,3864434892014253,3864434892745687,20009308,sA-eth3,down,3864434892669387,netem,19804116,14078,0,0,0,0,0,19008998,2033,0,19010184,2048,2
921,3864434912004042,3864434912643185,19989789,sA-eth3,down,3864434912554065,netem,19804116,14078,0,0,0,0,0,19008998,2033,0,19010184,2048,2
922,3864434932004050,3864434932578003,20000008,sA-eth3,down,3864434932511883,netem,19804116,14078,0,0,0,0,0,19008998,2033,0,19010184,2048,2
923,3864434952002328,3864434952616231,19998278,sA-eth3,down,3864434952537871,netem,19804116,14078,0,0,0,0,0,19008998,2033,0,19010184,2048,2
924,3864434972002837,3864434972545530,20000509,sA-eth3,down,3864434972482659,netem,19804116,14078,0,0,0,0,0,19008998,2033,0,19010184,2048,2
925,3864434992007275,3864434992677849,20004438,sA-eth3,down,3864434992593848,netem,19804116,14078,0,0,0,0,0,19008998,2033,0,19010184,2048,2
926,3864435012012933,3864435012642217,20005658,sA-eth3,down,3864435012552786,netem,19804116,14078,0,0,0,0,0,19008998,2033,0,19010184,2048,2
927,3864435032013292,3864435032640195,20000359,sA-eth3,down,3864435032561565,netem,19804116,14078,0,0,0,0,0,19008998,2033,0,19010184,2048,2
928,3864435052004020,3864435052730904,19990728,sA-eth3,down,3864435052653143,netem,19804116,14078,0,0,0,0,0,19008998,2033,0,19010184,2048,2
929,3864435072012938,3864435072645282,20008918,sA-eth3,down,3864435072559121,netem,19804116,14078,0,0,0,0,0,19008998,2033,0,19010184,2048,2
930,3864435092015337,3864435092601280,20002399,sA-eth3,down,3864435092524819,netem,19804116,14078,0,0,0,0,0,19008998,2033,0,19010184,2048,2
931,3864435112001825,3864435112594708,19986488,sA-eth3,down,3864435112520338,netem,19804116,14078,0,0,0,0,0,19008998,2033,0,19010184,2048,2
932,3864435132005483,3864435132557256,20003658,sA-eth3,down,3864435132483456,netem,19804116,14078,0,0,0,0,0,19008998,2033,0,19010184,2048,2
933,3864435152042762,3864435152659645,20037279,sA-eth3,down,3864435152562755,netem,19804116,14078,0,0,0,0,0,19008998,2033,0,19010184,2048,2
934,3864435172016580,3864435172618283,19973818,sA-eth3,down,3864435172547923,netem,19804116,14078,0,0,0,0,0,19008998,2033,0,19010184,2048,2
935,3864435192005378,3864435192670412,19988798,sA-eth3,down,3864435192577161,netem,19804116,14078,0,0,0,0,0,19008998,2033,0,19010184,2048,2
936,3864435212013887,3864435212585370,20008509,sA-eth3,down,3864435212522719,netem,19804116,14078,0,0,0,0,0,19008998,2033,0,19010184,2048,2
937,3864435232001735,3864435232634078,19987848,sA-eth3,down,3864435232560488,netem,19804116,14078,0,0,0,0,0,19008998,2033,0,19010184,2048,2
938,3864435252002423,3864435252570876,20000688,sA-eth3,down,3864435252496546,netem,19804116,14078,0,0,0,0,0,19008998,2033,0,19010184,2048,2
939,3864435272007851,3864435272684605,20005428,sA-eth3,down,3864435272593965,netem,19804116,14078,0,0,0,0,0,19008998,2033,0,19010184,2048,2
940,3864435292014740,3864435292567173,20006889,sA-eth3,down,3864435292492882,netem,19804116,14078,0,0,0,0,0,19008998,2033,0,19010184,2048,2
941,3864435312004558,3864435312665682,19989818,sA-eth3,down,3864435312587561,netem,19804116,14078,0,0,0,0,0,19008998,2033,0,19010184,2048,2
942,3864435332019526,3864435332767110,20014968,sA-eth3,down,3864435332696480,netem,19804116,14078,0,0,0,0,0,19008998,2033,0,19010184,2048,2
943,3864435352002845,3864435352628888,19983319,sA-eth3,down,3864435352535347,netem,19804116,14078,0,0,0,0,0,19008998,2033,0,19010184,2048,2
944,3864435372004213,3864435372616256,20001368,sA-eth3,down,3864435372546976,netem,19804116,14078,0,0,0,0,0,19008998,2033,0,19010184,2048,2
945,3864435392013651,3864435392550424,20009438,sA-eth3,down,3864435392487464,netem,19804116,14078,0,0,0,0,0,19008998,2033,0,19010184,2048,2
946,3864435412002260,3864435412600463,19988609,sA-eth3,down,3864435412536722,netem,19804116,14078,0,0,0,0,0,19008998,2033,0,19010184,2048,2
947,3864435432002258,3864435432578501,19999998,sA-eth3,down,3864435432518381,netem,19804116,14078,0,0,0,0,0,19008998,2033,0,19010184,2048,2
948,3864435452001046,3864435452601880,19998788,sA-eth3,down,3864435452538729,netem,19804116,14078,0,0,0,0,0,19008998,2033,0,19010184,2048,2
949,3864435472004005,3864435472658218,20002959,sA-eth3,down,3864435472597488,netem,19804116,14078,0,0,0,0,0,19008998,2033,0,19010184,2048,2
950,3864435492010663,3864435492593666,20006658,sA-eth3,down,3864435492514516,netem,19804116,14078,0,0,0,0,0,19008998,2033,0,19010184,2048,2
951,3864435512007391,3864435512654055,19996728,sA-eth3,down,3864435512582184,netem,19804116,14078,0,0,0,0,0,19008998,2033,0,19010184,2048,2
952,3864435532001959,3864435532628203,19994568,sA-eth3,down,3864435532556373,netem,19804116,14078,0,0,0,0,0,19008998,2033,0,19010184,2048,2
953,3864435552002128,3864435552636741,20000169,sA-eth3,down,3864435552545271,netem,19804116,14078,0,0,0,0,0,19008998,2033,0,19010184,2048,2
954,3864435572004866,3864435572619599,20002738,sA-eth3,down,3864435572529599,netem,19804116,14078,0,0,0,0,0,19008998,2033,0,19010184,2048,2
955,3864435592004114,3864435592634368,19999248,sA-eth3,down,3864435592538947,netem,19804116,14078,0,0,0,0,0,19008998,2033,0,19010184,2048,2
956,3864435612004523,3864435612710737,20000409,sA-eth3,down,3864435612631406,netem,19804116,14078,0,0,0,0,0,19008998,2033,0,19010184,2048,2
957,3864435632002701,3864435632610514,19998178,sA-eth3,down,3864435632542494,netem,19804116,14078,0,0,0,0,0,19008998,2033,0,19010184,2048,2
958,3864435652002309,3864435652648473,19999608,sA-eth3,down,3864435652566562,netem,19804116,14078,0,0,0,0,0,19008998,2033,0,19010184,2048,2
959,3864435672002388,3864435672627631,20000079,sA-eth3,down,3864435672548261,netem,19804116,14078,0,0,0,0,0,19008998,2033,0,19010184,2048,2
960,3864435692006166,3864435692720180,20003778,sA-eth3,down,3864435692648100,netem,19804116,14078,0,0,0,0,0,19008998,2033,0,19010184,2048,2
961,3864435712016254,3864435712649638,20010088,sA-eth3,down,3864435712571387,netem,19804116,14078,0,0,0,0,0,19008998,2033,0,19010184,2048,2
962,3864435732002753,3864435732698836,19986499,sA-eth3,down,3864435732624606,netem,19804116,14078,0,0,0,0,0,19008998,2033,0,19010184,2048,2
963,3864435752015031,3864435752642204,20012278,sA-eth3,down,3864435752561414,netem,19804116,14078,0,0,0,0,0,19008998,2033,0,19010184,2048,2
964,3864435772003959,3864435772621683,19988928,sA-eth3,down,3864435772539152,netem,19804116,14078,0,0,0,0,0,19008998,2033,0,19010184,2048,2
965,3864435792004858,3864435792659351,20000899,sA-eth3,down,3864435792580051,netem,19804116,14078,0,0,0,0,0,19008998,2033,0,19010184,2048,2
966,3864435812012526,3864435812672250,20007668,sA-eth3,down,3864435812605189,netem,19804116,14078,0,0,0,0,0,19008998,2033,0,19010184,2048,2
967,3864435832004224,3864435832595698,19991698,sA-eth3,down,3864435832521477,netem,19804116,14078,0,0,0,0,0,19008998,2033,0,19010184,2048,2
968,3864435852015573,3864435852628856,20011349,sA-eth3,down,3864435852542655,netem,19804116,14078,0,0,0,0,0,19008998,2033,0,19010184,2048,2
969,3864435872006691,3864435872687625,19991118,sA-eth3,down,3864435872597514,netem,19804116,14078,0,0,0,0,0,19008998,2033,0,19010184,2048,2
970,3864435892013199,3864435892648213,20006508,sA-eth3,down,3864435892579042,netem,19804116,14078,0,0,0,0,0,19008998,2033,0,19010184,2048,2
971,3864435912002167,3864435912641011,19988968,sA-eth3,down,3864435912563260,netem,19804116,14078,0,0,0,0,0,19008998,2033,0,19010184,2048,2
972,3864435932003966,3864435932634669,20001799,sA-eth3,down,3864435932549499,netem,19804116,14078,0,0,0,0,0,19008998,2033,0,19010184,2048,2
973,3864435952014614,3864435952666868,20010648,sA-eth3,down,3864435952594197,netem,19804116,14078,0,0,0,0,0,19008998,2033,0,19010184,2048,2
974,3864435972003392,3864435972615056,19988778,sA-eth3,down,3864435972524645,netem,19804116,14078,0,0,0,0,0,19008998,2033,0,19010184,2048,2
975,3864435992005391,3864435992624024,20001999,sA-eth3,down,3864435992551074,netem,19804116,14078,0,0,0,0,0,19008998,2033,0,19010184,2048,2
976,3864436012001539,3864436012616203,19996148,sA-eth3,down,3864436012548962,netem,19804116,14078,0,0,0,0,0,19008998,2033,0,19010184,2048,2
977,3864436032004518,3864436032680941,20002979,sA-eth3,down,3864436032596391,netem,19804116,14078,0,0,0,0,0,19008998,2033,0,19010184,2048,2
978,3864436052016916,3864436052803120,20012398,sA-eth3,down,3864436052729180,netem,19804116,14078,0,0,0,0,0,19008998,2033,0,19010184,2048,2
979,3864436072015874,3864436072727748,19998958,sA-eth3,down,3864436072625218,netem,19804116,14078,0,0,0,0,0,19008998,2033,0,19010184,2048,2
980,3864436092014652,3864436092612386,19998778,sA-eth3,down,3864436092546245,netem,19804116,14078,0,0,0,0,0,19008998,2033,0,19010184,2048,2
981,3864436112002841,3864436112680654,19988189,sA-eth3,down,3864436112611034,netem,19804116,14078,0,0,0,0,0,19008998,2033,0,19010184,2048,2
982,3864436132004919,3864436132693213,20002078,sA-eth3,down,3864436132616362,netem,19804116,14078,0,0,0,0,0,19008998,2033,0,19010184,2048,2
983,3864436152009957,3864436152625191,20005038,sA-eth3,down,3864436152552830,netem,19804116,14078,0,0,0,0,0,19008998,2033,0,19010184,2048,2
984,3864436172013936,3864436172633519,20003979,sA-eth3,down,3864436172556979,netem,19804116,14078,0,0,0,0,0,19008998,2033,0,19010184,2048,2
985,3864436192014264,3864436192646747,20000328,sA-eth3,down,3864436192563467,netem,19804116,14078,0,0,0,0,0,19008998,2033,0,19010184,2048,2
986,3864436212013812,3864436212575065,19999548,sA-eth3,down,3864436212510075,netem,19804116,14078,0,0,0,0,0,19008998,2033,0,19010184,2048,2
987,3864436232015791,3864436232721265,20001979,sA-eth3,down,3864436232631574,netem,19804116,14078,0,0,0,0,0,19008998,2033,0,19010184,2048,2
988,3864436252015209,3864436252685003,19999418,sA-eth3,down,3864436252590792,netem,19804116,14078,0,0,0,0,0,19008998,2033,0,19010184,2048,2
989,3864436272014817,3864436272713501,19999608,sA-eth3,down,3864436272638001,netem,19804116,14078,0,0,0,0,0,19008998,2033,0,19010184,2048,2
990,3864436292014026,3864436292644419,19999209,sA-eth3,down,3864436292579829,netem,19804116,14078,0,0,0,0,0,19008998,2033,0,19010184,2048,2
991,3864436312006694,3864436312616257,19992668,sA-eth3,down,3864436312547517,netem,19804116,14078,0,0,0,0,0,19008998,2033,0,19010184,2048,2
992,3864436332003272,3864436332647796,19996578,sA-eth3,down,3864436332580105,netem,19804116,14078,0,0,0,0,0,19008998,2033,0,19010184,2048,2
993,3864436352003130,3864436352586234,19999858,sA-eth3,down,3864436352519253,netem,19804116,14078,0,0,0,0,0,19008998,2033,0,19010184,2048,2
994,3864436372005159,3864436372567392,20002029,sA-eth3,down,3864436372502352,netem,19804116,14078,0,0,0,0,0,19008998,2033,0,19010184,2048,2
995,3864436392003167,3864436392584000,19998008,sA-eth3,down,3864436392504730,netem,19804116,14078,0,0,0,0,0,19008998,2033,0,19010184,2048,2
996,3864436412007286,3864436412730149,20004119,sA-eth3,down,3864436412652499,netem,19804116,14078,0,0,0,0,0,19008998,2033,0,19010184,2048,2
997,3864436432014514,3864436432615597,20007228,sA-eth3,down,3864436432546737,netem,19804116,14078,0,0,0,0,0,19008998,2033,0,19010184,2048,2
998,3864436452002402,3864436452672086,19987888,sA-eth3,down,3864436452589235,netem,19804116,14078,0,0,0,0,0,19008998,2033,0,19010184,2048,2
999,3864436472003440,3864436472656864,20001038,sA-eth3,down,3864436472594304,netem,19804116,14078,0,0,0,0,0,19008998,2033,0,19010184,2048,2
1000,3864436492003429,3864436492604842,19999989,sA-eth3,down,3864436492540962,netem,19804116,14078,0,0,0,0,0,19008998,2033,0,19010184,2048,2
1001,3864436512001487,3864436512598930,19998058,sA-eth3,down,3864436512536470,netem,19804116,14078,0,0,0,0,0,19008998,2033,0,19010184,2048,2
1002,3864436532001905,3864436532598329,20000418,sA-eth3,down,3864436532540838,netem,19804116,14078,0,0,0,0,0,19008998,2033,0,19010184,2048,2
1003,3864436552001674,3864436552556547,19999769,sA-eth3,down,3864436552496996,netem,19804116,14078,0,0,0,0,0,19008998,2033,0,19010184,2048,2
1004,3864436572001842,3864436572547825,20000168,sA-eth3,down,3864436572491505,netem,19804116,14078,0,0,0,0,0,19008998,2033,0,19010184,2048,2
1005,3864436592004470,3864436592622814,20002628,sA-eth3,down,3864436592548173,netem,19804116,14078,0,0,0,0,0,19008998,2033,0,19010184,2048,2
1006,3864436612002609,3864436612710923,19998139,sA-eth3,down,3864436612639072,netem,19804116,14078,0,0,0,0,0,19008998,2033,0,19010184,2048,2
1007,3864436632003547,3864436632658161,20000938,sA-eth3,down,3864436632579790,netem,19804116,14078,0,0,0,0,0,19008998,2033,0,19010184,2048,2
1008,3864436652016305,3864436652636409,20012758,sA-eth3,down,3864436652558298,netem,19804116,14078,0,0,0,0,0,19008998,2033,0,19010184,2048,2
1009,3864436672003714,3864436672601787,19987409,sA-eth3,down,3864436672521646,netem,19804116,14078,0,0,0,0,0,19008998,2033,0,19010184,2048,2
1010,3864436692004172,3864436692648675,20000458,sA-eth3,down,3864436692567105,netem,19804116,14078,0,0,0,0,0,19008998,2033,0,19010184,2048,2
1011,3864436712004160,3864436712587053,19999988,sA-eth3,down,3864436712505913,netem,19804116,14078,0,0,0,0,0,19008998,2033,0,19010184,2048,2
1012,3864436732003639,3864436732608452,19999479,sA-eth3,down,3864436732535942,netem,19804116,14078,0,0,0,0,0,19008998,2033,0,19010184,2048,2
1013,3864436752012037,3864436752561210,20008398,sA-eth3,down,3864436752495310,netem,19804116,14078,0,0,0,0,0,19008998,2033,0,19010184,2048,2
1014,3864436772004005,3864436772646139,19991968,sA-eth3,down,3864436772568988,netem,19804116,14078,0,0,0,0,0,19008998,2033,0,19010184,2048,2
1015,3864436792014744,3864436792618027,20010739,sA-eth3,down,3864436792549167,netem,19804116,14078,0,0,0,0,0,19008998,2033,0,19010184,2048,2
1016,3864436812001802,3864436812601975,19987058,sA-eth3,down,3864436812533095,netem,19804116,14078,0,0,0,0,0,19008998,2033,0,19010184,2048,2
1017,3864436832019330,3864436832605803,20017528,sA-eth3,down,3864436832525513,netem,19804116,14078,0,0,0,0,0,19008998,2033,0,19010184,2048,2
1018,3864436852004849,3864436852724932,19985519,sA-eth3,down,3864436852627992,netem,19804116,14078,0,0,0,0,0,19008998,2033,0,19010184,2048,2
1019,3864436872015537,3864436872646700,20010688,sA-eth3,down,3864436872570140,netem,19804116,14078,0,0,0,0,0,19008998,2033,0,19010184,2048,2
1020,3864436892015215,3864436892682299,19999678,sA-eth3,down,3864436892596598,netem,19804116,14078,0,0,0,0,0,19008998,2033,0,19010184,2048,2
1021,3864436912002243,3864436912566566,19987028,sA-eth3,down,3864436912497506,netem,19804116,14078,0,0,0,0,0,19008998,2033,0,19010184,2048,2
1022,3864436932005222,3864436932628965,20002979,sA-eth3,down,3864436932551995,netem,19804116,14078,0,0,0,0,0,19008998,2033,0,19010184,2048,2
1023,3864436952004070,3864436952702354,19998848,sA-eth3,down,3864436952625803,netem,19804116,14078,0,0,0,0,0,19008998,2033,0,19010184,2048,2
1024,3864436972002878,3864436972673722,19998808,sA-eth3,down,3864436972590532,netem,19804116,14078,0,0,0,0,0,19008998,2033,0,19010184,2048,2
1025,3864436992004917,3864436992672430,20002039,sA-eth3,down,3864436992605380,netem,19804116,14078,0,0,0,0,0,19008998,2033,0,19010184,2048,2
1026,3864437012004735,3864437012603858,19999818,sA-eth3,down,3864437012520838,netem,19804116,14078,0,0,0,0,0,19008998,2033,0,19010184,2048,2
1027,3864437032003853,3864437032641537,19999118,sA-eth3,down,3864437032560996,netem,19804116,14078,0,0,0,0,0,19008998,2033,0,19010184,2048,2
1028,3864437052014032,3864437052624775,20010179,sA-eth3,down,3864437052540215,netem,19804116,14078,0,0,0,0,0,19008998,2033,0,19010184,2048,2
1029,3864437072004600,3864437072569523,19990568,sA-eth3,down,3864437072507793,netem,19804116,14078,0,0,0,0,0,19008998,2033,0,19010184,2048,2
1030,3864437092004348,3864437092618652,19999748,sA-eth3,down,3864437092535281,netem,19804116,14078,0,0,0,0,0,19008998,2033,0,19010184,2048,2
1031,3864437112019417,3864437112606830,20015069,sA-eth3,down,3864437112534430,netem,19804116,14078,0,0,0,0,0,19008998,2033,0,19010184,2048,2
1032,3864437132003155,3864437132737409,19983738,sA-eth3,down,3864437132663449,netem,19804116,14078,0,0,0,0,0,19008998,2033,0,19010184,2048,2
1033,3864437152014003,3864437152635297,20010848,sA-eth3,down,3864437152555016,netem,19804116,14078,0,0,0,0,0,19008998,2033,0,19010184,2048,2
1034,3864437172004662,3864437172673285,19990659,sA-eth3,down,3864437172591195,netem,19804116,14078,0,0,0,0,0,19008998,2033,0,19010184,2048,2
1035,3864437192004300,3864437192599983,19999638,sA-eth3,down,3864437192531753,netem,19804116,14078,0,0,0,0,0,19008998,2033,0,19010184,2048,2
1036,3864437212003248,3864437212580631,19998948,sA-eth3,down,3864437212518781,netem,19804116,14078,0,0,0,0,0,19008998,2033,0,19010184,2048,2
1037,3864437232003907,3864437232576160,20000659,sA-eth3,down,3864437232510009,netem,19804116,14078,0,0,0,0,0,19008998,2033,0,19010184,2048,2
1038,3864437252005045,3864437252639428,20001138,sA-eth3,down,3864437252579408,netem,19804116,14078,0,0,0,0,0,19008998,2033,0,19010184,2048,2
1039,3864437272002743,3864437272612307,19997698,sA-eth3,down,3864437272549796,netem,19804116,14078,0,0,0,0,0,19008998,2033,0,19010184,2048,2
1040,3864437292006412,3864437292730775,20003669,sA-eth3,down,3864437292643205,netem,19804116,14078,0,0,0,0,0,19008998,2033,0,19010184,2048,2
1041,3864437312014290,3864437312672573,20007878,sA-eth3,down,3864437312591373,netem,19804116,14078,0,0,0,0,0,19008998,2033,0,19010184,2048,2
1042,3864437332004938,3864437332639652,19990648,sA-eth3,down,3864437332574311,netem,19804116,14078,0,0,0,0,0,19008998,2033,0,19010184,2048,2
1043,3864437352005986,3864437352620720,20001048,sA-eth3,down,3864437352550719,netem,19804116,14078,0,0,0,0,0,19008998,2033,0,19010184,2048,2
1044,3864437372003015,3864437372612908,19997029,sA-eth3,down,3864437372548868,netem,19804116,14078,0,0,0,0,0,19008998,2033,0,19010184,2048,2
1045,3864437392002143,3864437392574186,19999128,sA-eth3,down,3864437392493556,netem,19804116,14078,0,0,0,0,0,19008998,2033,0,19010184,2048,2
1046,3864437412015102,3864437412616705,20012959,sA-eth3,down,3864437412531274,netem,19804116,14078,0,0,0,0,0,19008998,2033,0,19010184,2048,2
1047,3864437432005580,3864437432596923,19990478,sA-eth3,down,3864437432531003,netem,19804116,14078,0,0,0,0,0,19008998,2033,0,19010184,2048,2
1048,3864437452003338,3864437452615891,19997758,sA-eth3,down,3864437452555331,netem,19804116,14078,0,0,0,0,0,19008998,2033,0,19010184,2048,2
1049,3864437472007796,3864437472762890,20004458,sA-eth3,down,3864437472656880,netem,19804116,14078,0,0,0,0,0,19008998,2033,0,19010184,2048,2
1050,3864437492004905,3864437492754199,19997109,sA-eth3,down,3864437492649178,netem,19804116,14078,0,0,0,0,0,19008998,2033,0,19010184,2048,2
1051,3864437512007883,3864437512714027,20002978,sA-eth3,down,3864437512628476,netem,19804116,14078,0,0,0,0,0,19008998,2033,0,19010184,2048,2
1052,3864437532006681,3864437532666595,19998798,sA-eth3,down,3864437532584394,netem,19804116,14078,0,0,0,0,0,19008998,2033,0,19010184,2048,2
1053,3864437552002070,3864437552624693,19995389,sA-eth3,down,3864437552561013,netem,19804116,14078,0,0,0,0,0,19008998,2033,0,19010184,2048,2
1054,3864437572003588,3864437572644391,20001518,sA-eth3,down,3864437572562341,netem,19804116,14078,0,0,0,0,0,19008998,2033,0,19010184,2048,2
1055,3864437592016346,3864437592757390,20012758,sA-eth3,down,3864437592685300,netem,19804116,14078,0,0,0,0,0,19008998,2033,0,19010184,2048,2
1056,3864437612003205,3864437612620908,19986859,sA-eth3,down,3864437612548718,netem,19804116,14078,0,0,0,0,0,19008998,2033,0,19010184,2048,2
1057,3864437632004073,3864437632678186,20000868,sA-eth3,down,3864437632597186,netem,19804116,14078,0,0,0,0,0,19008998,2033,0,19010184,2048,2
1058,3864437652007101,3864437652816986,20003028,sA-eth3,down,3864437652736095,netem,19804116,14078,0,0,0,0,0,19008998,2033,0,19010184,2048,2
1059,3864437672002580,3864437672674673,19995479,sA-eth3,down,3864437672595433,netem,19804116,14078,0,0,0,0,0,19008998,2033,0,19010184,2048,2
1060,3864437692014218,3864437692652521,20011638,sA-eth3,down,3864437692560531,netem,19804116,14078,0,0,0,0,0,19008998,2033,0,19010184,2048,2
1061,3864437712004276,3864437712588529,19990058,sA-eth3,down,3864437712519229,netem,19804116,14078,0,0,0,0,0,19008998,2033,0,19010184,2048,2
1062,3864437732004334,3864437732717268,20000058,sA-eth3,down,3864437732634948,netem,19804116,14078,0,0,0,0,0,19008998,2033,0,19010184,2048,2
1063,3864437752013023,3864437752589536,20008689,sA-eth3,down,3864437752508176,netem,19804116,14078,0,0,0,0,0,19008998,2033,0,19010184,2048,2
1064,3864437772004131,3864437772718325,19991108,sA-eth3,down,3864437772656925,netem,19804116,14078,0,0,0,0,0,19008998,2033,0,19010184,2048,2
1065,3864437792004219,3864437792590863,20000088,sA-eth3,down,3864437792523062,netem,19804116,14078,0,0,0,0,0,19008998,2033,0,19010184,2048,2
1066,3864437812005158,3864437812605221,20000939,sA-eth3,down,3864437812528121,netem,19804116,14078,0,0,0,0,0,19008998,2033,0,19010184,2048,2
1067,3864437832003906,3864437832729560,19998748,sA-eth3,down,3864437832643390,netem,19804116,14078,0,0,0,0,0,19008998,2033,0,19010184,2048,2
1068,3864437852013695,3864437852690438,20009789,sA-eth3,down,3864437852585938,netem,19804116,14078,0,0,0,0,0,19008998,2033,0,19010184,2048,2
1069,3864437872014153,3864437872639586,20000458,sA-eth3,down,3864437872568386,netem,19804116,14078,0,0,0,0,0,19008998,2033,0,19010184,2048,2
1070,3864437892004191,3864437892701005,19990038,sA-eth3,down,3864437892634145,netem,19804116,14078,0,0,0,0,0,19008998,2033,0,19010184,2048,2
1071,3864437912004229,3864437912624963,20000038,sA-eth3,down,3864437912559082,netem,19804116,14078,0,0,0,0,0,19008998,2033,0,19010184,2048,2
1072,3864437932004368,3864437932645581,20000139,sA-eth3,down,3864437932567141,netem,19804116,14078,0,0,0,0,0,19008998,2033,0,19010184,2048,2
1073,3864437952013956,3864437952632789,20009588,sA-eth3,down,3864437952580509,netem,19804116,14078,0,0,0,0,0,19008998,2033,0,19010184,2048,2
1074,3864437972000144,3864437972868849,19986188,sA-eth3,down,3864437972770759,netem,19804116,14078,0,0,0,0,0,19008998,2033,0,19010184,2048,2
1075,3864437992013673,3864437992715847,20013529,sA-eth3,down,3864437992639976,netem,19804116,14078,0,0,0,0,0,19008998,2033,0,19010184,2048,2
1076,3864438012004121,3864438012809725,19990448,sA-eth3,down,3864438012720245,netem,19804116,14078,0,0,0,0,0,19008998,2033,0,19010184,2048,2
1077,3864438032015509,3864438032667583,20011388,sA-eth3,down,3864438032591463,netem,19804116,14078,0,0,0,0,0,19008998,2033,0,19010184,2048,2
1078,3864438052002058,3864438052647831,19986549,sA-eth3,down,3864438052585591,netem,19804116,14078,0,0,0,0,0,19008998,2033,0,19010184,2048,2
1079,3864438072003306,3864438072723130,20001248,sA-eth3,down,3864438072648649,netem,19804116,14078,0,0,0,0,0,19008998,2033,0,19010184,2048,2
1080,3864438092013814,3864438092615898,20010508,sA-eth3,down,3864438092544227,netem,19804116,14078,0,0,0,0,0,19008998,2033,0,19010184,2048,2
1081,3864438112003463,3864438112621826,19989649,sA-eth3,down,3864438112533385,netem,19804116,14078,0,0,0,0,0,19008998,2033,0,19010184,2048,2
1082,3864438132003761,3864438132638904,20000298,sA-eth3,down,3864438132569114,netem,19804116,14078,0,0,0,0,0,19008998,2033,0,19010184,2048,2
1083,3864438152003599,3864438152547512,19999838,sA-eth3,down,3864438152483892,netem,19804116,14078,0,0,0,0,0,19008998,2033,0,19010184,2048,2
1084,3864438172002357,3864438172581651,19998758,sA-eth3,down,3864438172527350,netem,19804116,14078,0,0,0,0,0,19008998,2033,0,19010184,2048,2
1085,3864438192002456,3864438192698250,20000099,sA-eth3,down,3864438192625029,netem,19804116,14078,0,0,0,0,0,19008998,2033,0,19010184,2048,2
1086,3864438212004194,3864438212639538,20001738,sA-eth3,down,3864438212556797,netem,19804116,14078,0,0,0,0,0,19008998,2033,0,19010184,2048,2
1087,3864438232005013,3864438232673866,20000819,sA-eth3,down,3864438232609496,netem,19804116,14078,0,0,0,0,0,19008998,2033,0,19010184,2048,2
1088,3864438252014541,3864438252563684,20009528,sA-eth3,down,3864438252508023,netem,19804116,14078,0,0,0,0,0,19008998,2033,0,19010184,2048,2
1089,3864438272004369,3864438272672903,19989828,sA-eth3,down,3864438272602932,netem,19804116,14078,0,0,0,0,0,19008998,2033,0,19010184,2048,2
1090,3864438292003247,3864438292654871,19998878,sA-eth3,down,3864438292579901,netem,19804116,14078,0,0,0,0,0,19008998,2033,0,19010184,2048,2
1091,3864438312004316,3864438312638919,20001069,sA-eth3,down,3864438312573339,netem,19804116,14078,0,0,0,0,0,19008998,2033,0,19010184,2048,2
1092,3864438332002504,3864438332602737,19998188,sA-eth3,down,3864438332540227,netem,19804116,14078,0,0,0,0,0,19008998,2033,0,19010184,2048,2
1093,3864438352014152,3864438352733996,20011648,sA-eth3,down,3864438352651756,netem,19804116,14078,0,0,0,0,0,19008998,2033,0,19010184,2048,2
1094,3864438372004531,3864438372689294,19990379,sA-eth3,down,3864438372615584,netem,19804116,14078,0,0,0,0,0,19008998,2033,0,19010184,2048,2
1095,3864438392007979,3864438392684593,20003448,sA-eth3,down,3864438392584732,netem,19804116,14078,0,0,0,0,0,19008998,2033,0,19010184,2048,2
1096,3864438412015197,3864438412607081,20007218,sA-eth3,down,3864438412542510,netem,19804116,14078,0,0,0,0,0,19008998,2033,0,19010184,2048,2
1097,3864438432002526,3864438432580019,19987329,sA-eth3,down,3864438432514668,netem,19804116,14078,0,0,0,0,0,19008998,2033,0,19010184,2048,2
1098,3864438452004244,3864438452649918,20001718,sA-eth3,down,3864438452587057,netem,19804116,14078,0,0,0,0,0,19008998,2033,0,19010184,2048,2
1099,3864438472004352,3864438472612386,20000108,sA-eth3,down,3864438472546115,netem,19804116,14078,0,0,0,0,0,19008998,2033,0,19010184,2048,2
1100,3864438492004561,3864438492602584,20000209,sA-eth3,down,3864438492542953,netem,19804116,14078,0,0,0,0,0,19008998,2033,0,19010184,2048,2
1101,3864438512004299,3864438512660043,19999738,sA-eth3,down,3864438512589142,netem,19804116,14078,0,0,0,0,0,19008998,2033,0,19010184,2048,2
1102,3864438532002247,3864438532706191,19997948,sA-eth3,down,3864438532629281,netem,19804116,14078,0,0,0,0,0,19008998,2033,0,19010184,2048,2
1103,3864438552003635,3864438552728830,20001388,sA-eth3,down,3864438552647939,netem,19804116,14078,0,0,0,0,0,19008998,2033,0,19010184,2048,2
1104,3864438572006054,3864438572720438,20002419,sA-eth3,down,3864438572622227,netem,19804116,14078,0,0,0,0,0,19008998,2033,0,19010184,2048,2
1105,3864438592013952,3864438592654606,20007898,sA-eth3,down,3864438592565405,netem,19804116,14078,0,0,0,0,0,19008998,2033,0,19010184,2048,2
1106,3864438612004501,3864438612595214,19990549,sA-eth3,down,3864438612512993,netem,19804116,14078,0,0,0,0,0,19008998,2033,0,19010184,2048,2
1107,3864438632005619,3864438632617692,20001118,sA-eth3,down,3864438632534972,netem,19804116,14078,0,0,0,0,0,19008998,2033,0,19010184,2048,2
1108,3864438652004477,3864438652629501,19998858,sA-eth3,down,3864438652545830,netem,19804116,14078,0,0,0,0,0,19008998,2033,0,19010184,2048,2
1109,3864438672014916,3864438672564249,20010439,sA-eth3,down,3864438672504978,netem,19804116,14078,0,0,0,0,0,19008998,2033,0,19010184,2048,2
1110,3864438692003524,3864438692639117,19988608,sA-eth3,down,3864438692571807,netem,19804116,14078,0,0,0,0,0,19008998,2033,0,19010184,2048,2
1111,3864438712002582,3864438712682256,19999058,sA-eth3,down,3864438712538255,netem,19804116,14078,0,0,0,0,0,19008998,2033,0,19010184,2048,2
1112,3864438732004250,3864438732780035,20001668,sA-eth3,down,3864438732689784,netem,19804116,14078,0,0,0,0,0,19008998,2033,0,19010184,2048,2
1113,3864438752004129,3864438752710163,19999879,sA-eth3,down,3864438752628192,netem,19804116,14078,0,0,0,0,0,19008998,2033,0,19010184,2048,2
1114,3864438772013757,3864438772670771,20009628,sA-eth3,down,3864438772582540,netem,19804116,14078,0,0,0,0,0,19008998,2033,0,19010184,2048,2
1115,3864438792013915,3864438792608279,20000158,sA-eth3,down,3864438792529058,netem,19804116,14078,0,0,0,0,0,19008998,2033,0,19010184,2048,2
1116,3864438812001614,3864438812770148,19987699,sA-eth3,down,3864438812692907,netem,19804116,14078,0,0,0,0,0,19008998,2033,0,19010184,2048,2
1117,3864438832015502,3864438832745066,20013888,sA-eth3,down,3864438832643196,netem,19804116,14078,0,0,0,0,0,19008998,2033,0,19010184,2048,2
1118,3864438852006220,3864438852634204,19990718,sA-eth3,down,3864438852544513,netem,19804116,14078,0,0,0,0,0,19008998,2033,0,19010184,2048,2
1119,3864438872014459,3864438872578532,20008239,sA-eth3,down,3864438872521921,netem,19804116,14078,0,0,0,0,0,19008998,2033,0,19010184,2048,2
1120,3864438892022957,3864438892751121,20008498,sA-eth3,down,3864438892670651,netem,19804116,14078,0,0,0,0,0,19008998,2033,0,19010184,2048,2
1121,3864438912014425,3864438912636389,19991468,sA-eth3,down,3864438912559268,netem,19804116,14078,0,0,0,0,0,19008998,2033,0,19010184,2048,2
1122,3864438932005404,3864438932762918,19990979,sA-eth3,down,3864438932649787,netem,19804116,14078,0,0,0,0,0,19008998,2033,0,19010184,2048,2
1123,3864438952012902,3864438952666776,20007498,sA-eth3,down,3864438952581185,netem,19804116,14078,0,0,0,0,0,19008998,2033,0,19010184,2048,2
1124,3864438972004630,3864438972646964,19991728,sA-eth3,down,3864438972563623,netem,19804116,14078,0,0,0,0,0,19008998,2033,0,19010184,2048,2
1125,3864438992004389,3864438992552882,19999759,sA-eth3,down,3864438992501911,netem,19804116,14078,0,0,0,0,0,19008998,2033,0,19010184,2048,2
1126,3864439012001777,3864439012641090,19997388,sA-eth3,down,3864439012557130,netem,19804116,14078,0,0,0,0,0,19008998,2033,0,19010184,2048,2
1127,3864439032005125,3864439032655619,20003348,sA-eth3,down,3864439032592878,netem,19804116,14078,0,0,0,0,0,19008998,2033,0,19010184,2048,2
1128,3864439052002664,3864439052718217,19997539,sA-eth3,down,3864439052654707,netem,19804116,14078,0,0,0,0,0,19008998,2033,0,19010184,2048,2
1129,3864439072005392,3864439072699186,20002728,sA-eth3,down,3864439072613295,netem,19804116,14078,0,0,0,0,0,19008998,2033,0,19010184,2048,2
1130,3864439092015610,3864439092634084,20010218,sA-eth3,down,3864439092553863,netem,19804116,14078,0,0,0,0,0,19008998,2033,0,19010184,2048,2
1131,3864439112005118,3864439112723332,19989508,sA-eth3,down,3864439112656562,netem,19804116,14078,0,0,0,0,0,19008998,2033,0,19010184,2048,2
1132,3864439132003967,3864439132639850,19998849,sA-eth3,down,3864439132557990,netem,19804116,14078,0,0,0,0,0,19008998,2033,0,19010184,2048,2
1133,3864439152016055,3864439152570638,20012088,sA-eth3,down,3864439152505448,netem,19804116,14078,0,0,0,0,0,19008998,2033,0,19010184,2048,2
1134,3864439172002743,3864439172627937,19986688,sA-eth3,down,3864439172553036,netem,19804116,14078,0,0,0,0,0,19008998,2033,0,19010184,2048,2
1135,3864439192004202,3864439192602015,20001459,sA-eth3,down,3864439192537805,netem,19804116,14078,0,0,0,0,0,19008998,2033,0,19010184,2048,2
1136,3864439212003280,3864439212579913,19999078,sA-eth3,down,3864439212513153,netem,19804116,14078,0,0,0,0,0,19008998,2033,0,19010184,2048,2
1137,3864439232005278,3864439232585492,20001998,sA-eth3,down,3864439232522361,netem,19804116,14078,0,0,0,0,0,19008998,2033,0,19010184,2048,2
1138,3864439252006937,3864439252659420,20001659,sA-eth3,down,3864439252580950,netem,19804116,14078,0,0,0,0,0,19008998,2033,0,19010184,2048,2
1139,3864439272004125,3864439272666779,19997188,sA-eth3,down,3864439272583328,netem,19804116,14078,0,0,0,0,0,19008998,2033,0,19010184,2048,2
1140,3864439292012943,3864439292602957,20008818,sA-eth3,down,3864439292530576,netem,19804116,14078,0,0,0,0,0,19008998,2033,0,19010184,2048,2
1141,3864439312014812,3864439312661405,20001869,sA-eth3,down,3864439312580425,netem,19804116,14078,0,0,0,0,0,19008998,2033,0,19010184,2048,2
1142,3864439332012380,3864439332608143,19997568,sA-eth3,down,3864439332538953,netem,19804116,14078,0,0,0,0,0,19008998,2033,0,19010184,2048,2
1143,3864439352007398,3864439352657392,19995018,sA-eth3,down,3864439352577691,netem,19804116,14078,0,0,0,0,0,19008998,2033,0,19010184,2048,2
1144,3864439372001897,3864439372576940,19994499,sA-eth3,down,3864439372508389,netem,19804116,14078,0,0,0,0,0,19008998,2033,0,19010184,2048,2
1145,3864439392004265,3864439392584788,20002368,sA-eth3,down,3864439392516058,netem,19804116,14078,0,0,0,0,0,19008998,2033,0,19010184,2048,2
1146,3864439412001593,3864439412676487,19997328,sA-eth3,down,3864439412611587,netem,19804116,14078,0,0,0,0,0,19008998,2033,0,19010184,2048,2
1147,3864439432007852,3864439432714375,20006259,sA-eth3,down,3864439432642515,netem,19804116,14078,0,0,0,0,0,19008998,2033,0,19010184,2048,2
1148,3864439452013120,3864439452641003,20005268,sA-eth3,down,3864439452567423,netem,19804116,14078,0,0,0,0,0,19008998,2033,0,19010184,2048,2
1149,3864439472005058,3864439472724822,19991938,sA-eth3,down,3864439472640102,netem,19804116,14078,0,0,0,0,0,19008998,2033,0,19010184,2048,2
1150,3864439492003657,3864439492554859,19998599,sA-eth3,down,3864439492481949,netem,19804116,14078,0,0,0,0,0,19008998,2033,0,19010184,2048,2
1151,3864439512003085,3864439512640988,19999428,sA-eth3,down,3864439512535628,netem,19804116,14078,0,0,0,0,0,19008998,2033,0,19010184,2048,2
1152,3864439532014793,3864439532641187,20011708,sA-eth3,down,3864439532554676,netem,19804116,14078,0,0,0,0,0,19008998,2033,0,19010184,2048,2
1153,3864439552015301,3864439552627195,20000508,sA-eth3,down,3864439552541084,netem,19804116,14078,0,0,0,0,0,19008998,2033,0,19010184,2048,2
1154,3864439572013760,3864439572614153,19998459,sA-eth3,down,3864439572532623,netem,19804116,14078,0,0,0,0,0,19008998,2033,0,19010184,2048,2
1155,3864439592004728,3864439592627551,19990968,sA-eth3,down,3864439592547601,netem,19804116,14078,0,0,0,0,0,19008998,2033,0,19010184,2048,2
1156,3864439612003527,3864439612701500,19998799,sA-eth3,down,3864439612636270,netem,19804116,14078,0,0,0,0,0,19008998,2033,0,19010184,2048,2
1157,3864439632013445,3864439632718849,20009918,sA-eth3,down,3864439632623858,netem,19804116,14078,0,0,0,0,0,19008998,2033,0,19010184,2048,2
1158,3864439652014523,3864439652634237,20001078,sA-eth3,down,3864439652556086,netem,19804116,14078,0,0,0,0,0,19008998,2033,0,19010184,2048,2
1159,3864439672003641,3864439672662155,19989118,sA-eth3,down,3864439672599175,netem,19804116,14078,0,0,0,0,0,19008998,2033,0,19010184,2048,2
1160,3864439692013210,3864439692602873,20009569,sA-eth3,down,3864439692521662,netem,19804116,14078,0,0,0,0,0,19008998,2033,0,19010184,2048,2
1161,3864439712005308,3864439712638382,19992098,sA-eth3,down,3864439712579181,netem,19804116,14078,0,0,0,0,0,19008998,2033,0,19010184,2048,2
1162,3864439732003376,3864439732569109,19998068,sA-eth3,down,3864439732503189,netem,19804116,14078,0,0,0,0,0,19008998,2033,0,19010184,2048,2
1163,3864439752004385,3864439752610088,20001009,sA-eth3,down,3864439752552528,netem,19804116,14078,0,0,0,0,0,19008998,2033,0,19010184,2048,2
1164,3864439772002333,3864439772544606,19997948,sA-eth3,down,3864439772481876,netem,19804116,14078,0,0,0,0,0,19008998,2033,0,19010184,2048,2
1165,3864439792005671,3864439792671515,20003338,sA-eth3,down,3864439792604255,netem,19804116,14078,0,0,0,0,0,19008998,2033,0,19010184,2048,2
1166,3864439812003600,3864439812620653,19997929,sA-eth3,down,3864439812550573,netem,19804116,14078,0,0,0,0,0,19008998,2033,0,19010184,2048,2
1167,3864439832005828,3864439832724432,20002228,sA-eth3,down,3864439832661521,netem,19804116,14078,0,0,0,0,0,19008998,2033,0,19010184,2048,2
1168,3864439852001906,3864439852605050,19996078,sA-eth3,down,3864439852542739,netem,19804116,14078,0,0,0,0,0,19008998,2033,0,19010184,2048,2
1169,3864439872003995,3864439872652248,20002089,sA-eth3,down,3864439872595988,netem,19804116,14078,0,0,0,0,0,19008998,2033,0,19010184,2048,2
1170,3864439892001043,3864439892585246,19997048,sA-eth3,down,3864439892525256,netem,19804116,14078,0,0,0,0,0,19008998,2033,0,19010184,2048,2
1171,3864439912013131,3864439912670635,20012088,sA-eth3,down,3864439912600514,netem,19804116,14078,0,0,0,0,0,19008998,2033,0,19010184,2048,2
1172,3864439932002509,3864439932630223,19989378,sA-eth3,down,3864439932573193,netem,19804116,14078,0,0,0,0,0,19008998,2033,0,19010184,2048,2
1173,3864439952002268,3864439952658601,19999759,sA-eth3,down,3864439952603261,netem,19804116,14078,0,0,0,0,0,19008998,2033,0,19010184,2048,2
1174,3864439972003176,3864439972743430,20000908,sA-eth3,down,3864439972668170,netem,19804116,14078,0,0,0,0,0,19008998,2033,0,19010184,2048,2
1175,3864439992004645,3864439992699568,20001469,sA-eth3,down,3864439992628968,netem,19804116,14078,0,0,0,0,0,19008998,2033,0,19010184,2048,2
1176,3864440012003383,3864440012692967,19998738,sA-eth3,down,3864440012599566,netem,19804116,14078,0,0,0,0,0,19008998,2033,0,19010184,2048,2
1177,3864440032016271,3864440032661405,20012888,sA-eth3,down,3864440032578174,netem,19804116,14078,0,0,0,0,0,19008998,2033,0,19010184,2048,2
1178,3864440052014960,3864440052662573,19998689,sA-eth3,down,3864440052579473,netem,19804116,14078,0,0,0,0,0,19008998,2033,0,19010184,2048,2
1179,3864440072014308,3864440072628221,19999348,sA-eth3,down,3864440072561541,netem,19804116,14078,0,0,0,0,0,19008998,2033,0,19010184,2048,2
1180,3864440092002676,3864440092564509,19988368,sA-eth3,down,3864440092497509,netem,19804116,14078,0,0,0,0,0,19008998,2033,0,19010184,2048,2
1181,3864440112005574,3864440112562367,20002898,sA-eth3,down,3864440112501477,netem,19804116,14078,0,0,0,0,0,19008998,2033,0,19010184,2048,2
1182,3864440132001833,3864440132562486,19996259,sA-eth3,down,3864440132500345,netem,19804116,14078,0,0,0,0,0,19008998,2033,0,19010184,2048,2
1183,3864440152003221,3864440152673175,20001388,sA-eth3,down,3864440152611334,netem,19804116,14078,0,0,0,0,0,19008998,2033,0,19010184,2048,2
1184,3864440172001689,3864440172628003,19998468,sA-eth3,down,3864440172557372,netem,19804116,14078,0,0,0,0,0,19008998,2033,0,19010184,2048,2
1185,3864440192005178,3864440192687791,20003489,sA-eth3,down,3864440192629451,netem,19804116,14078,0,0,0,0,0,19008998,2033,0,19010184,2048,2
1186,3864440212002196,3864440212661200,19997018,sA-eth3,down,3864440212577409,netem,19804116,14078,0,0,0,0,0,19008998,2033,0,19010184,2048,2
1187,3864440232004944,3864440232649778,20002748,sA-eth3,down,3864440232552787,netem,19804116,14078,0,0,0,0,0,19008998,2033,0,19010184,2048,2
1188,3864440252004863,3864440252670226,19999919,sA-eth3,down,3864440252559726,netem,19804116,14078,0,0,0,0,0,19008998,2033,0,19010184,2048,2
1189,3864440272022891,3864440272616884,20018028,sA-eth3,down,3864440272538914,netem,19804116,14078,0,0,0,0,0,19008998,2033,0,19010184,2048,2
1190,3864440292004299,3864440292644583,19981408,sA-eth3,down,3864440292572532,netem,19804116,14078,0,0,0,0,0,19008998,2033,0,19010184,2048,2
1191,3864440312002428,3864440312620681,19998129,sA-eth3,down,3864440312541010,netem,19804116,14078,0,0,0,0,0,19008998,2033,0,19010184,2048,2
1192,3864440332005106,3864440332672270,20002678,sA-eth3,down,3864440332605469,netem,19804116,14078,0,0,0,0,0,19008998,2033,0,19010184,2048,2
1193,3864440352002014,3864440352703328,19996908,sA-eth3,down,3864440352619028,netem,19804116,14078,0,0,0,0,0,19008998,2033,0,19010184,2048,2
1194,3864440372014563,3864440372707296,20012549,sA-eth3,down,3864440372603866,netem,19804116,14078,0,0,0,0,0,19008998,2033,0,19010184,2048,2
1195,3864440392006141,3864440392636034,19991578,sA-eth3,down,3864440392547284,netem,19804116,14078,0,0,0,0,0,19008998,2033,0,19010184,2048,2
1196,3864440412003839,3864440412602462,19997698,sA-eth3,down,3864440412518802,netem,19804116,14078,0,0,0,0,0,19008998,2033,0,19010184,2048,2
1197,3864440432003168,3864440432608141,19999329,sA-eth3,down,3864440432540050,netem,19804116,14078,0,0,0,0,0,19008998,2033,0,19010184,2048,2
1198,3864440452001486,3864440452651139,19998318,sA-eth3,down,3864440452569829,netem,19804116,14078,0,0,0,0,0,19008998,2033,0,19010184,2048,2
1199,3864440472004334,3864440472682708,20002848,sA-eth3,down,3864440472625648,netem,19804116,14078,0,0,0,0,0,19008998,2033,0,19010184,2048,2
1200,3864440492016163,3864440492703506,20011829,sA-eth3,down,3864440492600466,netem,19804116,14078,0,0,0,0,0,19008998,2033,0,19010184,2048,2
1201,3864440512014741,3864440512714735,19998578,sA-eth3,down,3864440512634294,netem,19804116,14078,0,0,0,0,0,19008998,2033,0,19010184,2048,2
1202,3864440532004569,3864440532634883,19989828,sA-eth3,down,3864440532569532,netem,19804116,14078,0,0,0,0,0,19008998,2033,0,19010184,2048,2
1203,3864440552002057,3864440552757001,19997488,sA-eth3,down,3864440552690821,netem,19804116,14078,0,0,0,0,0,19008998,2033,0,19010184,2048,2
1204,3864440572004096,3864440572608159,20002039,sA-eth3,down,3864440572546479,netem,19804116,14078,0,0,0,0,0,19008998,2033,0,19010184,2048,2
1205,3864440592001814,3864440592601597,19997718,sA-eth3,down,3864440592520257,netem,19804116,14078,0,0,0,0,0,19008998,2033,0,19010184,2048,2
1206,3864440612002882,3864440612730476,20001068,sA-eth3,down,3864440612670826,netem,19804116,14078,0,0,0,0,0,19008998,2033,0,19010184,2048,2
1207,3864440632001711,3864440632621074,19998829,sA-eth3,down,3864440632555034,netem,19804116,14078,0,0,0,0,0,19008998,2033,0,19010184,2048,2
1208,3864440652006409,3864440652658553,20004698,sA-eth3,down,3864440652600142,netem,19804116,14078,0,0,0,0,0,19008998,2033,0,19010184,2048,2
1209,3864440672004717,3864440672686511,19998308,sA-eth3,down,3864440672604681,netem,19804116,14078,0,0,0,0,0,19008998,2033,0,19010184,2048,2
1210,3864440692015876,3864440692630439,20011159,sA-eth3,down,3864440692554809,netem,19804116,14078,0,0,0,0,0,19008998,2033,0,19010184,2048,2
1211,3864440712002034,3864440712605027,19986158,sA-eth3,down,3864440712540687,netem,19804116,14078,0,0,0,0,0,19008998,2033,0,19010184,2048,2
1212,3864440732002012,3864440732645296,19999978,sA-eth3,down,3864440732562365,netem,19804116,14078,0,0,0,0,0,19008998,2033,0,19010184,2048,2
1213,3864440752004341,3864440752663054,20002329,sA-eth3,down,3864440752562014,netem,19804116,14078,0,0,0,0,0,19008998,2033,0,19010184,2048,2
1214,3864440772013339,3864440772746003,20008998,sA-eth3,down,3864440772663363,netem,19804116,14078,0,0,0,0,0,19008998,2033,0,19010184,2048,2
1215,3864440792004787,3864440792672161,19991448,sA-eth3,down,3864440792619651,netem,19804116,14078,0,0,0,0,0,19008998,2033,0,19010184,2048,2
1216,3864440812001396,3864440812644139,19996609,sA-eth3,down,3864440812569969,netem,19804116,14078,0,0,0,0,0,19008998,2033,0,19010184,2048,2
1217,3864440832005644,3864440832587137,20004248,sA-eth3,down,3864440832506217,netem,19804116,14078,0,0,0,0,0,19008998,2033,0,19010184,2048,2
1218,3864440852016722,3864440852673436,20011078,sA-eth3,down,3864440852601625,netem,19804116,14078,0,0,0,0,0,19008998,2033,0,19010184,2048,2
1219,3864440872002541,3864440872621564,19985819,sA-eth3,down,3864440872548053,netem,19804116,14078,0,0,0,0,0,19008998,2033,0,19010184,2048,2
1220,3864440892006139,3864440892631362,20003598,sA-eth3,down,3864440892558162,netem,19804116,14078,0,0,0,0,0,19008998,2033,0,19010184,2048,2
1221,3864440911976477,3864440912643881,19970338,sA-eth3,down,3864440912590170,netem,19804116,14078,0,0,0,0,0,19008998,2033,0,19010184,2048,2
1222,3864440932002165,3864440932771520,20025688,sA-eth3,down,3864440932693659,netem,19804116,14078,0,0,0,0,0,19008998,2033,0,19010184,2048,2
1223,3864440952004874,3864440952642017,20002709,sA-eth3,down,3864440952561697,netem,19804116,14078,0,0,0,0,0,19008998,2033,0,19010184,2048,2
1224,3864440972004592,3864440972611685,19999718,sA-eth3,down,3864440972549455,netem,19804116,14078,0,0,0,0,0,19008998,2033,0,19010184,2048,2
1225,3864440992004870,3864440992662224,20000278,sA-eth3,down,3864440992592004,netem,19804116,14078,0,0,0,0,0,19008998,2033,0,19010184,2048,2
1226,3864441012003689,3864441012585002,19998819,sA-eth3,down,3864441012522972,netem,19804116,14078,0,0,0,0,0,19008998,2033,0,19010184,2048,2
1227,3864441032004527,3864441032663651,20000838,sA-eth3,down,3864441032584990,netem,19804116,14078,0,0,0,0,0,19008998,2033,0,19010184,2048,2
1228,3864441052003846,3864441052626879,19999319,sA-eth3,down,3864441052558569,netem,19804116,14078,0,0,0,0,0,19008998,2033,0,19010184,2048,2
1229,3864441072004274,3864441072726558,20000428,sA-eth3,down,3864441072659817,netem,19804116,14078,0,0,0,0,0,19008998,2033,0,19010184,2048,2
1230,3864441092013092,3864441092608185,20008818,sA-eth3,down,3864441092536175,netem,19804116,14078,0,0,0,0,0,19008998,2033,0,19010184,2048,2
1231,3864441112001780,3864441112665824,19988688,sA-eth3,down,3864441112578354,netem,19804116,14078,0,0,0,0,0,19008998,2033,0,19010184,2048,2
1232,3864441132013519,3864441132654942,20011739,sA-eth3,down,3864441132547322,netem,19804116,14078,0,0,0,0,0,19008998,2033,0,19010184,2048,2
1233,3864441152004927,3864441152755441,19991408,sA-eth3,down,3864441152667931,netem,19804116,14078,0,0,0,0,0,19008998,2033,0,19010184,2048,2
1234,3864441172014365,3864441172640299,20009438,sA-eth3,down,3864441172550378,netem,19804116,14078,0,0,0,0,0,19008998,2033,0,19010184,2048,2
1235,3864441192005194,3864441192566337,19990829,sA-eth3,down,3864441192491916,netem,19804116,14078,0,0,0,0,0,19008998,2033,0,19010184,2048,2
1236,3864441212014212,3864441212697936,20009018,sA-eth3,down,3864441212590215,netem,19804116,14078,0,0,0,0,0,19008998,2033,0,19010184,2048,2
1237,3864441232014520,3864441232721074,20000308,sA-eth3,down,3864441232611374,netem,19804116,14078,0,0,0,0,0,19008998,2033,0,19010184,2048,2
1238,3864441252018029,3864441252638702,20003509,sA-eth3,down,3864441252553382,netem,19804116,14078,0,0,0,0,0,19008998,2033,0,19010184,2048,2
1239,3864441272014647,3864441272670231,19996618,sA-eth3,down,3864441272568840,netem,19804116,14078,0,0,0,0,0,19008998,2033,0,19010184,2048,2
1240,3864441292013615,3864441292600719,19998968,sA-eth3,down,3864441292515318,netem,19804116,14078,0,0,0,0,0,19008998,2033,0,19010184,2048,2
1241,3864441312004414,3864441312611887,19990799,sA-eth3,down,3864441312548606,netem,19804116,14078,0,0,0,0,0,19008998,2033,0,19010184,2048,2
1242,3864441332001992,3864441332565445,19997578,sA-eth3,down,3864441332498695,netem,19804116,14078,0,0,0,0,0,19008998,2033,0,19010184,2048,2
1243,3864441352003820,3864441352559013,20001828,sA-eth3,down,3864441352495953,netem,19804116,14078,0,0,0,0,0,19008998,2033,0,19010184,2048,2
1244,3864441372001738,3864441372628462,19997918,sA-eth3,down,3864441372564182,netem,19804116,14078,0,0,0,0,0,19008998,2033,0,19010184,2048,2
1245,3864441392003037,3864441392650760,20001299,sA-eth3,down,3864441392571870,netem,19804116,14078,0,0,0,0,0,19008998,2033,0,19010184,2048,2
1246,3864441412016175,3864441412634879,20013138,sA-eth3,down,3864441412550758,netem,19804116,14078,0,0,0,0,0,19008998,2033,0,19010184,2048,2
1247,3864441432002544,3864441432766448,19986369,sA-eth3,down,3864441432698587,netem,19804116,14078,0,0,0,0,0,19008998,2033,0,19010184,2048,2
1248,3864441452006142,3864441452569385,20003598,sA-eth3,down,3864441452506035,netem,19804116,14078,0,0,0,0,0,19008998,2033,0,19010184,2048,2
1249,3864441472002940,3864441472615273,19996798,sA-eth3,down,3864441472551503,netem,19804116,14078,0,0,0,0,0,19008998,2033,0,19010184,2048,2
1250,3864441492005059,3864441492628802,20002119,sA-eth3,down,3864441492559641,netem,19804116,14078,0,0,0,0,0,19008998,2033,0,19010184,2048,2
1251,3864441512014587,3864441512704451,20009528,sA-eth3,down,3864441512628180,netem,19804116,14078,0,0,0,0,0,19008998,2033,0,19010184,2048,2
1252,3864441532002715,3864441532567918,19988128,sA-eth3,down,3864441532497718,netem,19804116,14078,0,0,0,0,0,19008998,2033,0,19010184,2048,2
1253,3864441552013493,3864441552570816,20010778,sA-eth3,down,3864441552512586,netem,19804116,14078,0,0,0,0,0,19008998,2033,0,19010184,2048,2
1254,3864441572002602,3864441572708066,19989109,sA-eth3,down,3864441572634945,netem,19804116,14078,0,0,0,0,0,19008998,2033,0,19010184,2048,2
1255,3864441592005660,3864441592632213,20003058,sA-eth3,down,3864441592559283,netem,19804116,14078,0,0,0,0,0,19008998,2033,0,19010184,2048,2
1256,3864441612004408,3864441612678382,19998748,sA-eth3,down,3864441612597102,netem,19804116,14078,0,0,0,0,0,19008998,2033,0,19010184,2048,2
1257,3864441632003167,3864441632633010,19998759,sA-eth3,down,3864441632554650,netem,19804116,14078,0,0,0,0,0,19008998,2033,0,19010184,2048,2
1258,3864441652002585,3864441652631608,19999418,sA-eth3,down,3864441652550508,netem,19804116,14078,0,0,0,0,0,19008998,2033,0,19010184,2048,2
1259,3864441672006483,3864441672751147,20003898,sA-eth3,down,3864441672668997,netem,19804116,14078,0,0,0,0,0,19008998,2033,0,19010184,2048,2
1260,3864441692013392,3864441692590145,20006909,sA-eth3,down,3864441692517094,netem,19804116,14078,0,0,0,0,0,19008998,2033,0,19010184,2048,2
1261,3864441712013840,3864441712590933,20000448,sA-eth3,down,3864441712513013,netem,19804116,14078,0,0,0,0,0,19008998,2033,0,19010184,2048,2
1262,3864441732003918,3864441732635772,19990078,sA-eth3,down,3864441732574291,netem,19804116,14078,0,0,0,0,0,19008998,2033,0,19010184,2048,2
1263,3864441752004797,3864441752616710,20000879,sA-eth3,down,3864441752538340,netem,19804116,14078,0,0,0,0,0,19008998,2033,0,19010184,2048,2
1264,3864441772005765,3864441772628938,20000968,sA-eth3,down,3864441772552238,netem,19804116,14078,0,0,0,0,0,19008998,2033,0,19010184,2048,2
1265,3864441792001483,3864441792642327,19995718,sA-eth3,down,3864441792570486,netem,19804116,14078,0,0,0,0,0,19008998,2033,0,19010184,2048,2
1266,3864441812003422,3864441812580415,20001939,sA-eth3,down,3864441812505994,netem,19804116,14078,0,0,0,0,0,19008998,2033,0,19010184,2048,2
1267,3864441832003370,3864441832702934,19999948,sA-eth3,down,3864441832637893,netem,19804116,14078,0,0,0,0,0,19008998,2033,0,19010184,2048,2
1268,3864441852004968,3864441852539401,20001598,sA-eth3,down,3864441852483401,netem,19804116,14078,0,0,0,0,0,19008998,2033,0,19010184,2048,2
1269,3864441872012447,3864441872640590,20007479,sA-eth3,down,3864441872570120,netem,19804116,14078,0,0,0,0,0,19008998,2033,0,19010184,2048,2
1270,3864441892004025,3864441892616808,19991578,sA-eth3,down,3864441892534248,netem,19804116,14078,0,0,0,0,0,19008998,2033,0,19010184,2048,2
1271,3864441912005073,3864441912585466,20001048,sA-eth3,down,3864441912519496,netem,19804116,14078,0,0,0,0,0,19008998,2033,0,19010184,2048,2
1272,3864441932002881,3864441932657825,19997808,sA-eth3,down,3864441932589445,netem,19804116,14078,0,0,0,0,0,19008998,2033,0,19010184,2048,2
1273,3864441952004100,3864441952661313,20001219,sA-eth3,down,3864441952595323,netem,19804116,14078,0,0,0,0,0,19008998,2033,0,19010184,2048,2
1274,3864441972001748,3864441972618721,19997648,sA-eth3,down,3864441972544601,netem,19804116,14078,0,0,0,0,0,19008998,2033,0,19010184,2048,2
1275,3864441992004956,3864441992671280,20003208,sA-eth3,down,3864441992592100,netem,19804116,14078,0,0,0,0,0,19008998,2033,0,19010184,2048,2
1276,3864442012004695,3864442012609248,19999739,sA-eth3,down,3864442012534998,netem,19804116,14078,0,0,0,0,0,19008998,2033,0,19010184,2048,2
1277,3864442032013743,3864442032577146,20009048,sA-eth3,down,3864442032512686,netem,19804116,14078,0,0,0,0,0,19008998,2033,0,19010184,2048,2
1278,3864442052003962,3864442052592875,19990219,sA-eth3,down,3864442052527704,netem,19804116,14078,0,0,0,0,0,19008998,2033,0,19010184,2048,2
1279,3864442072002340,3864442072574043,19998378,sA-eth3,down,3864442072489892,netem,19804116,14078,0,0,0,0,0,19008998,2033,0,19010184,2048,2
1280,3864442092014398,3864442092653722,20012058,sA-eth3,down,3864442092571751,netem,19804116,14078,0,0,0,0,0,19008998,2033,0,19010184,2048,2
1281,3864442112004426,3864442112584650,19990028,sA-eth3,down,3864442112510099,netem,19804116,14078,0,0,0,0,0,19008998,2033,0,19010184,2048,2
1282,3864442132006775,3864442132672038,20002349,sA-eth3,down,3864442132593888,netem,19804116,14078,0,0,0,0,0,19008998,2033,0,19010184,2048,2
1283,3864442152012773,3864442152615716,20005998,sA-eth3,down,3864442152531836,netem,19804116,14078,0,0,0,0,0,19008998,2033,0,19010184,2048,2
1284,3864442172007731,3864442172632785,19994958,sA-eth3,down,3864442172558554,netem,19804116,14078,0,0,0,0,0,19008998,2033,0,19010184,2048,2
1285,3864442192003020,3864442192615663,19995289,sA-eth3,down,3864442192534863,netem,19804116,14078,0,0,0,0,0,19008998,2033,0,19010184,2048,2
1286,3864442212014068,3864442212683292,20011048,sA-eth3,down,3864442212586991,netem,19804116,14078,0,0,0,0,0,19008998,2033,0,19010184,2048,2
1287,3864442232005306,3864442232556609,19991238,sA-eth3,down,3864442232491019,netem,19804116,14078,0,0,0,0,0,19008998,2033,0,19010184,2048,2
1288,3864442252002415,3864442252728599,19997109,sA-eth3,down,3864442252655078,netem,19804116,14078,0,0,0,0,0,19008998,2033,0,19010184,2048,2
1289,3864442272008813,3864442272687157,20006398,sA-eth3,down,3864442272616416,netem,19804116,14078,0,0,0,0,0,19008998,2033,0,19010184,2048,2
1290,3864442292004731,3864442292677755,19995918,sA-eth3,down,3864442292605755,netem,19804116,14078,0,0,0,0,0,19008998,2033,0,19010184,2048,2
1291,3864442312004660,3864442312659343,19999929,sA-eth3,down,3864442312590163,netem,19804116,14078,0,0,0,0,0,19008998,2033,0,19010184,2048,2
1292,3864442332005528,3864442332568291,20000868,sA-eth3,down,3864442332502871,netem,19804116,14078,0,0,0,0,0,19008998,2033,0,19010184,2048,2
1293,3864442352003276,3864442352714020,19997748,sA-eth3,down,3864442352646970,netem,19804116,14078,0,0,0,0,0,19008998,2033,0,19010184,2048,2
1294,3864442372002634,3864442372564588,19999358,sA-eth3,down,3864442372499457,netem,19804116,14078,0,0,0,0,0,19008998,2033,0,19010184,2048,2
1295,3864442392014923,3864442392596426,20012289,sA-eth3,down,3864442392518726,netem,19804116,14078,0,0,0,0,0,19008998,2033,0,19010184,2048,2
1296,3864442412002641,3864442412556774,19987718,sA-eth3,down,3864442412493234,netem,19804116,14078,0,0,0,0,0,19008998,2033,0,19010184,2048,2
1297,3864442432003300,3864442432736103,20000659,sA-eth3,down,3864442432655693,netem,19804116,14078,0,0,0,0,0,19008998,2033,0,19010184,2048,2
1298,3864442452015318,3864442452690671,20012018,sA-eth3,down,3864442452620191,netem,19804116,14078,0,0,0,0,0,19008998,2033,0,19010184,2048,2
1299,3864442472005356,3864442472632680,19990038,sA-eth3,down,3864442472553109,netem,19804116,14078,0,0,0,0,0,19008998,2033,0,19010184,2048,2
1300,3864442492022095,3864442492632258,20016739,sA-eth3,down,3864442492568517,netem,19804116,14078,0,0,0,0,0,19008998,2033,0,19010184,2048,2
1301,3864442512004323,3864442512700106,19982228,sA-eth3,down,3864442512625186,netem,19804116,14078,0,0,0,0,0,19008998,2033,0,19010184,2048,2
1302,3864442532002551,3864442532550694,19998228,sA-eth3,down,3864442532489794,netem,19804116,14078,0,0,0,0,0,19008998,2033,0,19010184,2048,2
1303,3864442552004769,3864442552702483,20002218,sA-eth3,down,3864442552637013,netem,19804116,14078,0,0,0,0,0,19008998,2033,0,19010184,2048,2
1304,3864442572003358,3864442572630081,19998589,sA-eth3,down,3864442572571531,netem,19804116,14078,0,0,0,0,0,19008998,2033,0,19010184,2048,2
1305,3864442592002896,3864442592594099,19999538,sA-eth3,down,3864442592511269,netem,19804116,14078,0,0,0,0,0,19008998,2033,0,19010184,2048,2
1306,3864442612015564,3864442612553917,20012668,sA-eth3,down,3864442612494297,netem,19804116,14078,0,0,0,0,0,19008998,2033,0,19010184,2048,2
1307,3864442632017283,3864442632701716,20001719,sA-eth3,down,3864442632616056,netem,19804116,14078,0,0,0,0,0,19008998,2033,0,19010184,2048,2
1308,3864442652012671,3864442652650284,19995388,sA-eth3,down,3864442652569684,netem,19804116,14078,0,0,0,0,0,19008998,2033,0,19010184,2048,2
1309,3864442672013949,3864442672746023,20001278,sA-eth3,down,3864442672685253,netem,19804116,14078,0,0,0,0,0,19008998,2033,0,19010184,2048,2
1310,3864442692002278,3864442692592461,19988329,sA-eth3,down,3864442692524140,netem,19804116,14078,0,0,0,0,0,19008998,2033,0,19010184,2048,2
1311,3864442712014096,3864442712715750,20011818,sA-eth3,down,3864442712656149,netem,19804116,14078,0,0,0,0,0,19008998,2033,0,19010184,2048,2
1312,3864442732001844,3864442732542127,19987748,sA-eth3,down,3864442732480247,netem,19804116,14078,0,0,0,0,0,19008998,2033,0,19010184,2048,2
1313,3864442752002012,3864442752590936,20000168,sA-eth3,down,3864442752523445,netem,19804116,14078,0,0,0,0,0,19008998,2033,0,19010184,2048,2
1314,3864442772001901,3864442772530494,19999889,sA-eth3,down,3864442772468353,netem,19804116,14078,0,0,0,0,0,19008998,2033,0,19010184,2048,2
1315,3864442792004659,3864442792601412,20002758,sA-eth3,down,3864442792541592,netem,19804116,14078,0,0,0,0,0,19008998,2033,0,19010184,2048,2
1316,3864442812001887,3864442812690001,19997228,sA-eth3,down,3864442812615251,netem,19804116,14078,0,0,0,0,0,19008998,2033,0,19010184,2048,2
1317,3864442832006176,3864442832625709,20004289,sA-eth3,down,3864442832544159,netem,19804116,14078,0,0,0,0,0,19008998,2033,0,19010184,2048,2
1318,3864442852004374,3864442852579947,19998198,sA-eth3,down,3864442852515197,netem,19804116,14078,0,0,0,0,0,19008998,2033,0,19010184,2048,2
1319,3864442872004563,3864442872647786,20000189,sA-eth3,down,3864442872564336,netem,19804116,14078,0,0,0,0,0,19008998,2033,0,19010184,2048,2
1320,3864442892017221,3864442892634644,20012658,sA-eth3,down,3864442892568964,netem,19804116,14078,0,0,0,0,0,19008998,2033,0,19010184,2048,2
1321,3864442912007339,3864442912665983,19990118,sA-eth3,down,3864442912588272,netem,19804116,14078,0,0,0,0,0,19008998,2033,0,19010184,2048,2
1322,3864442932013377,3864442932652541,20006038,sA-eth3,down,3864442932567030,netem,19804116,14078,0,0,0,0,0,19008998,2033,0,19010184,2048,2
1323,3864442952014316,3864442952670969,20000939,sA-eth3,down,3864442952593199,netem,19804116,14078,0,0,0,0,0,19008998,2033,0,19010184,2048,2
1324,3864442972014184,3864442972598197,19999868,sA-eth3,down,3864442972534467,netem,19804116,14078,0,0,0,0,0,19008998,2033,0,19010184,2048,2
