poll_iteration,poll_start_ns,poll_end_ns,poll_interval_ns,interface,operstate,t_ns,kind,bytes,packets,drops,overlimits,requeues,backlog_bytes,qlen,rx_bytes,rx_packets,rx_dropped,tx_bytes,tx_packets,tx_dropped
0,545842562119,545845702686,0,sA-eth3,up,545845019188,netem,536,8,0,0,0,0,0,676,8,0,716,10,0
1,545862669634,545865606512,20107515,sA-eth3,up,545865397882,netem,536,8,0,0,0,0,0,676,8,0,716,10,0
2,545882646420,545884876008,19976786,sA-eth3,up,545884689458,netem,536,8,0,0,0,0,0,762,9,0,716,10,0
3,545902643145,545904822173,19996725,sA-eth3,up,545904629653,netem,730,11,0,0,0,0,0,910,11,0,910,13,0
4,545922649580,545924710659,20006435,sA-eth3,up,545924516988,netem,730,11,0,0,0,0,0,910,11,0,910,13,0
5,545942649825,545944767444,20000245,sA-eth3,up,545944572824,netem,730,11,0,0,0,74,1,1050,13,0,984,14,0
6,545962643490,545965184688,19993665,sA-eth3,up,545964907369,netem,890,13,0,0,0,0,0,1050,13,0,1070,15,0
7,545982654626,545985184663,20011136,sA-eth3,up,545984960494,netem,1924,28,0,0,0,0,0,299168,32,0,2104,30,0
8,546002643711,546004867589,19989085,sA-eth3,up,546004683059,netem,2386,35,0,0,0,66,1,545856,40,0,2566,37,0
9,546022646826,546024967664,20003115,sA-eth3,up,546024783145,netem,2980,44,0,0,0,66,1,754896,48,0,3160,46,0
10,546042653431,546045336879,20006605,sA-eth3,up,546045127569,netem,4102,61,0,0,0,66,1,926816,64,0,4282,63,0
11,546062642797,546065076365,19989366,sA-eth3,up,546064852674,netem,5224,78,0,0,0,66,1,1163962,81,0,5470,81,0
12,546082641331,546084948479,19998534,sA-eth3,up,546084773211,netem,6412,96,0,0,0,132,2,1411376,100,0,6658,99,0
13,546102638907,546104889144,19997576,sA-eth3,up,546104712956,netem,7776,116,0,0,0,66,1,1658790,119,0,7956,118,0
14,546122647951,546124921221,20009044,sA-eth3,up,546124736070,netem,8964,134,0,0,0,66,1,1884418,137,0,9210,137,0
15,546142649219,546144980787,20001268,sA-eth3,up,546144803897,netem,10086,151,0,0,0,132,2,2107598,155,0,10332,154,0
16,546162649747,546164764786,20000528,sA-eth3,up,546164579536,netem,137616,240,0,0,0,109008,5,2108390,167,0,132978,169,0
17,546182649486,546185166505,19999739,sA-eth3,up,546184926924,netem,396510,411,0,0,0,181680,6,2108984,176,0,381180,178,0
18,546202656154,546204981553,20006668,sA-eth3,up,546204792073,netem,631180,566,0,0,0,158970,5,2109512,184,0,606148,186,0
19,546222647333,546224795851,19991179,sA-eth3,up,546224614492,netem,906728,748,0,0,0,36336,2,2110634,201,0,870806,203,0
20,546242644940,546245502680,19997607,sA-eth3,up,546245316649,netem,1161080,916,0,0,0,33308,2,2111888,220,0,1115324,222,0
21,546262643829,546265176478,19998889,sA-eth3,up,546264973459,netem,1410890,1081,0,0,0,37850,3,2113010,237,0,1355366,239,0
22,546282660178,546285027786,20016349,sA-eth3,up,546284829416,netem,1653130,1241,0,0,0,45420,3,2114132,254,0,1588234,257,0
23,546302645946,546305202125,19985768,sA-eth3,up,546305019445,netem,1910510,1411,0,0,0,30280,2,2115320,272,0,1835582,275,0
24,546322644614,546325141253,19998668,sA-eth3,up,546324920574,netem,2151236,1570,0,0,0,43906,4,2116442,289,0,2066936,292,0
25,546342645253,546344716242,20000639,sA-eth3,up,546344503142,netem,2203886,1615,0,0,0,0,0,2279830,307,0,2117606,307,0
26,546362639932,546364475721,19994679,sA-eth3,up,546364298630,netem,2205094,1633,0,0,0,66,1,2524282,325,0,2118814,325,0
27,546382638490,546384507269,19998558,sA-eth3,up,546384321569,netem,2206216,1650,0,0,0,66,1,2764390,343,0,2120002,343,0
28,546402640699,546404435458,20002209,sA-eth3,up,546404251287,netem,2207404,1668,0,0,0,66,1,3011804,362,0,2121190,361,0
29,546422635576,546424410966,19994877,sA-eth3,up,546424231835,netem,2208658,1687,0,0,0,66,1,3259218,381,0,2122378,379,0
30,546442654785,546444514254,20019209,sA-eth3,up,546444316934,netem,2209846,1705,0,0,0,66,1,3499326,399,0,2123632,398,0
31,546462652594,546464515732,19997809,sA-eth3,up,546464336972,netem,2211034,1723,0,0,0,66,1,3732194,417,0,2124754,415,0
32,546482644662,546484449061,19992068,sA-eth3,up,546484264662,netem,2212222,1741,0,0,0,0,0,3979608,436,0,2125942,433,0
33,546502654691,546505041850,20010029,sA-eth3,up,546504847609,netem,2213476,1760,0,0,0,66,1,4216820,454,0,2127196,452,0
34,546522639139,546524650618,19984448,sA-eth3,up,546524420318,netem,2327446,1841,0,0,0,30280,2,4225168,464,0,2251290,467,0
35,546542652527,546544745686,20013388,sA-eth3,up,546544539706,netem,2584826,2011,0,0,0,30280,2,4226290,481,0,2484092,484,0
36,546562643686,546564967925,19991159,sA-eth3,up,546564791685,netem,2842406,2183,0,0,0,30280,2,4227478,499,0,2731640,504,0
37,546582640795,546584615613,19997109,sA-eth3,up,546584402273,netem,3083132,2342,0,0,0,46934,4,4228600,516,0,2962994,521,0
38,546602643302,546604879141,20002507,sA-eth3,up,546604707352,netem,3337484,2510,0,0,0,39364,3,4229854,535,0,3207512,540,0
39,546622647521,546624831489,20004219,sA-eth3,up,546624646300,netem,3587294,2675,0,0,0,46934,4,4231108,554,0,3452030,559,0
40,546642606359,546644776348,19958838,sA-eth3,up,546644596658,netem,3826506,2833,0,0,0,56018,4,4232296,572,0,3692138,577,0
41,546662643958,546664760967,20037599,sA-eth3,up,546664589587,netem,4083886,3003,0,0,0,48448,3,4233484,590,0,3925006,595,0
42,546682648617,546684724435,20004659,sA-eth3,up,546684554805,netem,4333696,3168,0,0,0,37850,3,4234738,609,0,4172420,614,0
43,546702649015,546704825964,20000398,sA-eth3,up,546704643594,netem,4407410,3225,0,0,0,66,1,4376274,625,0,4235990,627,0
44,546722652493,546724764952,20003478,sA-eth3,up,546724505141,netem,4408532,3242,0,0,0,66,1,4620726,643,0,4237178,645,0
45,546742648582,546744617520,19996089,sA-eth3,up,546744408071,netem,4409654,3259,0,0,0,66,1,4868140,662,0,4238234,662,0
46,546762642709,546764572929,19994127,sA-eth3,up,546764391079,netem,4410908,3278,0,0,0,0,0,5101008,680,0,4239488,680,0
47,546782677688,546784801857,20034979,sA-eth3,up,546784578898,netem,4412096,3296,0,0,0,66,1,5341116,698,0,4240742,699,0
48,546802641726,546806574934,19964038,sA-eth3,up,546806388435,netem,4413736,3320,0,0,0,66,1,5603076,718,0,4242382,723,0
49,546822642215,546824834674,20000489,sA-eth3,up,546824658844,netem,4414858,3337,0,0,0,0,0,5835944,736,0,4243438,739,0
50,546842638494,546845202972,19996279,sA-eth3,up,546844975332,netem,4416112,3356,0,0,0,0,0,6070260,754,0,4244692,758,0
51,546862641412,546864924810,20002918,sA-eth3,up,546864746341,netem,4417300,3374,0,0,0,0,0,6308920,772,0,4245880,776,0
52,546882649741,546884952429,20008329,sA-eth3,up,546884767959,netem,4555626,3473,0,0,0,37850,3,6343530,785,0,4391826,793,0
53,546902644649,546904849538,19994908,sA-eth3,up,546904680197,netem,4806950,3639,0,0,0,52990,3,6344652,802,0,4620350,811,0
54,546922641798,546924533226,19997149,sA-eth3,up,546924359136,netem,5046162,3797,0,0,0,45420,3,6345840,820,0,4864802,829,0
55,546942639915,546944904074,19998117,sA-eth3,up,546944722005,netem,5311112,3972,0,0,0,52990,4,6347254,841,0,5112216,848,0
56,546962687034,546964894753,20047119,sA-eth3,up,546964645133,netem,5553352,4132,0,0,0,53080,5,6348442,859,0,5352414,867,0
57,546982647142,546984582911,19960108,sA-eth3,up,546984406892,netem,5810822,4303,0,0,0,45420,3,6349630,877,0,5585282,885,0
58,547002637831,547004547770,19990689,sA-eth3,up,547004373650,netem,6045652,4460,0,0,0,52990,4,6350818,895,0,5825550,905,0
59,547022641649,547024599219,20003818,sA-eth3,up,547024422288,netem,6303032,4630,0,0,0,52990,4,6352006,913,0,6058418,923,0
60,547042653428,547045051496,20011779,sA-eth3,up,547044858047,netem,6560412,4800,0,0,0,45420,3,6353260,932,0,6305832,942,0
61,547062643026,547065015245,19989598,sA-eth3,up,547064789875,netem,6611218,4839,0,0,0,66,1,6462742,945,0,6354658,951,0
62,547082665774,547085142753,20022748,sA-eth3,up,547084817283,netem,6612340,4856,0,0,0,66,1,6710090,963,0,6355846,969,0
63,547102646663,547105149901,19980889,sA-eth3,up,547104907472,netem,6613594,4875,0,0,0,66,1,6957504,982,0,6357100,988,0
64,547122643681,547124755640,19997018,sA-eth3,up,547124512740,netem,6614872,4894,0,0,0,66,1,7197612,1000,0,6358378,1007,0
65,547142645021,547144828871,20001340,sA-eth3,up,547144649121,netem,6616126,4913,0,0,0,66,1,7430480,1018,0,6359566,1025,0
66,547162640583,547164869993,19995562,sA-eth3,up,547164701373,netem,6617314,4931,0,0,0,66,1,7677894,1037,0,6360754,1043,0
67,547182642675,547184951784,20002092,sA-eth3,up,547184781874,netem,6618502,4949,0,0,0,66,1,7915106,1055,0,6361942,1061,0
68,547202639886,547204563706,19997211,sA-eth3,up,547204390746,netem,6619690,4967,0,0,0,66,1,8153766,1073,0,6363196,1080,0
69,547222672598,547224748378,20032712,sA-eth3,up,547224512478,netem,6620944,4986,0,0,0,66,1,8393874,1091,0,6364384,1098,0
70,547242646151,547245061480,19973553,sA-eth3,up,547244851109,netem,6700422,5049,0,0,0,40878,3,8461878,1105,0,6445170,1115,0
71,547262639882,547264682230,19993731,sA-eth3,up,547264474461,netem,6939634,5207,0,0,0,37850,3,8462934,1121,0,6685212,1132,0
72,547282639153,547284887702,19999271,sA-eth3,up,547284709622,netem,7197014,5377,0,0,0,45420,3,8464122,1139,0,6918080,1150,0
73,547302664485,547304745764,20025332,sA-eth3,up,547304539325,netem,7443796,5540,0,0,0,40878,3,8465244,1157,0,7165494,1169,0
74,547322642466,547324536366,19977981,sA-eth3,up,547324359236,netem,7695120,5706,0,0,0,30280,2,8466432,1174,0,7396848,1186,0
75,547342645368,547344447358,20002902,sA-eth3,up,547344268047,netem,7931304,5862,0,0,0,54504,4,8467620,1192,0,7641300,1204,0
76,547362636420,547364504009,19991052,sA-eth3,up,547364302549,netem,8181114,6027,0,0,0,59046,4,8468808,1210,0,7881408,1222,0
77,547382639121,547384923780,20002701,sA-eth3,up,547384719271,netem,8438654,6199,0,0,0,52990,4,8470062,1229,0,8126086,1243,0
78,547402618484,547405056562,19979363,sA-eth3,up,547404799932,netem,8697548,6370,0,0,0,49962,3,8471118,1245,0,8360336,1260,0
79,547422665684,547425055093,20047200,sA-eth3,up,547424816253,netem,8814970,6453,0,0,0,66,1,8566252,1261,0,8473138,1273,0
80,547442639757,547444626576,19974073,sA-eth3,up,547444447325,netem,8816158,6471,0,0,0,66,1,8813666,1279,0,8474326,1291,0
81,547462675237,547465118627,20035480,sA-eth3,up,547464884117,netem,8817346,6489,0,0,0,66,1,9068254,1297,0,8475514,1309,0
82,547482644640,547484991838,19969403,sA-eth3,up,547484797069,netem,8818534,6507,0,0,0,66,1,9301122,1315,0,8476702,1327,0
83,547502637611,547504786521,19992971,sA-eth3,up,547504568030,netem,8819722,6525,0,0,0,66,1,9548536,1334,0,8477890,1345,0
84,547522646553,547524743672,20008942,sA-eth3,up,547524568882,netem,8820976,6544,0,0,0,0,0,9785748,1352,0,8479144,1364,0
85,547542642065,547544706394,19995512,sA-eth3,up,547544528184,netem,8822164,6562,0,0,0,0,0,10027304,1370,0,8480332,1382,0
86,547562644506,547564879435,20002441,sA-eth3,up,547564672376,netem,8823286,6579,0,0,0,66,1,10273204,1388,0,8481454,1399,0
87,547582641117,547584637356,19996611,sA-eth3,up,547584438467,netem,8824342,6595,0,0,0,0,0,10514760,1406,0,8482510,1415,0
88,547602641819,547605076868,20000702,sA-eth3,up,547604879459,netem,8897632,6652,0,0,0,51476,3,10579646,1417,0,8564546,1429,0
89,547622640561,547624791400,19998742,sA-eth3,up,547624584210,netem,9147442,6817,0,0,0,51476,4,10580702,1433,0,8792938,1445,0
90,547642642633,547644908121,20002072,sA-eth3,up,547644725502,netem,9401794,6985,0,0,0,52990,4,10581824,1450,0,9037390,1463,0
91,547662650283,547664897963,20007650,sA-eth3,up,547664716054,netem,9651604,7150,0,0,0,52990,4,10583078,1469,0,9284804,1482,0
92,547682645196,547684720125,19994913,sA-eth3,up,547684546505,netem,9893844,7310,0,0,0,68130,5,10584200,1487,0,9524912,1500,0
93,547702639678,547704707477,19994482,sA-eth3,up,547704532487,netem,10151224,7480,0,0,0,52990,4,10585454,1505,0,9757780,1518,0
94,547722652599,547724690588,20012921,sA-eth3,up,547724517898,netem,10401034,7645,0,0,0,52990,4,10586642,1524,0,10005194,1537,0
95,547742655261,547744762440,20002662,sA-eth3,up,547744575919,netem,10649330,7809,0,0,0,46934,4,10587830,1541,0,10236548,1554,0
96,547762641712,547764702812,19986451,sA-eth3,up,547764529372,netem,10903682,7977,0,0,0,50052,5,10589018,1559,0,10481066,1573,0
97,547782644774,547784999552,20003062,sA-eth3,up,547784809133,netem,11018232,8060,0,0,0,0,0,10719168,1578,0,10591194,1589,0
98,547802660156,547804906664,20015382,sA-eth3,up,547804612404,netem,11019288,8076,0,0,0,66,1,10962238,1597,0,10592316,1606,0
99,547822654967,547824777536,19994811,sA-eth3,up,547824557627,netem,11020476,8094,0,0,0,66,1,11211034,1615,0,10593438,1623,0
100,547842643619,547844528808,19988652,sA-eth3,up,547844357199,netem,11021466,8109,0,0,0,66,1,11439426,1631,0,10594494,1639,0
101,547862644120,547864542650,20000501,sA-eth3,up,547864332110,netem,11022456,8124,0,0,0,66,1,11701320,1650,0,10595418,1653,0
102,547882648412,547884695751,20004292,sA-eth3,up,547884469492,netem,11023710,8143,0,0,0,0,0,11944390,1669,0,10596672,1672,0
103,547902665943,547904635183,20017531,sA-eth3,up,547904412553,netem,11024898,8161,0,0,0,66,1,12177258,1687,0,10597860,1691,0
104,547922642026,547924923115,19976083,sA-eth3,up,547924744915,netem,11026086,8179,0,0,0,66,1,12434742,1705,0,10599048,1709,0
105,547942641437,547944488086,19999411,sA-eth3,up,547944316076,netem,11027142,8195,0,0,0,0,0,12680642,1723,0,10600104,1724,0
106,547962653809,547964983317,20012372,sA-eth3,up,547964748677,netem,11088320,8244,0,0,0,40878,3,12697612,1732,0,10680758,1739,0
107,547982646380,547984784459,19992571,sA-eth3,up,547984605539,netem,11345700,8414,0,0,0,37850,3,12698668,1748,0,10906254,1755,0
108,548002645862,548005133700,19999482,sA-eth3,up,548004891540,netem,11603080,8584,0,0,0,45420,3,12699856,1766,0,11153668,1774,0
109,548022664453,548024812803,20018591,sA-eth3,up,548024598373,netem,11846924,8746,0,0,0,43906,3,12700978,1783,0,11388008,1793,0
110,548042648735,548044661414,19984282,sA-eth3,up,548044483434,netem,12101276,8914,0,0,0,46934,4,12702166,1801,0,11632460,1810,0
111,548062642816,548064682976,19994081,sA-eth3,up,548064508366,netem,12337460,9070,0,0,0,57532,4,12703420,1820,0,11876978,1829,0
112,548082638038,548084734538,19995222,sA-eth3,up,548084560697,netem,12587270,9235,0,0,0,52990,4,12704608,1838,0,12117086,1847,0
113,548102644271,548104719959,20006233,sA-eth3,up,548104542969,netem,12844650,9405,0,0,0,56018,4,12705796,1856,0,12347058,1865,0
114,548122647492,548124700191,20003221,sA-eth3,up,548124511181,netem,13103544,9576,0,0,0,49962,3,12706918,1873,0,12595920,1884,0
115,548142641355,548144990174,19993863,sA-eth3,up,548144797305,netem,13220834,9657,0,0,0,66,1,12787440,1886,0,12708590,1895,0
116,548162659680,548164882929,20018325,sA-eth3,up,548164658149,netem,13221758,9671,0,0,0,132,2,13043542,1905,0,12709646,1911,0
117,548182647645,548185158034,19987965,sA-eth3,up,548184896673,netem,13223012,9690,0,0,0,66,1,13276410,1923,0,12710834,1929,0
118,548202655989,548204880439,20008344,sA-eth3,up,548204664289,netem,13224200,9708,0,0,0,66,1,13509278,1942,0,12711956,1946,0
119,548222651975,548224921964,19995986,sA-eth3,up,548224709143,netem,13225322,9725,0,0,0,66,1,13755178,1959,0,12713144,1964,0
120,548242643469,548244630148,19991494,sA-eth3,up,548244425639,netem,13226576,9744,0,0,0,66,1,14002592,1978,0,12714332,1982,0
121,548262644904,548264784043,20001435,sA-eth3,up,548264581253,netem,13227764,9762,0,0,0,66,1,14229668,1996,0,12715520,2000,0
122,548282670939,548284763058,20026035,sA-eth3,up,548284553478,netem,13228952,9780,0,0,0,66,1,14469776,2014,0,12716774,2019,0
123,548302664364,548304833793,19993425,sA-eth3,up,548304642273,netem,13230140,9798,0,0,0,66,1,14717190,2033,0,12717962,2037,0
124,548322647929,548324990138,19983565,sA-eth3,up,548324797168,netem,13264330,9833,0,0,0,33308,2,14815314,2043,0,12750766,2051,0
125,548342644923,548344620603,19996994,sA-eth3,up,548344412912,netem,13515654,9999,0,0,0,37850,3,14816370,2059,0,12996600,2068,0
126,548362640898,548364877407,19995975,sA-eth3,up,548364693877,netem,13766978,10165,0,0,0,56018,4,14817492,2076,0,13233812,2086,0
127,548382640753,548384723712,19999855,sA-eth3,up,548384527442,netem,14015274,10329,0,0,0,49962,4,14818680,2094,0,13472472,2104,0
128,548402645668,548404754057,20004915,sA-eth3,up,548404524907,netem,14269626,10497,0,0,0,48448,3,14819934,2113,0,13716990,2123,0
129,548422647912,548424538201,20002244,sA-eth3,up,548424338632,netem,14504296,10652,0,0,0,74186,5,14821122,2131,0,13957098,2141,0
130,548442657897,548444552267,20009985,sA-eth3,up,548444332676,netem,14761676,10822,0,0,0,52990,4,14822310,2149,0,14189966,2159,0
131,548462658362,548464531142,20000465,sA-eth3,up,548464351091,netem,15011486,10987,0,0,0,52990,4,14823564,2168,0,14437380,2178,0
132,548482650907,548484593727,19992545,sA-eth3,up,548484411226,netem,15268866,11157,0,0,0,52990,4,14824752,2186,0,14677488,2196,0
133,548502641751,548504902431,19990844,sA-eth3,up,548504697291,netem,15424006,11263,0,0,0,66,1,14922980,2204,0,14826622,2211,0
134,548522641226,548525029776,19999475,sA-eth3,up,548524832896,netem,15425128,11280,0,0,0,66,1,15167432,2222,0,14827678,2228,0
135,548542646471,548544626271,20005245,sA-eth3,up,548544422381,netem,15426316,11298,0,0,0,66,1,15407540,2240,0,14828866,2245,0
136,548562640056,548564646745,19993585,sA-eth3,up,548564441085,netem,15427504,11316,0,0,0,66,1,15640408,2258,0,14830120,2264,0
137,548582643090,548584574510,20003034,sA-eth3,up,548584403221,netem,15428758,11335,0,0,0,66,1,15880516,2276,0,14831308,2282,0
138,548602645996,548605066185,20002906,sA-eth3,up,548604799405,netem,15429946,11353,0,0,0,66,1,16127930,2295,0,14832496,2300,0
139,548622648011,548624691520,20002015,sA-eth3,up,548624514620,netem,15431134,11371,0,0,0,66,1,16360798,2313,0,14833750,2319,0
140,548642641725,548644707504,19993714,sA-eth3,up,548644496555,netem,15432388,11390,0,0,0,66,1,16598010,2331,0,14834938,2337,0
141,548662641731,548664766269,20000006,sA-eth3,up,548664524220,netem,15433576,11408,0,0,0,0,0,16842528,2350,0,14836126,2355,0
142,548682645565,548685098304,20003834,sA-eth3,up,548684889244,netem,15464672,11440,0,0,0,30280,2,16933412,2360,0,14866034,2370,0
143,548702661680,548704981279,20016115,sA-eth3,up,548704794589,netem,15722052,11610,0,0,0,42392,3,16934534,2377,0,15113316,2386,0
144,548722650374,548724547304,19988694,sA-eth3,up,548724372874,netem,15956722,11765,0,0,0,56018,4,16935656,2395,0,15353424,2404,0
145,548742643470,548744491239,19993096,sA-eth3,up,548744321328,netem,16214102,11935,0,0,0,48448,3,16936910,2413,0,15586292,2422,0
146,548762644964,548764455134,20001494,sA-eth3,up,548764287774,netem,16463912,12100,0,0,0,37850,3,16938098,2431,0,15833706,2441,0
147,548782645539,548784972718,20000575,sA-eth3,up,548784801428,netem,16721292,12270,0,0,0,37850,3,16939352,2450,0,16073814,2459,0
148,548802641743,548804653423,19996204,sA-eth3,up,548804471623,netem,16963532,12430,0,0,0,45420,3,16940540,2468,0,16306682,2477,0
149,548822637068,548824533148,19995325,sA-eth3,up,548824361048,netem,17213342,12595,0,0,0,37850,3,16941794,2487,0,16554096,2496,0
150,548842642853,548844899452,20005785,sA-eth3,up,548844729033,netem,17470722,12765,0,0,0,37850,3,16942982,2505,0,16794204,2514,0
151,548862645858,548864977997,20003005,sA-eth3,up,548864781398,netem,17627310,12871,0,0,0,66,1,17007840,2522,0,16944786,2529,0
152,548882656172,548884869722,20010314,sA-eth3,up,548884689502,netem,17628366,12887,0,0,0,132,2,17249396,2540,0,16945842,2545,0
153,548902646788,548904730707,19990616,sA-eth3,up,548904546738,netem,17629554,12905,0,0,0,0,0,17496744,2558,0,16946964,2562,0
154,548922645303,548924660772,19998515,sA-eth3,up,548924471413,netem,17630742,12923,0,0,0,66,1,17736852,2576,0,16948152,2580,0
155,548942605797,548944615537,19960494,sA-eth3,up,548944436007,netem,17631930,12941,0,0,0,66,1,17984266,2595,0,16949406,2599,0
156,548962653791,548964685052,20047994,sA-eth3,up,548964487271,netem,17633184,12960,0,0,0,66,1,18217134,2613,0,16950594,2617,0
157,548982652617,548984605746,19998826,sA-eth3,up,548984415597,netem,17634372,12978,0,0,0,66,1,18464548,2632,0,16951782,2635,0
158,549002644482,549005353721,19991865,sA-eth3,up,549005122981,netem,17635560,12996,0,0,0,132,2,18716306,2651,0,16953102,2655,0
159,549022657896,549024983775,20013414,sA-eth3,up,549024777616,netem,17636814,13015,0,0,0,66,1,18952070,2669,0,16954224,2672,0
160,549042645632,549044686901,19987736,sA-eth3,up,549044473050,netem,17686210,13061,0,0,0,34822,2,19051774,2681,0,17001706,2689,0
161,549062648536,549064680236,20002904,sA-eth3,up,549064488535,netem,17942076,13230,0,0,0,49962,3,19052896,2698,0,17247540,2706,0
162,549082644011,549084594400,19995475,sA-eth3,up,549084399740,netem,18179774,13387,0,0,0,68130,5,19053952,2714,0,17493440,2724,0
163,549102647665,549104598235,20003654,sA-eth3,up,549104375555,netem,18435640,13556,0,0,0,68130,5,19055008,2730,0,17721898,2741,0
164,549122650951,549124685060,20003286,sA-eth3,up,549124464269,netem,18686964,13722,0,0,0,71158,5,19056064,2746,0,17963520,2760,0
165,549142645827,549144803677,19994876,sA-eth3,up,549144608177,netem,18933746,13885,0,0,0,74186,6,19057252,2764,0,18213830,2779,0
166,549162646555,549165131174,20000728,sA-eth3,up,549164913665,netem,19188098,14053,0,0,0,74186,6,19058374,2781,0,18445184,2796,0
167,549182717243,549185253773,20070688,sA-eth3,up,549185001223,netem,19442450,14221,0,0,0,80242,6,19059562,2799,0,18689702,2815,0
168,549202648021,549204724660,19930778,sA-eth3,up,549204526041,netem,19689232,14384,0,0,0,68130,5,19060816,2818,0,18934220,2834,0
169,549222667519,549224857759,20019498,sA-eth3,up,549224653079,netem,19830548,14478,0,0,0,0,0,19061476,2828,0,19062752,2844,0
170,549242664007,549244572727,19996488,sA-eth3,up,549244375797,netem,19830692,14480,0,0,0,78,1,19112510,2833,0,19062974,2847,0
171,549262641835,549264880124,19977828,sA-eth3,up,549264705035,netem,19831844,14494,0,0,0,78,1,19272780,2848,0,19064048,2860,0
172,549282660873,549284779832,20019038,sA-eth3,up,549284597893,netem,19832984,14508,0,0,0,0,0,19395138,2859,0,19065188,2874,0
173,549302652281,549304791071,19991408,sA-eth3,up,549304590741,netem,19834008,14520,0,0,0,86,1,19535202,2875,0,19066298,2887,0
174,549322646089,549325473178,19993808,sA-eth3,up,549325226928,netem,19835280,14536,0,0,0,0,0,19657692,2888,0,19067484,2902,0
175,549342634286,549344940987,19988197,sA-eth3,up,549344741716,netem,19836156,14546,0,0,0,94,1,19784526,2901,0,19068360,2913,0
176,549362645824,549364780794,20011538,sA-eth3,up,549364582475,netem,19837108,14558,0,0,0,0,0,19888060,2912,0,19069312,2924,0
177,549382655963,549384655822,20010139,sA-eth3,up,549384458863,netem,19837892,14568,0,0,0,66,1,20000282,2923,0,19070162,2935,0
178,549402657670,549404740860,20001707,sA-eth3,up,549404528031,netem,19838698,14579,0,0,0,86,1,20100920,2934,0,19070902,2945,0
179,549422640299,549425160638,19982629,sA-eth3,up,549424902179,netem,19922912,14646,0,0,0,36414,3,20203402,2951,0,19151882,2963,0
180,549442649586,549444883896,20009287,sA-eth3,up,549444703486,netem,20161504,14814,0,0,0,34900,4,20288904,2974,0,19397306,2993,0
181,549462640235,549464638854,19990649,sA-eth3,up,549464464074,netem,20418194,14993,0,0,0,33394,3,20390400,2998,0,19628024,3020,0
182,549482644752,549485039523,20004517,sA-eth3,up,549484838432,netem,20667212,15166,0,0,0,57704,6,20493278,3021,0,19874646,3047,0
183,549502643210,549504646600,19998458,sA-eth3,up,549504474530,netem,20919396,15342,0,0,0,62238,7,20558508,3044,0,20109756,3074,0
184,549522641649,549524483849,19998439,sA-eth3,up,549524310048,netem,21153052,15502,0,0,0,87984,7,20606032,3062,0,20350516,3100,0
185,549542646586,549544507846,20004937,sA-eth3,up,549544308626,netem,21408178,15679,0,0,0,85006,9,20692916,3084,0,20579596,3124,0
186,549562601534,549564502264,19954948,sA-eth3,up,549564324325,netem,21664852,15858,0,0,0,84940,8,20768282,3107,0,20826304,3152,0
187,549582638972,549584523313,20037438,sA-eth3,up,549584346892,netem,21904634,16023,0,0,0,85214,11,20831734,3125,0,21056780,3176,0
188,549602655230,549604595041,20016258,sA-eth3,up,549604407460,netem,22039342,16123,0,0,0,0,0,20912298,3139,0,21186208,3196,0
189,549622667008,549624662607,20011778,sA-eth3,up,549624466938,netem,22040184,16134,0,0,0,0,0,21017280,3150,0,21187050,3207,0
190,549642648756,549644672016,19981748,sA-eth3,up,549644484396,netem,22040988,16144,0,0,0,0,0,21097514,3159,0,21187854,3217,0
191,549662646364,549664596134,19997608,sA-eth3,up,549664422184,netem,22041736,16154,0,0,0,78,1,21209736,3170,0,21188602,3227,0
192,549682654492,549685018862,20008128,sA-eth3,up,549684793882,netem,22042414,16163,0,0,0,0,0,21284178,3179,0,21189280,3236,0
193,549702644410,549705170440,19989918,sA-eth3,up,549704905719,netem,22043128,16172,0,0,0,164,2,21367440,3190,0,21190158,3247,0
194,549722642818,549725144148,19998408,sA-eth3,up,549724807708,netem,22044322,16187,0,0,0,0,0,21466696,3202,0,21191188,3260,0
195,549742666946,549745403046,20024128,sA-eth3,up,549745202936,netem,22044958,16195,0,0,0,0,0,21580498,3215,0,21191824,3268,0
196,549762642184,549764972814,19975238,sA-eth3,up,549764796163,netem,22045648,16204,0,0,0,0,0,21643488,3226,0,21192514,3277,0
197,549782638881,549784861331,19996697,sA-eth3,up,549784687372,netem,22046326,16213,0,0,0,0,0,21726684,3236,0,21193192,3286,0
198,549802641960,549804641199,20003079,sA-eth3,up,549804467120,netem,22046326,16213,0,0,0,0,0,21774864,3242,0,21193192,3286,0
199,549822644538,549824982797,20002578,sA-eth3,up,549824742347,netem,22046820,16220,0,0,0,78,1,21831798,3249,0,21193686,3293,0
200,549842648886,549844592086,20004348,sA-eth3,up,549844415286,netem,22047486,16229,0,0,0,66,1,21906306,3259,0,21194418,3303,0
201,549862642113,549864933614,19993227,sA-eth3,up,549864750953,netem,22048264,16240,0,0,0,0,0,21985224,3270,0,21195130,3313,0
202,549882641131,549885045741,19999018,sA-eth3,up,549884766291,netem,22048982,16249,0,0,0,78,1,22059666,3279,0,21195848,3322,0
203,549902663240,549905131529,20022109,sA-eth3,up,549904896269,netem,22049834,16261,0,0,0,0,0,22147272,3291,0,21196700,3334,0
204,549922668617,549924709897,20005377,sA-eth3,up,549924502358,netem,22050542,16271,0,0,0,0,0,22230468,3300,0,21197408,3344,0
205,549942641026,549944491286,19972409,sA-eth3,up,549944312656,netem,22050974,16277,0,0,0,0,0,22269894,3305,0,21197840,3350,0
206,549962673994,549965133203,20032968,sA-eth3,up,549964842673,netem,22051130,16279,0,0,0,86,1,22283124,3308,0,21198082,3353,0
207,549982657812,549984875802,19983818,sA-eth3,up,549984680891,netem,22051746,16287,0,0,0,0,0,22340124,3316,0,21198612,3360,0
208,550002656529,550004976069,19998717,sA-eth3,up,550004778630,netem,22052508,16298,0,0,0,66,1,22440894,3329,0,21199440,3372,0
209,550022646747,550024563537,19990218,sA-eth3,up,550024380937,netem,22053270,16309,0,0,0,66,1,22524090,3339,0,21200136,3382,0
210,550042648815,550044969155,20002068,sA-eth3,up,550044793934,netem,22207036,16422,0,0,0,33374,3,22612092,3356,0,21347896,3404,0
211,550062661043,550064663433,20012228,sA-eth3,up,550064473463,netem,22445178,16585,0,0,0,74272,6,22656720,3374,0,21576798,3427,0
212,550082644352,550084895251,19983309,sA-eth3,up,550084720911,netem,22701364,16758,0,0,0,68130,5,22696806,3389,0,21823084,3450,0
213,550102641279,550104890349,19996927,sA-eth3,up,550104723209,netem,22957806,16935,0,0,0,84850,7,22763286,3409,0,22069560,3476,0
214,550122644978,550124481037,20003699,sA-eth3,up,550124318157,netem,23198940,17100,0,0,0,72828,7,22816404,3424,0,22301322,3499,0
215,550142667827,550144681668,20022849,sA-eth3,up,550144432747,netem,23452512,17276,0,0,0,68388,8,22867154,3447,0,22545060,3526,0
216,550162661038,550165699368,19993211,sA-eth3,up,550165451519,netem,23709166,17455,0,0,0,85084,10,22914810,3467,0,22791748,3554,0
217,550182645179,550185710850,19984141,sA-eth3,up,550185533460,netem,23961120,17630,0,0,0,106178,11,22969838,3489,0,23033868,3580,0
218,550202648050,550204957300,20002871,sA-eth3,up,550204786161,netem,24206916,17800,0,0,0,44654,6,23005844,3509,0,23270094,3605,0
219,550222643151,550225240872,19995101,sA-eth3,up,550225053721,netem,24252080,17840,0,0,0,0,0,23048562,3519,0,23313476,3618,0
220,550242645993,550244924933,20002842,sA-eth3,up,550244750553,netem,24252828,17844,0,0,0,0,0,23060278,3521,0,23314224,3622,0
221,550262640033,550264872864,19994040,sA-eth3,up,550264697984,netem,24252828,17844,0,0,0,0,0,23060278,3521,0,23314224,3622,0
222,550282651225,550284875414,20011192,sA-eth3,up,550284693484,netem,24252828,17844,0,0,0,0,0,23060278,3521,0,23314224,3622,0
223,550302643765,550305328575,19992540,sA-eth3,up,550305132776,netem,24252828,17844,0,0,0,0,0,23060278,3521,0,23314224,3622,0
224,550322648357,550325063237,20004592,sA-eth3,up,550324860256,netem,24252828,17844,0,0,0,0,0,23060278,3521,0,23314224,3622,0
225,550342641068,550344922348,19992711,sA-eth3,up,550344751989,netem,24252828,17844,0,0,0,0,0,23060278,3521,0,23314224,3622,0
226,550362641389,550365047709,20000321,sA-eth3,up,550364852170,netem,24252828,17844,0,0,0,0,0,23060278,3521,0,23314224,3622,0
227,550382639220,550384967430,19997831,sA-eth3,up,550384789680,netem,24252828,17844,0,0,0,0,0,23060278,3521,0,23314224,3622,0
228,550402655101,550404954021,20015881,sA-eth3,up,550404772701,netem,24252828,17844,0,0,0,0,0,23060278,3521,0,23314224,3622,0
229,550422645093,550424915323,19989992,sA-eth3,up,550424746193,netem,24252828,17844,0,0,0,0,0,23060278,3521,0,23314224,3622,0
230,550442639143,550444992564,19994050,sA-eth3,up,550444824734,netem,24252828,17844,0,0,0,0,0,23060278,3521,0,23314224,3622,0
231,550462645945,550464951705,20006802,sA-eth3,up,550464783635,netem,24254684,17850,0,0,0,78,1,23089700,3528,0,23316080,3628,0
232,550482659036,550484617476,20013091,sA-eth3,up,550484415896,netem,24255194,17857,0,0,0,66,1,23126362,3535,0,23316656,3636,0
233,550502648687,550504504597,19989651,sA-eth3,up,550504331427,netem,24255704,17864,0,0,0,78,1,23163024,3542,0,23317178,3643,0
234,550522642907,550524496998,19994220,sA-eth3,up,550524327708,netem,24256334,17873,0,0,0,78,1,23209888,3550,0,23317730,3651,0
235,550542649939,550544454788,20007032,sA-eth3,up,550544286188,netem,24256922,17881,0,0,0,78,1,23252408,3559,0,23318318,3659,0
236,550562655899,550564540150,20005960,sA-eth3,up,550564365220,netem,24257462,17889,0,0,0,78,1,23299272,3566,0,23318858,3667,0
237,550582648841,550584711882,19992942,sA-eth3,up,550584537861,netem,24258108,17898,0,0,0,0,0,23325864,3574,0,23319504,3676,0
238,550602638702,550604816742,19989861,sA-eth3,up,550604651903,netem,24258672,17906,0,0,0,0,0,23372728,3582,0,23320068,3684,0
239,550622641243,550624422844,20002541,sA-eth3,up,550624260284,netem,24259146,17913,0,0,0,0,0,23413734,3589,0,23320542,3691,0
240,550642642285,550644745104,20001042,sA-eth3,up,550644491525,netem,24259620,17920,0,0,0,66,1,23450396,3596,0,23321016,3698,0
241,550662632105,550664618075,19989820,sA-eth3,up,550664434956,netem,24260204,17928,0,0,0,78,1,23492916,3604,0,23321600,3706,0
242,550682639497,550685435696,20007392,sA-eth3,up,550685194227,netem,24260948,17938,0,0,0,0,0,23535502,3613,0,23322344,3716,0
243,550702645707,550705705218,20006210,sA-eth3,up,550705533768,netem,24261638,17947,0,0,0,0,0,23583880,3622,0,23323034,3725,0
244,550722640878,550724679599,19995171,sA-eth3,up,550724506199,netem,24262058,17953,0,0,0,0,0,23624886,3629,0,23323454,3731,0
245,550742642980,550744476040,20002102,sA-eth3,up,550744307390,netem,24262136,17954,0,0,0,0,0,23624886,3629,0,23323532,3732,0
246,550762644501,550764487191,20001521,sA-eth3,up,550764311960,netem,24262136,17954,0,0,0,0,0,23624886,3629,0,23323532,3732,0
247,550782645682,550785618382,20001181,sA-eth3,up,550785445662,netem,24262136,17954,0,0,0,0,0,23624886,3629,0,23323532,3732,0
248,550802649373,550805181153,20003691,sA-eth3,up,550804984283,netem,24262136,17954,0,0,0,0,0,23624886,3629,0,23323532,3732,0
249,550822645594,550824977984,19996221,sA-eth3,up,550824800195,netem,24262136,17954,0,0,0,0,0,23624886,3629,0,23323532,3732,0
250,550842657465,550844802115,20011871,sA-eth3,up,550844634885,netem,24262136,17954,0,0,0,0,0,23624886,3629,0,23323532,3732,0
251,550862677337,550864725356,20019872,sA-eth3,up,550864499467,netem,24262136,17954,0,0,0,0,0,23624886,3629,0,23323532,3732,0
252,550882650817,550885085277,19973480,sA-eth3,up,550884858487,netem,24263650,17955,0,0,0,0,0,23624886,3629,0,23325046,3733,0
253,550902651599,550904899349,20000782,sA-eth3,up,550904713178,netem,24263720,17956,0,0,0,0,0,23624964,3630,0,23325116,3734,0
254,550922651740,550924648829,20000141,sA-eth3,up,550924473560,netem,24263720,17956,0,0,0,0,0,23624964,3630,0,23325116,3734,0
255,550942641511,550944517971,19989771,sA-eth3,up,550944346941,netem,24263798,17957,0,0,0,16744,2,23630888,3632,0,23325284,3736,0
256,550962641722,550965128292,20000211,sA-eth3,up,550964851922,netem,24502138,18123,0,0,0,50098,5,23672752,3652,0,23570292,3762,0
257,550982658193,550984544253,20016471,sA-eth3,up,550984368633,netem,24758448,18298,0,0,0,49962,3,23691250,3669,0,23800572,3784,0
258,551002651574,551004503425,19993381,sA-eth3,up,551004320404,netem,24999708,18464,0,0,0,62160,6,23717186,3689,0,24044110,3809,0
259,551022643545,551024501495,19991971,sA-eth3,up,551024320526,netem,25251454,18635,0,0,0,53068,5,23748914,3710,0,24274504,3832,0
260,551042648406,551044452156,20004861,sA-eth3,up,551044283456,netem,25509278,18811,0,0,0,45552,5,23784920,3728,0,24522362,3857,0
261,551062654957,551064448137,20006551,sA-eth3,up,551064281457,netem,25759616,18984,0,0,0,53056,5,23832708,3750,0,24762998,3883,0
262,551082645358,551084469528,19990401,sA-eth3,up,551084300128,netem,26002300,19150,0,0,0,53076,5,23854366,3771,0,24996310,3907,0
263,551102640139,551104411379,19994781,sA-eth3,up,551104244139,netem,26249712,19322,0,0,0,59178,6,23902220,3794,0,25244354,3935,0
264,551122645860,551124421441,20005721,sA-eth3,up,551124253391,netem,26460948,19466,0,0,0,66,1,23920454,3807,0,25437204,3954,0
265,551142655353,551144467104,20009493,sA-eth3,up,551144299023,netem,26461906,19473,0,0,0,0,0,23949822,3813,0,25438096,3960,0
266,551162648177,551164481128,19992824,sA-eth3,up,551164311039,netem,26462338,19479,0,0,0,0,0,23986484,3820,0,25438528,3966,0
267,551182640502,551184471822,19992325,sA-eth3,up,551184299702,netem,26462866,19487,0,0,0,0,0,24027490,3827,0,25439056,3974,0
268,551202644226,551205138356,20003724,sA-eth3,up,551204922267,netem,26463412,19494,0,0,0,0,0,24051120,3834,0,25439602,3981,0
269,551222658700,551224855901,20014474,sA-eth3,up,551224603551,netem,26463884,19500,0,0,0,0,0,24087782,3841,0,25440074,3987,0
270,551242654235,551244584935,19995535,sA-eth3,up,551244379765,netem,26464412,19508,0,0,0,66,1,24136160,3850,0,25440668,3996,0
271,551262644538,551264455069,19990303,sA-eth3,up,551264256139,netem,26464934,19515,0,0,0,78,1,24168478,3857,0,25441202,4003,0
272,551282645053,551284786093,20000515,sA-eth3,up,551284586923,netem,26465600,19524,0,0,0,0,0,24216790,3865,0,25441790,4011,0
273,551302640897,551305047737,19995844,sA-eth3,up,551304856058,netem,26466220,19532,0,0,0,66,1,24249174,3873,0,25442410,4019,0
274,551322647251,551324872322,20006354,sA-eth3,up,551324675561,netem,26466928,19542,0,0,0,0,0,24307820,3884,0,25443118,4029,0
275,551342639045,551344738186,19991794,sA-eth3,up,551344568076,netem,26467594,19551,0,0,0,0,0,24358962,3891,0,25443784,4038,0
276,551362609509,551364414819,19970464,sA-eth3,up,551364246050,netem,26468272,19560,0,0,0,66,1,24414712,3902,0,25444462,4047,0
277,551382638964,551385045674,20029455,sA-eth3,up,551384850644,netem,26469034,19571,0,0,0,132,2,24499488,3914,0,25445290,4059,0
278,551402648888,551404505048,20009924,sA-eth3,up,551404331208,netem,26469778,19581,0,0,0,0,0,24541942,3921,0,25445968,4068,0
279,551422646103,551424676203,19997215,sA-eth3,up,551424424632,netem,26470732,19594,0,0,0,0,0,24618162,3935,0,25446922,4081,0
280,551442653716,551444828236,20007613,sA-eth3,up,551444654207,netem,26471342,19601,0,0,0,78,1,24660682,3943,0,25447532,4088,0
281,551462669181,551464596271,20015465,sA-eth3,up,551464384821,netem,26472272,19612,0,0,0,66,1,24741048,3954,0,25448462,4099,0
282,551482600425,551484672796,19931244,sA-eth3,up,551484456265,netem,26473238,19625,0,0,0,0,0,24860708,3968,0,25449428,4112,0
283,551502606659,551504708750,20006234,sA-eth3,up,551504472150,netem,26474114,19637,0,0,0,144,2,24961478,3981,0,25450448,4126,0
284,551522644923,551524807223,20038264,sA-eth3,up,551524573094,netem,26475092,19650,0,0,0,0,0,25050532,3992,0,25451282,4137,0
285,551542640328,551544601547,19995405,sA-eth3,up,551544422478,netem,26475884,19660,0,0,0,0,0,25125040,4002,0,25452074,4147,0
286,551562654851,551564964982,20014523,sA-eth3,up,551564765742,netem,26476546,19669,0,0,0,78,1,25206854,4013,0,25452814,4157,0
287,551582645876,551584656496,19991025,sA-eth3,up,551584453186,netem,26477464,19682,0,0,0,0,0,25297356,4024,0,25453654,4169,0
288,551602659780,551604642670,20013904,sA-eth3,up,551604457060,netem,26477896,19688,0,0,0,0,0,25336782,4029,0,25454086,4175,0
289,551622641224,551624772235,19981444,sA-eth3,up,551624597145,netem,26477896,19688,0,0,0,0,0,25336782,4029,0,25454086,4175,0
290,551642643038,551644671699,20001814,sA-eth3,up,551644486128,netem,26477896,19688,0,0,0,0,0,25336782,4029,0,25454086,4175,0
291,551662643713,551664727783,20000675,sA-eth3,up,551664551122,netem,26477896,19688,0,0,0,0,0,25336782,4029,0,25454086,4175,0
292,551682639336,551684689057,19995623,sA-eth3,up,551684507407,netem,26477896,19688,0,0,0,0,0,25336782,4029,0,25454086,4175,0
293,551702645381,551704748721,20006045,sA-eth3,up,551704571922,netem,26477896,19688,0,0,0,0,0,25336782,4029,0,25454086,4175,0
294,551722639516,551724862575,19994135,sA-eth3,up,551724693515,netem,26477896,19688,0,0,0,0,0,25336782,4029,0,25454086,4175,0
295,551742669019,551744796929,20029503,sA-eth3,up,551744604110,netem,26477896,19688,0,0,0,0,0,25336782,4029,0,25454086,4175,0
296,551762646404,551764676774,19977385,sA-eth3,up,551764497964,netem,26477896,19688,0,0,0,0,0,25336782,4029,0,25454086,4175,0
297,551782644278,551784605928,19997874,sA-eth3,up,551784427198,netem,26477896,19688,0,0,0,0,0,25336782,4029,0,25454086,4175,0
298,551802648412,551804822502,20004134,sA-eth3,up,551804638903,netem,26477896,19688,0,0,0,0,0,25336782,4029,0,25454086,4175,0
299,551822648196,551824552997,19999784,sA-eth3,up,551824370406,netem,26478364,19694,0,0,0,0,0,25363440,4038,0,25454554,4181,0
300,551842644941,551844538090,19996745,sA-eth3,up,551844350501,netem,26479426,19709,0,0,0,0,0,25433680,4050,0,25455616,4196,0
301,551862637745,551864433615,19992804,sA-eth3,up,551864268205,netem,26479426,19709,0,0,0,0,0,25433680,4050,0,25455616,4196,0
302,551882652259,551884780129,20014514,sA-eth3,up,551884525619,netem,26479426,19709,0,0,0,0,0,25433680,4050,0,25455616,4196,0
303,551902653462,551904971213,20001203,sA-eth3,up,551904784514,netem,26479426,19709,0,0,0,0,0,25433680,4050,0,25455616,4196,0
304,551922644017,551924642077,19990555,sA-eth3,up,551924391977,netem,26479426,19709,0,0,0,0,0,25433680,4050,0,25455616,4196,0
305,551942654141,551944779852,20010124,sA-eth3,up,551944594171,netem,26479426,19709,0,0,0,0,0,25433680,4050,0,25455616,4196,0
306,551962645935,551964982385,19991794,sA-eth3,up,551964814687,netem,26479426,19709,0,0,0,0,0,25433680,4050,0,25455616,4196,0
307,551982647410,551984728860,20001475,sA-eth3,up,551984556960,netem,26479426,19709,0,0,0,0,0,25433680,4050,0,25455616,4196,0
308,552002642254,552004654775,19994844,sA-eth3,up,552004481424,netem,26479426,19709,0,0,0,0,0,25433680,4050,0,25455616,4196,0
309,552022644167,552024785269,20001913,sA-eth3,up,552024537828,netem,26479426,19709,0,0,0,0,0,25433680,4050,0,25455616,4196,0
310,552042640912,552044880723,19996745,sA-eth3,up,552044702123,netem,26480056,19718,0,0,0,66,1,25516966,4061,0,25456246,4205,0
311,552062640776,552064897767,19999864,sA-eth3,up,552064710148,netem,26480760,19728,0,0,0,0,0,25600162,4071,0,25456950,4215,0
312,552082637590,552084594271,19996814,sA-eth3,up,552084414951,netem,26481438,19737,0,0,0,0,0,25639786,4079,0,25457628,4224,0
313,552102646745,552104923995,20009155,sA-eth3,up,552104707436,netem,26482300,19748,0,0,0,0,0,25705672,4090,0,25458490,4235,0
314,552122644329,552124896619,19997584,sA-eth3,up,552124702920,netem,26482870,19755,0,0,0,86,1,25771360,4098,0,25459060,4242,0
315,552142639215,552144571256,19994886,sA-eth3,up,552144362606,netem,26483564,19764,0,0,0,0,0,25841392,4106,0,25459754,4251,0
316,552162650792,552164964123,20011577,sA-eth3,up,552164771263,netem,26484278,19773,0,0,0,78,1,25914452,4116,0,25460468,4260,0
317,552182644200,552184643680,19993408,sA-eth3,up,552184452431,netem,26485232,19786,0,0,0,0,0,25994818,4127,0,25461422,4273,0
318,552202644317,552204664528,20000117,sA-eth3,up,552204474087,netem,26485688,19792,0,0,0,0,0,26038720,4134,0,25461878,4279,0
319,552222646464,552225019545,20002147,sA-eth3,up,552224829944,netem,26707582,19949,0,0,0,33464,4,26119878,4157,0,25675126,4305,0
320,552242648661,552244917592,20002197,sA-eth3,up,552244741472,netem,26946114,20117,0,0,0,54702,7,26182410,4183,0,25920478,4335,0
321,552262651689,552264823740,20003028,sA-eth3,up,552264634919,netem,27202786,20297,0,0,0,33394,3,26247310,4201,0,26151190,4363,0
322,552282653456,552284684467,20001767,sA-eth3,up,552284500667,netem,27439934,20465,0,0,0,53122,6,26331232,4222,0,26395158,4393,0
323,552302646333,552304680763,19992877,sA-eth3,up,552304486054,netem,27696552,20644,0,0,0,36336,3,26371450,4239,0,26625750,4419,0
324,552322629820,552324793261,19983487,sA-eth3,up,552324612221,netem,27937786,20809,0,0,0,68340,7,26433850,4263,0,26873816,4446,0
325,552342644018,552344788378,20014198,sA-eth3,up,552344580849,netem,28192756,20986,0,0,0,68302,7,26493156,4284,0,27102616,4468,0
326,552362656615,552364550616,20012597,sA-eth3,up,552364365046,netem,28446066,21159,0,0,0,71392,8,26544826,4299,0,27346092,4492,0
327,552382650512,552384893973,19993897,sA-eth3,up,552384630214,netem,28685046,21327,0,0,0,0,0,26604264,4322,0,27575766,4519,0
328,552402655620,552404822530,20005108,sA-eth3,up,552404643140,netem,28685634,21335,0,0,0,0,0,26655406,4329,0,27576354,4527,0
329,552422641308,552424651388,19985688,sA-eth3,up,552424438938,netem,28686222,21343,0,0,0,0,0,26713854,4337,0,27576942,4535,0
330,552442642634,552444772485,20001326,sA-eth3,up,552444583525,netem,28686786,21351,0,0,0,66,1,26779608,4346,0,27577572,4544,0
331,552462638071,552464713972,19995437,sA-eth3,up,552464516031,netem,28687226,21357,0,0,0,78,1,26823444,4352,0,27577946,4549,0
332,552482636949,552484473479,19998878,sA-eth3,up,552484306260,netem,28687724,21364,0,0,0,78,1,26874586,4359,0,27578444,4556,0
333,552502642816,552504494577,20005867,sA-eth3,up,552504324377,netem,28688366,21373,0,0,0,0,0,26933034,4367,0,27579086,4565,0
334,552522638183,552524467114,19995367,sA-eth3,up,552524291384,netem,28688942,21381,0,0,0,0,0,26991482,4375,0,27579662,4573,0
335,552542643201,552544831001,20005018,sA-eth3,up,552544651182,netem,28689242,21385,0,0,0,0,0,27013400,4378,0,27579962,4577,0
336,552562628718,552564586389,19985517,sA-eth3,up,552564335998,netem,28689242,21385,0,0,0,0,0,27013400,4378,0,27579962,4577,0
337,552582659115,552584904746,20030397,sA-eth3,up,552584722856,netem,28689242,21385,0,0,0,0,0,27013400,4378,0,27579962,4577,0
338,552602648892,552604440923,19989777,sA-eth3,up,552604262153,netem,28689242,21385,0,0,0,0,0,27013400,4378,0,27579962,4577,0
339,552622642680,552624878360,19993788,sA-eth3,up,552624705610,netem,28689242,21385,0,0,0,0,0,27013400,4378,0,27579962,4577,0
340,552642644077,552644500628,20001397,sA-eth3,up,552644323507,netem,28689242,21385,0,0,0,0,0,27013400,4378,0,27579962,4577,0
341,552662645214,552664761265,20001137,sA-eth3,up,552664584454,netem,28689242,21385,0,0,0,0,0,27013400,4378,0,27579962,4577,0
342,552682640802,552684886192,19995588,sA-eth3,up,552684629643,netem,28689242,21385,0,0,0,0,0,27013400,4378,0,27579962,4577,0
343,552702667679,552704715709,20026877,sA-eth3,up,552704490830,netem,28689242,21385,0,0,0,0,0,27013400,4378,0,27579962,4577,0
344,552722646626,552724784566,19978947,sA-eth3,up,552724604647,netem,28689242,21385,0,0,0,0,0,27013400,4378,0,27579962,4577,0
345,552742650753,552744814514,20004127,sA-eth3,up,552744622374,netem,28689242,21385,0,0,0,0,0,27013400,4378,0,27579962,4577,0
346,552762648730,552764813162,19997977,sA-eth3,up,552764629491,netem,28689242,21385,0,0,0,0,0,27013400,4378,0,27579962,4577,0
347,552782650508,552784711129,20001778,sA-eth3,up,552784528978,netem,28689242,21385,0,0,0,0,0,27013400,4378,0,27579962,4577,0
348,552802653686,552804671676,20003178,sA-eth3,up,552804452086,netem,28689242,21385,0,0,0,0,0,27013400,4378,0,27579962,4577,0
349,552822666322,552824908883,20012636,sA-eth3,up,552824676563,netem,28689242,21385,0,0,0,0,0,27013400,4378,0,27579962,4577,0
350,552842652960,552844709300,19986638,sA-eth3,up,552844522561,netem,28689242,21385,0,0,0,0,0,27013400,4378,0,27579962,4577,0
351,552862637367,552864507977,19984407,sA-eth3,up,552864335318,netem,28689242,21385,0,0,0,0,0,27013400,4378,0,27579962,4577,0
352,552882658204,552884781175,20020837,sA-eth3,up,552884598334,netem,28689242,21385,0,0,0,0,0,27013400,4378,0,27579962,4577,0
353,552902644321,552904772152,19986117,sA-eth3,up,552904588932,netem,28689242,21385,0,0,0,0,0,27013400,4378,0,27579962,4577,0
354,552922677709,552924853290,20033388,sA-eth3,up,552924611110,netem,28689242,21385,0,0,0,0,0,27013400,4378,0,27579962,4577,0
355,552942646236,552944498346,19968527,sA-eth3,up,552944328257,netem,28689242,21385,0,0,0,0,0,27013400,4378,0,27579962,4577,0
356,552962648534,552964477294,20002298,sA-eth3,up,552964301813,netem,28689242,21385,0,0,0,0,0,27013400,4378,0,27579962,4577,0
357,552982639831,552984759891,19991297,sA-eth3,up,552984591571,netem,28689242,21385,0,0,0,0,0,27013400,4378,0,27579962,4577,0
358,553002644158,553004554048,20004327,sA-eth3,up,553004384878,netem,28689242,21385,0,0,0,0,0,27013400,4378,0,27579962,4577,0
359,553022637575,553024422336,19993417,sA-eth3,up,553024256736,netem,28689242,21385,0,0,0,0,0,27013400,4378,0,27579962,4577,0
360,553042640763,553044683273,20003188,sA-eth3,up,553044499113,netem,28689242,21385,0,0,0,0,0,27013400,4378,0,27579962,4577,0
361,553062648980,553064534911,20008217,sA-eth3,up,553064355810,netem,28689242,21385,0,0,0,0,0,27013400,4378,0,27579962,4577,0
362,553082647957,553084471498,19998977,sA-eth3,up,553084294688,netem,28689242,21385,0,0,0,0,0,27013400,4378,0,27579962,4577,0
363,553102642904,553104490075,19994947,sA-eth3,up,553104321035,netem,28689242,21385,0,0,0,0,0,27013400,4378,0,27579962,4577,0
364,553122637222,553124410423,19994318,sA-eth3,up,553124246542,netem,28689242,21385,0,0,0,0,0,27013400,4378,0,27579962,4577,0
365,553142637811,553144440201,20000589,sA-eth3,up,553144277311,netem,28689242,21385,0,0,0,0,0,27013400,4378,0,27579962,4577,0
366,553162649091,553164887792,20011280,sA-eth3,up,553164709512,netem,28689242,21385,0,0,0,0,0,27014914,4379,0,27579962,4577,0
367,553182644382,553184724793,19995291,sA-eth3,up,553184550512,netem,28689920,21394,0,0,0,0,0,27060396,4388,0,27580640,4586,0
368,553202640071,553204622862,19995689,sA-eth3,up,553204453902,netem,28690526,21403,0,0,0,66,1,27123254,4397,0,27581246,4595,0
369,553222642282,553224575614,20002211,sA-eth3,up,553224409854,netem,28691024,21410,0,0,0,0,0,27174396,4404,0,27581744,4602,0
370,553242644992,553244696524,20002710,sA-eth3,up,553244529093,netem,28691566,21417,0,0,0,0,0,27225538,4411,0,27582286,4609,0
371,553262643923,553264819984,19998931,sA-eth3,up,553264565463,netem,28692226,21427,0,0,0,78,1,27298598,4421,0,27582946,4619,0
372,553282670603,553284557664,20026680,sA-eth3,up,553284357414,netem,28692912,21436,0,0,0,78,1,27362970,4431,0,27583710,4629,0
373,553302645893,553304601314,19975290,sA-eth3,up,553304426345,netem,28693790,21447,0,0,0,78,1,27431752,4442,0,27584510,4639,0
374,553322642554,553324549765,19996661,sA-eth3,up,553324377895,netem,28694558,21457,0,0,0,78,1,27491780,4452,0,27585278,4649,0
375,553342652664,553344742125,20010110,sA-eth3,up,553344489305,netem,28695308,21468,0,0,0,0,0,27580834,4463,0,27586028,4660,0
376,553362675415,553364708785,20022751,sA-eth3,up,553364457286,netem,28696124,21478,0,0,0,0,0,27672982,4477,0,27586844,4670,0
377,553382658884,553384989266,19983469,sA-eth3,up,553384754626,netem,28696124,21478,0,0,0,0,0,27684698,4479,0,27586844,4670,0
378,553402653745,553404582006,19994861,sA-eth3,up,553404398166,netem,28696190,21479,0,0,0,0,0,27693452,4480,0,27586910,4671,0
379,553422651835,553424800016,19998090,sA-eth3,up,553424611496,netem,28697132,21492,0,0,0,0,0,27794354,4495,0,27587852,4684,0
380,553442641856,553444697646,19990021,sA-eth3,up,553444482227,netem,28698068,21506,0,0,0,66,1,27921254,4509,0,27588854,4699,0
381,553462670227,553464853737,20028371,sA-eth3,up,553464639307,netem,28698950,21517,0,0,0,156,2,28021958,4521,0,27589826,4711,0
382,553482651967,553484657427,19981740,sA-eth3,up,553484470257,netem,28699900,21530,0,0,0,0,0,28141552,4534,0,27590620,4722,0
383,553502648806,553504555208,19996839,sA-eth3,up,553504373577,netem,28700566,21539,0,0,0,0,0,28198618,4543,0,27591286,4731,0
384,553522641157,553524494058,19992351,sA-eth3,up,553524316738,netem,28701576,21552,0,0,0,144,2,28305312,4558,0,27592296,4744,0
385,553542643717,553545030148,20002560,sA-eth3,up,553544843329,netem,28702320,21562,0,0,0,0,0,28381136,4566,0,27593040,4754,0
386,553562642788,553564535389,19999071,sA-eth3,up,553564365899,netem,28703088,21572,0,0,0,78,1,28464398,4577,0,27593886,4765,0
387,553582655168,553584568599,20012380,sA-eth3,up,553584393309,netem,28704012,21584,0,0,0,0,0,28567932,4588,0,27594732,4776,0
388,553602649048,553604578439,19993880,sA-eth3,up,553604405180,netem,28704812,21594,0,0,0,78,1,28649680,4598,0,27595532,4786,0
389,553622648269,553624495240,19999221,sA-eth3,up,553624329609,netem,28705868,21608,0,0,0,0,0,28722938,4611,0,27596588,4800,0
390,553642649409,553644496730,20001140,sA-eth3,up,553644329220,netem,28706534,21617,0,0,0,78,1,28803304,4622,0,27597254,4809,0
391,553662653229,553664589500,20003820,sA-eth3,up,553664415190,netem,28707362,21629,0,0,0,66,1,28890976,4634,0,27598148,4822,0
392,553682643750,553684998481,19990521,sA-eth3,up,553684800051,netem,28707572,21632,0,0,0,0,0,28898282,4635,0,27598292,4824,0
393,553702647670,553704541211,20003920,sA-eth3,up,553704367081,netem,28707572,21632,0,0,0,0,0,28898282,4635,0,27598292,4824,0
394,553722645110,553724953992,19997440,sA-eth3,up,553724755861,netem,28877230,21745,0,0,0,33308,2,28898942,4645,0,27761350,4837,0
395,553742644331,553744568861,19999221,sA-eth3,up,553744390572,netem,29114928,21902,0,0,0,68130,5,28899734,4657,0,28007184,4854,0
396,553762651012,553764601692,20006681,sA-eth3,up,553764417572,netem,29370794,22071,0,0,0,84784,6,28900592,4670,0,28235642,4871,0
397,553782601672,553784500862,19950660,sA-eth3,up,553784325771,netem,29629688,22242,0,0,0,81756,6,28901384,4682,0,28484438,4889,0
398,553802640701,553804562673,20039029,sA-eth3,up,553804390382,netem,29874956,22404,0,0,0,71158,5,28902044,4692,0,28727508,4908,0
399,553822641762,553824535943,20001061,sA-eth3,up,553824361463,netem,30117196,22564,0,0,0,68130,5,28903100,4708,0,28967616,4926,0
400,553842647773,553844563963,20006011,sA-eth3,up,553844388904,netem,30374576,22734,0,0,0,68130,5,28904024,4722,0,29200484,4944,0
401,553862690312,553865333864,20042539,sA-eth3,up,553865131114,netem,30631956,22904,0,0,0,60560,4,28905014,4737,0,29447898,4963,0
402,553882651182,553885416644,19960870,sA-eth3,up,553885238774,netem,30881766,23069,0,0,0,18760,3,28907452,4752,0,29688006,4981,0
403,553902638103,553904826954,19986921,sA-eth3,up,553904646644,netem,30900526,23083,0,0,0,0,0,28907584,4754,0,29706040,4984,0
404,553922646074,553926073016,20007971,sA-eth3,up,553925817465,netem,30900526,23083,0,0,0,0,0,28907584,4754,0,29706040,4984,0
405,553942645774,553945025815,19999700,sA-eth3,up,553944761515,netem,30900526,23083,0,0,0,0,0,28907584,4754,0,29706040,4984,0
406,553962678455,553964745975,20032681,sA-eth3,up,553964491376,netem,30900526,23083,0,0,0,0,0,28907584,4754,0,29706040,4984,0
407,553982667474,553984613476,19989019,sA-eth3,up,553984397296,netem,30900526,23083,0,0,0,0,0,28907584,4754,0,29706040,4984,0
408,554002664045,554005417386,19996571,sA-eth3,up,554005197127,netem,30900526,23083,0,0,0,0,0,28907584,4754,0,29706040,4984,0
409,554022661685,554025647416,19997640,sA-eth3,up,554025392767,netem,30900526,23083,0,0,0,0,0,28907584,4754,0,29706040,4984,0
410,554042655516,554045414017,19993831,sA-eth3,up,554045168377,netem,30900526,23083,0,0,0,0,0,28907584,4754,0,29706040,4984,0
411,554062653607,554066563668,19998091,sA-eth3,up,554066338289,netem,30900526,23083,0,0,0,0,0,28907584,4754,0,29706040,4984,0
412,554082702526,554085042108,20048919,sA-eth3,up,554084798717,netem,30900526,23083,0,0,0,0,0,28907584,4754,0,29706040,4984,0
413,554102693587,554105215648,19991061,sA-eth3,up,554104866208,netem,30900526,23083,0,0,0,0,0,28907584,4754,0,29706040,4984,0
414,554122672167,554126149719,19978580,sA-eth3,up,554125867859,netem,30900526,23083,0,0,0,0,0,28907584,4754,0,29706040,4984,0
415,554142753459,554145248521,20081292,sA-eth3,up,554144948281,netem,30900526,23083,0,0,0,0,0,28907584,4754,0,29706040,4984,0
416,554162679482,554165221744,19926023,sA-eth3,up,554164987165,netem,30900526,23083,0,0,0,0,0,28907584,4754,0,29706040,4984,0
417,554182671966,554184935518,19992484,sA-eth3,up,554184652398,netem,30900526,23083,0,0,0,0,0,28907584,4754,0,29706040,4984,0
418,554202681149,554204954161,20009183,sA-eth3,up,554204739421,netem,30900526,23083,0,0,0,0,0,28907584,4754,0,29706040,4984,0
419,554222656443,554224726065,19975294,sA-eth3,up,554224522184,netem,30900526,23083,0,0,0,0,0,28907584,4754,0,29706040,4984,0
420,554242653216,554244726828,19996773,sA-eth3,up,554244529478,netem,30900526,23083,0,0,0,0,0,28907584,4754,0,29706040,4984,0
421,554262662060,554264747301,20008844,sA-eth3,up,554264554081,netem,30900526,23083,0,0,0,0,0,28907584,4754,0,29706040,4984,0
422,554282685793,554285078814,20023733,sA-eth3,up,554284843914,netem,30900526,23083,0,0,0,0,0,28907584,4754,0,29706040,4984,0
423,554302677906,554304975787,19992113,sA-eth3,up,554304761688,netem,30900526,23083,0,0,0,0,0,28907584,4754,0,29706040,4984,0
424,554322649839,554324697631,19971933,sA-eth3,up,554324508030,netem,30900526,23083,0,0,0,0,0,28907584,4754,0,29706040,4984,0
425,554342651483,554344788294,20001644,sA-eth3,up,554344602085,netem,30900526,23083,0,0,0,0,0,28907584,4754,0,29706040,4984,0
426,554362643837,554364781817,19992354,sA-eth3,up,554364581088,netem,30900526,23083,0,0,0,0,0,28907584,4754,0,29706040,4984,0
427,554382697619,554384934141,20053782,sA-eth3,up,554384711332,netem,30900526,23083,0,0,0,0,0,28907584,4754,0,29706040,4984,0
428,554402651114,554404527695,19953495,sA-eth3,up,554404350014,netem,30900526,23083,0,0,0,0,0,28907584,4754,0,29706040,4984,0
429,554422650716,554425057598,19999602,sA-eth3,up,554424834537,netem,30900526,23083,0,0,0,0,0,28907584,4754,0,29706040,4984,0
430,554442652740,554444749372,20002024,sA-eth3,up,554444572941,netem,30900526,23083,0,0,0,0,0,28907584,4754,0,29706040,4984,0
431,554462646263,554464673745,19993523,sA-eth3,up,554464499654,netem,30900526,23083,0,0,0,0,0,28907584,4754,0,29706040,4984,0
432,554482648687,554484815978,20002424,sA-eth3,up,554484635718,netem,30900526,23083,0,0,0,0,0,28907584,4754,0,29706040,4984,0
433,554502652610,554504680281,20003923,sA-eth3,up,554504506031,netem,30900526,23083,0,0,0,0,0,28907584,4754,0,29706040,4984,0
434,554522645293,554524753745,19992683,sA-eth3,up,554524558574,netem,30900776,23086,0,0,0,78,1,28923908,4760,0,29706290,4987,0
435,554542643526,554544873198,19998233,sA-eth3,up,554544607848,netem,30901894,23101,0,0,0,78,1,28987030,4773,0,29707408,5002,0
436,554562649050,554564613062,20005524,sA-eth3,up,554564435871,netem,30902698,23113,0,0,0,66,1,29074702,4785,0,29708212,5015,0
437,554582654793,554585042665,20005743,sA-eth3,up,554584802995,netem,30903162,23119,0,0,0,78,1,29118538,4791,0,29708676,5020,0
438,554602673587,554604759308,20018794,sA-eth3,up,554604565538,netem,30903780,23128,0,0,0,0,0,29184292,4800,0,29709294,5029,0
439,554622646870,554624883461,19973283,sA-eth3,up,554624699432,netem,30904450,23137,0,0,0,0,0,29250046,4809,0,29709964,5038,0
440,554642655673,554644872225,20008803,sA-eth3,up,554644686555,netem,30904902,23143,0,0,0,0,0,29286576,4814,0,29710416,5044,0
441,554662652976,554664578938,19997303,sA-eth3,up,554664390198,netem,30904988,23144,0,0,0,0,0,29293882,4815,0,29710502,5045,0
442,554682655250,554684541532,20002274,sA-eth3,up,554684355101,netem,30904988,23144,0,0,0,0,0,29293882,4815,0,29710502,5045,0
443,554702642123,554704526955,19986873,sA-eth3,up,554704305524,netem,30904988,23144,0,0,0,0,0,29293882,4815,0,29710502,5045,0
444,554722642397,554724786008,20000274,sA-eth3,up,554724615178,netem,30904988,23144,0,0,0,0,0,29293882,4815,0,29710502,5045,0
445,554742646311,554744599121,20003914,sA-eth3,up,554744390832,netem,30904988,23144,0,0,0,0,0,29293882,4815,0,29710502,5045,0
446,554762647614,554764669575,20001303,sA-eth3,up,554764453965,netem,30904988,23144,0,0,0,0,0,29293882,4815,0,29710502,5045,0
447,554782649306,554784609948,20001692,sA-eth3,up,554784433728,netem,30904988,23144,0,0,0,0,0,29293882,4815,0,29710502,5045,0
448,554802649760,554804620972,20000454,sA-eth3,up,554804418342,netem,30904988,23144,0,0,0,0,0,29293882,4815,0,29710502,5045,0
449,554822650404,554824503945,20000644,sA-eth3,up,554824319755,netem,30904988,23144,0,0,0,0,0,29293882,4815,0,29710502,5045,0
450,554842649747,554844937969,19999343,sA-eth3,up,554844746349,netem,30904988,23144,0,0,0,0,0,29293882,4815,0,29710502,5045,0
451,554862641011,554864799922,19991264,sA-eth3,up,554864618862,netem,30905074,23145,0,0,0,0,0,29301254,4817,0,29710588,5046,0
452,554882646594,554884624935,20005583,sA-eth3,up,554884380445,netem,30905794,23155,0,0,0,0,0,29374380,4828,0,29711308,5056,0
453,554902678297,554904790269,20031703,sA-eth3,up,554904564289,netem,30906448,23164,0,0,0,0,0,29440134,4837,0,29711962,5065,0
454,554922672231,554925067952,19993934,sA-eth3,up,554924809672,netem,30907276,23176,0,0,0,66,1,29535046,4849,0,29712790,5077,0
455,554942670924,554944788255,19998693,sA-eth3,up,554944548045,netem,30907978,23185,0,0,0,78,1,29602248,4858,0,29713570,5087,0
456,554962654777,554965402289,19983853,sA-eth3,up,554965151639,netem,30908728,23194,0,0,0,0,0,29650560,4866,0,29714242,5095,0
457,554982670391,554984957653,20015614,sA-eth3,up,554984704082,netem,30909492,23204,0,0,0,78,1,29723620,4876,0,29715006,5105,0
458,555003070014,555005392026,20399623,sA-eth3,up,555005162575,netem,30910108,23212,0,0,0,0,0,29807014,4889,0,29715622,5113,0
459,555024306069,555026457340,21236055,sA-eth3,up,555026233800,netem,30910108,23212,0,0,0,0,0,29808528,4890,0,29715622,5113,0
460,555042677021,555045139952,18370952,sA-eth3,up,555044849392,netem,30910240,23214,0,0,0,0,0,29826036,4892,0,29715754,5115,0
461,555062707934,555064956796,20030913,sA-eth3,up,555064655885,netem,30910758,23221,0,0,0,66,1,29881654,4901,0,29716338,5123,0
462,555082655238,555084856739,19947304,sA-eth3,up,555084651629,netem,30911388,23230,0,0,0,78,1,29956096,4910,0,29716902,5131,0
463,555102643951,555104729602,19988713,sA-eth3,up,555104480012,netem,30912268,23242,0,0,0,0,0,30001710,4921,0,29717782,5143,0
464,555122680314,555125309727,20036363,sA-eth3,up,555124994747,netem,30912898,23251,0,0,0,66,1,30054432,4930,0,29718412,5152,0
465,555142684090,555145275632,20003776,sA-eth3,up,555144890861,netem,30913432,23258,0,0,0,0,0,30095504,4938,0,29718946,5159,0
466,555162652156,555164813317,19968066,sA-eth3,up,555164608498,netem,30914142,23267,0,0,0,0,0,30127822,4945,0,29719656,5168,0
467,555182682043,555184849884,20029887,sA-eth3,up,555184598704,netem,30914718,23275,0,0,0,0,0,30174686,4953,0,29720232,5176,0
468,555202648049,555204841661,19966006,sA-eth3,up,555204653240,netem,30915228,23282,0,0,0,78,1,30224578,4963,0,29720820,5184,0
469,555222665555,555225051677,20017506,sA-eth3,up,555224759797,netem,30915384,23284,0,0,0,0,0,30224578,4963,0,29720898,5185,0
470,555242651331,555244909703,19985776,sA-eth3,up,555244716223,netem,30915384,23284,0,0,0,0,0,30224578,4963,0,29720898,5185,0
471,555262667038,555264682569,20015707,sA-eth3,up,555264476519,netem,30915384,23284,0,0,0,0,0,30224578,4963,0,29720898,5185,0
472,555282648084,555284812126,19981046,sA-eth3,up,555284561345,netem,30915384,23284,0,0,0,0,0,30224578,4963,0,29720898,5185,0
473,555302651231,555304860322,20003147,sA-eth3,up,555304675802,netem,30915384,23284,0,0,0,0,0,30224578,4963,0,29720898,5185,0
474,555322675847,555324916399,20024616,sA-eth3,up,555324697098,netem,30915384,23284,0,0,0,0,0,30224578,4963,0,29720898,5185,0
475,555342652264,555344731905,19976417,sA-eth3,up,555344546835,netem,30930614,23295,0,0,0,30280,2,30224710,4965,0,29735534,5187,0
476,555362680849,555364725011,20028585,sA-eth3,up,555364505591,netem,31180424,23460,0,0,0,22710,2,30225304,4974,0,29975642,5205,0
477,555382652806,555384998559,19971957,sA-eth3,up,555384816118,netem,31260666,23513,0,0,0,0,0,30225304,4974,0,30052782,5211,0
478,555402638172,555404689194,19985366,sA-eth3,up,555404517993,netem,31260666,23513,0,0,0,0,0,30225304,4974,0,30052782,5211,0
479,555422652149,555424774791,20013977,sA-eth3,up,555424588711,netem,31260666,23513,0,0,0,0,0,30225304,4974,0,30052782,5211,0
480,555442652695,555444725587,20000546,sA-eth3,up,555444481856,netem,31260666,23513,0,0,0,0,0,30225304,4974,0,30052782,5211,0
481,555462658722,555464516223,20006027,sA-eth3,up,555464331713,netem,31260666,23513,0,0,0,0,0,30225304,4974,0,30052782,5211,0
482,555482653998,555484881870,19995276,sA-eth3,up,555484636099,netem,31260666,23513,0,0,0,0,0,30225304,4974,0,30052782,5211,0
483,555502660414,555504768126,20006416,sA-eth3,up,555504514996,netem,31260666,23513,0,0,0,0,0,30225304,4974,0,30052782,5211,0
484,555522651241,555524745273,19990827,sA-eth3,up,555524560792,netem,31260666,23513,0,0,0,0,0,30225304,4974,0,30052782,5211,0
485,555542640797,555544693009,19989556,sA-eth3,up,555544520209,netem,31260666,23513,0,0,0,0,0,30225304,4974,0,30052782,5211,0
486,555562673344,555564619204,20032547,sA-eth3,up,555564399715,netem,31260666,23513,0,0,0,0,0,30225304,4974,0,30052782,5211,0
487,555582654040,555584870162,19980696,sA-eth3,up,555584682031,netem,31260666,23513,0,0,0,0,0,30225304,4974,0,30052782,5211,0
488,555602659786,555604711779,20005746,sA-eth3,up,555604525558,netem,31333338,23561,0,0,0,22710,2,30225646,4979,0,30129988,5218,0
489,555622642022,555624711104,19982236,sA-eth3,up,555624520845,netem,31575578,23721,0,0,0,30280,2,30226240,4988,0,30370096,5236,0
490,555642656899,555644755371,20014877,sA-eth3,up,555644576120,netem,31673988,23786,0,0,0,0,0,30226240,4988,0,30450132,5242,0
491,555662646746,555664840067,19989847,sA-eth3,up,555664579897,netem,31742118,23831,0,0,0,22710,2,30226306,4989,0,30522994,5249,0
492,555682662262,555684931884,20015516,sA-eth3,up,555684689773,netem,31954078,23971,0,0,0,0,0,30226306,4989,0,30719464,5264,0
493,555702680279,555705027020,20018017,sA-eth3,up,555704749220,netem,31969218,23981,0,0,0,30280,2,30226372,4990,0,30734010,5265,0
494,555722660725,555724995597,19980446,sA-eth3,up,555724750466,netem,32219028,24146,0,0,0,22710,2,30226372,4990,0,30974118,5284,0
495,555742686471,555744905882,20025746,sA-eth3,up,555744680593,netem,32309868,24206,0,0,0,0,0,30226372,4990,0,31061460,5290,0
496,555762663387,555764909889,19976916,sA-eth3,up,555764721449,netem,32309868,24206,0,0,0,0,0,30226372,4990,0,31061460,5290,0
497,555782642084,555784753505,19978697,sA-eth3,up,555784575515,netem,32317438,24211,0,0,0,0,0,30226372,4990,0,31068766,5291,0
498,555802638000,555804703902,19995916,sA-eth3,up,555804522271,netem,32317438,24211,0,0,0,0,0,30226372,4990,0,31068766,5291,0
499,555822656357,555824665848,20018357,sA-eth3,up,555824486598,netem,32317438,24211,0,0,0,0,0,30226372,4990,0,31068766,5291,0
500,555842655973,555844639684,19999616,sA-eth3,up,555844395764,netem,32317438,24211,0,0,0,0,0,30226372,4990,0,31068766,5291,0
501,555862663239,555864869251,20007266,sA-eth3,up,555864682421,netem,32317438,24211,0,0,0,0,0,30226372,4990,0,31068766,5291,0
502,555882641885,555884678978,19978646,sA-eth3,up,555884448517,netem,32317438,24211,0,0,0,0,0,30226372,4990,0,31068766,5291,0
503,555902647691,555904566173,20005806,sA-eth3,up,555904358483,netem,32317438,24211,0,0,0,0,0,30226372,4990,0,31068766,5291,0
504,555922662208,555924810520,20014517,sA-eth3,up,555924606950,netem,32317438,24211,0,0,0,0,0,30226372,4990,0,31068766,5291,0
505,555942689265,555944743857,20027057,sA-eth3,up,555944521416,netem,32317438,24211,0,0,0,0,0,30226372,4990,0,31068766,5291,0
506,555962674650,555965064444,19985385,sA-eth3,up,555964844943,netem,32317438,24211,0,0,0,0,0,30226372,4990,0,31068766,5291,0
507,555982669127,555984886869,19994477,sA-eth3,up,555984682289,netem,32317438,24211,0,0,0,0,0,30226372,4990,0,31068766,5291,0
508,556002670813,556004784356,20001686,sA-eth3,up,556004566525,netem,32318952,24212,0,0,0,0,0,30226450,4991,0,31070280,5292,0
509,556022652840,556024919872,19982027,sA-eth3,up,556024737612,netem,32530912,24352,0,0,0,37850,3,30226450,4991,0,31288536,5308,0
510,556042657027,556044777739,20004187,sA-eth3,up,556044536268,netem,32682312,24452,0,0,0,0,0,30226450,4991,0,31419516,5318,0
511,556062664933,556064708695,20007906,sA-eth3,up,556064460585,netem,32841282,24557,0,0,0,15140,1,30226516,4992,0,31572348,5330,0
512,556082647399,556084849261,19982466,sA-eth3,up,556084659921,netem,32856422,24567,0,0,0,0,0,30226516,4992,0,31586894,5331,0
513,556102680875,556105561048,20033476,sA-eth3,up,556105342918,netem,32856422,24567,0,0,0,0,0,30226516,4992,0,31586894,5331,0
514,556122650412,556124601063,19969537,sA-eth3,up,556124418273,netem,32856422,24567,0,0,0,0,0,30226516,4992,0,31586894,5331,0
515,556142649680,556144580002,19999268,sA-eth3,up,556144399201,netem,32856422,24567,0,0,0,0,0,30226516,4992,0,31586894,5331,0
516,556162644740,556164880282,19995060,sA-eth3,up,556164628142,netem,32857936,24568,0,0,0,0,0,30226516,4992,0,31588408,5332,0
517,556182767949,556185040821,20123209,sA-eth3,up,556184801061,netem,32860116,24570,0,0,0,0,0,30226594,4993,0,31590522,5333,0
518,556202645219,556204607300,19877270,sA-eth3,up,556204434610,netem,32860116,24570,0,0,0,0,0,30226594,4993,0,31590522,5333,0
519,556222641117,556224428919,19995898,sA-eth3,up,556224257899,netem,32860116,24570,0,0,0,0,0,30226660,4994,0,31590522,5333,0
520,556242638387,556244494869,19997270,sA-eth3,up,556244327988,netem,32860116,24570,0,0,0,0,0,30226660,4994,0,31590522,5333,0
521,556262648566,556264964529,20010179,sA-eth3,up,556264790118,netem,32860116,24570,0,0,0,0,0,30226660,4994,0,31590522,5333,0
522,556282644776,556284654128,19996210,sA-eth3,up,556284481578,netem,32860116,24570,0,0,0,0,0,30226660,4994,0,31590522,5333,0
523,556302646696,556304771997,20001920,sA-eth3,up,556304501057,netem,32860116,24570,0,0,0,0,0,30226660,4994,0,31590522,5333,0
524,556322662824,556324579127,20016128,sA-eth3,up,556324398096,netem,32860116,24570,0,0,0,0,0,30226660,4994,0,31590522,5333,0
525,556342640603,556344482026,19977779,sA-eth3,up,556344301485,netem,32860116,24570,0,0,0,0,0,30226660,4994,0,31590522,5333,0
526,556362654373,556364514695,20013770,sA-eth3,up,556364333325,netem,32860116,24570,0,0,0,0,0,30226660,4994,0,31590522,5333,0
527,556382645793,556384727604,19991420,sA-eth3,up,556384552884,netem,32860116,24570,0,0,0,0,0,30226660,4994,0,31590522,5333,0
528,556402661492,556404582454,20015699,sA-eth3,up,556404376453,netem,32860116,24570,0,0,0,0,0,30226660,4994,0,31590522,5333,0
529,556422649172,556424558563,19987680,sA-eth3,up,556424379353,netem,32860116,24570,0,0,0,0,0,30226660,4994,0,31590522,5333,0
530,556442655020,556444590373,20005848,sA-eth3,up,556444392513,netem,32860116,24570,0,0,0,0,0,30226660,4994,0,31590522,5333,0
531,556462641270,556464467712,19986250,sA-eth3,up,556464299172,netem,32860116,24570,0,0,0,0,0,30226660,4994,0,31590522,5333,0
532,556482636909,556484438151,19995639,sA-eth3,up,556484275051,netem,32860116,24570,0,0,0,0,0,30226660,4994,0,31590522,5333,0
533,556502639749,556504467000,20002840,sA-eth3,up,556504295941,netem,32860182,24571,0,0,0,0,0,30226660,4994,0,31590588,5334,0
534,556522644128,556524538379,20004379,sA-eth3,up,556524366030,netem,32860182,24571,0,0,0,0,0,30226660,4994,0,31590588,5334,0
535,556542652488,556545155700,20008360,sA-eth3,up,556544867279,netem,32860182,24571,0,0,0,0,0,30226660,4994,0,31590588,5334,0
536,556562646387,556564860519,19993899,sA-eth3,up,556564694289,netem,32860182,24571,0,0,0,0,0,30226660,4994,0,31590588,5334,0
537,556582640546,556584456078,19994159,sA-eth3,up,556584292738,netem,32860182,24571,0,0,0,0,0,30226660,4994,0,31590588,5334,0
538,556602651116,556604516748,20010570,sA-eth3,up,556604338487,netem,32860182,24571,0,0,0,0,0,30226660,4994,0,31590588,5334,0
539,556622648225,556624517356,19997109,sA-eth3,up,556624340817,netem,32860182,24571,0,0,0,0,0,30226660,4994,0,31590588,5334,0
540,556642649854,556644532896,20001629,sA-eth3,up,556644355066,netem,32860182,24571,0,0,0,0,0,30226660,4994,0,31590588,5334,0
541,556662690193,556665119966,20040339,sA-eth3,up,556664805945,netem,32860182,24571,0,0,0,0,0,30226660,4994,0,31590588,5334,0
542,556682667333,556684986135,19977140,sA-eth3,up,556684773915,netem,32860182,24571,0,0,0,0,0,30226660,4994,0,31590588,5334,0
543,556703070983,556705345185,20403650,sA-eth3,up,556705109245,netem,32860182,24571,0,0,0,0,0,30226660,4994,0,31590588,5334,0
544,556722681262,556725092364,19610279,sA-eth3,up,556724849625,netem,32860182,24571,0,0,0,0,0,30226660,4994,0,31590588,5334,0
545,556742644171,556744799924,19962909,sA-eth3,up,556744601193,netem,32860182,24571,0,0,0,0,0,30226660,4994,0,31590588,5334,0
546,556762648841,556765290123,20004670,sA-eth3,up,556765051313,netem,32860182,24571,0,0,0,0,0,30226660,4994,0,31590588,5334,0
547,556782656469,556785385243,20007628,sA-eth3,up,556785174592,netem,32860182,24571,0,0,0,0,0,30226660,4994,0,31590588,5334,0
548,556802646249,556805171982,19989780,sA-eth3,up,556804934971,netem,32860182,24571,0,0,0,0,0,30226660,4994,0,31590588,5334,0
549,556822662209,556825380111,20015960,sA-eth3,up,556825165561,netem,32860182,24571,0,0,0,0,0,30226660,4994,0,31590588,5334,0
550,556842664608,556844774790,20002399,sA-eth3,up,556844533569,netem,32860182,24571,0,0,0,0,0,30226660,4994,0,31590588,5334,0
551,556862658307,556864641640,19993699,sA-eth3,up,556864459289,netem,32860182,24571,0,0,0,0,0,30226660,4994,0,31590588,5334,0
552,556882645537,556884522768,19987230,sA-eth3,up,556884348238,netem,32860182,24571,0,0,0,0,0,30226660,4994,0,31590588,5334,0
553,556902648686,556904504898,20003149,sA-eth3,up,556904331497,netem,32860182,24571,0,0,0,0,0,30226660,4994,0,31590588,5334,0
554,556922640715,556924453727,19992029,sA-eth3,up,556924282237,netem,32860182,24571,0,0,0,0,0,30226660,4994,0,31590588,5334,0
555,556942648245,556944511817,20007530,sA-eth3,up,556944337327,netem,32860182,24571,0,0,0,0,0,30226660,4994,0,31590588,5334,0
556,556962643434,556964476626,19995189,sA-eth3,up,556964303486,netem,32860182,24571,0,0,0,0,0,30226660,4994,0,31590588,5334,0
557,556982644303,556984467665,20000869,sA-eth3,up,556984298585,netem,32860182,24571,0,0,0,0,0,30226660,4994,0,31590588,5334,0
558,557002660854,557004973835,20016551,sA-eth3,up,557004766115,netem,32860182,24571,0,0,0,0,0,30226660,4994,0,31590588,5334,0
559,557022662682,557024966894,20001828,sA-eth3,up,557024747824,netem,32860182,24571,0,0,0,0,0,30226660,4994,0,31590588,5334,0
560,557042659901,557045453944,19997219,sA-eth3,up,557045201724,netem,32860248,24572,0,0,0,0,0,30226726,4995,0,31590654,5335,0
561,557062658321,557065131263,19998420,sA-eth3,up,557064876913,netem,32860248,24572,0,0,0,0,0,30226726,4995,0,31590654,5335,0
562,557082669400,557085420823,20011079,sA-eth3,up,557085127693,netem,32860248,24572,0,0,0,0,0,30226726,4995,0,31590654,5335,0
563,557102674270,557105114753,20004870,sA-eth3,up,557104868322,netem,32860248,24572,0,0,0,0,0,30226726,4995,0,31590654,5335,0
564,557122666228,557125165241,19991958,sA-eth3,up,557124897601,netem,32860248,24572,0,0,0,0,0,30226726,4995,0,31590654,5335,0
565,557142662050,557145114564,19995822,sA-eth3,up,557144863702,netem,32860248,24572,0,0,0,0,0,30226726,4995,0,31590654,5335,0
566,557162653792,557165085356,19991742,sA-eth3,up,557164834905,netem,32860248,24572,0,0,0,0,0,30226726,4995,0,31590654,5335,0
567,557182665425,557185119427,20011633,sA-eth3,up,557184863668,netem,32860248,24572,0,0,0,0,0,30226726,4995,0,31590654,5335,0
568,557203045107,557205576070,20379682,sA-eth3,up,557205322101,netem,32860248,24572,0,0,0,0,0,30226726,4995,0,31590654,5335,0
569,557222674229,557225381582,19629122,sA-eth3,up,557225109253,netem,32860248,24572,0,0,0,0,0,30226726,4995,0,31590654,5335,0
570,557242654931,557245222545,19980702,sA-eth3,up,557244949084,netem,32860248,24572,0,0,0,0,0,30226726,4995,0,31590654,5335,0
571,557262663584,557265127207,20008653,sA-eth3,up,557264868197,netem,32860248,24572,0,0,0,0,0,30226726,4995,0,31590654,5335,0
572,557282656087,557284697879,19992503,sA-eth3,up,557284506279,netem,32860248,24572,0,0,0,0,0,30226726,4995,0,31590654,5335,0
573,557302644449,557304520310,19988362,sA-eth3,up,557304342140,netem,32860248,24572,0,0,0,0,0,30226726,4995,0,31590654,5335,0
574,557322643221,557324457124,19998772,sA-eth3,up,557324286813,netem,32860248,24572,0,0,0,0,0,30226726,4995,0,31590654,5335,0
575,557342645723,557344466775,20002502,sA-eth3,up,557344293445,netem,32860248,24572,0,0,0,0,0,30226726,4995,0,31590654,5335,0
576,557362654626,557364507928,20008903,sA-eth3,up,557364333188,netem,32860248,24572,0,0,0,0,0,30226726,4995,0,31590654,5335,0
577,557382651718,557384535180,19997092,sA-eth3,up,557384358680,netem,32860248,24572,0,0,0,0,0,30226726,4995,0,31590654,5335,0
578,557402649941,557404499892,19998223,sA-eth3,up,557404327643,netem,32860248,24572,0,0,0,0,0,30226726,4995,0,31590654,5335,0
579,557422658412,557424471084,20008471,sA-eth3,up,557424301334,netem,32860248,24572,0,0,0,0,0,30226726,4995,0,31590654,5335,0
580,557442670115,557444887298,20011703,sA-eth3,up,557444688357,netem,32860248,24572,0,0,0,0,0,30226726,4995,0,31590654,5335,0
581,557462660457,557464654530,19990342,sA-eth3,up,557464472259,netem,32860248,24572,0,0,0,0,0,30226726,4995,0,31590654,5335,0
582,557482652730,557484512842,19992273,sA-eth3,up,557484338252,netem,32860248,24572,0,0,0,0,0,30226726,4995,0,31590654,5335,0
583,557502657042,557504776015,20004312,sA-eth3,up,557504558774,netem,32860248,24572,0,0,0,0,0,30226726,4995,0,31590654,5335,0
584,557522661784,557524537686,20004742,sA-eth3,up,557524362126,netem,32860248,24572,0,0,0,0,0,30226726,4995,0,31590654,5335,0
585,557542650967,557544512139,19989183,sA-eth3,up,557544336969,netem,32860248,24572,0,0,0,0,0,30226726,4995,0,31590654,5335,0
586,557562647079,557564481641,19996112,sA-eth3,up,557564308421,netem,32860248,24572,0,0,0,0,0,30226726,4995,0,31590654,5335,0
587,557586050115,557588507208,23403036,sA-eth3,up,557588262728,netem,32860248,24572,0,0,0,0,0,30226726,4995,0,31590654,5335,0
588,557604055946,557606273958,18005831,sA-eth3,up,557606042357,netem,32860248,24572,0,0,0,0,0,30226726,4995,0,31590654,5335,0
589,557622647456,557624553818,18591510,sA-eth3,up,557624373238,netem,32860248,24572,0,0,0,0,0,30226726,4995,0,31590654,5335,0
590,557642690249,557644988271,20042793,sA-eth3,up,557644776130,netem,32860248,24572,0,0,0,0,0,30226726,4995,0,31590654,5335,0
591,557662646771,557665321864,19956522,sA-eth3,up,557665130193,netem,32860248,24572,0,0,0,0,0,30226726,4995,0,31590654,5335,0
592,557682648503,557684659456,20001732,sA-eth3,up,557684419835,netem,32860248,24572,0,0,0,0,0,30226726,4995,0,31590654,5335,0
593,557702662335,557704628748,20013832,sA-eth3,up,557704443047,netem,32860248,24572,0,0,0,0,0,30226726,4995,0,31590654,5335,0
594,557723035348,557725369271,20373013,sA-eth3,up,557725116190,netem,32860248,24572,0,0,0,0,0,30226726,4995,0,31590654,5335,0
595,557742661550,557744736123,19626202,sA-eth3,up,557744537623,netem,32860248,24572,0,0,0,0,0,30226726,4995,0,31590654,5335,0
596,557762639712,557764674645,19978162,sA-eth3,up,557764484485,netem,32860248,24572,0,0,0,0,0,30226726,4995,0,31590654,5335,0
597,557782661314,557784721067,20021602,sA-eth3,up,557784475787,netem,32860248,24572,0,0,0,0,0,30226726,4995,0,31590654,5335,0
598,557802652587,557805221990,19991273,sA-eth3,up,557804989309,netem,32860248,24572,0,0,0,0,0,30226726,4995,0,31590654,5335,0
599,557822643449,557824683632,19990862,sA-eth3,up,557824503152,netem,32860248,24572,0,0,0,0,0,30226726,4995,0,31590654,5335,0
600,557842647872,557844559304,20004423,sA-eth3,up,557844376004,netem,32860248,24572,0,0,0,0,0,30226726,4995,0,31590654,5335,0
601,557862649404,557864542256,20001532,sA-eth3,up,557864361036,netem,32860248,24572,0,0,0,0,0,30226726,4995,0,31590654,5335,0
602,557882643467,557884621649,19994063,sA-eth3,up,557884427949,netem,32860248,24572,0,0,0,0,0,30226726,4995,0,31590654,5335,0
603,557902646058,557904467950,20002591,sA-eth3,up,557904293110,netem,32860248,24572,0,0,0,0,0,30226726,4995,0,31590654,5335,0
604,557922639541,557924480633,19993483,sA-eth3,up,557924306923,netem,32860248,24572,0,0,0,0,0,30226726,4995,0,31590654,5335,0
605,557942652404,557944515766,20012863,sA-eth3,up,557944342875,netem,32860248,24572,0,0,0,0,0,30226726,4995,0,31590654,5335,0
606,557962645356,557964518687,19992952,sA-eth3,up,557964343358,netem,32860248,24572,0,0,0,0,0,30226726,4995,0,31590654,5335,0
607,557982645088,557984488890,19999732,sA-eth3,up,557984315039,netem,32860248,24572,0,0,0,0,0,30226726,4995,0,31590654,5335,0
608,558002646190,558004491142,20001102,sA-eth3,up,558004316002,netem,32860248,24572,0,0,0,0,0,30226726,4995,0,31590654,5335,0
609,558022647642,558024531285,20001452,sA-eth3,up,558024356484,netem,32860248,24572,0,0,0,0,0,30226726,4995,0,31590654,5335,0
610,558042646945,558044548787,19999303,sA-eth3,up,558044373558,netem,32860248,24572,0,0,0,0,0,30226726,4995,0,31590654,5335,0
611,558062647967,558065325671,20001022,sA-eth3,up,558065132810,netem,32860248,24572,0,0,0,0,0,30226726,4995,0,31590654,5335,0
612,558082646870,558084665362,19998903,sA-eth3,up,558084424202,netem,32860248,24572,0,0,0,0,0,30226726,4995,0,31590654,5335,0
613,558102654092,558104604755,20007222,sA-eth3,up,558104420684,netem,32860248,24572,0,0,0,0,0,30226726,4995,0,31590654,5335,0
614,558122648424,558125078107,19994332,sA-eth3,up,558124813836,netem,32860248,24572,0,0,0,0,0,30226726,4995,0,31590654,5335,0
615,558142663088,558144722111,20014664,sA-eth3,up,558144516741,netem,32860388,24574,0,0,0,0,0,30226726,4995,0,31590794,5337,0
616,558162639803,558164521456,19976715,sA-eth3,up,558164326675,netem,32860388,24574,0,0,0,0,0,30226726,4995,0,31590794,5337,0
617,558182642979,558184516431,20003176,sA-eth3,up,558184339851,netem,32860388,24574,0,0,0,0,0,30226726,4995,0,31590794,5337,0
618,558202647905,558204561347,20004926,sA-eth3,up,558204383727,netem,32860454,24575,0,0,0,0,0,30226726,4995,0,31590860,5338,0
619,558222647009,558225316163,19999104,sA-eth3,up,558225123213,netem,32860454,24575,0,0,0,0,0,30226726,4995,0,31590860,5338,0
620,558242646424,558244696177,19999415,sA-eth3,up,558244448887,netem,32860454,24575,0,0,0,0,0,30226726,4995,0,31590860,5338,0
621,558262667950,558264798392,20021526,sA-eth3,up,558264602013,netem,32860454,24575,0,0,0,0,0,30226726,4995,0,31590860,5338,0
622,558282646635,558284566597,19978685,sA-eth3,up,558284387207,netem,32860454,24575,0,0,0,0,0,30226726,4995,0,31590860,5338,0
623,558302647180,558304556053,20000545,sA-eth3,up,558304375842,netem,32860454,24575,0,0,0,0,0,30226726,4995,0,31590860,5338,0
624,558322636675,558324693948,19989495,sA-eth3,up,558324518518,netem,32860454,24575,0,0,0,0,0,30228240,4996,0,31590860,5338,0
625,558343105101,558345353994,20468426,sA-eth3,up,558345157044,netem,32894710,24609,0,0,0,32786,4,30252398,5011,0,31623862,5353,0
626,558362678826,558365684380,19573725,sA-eth3,up,558365479470,netem,33114610,24761,0,0,0,66,1,30265434,5033,0,31835314,5377,0
627,558382642131,558384613824,19963305,sA-eth3,up,558384433084,netem,33115808,24772,0,0,0,0,0,30292302,5045,0,31836446,5387,0
628,558402638397,558404551329,19996266,sA-eth3,up,558404376929,netem,33116534,24783,0,0,0,0,0,30327846,5057,0,31837172,5398,0
629,558422642343,558424780825,20003946,sA-eth3,up,558424587844,netem,33117074,24791,0,0,0,66,1,30348580,5064,0,31837778,5407,0
630,558442676947,558444922410,20034604,sA-eth3,up,558444719189,netem,33117140,24792,0,0,0,0,0,30348580,5064,0,31837778,5407,0
631,558462659203,558464924385,19982256,sA-eth3,up,558464711395,netem,33117140,24792,0,0,0,0,0,30348580,5064,0,31837778,5407,0
632,558482652078,558484519930,19992875,sA-eth3,up,558484343050,netem,33117140,24792,0,0,0,0,0,30348580,5064,0,31837778,5407,0
633,558502656694,558504540036,20004616,sA-eth3,up,558504360475,netem,33117140,24792,0,0,0,0,0,30348580,5064,0,31837778,5407,0
634,558523033039,558525432061,20376345,sA-eth3,up,558525184312,netem,33117140,24792,0,0,0,0,0,30348580,5064,0,31837778,5407,0
635,558544091556,558546368948,21058517,sA-eth3,up,558546154168,netem,33117140,24792,0,0,0,0,0,30348580,5064,0,31837778,5407,0
636,558564070541,558566335933,19978985,sA-eth3,up,558566112324,netem,33117140,24792,0,0,0,0,0,30348580,5064,0,31837778,5407,0
637,558582646035,558584516277,18575494,sA-eth3,up,558584339576,netem,33117140,24792,0,0,0,0,0,30348580,5064,0,31837778,5407,0
638,558602642889,558604503682,19996854,sA-eth3,up,558604326922,netem,33117140,24792,0,0,0,0,0,30348580,5064,0,31837778,5407,0
639,558622652355,558624520147,20009466,sA-eth3,up,558624342266,netem,33117140,24792,0,0,0,0,0,30348580,5064,0,31837778,5407,0
640,558643052220,558646998585,20399865,sA-eth3,up,558646812446,netem,33117206,24793,0,0,0,0,0,30350094,5065,0,31837844,5408,0
641,558662640235,558664508048,19588015,sA-eth3,up,558664331188,netem,33117776,24800,0,0,0,0,0,30376620,5072,0,31838414,5415,0
642,558682641220,558684484643,20000985,sA-eth3,up,558684310353,netem,33118052,24804,0,0,0,0,0,30397156,5076,0,31838690,5419,0
643,558702647596,558704517118,20006376,sA-eth3,up,558704340078,netem,33118664,24812,0,0,0,66,1,30444086,5085,0,31839368,5428,0
644,558722656011,558725323474,20008415,sA-eth3,up,558725130394,netem,33119380,24822,0,0,0,66,1,30491082,5095,0,31840084,5438,0
645,558742643756,558744755619,19987745,sA-eth3,up,558744505469,netem,33119840,24828,0,0,0,78,1,30523334,5101,0,31840556,5444,0
646,558762660022,558765358204,20016266,sA-eth3,up,558765172795,netem,33120608,24838,0,0,0,0,0,30570330,5111,0,31841246,5453,0
647,558782656637,558784616689,19996615,sA-eth3,up,558784415240,netem,33121052,24844,0,0,0,0,0,30609888,5118,0,31841690,5459,0
648,558802652932,558804664285,19996295,sA-eth3,up,558804475425,netem,33121750,24853,0,0,0,78,1,30653988,5128,0,31842388,5468,0
649,558822651357,558824548309,19998425,sA-eth3,up,558824370359,netem,33122468,24862,0,0,0,86,1,30695060,5136,0,31843106,5477,0
650,558842657563,558844886876,20006206,sA-eth3,up,558844708335,netem,33123250,24873,0,0,0,0,0,30775492,5148,0,31843888,5488,0
651,558863045119,558865377192,20387556,sA-eth3,up,558865121311,netem,33124024,24884,0,0,0,78,1,30868956,5160,0,31844662,5499,0
652,558882646784,558884705246,19601665,sA-eth3,up,558884494146,netem,33124842,24895,0,0,0,66,1,30946426,5171,0,31845546,5511,0
653,558902643428,558904564741,19996644,sA-eth3,up,558904386631,netem,33125450,24903,0,0,0,0,0,31016458,5179,0,31846088,5518,0
654,558922637974,558924519326,19994546,sA-eth3,up,558924338866,netem,33126340,24914,0,0,0,0,0,31079382,5189,0,31846978,5529,0
655,558942643279,558944551362,20005305,sA-eth3,up,558944376602,netem,33126940,24922,0,0,0,66,1,31129142,5197,0,31847578,5537,0
656,558962646945,558964672137,20003666,sA-eth3,up,558964484607,netem,33127636,24932,0,0,0,66,1,31202268,5208,0,31848340,5548,0
657,558982649349,558984881502,20002404,sA-eth3,up,558984681592,netem,33128290,24941,0,0,0,78,1,31260716,5216,0,31848928,5556,0
658,559002653275,559006381200,20003926,sA-eth3,up,559006166270,netem,33128852,24948,0,0,0,0,0,31319164,5224,0,31849568,5564,0
659,559022654391,559024868283,20001116,sA-eth3,up,559024670023,netem,33129416,24956,0,0,0,86,1,31377612,5232,0,31850054,5571,0
660,559042651325,559044909578,19996934,sA-eth3,up,559044665958,netem,33130090,24965,0,0,0,0,0,31436060,5240,0,31850728,5580,0
661,559062651441,559064685943,20000116,sA-eth3,up,559064493273,netem,33130542,24971,0,0,0,78,1,31487202,5247,0,31851258,5587,0
662,559082644346,559084509038,19992905,sA-eth3,up,559084331498,netem,33131138,24979,0,0,0,0,0,31531038,5253,0,31851776,5594,0
663,559102645812,559104523894,20001466,sA-eth3,up,559104347894,netem,33131672,24986,0,0,0,78,1,31589486,5261,0,31852388,5602,0
664,559122642426,559124533498,19996614,sA-eth3,up,559124357908,netem,33132124,24992,0,0,0,0,0,31640628,5268,0,31852762,5607,0
665,559142646574,559144516126,20004148,sA-eth3,up,559144336136,netem,33132762,25001,0,0,0,0,0,31699076,5276,0,31853400,5616,0
666,559162637901,559164471674,19991327,sA-eth3,up,559164297444,netem,33133388,25010,0,0,0,66,1,31757524,5284,0,31854026,5625,0
667,559182642259,559184541432,20004358,sA-eth3,up,559184365432,netem,33133906,25017,0,0,0,0,0,31801360,5290,0,31854544,5632,0
668,559203213538,559205120782,20571279,sA-eth3,up,559204919401,netem,33134050,25019,0,0,0,78,1,31804332,5292,0,31854766,5635,0
669,559222656406,559225361020,19442868,sA-eth3,up,559225165799,netem,33134194,25021,0,0,0,0,0,31807294,5293,0,31854832,5636,0
670,559242652164,559245054587,19995758,sA-eth3,up,559244791867,netem,33134194,25021,0,0,0,0,0,31807294,5293,0,31854832,5636,0
671,559262630772,559264951286,19978608,sA-eth3,up,559264707386,netem,33134194,25021,0,0,0,0,0,31807294,5293,0,31854832,5636,0
672,559282648630,559284684314,20017858,sA-eth3,up,559284498643,netem,33134194,25021,0,0,0,0,0,31807294,5293,0,31854832,5636,0
673,559302651219,559304612132,20002589,sA-eth3,up,559304429911,netem,33134194,25021,0,0,0,0,0,31807294,5293,0,31854832,5636,0
674,559322645998,559325325380,19994779,sA-eth3,up,559325143070,netem,33134194,25021,0,0,0,0,0,31807294,5293,0,31854832,5636,0
675,559342644895,559344590458,19998897,sA-eth3,up,559344405567,netem,33134194,25021,0,0,0,0,0,31807294,5293,0,31854832,5636,0
676,559362652793,559364744306,20007898,sA-eth3,up,559364501475,netem,33134194,25021,0,0,0,0,0,31807294,5293,0,31854832,5636,0
677,559383074082,559385579416,20421289,sA-eth3,up,559385337495,netem,33134194,25021,0,0,0,0,0,31807294,5293,0,31854832,5636,0
678,559402659769,559404948713,19585687,sA-eth3,up,559404754012,netem,33134272,25022,0,0,0,78,1,31829212,5296,0,31854910,5637,0
679,559422643678,559425046651,19983909,sA-eth3,up,559424726391,netem,33135036,25032,0,0,0,0,0,31879062,5305,0,31855674,5647,0
680,559442639177,559444723400,19995499,sA-eth3,up,559444541359,netem,33135672,25040,0,0,0,66,1,31928888,5314,0,31856310,5655,0
681,559462639924,559464659767,20000747,sA-eth3,up,559464476387,netem,33136366,25049,0,0,0,66,1,31969960,5323,0,31857004,5664,0
682,559482642143,559484638245,20002219,sA-eth3,up,559484460945,netem,33136918,25057,0,0,0,66,1,32016890,5332,0,31857556,5672,0
683,559502639230,559504639093,19997087,sA-eth3,up,559504461903,netem,33137404,25064,0,0,0,0,0,32052038,5337,0,31858042,5679,0
684,559522623178,559524563392,19983948,sA-eth3,up,559524388241,netem,33137404,25064,0,0,0,0,0,32052038,5337,0,31858042,5679,0
685,559542640738,559544679100,20017560,sA-eth3,up,559544497500,netem,33137404,25064,0,0,0,0,0,32052038,5337,0,31858042,5679,0
686,559562639305,559564653998,19998567,sA-eth3,up,559564475818,netem,33137404,25064,0,0,0,0,0,32052038,5337,0,31858042,5679,0
687,559582683404,559585065376,20044099,sA-eth3,up,559584831557,netem,33137404,25064,0,0,0,0,0,32052038,5337,0,31858042,5679,0
688,559602672822,559604586545,19989418,sA-eth3,up,559604384974,netem,33137404,25064,0,0,0,0,0,32052038,5337,0,31858042,5679,0
689,559622642180,559626194915,19969358,sA-eth3,up,559625975554,netem,33137404,25064,0,0,0,0,0,32052038,5337,0,31858042,5679,0
690,559642647718,559644599571,20005538,sA-eth3,up,559644420171,netem,33137404,25064,0,0,0,0,0,32052038,5337,0,31858042,5679,0
691,559662641616,559664605310,19993898,sA-eth3,up,559664430179,netem,33137404,25064,0,0,0,0,0,32052038,5337,0,31858042,5679,0
692,559682643284,559684516738,20001668,sA-eth3,up,559684341807,netem,33137404,25064,0,0,0,0,0,32052038,5337,0,31858042,5679,0
693,559702648493,559704502025,20005209,sA-eth3,up,559704327015,netem,33137404,25064,0,0,0,0,0,32052038,5337,0,31858042,5679,0
694,559723037151,559725109365,20388658,sA-eth3,up,559724891054,netem,33137980,25072,0,0,0,0,0,32082974,5345,0,31858618,5687,0
695,559742657359,559744912702,19620208,sA-eth3,up,559744698732,netem,33137980,25072,0,0,0,0,0,32082974,5345,0,31858618,5687,0
696,559762632387,559764750440,19975028,sA-eth3,up,559764564770,netem,33313694,25189,0,0,0,27252,2,32083634,5355,0,32027468,5700,0
697,559783081436,559785463309,20449049,sA-eth3,up,559785217699,netem,33561990,25353,0,0,0,33308,2,32084756,5372,0,32280740,5720,0
698,559802656323,559804659317,19574887,sA-eth3,up,559804476186,netem,33811800,25518,0,0,0,37850,3,32085548,5384,0,32506236,5736,0
699,559822792672,559824776925,20136349,sA-eth3,up,559824597385,netem,34057068,25680,0,0,0,62074,4,32086406,5397,0,32742000,5754,0
700,559843028980,559845369993,20236308,sA-eth3,up,559845117953,netem,34311420,25848,0,0,0,45420,3,32087528,5414,0,33001064,5774,0
701,559862647728,559864606891,19618748,sA-eth3,up,559864425231,netem,34561230,26013,0,0,0,37850,3,32088386,5427,0,33226626,5791,0
702,559882649356,559884742180,20001628,sA-eth3,up,559884549109,netem,34806498,26175,0,0,0,49962,3,32089178,5439,0,33462390,5809,0
703,559902640414,559904550637,19991058,sA-eth3,up,559904375497,netem,35060850,26343,0,0,0,30280,2,32090300,5456,0,33706842,5827,0
704,559922644873,559924490726,20004459,sA-eth3,up,559924318525,netem,35301576,26502,0,0,0,29280,3,32091290,5471,0,33949846,5845,0
705,559942657941,559944597694,20013068,sA-eth3,up,559944420744,netem,35331120,26526,0,0,0,0,0,32116368,5478,0,33966618,5851,0
706,559962650699,559964640782,19992758,sA-eth3,up,559964442121,netem,35331618,26533,0,0,0,0,0,32153030,5485,0,33967116,5858,0
707,559982647027,559984659801,19996328,sA-eth3,up,559984408490,netem,35331918,26537,0,0,0,0,0,32170604,5488,0,33967416,5862,0
708,560002665456,560005092709,20018429,sA-eth3,up,560004855758,netem,35332494,26545,0,0,0,0,0,32224840,5498,0,33967992,5870,0
709,560022664113,560025843488,19998657,sA-eth3,up,560025596128,netem,35332848,26550,0,0,0,0,0,32259988,5504,0,33968346,5875,0
710,560042654772,560044730194,19990659,sA-eth3,up,560044538924,netem,35333358,26557,0,0,0,0,0,32292306,5511,0,33968856,5882,0
711,560062652690,560064634602,19997918,sA-eth3,up,560064387462,netem,35333970,26565,0,0,0,0,0,32327520,5518,0,33969468,5890,0
712,560082647318,560084970951,19994628,sA-eth3,up,560084722261,netem,35334444,26572,0,0,0,66,1,32374384,5526,0,33970008,5898,0
713,560102670876,560104643450,20023558,sA-eth3,up,560104462929,netem,35334876,26578,0,0,0,78,1,32409532,5532,0,33970452,5904,0
714,560122650535,560124564008,19979659,sA-eth3,up,560124386647,netem,35335516,26586,0,0,0,66,1,32444812,5540,0,33971080,5912,0
715,560142784434,560144679378,20133899,sA-eth3,up,560144496967,netem,35336014,26593,0,0,0,66,1,32482922,5547,0,33971578,5919,0
716,560162645495,560164544068,19861061,sA-eth3,up,560164365268,netem,35336656,26602,0,0,0,0,0,32529786,5555,0,33972154,5927,0
717,560183030727,560185441251,20385232,sA-eth3,up,560185178750,netem,35337252,26610,0,0,0,0,0,32572376,5564,0,33972750,5935,0
718,560202660007,560205087831,19629280,sA-eth3,up,560204848301,netem,35337894,26619,0,0,0,0,0,32612000,5572,0,33973392,5944,0
719,560222648378,560224887883,19988371,sA-eth3,up,560224657242,netem,35338316,26624,0,0,0,86,1,32641356,5578,0,33973814,5949,0
720,560242642030,560244742023,19993652,sA-eth3,up,560244527743,netem,35339002,26633,0,0,0,78,1,32684074,5589,0,33974500,5958,0
721,560262642360,560264661804,20000330,sA-eth3,up,560264484923,netem,35340066,26647,0,0,0,0,0,32770430,5603,0,33975564,5972,0
722,560282638372,560284937675,19996012,sA-eth3,up,560284694765,netem,35340678,26655,0,0,0,0,0,32823020,5610,0,33976176,5980,0
723,560302654783,560304600886,20016411,sA-eth3,up,560304420895,netem,35341368,26664,0,0,0,0,0,32894632,5620,0,33976866,5989,0
724,560322645454,560324520797,19990671,sA-eth3,up,560324343896,netem,35341998,26673,0,0,0,0,0,32958938,5629,0,33977496,5998,0
725,560342638275,560344464527,19992821,sA-eth3,up,560344293077,netem,35342628,26682,0,0,0,0,0,33024692,5638,0,33978126,6007,0
726,560363032437,560365355571,20394162,sA-eth3,up,560365097159,netem,35343258,26691,0,0,0,0,0,33090446,5647,0,33978756,6016,0
727,560386047163,560388427426,23014726,sA-eth3,up,560388167016,netem,35343776,26698,0,0,0,66,1,33141588,5654,0,33979274,6023,0
728,560402648718,560404776992,16601555,sA-eth3,up,560404578311,netem,35344130,26703,0,0,0,78,1,33178118,5659,0,33979628,6028,0
729,560422650549,560424925483,20001831,sA-eth3,up,560424712583,netem,35344718,26711,0,0,0,0,0,33236566,5667,0,33980216,6036,0
730,560442650021,560444790634,19999472,sA-eth3,up,560444590763,netem,35345282,26719,0,0,0,66,1,33302320,5676,0,33980846,6045,0
731,560462651422,560464771315,20001401,sA-eth3,up,560464576665,netem,35345888,26728,0,0,0,78,1,33360768,5684,0,33981386,6053,0
732,560482643662,560484784116,19992240,sA-eth3,up,560484583775,netem,35346440,26736,0,0,0,0,0,33419216,5692,0,33981938,6061,0
733,560502659004,560505134268,20015342,sA-eth3,up,560504883927,netem,35347078,26745,0,0,0,0,0,33484970,5701,0,33982576,6070,0
734,560522651775,560524922829,19992771,sA-eth3,up,560524714808,netem,35347530,26751,0,0,0,0,0,33521500,5706,0,33983028,6076,0
735,560542657566,560544850690,20005791,sA-eth3,up,560544647539,netem,35347530,26751,0,0,0,0,0,33521500,5706,0,33983028,6076,0
736,560562660977,560564789970,20003411,sA-eth3,up,560564593200,netem,35347530,26751,0,0,0,0,0,33521500,5706,0,33983028,6076,0
737,560582640228,560584617651,19979251,sA-eth3,up,560584438461,netem,35347530,26751,0,0,0,0,0,33521500,5706,0,33983028,6076,0
738,560603040620,560605458293,20400392,sA-eth3,up,560605215463,netem,35347530,26751,0,0,0,0,0,33521500,5706,0,33983028,6076,0
739,560622655731,560624623233,19615111,sA-eth3,up,560624444333,netem,35347530,26751,0,0,0,0,0,33521500,5706,0,33983028,6076,0
740,560643078272,560645398966,20422541,sA-eth3,up,560645154966,netem,35347530,26751,0,0,0,0,0,33521500,5706,0,33983028,6076,0
741,560662647582,560664578155,19569310,sA-eth3,up,560664401695,netem,35347530,26751,0,0,0,0,0,33521500,5706,0,33983028,6076,0
742,560682638524,560684476376,19990942,sA-eth3,up,560684300086,netem,35347530,26751,0,0,0,0,0,33521500,5706,0,33983028,6076,0
743,560702650495,560704528188,20011971,sA-eth3,up,560704344988,netem,35347530,26751,0,0,0,0,0,33521500,5706,0,33983028,6076,0
744,560722642616,560724556459,19992121,sA-eth3,up,560724379138,netem,35347530,26751,0,0,0,0,0,33521500,5706,0,33983028,6076,0
745,560742644677,560744505140,20002061,sA-eth3,up,560744331349,netem,35347608,26752,0,0,0,0,0,33523014,5707,0,33983106,6077,0
746,560762640958,560764465711,19996281,sA-eth3,up,560764293931,netem,35347608,26752,0,0,0,0,0,33523014,5707,0,33983106,6077,0
747,560782645888,560784515402,20004930,sA-eth3,up,560784342722,netem,35347608,26752,0,0,0,0,0,33523014,5707,0,33983106,6077,0
748,560802650520,560804518712,20004632,sA-eth3,up,560804343692,netem,35347608,26752,0,0,0,0,0,33523014,5707,0,33983106,6077,0
749,560822645401,560824481644,19994881,sA-eth3,up,560824308484,netem,35347608,26752,0,0,0,0,0,33523014,5707,0,33983106,6077,0
750,560842642632,560844473005,19997231,sA-eth3,up,560844302785,netem,35347608,26752,0,0,0,0,0,33523014,5707,0,33983106,6077,0
751,560862644063,560864462895,20001431,sA-eth3,up,560864288466,netem,35347608,26752,0,0,0,0,0,33523014,5707,0,33983106,6077,0
752,560882645144,560884507138,20001081,sA-eth3,up,560884334717,netem,35347608,26752,0,0,0,0,0,33523014,5707,0,33983106,6077,0
753,560902645875,560904513088,20000731,sA-eth3,up,560904337088,netem,35347608,26752,0,0,0,0,0,33523014,5707,0,33983106,6077,0
754,560922647546,560924540660,20001671,sA-eth3,up,560924359200,netem,35347608,26752,0,0,0,0,0,33523014,5707,0,33983106,6077,0
755,560942681357,560945101141,20033811,sA-eth3,up,560944862930,netem,35347608,26752,0,0,0,0,0,33523014,5707,0,33983106,6077,0
756,560962652688,560964579461,19971331,sA-eth3,up,560964368442,netem,35347752,26754,0,0,0,0,0,33531900,5710,0,33983250,6079,0
757,560982646560,560984880143,19993872,sA-eth3,up,560984646283,netem,35348430,26763,0,0,0,78,1,33568760,5720,0,33984006,6089,0
758,561002649540,561004679484,20002980,sA-eth3,up,561004491753,netem,35349216,26774,0,0,0,0,0,33622996,5730,0,33984714,6099,0
759,561022645932,561024612075,19996392,sA-eth3,up,561024428835,netem,35349968,26784,0,0,0,78,1,33688948,5742,0,33985466,6109,0
760,561042641543,561044571566,19995611,sA-eth3,up,561044391386,netem,35350868,26796,0,0,0,132,2,33766484,5754,0,33986432,6122,0
761,561062690204,561065781139,20048661,sA-eth3,up,561065495338,netem,35351828,26810,0,0,0,78,1,33887592,5768,0,33987404,6136,0
762,561085047349,561088277904,22357145,sA-eth3,up,561087895823,netem,35352662,26821,0,0,0,0,0,34017454,5783,0,33988160,6146,0
763,561102645666,561104889930,17598317,sA-eth3,up,561104703150,netem,35352662,26821,0,0,0,0,0,34024760,5784,0,33988160,6146,0
764,561122653067,561124793991,20007401,sA-eth3,up,561124606921,netem,35352728,26822,0,0,0,0,0,34034962,5785,0,33988226,6147,0
765,561142654021,561144741523,20000954,sA-eth3,up,561144554933,netem,35353262,26829,0,0,0,0,0,34128360,5796,0,33988760,6154,0
766,561162644564,561164681357,19990543,sA-eth3,up,561164495017,netem,35353910,26837,0,0,0,78,1,34183978,5805,0,33989408,6162,0
767,561182641208,561184625231,19996644,sA-eth3,up,561184439641,netem,35354616,26846,0,0,0,0,0,34238082,5813,0,33990114,6171,0
768,561202648202,561204642455,20006994,sA-eth3,up,561204462415,netem,35355150,26853,0,0,0,0,0,34289224,5820,0,33990648,6178,0
769,561222651476,561224714849,20003274,sA-eth3,up,561224531449,netem,35355536,26858,0,0,0,0,0,34333060,5826,0,33991034,6183,0
770,561242651490,561244620103,20000014,sA-eth3,up,561244437902,netem,35355844,26862,0,0,0,0,0,34369590,5831,0,33991342,6187,0
771,561262646994,561264714467,19995504,sA-eth3,up,561264530557,netem,35355844,26862,0,0,0,0,0,34369590,5831,0,33991342,6187,0
772,561282642728,561284532981,19995734,sA-eth3,up,561284359750,netem,35356066,26865,0,0,0,0,0,34384202,5833,0,33991564,6190,0
773,561302650431,561304536755,20007703,sA-eth3,up,561304355385,netem,35356432,26870,0,0,0,0,0,34435344,5840,0,33991930,6195,0
774,561324042438,561326699173,21392007,sA-eth3,up,561326508112,netem,35356974,26877,0,0,0,86,1,34486486,5848,0,33992472,6202,0
775,561342654349,561344757672,18611911,sA-eth3,up,561344562982,netem,35357504,26884,0,0,0,0,0,34537628,5854,0,33993002,6209,0
776,561362667634,561364894877,20013285,sA-eth3,up,561364674466,netem,35358104,26892,0,0,0,66,1,34596076,5862,0,33993668,6218,0
777,561382677917,561386449114,20010283,sA-eth3,up,561386210983,netem,35358668,26900,0,0,0,66,1,34654524,5870,0,33994232,6226,0
778,561402669441,561404872885,19991524,sA-eth3,up,561404643674,netem,35358812,26902,0,0,0,0,0,34661830,5871,0,33994310,6227,0
779,561422669275,561425225600,19999834,sA-eth3,up,561424952489,netem,35358812,26902,0,0,0,0,0,34661830,5871,0,33994310,6227,0
780,561444395132,561447131577,21725857,sA-eth3,up,561446857486,netem,35358812,26902,0,0,0,0,0,34661830,5871,0,33994310,6227,0
781,561462617512,561464766797,18222380,sA-eth3,up,561464582796,netem,35358812,26902,0,0,0,0,0,34661830,5871,0,33994310,6227,0
782,561482642758,561484636980,20025246,sA-eth3,up,561484452140,netem,35358812,26902,0,0,0,0,0,34661830,5871,0,33994310,6227,0
783,561502641461,561505206285,19998703,sA-eth3,up,561504928165,netem,35358812,26902,0,0,0,0,0,34661830,5871,0,33994310,6227,0
784,561522656164,561524584878,20014703,sA-eth3,up,561524404608,netem,35358812,26902,0,0,0,0,0,34661830,5871,0,33994310,6227,0
785,561542666199,561544960642,20010035,sA-eth3,up,561544744533,netem,35358812,26902,0,0,0,0,0,34661830,5871,0,33994310,6227,0
786,561564053746,561566411849,21387547,sA-eth3,up,561566161488,netem,35358812,26902,0,0,0,0,0,34661830,5871,0,33994310,6227,0
787,561582652897,561585080111,18599151,sA-eth3,up,561584809851,netem,35358812,26902,0,0,0,0,0,34661830,5871,0,33994310,6227,0
788,561602646230,561604709414,19993333,sA-eth3,up,561604529664,netem,35358812,26902,0,0,0,0,0,34663344,5872,0,33994310,6227,0
789,561622639175,561624536617,19992945,sA-eth3,up,561624358437,netem,35389260,26924,0,0,0,30280,2,34663476,5874,0,34038116,6232,0
790,561642649818,561644948473,20010643,sA-eth3,up,561644707112,netem,35646640,27094,0,0,0,36336,2,34664268,5886,0,34270918,6249,0
791,561662648062,561664631726,19998244,sA-eth3,up,561664445806,netem,35896450,27259,0,0,0,37850,3,34665192,5900,0,34510960,6266,0
792,561682644267,561684508170,19996205,sA-eth3,up,561684333470,netem,36147774,27425,0,0,0,30280,2,34666050,5913,0,34752582,6285,0
793,561702643280,561704516894,19999013,sA-eth3,up,561704339473,netem,36396070,27589,0,0,0,30280,2,34666908,5926,0,34991242,6303,0
794,561722648245,561724548207,20004965,sA-eth3,up,561724369977,netem,36645880,27754,0,0,0,37850,3,34667634,5937,0,35231284,6320,0
795,561742651618,561745337764,20003373,sA-eth3,up,561745070462,netem,36891148,27916,0,0,0,49962,4,34668690,5953,0,35484490,6339,0
796,561762653582,561764779786,20001964,sA-eth3,up,561764564615,netem,37145500,28084,0,0,0,45420,3,34669746,5969,0,35711566,6357,0
797,561782629396,561784640440,19975814,sA-eth3,up,561784416389,netem,37395310,28249,0,0,0,37850,3,34670604,5982,0,35951740,6376,0
798,561802649980,561804591773,20020584,sA-eth3,up,561804374523,netem,37551766,28353,0,0,0,0,0,34671330,5993,0,36102124,6388,0
799,561822612994,561824572567,19963014,sA-eth3,up,561824369737,netem,37551766,28353,0,0,0,0,0,34671330,5993,0,36102124,6388,0
800,561842601408,561845205042,19988414,sA-eth3,up,561844997582,netem,37551766,28353,0,0,0,0,0,34671330,5993,0,36102124,6388,0
801,561862645262,561864938786,20043854,sA-eth3,up,561864695285,netem,37551766,28353,0,0,0,0,0,34671330,5993,0,36102124,6388,0
802,561882695066,561885150560,20049804,sA-eth3,up,561884901260,netem,37551766,28353,0,0,0,0,0,34671330,5993,0,36102124,6388,0
803,561905037674,561907489188,22342608,sA-eth3,up,561907244058,netem,37551766,28353,0,0,0,0,0,34671330,5993,0,36102124,6388,0
804,561922651684,561924643668,17614010,sA-eth3,up,561924458517,netem,37551766,28353,0,0,0,0,0,34671330,5993,0,36102124,6388,0
805,561942644327,561944567041,19992643,sA-eth3,up,561944385281,netem,37551766,28353,0,0,0,0,0,34671330,5993,0,36102124,6388,0
806,561962645242,561964574915,20000915,sA-eth3,up,561964393905,netem,37551766,28353,0,0,0,0,0,34671330,5993,0,36102124,6388,0
807,561982650396,561984628129,20005154,sA-eth3,up,561984445369,netem,37551766,28353,0,0,0,0,0,34671330,5993,0,36102124,6388,0
808,562002647459,562004575693,19997063,sA-eth3,up,562004395693,netem,37551766,28353,0,0,0,0,0,34671330,5993,0,36102124,6388,0
809,562023033955,562025484239,20386496,sA-eth3,up,562025223528,netem,37551766,28353,0,0,0,0,0,34671330,5993,0,36102124,6388,0
810,562042655457,562045067112,19621502,sA-eth3,up,562044801092,netem,37551766,28353,0,0,0,0,0,34671330,5993,0,36102124,6388,0
811,562062670422,562064926145,20014965,sA-eth3,up,562064693885,netem,37551766,28353,0,0,0,0,0,34671330,5993,0,36102124,6388,0
812,562082649626,562084634829,19979204,sA-eth3,up,562084449798,netem,37551766,28353,0,0,0,0,0,34671330,5993,0,36102124,6388,0
813,562102649789,562104962174,20000163,sA-eth3,up,562104720063,netem,37551766,28353,0,0,0,0,0,34671330,5993,0,36102124,6388,0
814,562122670273,562124917728,20020484,sA-eth3,up,562124704047,netem,37551766,28353,0,0,0,0,0,34671330,5993,0,36102124,6388,0
815,562142653609,562144683272,19983336,sA-eth3,up,562144448823,netem,37551766,28353,0,0,0,0,0,34671330,5993,0,36102124,6388,0
816,562162658105,562164554019,20004496,sA-eth3,up,562164361949,netem,37551766,28353,0,0,0,0,0,34671330,5993,0,36102124,6388,0
817,562182642663,562184550077,19984558,sA-eth3,up,562184370126,netem,37551766,28353,0,0,0,0,0,34671330,5993,0,36102124,6388,0
818,562202643370,562204543083,20000707,sA-eth3,up,562204361693,netem,37551766,28353,0,0,0,0,0,34671330,5993,0,36102124,6388,0
819,562222646906,562224585450,20003536,sA-eth3,up,562224402090,netem,37551766,28353,0,0,0,0,0,34671330,5993,0,36102124,6388,0
820,562242643923,562244683217,19997017,sA-eth3,up,562244500147,netem,37551930,28355,0,0,0,172,2,34681730,5997,0,36102374,6391,0
821,562263170751,562265296945,20526828,sA-eth3,up,562265083764,netem,37552850,28367,0,0,0,0,0,34715760,6008,0,36103208,6402,0
822,562282643657,562284877121,19472906,sA-eth3,up,562284618761,netem,37553480,28376,0,0,0,0,0,34780066,6017,0,36103838,6411,0
823,562302671323,562304981048,20027666,sA-eth3,up,562304741317,netem,37554044,28384,0,0,0,66,1,34838514,6025,0,36104468,6420,0
824,562322653660,562324621584,19982337,sA-eth3,up,562324440674,netem,37554430,28389,0,0,0,0,0,34867738,6029,0,36104788,6424,0
825,562342638377,562344492160,19984717,sA-eth3,up,562344316080,netem,37554430,28389,0,0,0,0,0,34867738,6029,0,36104788,6424,0
826,562363034405,562365414239,20396028,sA-eth3,up,562365170899,netem,37554430,28389,0,0,0,0,0,34867738,6029,0,36104788,6424,0
827,562382662251,562384531234,19627846,sA-eth3,up,562384331094,netem,37554430,28389,0,0,0,0,0,34867738,6029,0,36104788,6424,0
828,562402650327,562404747861,19988076,sA-eth3,up,562404561701,netem,37554430,28389,0,0,0,0,0,34867738,6029,0,36104788,6424,0
829,562422642544,562424484678,19992217,sA-eth3,up,562424308667,netem,37554430,28389,0,0,0,0,0,34867738,6029,0,36104788,6424,0
830,562442641131,562444480724,19998587,sA-eth3,up,562444305784,netem,37554430,28389,0,0,0,0,0,34867738,6029,0,36104788,6424,0
831,562462639408,562464513112,19998277,sA-eth3,up,562464337321,netem,37554430,28389,0,0,0,0,0,34867738,6029,0,36104788,6424,0
832,562482647765,562484539069,20008357,sA-eth3,up,562484365088,netem,37554430,28389,0,0,0,0,0,34867738,6029,0,36104788,6424,0
833,562502642582,562504501575,19994817,sA-eth3,up,562504327334,netem,37554430,28389,0,0,0,0,0,34867738,6029,0,36104788,6424,0
834,562522640478,562524493411,19997896,sA-eth3,up,562524322281,netem,37554430,28389,0,0,0,0,0,34867738,6029,0,36104788,6424,0
835,562542650805,562545329180,20010327,sA-eth3,up,562545145209,netem,37554516,28390,0,0,0,0,0,34869252,6030,0,36104874,6425,0
836,562562652202,562564766306,20001397,sA-eth3,up,562564514205,netem,37554516,28390,0,0,0,0,0,34869252,6030,0,36104874,6425,0
837,562582652189,562584617663,19999987,sA-eth3,up,562584431733,netem,37554516,28390,0,0,0,0,0,34869252,6030,0,36104874,6425,0
838,562602644406,562604498009,19992217,sA-eth3,up,562604321678,netem,37554516,28390,0,0,0,0,0,34869252,6030,0,36104874,6425,0
839,562622653552,562624512746,20009146,sA-eth3,up,562624337536,netem,37554516,28390,0,0,0,0,0,34869252,6030,0,36104874,6425,0
840,562642644650,562644522423,19991098,sA-eth3,up,562644343133,netem,37554516,28390,0,0,0,0,0,34869252,6030,0,36104874,6425,0
841,562662646686,562664577520,20002036,sA-eth3,up,562664392329,netem,37554516,28390,0,0,0,0,0,34869252,6030,0,36104874,6425,0
842,562682647803,562684649066,20001117,sA-eth3,up,562684461317,netem,37554516,28390,0,0,0,0,0,34869252,6030,0,36104874,6425,0
843,562702648029,562704571363,20000226,sA-eth3,up,562704389962,netem,37554516,28390,0,0,0,0,0,34869252,6030,0,36104874,6425,0
844,562722649207,562724531020,20001178,sA-eth3,up,562724354930,netem,37554516,28390,0,0,0,0,0,34869252,6030,0,36104874,6425,0
845,562742649593,562744515286,20000386,sA-eth3,up,562744336796,netem,37554516,28390,0,0,0,0,0,34869252,6030,0,36104874,6425,0
846,562762646780,562764567984,19997187,sA-eth3,up,562764387993,netem,37554968,28396,0,0,0,78,1,34913286,6039,0,36105404,6432,0
847,562782643527,562784541601,19996747,sA-eth3,up,562784364169,netem,37555202,28399,0,0,0,0,0,34913286,6039,0,36105560,6434,0
848,562803038964,562804973318,20395437,sA-eth3,up,562804782208,netem,37555280,28400,0,0,0,0,0,34916248,6040,0,36105638,6435,0
849,562822735651,562824700964,19696687,sA-eth3,up,562824514184,netem,37555346,28401,0,0,0,0,0,34917762,6041,0,36105704,6436,0
850,562842650297,562844933111,19914646,sA-eth3,up,562844680831,netem,37555412,28402,0,0,0,0,0,34920724,6042,0,36105770,6437,0
851,562862647274,562864537968,19996977,sA-eth3,up,562864360288,netem,37555478,28403,0,0,0,0,0,34923686,6043,0,36105836,6438,0
852,562883050222,562885268856,20402948,sA-eth3,up,562885027245,netem,37555478,28403,0,0,0,0,0,34923686,6043,0,36105836,6438,0
853,562903035988,562905352103,19985766,sA-eth3,up,562905110742,netem,37555544,28404,0,0,0,0,0,34926648,6044,0,36105902,6439,0
854,562922663264,562925391469,19627276,sA-eth3,up,562925158319,netem,37555610,28405,0,0,0,0,0,34929610,6045,0,36105968,6440,0
855,562942670380,562944893545,20007116,sA-eth3,up,562944684175,netem,37555610,28405,0,0,0,0,0,34929610,6045,0,36105968,6440,0
856,562962647218,562964502471,19976838,sA-eth3,up,562964327141,netem,37555610,28405,0,0,0,0,0,34929610,6045,0,36105968,6440,0
857,562982651995,562984554358,20004777,sA-eth3,up,562984373648,netem,37555610,28405,0,0,0,0,0,34929610,6045,0,36105968,6440,0
858,563002677811,563004964996,20025816,sA-eth3,up,563004753955,netem,37555688,28406,0,0,0,0,0,34932572,6046,0,36106046,6441,0
859,563022646709,563025322704,19968898,sA-eth3,up,563025139704,netem,37555766,28407,0,0,0,0,0,34935534,6047,0,36106124,6442,0
860,563042646725,563044553119,20000016,sA-eth3,up,563044332648,netem,37555766,28407,0,0,0,0,0,34935534,6047,0,36106124,6442,0
861,563062658382,563064602035,20011657,sA-eth3,up,563064423275,netem,37555832,28408,0,0,0,0,0,34938496,6048,0,36106190,6443,0
862,563082645878,563084518682,19987496,sA-eth3,up,563084339702,netem,37555898,28409,0,0,0,0,0,34941458,6049,0,36106256,6444,0
863,563102641426,563104468118,19995548,sA-eth3,up,563104294438,netem,37555898,28409,0,0,0,66,1,34944420,6050,0,36106322,6445,0
864,563122649083,563124475185,20007657,sA-eth3,up,563124305125,netem,37555964,28410,0,0,0,0,0,34944420,6050,0,36106322,6445,0
865,563142657591,563144513084,20008508,sA-eth3,up,563144338164,netem,37556030,28411,0,0,0,0,0,34947382,6051,0,36106388,6446,0
866,563162648180,563164521894,19990589,sA-eth3,up,563164342814,netem,37556030,28411,0,0,0,0,0,34947382,6051,0,36106388,6446,0
867,563182654390,563184534833,20006210,sA-eth3,up,563184355753,netem,37556030,28411,0,0,0,0,0,34947382,6051,0,36106388,6446,0
868,563202645240,563204487654,19990850,sA-eth3,up,563204315073,netem,37556030,28411,0,0,0,0,0,34947382,6051,0,36106388,6446,0
869,563222637409,563224478493,19992169,sA-eth3,up,563224305513,netem,37556030,28411,0,0,0,0,0,34947382,6051,0,36106388,6446,0
870,563242647759,563244520263,20010350,sA-eth3,up,563244338232,netem,37556108,28412,0,0,0,0,0,34950344,6052,0,36106466,6447,0
871,563262642158,563264517662,19994399,sA-eth3,up,563264340332,netem,37556108,28412,0,0,0,0,0,34953306,6053,0,36106466,6447,0
872,563282656198,563284580742,20014040,sA-eth3,up,563284399862,netem,37556186,28413,0,0,0,0,0,34953306,6053,0,36106544,6448,0
873,563302640648,563304507802,19984450,sA-eth3,up,563304329431,netem,37556264,28414,0,0,0,0,0,34956268,6054,0,36106622,6449,0
874,563323060089,563325479643,20419441,sA-eth3,up,563325236462,netem,37556264,28414,0,0,0,0,0,34956268,6054,0,36106622,6449,0
875,563342649027,563344559141,19588938,sA-eth3,up,563344380750,netem,37556264,28414,0,0,0,0,0,34956268,6054,0,36106622,6449,0
876,563362643257,563364945831,19994230,sA-eth3,up,563364705110,netem,37556342,28415,0,0,0,0,0,34959230,6055,0,36106700,6450,0
877,563382663087,563384663121,20019830,sA-eth3,up,563384468600,netem,37556342,28415,0,0,0,0,0,34959230,6055,0,36106700,6450,0
878,563402653686,563404722699,19990599,sA-eth3,up,563404537039,netem,37556420,28416,0,0,0,0,0,34962192,6056,0,36106778,6451,0
879,563422651255,563424663740,19997569,sA-eth3,up,563424435769,netem,37556420,28416,0,0,0,0,0,34962192,6056,0,36106778,6451,0
880,563442652235,563444529139,20000980,sA-eth3,up,563444355258,netem,37556420,28416,0,0,0,0,0,34962192,6056,0,36106778,6451,0
881,563462645115,563464496378,19992880,sA-eth3,up,563464320888,netem,37556498,28417,0,0,0,0,0,34965154,6057,0,36106856,6452,0
882,563482644934,563484523759,19999819,sA-eth3,up,563484347878,netem,37556564,28418,0,0,0,0,0,34968116,6058,0,36106922,6453,0
883,563502644893,563504482608,19999959,sA-eth3,up,563504306577,netem,37556564,28418,0,0,0,0,0,34968116,6058,0,36106922,6453,0
884,563523061494,563525354829,20416601,sA-eth3,up,563525110738,netem,37556630,28419,0,0,0,0,0,34971078,6059,0,36106988,6454,0
885,563542663454,563544582537,19601960,sA-eth3,up,563544408177,netem,37556696,28420,0,0,0,0,0,34974040,6060,0,36107054,6455,0
886,563562645063,563565270227,19981609,sA-eth3,up,563565053657,netem,37556762,28421,0,0,0,0,0,34977002,6061,0,36107120,6456,0
887,563582646323,563584708646,20001260,sA-eth3,up,563584530496,netem,37556762,28421,0,0,0,0,0,34977002,6061,0,36107120,6456,0
888,563602645972,563604955967,19999649,sA-eth3,up,563604712396,netem,37556828,28422,0,0,0,0,0,34979964,6062,0,36107186,6457,0
889,563622656072,563624674336,20010100,sA-eth3,up,563624478665,netem,37556894,28423,0,0,0,0,0,34982926,6063,0,36107252,6458,0
890,563643045602,563645248317,20389530,sA-eth3,up,563644978606,netem,37556894,28423,0,0,0,0,0,34982926,6063,0,36107252,6458,0
891,563662655231,563664606795,19609629,sA-eth3,up,563664422774,netem,37556894,28423,0,0,0,0,0,34982926,6063,0,36107252,6458,0
892,563682642151,563684491494,19986920,sA-eth3,up,563684316984,netem,37556972,28424,0,0,0,0,0,34985888,6064,0,36107330,6459,0
893,563702654930,563704502894,20012779,sA-eth3,up,563704329434,netem,37557038,28425,0,0,0,0,0,34988850,6065,0,36107396,6460,0
894,563722654929,563724523383,19999999,sA-eth3,up,563724345794,netem,37557038,28425,0,0,0,0,0,34991812,6066,0,36107396,6460,0
895,563742655140,563744575804,20000211,sA-eth3,up,563744393034,netem,37557104,28426,0,0,0,0,0,34991812,6066,0,36107462,6461,0
896,563764894173,563766751187,22239033,sA-eth3,up,563766573377,netem,37557170,28427,0,0,0,0,0,34996288,6068,0,36107528,6462,0
897,563782646559,563784536042,17752386,sA-eth3,up,563784362382,netem,37557170,28427,0,0,0,0,0,34996288,6068,0,36107528,6462,0
898,563802682189,563805083473,20035630,sA-eth3,up,563804848853,netem,37557170,28427,0,0,0,0,0,34996288,6068,0,36107528,6462,0
899,563822652288,563824596302,19970099,sA-eth3,up,563824417152,netem,37557248,28428,0,0,0,0,0,34999250,6069,0,36107606,6463,0
900,563842644718,563845054822,19992430,sA-eth3,up,563844790852,netem,37557248,28428,0,0,0,0,0,35002212,6070,0,36107606,6463,0
901,563862677697,563864686612,20032979,sA-eth3,up,563864495021,netem,37557314,28429,0,0,0,0,0,35002212,6070,0,36107672,6464,0
902,563882649707,563884887461,19972010,sA-eth3,up,563884652021,netem,37557380,28430,0,0,0,0,0,35005174,6071,0,36107738,6465,0
903,563902661926,563905339322,20012219,sA-eth3,up,563905149931,netem,37557446,28431,0,0,0,0,0,35008136,6072,0,36107804,6466,0
904,563922648096,563924672530,19986170,sA-eth3,up,563924432009,netem,37557446,28431,0,0,0,0,0,35008136,6072,0,36107804,6466,0
905,563942664725,563944597450,20016629,sA-eth3,up,563944409899,netem,37557512,28432,0,0,0,0,0,35011098,6073,0,36107870,6467,0
906,563962645686,563964592240,19980961,sA-eth3,up,563964409470,netem,37557512,28432,0,0,0,0,0,35011098,6073,0,36107870,6467,0
907,563982650215,563984715819,20004529,sA-eth3,up,563984520858,netem,37557590,28433,0,0,0,0,0,35014060,6074,0,36107948,6468,0
908,564002643745,564004735949,19993530,sA-eth3,up,564004546138,netem,37557590,28433,0,0,0,0,0,35014060,6074,0,36107948,6468,0
909,564022649494,564025025459,20005749,sA-eth3,up,564024761298,netem,37557656,28434,0,0,0,0,0,35017022,6075,0,36108014,6469,0
910,564042661274,564044781108,20011780,sA-eth3,up,564044578008,netem,37557722,28435,0,0,0,0,0,35019984,6076,0,36108080,6470,0
911,564062646043,564064685778,19984769,sA-eth3,up,564064490758,netem,37557788,28436,0,0,0,0,0,35022946,6077,0,36108146,6471,0
912,564082645473,564084625497,19999430,sA-eth3,up,564084441267,netem,37557788,28436,0,0,0,0,0,35022946,6077,0,36108146,6471,0
913,564102642332,564104605347,19996859,sA-eth3,up,564104412546,netem,37557854,28437,0,0,0,0,0,35025908,6078,0,36108212,6472,0
914,564122640562,564124556557,19998230,sA-eth3,up,564124381245,netem,37557920,28438,0,0,0,0,0,35028870,6079,0,36108278,6473,0
915,564142642224,564144575397,20001662,sA-eth3,up,564144395667,netem,37557920,28438,0,0,0,0,0,35028870,6079,0,36108278,6473,0
916,564162646136,564164664380,20003912,sA-eth3,up,564164476050,netem,37557920,28438,0,0,0,0,0,35028870,6079,0,36108278,6473,0
917,564182645529,564184626713,19999393,sA-eth3,up,564184440412,netem,37557998,28439,0,0,0,0,0,35031832,6080,0,36108356,6474,0
918,564202644181,564205043886,19998652,sA-eth3,up,564204778735,netem,37558064,28440,0,0,0,0,0,35034794,6081,0,36108422,6475,0
919,564222676433,564224886978,20032252,sA-eth3,up,564224674757,netem,37558064,28440,0,0,0,0,0,35034794,6081,0,36108422,6475,0
920,564243042017,564245301891,20365584,sA-eth3,up,564245062990,netem,37558064,28440,0,0,0,0,0,35034794,6081,0,36108422,6475,0
921,564262645278,564264562112,19603261,sA-eth3,up,564264383602,netem,37558064,28440,0,0,0,0,0,35034794,6081,0,36108422,6475,0
922,564282641470,564284482845,19996192,sA-eth3,up,564284308684,netem,37558142,28441,0,0,0,0,0,35037756,6082,0,36108500,6476,0
923,564302643733,564304564987,20002263,sA-eth3,up,564304387696,netem,37558142,28441,0,0,0,0,0,35037756,6082,0,36108500,6476,0
924,564322653795,564325334812,20010062,sA-eth3,up,564325149121,netem,37558142,28441,0,0,0,0,0,35037756,6082,0,36108500,6476,0
925,564342647308,564345065943,19993513,sA-eth3,up,564344790662,netem,37558142,28441,0,0,0,0,0,35037756,6082,0,36108500,6476,0
926,564363163881,564365299156,20516573,sA-eth3,up,564365047616,netem,37558142,28441,0,0,0,0,0,35037756,6082,0,36108500,6476,0
927,564382656223,564384616177,19492342,sA-eth3,up,564384429747,netem,37558142,28441,0,0,0,0,0,35037756,6082,0,36108500,6476,0
928,564402642946,564404571189,19986723,sA-eth3,up,564404388179,netem,37558142,28441,0,0,0,0,0,35037756,6082,0,36108500,6476,0
929,564422647257,564425046293,20004311,sA-eth3,up,564424782762,netem,37558142,28441,0,0,0,0,0,35037756,6082,0,36108500,6476,0
930,564442667540,564444698564,20020283,sA-eth3,up,564444503514,netem,37558142,28441,0,0,0,0,0,35037756,6082,0,36108500,6476,0
931,564462645292,564464748127,19977752,sA-eth3,up,564464529927,netem,37558142,28441,0,0,0,0,0,35037756,6082,0,36108500,6476,0
932,564482654055,564484595978,20008763,sA-eth3,up,564484416488,netem,37558142,28441,0,0,0,0,0,35037756,6082,0,36108500,6476,0
933,564502645637,564504575741,19991582,sA-eth3,up,564504386401,netem,37558142,28441,0,0,0,0,0,35037756,6082,0,36108500,6476,0
934,564522642460,564524673484,19996823,sA-eth3,up,564524488054,netem,37558142,28441,0,0,0,0,0,35037756,6082,0,36108500,6476,0
935,564542647382,564544544026,20004922,sA-eth3,up,564544367576,netem,37558220,28442,0,0,0,0,0,35039270,6083,0,36108578,6477,0
936,564562646115,564564484749,19998733,sA-eth3,up,564564310968,netem,37558364,28444,0,0,0,0,0,35043746,6085,0,36108722,6479,0
937,564582645368,564584523911,19999253,sA-eth3,up,564584343950,netem,37558364,28444,0,0,0,0,0,35043746,6085,0,36108722,6479,0
938,564602639920,564604500083,19994552,sA-eth3,up,564604325643,netem,37558430,28445,0,0,0,0,0,35046708,6086,0,36108788,6480,0
939,564622644471,564624623447,20004551,sA-eth3,up,564624439926,netem,37558562,28447,0,0,0,0,0,35055528,6088,0,36108920,6482,0
940,564642642504,564644690558,19998033,sA-eth3,up,564644503518,netem,37558874,28451,0,0,0,0,0,35073168,6092,0,36109232,6486,0
941,564663041667,564665388873,20399163,sA-eth3,up,564665145752,netem,37559216,28456,0,0,0,78,1,35099628,6098,0,36109652,6492,0
942,564682646869,564684555254,19605202,sA-eth3,up,564684376063,netem,37559648,28462,0,0,0,0,0,35121678,6103,0,36110006,6497,0
943,564702642961,564704465386,19996092,sA-eth3,up,564704291256,netem,37560068,28468,0,0,0,78,1,35152548,6110,0,36110426,6503,0
944,564722645884,564724478928,20002923,sA-eth3,up,564724302718,netem,37560686,28477,0,0,0,66,1,35203888,6120,0,36111110,6513,0
945,564742654937,564744488311,20009053,sA-eth3,up,564744308621,netem,37561238,28485,0,0,0,0,0,35247790,6127,0,36111596,6520,0
946,564765034614,564767375129,22379677,sA-eth3,up,564767130068,netem,37561834,28493,0,0,0,0,0,35293272,6136,0,36112192,6528,0
947,564782655682,564784588295,17621068,sA-eth3,up,564784413306,netem,37562464,28502,0,0,0,78,1,35345928,6144,0,36112822,6537,0
948,564802669563,564804952098,20013881,sA-eth3,up,564804738318,netem,37563094,28511,0,0,0,0,0,35411682,6153,0,36113452,6546,0
949,564823067377,564825165372,20397814,sA-eth3,up,564824937551,netem,37564090,28523,0,0,0,0,0,35482044,6166,0,36114448,6558,0
950,564842640789,564844508723,19573412,sA-eth3,up,564844329572,netem,37564936,28534,0,0,0,0,0,35547930,6177,0,36115294,6569,0
951,564862646111,564865313177,20005322,sA-eth3,up,564865135397,netem,37565474,28541,0,0,0,0,0,35587488,6184,0,36115832,6576,0
952,564882647194,564884875248,20001083,sA-eth3,up,564884626878,netem,37566170,28551,0,0,0,0,0,35644620,6194,0,36116528,6586,0
953,564902659366,564904941781,20012172,sA-eth3,up,564904731041,netem,37566890,28561,0,0,0,66,1,35710506,6205,0,36117248,6596,0
954,564922649999,564924853353,19990633,sA-eth3,up,564924655743,netem,37567530,28569,0,0,0,0,0,35728278,6211,0,36117888,6604,0
955,564942653931,564944638375,20003932,sA-eth3,up,564944451535,netem,37567530,28569,0,0,0,0,0,35728278,6211,0,36117888,6604,0
956,564962639393,564964643318,19985462,sA-eth3,up,564964454658,netem,37567530,28569,0,0,0,0,0,35728278,6211,0,36117888,6604,0
957,564982645826,564984679799,20006433,sA-eth3,up,564984488669,netem,37567530,28569,0,0,0,0,0,35728278,6211,0,36117888,6604,0
958,565002646328,565004730922,20000502,sA-eth3,up,565004542912,netem,37567530,28569,0,0,0,0,0,35728278,6211,0,36117888,6604,0
959,565022657020,565024733015,20010692,sA-eth3,up,565024553305,netem,37567530,28569,0,0,0,0,0,35728278,6211,0,36117888,6604,0
960,565042648573,565044681857,19991553,sA-eth3,up,565044502087,netem,37567530,28569,0,0,0,0,0,35728278,6211,0,36117888,6604,0
961,565062651176,565065134961,20002603,sA-eth3,up,565064870020,netem,37567530,28569,0,0,0,0,0,35728278,6211,0,36117888,6604,0
962,565082662598,565085420784,20011422,sA-eth3,up,565085172614,netem,37567530,28569,0,0,0,0,0,35728278,6211,0,36117888,6604,0
963,565102659671,565105151165,19997073,sA-eth3,up,565104882725,netem,37567530,28569,0,0,0,0,0,35728278,6211,0,36117888,6604,0
964,565122650183,565125215618,19990512,sA-eth3,up,565124938507,netem,37567530,28569,0,0,0,0,0,35728278,6211,0,36117888,6604,0
965,565142685487,565145361573,20035304,sA-eth3,up,565145120102,netem,37568090,28577,0,0,0,0,0,35754936,6220,0,36118448,6612,0
966,565162669292,565165171118,19983805,sA-eth3,up,565164912957,netem,37568756,28586,0,0,0,66,1,35820756,6230,0,36119114,6621,0
967,565185061503,565187504608,22392211,sA-eth3,up,565187257937,netem,37569452,28596,0,0,0,78,1,35883680,6240,0,36119888,6632,0
968,565202652122,565204717087,17590619,sA-eth3,up,565204522096,netem,37570160,28606,0,0,0,0,0,35939298,6249,0,36120518,6641,0
969,565223032238,565225498604,20380116,sA-eth3,up,565225250773,netem,37570736,28614,0,0,0,0,0,36005052,6258,0,36121094,6649,0
970,565242666873,565245216928,19634635,sA-eth3,up,565244986238,netem,37571180,28620,0,0,0,0,0,36041582,6263,0,36121538,6655,0
971,565262657678,565265471145,19990805,sA-eth3,up,565265242934,netem,37571480,28624,0,0,0,0,0,36063500,6266,0,36121838,6659,0
972,565282656944,565285351190,19999266,sA-eth3,up,565285151429,netem,37571858,28629,0,0,0,0,0,36129254,6275,0,36122216,6664,0
973,565302651309,565305117484,19994365,sA-eth3,up,565304805963,netem,37572236,28634,0,0,0,78,1,36187702,6283,0,36122594,6669,0
974,565322649533,565324756028,19998224,sA-eth3,up,565324533448,netem,37572848,28642,0,0,0,0,0,36246150,6291,0,36123206,6677,0
975,565342642119,565344823274,19992586,sA-eth3,up,565344620004,netem,37573370,28649,0,0,0,0,0,36297292,6298,0,36123728,6684,0
976,565362679245,565365176180,20037126,sA-eth3,up,565364868889,netem,37573822,28655,0,0,0,0,0,36341128,6304,0,36124180,6690,0
977,565382651009,565385132585,19971764,sA-eth3,up,565384867804,netem,37574512,28664,0,0,0,78,1,36409844,6314,0,36124948,6700,0
978,565402667345,565404807240,20016336,sA-eth3,up,565404582669,netem,37575268,28674,0,0,0,66,1,36477112,6324,0,36125626,6709,0
979,565422653550,565424666425,19986205,sA-eth3,up,565424480394,netem,37576094,28685,0,0,0,0,0,36550238,6335,0,36126452,6720,0
980,565442648004,565444585670,19994454,sA-eth3,up,565444404489,netem,37576868,28696,0,0,0,78,1,36640806,6347,0,36127304,6732,0
981,565462645850,565464951565,19997846,sA-eth3,up,565464768115,netem,37577732,28708,0,0,0,0,0,36724002,6357,0,36128090,6743,0
982,565482648536,565484634400,20002686,sA-eth3,up,565484450729,netem,37578570,28719,0,0,0,0,0,36794232,6368,0,36128928,6754,0
983,565502660050,565504732755,20011514,sA-eth3,up,565504490745,netem,37579178,28727,0,0,0,66,1,36852680,6376,0,36129602,6763,0
984,565522653716,565524602381,19993666,sA-eth3,up,565524413600,netem,37579844,28736,0,0,0,66,1,36918434,6385,0,36130202,6771,0
985,565542646211,565544501725,19992495,sA-eth3,up,565544323395,netem,37580452,28744,0,0,0,0,0,36976882,6393,0,36130810,6779,0
986,565562647936,565564600221,20001725,sA-eth3,up,565564416480,netem,37580950,28751,0,0,0,66,1,37035330,6401,0,36131374,6787,0
987,565582648991,565584603156,20001055,sA-eth3,up,565584421206,netem,37581642,28761,0,0,0,0,0,37101084,6410,0,36132000,6796,0
988,565602646217,565604556441,19997226,sA-eth3,up,565604375721,netem,37582230,28769,0,0,0,66,1,37166838,6419,0,36132654,6805,0
989,565622642932,565624536796,19996715,sA-eth3,up,565624357246,netem,37582872,28778,0,0,0,78,1,37225286,6427,0,36133230,6813,0
990,565642646887,565644574642,20003955,sA-eth3,up,565644395341,netem,37684964,28854,0,0,0,36422,3,37284130,6441,0,36231362,6829,0
991,565662654022,565664867827,20007135,sA-eth3,up,565664678067,netem,37939768,29028,0,0,0,50048,4,37335932,6458,0,36476266,6853,0
992,565682650498,565684772742,19996476,sA-eth3,up,565684527112,netem,38184084,29196,0,0,0,56174,6,37395304,6480,0,36711078,6877,0
993,565702742503,565705160388,20092005,sA-eth3,up,565704915998,netem,38434498,29369,0,0,0,84948,8,37454676,6502,0,36967870,6905,0
994,565722640058,565724708223,19897555,sA-eth3,up,565724510302,netem,38690864,29544,0,0,0,84862,7,37491932,6518,0,37198190,6927,0
995,565742649624,565744741639,20009566,sA-eth3,up,565744561407,netem,38929060,29708,0,0,0,116956,13,37561704,6544,0,37443218,6953,0
996,565762645928,565784324678,19996304,sA-eth3,up,565784079017,netem,39430318,30059,0,0,0,113902,12,37677684,6590,0,37920584,7008,0
997,565784355208,565786182442,21709280,sA-eth3,up,565785974491,netem,39442430,30067,0,0,0,118444,12,37682160,6592,0,37939560,7010,0
998,565804440703,565806336597,20085495,sA-eth3,up,565806150297,netem,39697596,30244,0,0,0,84144,10,37735740,6614,0,38183452,7038,0
999,565825046430,565827630355,20605727,sA-eth3,up,565827390024,netem,39782468,30312,0,0,0,0,0,37788726,6627,0,38247422,7053,0
1000,565844444273,565846773238,19397843,sA-eth3,up,565846546208,netem,39783104,30320,0,0,0,0,0,37829798,6635,0,38248058,7061,0
1001,565864418768,565866371443,19974495,sA-eth3,up,565866191623,netem,39783848,30330,0,0,0,78,1,37885482,6645,0,38248802,7071,0
1002,565884441104,565886321658,20022336,sA-eth3,up,565886146987,netem,39784688,30342,0,0,0,78,1,37964466,6657,0,38249642,7083,0
1003,565904446969,565906393754,20005865,sA-eth3,up,565906209553,netem,39785474,30353,0,0,0,0,0,38057864,6668,0,38250428,7094,0
1004,565924447904,565926371849,20000935,sA-eth3,up,565926191689,netem,39786510,30367,0,0,0,66,1,38161662,6683,0,38251530,7109,0
1005,565944441029,565947815327,19993125,sA-eth3,up,565947629436,netem,39787062,30375,0,0,0,0,0,38190962,6689,0,38252016,7116,0
1006,565964453274,565966896701,20012245,sA-eth3,up,565966623710,netem,39787062,30375,0,0,0,0,0,38190962,6689,0,38252016,7116,0
1007,565984451620,565986643724,19998346,sA-eth3,up,565986451224,netem,39787062,30375,0,0,0,0,0,38190962,6689,0,38252016,7116,0
1008,566004447365,566006678300,19995745,sA-eth3,up,566006452110,netem,39787062,30375,0,0,0,0,0,38190962,6689,0,38252016,7116,0
1009,566024456060,566026537054,20008695,sA-eth3,up,566026349284,netem,39787062,30375,0,0,0,0,0,38190962,6689,0,38252016,7116,0
1010,566044442315,566046317200,19986255,sA-eth3,up,566046142299,netem,39787062,30375,0,0,0,0,0,38190962,6689,0,38252016,7116,0
1011,566065038472,566067444407,20596157,sA-eth3,up,566067197627,netem,39787062,30375,0,0,0,0,0,38190962,6689,0,38252016,7116,0
1012,566084463295,566086524070,19424823,sA-eth3,up,566086326620,netem,39787062,30375,0,0,0,0,0,38190962,6689,0,38252016,7116,0
1013,566105075072,566107440718,20611777,sA-eth3,up,566107222408,netem,39787062,30375,0,0,0,0,0,38190962,6689,0,38252016,7116,0
1014,566125061968,566127230282,19986896,sA-eth3,up,566126988423,netem,39787062,30375,0,0,0,0,0,38190962,6689,0,38252016,7116,0
1015,566144445413,566146710749,19383445,sA-eth3,up,566146526199,netem,39787622,30383,0,0,0,86,1,38256740,6698,0,38252576,7124,0
1016,566164447712,566166574296,20002299,sA-eth3,up,566166388886,netem,39788414,30393,0,0,0,78,1,38335724,6710,0,38253368,7134,0
1017,566186038453,566188474308,21590741,sA-eth3,up,566188232328,netem,39789500,30408,0,0,0,0,0,38448144,6724,0,38254454,7149,0
1018,566204441678,566206440232,18403225,sA-eth3,up,566206261271,netem,39790112,30416,0,0,0,0,0,38506526,6731,0,38255066,7157,0
1019,566224438905,566226358800,19997227,sA-eth3,up,566226183620,netem,39790552,30422,0,0,0,0,0,38563460,6738,0,38255506,7163,0
1020,566244529174,566246432918,20090269,sA-eth3,up,566246251498,netem,39791574,30435,0,0,0,86,1,38638100,6750,0,38256614,7177,0
1021,566264440441,566266368606,19911267,sA-eth3,up,566266177466,netem,39792542,30447,0,0,0,86,1,38718598,6763,0,38257496,7188,0
1022,566284436239,566286291394,19995798,sA-eth3,up,566286114263,netem,39793326,30457,0,0,0,86,1,38777112,6772,0,38258280,7198,0
1023,566304433977,566306270231,19997738,sA-eth3,up,566306096651,netem,39793984,30466,0,0,0,78,1,38848724,6783,0,38259016,7208,0
1024,566326042299,566328634706,21608322,sA-eth3,up,566328437585,netem,39981016,30600,0,0,0,34900,4,38928038,6799,0,38438578,7229,0
1025,566344450963,566346588199,18408664,sA-eth3,up,566346390008,netem,40202824,30756,0,0,0,51476,4,39007616,6820,0,38651806,7255,0
1026,566364450781,566366617806,19999818,sA-eth3,up,566366417456,netem,40459464,30936,0,0,0,51698,7,39122606,6851,0,38898480,7284,0
1027,566384448259,566386596165,19997478,sA-eth3,up,566386397754,netem,40699504,31106,0,0,0,87984,8,39206660,6874,0,39129280,7314,0
1028,566405042338,566407227814,20594079,sA-eth3,up,566406993033,netem,40954612,31284,0,0,0,85084,10,39299600,6900,0,39391930,7343,0
1029,566424480385,566426805380,19438047,sA-eth3,up,566426590540,netem,41211176,31462,0,0,0,95718,10,39376546,6925,0,39621086,7369,0
1030,566444440683,566446314007,19960298,sA-eth3,up,566446132827,netem,41451466,31633,0,0,0,101766,11,39462114,6949,0,39852070,7399,0
1031,566464439890,566466273236,19999207,sA-eth3,up,566466096226,netem,41696220,31806,0,0,0,113870,13,39527476,6974,0,40100430,7429,0
1032,566484440259,566486299483,20000369,sA-eth3,up,566486121783,netem,41946914,31981,0,0,0,47972,9,39594286,6999,0,40328312,7456,0
1033,566504449777,566506829663,20009518,sA-eth3,up,566506639292,netem,41995646,32029,0,0,0,0,0,39657408,7012,0,40375130,7475,0
1034,566524451745,566526531660,20001968,sA-eth3,up,566526342910,netem,41996550,32041,0,0,0,0,0,39720398,7023,0,40376034,7487,0
1035,566545048074,566547251929,20596329,sA-eth3,up,566546954048,netem,41996904,32046,0,0,0,0,0,39749622,7027,0,40376388,7492,0
1036,566564453382,566566482876,19405308,sA-eth3,up,566566282775,netem,41996904,32046,0,0,0,0,0,39749622,7027,0,40376388,7492,0
1037,566586046902,566588132018,21593520,sA-eth3,up,566587903577,netem,41996904,32046,0,0,0,0,0,39749622,7027,0,40376388,7492,0
1038,566604451016,566606459391,18404114,sA-eth3,up,566606265571,netem,41996904,32046,0,0,0,0,0,39749622,7027,0,40376388,7492,0
1039,566624445325,566626417450,19994309,sA-eth3,up,566626229740,netem,41996904,32046,0,0,0,0,0,39749622,7027,0,40376388,7492,0
1040,566644447402,566646405938,20002077,sA-eth3,up,566646216507,netem,41996904,32046,0,0,0,0,0,39749622,7027,0,40376388,7492,0
1041,566664452331,566666411416,20004929,sA-eth3,up,566666223755,netem,41996904,32046,0,0,0,0,0,39749622,7027,0,40376388,7492,0
1042,566684448269,566686483314,19995938,sA-eth3,up,566686242373,netem,41996904,32046,0,0,0,0,0,39749622,7027,0,40376388,7492,0
1043,566704511856,566706430551,20063587,sA-eth3,up,566706242101,netem,41996904,32046,0,0,0,0,0,39749622,7027,0,40376388,7492,0
1044,566725038906,566727345321,20527050,sA-eth3,up,566727102751,netem,41996904,32046,0,0,0,0,0,39749622,7027,0,40376388,7492,0
1045,566744459682,566746643348,19420776,sA-eth3,up,566746434097,netem,41996904,32046,0,0,0,0,0,39749622,7027,0,40376388,7492,0
1046,566764488221,566766802086,20028539,sA-eth3,up,566766588456,netem,41996982,32047,0,0,0,0,0,39751136,7028,0,40376466,7493,0
1047,566784441508,566786346333,19953287,sA-eth3,up,566786169142,netem,41996982,32047,0,0,0,0,0,39751136,7028,0,40376466,7493,0
1048,566804443147,566806416551,20001639,sA-eth3,up,566806200211,netem,41996982,32047,0,0,0,0,0,39751136,7028,0,40376466,7493,0
1049,566824444014,566826297959,20000867,sA-eth3,up,566826119238,netem,41996982,32047,0,0,0,0,0,39751136,7028,0,40376466,7493,0
1050,566844446153,566846336197,20002139,sA-eth3,up,566846160837,netem,41996982,32047,0,0,0,0,0,39751136,7028,0,40376466,7493,0
1051,566864447810,566866345735,20001657,sA-eth3,up,566866172715,netem,41996982,32047,0,0,0,0,0,39751136,7028,0,40376466,7493,0
1052,566884441869,566886308583,19994059,sA-eth3,up,566886133773,netem,41996982,32047,0,0,0,0,0,39751136,7028,0,40376466,7493,0
1053,566904443397,566906832923,20001528,sA-eth3,up,566906586751,netem,41996982,32047,0,0,0,0,0,39751136,7028,0,40376466,7493,0
1054,566924448954,566926531460,20005557,sA-eth3,up,566926345519,netem,41996982,32047,0,0,0,0,0,39751136,7028,0,40376466,7493,0
1055,566945043704,566947267380,20594750,sA-eth3,up,566947029639,netem,41996982,32047,0,0,0,0,0,39751136,7028,0,40376466,7493,0
1056,566964460550,566966614215,19416846,sA-eth3,up,566966391585,netem,41996982,32047,0,0,0,0,0,39751136,7028,0,40376466,7493,0
1057,566984445249,566986300822,19984699,sA-eth3,up,566986126523,netem,41996982,32047,0,0,0,0,0,39751136,7028,0,40376466,7493,0
1058,567004449676,567006350470,20004427,sA-eth3,up,567006172270,netem,41996982,32047,0,0,0,0,0,39751136,7028,0,40376466,7493,0
1059,567025037976,567027425062,20588300,sA-eth3,up,567027180551,netem,41996982,32047,0,0,0,0,0,39751136,7028,0,40376466,7493,0
1060,567044439112,567046463908,19401136,sA-eth3,up,567046277746,netem,41996982,32047,0,0,0,0,0,39751136,7028,0,40376466,7493,0
1061,567064447150,567066450385,20008038,sA-eth3,up,567066263345,netem,41996982,32047,0,0,0,0,0,39751136,7028,0,40376466,7493,0
1062,567084438268,567086339573,19991118,sA-eth3,up,567086162033,netem,41996982,32047,0,0,0,0,0,39751136,7028,0,40376466,7493,0
1063,567104436956,567106343180,19998688,sA-eth3,up,567106167810,netem,41996982,32047,0,0,0,0,0,39751136,7028,0,40376466,7493,0
1064,567125031486,567127592012,20594530,sA-eth3,up,567127348201,netem,41996982,32047,0,0,0,0,0,39751136,7028,0,40376466,7493,0
1065,567144459884,567146594349,19428398,sA-eth3,up,567146415449,netem,41996982,32047,0,0,0,0,0,39751136,7028,0,40376466,7493,0
1066,567164445514,567166379019,19985630,sA-eth3,up,567166202409,netem,41996982,32047,0,0,0,0,0,39751136,7028,0,40376466,7493,0
1067,567184447865,567186723751,20002351,sA-eth3,up,567186477030,netem,41996982,32047,0,0,0,0,0,39751136,7028,0,40376466,7493,0
1068,567204442617,567206618942,19994752,sA-eth3,up,567206356621,netem,41996982,32047,0,0,0,0,0,39751136,7028,0,40376466,7493,0
1069,567224448657,567226820913,20006040,sA-eth3,up,567226644282,netem,41996982,32047,0,0,0,0,0,39751136,7028,0,40376466,7493,0
1070,567245031159,567247350185,20582502,sA-eth3,up,567247107075,netem,41996982,32047,0,0,0,0,0,39751136,7028,0,40376466,7493,0
1071,567264462868,567266456173,19431709,sA-eth3,up,567266261763,netem,41996982,32047,0,0,0,0,0,39751136,7028,0,40376466,7493,0
1072,567284437468,567286310404,19974600,sA-eth3,up,567286132393,netem,41996982,32047,0,0,0,0,0,39751136,7028,0,40376466,7493,0
1073,567304442059,567306301865,20004591,sA-eth3,up,567306116864,netem,41996982,32047,0,0,0,0,0,39751136,7028,0,40376466,7493,0
1074,567324470761,567326467025,20028702,sA-eth3,up,567326288855,netem,41996982,32047,0,0,0,0,0,39751136,7028,0,40376466,7493,0
1075,567344447611,567346802697,19976850,sA-eth3,up,567346559096,netem,41996982,32047,0,0,0,0,0,39751136,7028,0,40376466,7493,0
1076,567364446322,567366383377,19998711,sA-eth3,up,567366205906,netem,41996982,32047,0,0,0,0,0,39751136,7028,0,40376466,7493,0
1077,567384445343,567386293548,19999021,sA-eth3,up,567386117427,netem,41996982,32047,0,0,0,0,0,39751136,7028,0,40376466,7493,0
1078,567405034315,567407358300,20588972,sA-eth3,up,567407114549,netem,41996982,32047,0,0,0,0,0,39751136,7028,0,40376466,7493,0
1079,567424447634,567426391669,19413319,sA-eth3,up,567426210989,netem,41996982,32047,0,0,0,0,0,39751136,7028,0,40376466,7493,0
1080,567444439335,567446332159,19991701,sA-eth3,up,567446152879,netem,41996982,32047,0,0,0,0,0,39751136,7028,0,40376466,7493,0
1081,567464438746,567466290871,19999411,sA-eth3,up,567466117799,netem,41996982,32047,0,0,0,0,0,39751136,7028,0,40376466,7493,0
1082,567487037363,567489399759,22598617,sA-eth3,up,567489152089,netem,41996982,32047,0,0,0,0,0,39751136,7028,0,40376466,7493,0
1083,567505050528,567507462845,18013165,sA-eth3,up,567507214084,netem,41996982,32047,0,0,0,0,0,39751136,7028,0,40376466,7493,0
1084,567524453197,567526473002,19402669,sA-eth3,up,567526291792,netem,41996982,32047,0,0,0,0,0,39751136,7028,0,40376466,7493,0
1085,567544443989,567546410663,19990792,sA-eth3,up,567546229072,netem,41996982,32047,0,0,0,0,0,39751136,7028,0,40376466,7493,0
1086,567564447139,567566310924,20003150,sA-eth3,up,567566137603,netem,41996982,32047,0,0,0,0,0,39751136,7028,0,40376466,7493,0
1087,567584448500,567586339644,20001361,sA-eth3,up,567586163374,netem,41996982,32047,0,0,0,0,0,39751136,7028,0,40376466,7493,0
1088,567604446620,567606520556,19998120,sA-eth3,up,567606344116,netem,41996982,32047,0,0,0,0,0,39751136,7028,0,40376466,7493,0
1089,567624497541,567626858847,20050921,sA-eth3,up,567626616176,netem,41996982,32047,0,0,0,0,0,39751136,7028,0,40376466,7493,0
1090,567644458501,567646601717,19960960,sA-eth3,up,567646400157,netem,41996982,32047,0,0,0,0,0,39751136,7028,0,40376466,7493,0
1091,567664436953,567666323477,19978452,sA-eth3,up,567666147937,netem,41996982,32047,0,0,0,0,0,39751136,7028,0,40376466,7493,0
1092,567684442733,567686343578,20005780,sA-eth3,up,567686167057,netem,41996982,32047,0,0,0,0,0,39751136,7028,0,40376466,7493,0
1093,567704442594,567706325539,19999861,sA-eth3,up,567706146358,netem,41996982,32047,0,0,0,0,0,39751136,7028,0,40376466,7493,0
1094,567724441125,567726270519,19998531,sA-eth3,up,567726097429,netem,41996982,32047,0,0,0,0,0,39751136,7028,0,40376466,7493,0
1095,567744439105,567746291590,19997980,sA-eth3,up,567746119000,netem,41996982,32047,0,0,0,0,0,39751136,7028,0,40376466,7493,0
1096,567764446157,567766332601,20007052,sA-eth3,up,567766155060,netem,41996982,32047,0,0,0,0,0,39751136,7028,0,40376466,7493,0
1097,567784446107,567786321042,19999950,sA-eth3,up,567786145971,netem,41996982,32047,0,0,0,0,0,39751136,7028,0,40376466,7493,0
1098,567807035604,567809376151,22589497,sA-eth3,up,567809131420,netem,41996982,32047,0,0,0,0,0,39751136,7028,0,40376466,7493,0
1099,567824481539,567826772425,17445935,sA-eth3,up,567826556143,netem,41996982,32047,0,0,0,0,0,39751136,7028,0,40376466,7493,0
1100,567844446978,567846736915,19965439,sA-eth3,up,567846496354,netem,41996982,32047,0,0,0,0,0,39751136,7028,0,40376466,7493,0
1101,567864465549,567866543195,20018571,sA-eth3,up,567866342785,netem,41996982,32047,0,0,0,0,0,39751136,7028,0,40376466,7493,0
1102,567884440111,567886783956,19974562,sA-eth3,up,567886537936,netem,41996982,32047,0,0,0,0,0,39751136,7028,0,40376466,7493,0
1103,567904451671,567906595037,20011560,sA-eth3,up,567906395276,netem,41996982,32047,0,0,0,0,0,39751136,7028,0,40376466,7493,0
1104,567924456352,567926459917,20004681,sA-eth3,up,567926269786,netem,41996982,32047,0,0,0,0,0,39751136,7028,0,40376466,7493,0
1105,567944445272,567946750379,19988920,sA-eth3,up,567946535468,netem,41996982,32047,0,0,0,0,0,39751136,7028,0,40376466,7493,0
1106,567967038720,567969450987,22593448,sA-eth3,up,567969208626,netem,41996982,32047,0,0,0,0,0,39751136,7028,0,40376466,7493,0
1107,567984443665,567986335969,17404945,sA-eth3,up,567986162829,netem,41996982,32047,0,0,0,0,0,39751136,7028,0,40376466,7493,0
1108,568004446325,568006301089,20002660,sA-eth3,up,568006125469,netem,41996982,32047,0,0,0,0,0,39751136,7028,0,40376466,7493,0
1109,568024439625,568026343350,19993300,sA-eth3,up,568026165810,netem,41996982,32047,0,0,0,0,0,39751136,7028,0,40376466,7493,0
1110,568044438686,568046290481,19999061,sA-eth3,up,568046118670,netem,41996982,32047,0,0,0,0,0,39751136,7028,0,40376466,7493,0
1111,568064436307,568066272701,19997621,sA-eth3,up,568066101081,netem,41996982,32047,0,0,0,0,0,39751136,7028,0,40376466,7493,0
1112,568084436467,568086308212,20000160,sA-eth3,up,568086135922,netem,41996982,32047,0,0,0,0,0,39751136,7028,0,40376466,7493,0
1113,568104445019,568106317963,20008552,sA-eth3,up,568106143473,netem,41996982,32047,0,0,0,0,0,39751136,7028,0,40376466,7493,0
1114,568124438799,568126282353,19993780,sA-eth3,up,568126110603,netem,41996982,32047,0,0,0,0,0,39751136,7028,0,40376466,7493,0
1115,568144433052,568146250066,19994253,sA-eth3,up,568146080346,netem,41996982,32047,0,0,0,0,0,39751136,7028,0,40376466,7493,0
1116,568165034866,568167362463,20601814,sA-eth3,up,568167117972,netem,41996982,32047,0,0,0,0,0,39751136,7028,0,40376466,7493,0
1117,568184463689,568186584994,19428823,sA-eth3,up,568186383984,netem,41996982,32047,0,0,0,0,0,39751136,7028,0,40376466,7493,0
1118,568204439672,568206318866,19975983,sA-eth3,up,568206138877,netem,41996982,32047,0,0,0,0,0,39751136,7028,0,40376466,7493,0
1119,568224438095,568226278470,19998423,sA-eth3,up,568226104290,netem,41996982,32047,0,0,0,0,0,39751136,7028,0,40376466,7493,0
1120,568244435068,568246267063,19996973,sA-eth3,up,568246094783,netem,41997060,32048,0,0,0,0,0,39752650,7029,0,40376544,7494,0
1121,568264439172,568266330097,20004104,sA-eth3,up,568266153137,netem,41998016,32060,0,0,0,0,0,39805702,7043,0,40377500,7506,0
1122,568284446035,568286827622,20006863,sA-eth3,up,568286586372,netem,41998826,32071,0,0,0,0,0,39874484,7054,0,40378310,7517,0
1123,568304451739,568306580215,20005704,sA-eth3,up,568306384845,netem,41999480,32080,0,0,0,0,0,39932932,7062,0,40378964,7526,0
1124,568324446393,568326367227,19994654,sA-eth3,up,568326189167,netem,41999990,32087,0,0,0,0,0,39976768,7068,0,40379474,7533,0
1125,568344450086,568346377501,20003693,sA-eth3,up,568346189520,netem,41999990,32087,0,0,0,0,0,39976768,7068,0,40379474,7533,0
1126,568364463350,568366407795,20013264,sA-eth3,up,568366223364,netem,41999990,32087,0,0,0,0,0,39976768,7068,0,40379474,7533,0
1127,568384443283,568386288138,19979933,sA-eth3,up,568386111977,netem,41999990,32087,0,0,0,0,0,39976768,7068,0,40379474,7533,0
1128,568404440176,568406311521,19996893,sA-eth3,up,568406138840,netem,41999990,32087,0,0,0,0,0,39976768,7068,0,40379474,7533,0
1129,568425040201,568427335928,20600025,sA-eth3,up,568427090377,netem,41999990,32087,0,0,0,0,0,39976768,7068,0,40379474,7533,0
1130,568444463283,568446707139,19423082,sA-eth3,up,568446503268,netem,41999990,32087,0,0,0,0,0,39976768,7068,0,40379474,7533,0
1131,568464452946,568466528572,19989663,sA-eth3,up,568466285492,netem,41999990,32087,0,0,0,0,0,39976768,7068,0,40379474,7533,0
1132,568484464020,568486717676,20011074,sA-eth3,up,568486508395,netem,41999990,32087,0,0,0,0,0,39976768,7068,0,40379474,7533,0
1133,568504444223,568506614499,19980203,sA-eth3,up,568506371408,netem,41999990,32087,0,0,0,0,0,39976768,7068,0,40379474,7533,0
1134,568524442217,568526516733,19997994,sA-eth3,up,568526324962,netem,41999990,32087,0,0,0,0,0,39976768,7068,0,40379474,7533,0
1135,568544445750,568546845216,20003533,sA-eth3,up,568546602206,netem,42000200,32090,0,0,0,0,0,39995856,7072,0,40379684,7536,0
1136,568564443084,568566448869,19997334,sA-eth3,up,568566268809,netem,42000886,32099,0,0,0,0,0,40038442,7081,0,40380370,7545,0
1137,568584451088,568586699273,20008004,sA-eth3,up,568586488523,netem,42001556,32108,0,0,0,0,0,40097022,7091,0,40381040,7554,0
1138,568604445131,568606376086,19994043,sA-eth3,up,568606186915,netem,42002264,32118,0,0,0,0,0,40155536,7100,0,40381748,7564,0
1139,568624435373,568626328699,19990242,sA-eth3,up,568626142999,netem,42002770,32125,0,0,0,78,1,40206744,7108,0,40382332,7572,0
1140,568644441177,568646282852,20005804,sA-eth3,up,568646111202,netem,42003292,32132,0,0,0,0,0,40240378,7113,0,40382776,7578,0
1141,568664445090,568666302726,20003913,sA-eth3,up,568666126335,netem,42003292,32132,0,0,0,0,0,40240378,7113,0,40382776,7578,0
1142,568684447594,568686360180,20002504,sA-eth3,up,568686181938,netem,42003292,32132,0,0,0,0,0,40240378,7113,0,40382776,7578,0
1143,568704447938,568706748584,20000344,sA-eth3,up,568706506183,netem,42003292,32132,0,0,0,0,0,40240378,7113,0,40382776,7578,0
1144,568724439731,568726379966,19991793,sA-eth3,up,568726200996,netem,42003292,32132,0,0,0,0,0,40240378,7113,0,40382776,7578,0
1145,568744434755,568746305410,19995024,sA-eth3,up,568746131279,netem,42003292,32132,0,0,0,0,0,40240378,7113,0,40382776,7578,0
1146,568764444388,568766329333,20009633,sA-eth3,up,568766149642,netem,42003292,32132,0,0,0,0,0,40240378,7113,0,40382776,7578,0
1147,568784442972,568786348816,19998584,sA-eth3,up,568786170416,netem,42003292,32132,0,0,0,0,0,40240378,7113,0,40382776,7578,0
1148,568804439075,568806278969,19996103,sA-eth3,up,568806105139,netem,42003292,32132,0,0,0,0,0,40240378,7113,0,40382776,7578,0
1149,568824439928,568826267683,20000853,sA-eth3,up,568826096602,netem,42003292,32132,0,0,0,0,0,40240378,7113,0,40382776,7578,0
1150,568844444422,568846306067,20004494,sA-eth3,up,568846129936,netem,42003292,32132,0,0,0,0,0,40240378,7113,0,40382776,7578,0
1151,568864441535,568866350681,19997113,sA-eth3,up,568866171470,netem,42003292,32132,0,0,0,0,0,40240378,7113,0,40382776,7578,0
1152,568884441438,568886298184,19999903,sA-eth3,up,568886121743,netem,42003292,32132,0,0,0,0,0,40240378,7113,0,40382776,7578,0
1153,568904437192,568906270687,19995754,sA-eth3,up,568906100047,netem,42003292,32132,0,0,0,0,0,40240378,7113,0,40382776,7578,0
1154,568925031737,568927416894,20594545,sA-eth3,up,568927173893,netem,42003292,32132,0,0,0,0,0,40240378,7113,0,40382776,7578,0
1155,568946046854,568948478470,21015117,sA-eth3,up,568948235279,netem,42003292,32132,0,0,0,0,0,40240378,7113,0,40382776,7578,0
1156,568965079124,568967477740,19032270,sA-eth3,up,568967261690,netem,42003292,32132,0,0,0,0,0,40240378,7113,0,40382776,7578,0
1157,568986090030,568988452287,21010906,sA-eth3,up,568988232696,netem,42003292,32132,0,0,0,0,0,40240378,7113,0,40382776,7578,0
1158,569004445619,569006436245,18355589,sA-eth3,up,569006249535,netem,42003292,32132,0,0,0,0,0,40240378,7113,0,40382776,7578,0
1159,569024445743,569026348988,20000124,sA-eth3,up,569026170977,netem,42003292,32132,0,0,0,0,0,40240378,7113,0,40382776,7578,0
1160,569044442906,569046323731,19997163,sA-eth3,up,569046149691,netem,42003292,32132,0,0,0,0,0,40240378,7113,0,40382776,7578,0
1161,569065030451,569067444247,20587545,sA-eth3,up,569067198457,netem,42003292,32132,0,0,0,0,0,40240378,7113,0,40382776,7578,0
1162,569084445663,569086387748,19415212,sA-eth3,up,569086209677,netem,42003292,32132,0,0,0,0,0,40240378,7113,0,40382776,7578,0
1163,569104436936,569106352341,19991273,sA-eth3,up,569106169061,netem,42003292,32132,0,0,0,0,0,40240378,7113,0,40382776,7578,0
1164,569124440390,569126332215,20003454,sA-eth3,up,569126156704,netem,42003292,32132,0,0,0,0,0,40240378,7113,0,40382776,7578,0
1165,569144439956,569146327130,19999566,sA-eth3,up,569146147289,netem,42003292,32132,0,0,0,0,0,40240378,7113,0,40382776,7578,0
1166,569165034023,569167352199,20594067,sA-eth3,up,569167107369,netem,42003292,32132,0,0,0,0,0,40240378,7113,0,40382776,7578,0
1167,569184450858,569186472863,19416835,sA-eth3,up,569186286772,netem,42003292,32132,0,0,0,0,0,40240378,7113,0,40382776,7578,0
1168,569204447003,569206386439,19996145,sA-eth3,up,569206190828,netem,42003292,32132,0,0,0,0,0,40240378,7113,0,40382776,7578,0
1169,569224437220,569226284284,19990217,sA-eth3,up,569226109164,netem,42003292,32132,0,0,0,0,0,40240378,7113,0,40382776,7578,0
1170,569244433405,569246276431,19996185,sA-eth3,up,569246104360,netem,42003292,32132,0,0,0,0,0,40240378,7113,0,40382776,7578,0
1171,569264438382,569266328327,20004977,sA-eth3,up,569266151357,netem,42003292,32132,0,0,0,0,0,40240378,7113,0,40382776,7578,0
1172,569284441978,569286369293,20003596,sA-eth3,up,569286189972,netem,42003620,32136,0,0,0,0,0,40250778,7117,0,40383104,7582,0
1173,569304435463,569306290249,19993485,sA-eth3,up,569306115969,netem,42003620,32136,0,0,0,0,0,40250778,7117,0,40383104,7582,0
1174,569324440040,569326354286,20004577,sA-eth3,up,569326177674,netem,42003620,32136,0,0,0,0,0,40250778,7117,0,40383104,7582,0
1175,569344442846,569346339921,20002806,sA-eth3,up,569346166721,netem,42003620,32136,0,0,0,0,0,40250778,7117,0,40383104,7582,0
1176,569365043364,569367347051,20600518,sA-eth3,up,569367102130,netem,42003620,32136,0,0,0,0,0,40250778,7117,0,40383104,7582,0
1177,569384451139,569387483678,19407775,sA-eth3,up,569387242896,netem,42003620,32136,0,0,0,0,0,40250778,7117,0,40383104,7582,0
1178,569404447635,569406336280,19996496,sA-eth3,up,569406159410,netem,42003620,32136,0,0,0,0,0,40250778,7117,0,40383104,7582,0
1179,569424437451,569426311566,19989816,sA-eth3,up,569426135666,netem,42003620,32136,0,0,0,0,0,40250778,7117,0,40383104,7582,0
1180,569444444136,569446337562,20006685,sA-eth3,up,569446160602,netem,42003620,32136,0,0,0,0,0,40250778,7117,0,40383104,7582,0
1181,569464437013,569466286158,19992877,sA-eth3,up,569466108148,netem,42003620,32136,0,0,0,0,0,40250778,7117,0,40383104,7582,0
1182,569484429929,569486284134,19992916,sA-eth3,up,569486112333,netem,42003698,32137,0,0,0,0,0,40252292,7118,0,40383182,7583,0
1183,569504440045,569506317510,20010116,sA-eth3,up,569506136990,netem,42004352,32146,0,0,0,0,0,40306528,7128,0,40383836,7592,0
1184,569524448792,569526539538,20008747,sA-eth3,up,569526285107,netem,42004924,32154,0,0,0,0,0,40364976,7136,0,40384408,7600,0
1185,569544455788,569547102675,20006996,sA-eth3,up,569546775964,netem,42005482,32161,0,0,0,0,0,40416184,7144,0,40384966,7607,0
1186,569564419503,569566543030,19963715,sA-eth3,up,569566313909,netem,42005704,32164,0,0,0,0,0,40460086,7151,0,40385188,7610,0
1187,569584435020,569586384475,20015517,sA-eth3,up,569586208735,netem,42006148,32170,0,0,0,0,0,40489376,7156,0,40385632,7616,0
1188,569604448986,569606324011,20013966,sA-eth3,up,569606144811,netem,42006490,32175,0,0,0,78,1,40523076,7162,0,40385974,7621,0
1189,569624444312,569626429197,19995326,sA-eth3,up,569626250027,netem,42006934,32181,0,0,0,0,0,40558224,7168,0,40386418,7627,0
1190,569644439998,569646330193,19995686,sA-eth3,up,569646152793,netem,42007378,32187,0,0,0,0,0,40589028,7174,0,40386862,7633,0
1191,569664439194,569666361500,19999196,sA-eth3,up,569666184729,netem,42007864,32194,0,0,0,66,1,40630034,7181,0,40387414,7641,0
1192,569684443561,569686337315,20004367,sA-eth3,up,569686159705,netem,42008338,32201,0,0,0,0,0,40666696,7188,0,40387822,7647,0
1193,569704436866,569706482952,19993305,sA-eth3,up,569706295402,netem,42008338,32201,0,0,0,0,0,40666696,7188,0,40387822,7647,0
1194,569724433153,569726411128,19996287,sA-eth3,up,569726229738,netem,42008338,32201,0,0,0,0,0,40666696,7188,0,40387822,7647,0
1195,569744440738,569746405995,20007585,sA-eth3,up,569746223954,netem,42008338,32201,0,0,0,0,0,40666696,7188,0,40387822,7647,0
1196,569764440385,569766337070,19999647,sA-eth3,up,569766157270,netem,42008338,32201,0,0,0,0,0,40666696,7188,0,40387822,7647,0
1197,569784443401,569786397416,20003016,sA-eth3,up,569786215976,netem,42008338,32201,0,0,0,0,0,40666696,7188,0,40387822,7647,0
1198,569804446567,569806814294,20003166,sA-eth3,up,569806566253,netem,42008338,32201,0,0,0,0,0,40666696,7188,0,40387822,7647,0
1199,569824472664,569829394577,20026097,sA-eth3,up,569829167656,netem,42008338,32201,0,0,0,0,0,40666696,7188,0,40387822,7647,0
1200,569845041461,569847252147,20568797,sA-eth3,up,569847056477,netem,42008338,32201,0,0,0,0,0,40666696,7188,0,40387822,7647,0
1201,569864445936,569866423251,19404475,sA-eth3,up,569866237950,netem,42008338,32201,0,0,0,0,0,40666696,7188,0,40387822,7647,0
1202,569884444081,569886644508,19998145,sA-eth3,up,569886364647,netem,42132576,32284,0,0,0,68130,4,40667158,7195,0,40526000,7656,0
1203,569904461738,569906779354,20017657,sA-eth3,up,569906559214,netem,42399118,32461,0,0,0,68130,5,40674006,7211,0,40763224,7674,0
1204,569924442674,569926568690,19980936,sA-eth3,up,569926354109,netem,42638594,32623,0,0,0,84940,8,40698230,7227,0,40993460,7697,0
1205,569944440330,569946884777,19997656,sA-eth3,up,569946643367,netem,42898076,32802,0,0,0,80374,7,40747268,7246,0,41242778,7721,0
1206,569964441276,569966395751,20000946,sA-eth3,up,569966216031,netem,43133088,32962,0,0,0,101750,11,40784854,7267,0,41484754,7745,0
1207,569984440672,569986301707,19999396,sA-eth3,up,569986122747,netem,43389476,33138,0,0,0,109172,10,40815002,7285,0,41715104,7768,0
1208,570005048760,570007195166,20608088,sA-eth3,up,570006993115,netem,43644366,33313,0,0,0,119672,10,40852720,7308,0,41977602,7795,0
1209,570024446395,570029319989,19397635,sA-eth3,up,570029138538,netem,43883878,33475,0,0,0,147014,11,40876944,7324,0,42239874,7819,0
1210,570044444771,570046560247,19998376,sA-eth3,up,570046353296,netem,44140056,33648,0,0,0,64180,5,40901234,7341,0,42436512,7836,0
1211,570064446707,570066431772,20001936,sA-eth3,up,570066237122,netem,44204602,33697,0,0,0,0,0,40932302,7351,0,42498484,7846,0
1212,570084449043,570087593882,20002336,sA-eth3,up,570087392211,netem,44205064,33704,0,0,0,0,0,40979166,7359,0,42498946,7853,0
1213,570104457049,570106822006,20008006,sA-eth3,up,570106609915,netem,44205460,33710,0,0,0,0,0,41021686,7367,0,42499342,7859,0
1214,570124458905,570126868482,20001856,sA-eth3,up,570126645131,netem,44206024,33718,0,0,0,0,0,41052490,7373,0,42499906,7867,0
1215,570144458314,570146754909,19999409,sA-eth3,up,570146529029,netem,44206444,33724,0,0,0,66,1,41093496,7380,0,42500326,7874,0
1216,570164453402,570166834529,19995088,sA-eth3,up,570166589328,netem,44207126,33733,0,0,0,78,1,41131804,7390,0,42501008,7882,0
1217,570184447391,570186703857,19993989,sA-eth3,up,570186485807,netem,44207804,33742,0,0,0,66,1,41186040,7400,0,42501752,7892,0
1218,570204447550,570206508245,20000159,sA-eth3,up,570206323695,netem,44208464,33752,0,0,0,66,1,41251794,7409,0,42502346,7901,0
1219,570224438968,570226304423,19991418,sA-eth3,up,570226130274,netem,44209088,33760,0,0,0,78,1,41303068,7418,0,42502970,7909,0
1220,570244436967,570246273233,19997999,sA-eth3,up,570246099982,netem,44209750,33769,0,0,0,0,0,41354276,7426,0,42503632,7918,0
1221,570264435536,570266299781,19998569,sA-eth3,up,570266125912,netem,44210404,33778,0,0,0,66,1,41407130,7437,0,42504352,7928,0
1222,570284446885,570286918232,20011349,sA-eth3,up,570286679902,netem,44210836,33784,0,0,0,66,1,41442278,7443,0,42504784,7934,0
1223,570304447284,570306475650,20000399,sA-eth3,up,570306291039,netem,44211454,33793,0,0,0,66,1,41495000,7452,0,42505402,7943,0
1224,570324441272,570326277308,19993988,sA-eth3,up,570326101017,netem,44211994,33801,0,0,0,66,1,41531662,7459,0,42505942,7951,0
1225,570344445222,570346781728,20003950,sA-eth3,up,570346548367,netem,44212570,33809,0,0,0,78,1,41574182,7468,0,42506452,7958,0
1226,570364454960,570366493866,20009738,sA-eth3,up,570366310735,netem,44213068,33816,0,0,0,0,0,41615188,7474,0,42506950,7965,0
1227,570384440779,570386320784,19985819,sA-eth3,up,570386144504,netem,44213620,33824,0,0,0,0,0,41663566,7483,0,42507502,7973,0
1228,570404435457,570406305054,19994678,sA-eth3,up,570406130162,netem,44214214,33833,0,0,0,0,0,41711944,7492,0,42508096,7982,0
1229,570424434477,570426282122,19999020,sA-eth3,up,570426110982,netem,44214832,33842,0,0,0,0,0,41770524,7502,0,42508714,7991,0
1230,570444472846,570446844712,20038369,sA-eth3,up,570446629072,netem,44215330,33849,0,0,0,66,1,41818902,7511,0,42509278,7999,0
1231,570467047091,570469541369,22574245,sA-eth3,up,570469298548,netem,44216116,33860,0,0,0,0,0,41861488,7520,0,42509998,8009,0
1232,570485636956,570489336097,18589865,sA-eth3,up,570489148307,netem,44216758,33869,0,0,0,0,0,41904206,7531,0,42510718,8019,0
1233,570504442832,570506440747,18805876,sA-eth3,up,570506197836,netem,44216914,33871,0,0,0,0,0,41904206,7531,0,42510796,8020,0
1234,570524448660,570526399546,20005828,sA-eth3,up,570526219416,netem,44216914,33871,0,0,0,0,0,41904206,7531,0,42510796,8020,0
1235,570544443199,570546354194,19994539,sA-eth3,up,570546175454,netem,44216914,33871,0,0,0,0,0,41904206,7531,0,42510796,8020,0
1236,570564434949,570566281983,19991750,sA-eth3,up,570566101883,netem,44216914,33871,0,0,0,0,0,41904206,7531,0,42510796,8020,0
1237,570584432667,570586287692,19997718,sA-eth3,up,570586113272,netem,44216914,33871,0,0,0,0,0,41904206,7531,0,42510796,8020,0
1238,570604440346,570606310841,20007679,sA-eth3,up,570606135361,netem,44216914,33871,0,0,0,0,0,41904206,7531,0,42510796,8020,0
1239,570624442394,570626339370,20002048,sA-eth3,up,570626158509,netem,44216914,33871,0,0,0,0,0,41904206,7531,0,42510796,8020,0
1240,570644442804,570647317012,20000410,sA-eth3,up,570647136082,netem,44216914,33871,0,0,0,0,0,41904206,7531,0,42510796,8020,0
1241,570664440112,570666397778,19997308,sA-eth3,up,570666222687,netem,44216914,33871,0,0,0,0,0,41904206,7531,0,42510796,8020,0
1242,570684440761,570686778918,20000649,sA-eth3,up,570686536496,netem,44216914,33871,0,0,0,0,0,41904206,7531,0,42510796,8020,0
1243,570704446169,570706420406,20005408,sA-eth3,up,570706241845,netem,44216992,33872,0,0,0,66,1,41910130,7533,0,42510940,8022,0
1244,570724443589,570726856626,19997420,sA-eth3,up,570726608985,netem,44217822,33883,0,0,0,78,1,41950018,7545,0,42511782,8033,0
1245,570745055559,570747344726,20611970,sA-eth3,up,570747107725,netem,44218398,33891,0,0,0,0,0,41988128,7552,0,42512280,8040,0
1246,570764470566,570766792363,19415007,sA-eth3,up,570766573082,netem,44218908,33898,0,0,0,0,0,42027620,7558,0,42512790,8047,0
1247,570791097385,570793594002,26626819,sA-eth3,up,570793372211,netem,44219352,33904,0,0,0,0,0,42054080,7564,0,42513234,8053,0
1248,570804438034,570806487769,13340649,sA-eth3,up,570806295229,netem,44219496,33906,0,0,0,0,0,42065796,7566,0,42513378,8055,0
1249,570824438212,570826398858,20000178,sA-eth3,up,570826220268,netem,44219784,33910,0,0,0,66,1,42095086,7571,0,42513666,8059,0
1250,570844443271,570846338886,20005059,sA-eth3,up,570846163046,netem,44220180,33916,0,0,0,0,0,42131748,7578,0,42514062,8065,0
1251,570864444351,570866407505,20001080,sA-eth3,up,570866223225,netem,44220534,33921,0,0,0,66,1,42161038,7583,0,42514416,8070,0
1252,570884443009,570886447395,19998658,sA-eth3,up,570886260304,netem,44220954,33927,0,0,0,0,0,42191842,7589,0,42514836,8076,0
1253,570904442398,570906444704,19999389,sA-eth3,up,570906250663,netem,44221296,33932,0,0,0,0,0,42221132,7594,0,42515178,8081,0
1254,570924440836,570926384622,19998438,sA-eth3,up,570926205582,netem,44221704,33938,0,0,0,0,0,42257794,7601,0,42515586,8087,0
1255,570944445056,570946364552,20004220,sA-eth3,up,570946178230,netem,44222034,33943,0,0,0,0,0,42287084,7606,0,42515916,8092,0
1256,570965065355,570967464493,20620299,sA-eth3,up,570967216762,netem,44222454,33949,0,0,0,66,1,42323746,7613,0,42516336,8099,0
1257,570984442933,570986343108,19377578,sA-eth3,up,570986165098,netem,44222742,33953,0,0,0,0,0,42347178,7617,0,42516624,8102,0
1258,571004441442,571006341048,19998509,sA-eth3,up,571006160706,netem,44223120,33958,0,0,0,0,0,42376468,7622,0,42517002,8107,0
1259,571024474351,571026733737,20032909,sA-eth3,up,571026523957,netem,44223528,33964,0,0,0,0,0,42407272,7628,0,42517410,8113,0
1260,571044439920,571046340075,19965569,sA-eth3,up,571046161264,netem,44223894,33969,0,0,0,0,0,42436562,7633,0,42517776,8118,0
1261,571066045973,571068453730,21606053,sA-eth3,up,571068261899,netem,44224338,33975,0,0,0,66,1,42467366,7639,0,42518220,8124,0
1262,571084446337,571086800424,18400364,sA-eth3,up,571086553293,netem,44224560,33978,0,0,0,0,0,42490798,7643,0,42518442,8127,0
1263,571104450836,571106588892,20004499,sA-eth3,up,571106399812,netem,44224560,33978,0,0,0,0,0,42490798,7643,0,42518442,8127,0
1264,571124445995,571126825371,19995159,sA-eth3,up,571126587711,netem,44224560,33978,0,0,0,0,0,42490798,7643,0,42518442,8127,0
1265,571144432135,571146600111,19986140,sA-eth3,up,571146355841,netem,44224560,33978,0,0,0,0,0,42490798,7643,0,42518442,8127,0
1266,571164443186,571166883274,20011051,sA-eth3,up,571166688574,netem,44224560,33978,0,0,0,0,0,42490798,7643,0,42518442,8127,0
1267,571184422158,571186627765,19978972,sA-eth3,up,571186431264,netem,44224560,33978,0,0,0,0,0,42490798,7643,0,42518442,8127,0
1268,571204440450,571206558006,20018292,sA-eth3,up,571206370315,netem,44224560,33978,0,0,0,0,0,42490798,7643,0,42518442,8127,0
1269,571224435861,571226417907,19995411,sA-eth3,up,571226235877,netem,44224560,33978,0,0,0,0,0,42490798,7643,0,42518442,8127,0
1270,571244437083,571247102640,20001222,sA-eth3,up,571246886350,netem,44224560,33978,0,0,0,0,0,42490798,7643,0,42518442,8127,0
1271,571264432904,571266375670,19995821,sA-eth3,up,571266197990,netem,44224560,33978,0,0,0,0,0,42490798,7643,0,42518442,8127,0
1272,571284435856,571286441272,20002952,sA-eth3,up,571286235400,netem,44224560,33978,0,0,0,0,0,42490798,7643,0,42518442,8127,0
1273,571304411927,571307323386,19976071,sA-eth3,up,571307064565,netem,44224638,33979,0,0,0,78,1,42493826,7645,0,42518598,8129,0
1274,571324448368,571326699225,20036441,sA-eth3,up,571326481604,netem,44225226,33987,0,0,0,0,0,42524762,7653,0,42519108,8136,0
1275,571344436190,571346458745,19987822,sA-eth3,up,571346237825,netem,44225712,33994,0,0,0,0,0,42565768,7660,0,42519594,8143,0
1276,571364435161,571366415027,19998971,sA-eth3,up,571366238957,netem,44226330,34003,0,0,0,0,0,42630206,7671,0,42520212,8152,0
1277,571384436132,571386426569,20000971,sA-eth3,up,571386244108,netem,44226948,34012,0,0,0,0,0,42685890,7681,0,42520830,8161,0
1278,571404437094,571406823432,20000962,sA-eth3,up,571406576761,netem,44227512,34020,0,0,0,0,0,42729858,7689,0,42521394,8169,0
1279,571424455676,571426584772,20018582,sA-eth3,up,571426392202,netem,44228256,34030,0,0,0,0,0,42784028,7698,0,42522138,8179,0
1280,571444425337,571446441264,19969661,sA-eth3,up,571446236123,netem,44440924,34180,0,0,0,45498,5,42853338,7717,0,42735178,8203,0
1281,571464399468,571466672585,19974131,sA-eth3,up,571466441995,netem,44688482,34353,0,0,0,51562,5,42923242,7745,0,42980492,8232,0
1282,571484438230,571486370136,20038762,sA-eth3,up,571486191085,netem,44945296,34534,0,0,0,49962,3,42981232,7768,0,43211260,8260,0
1283,571504435111,571506436928,19996881,sA-eth3,up,571506258767,netem,45183502,34697,0,0,0,68262,7,43029020,7790,0,43457800,8286,0
1284,571524468923,571526879060,20033812,sA-eth3,up,571526628960,netem,45439948,34874,0,0,0,68130,5,43053046,7803,0,43702700,8310,0
1285,571544454305,571546876602,19985382,sA-eth3,up,571546689782,netem,45695814,35043,0,0,0,68130,5,43054102,7819,0,43932672,8328,0
1286,571564444415,571566570393,19990110,sA-eth3,up,571566388392,netem,45947138,35209,0,0,0,71158,5,43054960,7832,0,44178572,8346,0
1287,571584442097,571586699444,19997682,sA-eth3,up,571586447543,netem,46189378,35369,0,0,0,90840,6,43055950,7847,0,44423024,8364,0
1288,571604447429,571607096307,20005332,sA-eth3,up,571606813216,netem,46424562,35525,0,0,0,0,0,43056808,7860,0,44632974,8379,0
1289,571624451980,571626373285,20004551,sA-eth3,up,571626195115,netem,46424562,35525,0,0,0,0,0,43056808,7860,0,44632974,8379,0
1290,571644444552,571646343208,19992572,sA-eth3,up,571646165506,netem,46424562,35525,0,0,0,0,0,43056808,7860,0,44632974,8379,0
1291,571664446103,571666747650,20001551,sA-eth3,up,571666498849,netem,46424562,35525,0,0,0,0,0,43056808,7860,0,44632974,8379,0
1292,571684448355,571686383500,20002252,sA-eth3,up,571686201100,netem,46424562,35525,0,0,0,0,0,43056808,7860,0,44632974,8379,0
1293,571704439346,571706333552,19990991,sA-eth3,up,571706154071,netem,46424562,35525,0,0,0,0,0,43056808,7860,0,44632974,8379,0
1294,571724437378,571726345643,19998032,sA-eth3,up,571726167043,netem,46424562,35525,0,0,0,0,0,43056808,7860,0,44632974,8379,0
1295,571744441249,571746288014,20003871,sA-eth3,up,571746116044,netem,46424820,35528,0,0,0,86,1,43064312,7864,0,44633318,8383,0
1296,571764438601,571766287016,19997352,sA-eth3,up,571766108275,netem,46425644,35540,0,0,0,66,1,43123090,7877,0,44634056,8394,0
1297,571784437362,571786281967,19998761,sA-eth3,up,571786105357,netem,46426142,35547,0,0,0,0,0,43158238,7883,0,44634554,8401,0
1298,571804437104,571806324829,19999742,sA-eth3,up,571806143259,netem,46426868,35556,0,0,0,66,1,43212474,7893,0,44635346,8411,0
1299,571824435724,571826290500,19998620,sA-eth3,up,571826115060,netem,46427576,35566,0,0,0,0,0,43260852,7902,0,44635988,8420,0
1300,571844442766,571846274672,20007042,sA-eth3,up,571846103262,netem,46428106,35573,0,0,0,86,1,43293170,7909,0,44636604,8428,0
1301,571864438777,571866286853,19996011,sA-eth3,up,571866112643,netem,46428960,35584,0,0,0,0,0,43344576,7920,0,44637372,8438,0
1302,571887047627,571889348854,22608850,sA-eth3,up,571889101894,netem,46429540,35592,0,0,0,78,1,43398812,7930,0,44638030,8447,0
1303,571904454250,571906436256,17406623,sA-eth3,up,571906241706,netem,46430128,35600,0,0,0,0,0,43431130,7937,0,44638540,8454,0
1304,571924435702,571926333739,19981452,sA-eth3,up,571926148107,netem,46430728,35608,0,0,0,78,1,43480956,7946,0,44639140,8462,0
1305,571944441383,571946308000,20005681,sA-eth3,up,571946128588,netem,46431412,35618,0,0,0,0,0,43530782,7955,0,44639824,8472,0
1306,571964444775,571966347240,20003392,sA-eth3,up,571966168770,netem,46432008,35626,0,0,0,0,0,43577712,7964,0,44640420,8480,0
1307,571984442327,571986290602,19997552,sA-eth3,up,571986117012,netem,46432920,35638,0,0,0,0,0,43633462,7975,0,44641332,8492,0
1308,572004438218,572006282773,19995891,sA-eth3,up,572006110063,netem,46433562,35647,0,0,0,0,0,43693490,7985,0,44641974,8501,0
1309,572024446360,572026386616,20008142,sA-eth3,up,572026212365,netem,46434036,35654,0,0,0,0,0,43736010,7993,0,44642448,8508,0
1310,572044443211,572046338387,19996851,sA-eth3,up,572046162627,netem,46434534,35661,0,0,0,0,0,43771158,7999,0,44642946,8515,0
1311,572064470712,572066879540,20027501,sA-eth3,up,572066654559,netem,46435098,35669,0,0,0,78,1,43819536,8008,0,44643510,8523,0
1312,572084442533,572087343473,19971821,sA-eth3,up,572087163342,netem,46435590,35675,0,0,0,78,1,43841718,8015,0,44644158,8531,0
1313,572104439395,572106484021,19996862,sA-eth3,up,572106298921,netem,46436074,35681,0,0,0,156,2,43859490,8021,0,44644564,8536,0
1314,572124444716,572126393732,20005321,sA-eth3,up,572126208222,netem,46436748,35690,0,0,0,86,1,43897732,8030,0,44645160,8544,0
1315,572144440530,572146337537,19995814,sA-eth3,up,572146157435,netem,46437542,35701,0,0,0,0,0,43947624,8040,0,44645954,8555,0
1316,572164434484,572166284029,19993954,sA-eth3,up,572166105309,netem,46438202,35711,0,0,0,0,0,44004756,8050,0,44646614,8565,0
1317,572184440908,572186285274,20006424,sA-eth3,up,572186112744,netem,46438700,35718,0,0,0,0,0,44038522,8057,0,44647112,8572,0
1318,572207069821,572209441008,22628913,sA-eth3,up,572209197117,netem,46439536,35730,0,0,0,0,0,44094404,8070,0,44647948,8584,0
1319,572225043669,572227385876,17973848,sA-eth3,up,572227143895,netem,46440112,35738,0,0,0,0,0,44135476,8078,0,44648524,8592,0
1320,572244449341,572247364259,19405672,sA-eth3,up,572247179309,netem,46440610,35745,0,0,0,66,1,44176548,8086,0,44649088,8600,0
1321,572264443014,572266487141,19993673,sA-eth3,up,572266243570,netem,46441450,35757,0,0,0,0,0,44239538,8097,0,44649862,8611,0
1322,572284446239,572286379825,20003225,sA-eth3,up,572286200154,netem,46442440,35770,0,0,0,0,0,44309900,8110,0,44650852,8624,0
1323,572304437432,572306368779,19991193,sA-eth3,up,572306190419,netem,46443138,35779,0,0,0,0,0,44372758,8119,0,44651550,8633,0
1324,572324447637,572326378212,20010205,sA-eth3,up,572326187602,netem,46443758,35787,0,0,0,78,1,44426928,8128,0,44652170,8642,0
1325,572344436071,572346307356,19988434,sA-eth3,up,572346130936,netem,46444256,35794,0,0,0,0,0,44463458,8133,0,44652668,8648,0
1326,572364433285,572366289151,19997214,sA-eth3,up,572366116301,netem,46444256,35794,0,0,0,0,0,44463458,8133,0,44652668,8648,0
1327,572384446500,572386335285,20013215,sA-eth3,up,572386160835,netem,46444256,35794,0,0,0,0,0,44463458,8133,0,44652668,8648,0
1328,572404438233,572406318869,19991733,sA-eth3,up,572406116238,netem,46444256,35794,0,0,0,0,0,44463458,8133,0,44652668,8648,0
1329,572424439388,572426320903,20001155,sA-eth3,up,572426107592,netem,46444256,35794,0,0,0,0,0,44463458,8133,0,44652668,8648,0
1330,572444445941,572446312597,20006553,sA-eth3,up,572446139927,netem,46444256,35794,0,0,0,0,0,44463458,8133,0,44652668,8648,0
1331,572464441636,572466338032,19995695,sA-eth3,up,572466161971,netem,46444256,35794,0,0,0,0,0,44463458,8133,0,44652668,8648,0
1332,572484438969,572486338236,19997333,sA-eth3,up,572486158905,netem,46444326,35795,0,0,0,0,0,44463458,8133,0,44652738,8649,0
1333,572504439334,572506813741,20000365,sA-eth3,up,572506568760,netem,46444326,35795,0,0,0,0,0,44463458,8133,0,44652738,8649,0
1334,572524443408,572526380754,20004074,sA-eth3,up,572526201133,netem,46444326,35795,0,0,0,0,0,44463458,8133,0,44652738,8649,0
1335,572544443552,572546328568,20000144,sA-eth3,up,572546147908,netem,46444326,35795,0,0,0,0,0,44463458,8133,0,44652738,8649,0
1336,572564435576,572566314951,19992024,sA-eth3,up,572566136551,netem,46444524,35798,0,0,0,66,1,44482546,8137,0,44652936,8652,0
1337,572584440820,572586668657,20005244,sA-eth3,up,572586492256,netem,46445184,35808,0,0,0,0,0,44551262,8147,0,44653596,8662,0
1338,572604433684,572606390110,19992864,sA-eth3,up,572606206350,netem,46445538,35813,0,0,0,0,0,44578982,8151,0,44653950,8667,0
1339,572625157391,572627553988,20723707,sA-eth3,up,572627306817,netem,46445538,35813,0,0,0,0,0,44578982,8151,0,44653950,8667,0
1340,572644446373,572646572620,19288982,sA-eth3,up,572646378898,netem,46445538,35813,0,0,0,0,0,44578982,8151,0,44653950,8667,0
1341,572664435047,572666387973,19988674,sA-eth3,up,572666206862,netem,46445538,35813,0,0,0,0,0,44578982,8151,0,44653950,8667,0
1342,572684448890,572686743848,20013843,sA-eth3,up,572686497247,netem,46445538,35813,0,0,0,0,0,44578982,8151,0,44653950,8667,0
1343,572704460765,572706991643,20011875,sA-eth3,up,572706785623,netem,46445538,35813,0,0,0,0,0,44578982,8151,0,44653950,8667,0
1344,572724457559,572726547015,19996794,sA-eth3,up,572726289374,netem,46445538,35813,0,0,0,0,0,44578982,8151,0,44653950,8667,0
1345,572744454933,572746532830,19997374,sA-eth3,up,572746327608,netem,46445538,35813,0,0,0,0,0,44578982,8151,0,44653950,8667,0
1346,572764437167,572766352113,19982234,sA-eth3,up,572766174573,netem,46445538,35813,0,0,0,0,0,44578982,8151,0,44653950,8667,0
1347,572784438001,572786400507,20000834,sA-eth3,up,572786221427,netem,46445538,35813,0,0,0,0,0,44578982,8151,0,44653950,8667,0
1348,572804437135,572806515121,19999134,sA-eth3,up,572806333751,netem,46445970,35819,0,0,0,0,0,44622908,8158,0,44654382,8673,0
1349,572825038171,572827571509,20601036,sA-eth3,up,572827379029,netem,46446564,35828,0,0,0,0,0,44688662,8167,0,44654976,8682,0
1350,572844443274,572846887611,19405103,sA-eth3,up,572846686960,netem,46447086,35835,0,0,0,0,0,44739804,8174,0,44655498,8689,0
1351,572864448727,572866763615,20005453,sA-eth3,up,572866551004,netem,46447518,35841,0,0,0,78,1,44783640,8180,0,44656008,8696,0
1352,572884455512,572886763039,20006785,sA-eth3,up,572886545509,netem,46447662,35843,0,0,0,0,0,44790946,8181,0,44656074,8697,0
1353,572904467646,572906736882,20012134,sA-eth3,up,572906510472,netem,46447662,35843,0,0,0,0,0,44790946,8181,0,44656074,8697,0
1354,572924455060,572926725837,19987414,sA-eth3,up,572926522117,netem,46447662,35843,0,0,0,0,0,44790946,8181,0,44656074,8697,0
1355,572945041656,572947363273,20586596,sA-eth3,up,572947160892,netem,46447662,35843,0,0,0,0,0,44790946,8181,0,44656074,8697,0
1356,572964453618,572968194349,19411962,sA-eth3,up,572967922059,netem,46478032,35864,0,0,0,30280,2,44791078,8183,0,44685256,8700,0
1357,572984450081,572986438349,19996463,sA-eth3,up,572986249547,netem,46703618,36013,0,0,0,46934,4,44791738,8193,0,44913648,8716,0
1358,573004439846,573006472232,19989765,sA-eth3,up,573006285142,netem,46954942,36179,0,0,0,30280,2,44792794,8209,0,45143620,8734,0
1359,573024438490,573026349866,19998644,sA-eth3,up,573026172256,netem,47207780,36346,0,0,0,34822,3,44793784,8224,0,45391034,8753,0
1360,573044440704,573046630201,20002214,sA-eth3,up,573046443750,netem,47462132,36514,0,0,0,40878,3,44794708,8238,0,45631142,8771,0
1361,573064444129,573066401274,20003425,sA-eth3,up,573066207994,netem,47607476,36610,0,0,0,0,0,44794708,8238,0,45770744,8780,0
1362,573085086525,573087496392,20642396,sA-eth3,up,573087249971,netem,47609056,36612,0,0,0,0,0,44796288,8240,0,45772324,8782,0
1363,573104451977,573106567344,19365452,sA-eth3,up,573106371182,netem,47781718,36727,0,0,0,12112,1,44802146,8241,0,45938452,8798,0
1364,573124442310,573126381607,19990333,sA-eth3,up,573126203527,netem,47874072,36788,0,0,0,0,0,44802146,8241,0,46027308,8806,0
1365,573144442817,573147355926,20000507,sA-eth3,up,573147168375,netem,48030014,36891,0,0,0,45420,3,44802212,8242,0,46191790,8819,0
1366,573164440563,573167118932,19997746,sA-eth3,up,573166813841,netem,48249544,37036,0,0,0,0,0,44802212,8242,0,46388260,8834,0
1367,573184467150,573186752387,20026587,sA-eth3,up,573186505426,netem,48249544,37036,0,0,0,0,0,44802212,8242,0,46388260,8834,0
1368,573204439916,573206618724,19972766,sA-eth3,up,573206426984,netem,48251058,37037,0,0,0,0,0,44802212,8242,0,46389774,8835,0
1369,573224443433,573226611130,20003517,sA-eth3,up,573226390999,netem,48251058,37037,0,0,0,0,0,44802212,8242,0,46389774,8835,0
1370,573244436770,573246476067,19993337,sA-eth3,up,573246290506,netem,48332814,37091,0,0,0,30280,2,44802278,8243,0,46468362,8841,0
1371,573264499306,573266988405,20062536,sA-eth3,up,573266759934,netem,48590194,37261,0,0,0,30280,2,44802278,8243,0,46715776,8860,0
1372,573285086665,573287260213,20587359,sA-eth3,up,573287048882,netem,48640670,37295,0,0,0,0,0,44802344,8244,0,46764272,8864,0
1373,573304460960,573306893748,19374295,sA-eth3,up,573306653187,netem,48640736,37296,0,0,0,0,0,44803858,8245,0,46764338,8865,0
1374,573324450557,573326607434,19989597,sA-eth3,up,573326405523,netem,48640736,37296,0,0,0,0,0,44803858,8245,0,46764338,8865,0
1375,573344445943,573346426100,19995386,sA-eth3,up,573346242380,netem,48640736,37296,0,0,0,0,0,44803858,8245,0,46764338,8865,0
1376,573364438940,573366311507,19992997,sA-eth3,up,573366138496,netem,48640736,37296,0,0,0,0,0,44803858,8245,0,46764338,8865,0
1377,573384452207,573386371903,20013267,sA-eth3,up,573386194993,netem,48640736,37296,0,0,0,0,0,44803858,8245,0,46764338,8865,0
1378,573404438134,573406327120,19985927,sA-eth3,up,573406148619,netem,48640736,37296,0,0,0,0,0,44803858,8245,0,46764338,8865,0
1379,573424442830,573426299626,20004696,sA-eth3,up,573426128846,netem,48640736,37296,0,0,0,0,0,44803858,8245,0,46764338,8865,0
1380,573444438046,573446278503,19995216,sA-eth3,up,573446098113,netem,48640736,37296,0,0,0,0,0,44803858,8245,0,46764338,8865,0
1381,573464444223,573466401160,20006177,sA-eth3,up,573466223720,netem,48640736,37296,0,0,0,0,0,44803858,8245,0,46764338,8865,0
1382,573484441281,573486380146,19997058,sA-eth3,up,573486198066,netem,48640736,37296,0,0,0,0,0,44803858,8245,0,46764338,8865,0
1383,573504459178,573506321064,20017897,sA-eth3,up,573506147823,netem,48640848,37298,0,0,0,0,0,44803900,8246,0,46764450,8867,0
1384,573524472714,573526918573,20013536,sA-eth3,up,573526694041,netem,48640848,37298,0,0,0,0,0,44803900,8246,0,46764450,8867,0
1385,573545048713,573547368890,20575999,sA-eth3,up,573547124869,netem,48640848,37298,0,0,0,0,0,44803900,8246,0,46764450,8867,0
1386,573564444547,573566441424,19395834,sA-eth3,up,573566257203,netem,48640848,37298,0,0,0,0,0,44803900,8246,0,46764450,8867,0
1387,573584438153,573586324100,19993606,sA-eth3,up,573586145770,netem,48640848,37298,0,0,0,0,0,44803900,8246,0,46764450,8867,0
1388,573604439751,573606300967,20001598,sA-eth3,up,573606126826,netem,48640848,37298,0,0,0,0,0,44803900,8246,0,46764450,8867,0
1389,573624440847,573626291114,20001096,sA-eth3,up,573626115033,netem,48640848,37298,0,0,0,0,0,44803900,8246,0,46764450,8867,0
1390,573644475014,573646811482,20034167,sA-eth3,up,573646592081,netem,48640848,37298,0,0,0,0,0,44803900,8246,0,46764450,8867,0
1391,573664462391,573666529147,19987377,sA-eth3,up,573666326827,netem,48640848,37298,0,0,0,0,0,44803900,8246,0,46764450,8867,0
1392,573685062540,573687337096,20600149,sA-eth3,up,573687091616,netem,48640848,37298,0,0,0,0,0,44803900,8246,0,46764450,8867,0
1393,573705040496,573707350783,19977956,sA-eth3,up,573707106602,netem,48640848,37298,0,0,0,0,0,44803900,8246,0,46764450,8867,0
1394,573724449581,573726613768,19409085,sA-eth3,up,573726405627,netem,48640848,37298,0,0,0,0,0,44803900,8246,0,46764450,8867,0
1395,573744441458,573746601045,19991877,sA-eth3,up,573746404613,netem,48640848,37298,0,0,0,0,0,44803900,8246,0,46764450,8867,0
1396,573764443134,573766555391,20001676,sA-eth3,up,573766359921,netem,48640848,37298,0,0,0,0,0,44803900,8246,0,46764450,8867,0
1397,573784439771,573786552228,19996637,sA-eth3,up,573786358267,netem,48640848,37298,0,0,0,0,0,44803900,8246,0,46764450,8867,0
1398,573804446908,573806427014,20007137,sA-eth3,up,573806242874,netem,48640848,37298,0,0,0,0,0,44803900,8246,0,46764450,8867,0
1399,573824439494,573826295621,19992586,sA-eth3,up,573826117770,netem,48640848,37298,0,0,0,0,0,44803900,8246,0,46764450,8867,0
1400,573846032477,573848329724,21592983,sA-eth3,up,573848082043,netem,48640848,37298,0,0,0,0,0,44803900,8246,0,46764450,8867,0
1401,573864439018,573866341665,18406541,sA-eth3,up,573866163803,netem,48640848,37298,0,0,0,0,0,44803900,8246,0,46764450,8867,0
1402,573884445245,573886861303,20006227,sA-eth3,up,573886616872,netem,48640848,37298,0,0,0,0,0,44803900,8246,0,46764450,8867,0
1403,573904457091,573906414578,20011846,sA-eth3,up,573906215758,netem,48640848,37298,0,0,0,0,0,44803900,8246,0,46764450,8867,0
1404,573924432797,573926422105,19975706,sA-eth3,up,573926231054,netem,48640848,37298,0,0,0,0,0,44803900,8246,0,46764450,8867,0
1405,573944432955,573946412411,20000158,sA-eth3,up,573946228861,netem,48641366,37305,0,0,0,0,0,44830558,8255,0,46764968,8874,0
1406,573964448642,573966856040,20015687,sA-eth3,up,573966607939,netem,48642020,37314,0,0,0,78,1,44884728,8264,0,46765700,8884,0
1407,573984442298,573986395435,19993656,sA-eth3,up,573986214354,netem,48642662,37323,0,0,0,0,0,44937384,8272,0,46766264,8892,0
1408,574004439765,574007310094,19997467,sA-eth3,up,574007128804,netem,48643278,37331,0,0,0,78,1,44985696,8280,0,46766958,8901,0
1409,574024464722,574026746690,20024957,sA-eth3,up,574026530578,netem,48643442,37333,0,0,0,0,0,44991554,8281,0,46767044,8902,0
1410,574044443818,574046389214,19979096,sA-eth3,up,574046208105,netem,48643442,37333,0,0,0,0,0,44991554,8281,0,46767044,8902,0
1411,574064441474,574066407732,19997656,sA-eth3,up,574066222901,netem,48643442,37333,0,0,0,0,0,44991554,8281,0,46767044,8902,0
1412,574084443292,574086304918,20001818,sA-eth3,up,574086128397,netem,48643442,37333,0,0,0,0,0,44991554,8281,0,46767044,8902,0
1413,574104442619,574106288075,19999327,sA-eth3,up,574106114394,netem,48643442,37333,0,0,0,0,0,44991554,8281,0,46767044,8902,0
1414,574124438025,574126347972,19995406,sA-eth3,up,574126170751,netem,48643442,37333,0,0,0,0,0,44991554,8281,0,46767044,8902,0
1415,574144450514,574146457041,20012489,sA-eth3,up,574146269499,netem,48643442,37333,0,0,0,0,0,44991554,8281,0,46767044,8902,0
1416,574164439453,574167474933,19988939,sA-eth3,up,574167235143,netem,48643442,37333,0,0,0,0,0,44991554,8281,0,46767044,8902,0
1417,574184447352,574186817210,20007899,sA-eth3,up,574186607550,netem,48643442,37333,0,0,0,0,0,44991554,8281,0,46767044,8902,0
1418,574204464671,574206817080,20017319,sA-eth3,up,574206566059,netem,48643442,37333,0,0,0,0,0,44991554,8281,0,46767044,8902,0
1419,574224450131,574226675068,19985460,sA-eth3,up,574226430938,netem,48643442,37333,0,0,0,0,0,44991554,8281,0,46767044,8902,0
1420,574244467901,574246845418,20017770,sA-eth3,up,574246624358,netem,48643442,37333,0,0,0,0,0,44991554,8281,0,46767044,8902,0
1421,574264446449,574266472176,19978548,sA-eth3,up,574266224485,netem,48643442,37333,0,0,0,0,0,44991554,8281,0,46767044,8902,0
1422,574284507209,574286440366,20060760,sA-eth3,up,574286249375,netem,48643442,37333,0,0,0,0,0,44991554,8281,0,46767044,8902,0
1423,574304445558,574306355124,19938349,sA-eth3,up,574306165754,netem,48643442,37333,0,0,0,0,0,44991554,8281,0,46767044,8902,0
1424,574324437507,574326431954,19991949,sA-eth3,up,574326247103,netem,48643442,37333,0,0,0,0,0,44991554,8281,0,46767044,8902,0
1425,574344449807,574346459973,20012300,sA-eth3,up,574346270783,netem,48643442,37333,0,0,0,0,0,44991554,8281,0,46767044,8902,0
1426,574364446316,574366571004,19996509,sA-eth3,up,574366376332,netem,48643442,37333,0,0,0,0,0,44991554,8281,0,46767044,8902,0
1427,574384456805,574387051044,20010489,sA-eth3,up,574386737603,netem,48643442,37333,0,0,0,0,0,44991554,8281,0,46767044,8902,0
1428,574404467795,574406702823,20010990,sA-eth3,up,574406490621,netem,48643442,37333,0,0,0,0,0,44991554,8281,0,46767044,8902,0
1429,574424449594,574426571581,19981799,sA-eth3,up,574426364131,netem,48643442,37333,0,0,0,0,0,44991554,8281,0,46767044,8902,0
1430,574444438523,574446529310,19988929,sA-eth3,up,574446336920,netem,48643442,37333,0,0,0,0,0,44991554,8281,0,46767044,8902,0
1431,574464439662,574466443819,20001139,sA-eth3,up,574466261859,netem,48643442,37333,0,0,0,0,0,44991554,8281,0,46767044,8902,0
1432,574484444512,574486368598,20004850,sA-eth3,up,574486188268,netem,48643442,37333,0,0,0,0,0,44991554,8281,0,46767044,8902,0
1433,574504437721,574506290717,19993209,sA-eth3,up,574506113477,netem,48643442,37333,0,0,0,0,0,44991554,8281,0,46767044,8902,0
1434,574524436539,574526336577,19998818,sA-eth3,up,574526161716,netem,48643512,37334,0,0,0,0,0,44991554,8281,0,46767114,8903,0
1435,574544434289,574546301415,19997750,sA-eth3,up,574546126915,netem,48643512,37334,0,0,0,0,0,44991554,8281,0,46767114,8903,0
1436,574564443289,574566339425,20009000,sA-eth3,up,574566161655,netem,48643512,37334,0,0,0,0,0,44991554,8281,0,46767114,8903,0
1437,574584435008,574586313594,19991719,sA-eth3,up,574586136634,netem,48643512,37334,0,0,0,0,0,44991554,8281,0,46767114,8903,0
1438,574604431887,574606288184,19996879,sA-eth3,up,574606115093,netem,48643512,37334,0,0,0,0,0,44991554,8281,0,46767114,8903,0
1439,574624447636,574626350753,20015749,sA-eth3,up,574626173923,netem,48643512,37334,0,0,0,0,0,44991554,8281,0,46767114,8903,0
1440,574645035538,574647485107,20587902,sA-eth3,up,574647238986,netem,48643598,37335,0,0,0,0,0,44993068,8282,0,46767200,8904,0
1441,574664440486,574666368282,19404948,sA-eth3,up,574666190691,netem,48644262,37343,0,0,0,0,0,45019858,8293,0,46767864,8912,0
1442,574684437615,574686378532,19997129,sA-eth3,up,574686203511,netem,48644964,37352,0,0,0,78,1,45050794,8301,0,46768566,8921,0
1443,574704439534,574706714291,20001919,sA-eth3,up,574706468541,netem,48645582,37361,0,0,0,0,0,45084560,8308,0,46769184,8930,0
1444,574724449243,574726408160,20009709,sA-eth3,up,574726224690,netem,48645824,37364,0,0,0,78,1,45097856,8312,0,46769504,8934,0
1445,574744440353,574746434869,19991110,sA-eth3,up,574746257279,netem,48646374,37371,0,0,0,0,0,45122934,8319,0,46769976,8940,0
1446,574764466142,574766945891,20025789,sA-eth3,up,574766727599,netem,48646674,37375,0,0,0,78,1,45140574,8323,0,46770354,8945,0
1447,574784441391,574786517419,19975249,sA-eth3,up,574786267268,netem,48647148,37382,0,0,0,0,0,45171444,8330,0,46770750,8951,0
1448,574804472140,574806687078,20030749,sA-eth3,up,574806482268,netem,48647544,37388,0,0,0,66,1,45197904,8336,0,46771212,8958,0
1449,574824445510,574826536186,19973370,sA-eth3,up,574826338736,netem,48647832,37392,0,0,0,0,0,45215544,8340,0,46771434,8961,0
1450,574844447309,574846497376,20001799,sA-eth3,up,574846263655,netem,48648252,37398,0,0,0,0,0,45237594,8345,0,46771854,8967,0
1451,574865045170,574867522888,20597861,sA-eth3,up,574867275478,netem,48648618,37403,0,0,0,0,0,45264054,8351,0,46772220,8972,0
1452,574884473737,574887061817,19428567,sA-eth3,up,574886786366,netem,48649014,37409,0,0,0,0,0,45286104,8356,0,46772616,8978,0
1453,574904443577,574906689525,19969840,sA-eth3,up,574906487604,netem,48649368,37414,0,0,0,0,0,45312564,8362,0,46772970,8983,0
1454,574924445737,574926559593,20002160,sA-eth3,up,574926344053,netem,48649446,37415,0,0,0,0,0,45312564,8362,0,46773048,8984,0
1455,574944438275,574946422812,19992538,sA-eth3,up,574946235692,netem,48649446,37415,0,0,0,0,0,45312564,8362,0,46773048,8984,0
1456,574964438464,574966405571,20000189,sA-eth3,up,574966228621,netem,48649446,37415,0,0,0,0,0,45312564,8362,0,46773048,8984,0
1457,574984427664,574986418231,19989200,sA-eth3,up,574986235670,netem,48649446,37415,0,0,0,0,0,45312564,8362,0,46773048,8984,0
1458,575004439134,575006464390,20011470,sA-eth3,up,575006276510,netem,48649446,37415,0,0,0,0,0,45312564,8362,0,46773048,8984,0
1459,575024442663,575026476069,20003529,sA-eth3,up,575026287759,netem,48649446,37415,0,0,0,0,0,45312564,8362,0,46773048,8984,0
1460,575044475472,575046860961,20032809,sA-eth3,up,575046639709,netem,48649516,37416,0,0,0,0,0,45312564,8362,0,46773118,8985,0
1461,575064448621,575066591578,19973149,sA-eth3,up,575066383668,netem,48649516,37416,0,0,0,0,0,45312564,8362,0,46773118,8985,0
1462,575084445351,575086534468,19996730,sA-eth3,up,575086350077,netem,48649516,37416,0,0,0,0,0,45312564,8362,0,46773118,8985,0
1463,575104434730,575106284807,19989379,sA-eth3,up,575106111666,netem,48649516,37416,0,0,0,0,0,45312564,8362,0,46773118,8985,0
1464,575124438589,575126801878,20003859,sA-eth3,up,575126554657,netem,48649516,37416,0,0,0,78,1,45314078,8363,0,46773196,8986,0
1465,575144446470,575147318860,20007881,sA-eth3,up,575147131139,netem,48649594,37417,0,0,0,0,0,45314078,8363,0,46773196,8986,0
1466,575164443052,575166499229,19996582,sA-eth3,up,575166250439,netem,48649594,37417,0,0,0,0,0,45314078,8363,0,46773196,8986,0
1467,575184447263,575186301941,20004211,sA-eth3,up,575186129910,netem,48649594,37417,0,0,0,0,0,45314078,8363,0,46773196,8986,0
1468,575204445466,575207297636,19998203,sA-eth3,up,575207120125,netem,48649594,37417,0,0,0,0,0,45314078,8363,0,46773196,8986,0
1469,575224446148,575226481885,20000682,sA-eth3,up,575226237114,netem,48649594,37417,0,0,0,0,0,45314078,8363,0,46773196,8986,0
1470,575244456659,575246504936,20010511,sA-eth3,up,575246305406,netem,48649594,37417,0,0,0,0,0,45314078,8363,0,46773196,8986,0
1471,575264438502,575266393528,19981843,sA-eth3,up,575266194848,netem,48649594,37417,0,0,0,0,0,45314078,8363,0,46773196,8986,0
1472,575284440343,575286347611,20001841,sA-eth3,up,575286171450,netem,48649594,37417,0,0,0,0,0,45314078,8363,0,46773196,8986,0
1473,575304445085,575306311852,20004742,sA-eth3,up,575306135322,netem,48649594,37417,0,0,0,0,0,45314078,8363,0,46773196,8986,0
1474,575324474708,575327060586,20029623,sA-eth3,up,575326784636,netem,48649594,37417,0,0,0,0,0,45314078,8363,0,46773196,8986,0
1475,575344442759,575346370005,19968051,sA-eth3,up,575346179865,netem,48649804,37420,0,0,0,0,0,45321582,8367,0,46773406,8989,0
1476,575364439721,575367340591,19996962,sA-eth3,up,575367157070,netem,48650266,37427,0,0,0,0,0,45346594,8373,0,46773868,8996,0
1477,575384446963,575386748921,20007242,sA-eth3,up,575386499651,netem,48650632,37432,0,0,0,0,0,45373054,8379,0,46774234,9001,0
1478,575404446955,575406471071,19999992,sA-eth3,up,575406287911,netem,48651028,37438,0,0,0,0,0,45401028,8386,0,46774630,9007,0
1479,575424437987,575426344223,19991032,sA-eth3,up,575426158363,netem,48651394,37443,0,0,0,0,0,45418668,8390,0,46774996,9012,0
1480,575444437828,575446347875,19999841,sA-eth3,up,575446172195,netem,48651736,37448,0,0,0,0,0,45445128,8396,0,46775338,9017,0
1481,575464447000,575466373007,20009172,sA-eth3,up,575466195286,netem,48651946,37451,0,0,0,0,0,45458358,8399,0,46775548,9020,0
1482,575484514872,575486394079,20067872,sA-eth3,up,575486215298,netem,48652110,37453,0,0,0,0,0,45462768,8400,0,46775712,9022,0
1483,575507039993,575509470692,22525121,sA-eth3,up,575509193560,netem,48652110,37453,0,0,0,0,0,45462768,8400,0,46775712,9022,0
1484,575524444765,575526426033,17404772,sA-eth3,up,575526243082,netem,48652110,37453,0,0,0,0,0,45462768,8400,0,46775712,9022,0
1485,575546034773,575548430232,21590008,sA-eth3,up,575548181352,netem,48652110,37453,0,0,0,0,0,45462768,8400,0,46775712,9022,0
1486,575564454850,575566601667,18420077,sA-eth3,up,575566382106,netem,48652110,37453,0,0,0,0,0,45462768,8400,0,46775712,9022,0
1487,575584444401,575586429478,19989551,sA-eth3,up,575586244828,netem,48652110,37453,0,0,0,0,0,45462768,8400,0,46775712,9022,0
1488,575604437554,575606395670,19993153,sA-eth3,up,575606213389,netem,48652110,37453,0,0,0,0,0,45462768,8400,0,46775712,9022,0
1489,575624448565,575626441262,20011011,sA-eth3,up,575626259422,netem,48652110,37453,0,0,0,0,0,45462768,8400,0,46775712,9022,0
1490,575644445537,575646364704,19996972,sA-eth3,up,575646186623,netem,48652110,37453,0,0,0,0,0,45462768,8400,0,46775712,9022,0
1491,575664440889,575666357846,19995352,sA-eth3,up,575666174296,netem,48652110,37453,0,0,0,0,0,45462768,8400,0,46775712,9022,0
1492,575684438571,575686584788,19997682,sA-eth3,up,575686368008,netem,48652196,37454,0,0,0,0,0,45464282,8401,0,46775798,9023,0
1493,575704441642,575706484640,20003071,sA-eth3,up,575706301179,netem,48652694,37461,0,0,0,0,0,45496666,8409,0,46776296,9030,0
1494,575724442285,575726350171,20000643,sA-eth3,up,575726173401,netem,48653060,37466,0,0,0,0,0,45515754,8413,0,46776662,9035,0
1495,575744440466,575746368243,19998181,sA-eth3,up,575746187673,netem,48653060,37466,0,0,0,0,0,45515754,8413,0,46776662,9035,0
1496,575764440608,575766299225,20000142,sA-eth3,up,575766121044,netem,48653060,37466,0,0,0,0,0,45515754,8413,0,46776662,9035,0
1497,575784436900,575786275506,19996292,sA-eth3,up,575786101616,netem,48653060,37466,0,0,0,0,0,45515754,8413,0,46776662,9035,0
1498,575804440362,575806278788,20003462,sA-eth3,up,575806105568,netem,48653060,37466,0,0,0,0,0,45515754,8413,0,46776662,9035,0
1499,575824444304,575827167814,20003942,sA-eth3,up,575826888403,netem,48653060,37466,0,0,0,0,0,45515754,8413,0,46776662,9035,0
1500,575844444006,575846480572,19999702,sA-eth3,up,575846297572,netem,48653060,37466,0,0,0,0,0,45515754,8413,0,46776662,9035,0
1501,575864438268,575866330504,19994262,sA-eth3,up,575866148874,netem,48653060,37466,0,0,0,0,0,45515754,8413,0,46776662,9035,0
1502,575884437609,575886301986,19999341,sA-eth3,up,575886124655,netem,48653060,37466,0,0,0,0,0,45515754,8413,0,46776662,9035,0
1503,575904471822,575906800440,20034213,sA-eth3,up,575906584119,netem,48653060,37466,0,0,0,0,0,45515754,8413,0,46776662,9035,0
1504,575924445473,575926583320,19973651,sA-eth3,up,575926393830,netem,48653060,37466,0,0,0,0,0,45515754,8413,0,46776662,9035,0
1505,575944475655,575946773303,20030182,sA-eth3,up,575946561503,netem,48653060,37466,0,0,0,0,0,45515754,8413,0,46776662,9035,0
1506,575964482458,575966870826,20006803,sA-eth3,up,575966659625,netem,48653060,37466,0,0,0,0,0,45515754,8413,0,46776662,9035,0
1507,575985039881,575987279279,20557423,sA-eth3,up,575987035678,netem,48653060,37466,0,0,0,0,0,45515754,8413,0,46776662,9035,0
1508,576004458601,576006684898,19418720,sA-eth3,up,576006476568,netem,48653060,37466,0,0,0,0,0,45515754,8413,0,46776662,9035,0
1509,576024439573,576026291639,19980972,sA-eth3,up,576026112549,netem,48653060,37466,0,0,0,0,0,45515754,8413,0,46776662,9035,0
1510,576044442204,576046276801,20002631,sA-eth3,up,576046101950,netem,48653060,37466,0,0,0,0,0,45515754,8413,0,46776662,9035,0
1511,576064443316,576066310223,20001112,sA-eth3,up,576066124512,netem,48653060,37466,0,0,0,0,0,45515754,8413,0,46776662,9035,0
1512,576084441948,576086680047,19998632,sA-eth3,up,576086502385,netem,48653060,37466,0,0,0,0,0,45515754,8413,0,46776662,9035,0
1513,576104484760,576106930409,20042812,sA-eth3,up,576106709548,netem,48653060,37466,0,0,0,0,0,45515754,8413,0,46776662,9035,0
1514,576124690983,576126844991,20206223,sA-eth3,up,576126643550,netem,48653060,37466,0,0,0,0,0,45515754,8413,0,46776662,9035,0
1515,576144449745,576146570643,19758762,sA-eth3,up,576146375233,netem,48653060,37466,0,0,0,0,0,45515754,8413,0,46776662,9035,0
1516,576164446700,576166490837,19996955,sA-eth3,up,576166300837,netem,48653060,37466,0,0,0,0,0,45515754,8413,0,46776662,9035,0
1517,576185032856,576187495506,20586156,sA-eth3,up,576187246745,netem,48653060,37466,0,0,0,0,0,45515754,8413,0,46776662,9035,0
1518,576204445589,576206383057,19412733,sA-eth3,up,576206204315,netem,48653060,37466,0,0,0,0,0,45515754,8413,0,46776662,9035,0
1519,576224453373,576226360830,20007784,sA-eth3,up,576226183720,netem,48653060,37466,0,0,0,0,0,45515754,8413,0,46776662,9035,0
1520,576244445208,576246349804,19991835,sA-eth3,up,576246169194,netem,48653060,37466,0,0,0,0,0,45515754,8413,0,46776662,9035,0
1521,576264497343,576266337549,20052135,sA-eth3,up,576266160408,netem,48653060,37466,0,0,0,0,0,45515754,8413,0,46776662,9035,0
1522,576284432007,576286283903,19934664,sA-eth3,up,576286110563,netem,48653060,37466,0,0,0,0,0,45515754,8413,0,46776662,9035,0
1523,576304436431,576306325588,20004424,sA-eth3,up,576306151468,netem,48653060,37466,0,0,0,0,0,45515754,8413,0,46776662,9035,0
1524,576324442155,576326286042,20005724,sA-eth3,up,576326106062,netem,48653060,37466,0,0,0,0,0,45515754,8413,0,46776662,9035,0
1525,576344437629,576346300177,19995474,sA-eth3,up,576346122376,netem,48653060,37466,0,0,0,0,0,45515754,8413,0,46776662,9035,0
1526,576364440044,576366317271,20002415,sA-eth3,up,576366144030,netem,48653860,37476,0,0,0,66,1,45545506,8425,0,46777528,9046,0
1527,576384442749,576386308976,20002705,sA-eth3,up,576386136765,netem,48654526,37485,0,0,0,0,0,45593818,8433,0,46778128,9054,0
1528,576404441493,576406339850,19998744,sA-eth3,up,576406164139,netem,48655102,37493,0,0,0,0,0,45637786,8441,0,46778704,9062,0
1529,576424435018,576426323025,19993525,sA-eth3,up,576426142404,netem,48655456,37498,0,0,0,78,1,45661284,8446,0,46779058,9067,0
1530,576444433432,576446322579,19998414,sA-eth3,up,576446144798,netem,48655954,37505,0,0,0,0,0,45702290,8453,0,46779556,9074,0
1531,576464433196,576466306333,19999764,sA-eth3,up,576466130313,netem,48656374,37511,0,0,0,0,0,45737438,8459,0,46779976,9080,0
1532,576484433771,576486333957,20000575,sA-eth3,up,576486158408,netem,48656716,37516,0,0,0,0,0,45760870,8464,0,46780318,9085,0
1533,576504439725,576506399333,20005954,sA-eth3,up,576506220471,netem,48657082,37521,0,0,0,0,0,45796084,8470,0,46780684,9090,0
1534,576524437429,576526324237,19997704,sA-eth3,up,576526145096,netem,48657514,37527,0,0,0,66,1,45831232,8476,0,46781116,9096,0
1535,576544441484,576546365621,20004055,sA-eth3,up,576546188860,netem,48657978,37533,0,0,0,0,0,45857626,8481,0,46781580,9102,0
1536,576564444219,576566352926,20002735,sA-eth3,up,576566174325,netem,48658306,37537,0,0,0,0,0,45884090,8487,0,46781908,9106,0
1537,576584440113,576586373929,19995894,sA-eth3,up,576586198020,netem,48658820,37544,0,0,0,66,1,45923648,8494,0,46782422,9113,0
1538,576604437248,576606285954,19997135,sA-eth3,up,576606111253,netem,48659294,37551,0,0,0,0,0,45958796,8500,0,46782896,9120,0
1539,576627035732,576629422190,22598484,sA-eth3,up,576629174070,netem,48659294,37551,0,0,0,0,0,45958796,8500,0,46782896,9120,0
1540,576644460367,576646523244,17424635,sA-eth3,up,576646331363,netem,48659294,37551,0,0,0,0,0,45958796,8500,0,46782896,9120,0
1541,576664443890,576666531858,19983523,sA-eth3,up,576666317107,netem,48659294,37551,0,0,0,0,0,45958796,8500,0,46782896,9120,0
1542,576684442014,576686365342,19998124,sA-eth3,up,576686186372,netem,48659294,37551,0,0,0,0,0,45958796,8500,0,46782896,9120,0
1543,576704438349,576706290416,19996335,sA-eth3,up,576706117556,netem,48659294,37551,0,0,0,0,0,45958796,8500,0,46782896,9120,0
1544,576724432403,576726289601,19994054,sA-eth3,up,576726116730,netem,48659294,37551,0,0,0,0,0,45958796,8500,0,46782896,9120,0
1545,576744441548,576746353616,20009145,sA-eth3,up,576746176985,netem,48659294,37551,0,0,0,0,0,45958796,8500,0,46782896,9120,0
1546,576764435183,576766281300,19993635,sA-eth3,up,576766108468,netem,48659294,37551,0,0,0,0,0,45958796,8500,0,46782896,9120,0
1547,576784437697,576786272224,20002514,sA-eth3,up,576786101583,netem,48659294,37551,0,0,0,0,0,45958796,8500,0,46782896,9120,0
1548,576804440942,576806824421,20003245,sA-eth3,up,576806576020,netem,48659294,37551,0,0,0,0,0,45958796,8500,0,46782896,9120,0
1549,576824464046,576826506814,20023104,sA-eth3,up,576826305593,netem,48659372,37552,0,0,0,66,1,45964720,8502,0,46783040,9122,0
1550,576844444101,576846317257,19980055,sA-eth3,up,576846131967,netem,48660014,37561,0,0,0,66,1,45997170,8511,0,46783682,9131,0
1551,576864435815,576866288201,19991714,sA-eth3,up,576866116151,netem,48660488,37568,0,0,0,0,0,46038176,8518,0,46784090,9137,0
1552,576884441709,576887306850,20005894,sA-eth3,up,576887125619,netem,48661064,37576,0,0,0,0,0,46089384,8526,0,46784666,9145,0
1553,576904444263,576906537121,20002554,sA-eth3,up,576906290430,netem,48661838,37587,0,0,0,0,0,46149478,8537,0,46785440,9156,0
1554,576924450598,576926774756,20006335,sA-eth3,up,576926525896,netem,48662624,37598,0,0,0,0,0,46202266,8547,0,46786226,9167,0
1555,576944454523,576946494820,20003925,sA-eth3,up,576946298669,netem,48663236,37606,0,0,0,0,0,46260714,8555,0,46786838,9175,0
1556,576964480167,576966756145,20025644,sA-eth3,up,576966540665,netem,48663960,37616,0,0,0,0,0,46329562,8567,0,46787562,9185,0
1557,576984447762,576986324728,19967595,sA-eth3,up,576986147708,netem,48664686,37627,0,0,0,0,0,46425922,8579,0,46788288,9196,0
1558,577004436596,577006352263,19988834,sA-eth3,up,577006171823,netem,48665582,37639,0,0,0,78,1,46504906,8591,0,46789262,9209,0
1559,577024439781,577026310847,20003185,sA-eth3,up,577026136157,netem,48666334,37649,0,0,0,66,1,46570660,8601,0,46789936,9218,0
1560,577044438884,577046300781,19999103,sA-eth3,up,577046128341,netem,48667172,37660,0,0,0,66,1,46662676,8612,0,46790840,9230,0
1561,577064441309,577066314426,20002425,sA-eth3,up,577066140856,netem,48667960,37670,0,0,0,0,0,46721256,8622,0,46791562,9239,0
1562,577084449043,577086952773,20007734,sA-eth3,up,577086703683,netem,48668580,37678,0,0,0,0,0,46775426,8631,0,46792182,9247,0
1563,577104467598,577106499695,20018555,sA-eth3,up,577106312945,netem,48669258,37687,0,0,0,0,0,46841246,8641,0,46792860,9256,0
1564,577124440642,577126326890,19973044,sA-eth3,up,577126150178,netem,48669558,37691,0,0,0,86,1,46877842,8647,0,46793246,9261,0
1565,577144429839,577146349085,19989197,sA-eth3,up,577146173835,netem,48669918,37695,0,0,0,0,0,46888176,8650,0,46793520,9264,0
1566,577164437545,577166374753,20007706,sA-eth3,up,577166192902,netem,48669918,37695,0,0,0,0,0,46888176,8650,0,46793520,9264,0
1567,577184438242,577186382200,20000697,sA-eth3,up,577186200199,netem,48669918,37695,0,0,0,0,0,46888176,8650,0,46793520,9264,0
1568,577204435690,577206414257,19997448,sA-eth3,up,577206233136,netem,48669918,37695,0,0,0,0,0,46888176,8650,0,46793520,9264,0
1569,577224433876,577226372803,19998186,sA-eth3,up,577226192753,netem,48669918,37695,0,0,0,0,0,46888176,8650,0,46793520,9264,0
1570,577244437193,577246462921,20003317,sA-eth3,up,577246278400,netem,48669918,37695,0,0,0,0,0,46888176,8650,0,46793520,9264,0
1571,577264436180,577266436608,19998987,sA-eth3,up,577266254997,netem,48669918,37695,0,0,0,0,0,46888176,8650,0,46793520,9264,0
1572,577284444417,577286483885,20008237,sA-eth3,up,577286277605,netem,48669918,37695,0,0,0,0,0,46888176,8650,0,46793520,9264,0
1573,577304436444,577306590012,19992027,sA-eth3,up,577306403282,netem,48669918,37695,0,0,0,0,0,46888176,8650,0,46793520,9264,0
1574,577324438991,577326686560,20002547,sA-eth3,up,577326495869,netem,48669918,37695,0,0,0,0,0,46888176,8650,0,46793520,9264,0
1575,577344466288,577346905147,20027297,sA-eth3,up,577346683597,netem,48669918,37695,0,0,0,0,0,46888176,8650,0,46793520,9264,0
1576,577364453495,577366744234,19987207,sA-eth3,up,577366542222,netem,48670644,37704,0,0,0,86,1,46915032,8662,0,46794332,9274,0
1577,577384460113,577386806731,20006618,sA-eth3,up,577386590410,netem,48671714,37719,0,0,0,0,0,46981050,8675,0,46795316,9288,0
1578,577404406048,577406482547,19945935,sA-eth3,up,577406294916,netem,48672302,37727,0,0,0,0,0,47039498,8683,0,46795904,9296,0
1579,577425041099,577427525138,20635051,sA-eth3,up,577427333297,netem,48672968,37736,0,0,0,0,0,47105252,8692,0,46796570,9305,0
1580,577444427703,577446816542,19386604,sA-eth3,up,577446573181,netem,48673532,37744,0,0,0,66,1,47171006,8701,0,46797134,9313,0
1581,577464447660,577466697499,20019957,sA-eth3,up,577466484338,netem,48674258,37755,0,0,0,0,0,47244066,8711,0,46797860,9324,0
1582,577484443467,577486679036,19995807,sA-eth3,up,577486472194,netem,48674888,37764,0,0,0,66,1,47317126,8721,0,46798490,9333,0
1583,577504443303,577506614312,19999836,sA-eth3,up,577506414292,netem,48675460,37772,0,0,0,0,0,47368268,8728,0,46799062,9341,0
1584,577524439271,577526560069,19995968,sA-eth3,up,577526364928,netem,48676006,37779,0,0,0,66,1,47426716,8736,0,46799608,9348,0
1585,577544437818,577546681906,19998547,sA-eth3,up,577546484375,netem,48676672,37788,0,0,0,78,1,47482268,8744,0,46800274,9357,0
1586,577564440084,577566672903,20002266,sA-eth3,up,577566449382,netem,48677362,37797,0,0,0,78,1,47550984,8754,0,46801042,9367,0
1587,577584438442,577586585500,19998358,sA-eth3,up,577586389130,netem,48678414,37811,0,0,0,0,0,47656164,8768,0,46802016,9380,0
1588,577604459858,577607110699,20021416,sA-eth3,up,577606854107,netem,48709678,37845,0,0,0,30358,3,47780366,8785,0,46832092,9398,0
1589,577624398895,577626505114,19939037,sA-eth3,up,577626315283,netem,48950996,38012,0,0,0,47020,4,47827956,8804,0,47064038,9421,0
1590,577644462532,577646933172,20063637,sA-eth3,up,577646712661,netem,49202828,38184,0,0,0,30490,5,47855604,8828,0,47320648,9446,0
1591,577664444550,577666869409,19982018,sA-eth3,up,577666620407,netem,49458080,38364,0,0,0,27486,5,47953020,8856,0,47563260,9478,0
1592,577684450886,577686406874,20006336,sA-eth3,up,577686225893,netem,49701154,38535,0,0,0,68364,8,48042668,8876,0,47785090,9503,0
1593,577704436703,577706316200,19985817,sA-eth3,up,577706138690,netem,49951840,38710,0,0,0,91200,10,48139754,8899,0,48026008,9530,0
1594,577724475531,577726810009,20038828,sA-eth3,up,577726590899,netem,50197932,38882,0,0,0,118522,13,48238288,8922,0,48278676,9560,0
1595,577744446527,577746376185,19970996,sA-eth3,up,577746192874,netem,50447174,39057,0,0,0,91382,13,48309178,8943,0,48518228,9588,0
1596,577764443485,577766759373,19996958,sA-eth3,up,577766487432,netem,50710184,39244,0,0,0,101782,11,48383294,8969,0,48754916,9618,0
1597,577784448091,577786552849,20004606,sA-eth3,up,577786360459,netem,50879894,39371,0,0,0,0,0,48471626,8991,0,48918026,9645,0
1598,577804441238,577806895938,19993147,sA-eth3,up,577806631196,netem,50880338,39377,0,0,0,78,1,48515462,8997,0,48918470,9651,0
1599,577824448025,577826489333,20006787,sA-eth3,up,577826296822,netem,50880692,39382,0,0,0,0,0,48537380,9000,0,48918824,9656,0
1600,577844451352,577846406970,20003327,sA-eth3,up,577846227840,netem,50880692,39382,0,0,0,0,0,48537380,9000,0,48918824,9656,0
1601,577864436689,577866309626,19985337,sA-eth3,up,577866135135,netem,50880692,39382,0,0,0,0,0,48537380,9000,0,48918824,9656,0
1602,577885132698,577887771338,20696009,sA-eth3,up,577887588188,netem,50880692,39382,0,0,0,0,0,48537380,9000,0,48918824,9656,0
1603,577904463323,577906416570,19330625,sA-eth3,up,577906239520,netem,50880692,39382,0,0,0,0,0,48537380,9000,0,48918824,9656,0
1604,577924436400,577926489017,19973077,sA-eth3,up,577926308767,netem,50880692,39382,0,0,0,0,0,48537380,9000,0,48918824,9656,0
1605,577944434106,577946465974,19997706,sA-eth3,up,577946258584,netem,50880692,39382,0,0,0,0,0,48537380,9000,0,48918824,9656,0
1606,577964432234,577966421202,19998128,sA-eth3,up,577966217631,netem,50880692,39382,0,0,0,0,0,48537380,9000,0,48918824,9656,0
1607,577984417220,577986414388,19984986,sA-eth3,up,577986237467,netem,50880692,39382,0,0,0,0,0,48537380,9000,0,48918824,9656,0
1608,578004435378,578006553696,20018158,sA-eth3,up,578006374465,netem,50880692,39382,0,0,0,0,0,48537380,9000,0,48918824,9656,0
1609,578024443135,578026452562,20007757,sA-eth3,up,578026247652,netem,50880692,39382,0,0,0,0,0,48537380,9000,0,48918824,9656,0
1610,578044435552,578046582440,19992417,sA-eth3,up,578046362029,netem,50881226,39389,0,0,0,0,0,48574108,9008,0,48919358,9663,0
1611,578064437879,578068733595,20002327,sA-eth3,up,578068462724,netem,50881920,39398,0,0,0,78,1,48634136,9018,0,48920130,9673,0
1612,578084459175,578086634473,20021296,sA-eth3,up,578086439713,netem,50882750,39409,0,0,0,0,0,48698706,9031,0,48920882,9683,0
1613,578104437862,578106567371,19978687,sA-eth3,up,578106325450,netem,50883476,39420,0,0,0,66,1,48771766,9041,0,48921674,9695,0
1614,578124442629,578128103043,20004767,sA-eth3,up,578127897512,netem,50884040,39428,0,0,0,78,1,48837520,9050,0,48922250,9703,0
1615,578144439508,578146452796,19996879,sA-eth3,up,578146273036,netem,50884204,39430,0,0,0,0,0,48837520,9050,0,48922336,9704,0
1616,578165078290,578167409949,20638782,sA-eth3,up,578167163658,netem,50884204,39430,0,0,0,0,0,48837520,9050,0,48922336,9704,0
1617,578184449837,578186437975,19371547,sA-eth3,up,578186254144,netem,50884204,39430,0,0,0,0,0,48837520,9050,0,48922336,9704,0
1618,578204430976,578206277754,19981139,sA-eth3,up,578206104323,netem,50884204,39430,0,0,0,0,0,48837520,9050,0,48922336,9704,0
1619,578224440646,578226268733,20009670,sA-eth3,up,578226096363,netem,50884204,39430,0,0,0,0,0,48837520,9050,0,48922336,9704,0
1620,578244436666,578246300843,19996020,sA-eth3,up,578246124262,netem,50884204,39430,0,0,0,0,0,48837520,9050,0,48922336,9704,0
1621,578264438915,578266334742,20002249,sA-eth3,up,578266158282,netem,50884204,39430,0,0,0,0,0,48837520,9050,0,48922336,9704,0
1622,578284437964,578286266901,19999049,sA-eth3,up,578286092541,netem,50884204,39430,0,0,0,0,0,48837520,9050,0,48922336,9704,0
1623,578304480204,578307071235,20042240,sA-eth3,up,578306818993,netem,50884204,39430,0,0,0,0,0,48837520,9050,0,48922336,9704,0
1624,578324449084,578326547872,19968880,sA-eth3,up,578326364131,netem,50884204,39430,0,0,0,0,0,48837520,9050,0,48922336,9704,0
1625,578344456333,578346429781,20007249,sA-eth3,up,578346246150,netem,50884290,39431,0,0,0,86,1,48844892,9052,0,48922422,9705,0
1626,578364444033,578366407161,19987700,sA-eth3,up,578366212789,netem,50884376,39432,0,0,0,0,0,48844892,9052,0,48922508,9706,0
1627,578384443532,578386303299,19999499,sA-eth3,up,578386127628,netem,50884376,39432,0,0,0,0,0,48844892,9052,0,48922508,9706,0
1628,578404443382,578406457969,19999850,sA-eth3,up,578406250818,netem,50884376,39432,0,0,0,0,0,48844892,9052,0,48922508,9706,0
1629,578425039163,578427349522,20595781,sA-eth3,up,578427158491,netem,50884376,39432,0,0,0,0,0,48844892,9052,0,48922508,9706,0
1630,578444443240,578447314841,19404077,sA-eth3,up,578447132411,netem,50884376,39432,0,0,0,0,0,48844892,9052,0,48922508,9706,0
1631,578464442180,578466553258,19998940,sA-eth3,up,578466302588,netem,50884376,39432,0,0,0,0,0,48844892,9052,0,48922508,9706,0
1632,578484441609,578486457037,19999429,sA-eth3,up,578486265237,netem,50884376,39432,0,0,0,0,0,48844892,9052,0,48922508,9706,0
1633,578504448758,578506454296,20007149,sA-eth3,up,578506267116,netem,50884376,39432,0,0,0,0,0,48844892,9052,0,48922508,9706,0
1634,578524440768,578526822968,19992010,sA-eth3,up,578526577557,netem,50884376,39432,0,0,0,0,0,48844892,9052,0,48922508,9706,0
1635,578544456527,578546453836,20015759,sA-eth3,up,578546258425,netem,50884376,39432,0,0,0,0,0,48844892,9052,0,48922508,9706,0
1636,578566034403,578568150412,21577876,sA-eth3,up,578567893330,netem,50884376,39432,0,0,0,0,0,48844892,9052,0,48922508,9706,0
1637,578584439747,578586395194,18405344,sA-eth3,up,578586212063,netem,50884376,39432,0,0,0,0,0,48844892,9052,0,48922508,9706,0
1638,578604434546,578606321003,19994799,sA-eth3,up,578606142943,netem,50884376,39432,0,0,0,0,0,48844892,9052,0,48922508,9706,0
1639,578624438106,578626285713,20003560,sA-eth3,up,578626102303,netem,50884376,39432,0,0,0,0,0,48844892,9052,0,48922508,9706,0
1640,578644442505,578647312576,20004399,sA-eth3,up,578647128515,netem,50884376,39432,0,0,0,0,0,48844892,9052,0,48922508,9706,0
1641,578664445665,578666845804,20003160,sA-eth3,up,578666550953,netem,50884376,39432,0,0,0,0,0,48844892,9052,0,48922508,9706,0
1642,578684455624,578686471681,20009959,sA-eth3,up,578686288111,netem,50884376,39432,0,0,0,0,0,48844892,9052,0,48922508,9706,0
1643,578704441814,578706304641,19986190,sA-eth3,up,578706125929,netem,50884376,39432,0,0,0,0,0,48844892,9052,0,48922508,9706,0
1644,578727033863,578729492363,22592049,sA-eth3,up,578729244432,netem,50884376,39432,0,0,0,0,0,48844892,9052,0,48922508,9706,0
1645,578744448722,578746386519,17414859,sA-eth3,up,578746201079,netem,50884376,39432,0,0,0,0,0,48844892,9052,0,48922508,9706,0
1646,578764444421,578766374259,19995699,sA-eth3,up,578766192208,netem,50884376,39432,0,0,0,0,0,48844892,9052,0,48922508,9706,0
1647,578784438841,578786318848,19994420,sA-eth3,up,578786123448,netem,50884376,39432,0,0,0,0,0,48844892,9052,0,48922508,9706,0
1648,578805034113,578807311771,20595272,sA-eth3,up,578807068511,netem,50884376,39432,0,0,0,0,0,48844892,9052,0,48922508,9706,0
1649,578825038922,578827601132,20004809,sA-eth3,up,578827289601,netem,50884376,39432,0,0,0,0,0,48844892,9052,0,48922508,9706,0
1650,578844452319,578846743699,19413397,sA-eth3,up,578846558998,netem,50884376,39432,0,0,0,0,0,48844892,9052,0,48922508,9706,0
1651,578864440419,578866340956,19988100,sA-eth3,up,578866160236,netem,50884376,39432,0,0,0,0,0,48844892,9052,0,48922508,9706,0
1652,578884447009,578886379686,20006590,sA-eth3,up,578886195776,netem,50884376,39432,0,0,0,0,0,48844892,9052,0,48922508,9706,0
1653,578904438408,578906494446,19991399,sA-eth3,up,578906309885,netem,50884376,39432,0,0,0,0,0,48844892,9052,0,48922508,9706,0
1654,578924444648,578926553475,20006240,sA-eth3,up,578926345265,netem,50884376,39432,0,0,0,0,0,48844892,9052,0,48922508,9706,0
1655,578944451437,578946540575,20006789,sA-eth3,up,578946300884,netem,50884376,39432,0,0,0,0,0,48844892,9052,0,48922508,9706,0
1656,578964442607,578966489974,19991170,sA-eth3,up,578966302944,netem,50884376,39432,0,0,0,0,0,48844892,9052,0,48922508,9706,0
1657,578985040779,578987489038,20598172,sA-eth3,up,578987237047,netem,50885126,39441,0,0,0,86,1,48883332,9064,0,48923258,9715,0
1658,579004452426,579006678265,19411647,sA-eth3,up,579006469333,netem,50885754,39449,0,0,0,0,0,48903934,9069,0,48923886,9723,0
1659,579024457445,579027230106,20005019,sA-eth3,up,579026945465,netem,50886218,39455,0,0,0,0,0,48969754,9079,0,48924350,9729,0
1660,579046044851,579048900042,21587406,sA-eth3,up,579048597210,netem,50886682,39461,0,0,0,78,1,49028202,9087,0,48924814,9735,0
1661,579064446253,579066941874,18401402,sA-eth3,up,579066696362,netem,50887270,39469,0,0,0,78,1,49077896,9094,0,48925402,9743,0
1662,579084454713,579089107862,20008460,sA-eth3,up,579088878711,netem,50887910,39477,0,0,0,94,1,49130552,9102,0,48926042,9751,0
1663,579104434752,579106496331,19980039,sA-eth3,up,579106311050,netem,50888538,39485,0,0,0,78,1,49186104,9110,0,48926670,9759,0
1664,579124439222,579127107223,20004470,sA-eth3,up,579126876492,netem,50889270,39495,0,0,0,0,0,49237510,9121,0,48927402,9769,0
1665,579144456833,579146822923,20017611,sA-eth3,up,579146607982,netem,50889702,39501,0,0,0,0,0,49266800,9126,0,48927834,9775,0
1666,579166704875,579171483954,22248042,sA-eth3,up,579171239643,netem,50890322,39509,0,0,0,0,0,49307872,9134,0,48928454,9783,0
1667,579184450688,579187116029,17745813,sA-eth3,up,579186828237,netem,50890836,39516,0,0,0,66,1,49343086,9141,0,48929034,9791,0
1668,579204436629,579206345198,19985941,sA-eth3,up,579206167806,netem,50890980,39518,0,0,0,0,0,49348944,9142,0,48929112,9792,0
1669,579224442232,579227314743,20005603,sA-eth3,up,579227134683,netem,50890980,39518,0,0,0,0,0,49348944,9142,0,48929112,9792,0
1670,579244462873,579246942124,20020641,sA-eth3,up,579246727812,netem,50890980,39518,0,0,0,0,0,49348944,9142,0,48929112,9792,0
1671,579264452905,579266534133,19990032,sA-eth3,up,579266316393,netem,50890980,39518,0,0,0,0,0,49348944,9142,0,48929112,9792,0
1672,579284437957,579286519856,19985052,sA-eth3,up,579286314494,netem,50890980,39518,0,0,0,0,0,49348944,9142,0,48929112,9792,0
1673,579304438249,579306721369,20000292,sA-eth3,up,579306476387,netem,50890980,39518,0,0,0,0,0,49348944,9142,0,48929112,9792,0
1674,579324468801,579326857411,20030552,sA-eth3,up,579326661830,netem,50890980,39518,0,0,0,0,0,49348944,9142,0,48929112,9792,0
1675,579345370397,579347658797,20901596,sA-eth3,up,579347446255,netem,50890980,39518,0,0,0,0,0,49348944,9142,0,48929112,9792,0
1676,579364448716,579366416554,19078319,sA-eth3,up,579366230572,netem,51093946,39653,0,0,0,34822,3,49349604,9152,0,49124158,9807,0
1677,579384440197,579386813507,19991481,sA-eth3,up,579386596786,netem,51346784,39820,0,0,0,54504,4,49350462,9165,0,49367162,9825,0
1678,579404477049,579407412322,20036852,sA-eth3,up,579407126291,netem,51589024,39980,0,0,0,87890,6,49352636,9176,0,49616024,9844,0
1679,579424462311,579426864311,19985262,sA-eth3,up,579426671690,netem,51843626,40151,0,0,0,68130,5,49356456,9190,0,49844600,9862,0
1680,579444977045,579446976934,20514734,sA-eth3,up,579446775942,netem,52101162,40323,0,0,0,84784,5,49363172,9204,0,50092170,9883,0
1681,579464440875,579466397183,19463830,sA-eth3,up,579466210933,netem,52338860,40480,0,0,0,83270,6,49363832,9214,0,50320628,9900,0
1682,579484442977,579486295985,20002102,sA-eth3,up,579486109364,netem,52578072,40638,0,0,0,93868,6,49364624,9226,0,50569424,9918,0
1683,579504442989,579506331457,20000012,sA-eth3,up,579506144906,netem,52832424,40806,0,0,0,118092,8,49365218,9235,0,50810980,9936,0
1684,579524432961,579526325838,19989972,sA-eth3,up,579526147648,netem,53084262,40973,0,0,0,0,0,49366076,9248,0,51036924,9952,0
1685,579544435523,579546268650,20002562,sA-eth3,up,579546095440,netem,53084262,40973,0,0,0,0,0,49366076,9248,0,51036924,9952,0
1686,579564434594,579566255943,19999071,sA-eth3,up,579566085231,netem,53084776,40974,0,0,0,0,0,49366154,9249,0,51037438,9953,0
1687,579584440756,579586286514,20006162,sA-eth3,up,579586112863,netem,53084776,40974,0,0,0,0,0,49366154,9249,0,51037438,9953,0
1688,579604440319,579606386806,19999563,sA-eth3,up,579606207777,netem,53084776,40974,0,0,0,0,0,49366154,9249,0,51037438,9953,0
1689,579625033533,579627391702,20593214,sA-eth3,up,579627143851,netem,53084776,40974,0,0,0,0,0,49366154,9249,0,51037438,9953,0
1690,579644449373,579646732962,19415840,sA-eth3,up,579646488771,netem,53084776,40974,0,0,0,66,1,49367668,9250,0,51037504,9954,0
1691,579664464075,579666533183,20014702,sA-eth3,up,579666336042,netem,53085118,40979,0,0,0,0,0,49382412,9254,0,51037780,9958,0
1692,579684447867,579686363835,19983792,sA-eth3,up,579686181453,netem,53085118,40979,0,0,0,0,0,49382412,9254,0,51037780,9958,0
1693,579704435608,579706283516,19987741,sA-eth3,up,579706107695,netem,53085118,40979,0,0,0,0,0,49382412,9254,0,51037780,9958,0
1694,579724437820,579726306908,20002212,sA-eth3,up,579726131837,netem,53085118,40979,0,0,0,0,0,49382412,9254,0,51037780,9958,0
1695,579744443163,579746326420,20005343,sA-eth3,up,579746147470,netem,53085118,40979,0,0,0,0,0,49382412,9254,0,51037780,9958,0
1696,579764446554,579766454313,20003391,sA-eth3,up,579766260242,netem,53085118,40979,0,0,0,0,0,49382412,9254,0,51037780,9958,0
1697,579784444027,579786502244,19997473,sA-eth3,up,579786302444,netem,53085118,40979,0,0,0,0,0,49382412,9254,0,51037780,9958,0
1698,579804445518,579806530207,20001491,sA-eth3,up,579806327695,netem,53085118,40979,0,0,0,0,0,49382412,9254,0,51037780,9958,0
1699,579824440151,579826652289,19994633,sA-eth3,up,579826447789,netem,53085118,40979,0,0,0,0,0,49382412,9254,0,51037780,9958,0
1700,579844443802,579846534461,20003651,sA-eth3,up,579846287949,netem,53085118,40979,0,0,0,0,0,49382412,9254,0,51037780,9958,0
1701,579864454304,579866831694,20010502,sA-eth3,up,579866631823,netem,53085118,40979,0,0,0,0,0,49382412,9254,0,51037780,9958,0
1702,579884469216,579886550485,20014912,sA-eth3,up,579886317593,netem,53085670,40987,0,0,0,0,0,49422102,9263,0,51038332,9966,0
1703,579904441678,579906297056,19972462,sA-eth3,up,579906118305,netem,53086324,40996,0,0,0,66,1,49470546,9273,0,51038986,9975,0
1704,579924445100,579926372708,20003422,sA-eth3,up,579926190317,netem,53086876,41004,0,0,0,0,0,49511552,9280,0,51039538,9983,0
1705,579944447762,579946442250,20002662,sA-eth3,up,579946249830,netem,53087518,41013,0,0,0,66,1,49565788,9290,0,51040246,9993,0
1706,579964441304,579966332492,19993542,sA-eth3,up,579966157120,netem,53088136,41022,0,0,0,66,1,49614166,9299,0,51040798,10001,0
1707,579984433406,579986268154,19992102,sA-eth3,up,579986094833,netem,53088766,41031,0,0,0,0,0,49674128,9308,0,51041428,10010,0
1708,580004441138,580006471176,20007732,sA-eth3,up,580006291376,netem,53089374,41039,0,0,0,66,1,49731194,9317,0,51042102,10019,0
1709,580024447190,580026361567,20006052,sA-eth3,up,580026183348,netem,53090070,41049,0,0,0,66,1,49799844,9326,0,51042732,10028,0
1710,580044439281,580046306300,19992091,sA-eth3,up,580046121488,netem,53090958,41061,0,0,0,0,0,49881724,9338,0,51043620,10040,0
1711,580064440144,580066336982,20000863,sA-eth3,up,580066161991,netem,53091906,41073,0,0,0,0,0,49953402,9349,0,51044568,10052,0
1712,580084442056,580086410464,20001912,sA-eth3,up,580086209203,netem,53092704,41082,0,0,0,86,1,50012114,9361,0,51045366,10061,0
1713,580104444558,580106416926,20002502,sA-eth3,up,580106234155,netem,53093800,41096,0,0,0,66,1,50109988,9374,0,51046462,10075,0
1714,580124440440,580126338787,19995882,sA-eth3,up,580126161747,netem,53094796,41110,0,0,0,66,1,50210824,9388,0,51047458,10089,0
1715,580144437933,580146325112,19997493,sA-eth3,up,580146131690,netem,53095498,41119,0,0,0,0,0,50280922,9397,0,51048160,10098,0
1716,580164439178,580166343216,20001245,sA-eth3,up,580166165295,netem,53096418,41131,0,0,0,78,1,50359906,9409,0,51049158,10111,0
1717,580184441633,580187308545,20002455,sA-eth3,up,580187126733,netem,53097072,41140,0,0,0,0,0,50425660,9418,0,51049734,10119,0
1718,580204442647,580206343114,20001014,sA-eth3,up,580206159354,netem,53097768,41150,0,0,0,66,1,50491414,9427,0,51050430,10129,0
1719,580224439002,580226314909,19996355,sA-eth3,up,580226131988,netem,53098364,41158,0,0,0,0,0,50549862,9435,0,51051026,10137,0
1720,580244440416,580246481234,20001414,sA-eth3,up,580246230093,netem,53098940,41166,0,0,0,0,0,50608310,9443,0,51051602,10145,0
1721,580265039613,580267516413,20599197,sA-eth3,up,580267267872,netem,53099672,41176,0,0,0,66,1,50688676,9454,0,51052334,10155,0
1722,580284448384,580286349442,19408771,sA-eth3,up,580286165291,netem,53100392,41186,0,0,0,0,0,50754430,9463,0,51053054,10165,0
1723,580304438619,580306290696,19990235,sA-eth3,up,580306115516,netem,53101220,41198,0,0,0,0,0,50849408,9476,0,51053882,10177,0
1724,580324435813,580326272331,19997194,sA-eth3,up,580326096550,netem,53101672,41204,0,0,0,0,0,50885938,9481,0,51054334,10183,0
1725,580344474888,580346985708,20039075,sA-eth3,up,580346752337,netem,53102264,41212,0,0,0,66,1,50951692,9490,0,51054992,10192,0
1726,580364465252,580366507321,19990364,sA-eth3,up,580366308630,netem,53102474,41215,0,0,0,78,1,50954664,9492,0,51055136,10194,0
1727,580384456327,580386632466,19991075,sA-eth3,up,580386434675,netem,53102552,41216,0,0,0,0,0,50954664,9492,0,51055214,10195,0
1728,580404442341,580406399929,19986014,sA-eth3,up,580406223129,netem,53102552,41216,0,0,0,0,0,50954664,9492,0,51055214,10195,0
1729,580425041948,580427418348,20599607,sA-eth3,up,580427173677,netem,53102552,41216,0,0,0,0,0,50954664,9492,0,51055214,10195,0
1730,580444468260,580446882901,19426312,sA-eth3,up,580446684889,netem,53102552,41216,0,0,0,0,0,50954664,9492,0,51055214,10195,0
1731,580464445224,580466518444,19976964,sA-eth3,up,580466294592,netem,53102552,41216,0,0,0,0,0,50954664,9492,0,51055214,10195,0
1732,580484449168,580486451988,20003944,sA-eth3,up,580486258796,netem,53102552,41216,0,0,0,0,0,50954664,9492,0,51055214,10195,0
1733,580504436683,580506340521,19987515,sA-eth3,up,580506160540,netem,53102552,41216,0,0,0,0,0,50954664,9492,0,51055214,10195,0
1734,580524436998,580526384016,20000315,sA-eth3,up,580526203795,netem,53102552,41216,0,0,0,0,0,50954664,9492,0,51055214,10195,0
1735,580544439442,580546307440,20002444,sA-eth3,up,580546129839,netem,53102552,41216,0,0,0,0,0,50954664,9492,0,51055214,10195,0
1736,580564437666,580566291825,19998224,sA-eth3,up,580566117383,netem,53102552,41216,0,0,0,0,0,50954664,9492,0,51055214,10195,0
1737,580584476562,580586920601,20038896,sA-eth3,up,580586692440,netem,53102552,41216,0,0,0,0,0,50954664,9492,0,51055214,10195,0
1738,580604465786,580606604905,19989224,sA-eth3,up,580606398414,netem,53102552,41216,0,0,0,0,0,50954664,9492,0,51055214,10195,0
1739,580624442480,580626378708,19976694,sA-eth3,up,580626196068,netem,53102552,41216,0,0,0,0,0,50954664,9492,0,51055214,10195,0
1740,580644431095,580646307782,19988615,sA-eth3,up,580646126291,netem,53102552,41216,0,0,0,0,0,50954664,9492,0,51055214,10195,0
1741,580664439458,580666321827,20008363,sA-eth3,up,580666146396,netem,53102552,41216,0,0,0,0,0,50954664,9492,0,51055214,10195,0
1742,580684439343,580686378941,19999885,sA-eth3,up,580686196810,netem,53102552,41216,0,0,0,0,0,50954664,9492,0,51055214,10195,0
1743,580704441807,580706380956,20002464,sA-eth3,up,580706199635,netem,53102552,41216,0,0,0,0,0,50954664,9492,0,51055214,10195,0
1744,580724437502,580726379950,19995695,sA-eth3,up,580726198029,netem,53102552,41216,0,0,0,0,0,50954664,9492,0,51055214,10195,0
1745,580744442277,580746574366,20004775,sA-eth3,up,580746378015,netem,53102552,41216,0,0,0,0,0,50954664,9492,0,51055214,10195,0
1746,580764448201,580766523790,20005924,sA-eth3,up,580766328659,netem,53102552,41216,0,0,0,0,0,50954664,9492,0,51055214,10195,0
1747,580784443425,580786455504,19995224,sA-eth3,up,580786269934,netem,53102552,41216,0,0,0,0,0,50954664,9492,0,51055214,10195,0
1748,580804437510,580806402678,19994085,sA-eth3,up,580806216317,netem,53102552,41216,0,0,0,0,0,50954664,9492,0,51055214,10195,0
1749,580824449615,580826941485,20012105,sA-eth3,up,580826743894,netem,53102552,41216,0,0,0,0,0,50954664,9492,0,51055214,10195,0
1750,580844453719,580846766429,20004104,sA-eth3,up,580846518348,netem,53102552,41216,0,0,0,0,0,50954664,9492,0,51055214,10195,0
1751,580864469853,580866763413,20016134,sA-eth3,up,580866563261,netem,53102552,41216,0,0,0,0,0,50954664,9492,0,51055214,10195,0
1752,580884438197,580886554926,19968344,sA-eth3,up,580886377006,netem,53102552,41216,0,0,0,0,0,50954664,9492,0,51055214,10195,0
1753,580904440392,580906672061,20002195,sA-eth3,up,580906494670,netem,53102552,41216,0,0,0,0,0,50954664,9492,0,51055214,10195,0
1754,580924477616,580926815506,20037224,sA-eth3,up,580926598126,netem,53102552,41216,0,0,0,0,0,50954664,9492,0,51055214,10195,0
1755,580944474011,580946839911,19996395,sA-eth3,up,580946591540,netem,53102552,41216,0,0,0,0,0,50954664,9492,0,51055214,10195,0
1756,580964443446,580966539504,19969435,sA-eth3,up,580966321834,netem,53102552,41216,0,0,0,0,0,50954664,9492,0,51055214,10195,0
1757,580984439920,580986475198,19996474,sA-eth3,up,580986295748,netem,53102552,41216,0,0,0,0,0,50954664,9492,0,51055214,10195,0
1758,581008045890,581010678931,23605970,sA-eth3,up,581010467210,netem,53102696,41218,0,0,0,0,0,50959140,9494,0,51055358,10197,0
1759,581024440299,581026589578,16394409,sA-eth3,up,581026391456,netem,53102696,41218,0,0,0,0,0,50959140,9494,0,51055358,10197,0
1760,581044445653,581046757133,20005354,sA-eth3,up,581046513002,netem,53102696,41218,0,0,0,0,0,50959140,9494,0,51055358,10197,0
1761,581064526468,581066930078,20080815,sA-eth3,up,581066710697,netem,53102696,41218,0,0,0,0,0,50959140,9494,0,51055358,10197,0
1762,581084461612,581086718122,19935144,sA-eth3,up,581086507731,netem,53102696,41218,0,0,0,0,0,50959140,9494,0,51055358,10197,0
1763,581104447926,581106386135,19986314,sA-eth3,up,581106196644,netem,53102696,41218,0,0,0,0,0,50959140,9494,0,51055358,10197,0
1764,581124442830,581126344399,19994904,sA-eth3,up,581126165398,netem,53102696,41218,0,0,0,0,0,50959140,9494,0,51055358,10197,0
1765,581144438267,581146310096,19995437,sA-eth3,up,581146134834,netem,53102696,41218,0,0,0,0,0,50959140,9494,0,51055358,10197,0
1766,581164432523,581166288731,19994256,sA-eth3,up,581166113272,netem,53102696,41218,0,0,0,0,0,50959140,9494,0,51055358,10197,0
1767,581184449400,581186351639,20016877,sA-eth3,up,581186174679,netem,53102696,41218,0,0,0,0,0,50959140,9494,0,51055358,10197,0
1768,581204452798,581207345790,20003398,sA-eth3,up,581207150249,netem,53103224,41226,0,0,0,66,1,51022088,9504,0,51055952,10206,0
1769,581224447904,581226642854,19995106,sA-eth3,up,581226454014,netem,53104120,41238,0,0,0,0,0,51098110,9515,0,51056782,10217,0
1770,581244448572,581246415790,20000668,sA-eth3,up,581246227740,netem,53104912,41248,0,0,0,0,0,51200262,9527,0,51057574,10227,0
1771,581264449908,581266472227,20001336,sA-eth3,up,581266278097,netem,53105766,41259,0,0,0,0,0,51287802,9537,0,51058428,10238,0
1772,581284447555,581286566814,19997647,sA-eth3,up,581286368784,netem,53106480,41268,0,0,0,86,1,51398576,9548,0,51059228,10248,0
1773,581304445562,581306389900,19998007,sA-eth3,up,581306200010,netem,53107524,41282,0,0,0,78,1,51522514,9561,0,51060186,10261,0
1774,581324446989,581326447598,20001427,sA-eth3,up,581326260497,netem,53108378,41293,0,0,0,0,0,51607092,9570,0,51061040,10272,0
1775,581345035979,581347387849,20588990,sA-eth3,up,581347145858,netem,53109332,41306,0,0,0,66,1,51751368,9584,0,51062060,10286,0
1776,581364449963,581366432171,19413984,sA-eth3,up,581366246871,netem,53110342,41319,0,0,0,66,1,51878334,9599,0,51063004,10298,0
1777,581384444319,581386931480,19994356,sA-eth3,up,581386745350,netem,53178148,41378,0,0,0,34966,5,51996876,9618,0,51128170,10317,0
1778,581404445806,581406974388,20001487,sA-eth3,up,581406717816,netem,53428690,41553,0,0,0,40878,3,52074940,9638,0,51368944,10344,0
1779,581424450954,581426397712,20005148,sA-eth3,up,581426210431,netem,53674766,41725,0,0,0,50094,5,52180582,9659,0,51605516,10372,0
1780,581444445870,581446389519,19994916,sA-eth3,up,581446209688,netem,53920832,41898,0,0,0,77358,7,52287738,9681,0,51842012,10400,0
1781,581464441678,581467331990,19995808,sA-eth3,up,581467152789,netem,54169992,42074,0,0,0,101636,10,52403648,9704,0,52097596,10432,0
1782,581484439494,581486411562,19997816,sA-eth3,up,581486233382,netem,54426658,42253,0,0,0,101438,7,52471510,9723,0,52328236,10458,0
1783,581504449201,581506422780,20009707,sA-eth3,up,581506238219,netem,54664812,42416,0,0,0,103194,10,52561158,9743,0,52557150,10481,0
1784,581524442238,581526364586,19993037,sA-eth3,up,581526171805,netem,54921350,42593,0,0,0,118350,11,52618620,9758,0,52803722,10507,0
1785,581544447725,581546354803,20005487,sA-eth3,up,581546175542,netem,55168812,42764,0,0,0,110830,12,52702476,9778,0,53050388,10534,0
1786,581564433241,581566690442,19985516,sA-eth3,up,581566472871,netem,55311446,42875,0,0,0,66,1,52810948,9798,0,53178638,10559,0
1787,581584445319,581586901619,20012078,sA-eth3,up,581586673798,netem,55312656,42886,0,0,0,78,1,52907176,9808,0,53179848,10570,0
1788,581604451035,581607393398,20005716,sA-eth3,up,581607158138,netem,55313478,42897,0,0,0,0,0,52997612,9818,0,53180670,10581,0
1789,581624450432,581626813443,19999397,sA-eth3,up,581626567952,netem,55314356,42908,0,0,0,66,1,53093972,9830,0,53181614,10593,0
1790,581644447479,581646652299,19997047,sA-eth3,up,581646460908,netem,55315214,42919,0,0,0,0,0,53184408,9840,0,53182406,10603,0
1791,581664441246,581667513260,19993767,sA-eth3,up,581667210578,netem,55315970,42929,0,0,0,66,1,53290838,9851,0,53183162,10613,0
1792,581684453022,581686861113,20011776,sA-eth3,up,581686617763,netem,55316036,42930,0,0,0,0,0,53346258,9857,0,53183228,10614,0
1793,581704454980,581706674920,20001958,sA-eth3,up,581706469939,netem,55316564,42938,0,0,0,66,1,53432284,9866,0,53183822,10623,0
1794,581724784938,581727185459,20329958,sA-eth3,up,581726906157,netem,55317416,42950,0,0,0,0,0,53522720,9876,0,53184608,10634,0
1795,581745038556,581747369167,20253618,sA-eth3,up,581747127515,netem,55318094,42959,0,0,0,0,0,53629150,9887,0,53185286,10643,0
1796,581764452121,581766387259,19413565,sA-eth3,up,581766209718,netem,55318934,42971,0,0,0,0,0,53719586,9897,0,53186126,10655,0
1797,581784449287,581786379576,19997166,sA-eth3,up,581786201115,netem,55319660,42982,0,0,0,0,0,53795608,9908,0,53186852,10666,0
1798,581804451275,581806320823,20001988,sA-eth3,up,581806145532,netem,55322096,42994,0,0,0,0,0,53858676,9920,0,53189288,10678,0
1799,581824442402,581826910222,19991127,sA-eth3,up,581826727132,netem,55322982,43005,0,0,0,86,1,53957998,9933,0,53190260,10690,0
1800,581844461878,581846660938,20019476,sA-eth3,up,581846393886,netem,55323716,43014,0,0,0,0,0,54026582,9941,0,53190908,10698,0
1801,581864445755,581866579275,19983877,sA-eth3,up,581866396053,netem,55324700,43028,0,0,0,0,0,54144794,9955,0,53191892,10712,0
1802,581884433892,581886693042,19988137,sA-eth3,up,581886455451,netem,55325356,43036,0,0,0,78,1,54197516,9964,0,53192548,10720,0
1803,581904434288,581906466858,20000396,sA-eth3,up,581906263146,netem,55326208,43048,0,0,0,66,1,54285188,9976,0,53193466,10733,0
1804,581924457256,581926485615,20022968,sA-eth3,up,581926307154,netem,55326916,43058,0,0,0,78,1,54358248,9986,0,53194108,10742,0
1805,581944420062,581946693503,19962806,sA-eth3,up,581946506601,netem,55327668,43068,0,0,0,0,0,54424002,9995,0,53194860,10752,0
1806,581964442869,581966949711,20022807,sA-eth3,up,581966671759,netem,55328296,43076,0,0,0,78,1,54489756,10004,0,53195566,10761,0
1807,581984447077,581986887067,20004208,sA-eth3,up,581986643486,netem,55328938,43085,0,0,0,66,1,54555510,10013,0,53196196,10770,0
1808,582007045815,582009549815,22598738,sA-eth3,up,582009305674,netem,55473648,43192,0,0,0,53056,5,54636404,10032,0,53343852,10790,0
1809,582024452030,582026590910,17406215,sA-eth3,up,582026404479,netem,55687674,43341,0,0,0,50126,5,54702950,10053,0,53556954,10815,0
1810,582044438717,582046330306,19986687,sA-eth3,up,582046150614,netem,55936376,43510,0,0,0,57532,4,54718288,10066,0,53791524,10836,0
1811,582064432484,582066293282,19993767,sA-eth3,up,582066117182,netem,56181974,43677,0,0,0,68286,7,54784834,10087,0,54031962,10859,0
1812,582085085514,582086926812,20653030,sA-eth3,up,582086749901,netem,56438662,43857,0,0,0,85018,9,54873496,10114,0,54278684,10888,0
1813,582105041760,582107685592,19956246,sA-eth3,up,582107406331,netem,56693806,44035,0,0,0,98652,10,54939976,10134,0,54525528,10918,0
1814,582124454985,582127099106,19413225,sA-eth3,up,582126856455,netem,56950436,44214,0,0,0,84956,8,55013762,10155,0,54754598,10943,0
1815,582146898854,582149476666,22443869,sA-eth3,up,582149236945,netem,57229874,44409,0,0,0,89626,11,55102358,10181,0,55023146,10973,0
1816,582164458462,582166682893,17559608,sA-eth3,up,582166469652,netem,57445482,44559,0,0,0,82590,10,55154292,10200,0,55230438,10997,0
1817,582184450822,582188334600,19992360,sA-eth3,up,582188138938,netem,57528688,44626,0,0,0,78,1,55215504,10214,0,55310566,11017,0
1818,582204444841,582206828241,19994019,sA-eth3,up,582206561250,netem,57530122,44639,0,0,0,78,1,55268370,10225,0,55311922,11029,0
1819,582224442130,582226757171,19997289,sA-eth3,up,582226499260,netem,57530794,44647,0,0,0,94,1,55299306,10233,0,55312516,11036,0
1820,582244435819,582246673759,19993689,sA-eth3,up,582246479479,netem,57531622,44657,0,0,0,66,1,55330374,10243,0,55313344,11046,0
1821,582264438709,582266525799,20002890,sA-eth3,up,582266318738,netem,57531844,44660,0,0,0,0,0,55342090,10245,0,55313566,11049,0
1822,582284438549,582286583908,19999840,sA-eth3,up,582286336827,netem,57531844,44660,0,0,0,0,0,55342090,10245,0,55313566,11049,0
1823,582304434148,582306466336,19995599,sA-eth3,up,582306289197,netem,57531844,44660,0,0,0,0,0,55342090,10245,0,55313566,11049,0
1824,582325319541,582327220349,20885393,sA-eth3,up,582327043739,netem,57531844,44660,0,0,0,0,0,55342090,10245,0,55313566,11049,0
1825,582344433426,582346384785,19113885,sA-eth3,up,582346205575,netem,57531844,44660,0,0,0,0,0,55342090,10245,0,55313566,11049,0
1826,582364442776,582366479135,20009350,sA-eth3,up,582366287694,netem,57531844,44660,0,0,0,0,0,55342090,10245,0,55313566,11049,0
1827,582384439666,582386679825,19996890,sA-eth3,up,582386466235,netem,57531844,44660,0,0,0,0,0,55342090,10245,0,55313566,11049,0
1828,582404445785,582406622525,20006119,sA-eth3,up,582406399213,netem,57531844,44660,0,0,0,0,0,55342090,10245,0,55313566,11049,0
1829,582424440633,582426580614,19994848,sA-eth3,up,582426386162,netem,57531844,44660,0,0,0,0,0,55342090,10245,0,55313566,11049,0
1830,582444439233,582446535883,19998600,sA-eth3,up,582446334211,netem,57531844,44660,0,0,0,0,0,55342090,10245,0,55313566,11049,0
1831,582464437212,582466520172,19997979,sA-eth3,up,582466310001,netem,57531922,44661,0,0,0,86,1,55345118,10247,0,55313730,11051,0
1832,582484434552,582486462361,19997340,sA-eth3,up,582486272010,netem,57532518,44669,0,0,0,0,0,55370196,10254,0,55314240,11058,0
1833,582504438732,582506436610,20004180,sA-eth3,up,582506242899,netem,57533060,44676,0,0,0,78,1,55411268,10262,0,55314782,11065,0
1834,582524450840,582526788210,20012108,sA-eth3,up,582526540020,netem,57533648,44684,0,0,0,0,0,55458132,10270,0,55315370,11073,0
1835,582544470570,582546640669,20019730,sA-eth3,up,582546432938,netem,57533978,44689,0,0,0,0,0,55483078,10275,0,55315700,11078,0
1836,582564439589,582567245702,19969019,sA-eth3,up,582567039561,netem,57638900,44764,0,0,0,48514,4,55524480,10288,0,55416464,11090,0
1837,582584439009,582586629668,19999420,sA-eth3,up,582586434488,netem,57874080,44926,0,0,0,51608,6,55554430,10303,0,55660044,11116,0
1838,582604442828,582606479307,20003819,sA-eth3,up,582606291266,netem,57930464,44968,0,0,0,78,1,55577862,10307,0,55696742,11123,0
1839,582624452257,582626553576,20009429,sA-eth3,up,582626359506,netem,57930962,44975,0,0,0,0,0,55610114,10313,0,55697240,11130,0
1840,582644441566,582646369915,19989309,sA-eth3,up,582646185645,netem,57931040,44976,0,0,0,0,0,55615972,10314,0,55697318,11131,0
1841,582664442636,582666478355,20001070,sA-eth3,up,582666261393,netem,57931040,44976,0,0,0,0,0,55615972,10314,0,55697318,11131,0
1842,582684441545,582686348164,19998909,sA-eth3,up,582686162813,netem,57931040,44976,0,0,0,0,0,55615972,10314,0,55697318,11131,0
1843,582704436075,582706449303,19994530,sA-eth3,up,582706265003,netem,57931040,44976,0,0,0,0,0,55615972,10314,0,55697318,11131,0
1844,582724440664,582726378122,20004589,sA-eth3,up,582726190802,netem,57931040,44976,0,0,0,0,0,55615972,10314,0,55697318,11131,0
1845,582744441213,582746791344,20000549,sA-eth3,up,582746548973,netem,57931040,44976,0,0,0,0,0,55615972,10314,0,55697318,11131,0
1846,582764450232,582766527591,20009019,sA-eth3,up,582766299821,netem,57931040,44976,0,0,0,0,0,55615972,10314,0,55697318,11131,0
1847,582784450042,582786667422,19999810,sA-eth3,up,582786472050,netem,57931040,44976,0,0,0,0,0,55615972,10314,0,55697318,11131,0
1848,582804440911,582806537911,19990869,sA-eth3,up,582806345689,netem,57931040,44976,0,0,0,0,0,55615972,10314,0,55697318,11131,0
1849,582824440220,582826386139,19999309,sA-eth3,up,582826207119,netem,58061244,45062,0,0,0,30280,2,55616380,10320,0,55822506,11141,0
1850,582844441600,582846445049,20001380,sA-eth3,up,582846264098,netem,58303484,45222,0,0,0,24302,3,55618158,10325,0,56067102,11161,0
1851,582864441619,582866494158,20000019,sA-eth3,up,582866307547,netem,58384290,45283,0,0,0,0,0,55638892,10332,0,56133144,11174,0
1852,582886033205,582888403256,21591586,sA-eth3,up,582888157365,netem,58486148,45356,0,0,0,37850,3,55671210,10339,0,56231042,11187,0
1853,582904466518,582907024400,18433313,sA-eth3,up,582906753467,netem,58713560,45510,0,0,0,0,0,55700500,10344,0,56449676,11208,0
1854,582924452837,582927345470,19986319,sA-eth3,up,582927153819,netem,58713926,45515,0,0,0,0,0,55725446,10349,0,56450042,11213,0
1855,582944448687,582946614626,19995850,sA-eth3,up,582946372255,netem,58715818,45521,0,0,0,0,0,55747562,10355,0,56452012,11220,0
1856,582964446376,582966437465,19997689,sA-eth3,up,582966254284,netem,58716406,45529,0,0,0,0,0,55779880,10362,0,56452522,11227,0
1857,582984444575,582986313214,19998199,sA-eth3,up,582986136612,netem,58716772,45534,0,0,0,0,0,55803312,10366,0,56452888,11232,0
1858,583004441294,583006314363,19996719,sA-eth3,up,583006140712,netem,58920002,45673,0,0,0,30346,3,55838526,10373,0,56648264,11252,0
1859,583024440174,583026474743,19998880,sA-eth3,up,583026275831,netem,59170232,45844,0,0,0,40956,4,55876112,10394,0,56888792,11276,0
1860,583044436563,583046520233,19996389,sA-eth3,up,583046336262,netem,59428056,46020,0,0,0,30346,3,55906392,10414,0,57136584,11300,0
1861,583064438463,583066317971,20001900,sA-eth3,up,583066139320,netem,59670650,46185,0,0,0,48514,4,55944044,10436,0,57369806,11323,0
1862,583084445652,583086306401,20007189,sA-eth3,up,583086129499,netem,59735172,46234,0,0,0,78,1,55972150,10445,0,57431832,11334,0
1863,583104438630,583106436920,19992978,sA-eth3,up,583106251069,netem,59735724,46242,0,0,0,0,0,56016118,10453,0,57432306,11341,0
1864,583124449640,583128377898,20011010,sA-eth3,up,583128171486,netem,59736330,46251,0,0,0,78,1,56079042,10463,0,57432990,11351,0
1865,583144450252,583146805212,20000612,sA-eth3,up,583146560820,netem,59736958,46259,0,0,0,86,1,56128802,10471,0,57433540,11358,0
1866,583164456743,583166646333,20006491,sA-eth3,up,583166439572,netem,59737648,46268,0,0,0,0,0,56174152,10478,0,57434230,11367,0
1867,583184466935,583186367303,20010192,sA-eth3,up,583186188663,netem,59738280,46276,0,0,0,78,1,56216738,10487,0,57434862,11375,0
1868,583204445337,583207319230,19978402,sA-eth3,up,583207131608,netem,59739090,46287,0,0,0,66,1,56294340,10500,0,57435738,11387,0
1869,583224441898,583226455207,19996561,sA-eth3,up,583226211197,netem,59739994,46299,0,0,0,0,0,56357330,10511,0,57436576,11398,0
1870,583244442590,583246336929,20000692,sA-eth3,up,583246161077,netem,59740892,46310,0,0,0,0,0,56418806,10521,0,57437474,11409,0
1871,583264436142,583266295010,19993552,sA-eth3,up,583266117950,netem,59741410,46317,0,0,0,66,1,56474358,10529,0,57438058,11417,0
1872,583284435613,583286662014,19999471,sA-eth3,up,583286481943,netem,59742106,46327,0,0,0,0,0,56540112,10538,0,57438688,11426,0
1873,583304476565,583306654816,20040952,sA-eth3,up,583306436904,netem,59742394,46331,0,0,0,0,0,56569336,10542,0,57438976,11430,0
1874,583324445716,583326836138,19969151,sA-eth3,up,583326592377,netem,59742802,46337,0,0,0,0,0,56627784,10550,0,57439384,11436,0
1875,583344449509,583346659299,20003793,sA-eth3,up,583346459128,netem,59743324,46344,0,0,0,0,0,56686232,10558,0,57439906,11443,0
1876,583364443311,583366488860,19993802,sA-eth3,up,583366298359,netem,59743924,46352,0,0,0,0,0,56744680,10566,0,57440506,11451,0
1877,583384441502,583386469231,19998191,sA-eth3,up,583386279770,netem,59744244,46356,0,0,0,66,1,56781210,10571,0,57440892,11456,0
1878,583404439274,583406537384,19997772,sA-eth3,up,583406311303,netem,59744820,46364,0,0,0,0,0,56825046,10577,0,57441402,11463,0
1879,583424452085,583426583415,20012811,sA-eth3,up,583426389565,netem,59745362,46371,0,0,0,0,0,56883494,10585,0,57441944,11470,0
1880,583444452028,583446582257,19999943,sA-eth3,up,583446388657,netem,59746004,46380,0,0,0,0,0,56941942,10593,0,57442586,11479,0
1881,583464440850,583466618809,19988822,sA-eth3,up,583466429048,netem,59746592,46388,0,0,0,0,0,57007696,10602,0,57443174,11487,0
1882,583484443591,583486434780,20002741,sA-eth3,up,583486248600,netem,59747222,46397,0,0,0,0,0,57066144,10610,0,57443804,11496,0
1883,583504443572,583506411962,19999981,sA-eth3,up,583506227761,netem,59747620,46402,0,0,0,78,1,57117286,10617,0,57444280,11502,0
1884,583524446364,583526351943,20002792,sA-eth3,up,583526178732,netem,59748316,46412,0,0,0,66,1,57190346,10627,0,57444964,11512,0
1885,583544438396,583546334455,19992032,sA-eth3,up,583546152794,netem,59748880,46420,0,0,0,0,0,57241488,10634,0,57445462,11519,0
1886,583564437168,583566291886,19998772,sA-eth3,up,583566117986,netem,59749320,46426,0,0,0,66,1,57292630,10641,0,57445968,11526,0
1887,583584463680,583586925131,20026512,sA-eth3,up,583586704150,netem,59749782,46433,0,0,0,0,0,57326736,10646,0,57446364,11532,0
1888,583604445621,583606462461,19981941,sA-eth3,up,583606220500,netem,59749782,46433,0,0,0,0,0,57326736,10646,0,57446364,11532,0
1889,583624445693,583626371182,20000072,sA-eth3,up,583626191221,netem,59749782,46433,0,0,0,0,0,57326736,10646,0,57446364,11532,0
1890,583644441035,583646335724,19995342,sA-eth3,up,583646147793,netem,59749782,46433,0,0,0,0,0,57326736,10646,0,57446364,11532,0
1891,583665034260,583667352330,20593225,sA-eth3,up,583667112608,netem,59749782,46433,0,0,0,0,0,57326736,10646,0,57446364,11532,0
1892,583684458398,583686468807,19424138,sA-eth3,up,583686286687,netem,59749782,46433,0,0,0,0,0,57326736,10646,0,57446364,11532,0
1893,583704478460,583706813372,20020062,sA-eth3,up,583706593560,netem,59749782,46433,0,0,0,0,0,57326736,10646,0,57446364,11532,0
1894,583724466742,583726560381,19988282,sA-eth3,up,583726363571,netem,59749782,46433,0,0,0,0,0,57326736,10646,0,57446364,11532,0
1895,583744442494,583746371212,19975752,sA-eth3,up,583746187871,netem,59749782,46433,0,0,0,0,0,57326736,10646,0,57446364,11532,0
1896,583764434035,583766974137,19991541,sA-eth3,up,583766632056,netem,59749782,46433,0,0,0,66,1,57334132,10648,0,57446430,11533,0
1897,583784456957,583786805488,20022922,sA-eth3,up,583786593807,netem,59750382,46441,0,0,0,0,0,57373690,10655,0,57446964,11540,0
1898,583804441258,583806631139,19984301,sA-eth3,up,583806446348,netem,59751182,46451,0,0,0,78,1,57436680,10666,0,57447764,11550,0
1899,583824422571,583826442310,19981313,sA-eth3,up,583826260189,netem,59752100,46464,0,0,0,0,0,57540346,10679,0,57448682,11563,0
1900,583844440803,583846831124,20018232,sA-eth3,up,583846622562,netem,59752796,46474,0,0,0,0,0,57623542,10689,0,57449378,11573,0
1901,583864440294,583866702324,19999491,sA-eth3,up,583866396083,netem,59753714,46487,0,0,0,0,0,57743136,10702,0,57450296,11586,0
1902,583884447805,583886662126,20007511,sA-eth3,up,583886478115,netem,59754590,46499,0,0,0,66,1,57865692,10716,0,57451172,11598,0
1903,583904439678,583906440377,19991873,sA-eth3,up,583906264066,netem,59755592,46512,0,0,0,0,0,57975018,10727,0,57452174,11611,0
1904,583924443949,583926480099,20004271,sA-eth3,up,583926282348,netem,59756506,46523,0,0,0,164,2,58091782,10741,0,57453252,11624,0
1905,583944383821,583949399734,19939872,sA-eth3,up,583949149172,netem,59824130,46579,0,0,0,34908,4,58192948,10760,0,57551660,11642,0
1906,583964464983,583967397017,20081162,sA-eth3,up,583967083665,netem,60081228,46764,0,0,0,51620,6,58310174,10781,0,57765204,11672,0
1907,583984443534,583986637115,19978551,sA-eth3,up,583986440433,netem,60320928,46928,0,0,0,68130,5,58356972,10788,0,57995664,11696,0
1908,584004449637,584006559906,20006103,sA-eth3,up,584006379576,netem,60542714,47083,0,0,0,68364,8,58427202,10799,0,58224942,11723,0
1909,584024437838,584026570308,19988201,sA-eth3,up,584026392297,netem,60799518,47263,0,0,0,85238,11,58542518,10813,0,58455774,11751,0
1910,584044480700,584046704110,20042862,sA-eth3,up,584046519360,netem,61055130,47445,0,0,0,103296,12,58683898,10827,0,58701486,11783,0
1911,584064444951,584066852312,19964251,sA-eth3,up,584066607512,netem,61295304,47614,0,0,0,136964,18,58812444,10844,0,58948500,11814,0
1912,584084465663,584086711874,20020712,sA-eth3,up,584086477272,netem,61552482,47799,0,0,0,135370,17,58932302,10861,0,59179698,11847,0
1913,584104443375,584106514924,19977712,sA-eth3,up,584106338004,netem,61791046,47967,0,0,0,167578,18,59000886,10869,0,59425188,11878,0
1914,584124448287,584127615102,20004912,sA-eth3,up,584127352701,netem,61959712,48096,0,0,0,0,0,59077370,10887,0,59571154,11905,0
1915,584144449851,584146970442,20001564,sA-eth3,up,584146710341,netem,61960418,48105,0,0,0,66,1,59153260,10896,0,59571860,11915,0
1916,584164457634,584166683355,20007783,sA-eth3,up,584166505143,netem,61961696,48116,0,0,0,0,0,59223502,10907,0,59573138,11925,0
1917,584184998801,584186902420,20541167,sA-eth3,up,584186726209,netem,61962344,48124,0,0,0,0,0,59267404,10914,0,59573786,11933,0
1918,584204444672,584206325561,19445871,sA-eth3,up,584206149880,netem,61963172,48134,0,0,0,78,1,59359486,10927,0,59574692,11944,0
1919,584224437887,584226318366,19993215,sA-eth3,up,584226143295,netem,61964024,48146,0,0,0,66,1,59447092,10938,0,59575466,11955,0
1920,584244439871,584246273529,20001984,sA-eth3,up,584246100369,netem,61964776,48156,0,0,0,0,0,59539042,10949,0,59576218,11965,0
1921,584264892347,584268986927,20452476,sA-eth3,up,584268798175,netem,61965532,48166,0,0,0,78,1,59639812,10962,0,59577118,11977,0
1922,584284888811,584287032711,19996464,sA-eth3,up,584286827900,netem,61965676,48168,0,0,0,0,0,59701090,10969,0,59577118,11977,0
1923,584305299847,584307827109,20411036,sA-eth3,up,584307573358,netem,61965820,48170,0,0,0,78,1,59727352,10972,0,59577340,11980,0
1924,584324437677,584328587087,19137830,sA-eth3,up,584328326436,netem,61966752,48182,0,0,0,78,1,59810812,10986,0,59578350,11993,0
1925,584344474562,584346532662,20036885,sA-eth3,up,584346345681,netem,61967736,48196,0,0,0,0,0,59898418,10997,0,59579178,12005,0
1926,584364971748,584369214798,20497186,sA-eth3,up,584369030837,netem,61968390,48205,0,0,0,78,1,59977204,11006,0,59579832,12014,0
1927,584385253644,584387806086,20281896,sA-eth3,up,584387562274,netem,61968788,48210,0,0,0,0,0,59999254,11011,0,59580230,12019,0
1928,584404464863,584409429808,19211219,sA-eth3,up,584409198636,netem,61969484,48220,0,0,0,0,0,60073828,11022,0,59581012,12030,0
1929,584424450558,584426598448,19985695,sA-eth3,up,584426387438,netem,61970284,48230,0,0,0,78,1,60141162,11033,0,59581726,12039,0
1930,584444447972,584446857894,19997414,sA-eth3,up,584446655282,netem,61971124,48242,0,0,0,66,1,60231730,11045,0,59582632,12052,0
1931,584464453986,584466980808,20006014,sA-eth3,up,584466697187,netem,61971968,48254,0,0,0,0,0,60332368,11056,0,59583410,12063,0
1932,584484422581,584487112523,19968595,sA-eth3,up,584486827891,netem,61973002,48267,0,0,0,0,0,60449198,11071,0,59584444,12076,0
1933,584504453124,584507649980,20030543,sA-eth3,up,584507435239,netem,61973980,48280,0,0,0,66,1,60554246,11083,0,59585422,12089,0
1934,584526121667,584528434838,21668543,sA-eth3,up,584528247766,netem,61974754,48291,0,0,0,66,1,60647710,11095,0,59586262,12101,0
1935,584544450033,584547177076,18328366,sA-eth3,up,584546896755,netem,61975450,48301,0,0,0,0,0,60730906,11105,0,59586892,12110,0
1936,584564443407,584566629257,19993374,sA-eth3,up,584566442927,netem,61976262,48311,0,0,0,78,1,60787972,11114,0,59587704,12121,0
1937,584584529272,584587411296,20085865,sA-eth3,up,584587221354,netem,61976882,48319,0,0,0,0,0,60862414,11123,0,59588324,12128,0
1938,584604724487,584606817087,20195215,sA-eth3,up,584606622635,netem,62082050,48397,0,0,0,48526,4,60932776,11136,0,59689334,12143,0
1939,584625037283,584627277342,20312796,sA-eth3,up,584627073922,netem,62335500,48572,0,0,0,62230,6,60994846,11155,0,59932950,12169,0
1940,584644466894,584647215876,19429611,sA-eth3,up,584646865935,netem,62587400,48746,0,0,0,71244,6,61061062,11171,0,60175016,12194,0
1941,584664510558,584666865750,20043664,sA-eth3,up,584666670328,netem,62830088,48912,0,0,0,87976,8,61123066,11189,0,60408332,12218,0
1942,584684433272,584686544802,19922714,sA-eth3,up,584686366132,netem,63068418,49077,0,0,0,119870,13,61198300,11210,0,60654930,12245,0
1943,584704444156,584706491696,20010884,sA-eth3,up,584706310165,netem,63327834,49255,0,0,0,116578,8,61216600,11224,0,60886740,12268,0
1944,584724448460,584726812902,20004304,sA-eth3,up,584726566960,netem,63580672,49422,0,0,0,119606,9,61217458,11237,0,61129744,12286,0
1945,584744441595,584746340233,19993135,sA-eth3,up,584746161573,netem,63824426,49583,0,0,0,130204,9,61218250,11249,0,61375644,12304,0
1946,584764435968,584766283857,19994373,sA-eth3,up,584766111136,netem,64074236,49748,0,0,0,98924,7,61218844,11258,0,61604102,12321,0
1947,584784438412,584786425821,20002444,sA-eth3,up,584786246891,netem,64173160,49814,0,0,0,0,0,61219108,11262,0,61699132,12328,0
1948,584804425287,584806428536,19986875,sA-eth3,up,584806210914,netem,64173674,49815,0,0,0,0,0,61219186,11263,0,61699646,12329,0
1949,584824433491,584826491700,20008204,sA-eth3,up,584826267120,netem,64173674,49815,0,0,0,0,0,61219186,11263,0,61699646,12329,0
1950,584844419805,584846404874,19986314,sA-eth3,up,584846229094,netem,64173674,49815,0,0,0,0,0,61219186,11263,0,61699646,12329,0
1951,584864435119,584866399598,20015314,sA-eth3,up,584866192407,netem,64173674,49815,0,0,0,0,0,61219186,11263,0,61699646,12329,0
1952,584884436983,584886469263,20001864,sA-eth3,up,584886288932,netem,64173674,49815,0,0,0,0,0,61219186,11263,0,61699646,12329,0
1953,584904438468,584906450787,20001485,sA-eth3,up,584906274006,netem,64173674,49815,0,0,0,0,0,61219186,11263,0,61699646,12329,0
1954,584924432301,584926384381,19993833,sA-eth3,up,584926209610,netem,64173674,49815,0,0,0,0,0,61219186,11263,0,61699646,12329,0
1955,584944439046,584946325294,20006745,sA-eth3,up,584946148104,netem,64173674,49815,0,0,0,0,0,61219186,11263,0,61699646,12329,0
1956,584965037323,584967413833,20598277,sA-eth3,up,584967163623,netem,64173674,49815,0,0,0,0,0,61219186,11263,0,61699646,12329,0
1957,584984440924,584986357464,19403601,sA-eth3,up,584986176352,netem,64173674,49815,0,0,0,0,0,61219186,11263,0,61699646,12329,0
1958,585004434678,585006276957,19993754,sA-eth3,up,585006100486,netem,64173674,49815,0,0,0,0,0,61219186,11263,0,61699646,12329,0
1959,585024435912,585026316541,20001234,sA-eth3,up,585026142090,netem,64173674,49815,0,0,0,0,0,61219186,11263,0,61699646,12329,0
1960,585047045489,585049444070,22609577,sA-eth3,up,585049198519,netem,64173674,49815,0,0,0,0,0,61219186,11263,0,61699646,12329,0
1961,585064447341,585066377690,17401852,sA-eth3,up,585066196639,netem,64173674,49815,0,0,0,0,0,61219186,11263,0,61699646,12329,0
1962,585084439515,585086319444,19992174,sA-eth3,up,585086140272,netem,64173674,49815,0,0,0,0,0,61219186,11263,0,61699646,12329,0
1963,585104437149,585106283477,19997634,sA-eth3,up,585106105407,netem,64173674,49815,0,0,0,0,0,61219186,11263,0,61699646,12329,0
1964,585124442443,585126326572,20005294,sA-eth3,up,585126146721,netem,64173674,49815,0,0,0,0,0,61219186,11263,0,61699646,12329,0
1965,585144435859,585146377828,19993416,sA-eth3,up,585146197628,netem,64173674,49815,0,0,0,0,0,61219186,11263,0,61699646,12329,0
1966,585164436056,585166353044,20000197,sA-eth3,up,585166178544,netem,64173674,49815,0,0,0,0,0,61219186,11263,0,61699646,12329,0
1967,585187035125,585189371645,22599069,sA-eth3,up,585189122994,netem,64173674,49815,0,0,0,0,0,61219186,11263,0,61699646,12329,0
1968,585204452588,585206449848,17417463,sA-eth3,up,585206268417,netem,64173674,49815,0,0,0,0,0,61219186,11263,0,61699646,12329,0
1969,585224436906,585226395404,19984318,sA-eth3,up,585226213664,netem,64173674,49815,0,0,0,0,0,61219186,11263,0,61699646,12329,0
1970,585244439131,585246334200,20002225,sA-eth3,up,585246153490,netem,64173674,49815,0,0,0,0,0,61219186,11263,0,61699646,12329,0
1971,585264437949,585266282877,19998818,sA-eth3,up,585266106806,netem,64173674,49815,0,0,0,0,0,61219186,11263,0,61699646,12329,0
1972,585284439794,585286350644,20001845,sA-eth3,up,585286170813,netem,64173674,49815,0,0,0,0,0,61219186,11263,0,61699646,12329,0
1973,585304441040,585306336810,20001246,sA-eth3,up,585306158650,netem,64173674,49815,0,0,0,0,0,61219186,11263,0,61699646,12329,0
1974,585324437047,585326304277,19996007,sA-eth3,up,585326128676,netem,64173674,49815,0,0,0,0,0,61219186,11263,0,61699646,12329,0
1975,585344433073,585346376423,19996026,sA-eth3,up,585346177602,netem,64173674,49815,0,0,0,0,0,61219186,11263,0,61699646,12329,0
1976,585364440930,585366321120,20007857,sA-eth3,up,585366143589,netem,64174534,49825,0,0,0,0,0,61267762,11275,0,61700506,12339,0
1977,585384445147,585386431157,20004217,sA-eth3,up,585386248425,netem,64175380,49836,0,0,0,78,1,61351024,11286,0,61701352,12350,0
1978,585404441453,585406363443,19996306,sA-eth3,up,585406182091,netem,64176112,49846,0,0,0,78,1,61438564,11296,0,61702084,12360,0
1979,585424476190,585426856752,20034737,sA-eth3,up,585426635060,netem,64176786,49855,0,0,0,0,0,61508662,11305,0,61702758,12369,0
1980,585444446096,585446460526,19969906,sA-eth3,up,585446273845,netem,64177522,49865,0,0,0,0,0,61587514,11315,0,61703494,12379,0
1981,585464475533,585466763304,20029437,sA-eth3,up,585466547844,netem,64177986,49871,0,0,0,0,0,61648792,11322,0,61703958,12385,0
1982,585485033403,585487238093,20557870,sA-eth3,up,585486947472,netem,64178052,49872,0,0,0,0,0,61675054,11325,0,61704024,12386,0
1983,585504446116,585506441026,19412713,sA-eth3,up,585506262865,netem,64178052,49872,0,0,0,66,1,61675054,11325,0,61704090,12387,0
1984,585524434633,585526302222,19988517,sA-eth3,up,585526125550,netem,64178764,49882,0,0,0,78,1,61751076,11336,0,61704736,12396,0
1985,585544448139,585546836371,20013506,sA-eth3,up,585546592989,netem,64179562,49893,0,0,0,66,1,61835786,11347,0,61705534,12407,0
1986,585564449015,585566496666,20000876,sA-eth3,up,585566313405,netem,64180360,49904,0,0,0,66,1,61920496,11358,0,61706398,12419,0
1987,585584438612,585586365052,19989597,sA-eth3,up,585586187760,netem,64181170,49915,0,0,0,78,1,62008102,11369,0,61707220,12430,0
1988,585604443239,585606739260,20004627,sA-eth3,up,585606498099,netem,64181740,49922,0,0,0,156,2,62038972,11376,0,61707868,12438,0
1989,585625269209,585627543990,20825970,sA-eth3,up,585627315940,netem,64182480,49932,0,0,0,0,0,62110584,11386,0,61708452,12446,0
1990,585644444032,585646561962,19174823,sA-eth3,up,585646366071,netem,64183430,49945,0,0,0,66,1,62223136,11402,0,61709468,12460,0
1991,585664441908,585666550448,19997876,sA-eth3,up,585666352138,netem,64184360,49958,0,0,0,78,1,62331146,11415,0,61710410,12473,0
1992,585684443275,585686598685,20001367,sA-eth3,up,585686401164,netem,64185116,49968,0,0,0,0,0,62401244,11424,0,61711088,12482,0
1993,585704444681,585706396981,20001406,sA-eth3,up,585706218510,netem,64185998,49979,0,0,0,0,0,62471408,11434,0,61711970,12493,0
1994,585724437698,585726376787,19993017,sA-eth3,up,585726196696,netem,64186742,49989,0,0,0,0,0,62551708,11444,0,61712714,12503,0
1995,585744437234,585746372654,19999536,sA-eth3,up,585746190193,netem,64187206,49995,0,0,0,0,0,62604232,11450,0,61713178,12509,0
1996,585764435331,585766410601,19998097,sA-eth3,up,585766194579,netem,64187896,50004,0,0,0,78,1,62674396,11460,0,61713946,12519,0
1997,585784438387,585786387037,20003056,sA-eth3,up,585786205526,netem,64188538,50013,0,0,0,0,0,62753182,11469,0,61714510,12527,0
1998,585804438624,585806460304,20000237,sA-eth3,up,585806273943,netem,64189248,50022,0,0,0,78,1,62814526,11477,0,61715298,12537,0
1999,585824439430,585826546320,20000806,sA-eth3,up,585826357650,netem,64392808,50164,0,0,0,34978,5,62880808,11494,0,61910794,12557,0
2000,585845025940,585847647663,20586510,sA-eth3,up,585847382811,netem,64496606,50243,0,0,0,51554,4,62973154,11511,0,62028074,12577,0
2001,585864441714,585866451664,19415774,sA-eth3,up,585866250203,netem,64745382,50413,0,0,0,37936,4,63009160,11530,0,62257098,12601,0
2002,585884440660,585886367230,19998946,sA-eth3,up,585886187509,netem,64991314,50583,0,0,0,51640,6,63071494,11553,0,62499166,12625,0
2003,585904436107,585906330956,19995447,sA-eth3,up,585906126925,netem,65248018,50763,0,0,0,50040,4,63146662,11573,0,62732872,12654,0
2004,585924434163,585926301013,19998056,sA-eth3,up,585926125521,netem,65486370,50929,0,0,0,68328,8,63230848,11598,0,62979492,12682,0
2005,585944434420,585946290059,20000257,sA-eth3,up,585946118548,netem,65742910,51107,0,0,0,94024,7,63292918,11617,0,63208558,12707,0
2006,585965240030,585967432230,20805610,sA-eth3,up,585967218870,netem,65999346,51283,0,0,0,101702,11,63372298,11635,0,63470956,12732,0
2007,585984441883,585986311762,19201853,sA-eth3,up,585986136811,netem,66237624,51448,0,0,0,119684,9,63412252,11648,0,63699994,12757,0
2008,586004438790,586006277548,19996907,sA-eth3,up,586006103497,netem,66388750,51557,0,0,0,0,0,63473860,11660,0,63829252,12776,0
2009,586024441826,586026789468,20003036,sA-eth3,up,586026550906,netem,66389928,51566,0,0,0,0,0,63535204,11668,0,63830430,12785,0
2010,586044460572,586046462322,20018746,sA-eth3,up,586046281432,netem,66390658,51575,0,0,0,0,0,63609646,11677,0,63831160,12794,0
2011,586067044341,586069242672,22583769,sA-eth3,up,586068999911,netem,66391492,51586,0,0,0,0,0,63684154,11687,0,63831994,12805,0
2012,586084442626,586087422979,17398285,sA-eth3,up,586087173129,netem,66391636,51588,0,0,0,0,0,63687126,11689,0,63832138,12807,0
2013,586106043029,586108345731,21600403,sA-eth3,up,586108157860,netem,66391636,51588,0,0,0,0,0,63687126,11689,0,63832138,12807,0
2014,586124452589,586126411828,18409560,sA-eth3,up,586126223897,netem,66391636,51588,0,0,0,0,0,63687126,11689,0,63832138,12807,0
2015,586144448596,586147859893,19996007,sA-eth3,up,586147517402,netem,66391636,51588,0,0,0,0,0,63687126,11689,0,63832138,12807,0
2016,586164428856,586166493255,19980260,sA-eth3,up,586166290665,netem,66391636,51588,0,0,0,0,0,63687126,11689,0,63832138,12807,0
2017,586184434444,586186804276,20005588,sA-eth3,up,586186562555,netem,66391636,51588,0,0,0,0,0,63687126,11689,0,63832138,12807,0
2018,586204441283,586206399583,20006839,sA-eth3,up,586206222582,netem,66391636,51588,0,0,0,0,0,63687126,11689,0,63832138,12807,0
2019,586224443632,586226351442,20002349,sA-eth3,up,586226171391,netem,66391636,51588,0,0,0,0,0,63687126,11689,0,63832138,12807,0
2020,586244434070,586246288220,19990438,sA-eth3,up,586246113039,netem,66393150,51589,0,0,0,0,0,63687126,11689,0,63833652,12808,0
2021,586264442741,586266292459,20008671,sA-eth3,up,586266117858,netem,66393150,51589,0,0,0,0,0,63687126,11689,0,63833652,12808,0
2022,586285160592,586287546474,20717851,sA-eth3,up,586287330894,netem,66393594,51595,0,0,0,0,0,63739740,11696,0,63834096,12814,0
2023,586304439218,586306590549,19278626,sA-eth3,up,586306375797,netem,66394542,51607,0,0,0,78,1,63840510,11709,0,63835044,12826,0
2024,586324448887,586326828798,20009669,sA-eth3,up,586326581157,netem,66395330,51617,0,0,0,78,1,63919428,11720,0,63835910,12837,0
2025,586344447485,586346370545,19998598,sA-eth3,up,586346192914,netem,66396356,51632,0,0,0,0,0,64020198,11733,0,63836858,12851,0
2026,586365029827,586367505870,20582342,sA-eth3,up,586367273818,netem,66397352,51646,0,0,0,0,0,64155918,11749,0,63837854,12865,0
2027,586384444784,586386688574,19414957,sA-eth3,up,586386471943,netem,66398216,51658,0,0,0,0,0,64255108,11760,0,63838718,12877,0
2028,586404438042,586406412392,19993258,sA-eth3,up,586406234181,netem,66398610,51663,0,0,0,78,1,64306184,11766,0,63839112,12882,0
2029,586424434131,586426383290,19996089,sA-eth3,up,586426202860,netem,66399498,51675,0,0,0,66,1,64405440,11778,0,63840066,12895,0
2030,586444435710,586446306309,20001579,sA-eth3,up,586446131548,netem,66400446,51687,0,0,0,0,0,64493178,11791,0,63840948,12906,0
2031,586465038732,586467570504,20603022,sA-eth3,up,586467335303,netem,66400980,51694,0,0,0,0,0,64554522,11799,0,63841482,12913,0
2032,586484444517,586486962370,19405785,sA-eth3,up,586486699288,netem,66401592,51702,0,0,0,0,0,64615800,11807,0,63842094,12921,0
2033,586504438577,586506874968,19994060,sA-eth3,up,586506592787,netem,66402266,51711,0,0,0,66,1,64690242,11816,0,63842768,12930,0
2034,586524454485,586526734776,20015908,sA-eth3,up,586526548816,netem,66402882,51719,0,0,0,78,1,64764684,11824,0,63843384,12938,0
2035,586544442114,586546411714,19987629,sA-eth3,up,586546234894,netem,66403470,51727,0,0,0,0,0,64812864,11830,0,63843972,12946,0
2036,586564437113,586566435212,19994999,sA-eth3,up,586566255092,netem,66403470,51727,0,0,0,0,0,64812864,11830,0,63843972,12946,0
2037,586584435172,586586364662,19998059,sA-eth3,up,586586172920,netem,66403470,51727,0,0,0,0,0,64812864,11830,0,63843972,12946,0
2038,586604432850,586606371160,19997678,sA-eth3,up,586606198550,netem,66403470,51727,0,0,0,0,0,64812864,11830,0,63843972,12946,0
2039,586624435180,586626379940,20002330,sA-eth3,up,586626200748,netem,66403470,51727,0,0,0,0,0,64812864,11830,0,63843972,12946,0
2040,586644439448,586646510729,20004268,sA-eth3,up,586646262028,netem,66403470,51727,0,0,0,0,0,64812864,11830,0,63843972,12946,0
2041,586664465187,586666541328,20025739,sA-eth3,up,586666341556,netem,66403470,51727,0,0,0,0,0,64812864,11830,0,63843972,12946,0
2042,586684439097,586686348466,19973910,sA-eth3,up,586686161135,netem,66473114,51773,0,0,0,49962,3,64813272,11836,0,63926970,12953,0
2043,586704435465,586706445505,19996368,sA-eth3,up,586706260214,netem,66736550,51947,0,0,0,52990,4,64814064,11848,0,64164050,12969,0
2044,586724447774,586726454874,20012309,sA-eth3,up,586726268394,netem,66983332,52110,0,0,0,68130,5,64814790,11859,0,64401262,12987,0
2045,586744440523,586746446733,19992749,sA-eth3,up,586746259872,netem,67234656,52276,0,0,0,71158,5,64815714,11873,0,64642818,13005,0
2046,586764433952,586766410242,19993429,sA-eth3,up,586766223610,netem,67472432,52434,0,0,0,86376,7,64823878,11887,0,64885900,13024,0
2047,586784445500,586786460630,20011548,sA-eth3,up,586786269280,netem,67730220,52610,0,0,0,68262,7,64868836,11910,0,65119176,13048,0
2048,586804455650,586806534660,20010150,sA-eth3,up,586806340099,netem,67988274,52789,0,0,0,53178,6,64928208,11932,0,65367264,13076,0
2049,586824446349,586826535449,19990699,sA-eth3,up,586826342448,netem,68238776,52962,0,0,0,62140,5,64981722,11953,0,65608064,13102,0
2050,586844440607,586846429107,19994258,sA-eth3,up,586846240897,netem,68484644,53132,0,0,0,68302,7,65061432,11976,0,65844428,13128,0
2051,586864435987,586866407877,19995380,sA-eth3,up,586866231345,netem,68601200,53222,0,0,0,0,0,65140614,11991,0,65956496,13150,0
2052,586886042903,586888383545,21606916,sA-eth3,up,586888136433,netem,68601788,53230,0,0,0,78,1,65223810,12001,0,65957162,13159,0
2053,586904450494,586906488234,18407591,sA-eth3,up,586906286874,netem,68602466,53239,0,0,0,78,1,65293908,12010,0,65957762,13167,0
2054,586924436503,586926304622,19986009,sA-eth3,up,586926128601,netem,68602820,53244,0,0,0,78,1,65328924,12014,0,65958116,13172,0
2055,586944437542,586946278471,20001039,sA-eth3,up,586946105940,netem,68603474,53253,0,0,0,0,0,65412120,12024,0,65958770,13181,0
2056,586964457111,586966924743,20019569,sA-eth3,up,586966673132,netem,68604332,53266,0,0,0,66,1,65523026,12037,0,65959628,13194,0
2057,586984444969,586986747421,19987858,sA-eth3,up,586986501080,netem,68605256,53278,0,0,0,66,1,65617938,12049,0,65960618,13207,0
2058,587004460008,587006550079,20015039,sA-eth3,up,587006328357,netem,68606288,53292,0,0,0,0,0,65705610,12061,0,65961584,13220,0
2059,587024441698,587026407197,19981690,sA-eth3,up,587026226556,netem,68607196,53302,0,0,0,0,0,65761360,12072,0,65962492,13230,0
2060,587044437396,587046293955,19995698,sA-eth3,up,587046118564,netem,68608172,53314,0,0,0,78,1,65859234,12085,0,65963468,13242,0
2061,587064439205,587066533055,20001809,sA-eth3,up,587066300854,netem,68609050,53325,0,0,0,78,1,65946906,12097,0,65964424,13254,0
2062,587084453904,587087175757,20014699,sA-eth3,up,587086913886,netem,68609728,53334,0,0,0,0,0,66069462,12111,0,65965024,13262,0
2063,587104439153,587106628353,19985249,sA-eth3,up,587106381583,netem,68609728,53334,0,0,0,0,0,66085522,12113,0,65965024,13262,0
2064,587124432141,587126695102,19992988,sA-eth3,up,587126488002,netem,68609950,53337,0,0,0,0,0,66107440,12116,0,65965246,13265,0
2065,587144440572,587146635213,20008431,sA-eth3,up,587146452062,netem,68610790,53349,0,0,0,0,0,66195046,12127,0,65966086,13277,0
2066,587164434114,587166482964,19993542,sA-eth3,up,587166302883,netem,68611636,53360,0,0,0,0,0,66326224,12140,0,65966932,13288,0
2067,587184428915,587186474906,19994801,sA-eth3,up,587186243444,netem,68612622,53373,0,0,0,78,1,66463260,12154,0,65967918,13301,0
2068,587204423076,587206534007,19994161,sA-eth3,up,587206320536,netem,68613644,53386,0,0,0,66,1,66581406,12167,0,65969006,13315,0
2069,587224431887,587226846829,20008811,sA-eth3,up,587226501238,netem,68614466,53397,0,0,0,78,1,66674870,12179,0,65969840,13326,0
2070,587244443689,587247369523,20011802,sA-eth3,up,587247118732,netem,68615534,53411,0,0,0,0,0,66788672,12192,0,65970830,13339,0
2071,587264459589,587267383614,20015900,sA-eth3,up,587267169583,netem,68616230,53419,0,0,0,66,1,66870420,12202,0,65971592,13348,0
2072,587284450051,587286510111,19990462,sA-eth3,up,587286312530,netem,68617148,53432,0,0,0,0,0,66966780,12214,0,65972444,13360,0
2073,587304455352,587306509493,20005301,sA-eth3,up,587306311432,netem,68617686,53439,0,0,0,0,0,67006272,12220,0,65972982,13367,0
2074,587324451123,587326456983,19995771,sA-eth3,up,587326264762,netem,68618648,53452,0,0,0,78,1,67089666,12233,0,65974022,13381,0
2075,587344445154,587346440004,19994031,sA-eth3,up,587346255374,netem,68619256,53460,0,0,0,78,1,67164108,12242,0,65974552,13388,0
2076,587364450416,587366415086,20005262,sA-eth3,up,587366232775,netem,68620276,53474,0,0,0,0,0,67256190,12255,0,65975572,13402,0
2077,587384452316,587386645258,20001900,sA-eth3,up,587386398057,netem,68621140,53486,0,0,0,66,1,67352550,12267,0,65976502,13415,0
2078,587405026511,587407194743,20574195,sA-eth3,up,587406973831,netem,68621992,53498,0,0,0,78,1,67457664,12280,0,65977366,13427,0
2079,587427037443,587429416535,22010932,sA-eth3,up,587429187423,netem,68622982,53511,0,0,0,33440,4,67571598,12295,0,65994404,13442,0
2080,587444409351,587446384010,17371908,sA-eth3,up,587446181209,netem,68844656,53666,0,0,0,49962,3,67629192,12312,0,66191240,13462,0
2081,587466036880,587468469512,21627529,sA-eth3,up,587468222671,netem,69117762,53853,0,0,0,68224,5,67695804,12334,0,66453786,13489,0
2082,587484449123,587486473993,18412243,sA-eth3,up,587486295102,netem,69339392,54006,0,0,0,85214,11,67772420,12354,0,66666770,13511,0
2083,587504434294,587506395365,19985171,sA-eth3,up,587506215703,netem,69596172,54186,0,0,0,107814,10,67849102,12375,0,66913650,13541,0
2084,587524459935,587526871977,20025641,sA-eth3,up,587526652416,netem,69851386,54365,0,0,0,119918,13,67919596,12398,0,67158832,13568,0
2085,587544464067,587546738988,20004132,sA-eth3,up,587546528187,netem,70094094,54531,0,0,0,116644,10,67929208,12412,0,67392102,13591,0
2086,587565048472,587567448354,20584405,sA-eth3,up,587567231332,netem,70346998,54699,0,0,0,118092,8,67930000,12424,0,67651232,13612,0
2087,587584450939,587586643670,19402467,sA-eth3,up,587586436089,netem,70598322,54865,0,0,0,54504,4,67930462,12431,0,67876728,13628,0
2088,587604714471,587607095284,20263532,sA-eth3,up,587606859593,netem,70819880,55012,0,0,0,0,0,67931320,12444,0,68089640,13644,0
2089,587624437212,587626832424,19722741,sA-eth3,up,587626613322,netem,70820564,55022,0,0,0,78,1,68019016,12456,0,68090324,13654,0
2090,587644440903,587646484143,20003691,sA-eth3,up,587646303222,netem,70821572,55036,0,0,0,66,1,68132950,12471,0,68091398,13669,0
2091,587664442324,587666747466,20001421,sA-eth3,up,587666543945,netem,70822534,55049,0,0,0,78,1,68233654,12483,0,68092294,13681,0
2092,587684440395,587686589677,19998071,sA-eth3,up,587686406855,netem,70823438,55061,0,0,0,0,0,68341532,12494,0,68093198,13693,0
2093,587704442786,587706567017,20002391,sA-eth3,up,587706345716,netem,70824272,55072,0,0,0,78,1,68434930,12505,0,68094110,13705,0
2094,587724455478,587726567068,20012692,sA-eth3,up,587726367997,netem,70824860,55080,0,0,0,66,1,68509372,12514,0,68094620,13712,0
2095,587744451919,587746577070,19996441,sA-eth3,up,587746386929,netem,70825616,55090,0,0,0,0,0,68583880,12524,0,68095376,13722,0
2096,587764445900,587766444441,19993981,sA-eth3,up,587766257480,netem,70826262,55099,0,0,0,0,0,68653912,12532,0,68096022,13731,0
2097,587784448231,587787001184,20002331,sA-eth3,up,587786739853,netem,70827102,55111,0,0,0,66,1,68754616,12544,0,68096928,13744,0
2098,587804462693,587806759394,20014462,sA-eth3,up,587806490973,netem,70827810,55121,0,0,0,78,1,68842222,12555,0,68097648,13754,0
2099,587825048636,587827139467,20585943,sA-eth3,up,587826930496,netem,70828340,55128,0,0,0,0,0,68885992,12560,0,68098100,13760,0
2100,587844440955,587846805968,19392319,sA-eth3,up,587846450795,netem,70828616,55132,0,0,0,78,1,68938516,12566,0,68098454,13765,0
2101,587864441546,587867354461,20000591,sA-eth3,up,587867150160,netem,70829612,55146,0,0,0,0,0,69034942,12579,0,68099372,13778,0
2102,587884436538,587886471448,19994992,sA-eth3,up,587886266297,netem,70830316,55156,0,0,0,78,1,69122548,12590,0,68100154,13789,0
2103,587904436798,587906445429,20000260,sA-eth3,up,587906265708,netem,70831102,55167,0,0,0,0,0,69192646,12599,0,68100862,13799,0
2104,587924394600,587926533791,19957802,sA-eth3,up,587926348210,netem,70975556,55270,0,0,0,68208,5,69280582,12615,0,68248328,13816,0
2105,587944478451,587947076104,20083851,sA-eth3,up,587946829383,netem,71223034,55443,0,0,0,68262,7,69364504,12636,0,68493410,13843,0
2106,587964387152,587966371383,19908701,sA-eth3,up,587966191451,netem,71476546,55619,0,0,0,71330,7,69426508,12654,0,68721094,13869,0
2107,587984445264,587986808445,20058112,sA-eth3,up,587986564614,netem,71717732,55784,0,0,0,85104,10,69494436,12674,0,68970416,13894,0
2108,588004440975,588006354265,19995711,sA-eth3,up,588006175603,netem,71974554,55965,0,0,0,68294,7,69576910,12695,0,69199830,13923,0
2109,588024438717,588026274935,19997742,sA-eth3,up,588026099544,netem,72214344,56130,0,0,0,107494,6,69632858,12709,0,69446374,13949,0
2110,588044445257,588046287857,20006540,sA-eth3,up,588046113606,netem,72469074,56303,0,0,0,103296,12,69689466,12733,0,69675144,13970,0
2111,588066043477,588068574820,21598220,sA-eth3,up,588068283908,netem,72753146,56501,0,0,0,109384,12,69767926,12759,0,69955500,14002,0
2112,588084443130,588086579340,18399653,sA-eth3,up,588086375900,netem,72965944,56650,0,0,0,64478,8,69818412,12778,0,70168802,14027,0
2113,588104434060,588106357890,19990930,sA-eth3,up,588106184980,netem,73030954,56703,0,0,0,0,0,69864026,12789,0,70215244,14040,0
2114,588124444152,588126338182,20010092,sA-eth3,up,588126164530,netem,73031720,56712,0,0,0,0,0,69902202,12797,0,70216010,14049,0
2115,588144436965,588146389205,19992813,sA-eth3,up,588146212854,netem,73032164,56718,0,0,0,86,1,69941760,12804,0,70216540,14056,0
2116,588164433008,588166390449,19996043,sA-eth3,up,588166211598,netem,73032854,56727,0,0,0,66,1,69995996,12814,0,70217144,14064,0
2117,588184434002,588186283622,20000994,sA-eth3,up,588186112720,netem,73033360,56734,0,0,0,0,0,70025286,12819,0,70217650,14071,0
2118,588208047814,588209887284,23613812,sA-eth3,up,588209711663,netem,73033894,56741,0,0,0,0,0,70053708,12826,0,70218184,14078,0
2119,588224448559,588226407440,16400745,sA-eth3,up,588226229659,netem,73033894,56741,0,0,0,0,0,70053708,12826,0,70218184,14078,0
2120,588244435153,588246402213,19986594,sA-eth3,up,588246200862,netem,73033894,56741,0,0,0,0,0,70053708,12826,0,70218184,14078,0
2121,588264433876,588266365326,19998723,sA-eth3,up,588266190135,netem,73033894,56741,0,0,0,0,0,70053708,12826,0,70218184,14078,0
2122,588284422189,588286411840,19988313,sA-eth3,up,588286234019,netem,73033894,56741,0,0,0,0,0,70053708,12826,0,70218184,14078,0
2123,588304412503,588306505634,19990314,sA-eth3,up,588306245783,netem,73033894,56741,0,0,0,0,0,70053708,12826,0,70218184,14078,0
2124,588324473207,588326880700,20060704,sA-eth3,up,588326637138,netem,73033894,56741,0,0,0,0,0,70053708,12826,0,70218184,14078,0
2125,588344445080,588346379631,19971873,sA-eth3,up,588346200669,netem,73033894,56741,0,0,0,0,0,70053708,12826,0,70218184,14078,0
2126,588364432233,588366280704,19987153,sA-eth3,up,588366106632,netem,73033894,56741,0,0,0,0,0,70053708,12826,0,70218184,14078,0
2127,588384771640,588386623529,20339407,sA-eth3,up,588386448088,netem,73033894,56741,0,0,0,0,0,70053708,12826,0,70218184,14078,0
